User Name,Review Time,Rating,clean_text,Tipe,Kelas,Nama_Hotel,AI_Sentiment,AI_Sentiment_Score,AI_Primary_Theme,AI_All_Themes
iskandar bustami,2025.0,5,Suasana sangat nyaman sudah terasa saat baru masuk hotel pagi ini saya sarapan dan makanannya enak enak yang paling mantep ada jamu kelilingnya juga di layani oleh mbak rifa yang ramah sekali jos,KOMPETITOR,Bintang 4,MercureMadiun,positive,0.9993017911911011,Service Quality,Service Quality (0.98); Staff Conduct & Hospitality (0.94); Service Efficiency & Responsiveness (0.92)
Hendri Chandra,2025.0,4,terima kasih dengan mas nya yang membantu kebetulan saya bawa bayi dan saat itu sangat enak meskipun belum jam 14 00 kami sudah di izin masuk kamar dan didlm kamar di menyediakan kotak bayi wah senang banget bayi bisa istirahat lgs dan anak2 jg bisa maen di anak-anak sudut dan renang semoga ada kesempatan lagi deh belum mencoba sarapan nya karena kurang memesan non sarapan tapi lokasi dkt solo2 byk yang menjual cemilan kok sblh jg ada ayam dan bakso tv dikmr jg besar jadi bisa ntn puas dengan overallobagus mgkn karena kamar upgrade yah gym nya simple tp lah buat oke,KOMPETITOR,Bintang 4,MercureMadiun,positive,0.999019980430603,Facilities & Amenities,Facilities & Amenities (0.94); Service Quality (0.92); Guest Experience (0.91)
Satria Egam,2025.0,5,saya sangat puas menginap di hari rabu madiun mulai dari proses cek masuk sampai cek keluar semuanya berjalan lancar dan ramah kamarnya bersih nyaman dan tertata rapi dengan fasilitas lengkap tempat tidur sangat empuk dan membuat tidur jadi benar benar kualitas pelayanan staf juga luar biasa mereka cepat tanggap sopan dan selalu siap membantu sarapan pagi paginya variatif dan enak dengan pilihan menu lokal maupun internasional yang semuanya terjaga kualitasnya lokasinya strategis dekat dengan pusat kota sehingga memudahkan untuk bepergian fasilitas kolam renang dan gym juga sangat terwat secara keseluruhan pengalaman menginap di hari rabu madiun benar benar memuaskan akan sangat direkomendasikan dan pasti akan kembali lagi,KOMPETITOR,Bintang 4,MercureMadiun,positive,0.9993921518325806,Facilities & Amenities,"Facilities & Amenities (0.99); Cleanliness, Hygiene & Maintenance (0.99); Service Efficiency & Responsiveness (0.99)"
sasa,2025.0,2,baru sempet review stay dari 18 22 tbh setiap ada acara di madiun selalu pilih tinggal di mercuure sejak hotel ini dibuka sebelum2nya cukup puas tidak ada masalah tapi yang terakhir kmrn jujur buat kecewa buku 3kmr yang 1 Privilege luxe dan bermasalah dari awal cek masuk kamar kamar lampu ruang tamu mati akhirnya mereka benerin hari berlalu saya membutuhkan ruang tamu untuk makeup karena ada acara shg ada banyak org di ruang tamu termasuk tim mua n rambut gong nya adalah saya baru sadari bahwa ac mati mmg ruang tamu di hari sebelumnya tidak saya gunakan jadi saya tidak ngeh jika ac tidak berfungsi saya resepsi telepon,KOMPETITOR,Bintang 4,MercureMadiun,negative,0.9962559938430786,Facilities & Amenities,Facilities & Amenities (0.94); Service Quality (0.74); Check in/out Experience (0.71)
Aulya Putri,2025.0,5,pertama kali menginap di sini dan mencoba sarapan nya mantapp makanan dan minuman banyak pilihan enak enak juga pelayanan baik dan semua staf ramah,KOMPETITOR,Bintang 4,MercureMadiun,positive,0.9987473487854004,Service Quality,Service Quality (0.99); Food & Beverage (0.99); Guest Experience (0.99)
Dita,2025.0,5,kamarnya nyaman sekali pelayanan sangat luar biasa ramah sarapan pagi nya lengkap sekali dan enak enak hari rabu madiun terima kasih,KOMPETITOR,Bintang 4,MercureMadiun,positive,0.9992504715919495,Facilities & Amenities,Facilities & Amenities (0.99); Guest Experience (0.98); Service Quality (0.98)
cacafdr,2025.0,5,untuk pengalaman pertama menginap sangat layak ya untuk sarapannya juga enak semua makanannya banyak pilihan dri makanan indonesia asia barat sma tradisional ada pecel juga ada jamu keliling dan pelayanannya juga sangat memuaskan saya di layani dengan baik oleh mba adelia yang cantik semoga sukses untuk mercuure madiun,KOMPETITOR,Bintang 4,MercureMadiun,positive,0.9994433522224426,Guest Experience,Guest Experience (0.99); Check in/out Experience (0.99); Service Quality (0.99)
Fadjar Widjanarko,2025.0,5,kamar hotel sangat bersih dan rapih sedikit masukan agar tempat tidur dicek kembali agar tidak menimbulkan bunyi seperti furnitur yang tidak persisi restoran oke makanan munuman juga bersih tertata rapih dan baik serta rasa enak tingkatkan dan pertahankan terus pelayanan mercure hotel madiun,KOMPETITOR,Bintang 4,MercureMadiun,positive,0.9989064931869507,"Cleanliness, Hygiene & Maintenance","Cleanliness, Hygiene & Maintenance (1.00); Facilities & Amenities (0.99); Service Quality (0.98)"
Dilla Chaeria,2025.0,5,puas sekali menginap di sini dari satpam resepsionis bell boy staf kolam staff restoran ramah dan murah senyum semua kebersihan kamar kolam renang tempat bermain anak dan gym bagus bersih makanan dan minuman di restoran tidak ada yang gagal anak bahagia sangat terima kasih u mercure madiun pasti kembali sih,KOMPETITOR,Bintang 4,MercureMadiun,positive,0.9994044303894043,"Cleanliness, Hygiene & Maintenance","Cleanliness, Hygiene & Maintenance (1.00); Staff Conduct & Hospitality (1.00); Service Efficiency & Responsiveness (1.00)"
Ladyjane Parhusip,2025.0,5,ini adalah satu hotel baru di kota madiun yang bagus dan nyaman model bangunannya modern tampak luar saya menginap di tipe kamar deluxe nyaman hotel ini bersih sarapannya hampir dibilang lengkap hotel berikutnya ini akan menjadi kadi staycation aku di madiun,KOMPETITOR,Bintang 4,MercureMadiun,positive,0.9993446469306946,Facilities & Amenities,"Facilities & Amenities (0.99); Room Quality & Comfort (0.99); Cleanliness, Hygiene & Maintenance (0.98)"
Kifa Muliya,2025.0,2,kecewa buat kali ke berapa lama menginap di sini pdhl hampir setiap bulan menginap di sini bukan mendapatkan kepuasan malah tambah kecewa trs pernah menginap 2 malam minta kamar dibersihkan dari pagi smpai balik lg kehotel kondisi sama dan akhirnya hrs menunggu diluar dulu untuk dibersihkan jam 4an sore bbrpa kali dikasih menghubungkan kamar krna kamar lg tidak tersedia dan suara berisiknya luar biasa dan kali ini pembayaran ganda kita ci memang malem krna sampai di madiunnya malem jg dichat sama hotel di wa dan di web untuk mengkonfirmasi pembayaran sampai akhirnya kita bayar pakai shopee bayar sampai hotel diinfo pembayaran tidak,KOMPETITOR,Bintang 4,MercureMadiun,negative,0.9991723299026489,Pricing & Value for Money,Pricing & Value for Money (0.76); Check in/out Experience (0.65); Booking & Reservation Experience (0.65)
Elok Fitria,2025.0,3,Staff sarapan semua ramah hanya 1 resepsi tidak begitu ramah saat cek masuk saya tiba jam 13 40 waktu tunggu 15 30 menit karena kamar belum siap dapat kamar jam 14 10 parkir mobil dalam sangat terbatas hotel baru masih bersih,KOMPETITOR,Bintang 4,MercureMadiun,positive,0.647102415561676,Staff Conduct & Hospitality,Staff Conduct & Hospitality (0.96); Service Quality (0.93); Food & Beverage (0.92)
ERIKA ANGGRAINI S,2025.0,5,hotel dekat dengan alun2 dan centra kuliner kamar bersih rapi kasur yang empuk dan tv yang besar permintaan kamar kembar katil dilantai 11 acc kamar dengan kota terang saat malam dan mencari matahari terbit tanpa harus mendaki indah banget sarapan dengan banyak varian dan rasanya yang enak ada kolam yang bersih dilantai 3 dewasa dan anak2 tempat bilas dengan udara hangat dan bersih pula kapan2 klo ke madiun mau mampir kesini lagi,KOMPETITOR,Bintang 4,MercureMadiun,positive,0.9994766116142273,Facilities & Amenities,"Facilities & Amenities (0.99); Cleanliness, Hygiene & Maintenance (0.97); Family & Group Friendly (0.97)"
Muggle Targaryen,2025.0,1,tamu datang jam 8 pagi belum diperbolehkan masuk sampai 09:30 masih bingung menunggu di ballroom panitia blg msih menunggu konfirmasi dari pihak hotel tamu2 smpe menunggu di luar dan berdiri 1 5 jam lebih,KOMPETITOR,Bintang 4,MercureMadiun,negative,0.9442224502563477,Guest Experience,Guest Experience (0.80); Check in/out Experience (0.70); Facilities & Amenities (0.66)
Lois Agita,2025.0,5,pengalaman menginap di hotel mercuure sangat menyenangkan kamarnya modern dan luas fasilitas lengkap makanan banyak pilihan dan enak pelayanan dari pegawai hotelnya ramah dan gercep jangan lupa saat dimadiun menginap di hotel mercuure,KOMPETITOR,Bintang 4,MercureMadiun,positive,0.999576985836029,Facilities & Amenities,Facilities & Amenities (0.99); Staff Conduct & Hospitality (0.99); Guest Experience (0.98)
Galang Widiono,2025.0,4,mencoba makan malam buffet di sini saat banget karena temanya masakan bali restoranannya bersih suasananya nyaman ditambah ada musik live jadi vibes nya kayak nongkrong di cafe makanannya super lengkap kursus utama khas bali semua dan favorit aku jelas ikan bakar jimbaran dengan berbagai bumbu paling mantul kalau dicocol sambel kecapnya nyatu banget rasanya dessert juga tidak kalah juara terutama puding lucu berbentuk tikus permata kebetulan datang saat ulang tahun awalnya cuma minta kartu ucapan eh malah dikasih kue tambah dinyanyiin stafnya jadi bahagia banget terimakasih untuk semua staf layanan nya top berikutnya perjalanan ke madiunharu,KOMPETITOR,Bintang 4,MercureMadiun,positive,0.9994876384735107,Guest Experience,Guest Experience (0.90); Cultural & Heritage Experience (0.90); Food & Beverage (0.87)
ahmadzendi 1,2025.0,5,Pelayanannya sangat ramah dan cepat staf hotel selalu siap membantu dengan senyum dan sopan santun yang luar biasa makanannya pun enak dan bervariasi terutama menu sarapan yang lengkap dan segar sangat memuaskan,KOMPETITOR,Bintang 4,MercureMadiun,positive,0.9992446899414062,Service Efficiency & Responsiveness,Service Efficiency & Responsiveness (1.00); Staff Conduct & Hospitality (1.00); Service Quality (1.00)
AKH EKA,2025.0,5,Tidak jauh dari alun alun tinggal jalan kaki sudah sampai kamar tidur benar benar nyaman terdapat smart tv juga lantai dilapisi karpet meskipun demikian kamar tidak terlalu kedap suara karena saya masih bisa mendengar kataup suara kamar sebelah staf hotel juga ramah belum sempat mencoba makanannya semoga kesempatan lain bisa berkunjung lagi,KOMPETITOR,Bintang 4,MercureMadiun,positive,0.9981233477592468,Facilities & Amenities,Facilities & Amenities (0.98); Service Efficiency & Responsiveness (0.88); Service Quality (0.86)
Fira Khalid,2025.0,5,kebersihan sayur di kapal uap lebih di perhatikan khususnya pokcoy masih ada pasir tumis sayur hari ini tidak seperti biasa terlalu matang potongannya juga kecil2 shg terlihat tidak menarik trm kasih,KOMPETITOR,Bintang 4,MercureMadiun,negative,0.9912979602813721,"Cleanliness, Hygiene & Maintenance","Cleanliness, Hygiene & Maintenance (0.99); Facilities & Amenities (0.90); Sustainability & Environmental Quality (0.86)"
Pismia Sylvi,2025.0,5,lokasi yang strategis kamar yang nyaman serta layanan yang ramah dan cekatan hanya saja untuk sarapan ada bbrp menu yang agak terlalu asin untuk makan malam kadang menuunya jg kurang menarik,KOMPETITOR,Bintang 4,MercureMadiun,positive,0.749646782875061,Facilities & Amenities,Facilities & Amenities (0.99); Service Efficiency & Responsiveness (0.95); Staff Conduct & Hospitality (0.93)
Rasiya Aditia Saputra,2025.0,5,saya baru saja menginap di hotel ini dan saya sangat puas kamar yang saya tempati nyaman sangat bersih dan fasilitasnya lengkap ada ac tv dan kamar mandi yang modern pelayanan di hotel ini juga top banget stafnya ramah sopan dan sigap dalam melayani kebutuhan saya mereka juga sabar banget dalam menjelaskan fasilitas dan memberikan rekomendasi restoran yang menyajikan makanan yang enak tentunya saya sangat rekomendasikan hotel ini kepada siapa saja yang mencari tempat menginap yang nyaman dan pelayanan yang baik harganya juga terjangkau banget,KOMPETITOR,Bintang 4,MercureMadiun,positive,0.9993854761123657,Staff Conduct & Hospitality,"Staff Conduct & Hospitality (0.99); Facilities & Amenities (0.98); Cleanliness, Hygiene & Maintenance (0.97)"
Sutarman Trijaya,2025.0,1,terlalu lama menunggu kunci alasan masih menyeberang cek standar mercuure dimanapun waktu tunggu cek masuk maksimal 5 10 menit saja tidak lebih dari 30 menit ini hampir 1 jam menunggu kunci cs kerja ngapain saja ampun padahal hotel baru kinerja karyawan yang yang yang perlu di upgrade perlu pelatihan lagi untuk menu pelayanan yang lebih optimal,KOMPETITOR,Bintang 4,MercureMadiun,negative,0.9990392923355103,Service Quality,Service Quality (0.59); Check in/out Experience (0.55); Management & Policy Issues (0.52)
citra ramadhani,2025.0,5,makanan sarapan nya enak enak semua banyak pilihan makanan dari makanan indonesia makanan asia makanan smpe barat juga ada ada ada pecel juga ada khas madiun ada jamu kelilingnya juga ada gerai indomie juga ternyata untuk pelayanannya juga baik baik ramah ada kak adelia ada kak salsa juga ramah menyambut tamu resto suasana juga enak bersih layaknya lah pokoknya,KOMPETITOR,Bintang 4,MercureMadiun,positive,0.9993963241577148,Service Quality,"Service Quality (0.99); Cleanliness, Hygiene & Maintenance (0.98); Staff Conduct & Hospitality (0.98)"
Cerita Cilla,2025.0,4,hotelnya bagus kamarnya bagus cuma mungkin kita kurang beruntung saja datang saat hotel lg maintenance karna habis perjalanan jauh jadi ekspektasi kita tinggi sih apa lg kita datang benar2 buat istirahat cek masuk saja sudah malam banget cuma buat numpang tidur tapi ya gitu deh deh krna lg pada pemeliharaan lumayan lama sekali tidak kelar2 sampai setengah 13 bru ada teknisi yang kekamar bilang mau cek sementara kita sudah mau cek keluar trus kondisi sabtu sebelum cek keluar itu benar2 sudah tidak maksimal di kolam lg ada yang motong keramik itu berisik banget sih belum sibuk ngebulnya sepanjang lorong lg mau bersihin kamar jadi berant,KOMPETITOR,Bintang 4,MercureMadiun,negative,0.9975000023841858,Check in/out Experience,Check in/out Experience (0.74); Facilities & Amenities (0.69); Guest Experience (0.67)
D. Asty,2025.0,5,pelayanan bagus fasilitas kamar lengkap dapat melihat menu sunrise makanan enak tambah ada jamu tradisional yang belum saya temukan di hotel lain hotel dekat dengan pusat perbelanjaan,KOMPETITOR,Bintang 4,MercureMadiun,positive,0.9993724226951599,Service Quality,Service Quality (0.99); Facilities & Amenities (0.99); Service Efficiency & Responsiveness (0.93)
anisa dn,2025.0,5,hotelnya tengah kota madiun deket alun alun bagus nyaman banget kamarnya luas fasilitasnya oke lantainya pakai karpet minuman sekarang sudah tidak pakai botol kemasan diganti dengan botol kaca dan jar gitu agar bisa isi ulang sudah disediakan dispenser di setiap lantai lobi nya wangi banget,KOMPETITOR,Bintang 4,MercureMadiun,positive,0.9995388984680176,Facilities & Amenities,Facilities & Amenities (0.98); Room Quality & Comfort (0.87); Service Quality (0.86)
Emy Mawarty,2025.0,5,sangat memuaskan bisa menginap di hotel mercuun madiun dari kamar bersih sarapan juga enak pilihannya banyak dari aperitif hingga penutup,KOMPETITOR,Bintang 4,MercureMadiun,positive,0.9994534850120544,"Cleanliness, Hygiene & Maintenance","Cleanliness, Hygiene & Maintenance (1.00); Facilities & Amenities (0.99); Service Quality (0.99)"
Andi Krisna,2025.0,5,Pelayanan resepsi ramah sekali kak radhita tempat strategis hotel bersih bagus sekali,KOMPETITOR,Bintang 4,MercureMadiun,positive,0.9994230270385742,Guest Experience,Guest Experience (1.00); Staff Conduct & Hospitality (0.99); Service Quality (0.99)
Nenny Pratiwi,2025.0,5,Sudah beberapa kali bersama buffett disini layanan nya top banget tidak pernah mengecewakan sejauh ini membuat mas fido n tim terima kasih banyak untuk mengejutkan ulang tahun nya untuk anak sya n terima kasih sll update info event2 terbaru semoga nanti kmi bisa bersama lagi di acara tgl 3 n 15 nya,KOMPETITOR,Bintang 4,MercureMadiun,positive,0.998184859752655,Service Quality,Service Quality (1.00); Service Efficiency & Responsiveness (0.98); Family & Group Friendly (0.98)
Wijayanto Eko,2025.0,5,nyaman dan lokasi di pusat kota deket taman2 di madiun sayang saya belum sempet cicip menu sarapannya sudah harus cek keluar kali lain bisa dicoba lagi,KOMPETITOR,Bintang 4,MercureMadiun,positive,0.9977171421051025,Facilities & Amenities,Facilities & Amenities (0.98); Check in/out Experience (0.97); Room Quality & Comfort (0.84)
Maya Pertiwi,2025.0,5,Untuk hari ini semuanya terbaik makanya sushi baru pernah makan cukup sekali sesuai perutnya indonesia timur untuk k depan semakin baik lagi,KOMPETITOR,Bintang 4,MercureMadiun,positive,0.9983768463134766,Sustainability & Environmental Quality,Sustainability & Environmental Quality (0.58); Food & Beverage (0.47); Cultural & Heritage Experience (0.43)
Caca Ocha,2025.0,5,untuk kamar nyaman sangat bersih wangi untuk pelayanan diresto sangat perhatian pengertian dan baikpelayannya untuk makanannya enak dan untuk minum jamu enak dan segar semuanya,KOMPETITOR,Bintang 4,MercureMadiun,positive,0.9993795156478882,"Cleanliness, Hygiene & Maintenance","Cleanliness, Hygiene & Maintenance (1.00); Facilities & Amenities (1.00); Staff Conduct & Hospitality (1.00)"
Erna Kusumawardani,2025.0,5,kamar hotel sangat nyaman pelayanan ramah sarapan enak semua parkir juga banyak lokasi strategis jenis makanan sarapan beragam dari tradisional barat sampai asia ada semua ada anak klub dengan banyak mainan kolam renang ada 2 jenis kedalaman,KOMPETITOR,Bintang 4,MercureMadiun,positive,0.9993962049484253,Facilities & Amenities,"Facilities & Amenities (0.99); Location, Accessibility & Parking (0.99); Service Quality (0.99)"
Damian Donohue (Damo),2025.0,5,Kami menginap satu malam masuk madiun dengan istri putri dan keluarga besar hotel bersih dan kamar-kamar sangat nyaman menawarkan tidur malam yang bagus dan mandi panas gym dan kolam renang area yang sangat baik dan baik dipelihara sarapan pagi hanya baik-baik saja tapi layanan kamar yang baik dan tepat waktu staf ramah menyambut dan membantu sepanjang kita tinggal lokasi juga nyaman dalam jarak berjalan kaki ke mall kecil dan beberapa restoran terdekat secara keseluruhan kami senang dengan kita tinggal dan pasti akan kembali,KOMPETITOR,Bintang 4,MercureMadiun,positive,0.9990741014480591,Facilities & Amenities,"Facilities & Amenities (1.00); Family & Group Friendly (1.00); Cleanliness, Hygiene & Maintenance (1.00)"
Marlita Jesiga,2025.0,5,pengalaman yang luar biasa bisa menginap di hotel hari rabu madiun untuk di kegiatan bimtek kementrian pertanian keren petugasnya ramah makanannya enak2 kamarnya bersih bagus semoga bisa kembali lagi ke madiun,KOMPETITOR,Bintang 4,MercureMadiun,positive,0.9990255832672119,Guest Experience,Guest Experience (0.99); Check in/out Experience (0.98); Service Quality (0.98)
Tyas Wiloso,2025.0,5,Semur daging dan sayur jamur pacoy mantap saran saja jamur agak dikecilin sedikit susinya enak juga kue croissan dan buffel enak jg sesuai kesukaanku,KOMPETITOR,Bintang 4,MercureMadiun,positive,0.9991687536239624,Food & Beverage,Food & Beverage (0.83); Cultural & Heritage Experience (0.79); Family & Group Friendly (0.71)
aning dwi19,2025.0,5,Saya sangat senang dengan pelayannya kemarin saat pesan paket makan malam romantis dengan suami saya dibantu dengan mbak bella yang sangat ramah dan mengatur sama makanan karena saya datang buru dan mau makanannya dihidangkan semuanya semoga semakin sukses hari rabu madiun,KOMPETITOR,Bintang 4,MercureMadiun,positive,0.9980419874191284,Staff Conduct & Hospitality,Staff Conduct & Hospitality (0.99); Service Efficiency & Responsiveness (0.99); Booking & Reservation Experience (0.99)
Veer Yudhi,2025.0,5,hotelnya masih baru bagus lokasi strategis dekat alun alun madiun cari makan di sekitar hotel juga mudah gal nyesel menginap dihotel mercure madiun karyawannya rsmah ramah baik tapi ada 1 saran saja sih pintu menghubungkan antar kamar agar dibuat lebih kedap suara karena ketika ada tamu dikamar sebelah lg ngobrol suaranya kedengeran jelas sampai kamar saya membuat kurang nyaman,KOMPETITOR,Bintang 4,MercureMadiun,negative,0.5507530570030212,Facilities & Amenities,Facilities & Amenities (0.90); Service Quality (0.89); Staff Conduct & Hospitality (0.89)
Andik Prasetyo,2025.0,5,hotelnya bersih karena masih tergolong hotel baru kebetulan juga dapet harga murah,KOMPETITOR,Bintang 4,MercureMadiun,positive,0.9967992305755615,Service Quality,"Service Quality (0.96); Pricing & Value for Money (0.93); Cleanliness, Hygiene & Maintenance (0.90)"
Sari Vyta,2025.0,5,untuk sarapan baru enak sangat beragam mulai dari sarapan indonesia sampai sarapan luar terimakasih untuk kak adel dan aidha atas pelayanan baru pagi ini,KOMPETITOR,Bintang 4,MercureMadiun,positive,0.9984618425369263,Service Quality,Service Quality (0.95); Guest Experience (0.75); Food & Beverage (0.73)
Feri Hidayat,2025.0,5,pelanyananya terbaik selalu memperhatikan tamu menawarkan teh dan salinan ada jamu kelilingnya juga terima kasih mbak adel rifa ayu sama mbak salsa,KOMPETITOR,Bintang 4,MercureMadiun,positive,0.9976727366447449,Service Quality,Service Quality (1.00); Guest Experience (1.00); Staff Conduct & Hospitality (1.00)
ArCi Me,2025.0,5,biasanya saya ke madiun 1 tahun sekali dan menginap di hotel aston tahun ini ada info ada hotel mercur yang baru buka di madiun jadilah kita coba akhir juni 2025 ini pesan 2 kamar deluxe untuk layanan sejak cek ini kami diberikan kamar menghubungkan pintu kamar meskipun agak terkejut di awal karena tidak terlalu besar tapi sudah senang dengan menghubungkan pintu sandal hotel hanya 1 pasang tidak masalah pemandangan kolam bagus bisa dilihat dan belum alun madiun untuk sarapan kurang banyak jenis baru tapi jika rasa enak koq kekurangan saat saya mau masuk ternyata kamar 1 kamar belum siap karena baru di bersih bisa kesimpulan dengan mercur madiun ini semoga puas,KOMPETITOR,Bintang 4,MercureMadiun,positive,0.9928118586540222,Check in/out Experience,Check in/out Experience (0.98); Booking & Reservation Experience (0.95); Facilities & Amenities (0.93)
Risna Lesmana,2025.0,4,Nice stay masuk madiun strategis dekat kemana2 sarapan cukup bervariasi dan ada minuman favorit minuman rempah dan jamu akan selalu kembali ke sini jika ke madiun,KOMPETITOR,Bintang 4,MercureMadiun,positive,0.9995049238204956,Food & Beverage,Food & Beverage (0.99); Facilities & Amenities (0.97); Family & Group Friendly (0.84)
Ovy Tri,2025.0,5,menuunya sangat berfariasi dan enak enak semua pelayanan jos semua dilayani oleh mbak rifa mbak adel mbak delima baru datang juga sudah disambut oleh mbak salsa semuanya ramah,KOMPETITOR,Bintang 4,MercureMadiun,positive,0.9994751811027527,Service Quality,Service Quality (0.99); Facilities & Amenities (0.99); Guest Experience (0.99)
,2025.0,5,Saya suka hotel ini sangat bersih memiliki lingkungan yang bagus dan semua staf ramah saya sangat menghargai sarapan karena Anda dapat meminta espresso tidak banyak hotel masuk madiun menawarkan ini selain dari aston sejauh saya tahu aston adalah bagian dari kelompok yang sama seperti mercury jika saya mengunjungi madiun lagi saya pasti akan memesan hotel ini satu-satunya komentar saya adalah tentang wifi silahkan memperbaiki masalah jaringan saya tidak bisa menghubungkan melalui laptop saya hanya bekerja pada ponsel saya,KOMPETITOR,Bintang 4,MercureMadiun,positive,0.9981353282928467,Facilities & Amenities,Facilities & Amenities (0.99); Staff Conduct & Hospitality (0.95); Guest Experience (0.90)
Fbekti Budi,2025.0,5,kamar sangat bersih layanan yang baik tapi sayang bfest ada ibu2 ambil buah di masukan ke kotak kecil tapi pp etugas penjaga pintu menanti dia diam saja tidak di tegur waktu saya makan ada rambut di makansnya,KOMPETITOR,Bintang 4,MercureMadiun,negative,0.7862233519554138,Facilities & Amenities,"Facilities & Amenities (0.99); Service Quality (0.99); Cleanliness, Hygiene & Maintenance (0.98)"
Endiana Tri Kusumadewi,2025.0,5,Hotel nya oke d pusat kota deket kemana saja bfast nya menuunya jg bervariasi dan enak2 smua,KOMPETITOR,Bintang 4,MercureMadiun,positive,0.9994250535964966,Food & Beverage,Food & Beverage (0.98); Service Quality (0.95); Facilities & Amenities (0.95)
Sekar Ayu,2025.0,5,konsep hotel yang menarik dan estetika ditambah dengan menu sarapan yang beragam ada minuman jamu keliling yang enak di minum pagi pagi hari yang terbaik hari Rabu madiun dan terima kasih untuk pelayanannya mas alfido,KOMPETITOR,Bintang 4,MercureMadiun,positive,0.9994269609451294,Ambience & Design,Ambience & Design (0.99); Service Quality (0.99); Food & Beverage (0.99)
Gatot S,2025.0,5,lokasi ditengah kota madiun dekat dengan taman kota alun alun masjid agung pusat perbelanjaan dan sekitar 5 menit menuju stasiun kereta api parkir cukup luas dan layanan kamar amenitas lainnya serta menu makan oke banget standar mercure group kolam renang gym dan spa dilantai 3 punya juga representatif standar mercure,KOMPETITOR,Bintang 4,MercureMadiun,positive,0.999545156955719,Facilities & Amenities,"Facilities & Amenities (1.00); Location, Accessibility & Parking (0.99); Service Quality (0.99)"
Ari Sapti Mei Leni,2025.0,5,secara keseluruhan hotel mercu madun memang keren mulai pelayanan fasilitas tempat tidur kolam renang sampai restonya mungkin menu sarapan ny diperbanyak dan lebih dimatangkan lg masakannya biar tmbah yang terbaik,KOMPETITOR,Bintang 4,MercureMadiun,positive,0.9987456798553467,Facilities & Amenities,Facilities & Amenities (1.00); Service Quality (0.99); Service Efficiency & Responsiveness (0.95)
mahzum abidin,2025.0,5,Saya sudah mencoba soto enak banget buahnya seger seger pelayanan dari mbak mbak ramah terutama mbak rifa mbak eni mbak ayu,KOMPETITOR,Bintang 4,MercureMadiun,positive,0.9993448853492737,Service Quality,Service Quality (0.99); Guest Experience (0.98); Staff Conduct & Hospitality (0.95)
Sheilla Putri,2025.0,5,makanannya enak tempatnya sejuk nyaman pelayanannya ramah sarapan nya makanannya ada banyak menu sekali sampai dessert nya enak,KOMPETITOR,Bintang 4,MercureMadiun,positive,0.9992280006408691,Facilities & Amenities,Facilities & Amenities (1.00); Service Quality (0.98); Room Quality & Comfort (0.98)
Kreasi Nico,2025.0,3,tolong manajemen hotel menjelaskan perihal lampu merah ini berdasarkan informasi dari salah satu staf hotel ini alat pendeteksi suhu kamar saya baru pertama kali melihat pendeteksi suhu bentuknya seperti itu untuk gambaran di posisi kamar terang maupun titik gelap merah itu tetap hidup dan tidak berkedip saya langsung minta di tutup pakai selotip karena menurut saya saya saya sangat berisiko dengan posisi titik merah tersebut saat di depan pintu kamar mandi saya berharap dengan adanya penjelasan yang terperinci dari pihak hotel dapat membuat konsumen lain menjadi percaya untuk menginap di hotel ini terima,KOMPETITOR,Bintang 4,MercureMadiun,negative,0.9045885801315308,Management & Policy Issues,Management & Policy Issues (0.61); Safety & Security (0.53); Guest Experience (0.42)
Desem Wardoyo,2025.0,5,kamarnya nyaman pelayanannya juga enak makanan rasa juga dianjurkan kalau saja siap buat makan malam juga oke,KOMPETITOR,Bintang 4,MercureMadiun,positive,0.9981077909469604,Facilities & Amenities,Facilities & Amenities (0.99); Room Quality & Comfort (0.98); Service Quality (0.98)
Nike Agrivina,2025.0,5,secara keseluruhan baik seperti selalu apresiasi untuk upaya dan komitmennya mengurangi penggunaan plastik sekali pakai melalui udara mineral yang disediakan di kamar tamu maupun di ruang pertemuan sudah menggunakan udara isi ulang fasilitas di kamar tamu juga sudah dengan kemasan dan kebijakan yang lebih hijau semoga bisa tetap mempertahankan kualitas pelayanannya,KOMPETITOR,Bintang 4,MercureMadiun,positive,0.9975649118423462,"Loyalty, Recommendation & Appreciation","Loyalty, Recommendation & Appreciation (1.00); Sustainability & Environmental Quality (1.00); Service Quality (1.00)"
muhammad sekhudin,2025.0,5,Terimakasih mba hawa pelayananya mantap minusnya di sarapan pagi untuk daun singkong nya msh gumpalan gag perhelai sama makan soto ayam tapi gag ada suwiran ayamnya selebihnya oke,KOMPETITOR,Bintang 4,MercureMadiun,positive,0.9944539666175842,Food & Beverage,Food & Beverage (0.65); Ambience & Design (0.61); Religious & Halal Features (0.58)
nanang masyhari,2025.0,5,kamarnya bersih dan fasilitas komplet pelayanan ramah menu favoritnya mangut ikan lokasi hotel strategis,KOMPETITOR,Bintang 4,MercureMadiun,positive,0.9995200634002686,Facilities & Amenities,Facilities & Amenities (1.00); Room Quality & Comfort (1.00); Service Quality (1.00)
farida 11,2025.0,5,kamar bersih nyaman cuma kurang kedap suara msh terdengar suara dri kamar yang lain remote tv tidak berfungsi makanan cukup beragam dan enak,KOMPETITOR,Bintang 4,MercureMadiun,positive,0.9930611252784729,Facilities & Amenities,"Facilities & Amenities (0.95); Room Quality & Comfort (0.92); Cleanliness, Hygiene & Maintenance (0.87)"
Susana Tundoong,2025.0,5,keren coyy makanan nya enak pwoll nasgor nya enak buanget tpi kakak nya kurang ekstrovert kalau aku ke madiun lagi aku akan nginep disinii oleh aiko dan keluarga,KOMPETITOR,Bintang 4,MercureMadiun,positive,0.9993721842765808,Service Quality,Service Quality (0.92); Guest Experience (0.82); Food & Beverage (0.80)
Deby Ilyana,2025.0,5,Lokasinya strategis makanannya enak kamar harum bersih rapih sarapannya enak membantu sekali mba adel sehat sehat mba,KOMPETITOR,Bintang 4,MercureMadiun,positive,0.9994333386421204,Facilities & Amenities,"Facilities & Amenities (0.99); Cleanliness, Hygiene & Maintenance (0.99); Service Quality (0.98)"
Maya D,2025.0,5,pertama kali menginap di sini secara keseluruhan oke vibes bangunan baru dan mewahnya dari setiap tataletak dan susunan interiornya,KOMPETITOR,Bintang 4,MercureMadiun,positive,0.9992040991783142,Ambience & Design,Ambience & Design (0.99); Guest Experience (0.97); Facilities & Amenities (0.97)
Dyana Yuri Aurora,2025.0,5,Aku datang untuk bekerja dan ini hanya tinggal cepat yang bagus untuk tim kamarnya baik makanan bervariasi stafnya baik dan ramah sayangnya kita tidak bisa tinggal lama tapi yakin itu adalah pengalaman yang bagus,KOMPETITOR,Bintang 4,MercureMadiun,positive,0.9860641956329346,Guest Experience,Guest Experience (1.00); Service Efficiency & Responsiveness (1.00); Service Quality (1.00)
fenti roesliana,2025.0,5,pelayanan ramah terutama kantor depan nya dengan kak dhita sufi di bantu check masuk awal,KOMPETITOR,Bintang 4,MercureMadiun,positive,0.9984198808670044,Guest Experience,Guest Experience (0.99); Staff Conduct & Hospitality (0.99); Service Quality (0.98)
Keysha Malaeka,2025.0,5,Semua pelayanan oke banget kamar bersih n makanan nya enak2,KOMPETITOR,Bintang 4,MercureMadiun,positive,0.9992665648460388,Service Quality,"Service Quality (0.99); Cleanliness, Hygiene & Maintenance (0.99); Facilities & Amenities (0.99)"
Arif Affan Wicaksono,2025.0,5,pelayanannya bagus dan kamarnya enak nyaman makanannya enak2 terutama pencuci mulut nya,KOMPETITOR,Bintang 4,MercureMadiun,positive,0.999439537525177,Facilities & Amenities,Facilities & Amenities (1.00); Service Quality (0.99); Room Quality & Comfort (0.99)
Sulthon Maarif,2025.0,4,Saya memiliki tinggal yang menyenangkan di hotel ini staf sangat ramah dan ramah dan lokasi yang sangat baik masuk jantung kota yang membuatnya mudah untuk bergerak di sekitar bangunan adalah baru dan baik dipelihara yang menambah ke kenyamanan keseluruhan dari tinggal namun ada beberapa kelemahan kamar saya memiliki pintu yang menghubungkan dan sayangnya tamu masuk kamar bersebelahan cukup bising yang mempengaruhi istirahat saya juga selama sarapan di restoran ruang duduk penuh terpapar matahari pagi membuatnya cukup mencolok dan tidak nyaman jadi bagus mercure,KOMPETITOR,Bintang 4,MercureMadiun,positive,0.9906277656555176,Facilities & Amenities,Facilities & Amenities (1.00); Staff Conduct & Hospitality (0.99); Service Quality (0.98)
Zham King,2025.0,5,sarapan lengkap enak tapi khusus untuk pecel sayurnya keras kamar bersih bagus pelayanan ramah,KOMPETITOR,Bintang 4,MercureMadiun,positive,0.9987900853157043,Guest Experience,"Guest Experience (1.00); Food & Beverage (0.99); Cleanliness, Hygiene & Maintenance (0.99)"
Wawan Kurniawan,2025.0,5,kamarnya sip untuk menu sarapan mungkin bisa ditambah kukusan polo pendem jadi yang diet bisa sarapan sehat di hotel,KOMPETITOR,Bintang 4,MercureMadiun,neutral,0.8798846006393433,Facilities & Amenities,Facilities & Amenities (0.98); Room Quality & Comfort (0.86); Food & Beverage (0.81)
Erick Wijaya,2025.0,4,Pro hotel masuk madiun relatif baru dengan fasilitas desain lokasi yang bagus untuk 4 hotel masuk kota kecil seperti madiun cukup kompetitif kompak besar kafe masuk lobi kons kamar pengasingan suara mengecewakan jendela buta masuk kamar sudut tidak sepenuhnya ditutupi sinar dari luar parkir dalam ruangan ketersediaan hanya beberapa,KOMPETITOR,Bintang 4,MercureMadiun,positive,0.9955642223358154,Facilities & Amenities,"Facilities & Amenities (0.99); Location, Accessibility & Parking (0.93); Service Quality (0.87)"
rekanan kita,2025.0,5,nyaman pelayan ramah menu sarapan enak terimakasih hotel mercuure sebelah ke madiun insyaallah nginep lagi,KOMPETITOR,Bintang 4,MercureMadiun,positive,0.9993776679039001,Service Quality,Service Quality (0.99); Staff Conduct & Hospitality (0.99); Food & Beverage (0.97)
Sunarko Narko,2025.0,5,makanannya enak semuanya terutama kentang sama sosisnya pelayanannya ranah terima kasih mbak rifa mbak eni mbak hawa mbak tifa mbak aidha jos semuanya,KOMPETITOR,Bintang 4,MercureMadiun,positive,0.9993323683738708,Service Quality,Service Quality (0.98); Guest Experience (0.98); Staff Conduct & Hospitality (0.91)
Nita Sari,2025.0,5,Hotel Mercury tempatnya nyaman di tengah kota pelayanannya bagus memuaskan makanannya enak2,KOMPETITOR,Bintang 4,MercureMadiun,positive,0.9995008707046509,Service Quality,Service Quality (0.99); Facilities & Amenities (0.97); Guest Experience (0.95)
Ki Ki,2025.0,5,pelayanan jamu keliling dengan kak tifa yang sangat ramah makanan yang enak dan beragam suasana resto yang nyaman semua staf ramah dan menyenangkan pengalaman yang mengesankan,KOMPETITOR,Bintang 4,MercureMadiun,positive,0.9994350075721741,Service Quality,Service Quality (0.99); Staff Conduct & Hospitality (0.99); Guest Experience (0.99)
Jeng Sithie,2025.0,5,makanannya enak dan banyak variasiinya selalu berbeda setiap hari dan memberikan kesan yang tidak membosankan staf sangat menyambut mbak hanna,KOMPETITOR,Bintang 4,MercureMadiun,positive,0.9992167949676514,Guest Experience,Guest Experience (0.99); Service Quality (0.95); Family & Group Friendly (0.92)
Firman Nopriyandri,2025.0,5,hotel sangat nyaman lokasi strategis dekat dengan alun2 dan pusat kuliner,KOMPETITOR,Bintang 4,MercureMadiun,positive,0.99940025806427,Facilities & Amenities,Facilities & Amenities (0.98); Food & Beverage (0.97); Room Quality & Comfort (0.97)
Arif Triwibowo,2025.0,4,Pertama kali saya menginap di Mercure Madiun dengan keluarga saya kesan pertama saya adalah lokasi yang menyenangkan kamar yang bagus dan bersih dan kolam renang yang menyenangkan ada pasar bersih di dekatnya di mana Anda dapat menemukan soto makanan tradisional Indonesia untuk sarapan atau cemilan tradisional,KOMPETITOR,Bintang 4,MercureMadiun,positive,0.9990338087081909,Facilities & Amenities,"Facilities & Amenities (1.00); Cleanliness, Hygiene & Maintenance (0.99); Room Quality & Comfort (0.99)"
Rosyid 1996,2025.0,5,dianjurkan banget sih kalau liburan ke madiun pelayanan nya sangat bagus dan memuaskan ramah sopan ada masalah sedikit langsung gercep menangani hotelnya bagus dan nyaman,KOMPETITOR,Bintang 4,MercureMadiun,positive,0.9993883371353149,Service Quality,Service Quality (1.00); Facilities & Amenities (0.98); Guest Experience (0.98)
Elis Izati,2025.0,5,hotelnya nyaman bersih modern pilihan sarapan banyak bwt anak2 juga oke kemana2 deket,KOMPETITOR,Bintang 4,MercureMadiun,positive,0.9995224475860596,Facilities & Amenities,"Facilities & Amenities (0.99); Cleanliness, Hygiene & Maintenance (0.98); Family & Group Friendly (0.97)"
Mery Apriliyanti,2025.0,5,kamar dengan tingkat delux bersih nyaman komplit dengan harga yang oke pokok g rugi parkir jg oke lokasi jg strategis mau kemn2 dkt aq cm tamu skrng dulu masa sklh ku sempet di kota kecil madiun yang skrng tidak klh cantiknya dengan kota lain keren,KOMPETITOR,Bintang 4,MercureMadiun,positive,0.9993579983711243,"Location, Accessibility & Parking","Location, Accessibility & Parking (0.99); Pricing & Value for Money (0.98); Facilities & Amenities (0.98)"
Amelia Lathifatul,2025.0,5,pengalaman menginap yang mengesankan sarapan dengan menu yang variatif dan pelayanan baik jamu keliling yang ramah dan enak,KOMPETITOR,Bintang 4,MercureMadiun,positive,0.9994038343429565,Guest Experience,Guest Experience (1.00); Food & Beverage (1.00); Staff Conduct & Hospitality (0.99)
Risma Ananda,2025.0,5,makanannya enak2 layak banget kalau mau sarapan pelayanan nya cepat dan staf nya ramah2 oke banget buat kalian yang mau kesini,KOMPETITOR,Bintang 4,MercureMadiun,positive,0.9991447925567627,Service Efficiency & Responsiveness,Service Efficiency & Responsiveness (1.00); Staff Conduct & Hospitality (0.99); Service Quality (0.98)
Kris Yanto,2025.0,5,servis memuaskan rasa masakan juga enak bersih jamu tradisional langsung ditawarkan biasanya konsumen ambil sendiri,KOMPETITOR,Bintang 4,MercureMadiun,positive,0.9985902905464172,Service Quality,"Service Quality (1.00); Cleanliness, Hygiene & Maintenance (0.98); Guest Experience (0.97)"
Wisiva T P,2025.0,5,sarapannya enak pelayanannya cepat ada indomie goreng juga hari ini topping nasi jotosnya enak tapi sayang toppingnya sedikit,KOMPETITOR,Bintang 4,MercureMadiun,positive,0.9989824891090393,Service Efficiency & Responsiveness,Service Efficiency & Responsiveness (0.98); Service Quality (0.98); Food & Beverage (0.95)
Amri ashar,2025.0,5,Makan malam pada hari Rabu Bner2 menyenangkan ramah anak ada taman bermain nya juga pelaynan nya juga bagus layak parah,KOMPETITOR,Bintang 4,MercureMadiun,positive,0.9994744658470154,Facilities & Amenities,Facilities & Amenities (1.00); Family & Group Friendly (0.99); Service Quality (0.99)
Sutardi Cahyono,2025.0,5,sarapan pada hari Rabu ini jos sekali makanan sangat enak enak semua pelayaban juga mantab ada jamu kelilingnyajm jugaa sangat enak,KOMPETITOR,Bintang 4,MercureMadiun,positive,0.9990739822387695,Food & Beverage,"Food & Beverage (0.95); Facilities & Amenities (0.92); Cleanliness, Hygiene & Maintenance (0.91)"
Ay Sagira,2025.0,5,memilih kamar merokok karena suami merokok sebagaimana kamar merokok kamar ya tetap ada bau rokoknya smoga saja saja suatu saat nanti ada alat atau semprotan atau apapun yang bisa menghilangkan bau rokok agar nyaman saat masuk kamar hotelnya nyaman dan bersih sesuai dengan harga air minum banyak karena bisa refil di koridor kamar karyawan baik dan ramah parkir luas ada kolam renang meskipun tidak luas tapi cukup buat anak anak terima kasih,KOMPETITOR,Bintang 4,MercureMadiun,positive,0.9984809756278992,Facilities & Amenities,"Facilities & Amenities (0.99); Location, Accessibility & Parking (0.99); Cleanliness, Hygiene & Maintenance (0.98)"
Nunun kurnia Sari putri,2025.0,5,kebetulan saat menginap saat ada harga promo jadi 700 ribu lokasi strategis dekat alun2 kota madiun menu sarapannya enak dan beragam anak2 juga betah disini,KOMPETITOR,Bintang 4,MercureMadiun,positive,0.9995079040527344,Family & Group Friendly,Family & Group Friendly (0.95); Pricing & Value for Money (0.93); Food & Beverage (0.90)
Isti Ameliya,2025.0,5,baru pertama ke madiun dan menginap di hotel mercu welcome dengan staf yang sangat ramah menu makanan sarapannya enak dan pelayannya super welcome next stay lagi ke mercu,KOMPETITOR,Bintang 4,MercureMadiun,positive,0.9991281628608704,Staff Conduct & Hospitality,Staff Conduct & Hospitality (0.99); Service Quality (0.99); Food & Beverage (0.97)
anugerahganda crp,2025.0,5,sarapan hari ini makanannya enak semua dibantu mbak adel mulai dari datang di restoran ramah dan sangat membantu,KOMPETITOR,Bintang 4,MercureMadiun,positive,0.998727023601532,Guest Experience,Guest Experience (0.99); Staff Conduct & Hospitality (0.99); Service Quality (0.99)
Rizki Adi Saputra,2025.0,5,Overal baik sederhana dan ringkas mencakup poin penting Merkure madiun adalah pilihan hotel bintang 4 yang sangat direkomendasikan di kota madiun hotel ini modern bersih dan menawarkan fasilitas lengkap mulai dari kolam renang gym hingga anak-anak klub lokasinya sangat strategis di pusat kota memudahkan akses ke berbagai tempat wisata dan kuliner ditambah lagi stafnya ramah dan sangat membantu membuat pengalaman menginap terasa nyaman dan menyenangkan ini adalah tempat yang sempurna untuk liburan atau perjalanan bisnis Anda di madiun,KOMPETITOR,Bintang 4,MercureMadiun,positive,0.9992293119430542,Facilities & Amenities,Facilities & Amenities (1.00); Service Efficiency & Responsiveness (1.00); Staff Conduct & Hospitality (1.00)
muchlisridha ibrahim,2025.0,5,kamar bagus di upgrade parkiran oke makan enak lezat jamu tradisional mba ayu dyah berkhasiat terima kasih banyak,KOMPETITOR,Bintang 4,MercureMadiun,positive,0.9994007349014282,Facilities & Amenities,"Facilities & Amenities (0.97); Location, Accessibility & Parking (0.96); Guest Experience (0.95)"
Auz Runn Thony,2025.0,5,Pelayanan bagus makanannya enak masukannya untuk minuman nya bisa mengambil cara yang tidak kena biaya,KOMPETITOR,Bintang 4,MercureMadiun,positive,0.9980010390281677,Service Quality,Service Quality (1.00); Guest Experience (0.98); Facilities & Amenities (0.98)
Yenni Susilowati,2025.0,5,Tgl 25 kemarin saya klrga mampir ke kota madiun karena saya asli madiun tapi sudah tinggal di jkt dan menginap di htl ini kita liburan ke berbagai kota dan mampir ke madiun mulai datang di htl pelayanan sangat ramah sekali dari bantu turun koper resepsi nya selalu tersenyum suka bangett untuk kamar nya wow bersih semua ini htl baru jadi semua msh baru mempertahankan yaa untuk sarapan baru pelayanan baik dan jg makanan enak dan paling hebat nya di kamar anak saya baru sadar ketinggalan 2 cincin emas luar biasa untuk mas hanif terima kasih ya sudah nemuin cincin anak saya pertahankan org seperti nemu,KOMPETITOR,Bintang 4,MercureMadiun,positive,0.9993475079536438,Facilities & Amenities,"Facilities & Amenities (0.98); Cleanliness, Hygiene & Maintenance (0.96); Service Quality (0.95)"
syaiful anwar,2025.0,5,lokasi strategis di kota tengah akses kemana saja mudah pelayanan ramah tempat bersih dan nyaman,KOMPETITOR,Bintang 4,MercureMadiun,positive,0.9995145797729492,Facilities & Amenities,"Facilities & Amenities (0.98); Service Quality (0.98); Cleanliness, Hygiene & Maintenance (0.98)"
Romiyatun Romiyatun,2025.0,5,kamar bersih luas lokasi mudah ditemukan makanan menarik dan enak,KOMPETITOR,Bintang 4,MercureMadiun,positive,0.999177873134613,Facilities & Amenities,"Facilities & Amenities (0.99); Cleanliness, Hygiene & Maintenance (0.99); Service Quality (0.96)"
Dany Akbari,2025.0,5,Hotel yang bagus layanan yang baik memesan tomahawk untuk makan malam dan itu hebat disajikan ke meja dengan sedikit api showroom bersih dan nyaman seperti setiap Mercury lainnya pasti akan tinggal di sini lagi,KOMPETITOR,Bintang 4,MercureMadiun,positive,0.9992367029190063,Service Quality,"Service Quality (1.00); Facilities & Amenities (0.99); Cleanliness, Hygiene & Maintenance (0.99)"
Aditya,2025.0,4,kamar dan fasilitas nya oke semua perlu perbaikan menu sarapan saja kalau mslh sarapan saya lebih mem favoritkan aston madiun,KOMPETITOR,Bintang 4,MercureMadiun,positive,0.9815765023231506,Facilities & Amenities,Facilities & Amenities (0.99); Room Quality & Comfort (0.84); Service Quality (0.80)
Kiky Sari,2025.0,5,Hotel baru besar tata letak kamar suka balkon hanya ide mungkin memiliki ruang tamu dengan musik live,KOMPETITOR,Bintang 4,MercureMadiun,positive,0.9963690042495728,Facilities & Amenities,Facilities & Amenities (0.99); Ambience & Design (0.93); Guest Experience (0.86)
polymer j,2025.0,5,Kamar hotelnya bagus. Mereka memiliki 2 restoran menyajikan bir dingin. Satu di dalam ruangan dan yang lain di luar ruangan dengan band live.,KOMPETITOR,Bintang 4,MercureMadiun,positive,0.9972299933433533,Food & Beverage,Food & Beverage (1.00); Facilities & Amenities (0.99); Service Quality (0.87)
christoper putera,2025.0,5,salah satu hotel dengan letak yang sangat strategis taitu di jantung kota madiun yang sangat dekat dengan alun alun serta di dekat taman kereta api madiun hotel mercu madiun memiliki fasilitas yang nyaman dan pelayanannya juga ramah parkiranya juga luas dan aman,KOMPETITOR,Bintang 4,MercureMadiun,positive,0.999455988407135,"Location, Accessibility & Parking","Location, Accessibility & Parking (1.00); Facilities & Amenities (1.00); Service Quality (0.97)"
Anistyas Hayanti,2025.0,5,Pelayanan sudah bagus terutama untuk jamunya Wlopun kunyit asemnya kurang asem hehhee kamar oke ac oke klo bisa ada telur rebus yang siap,KOMPETITOR,Bintang 4,MercureMadiun,positive,0.9967389702796936,Service Quality,Service Quality (1.00); Guest Experience (0.99); Facilities & Amenities (0.99)
Cynka Lovei,2025.0,5,makanan minuman enak pelayanan bintang 5 karna bagus banget,KOMPETITOR,Bintang 4,MercureMadiun,positive,0.9982587695121765,Service Quality,Service Quality (0.99); Guest Experience (0.98); Food & Beverage (0.96)
Ira Resmawa,2025.0,5,Pertama kali disini bisa bantu pagi cek ini pelayanan staf ramah di kantor depan bantu dengan mbak radhita,KOMPETITOR,Bintang 4,MercureMadiun,positive,0.9061219692230225,Staff Conduct & Hospitality,Staff Conduct & Hospitality (0.99); Service Quality (0.99); Guest Experience (0.97)
Ponorogo Classic,2025.0,5,Makan malam romantis terbaik se madiun pelayanan ramah sekali soal makanan jangan ditanya lagi enak semua 10 10 deh pokonyaa terutama terimakasi banget buat mas alfido pelayananya ramah bangett,KOMPETITOR,Bintang 4,MercureMadiun,positive,0.999509334564209,Service Quality,Service Quality (0.99); Guest Experience (0.99); Food & Beverage (0.97)
Laras Surya Ramadhani,2025.0,5,hotelny bersih desainnya elegan satf jg ramah sangat puas menginap disini buat lari pagi juga enak dekat dengan alun2 dan pahlawan religi,KOMPETITOR,Bintang 4,MercureMadiun,positive,0.9995254278182983,Staff Conduct & Hospitality,"Staff Conduct & Hospitality (0.99); Cleanliness, Hygiene & Maintenance (0.99); Facilities & Amenities (0.99)"
Bagya Bagya,2025.0,5,untuk sarapannya semua menu enak enak jamunya mantab saya rekomendasi ke temen2,KOMPETITOR,Bintang 4,MercureMadiun,positive,0.9994008541107178,Food & Beverage,Food & Beverage (0.91); Service Quality (0.90); Family & Group Friendly (0.90)
Happy Saskia,2025.0,5,semua kamar sesuai permintaan kamar mandi cukup luas lengkap dengan fasilitas sarapan enakk banget menuunya banyak staf ramah membantu lokasi strategis dekat pusat kota alun alun madiun paglawan jalan dan banyak kuliner,KOMPETITOR,Bintang 4,MercureMadiun,positive,0.9995866417884827,Facilities & Amenities,Facilities & Amenities (0.99); Staff Conduct & Hospitality (0.96); Service Efficiency & Responsiveness (0.95)
Kris Diyanto,2025.0,5,biasnya tiap mudik ke madiun nginep di aston berhubung ada yang baru mudik kali ini kita nginep bergiliran di aston dan mercury mercury hotelnya baru desain kamar modern minimalis dan anak2 suka fasilitas lengkap terutama kolam renang sehingga anak betah dan cuti bisa lebih lama maka di mercury juga bisa lebih lama,KOMPETITOR,Bintang 4,MercureMadiun,positive,0.9989847540855408,Facilities & Amenities,Facilities & Amenities (0.99); Family & Group Friendly (0.88); Room Quality & Comfort (0.88)
Nita Ajja,2025.0,5,Sarapan semua layanan yang baik kamarnya bagus dan kebersihan baik HK tim sangat sopan amd sangat baik lokasi sangat baik,KOMPETITOR,Bintang 4,MercureMadiun,positive,0.9981708526611328,Food & Beverage,"Food & Beverage (1.00); Cleanliness, Hygiene & Maintenance (1.00); Facilities & Amenities (1.00)"
roger ng,2025.0,5,Kami tinggal di sini selama 3 malam kamar yang indah dengan layanan yang sempurna Pak Dickie dan Ms Adelia dari restoran adalah baik sangat perhatian dan Kudos untuk manajer kantor depan Pak Rifki untuk cepat mengatasi masalah kami,KOMPETITOR,Bintang 4,MercureMadiun,positive,0.994215190410614,Service Efficiency & Responsiveness,Service Efficiency & Responsiveness (1.00); Service Quality (1.00); Guest Experience (0.99)
Reifan Faruk,2025.0,5,untuk yang pertama kali menginap di sini sangat oke dan layaknya sarapannya enak enak semua ada jamu kelilingnya kakak nya ramah sekalii semoga sukses,KOMPETITOR,Bintang 4,MercureMadiun,positive,0.9993546605110168,Guest Experience,Guest Experience (0.99); Food & Beverage (0.99); Service Quality (0.99)
lilik darmawan,2025.0,5,Semua makanannya enak2 pelayanan nya jos banget terima kasih untuk mbak2nya mbak rifa mbak eni mbak tifa,KOMPETITOR,Bintang 4,MercureMadiun,positive,0.9993438124656677,Service Quality,Service Quality (0.99); Guest Experience (0.97); Staff Conduct & Hospitality (0.93)
dyahputri kusstiadewi,2025.0,5,sarapan enak makanannya tidak ada yang mengecewakan banyak macamnya aku suka,KOMPETITOR,Bintang 4,MercureMadiun,positive,0.9994356036186218,Service Quality,Service Quality (0.85); Food & Beverage (0.71); Family & Group Friendly (0.70)
Elsa Herlina,2025.0,5,sarapannya mantap bubur sumsum oke bangett mba rifa pelayanannya mantapp,KOMPETITOR,Bintang 4,MercureMadiun,positive,0.9994845390319824,Service Quality,Service Quality (0.99); Guest Experience (0.94); Food & Beverage (0.93)
ratna ningsih,2025.0,4,baru kemaren nginep dsini untuk pertama kalinya di tipe privilege suite untuk kamar oke karena masih baru juga cuman mungkin servisenya bisa diperhatikan lagi kami datang dengan barang bawaan lumayan banyak dan membawa anak anak tapi tidak ada staf yang membantu menurunkan barang untuk dibawa kelobi ada satpam namun tidak membantu juga hanya melihat dan terlihat masih sibuk karena mengurusi vip pejabat yang akan datang saya merasa tamu juga agak kurang orangnya seharusnya semua tamu mau itu pejabat atau orang biasa berhak mendapatkan pelayanan terbaik dari staf tolong diperhatikan lagi jika tidak terulang kembali,KOMPETITOR,Bintang 4,MercureMadiun,negative,0.9607155323028564,Guest Experience,Guest Experience (0.91); Facilities & Amenities (0.89); Service Quality (0.76)
Adi Nugroho,2025.0,5,Hotel ini baru dioperasikan dari Accor Group memberikan kota Madiun lebih banyak pilihan untuk layanan yang baik hotel saya tinggal di sini 3 malam untuk perjalanan bis bisnes akses yang baik lokasi yang bagus getaran hebat,KOMPETITOR,Bintang 4,MercureMadiun,positive,0.9990527033805847,Service Quality,Service Quality (0.99); Facilities & Amenities (0.96); Service Efficiency & Responsiveness (0.83)
irnanta,2025.0,5,kamar nya nyaman bagus bersih makanan di resto enak dan variatif,KOMPETITOR,Bintang 4,MercureMadiun,positive,0.9993606209754944,Facilities & Amenities,"Facilities & Amenities (1.00); Cleanliness, Hygiene & Maintenance (0.99); Room Quality & Comfort (0.99)"
Dale Stoffer,2025.0,5,Tempat yang sangat bagus untuk menginap masuk madiun kamar yang nyaman sangat membantu staf hebat brekky,KOMPETITOR,Bintang 4,MercureMadiun,positive,0.9993079900741577,Room Quality & Comfort,Room Quality & Comfort (0.98); Service Quality (0.98); Facilities & Amenities (0.95)
Dewi Lestari,2025.0,5,hotel nyaman di madiun dan sarapannya enak enak tetap dipertahankan dan di tambah lagi menu menu tradisional,KOMPETITOR,Bintang 4,MercureMadiun,positive,0.9994630217552185,Facilities & Amenities,Facilities & Amenities (0.97); Food & Beverage (0.95); Service Quality (0.94)
marischa tan,2025.0,4,Untuk kamar menemukan sendok belum dicuci selebihnya si aman,KOMPETITOR,Bintang 4,MercureMadiun,positive,0.960949182510376,Facilities & Amenities,Facilities & Amenities (0.97); Guest Experience (0.96); Safety & Security (0.95)
anandi kusuma,2025.0,5,makanannya enak lengkap ada yang tradisional dan asia barat juga pecelnya enak jhoss,KOMPETITOR,Bintang 4,MercureMadiun,positive,0.9994533658027649,Food & Beverage,Food & Beverage (0.95); Cultural & Heritage Experience (0.94); Family & Group Friendly (0.82)
Suryati,2025.0,5,hotel mercure yang baru buka bulan februari 2025 ini sangat berkesan yah walaupun bukan tergolong hotel yang memiliki banyak tempat buat foto tapi kamarnya sgt nyaman untuk ditinggali pelayanan ramah baik kamar bersih cukup luas ada netflix jika laki-laki keluar hotel di koridor kamar tersedia air minum dispenser yang bisa kt isi ulang sesuka hati menu sarapan banyak variannya rasa jg oke fasilitas jg lengkap ada gym kolam renang minusnya area parkir dalam gedung terbatas agak yah selain itu di sekitar hotel tidak ada minimarket secara keseluruhan saya merekomendasikan hotel ini,KOMPETITOR,Bintang 4,MercureMadiun,positive,0.9992989301681519,Facilities & Amenities,"Facilities & Amenities (0.99); Service Quality (0.98); Location, Accessibility & Parking (0.96)"
Daniel Ali,2025.0,5,Hotel baru semuanya masih bersih tidak ada keluhan teruskan pekerjaan yang baik,KOMPETITOR,Bintang 4,MercureMadiun,positive,0.9498160481452942,"Cleanliness, Hygiene & Maintenance","Cleanliness, Hygiene & Maintenance (1.00); Service Quality (0.99); Service Efficiency & Responsiveness (0.97)"
Devi Devi,2025.0,5,Sangat dianjurkan untuk Bermalam di Mercuri karena suasana yang tenang dan mewah,KOMPETITOR,Bintang 4,MercureMadiun,positive,0.9976698756217957,Facilities & Amenities,Facilities & Amenities (0.93); Room Quality & Comfort (0.93); Religious & Halal Features (0.87)
Alung Roy agustin,2025.0,5,tempatnya nyaman pelayanan nya baik ramah makanan dan minuman nya juga bervariasi,KOMPETITOR,Bintang 4,MercureMadiun,positive,0.9991908669471741,Facilities & Amenities,Facilities & Amenities (1.00); Food & Beverage (0.99); Room Quality & Comfort (0.99)
vika lestari,2025.0,5,Hidangan sarapannya enak semuanya sudah cobain semuanya suasana restoran juga nyaman,KOMPETITOR,Bintang 4,MercureMadiun,positive,0.9994723200798035,Facilities & Amenities,Facilities & Amenities (0.98); Check in/out Experience (0.97); Room Quality & Comfort (0.96)
lia dwi mahawati,2025.0,5,tempatnya enak dan nyaman stafnya ramah terima kasih mercur madiun,KOMPETITOR,Bintang 4,MercureMadiun,positive,0.9993471503257751,Facilities & Amenities,Facilities & Amenities (1.00); Room Quality & Comfort (0.99); Guest Experience (0.97)
Angga Putta,2025.0,5,menyenangkan menginap di hari Rabu cuma kalau lagi rame kekurangannya ada di parkir mobil,KOMPETITOR,Bintang 4,MercureMadiun,positive,0.9541371464729309,"Location, Accessibility & Parking","Location, Accessibility & Parking (0.64); Guest Experience (0.59); Religious & Halal Features (0.52)"
da Rida,2025.0,5,kamarnya nyaman bersih pelayanan bagus rekomendasikan hotel untuk keluarga,KOMPETITOR,Bintang 4,MercureMadiun,positive,0.9993780851364136,Service Quality,"Service Quality (0.99); Room Quality & Comfort (0.99); Cleanliness, Hygiene & Maintenance (0.97)"
Hamid Anwar,2025.0,5,pertamakali menginap di mercuir madiun setelah beberapa waktu dibuka langsung saja kita ulas bersama sama 1 parkir cukup baik luas ada ruang terbuka ada ruang bawah tanah ada ruang terbuka 2 kondisi puteran lobi kurang luas terutama untuk minibus seperti hiace elf dan sejenisnya karena sebagian ruang digunakan untuk parkir 3 bagian lobi menyatu dengan resto luasan resto untuk kelas bintang 4 tidak terlalu luas 4 suasana di kamar modern stylish dan tivi smart tivi besar yang sangat baik 5 tidak ada lemari di kamar deluxe hanya ada gantungan baju 6 meja tempat menaruh amenitis minum termos pemanas terlalu sempit 7 tidak ada meja yang cukup,KOMPETITOR,Bintang 4,MercureMadiun,positive,0.9938456416130066,"Location, Accessibility & Parking","Location, Accessibility & Parking (0.98); Facilities & Amenities (0.89); Service Quality (0.40)"
rin dewandaru,2025.0,5,Suka dengan mercucur madiun bersih cepat tenang nyaman sarapannya banyak pilihan n enak2 mbak2 mas2nya ramah2 penuh senyum terus tahan ya,KOMPETITOR,Bintang 4,MercureMadiun,positive,0.9994725584983826,Service Quality,"Service Quality (0.99); Cleanliness, Hygiene & Maintenance (0.99); Service Efficiency & Responsiveness (0.98)"
POLESDEH ID,2025.0,3,kamar bersih semoga konsisten depan resepsionis ramah dan komunikatif ada tapinya sebagai berikut 1 tamu yang tidak bisa parkir di slot depan lobi karena bukan vip datang sini manajemennya piyee saya tamu yang tidak bisa parkir 4 hari 3 mallam tidak boleh parkir disitu 2 slot parkir di ruang bawah tanah banyak ditaruh cone oranye gimana ini manajemen saya tidak bisa parkir 4 hari 3 malam tapi tidak bisa parkir yang nyaman 3 layanan di resto saat sarapan tidak puas silahkan layani tamu dengan hati 4 makanan habis tidak langsung diisi kembali padahal masih jam jam jam jam delapan pagi,KOMPETITOR,Bintang 4,MercureMadiun,negative,0.9936522245407104,"Location, Accessibility & Parking","Location, Accessibility & Parking (0.96); Facilities & Amenities (0.90); Guest Experience (0.85)"
XMCycling,2025.0,4,masih baru lokasi sangat strategis kamar nyaman dan bersih area parkir luas basement park berisik oleh suara knalpot,KOMPETITOR,Bintang 4,MercureMadiun,positive,0.9988471269607544,Room Quality & Comfort,"Room Quality & Comfort (0.99); Facilities & Amenities (0.99); Cleanliness, Hygiene & Maintenance (0.97)"
Siti Muslikah,2025.0,5,layak dapat bintang 5 kamar nyaman sarapan enak kakak nya baik aku dibolehkan minta jeruk murni terima kasih grandmercure,KOMPETITOR,Bintang 4,MercureMadiun,positive,0.9986610412597656,Facilities & Amenities,Facilities & Amenities (0.99); Service Quality (0.99); Room Quality & Comfort (0.99)
Venda Sintya,2025.0,5,Terima kasih atas keramahan mercuy madiun terimakasih banyak juga buat mas fido dimana pun berada selalu terbaik poll pelayanannya aset berharga yang perlu dijaga buat mercuy madiun kopinya enak,KOMPETITOR,Bintang 4,MercureMadiun,positive,0.9991414546966553,Service Quality,Service Quality (0.99); Guest Experience (0.99); Staff Conduct & Hospitality (0.94)
Cheryl Salsabila,2025.0,5,Secara keseluruhan sudah baik pelyanannya sangat ramah tempatmya sangat bagus kamarnya sangat bersih dan nyaman,KOMPETITOR,Bintang 4,MercureMadiun,positive,0.9992353916168213,Service Quality,Service Quality (1.00); Room Quality & Comfort (1.00); Facilities & Amenities (1.00)
Achmad Hadi,2025.0,5,semuanya lewat enak semuanya terima kasih atas pelayanannya dari mbak tiga adel dan jamunya dari mbak ayu mantan semuanya,KOMPETITOR,Bintang 4,MercureMadiun,positive,0.998779833316803,"Loyalty, Recommendation & Appreciation","Loyalty, Recommendation & Appreciation (0.99); Guest Experience (0.99); Service Quality (0.98)"
Yayuk A,2025.0,5,staf ramah dan informatif pelayanan memuaskan suasana dan kamar nyaman dan rapi,KOMPETITOR,Bintang 4,MercureMadiun,positive,0.9993425011634827,Facilities & Amenities,Facilities & Amenities (1.00); Room Quality & Comfort (1.00); Service Quality (0.99)
Widya Octavia Riandini,2025.0,5,hotel baru bangunan masih baru kamar masih bersih dan terawat ada sedikit saran untuk housekeeping agar membersihkan kran udara lebih detail lagi pakai bahan kimia khusus kran udara agar tidak timbul bercak2 udara di kran karena sayang banget jika tidak terawat semoga hotelnya selalu baik dalam segi pelayanan dalam pemenuhan permintaan khusus para tamu menjawab keluhan tamu tolong buatkan restoran khusus dong jangan dicampur dijadikan satu dengan lobi karena panas banget saat pintu sarapan lobiya sering buka tutup dan juga lobiya jadi sempit sofa untuk menunggu masuk cek keluar jadi duduk di kursi restoran karena penuh sofa lobiya staf housekeepingnya di publik adalah,KOMPETITOR,Bintang 4,MercureMadiun,positive,0.9202477931976318,"Cleanliness, Hygiene & Maintenance","Cleanliness, Hygiene & Maintenance (0.99); Service Quality (0.92); Facilities & Amenities (0.90)"
Alifa Rahma,2025.0,5,sarapan enak bervariasi dan menggugah selera untuk kamar sangat nyaman,KOMPETITOR,Bintang 4,MercureMadiun,positive,0.9992743134498596,Room Quality & Comfort,Room Quality & Comfort (0.98); Food & Beverage (0.98); Facilities & Amenities (0.94)
novi prasetyo,2025.0,5,lokasi yang strategis pelayanan memuaskan fasilitas sangat bagus kebersihan kamar dan fasilitas kamar sangat bagus,KOMPETITOR,Bintang 4,MercureMadiun,positive,0.9994431138038635,Service Quality,Service Quality (0.99); Facilities & Amenities (0.99); Room Quality & Comfort (0.99)
Mahmud,2026.0,5,e2e sangat baik sarapan adalah luar biasa baik barang sangat ramah dan membantu hotel yang direkomendasikan untuk tinggal,KOMPETITOR,Bintang 4,MercureMadiun,positive,0.9061817526817322,Food & Beverage,Food & Beverage (1.00); Facilities & Amenities (0.99); Guest Experience (0.99)
Ahmad Hadi Hanafi,2025.0,5,makanan enak tempat tepat di tengha kota madiun dekat alun alun kota dan dekat dengan sentra kuliner,KOMPETITOR,Bintang 4,MercureMadiun,positive,0.9993525147438049,Food & Beverage,"Food & Beverage (0.83); Loyalty, Recommendation & Appreciation (0.80); Family & Group Friendly (0.75)"
P780 Netflix,2025.0,5,Saingan berat nya luar biasa sih ini semoga dijaga terus kualitas dari kamar dan layanan nya sama jangan terlalu mahal harga kamar tarif nya plis,KOMPETITOR,Bintang 4,MercureMadiun,positive,0.9790103435516357,"Cleanliness, Hygiene & Maintenance","Cleanliness, Hygiene & Maintenance (0.99); Facilities & Amenities (0.98); Service Quality (0.98)"
Naufal Gumilang,2025.0,5,hotel baru dengan tempat luas bersih dan nyaman kamar menu estetis makan yang bervariasi dan enak,KOMPETITOR,Bintang 4,MercureMadiun,positive,0.9991450309753418,Facilities & Amenities,"Facilities & Amenities (0.99); Room Quality & Comfort (0.99); Cleanliness, Hygiene & Maintenance (0.99)"
Aditya Hendric,2025.0,4,Dari segi bangunan memang masih baru kamar sarapan fasilitas gym terbatas dan kolam renang sbnrnya gaada masalah apapun semuanya oke karena masih baru masalahnya hanya terkait ketersediaan alat sholat seperti sarung mukena sangat terbatas memang mungkin terlihat mudah sih tpi karena sudah sering pindah2 dan mencoba berbagai hotel juga untuk sekelas jumlah alat sholat terbatas cukup membuat kecewa mungkin hal baru berikutnya seperti ini bisa diperhatikan kembali hal kecil tapi membuat pelayanan tidak maksimal karena untuk ibadah kemudian satu lagi ini ke arah kiblat kok mengarah ke timur ya mungkin kedepannya bisa diperbaiki,KOMPETITOR,Bintang 4,MercureMadiun,negative,0.9702928066253662,Facilities & Amenities,Facilities & Amenities (0.90); Guest Experience (0.70); Religious & Halal Features (0.51)
Rizky Buana Thamrin,2025.0,5,Tempat nyaman yang sangat baik dengan layanan yang baik benar-benar vibey sedikit saran dari saya karena itu mengatakan kamar tahan suara mungkin membuatnya 100 tahan suara dan itu akan sempurna 10 keluar 10 rating,KOMPETITOR,Bintang 4,MercureMadiun,positive,0.9958427548408508,Service Quality,Service Quality (1.00); Facilities & Amenities (0.99); Room Quality & Comfort (0.98)
Siregar Sormin,2025.0,5,tempatnya nyaman dan bersih karna hotel baru dibuka belum lagi nama hotel mercure emang sudah terkenal kenyamanannya dan fasilitanya,KOMPETITOR,Bintang 4,MercureMadiun,positive,0.9991955161094666,Facilities & Amenities,Facilities & Amenities (0.98); Service Quality (0.97); Room Quality & Comfort (0.97)
elnath naim,2025.0,5,Secara keseluruhan saya memiliki pengalaman yang luar biasa dengan hotel Mercure friendly staf bersih hotel kolam renang gym dan spa tersedia memiliki menu sarapan yang berbeda pemandangan kota dari kamar saya juga sangat bagus,KOMPETITOR,Bintang 4,MercureMadiun,positive,0.999417781829834,Facilities & Amenities,"Facilities & Amenities (1.00); Cleanliness, Hygiene & Maintenance (1.00); Service Quality (1.00)"
Afrida Nh,2025.0,5,staf ramah pelayanan cepat dan menu sarapannya enak semuaa,KOMPETITOR,Bintang 4,MercureMadiun,positive,0.9990617632865906,Service Efficiency & Responsiveness,Service Efficiency & Responsiveness (1.00); Food & Beverage (1.00); Staff Conduct & Hospitality (0.99)
Liana Go,2025.0,1,Ini adalah pertama kalinya saya mengunjungi hotel ini secara keseluruhan bangunan baik-baik saja dan kamar-kamarnya baik seperti hotel bintang empat khas namun saya sangat kecewa dengan layanan kantor depan saya memesan dua kamar untuk 4 orang dewasa dan 2 anak melalui platform perjalanan online sayangnya ketika tiket dikeluarkan saya tidak memeriksa rincian dengan hati-hati ketika saya tiba di hotel staf kantor depan mengatakan kepada saya bahwa pemesanan hanya termasuk sarapan untuk 2 orang dewasa dia mengatakan tiket hanya menyebutkan 2 orang dewasa lol bagaimana saya bisa memesan dua kamar untuk hanya 2 orang dewasa sejauh saya tahu masuk sebagian besar hotel Indonesia satu kamar adalah,KOMPETITOR,Bintang 4,MercureMadiun,negative,0.9988754391670227,Service Quality,Service Quality (0.95); Facilities & Amenities (0.93); Guest Experience (0.87)
Wendrari Adventurous,2025.0,3,kami menginap di ruang istimewa kamar bersih ada ruang tamu dengan sofa tv kami datang sebelum jam cek masuk bertanya resepsionis hotel apakah kamar yang kami pesan sudah siap mba repsionisnya bilang sudah siap saya izin boleh saya masuk sebelum waktunya mbanya bilang boleh bu tapi kena kasus 50 dari harga kamar yang dipesan kami terkejut katanya ini sudah sore hari Rabu kami putuskan untuk menunggu saja karna masih 3 jam lagi pada hal kami pernah seperti ini di hotel mercure jakarta bandung selama kamar yang kami pesan siap kami sudah dipersilahkan masuk tanpa kena kasus apapun sepertinya staf di sini kurang koordinasi dengan petugas menjaga rumah saat ini,KOMPETITOR,Bintang 4,MercureMadiun,negative,0.9850886464118958,Service Quality,"Service Quality (0.84); Cleanliness, Hygiene & Maintenance (0.77); Booking & Reservation Experience (0.75)"
Yayak Noor,2025.0,5,Saya penghuni 10 sangat puas dng semua vasilitas hotel mercure dalam smua yang ada termasuk hidangan yang disajikan sangar beragam pastinya para staf salam smua yang di sampaikan layanan kpda tamu hotel,KOMPETITOR,Bintang 4,MercureMadiun,positive,0.9988507032394409,Facilities & Amenities,Facilities & Amenities (1.00); Staff Conduct & Hospitality (0.98); Service Quality (0.97)
Charismawan C. Nugroho,2025.0,5,Saya memiliki menginap yang menyenangkan di Mercure Madiun selama akhir pekan yang sibuk hotel menyediakan lingkungan yang nyaman dan bersih dan staf yang sopan dan perhatian meskipun pekerjaan tinggi proses pemesanan di semua com lancar dengan satu catatan penting ketika membuat pemesanan pra memperpanjang pemesanan baru dibuat alih-alih memperpanjang yang ada namun staf sangat membantu masuk membantu dan memberikan penjelasan yang jelas tentang proses ini secara keseluruhan pengalaman yang baik dan saya akan merekomendasikan hotel ini untuk keluarga rekan atau teman-teman mencari tinggal yang dapat diandalkan masuk madiun,KOMPETITOR,Bintang 4,MercureMadiun,positive,0.9974779486656189,Facilities & Amenities,"Facilities & Amenities (0.99); Cleanliness, Hygiene & Maintenance (0.99); Staff Conduct & Hospitality (0.99)"
Henri Cahyo Setiawan,2025.0,5,hotelnya masih baru sangat bagus menu makanan enak dan beragam sangat menyenangkan,KOMPETITOR,Bintang 4,MercureMadiun,positive,0.9987842440605164,Food & Beverage,Food & Beverage (0.97); Guest Experience (0.96); Family & Group Friendly (0.89)
Nurma Ningtyas,2025.0,5,puas banget nginap di hotel mercuyannya pelayanannya super ramah baik kamar juga bersih pokok puaass lain kli bakal nginap dsn lgi mksih buat semua karyawan hotel mercuy,KOMPETITOR,Bintang 4,MercureMadiun,positive,0.9992533326148987,"Cleanliness, Hygiene & Maintenance","Cleanliness, Hygiene & Maintenance (0.99); Service Quality (0.99); Facilities & Amenities (0.97)"
Ronald Hadipura,2025.0,5,menginap dimercure madiun menurut saya tempat bagus bersih dan nyaman serta makanan enak seluruhnya,KOMPETITOR,Bintang 4,MercureMadiun,positive,0.9995123147964478,Room Quality & Comfort,"Room Quality & Comfort (1.00); Facilities & Amenities (1.00); Cleanliness, Hygiene & Maintenance (1.00)"
a*** m***,2025.0,5,Ksni karena ada acara kantor gedungnya bersih makanan enak kamar mandi bersih baik,KOMPETITOR,Bintang 4,MercureMadiun,positive,0.9993506073951721,Facilities & Amenities,"Facilities & Amenities (0.98); Cleanliness, Hygiene & Maintenance (0.97); Service Quality (0.96)"
Kristya Doni N,2025.0,4,tempat nyaman makanan enak anak anak nyaman karena ada tempat bermain,KOMPETITOR,Bintang 4,MercureMadiun,positive,0.9995219707489014,Facilities & Amenities,Facilities & Amenities (0.96); Room Quality & Comfort (0.94); Guest Experience (0.90)
najaem,2025.0,5,Pelayanannya bagus semua dari kamar dan resto makanannya juga enak enak dan variatif pekerjaan yang baik,KOMPETITOR,Bintang 4,MercureMadiun,positive,0.9988827109336853,Food & Beverage,Food & Beverage (1.00); Facilities & Amenities (0.99); Guest Experience (0.99)
Sonny Arifin,2025.0,4,nich pengalaman masukan ikan ada sedikit bau tanah soto barat kurang empuk babatnya bubur ayam nya kurang asin sedikit bagaimanapun memuaskan,KOMPETITOR,Bintang 4,MercureMadiun,positive,0.9931188821792603,Check in/out Experience,Check in/out Experience (0.96); Guest Experience (0.94); Cultural & Heritage Experience (0.90)
Gono Semiadi,2025.0,5,bersih tenang sarapan banyak ragam jam 00:30 pagi tiba d hotel ditawari kudapan untuk ganjel perut lapar perjalanan mantap lah,KOMPETITOR,Bintang 4,MercureMadiun,positive,0.9988320469856262,Food & Beverage,"Food & Beverage (0.94); Cleanliness, Hygiene & Maintenance (0.92); Service Quality (0.89)"
Budi lesmana,2025.0,5,suasana restoran cocok untuk keluarga makanya sangat banyak dan bervariasi,KOMPETITOR,Bintang 4,MercureMadiun,positive,0.9987941980361938,Family & Group Friendly,Family & Group Friendly (0.99); Facilities & Amenities (0.98); Room Quality & Comfort (0.95)
Momo Paopao,2025.0,5,sarapannya oke makanannya enak pelayanannya baik mbak hawa murah senyum baik,KOMPETITOR,Bintang 4,MercureMadiun,positive,0.9985484480857849,Service Quality,Service Quality (0.99); Guest Experience (0.98); Staff Conduct & Hospitality (0.95)
Ellyana Tan,2025.0,5,Mercuri madiun adalah pelayanan terbaik oke banget menu makanan enak2 semua recomended bngt,KOMPETITOR,Bintang 4,MercureMadiun,positive,0.9995239973068237,Service Quality,Service Quality (1.00); Guest Experience (0.99); Food & Beverage (0.96)
Estella Elisabeth,2025.0,5,pelayanan baik makanan enak sangat memuaskan,KOMPETITOR,Bintang 4,MercureMadiun,positive,0.998883068561554,Service Quality,Service Quality (1.00); Guest Experience (0.99); Facilities & Amenities (0.94)
oen wardono,2025.0,5,izinkan saya menggunakan bahasa indonesia saya terima kasih untuk mercur madiun dengan pelayanan yang hangat makanan yang enak walau mungkin tak seterkenal pecel madiun mungkin usul tapi tidak asal coba dong untuk sabun dan sampo nya wanginya lemongrass sereh maturnuwun,KOMPETITOR,Bintang 4,MercureMadiun,positive,0.9942988157272339,Service Quality,Service Quality (1.00); Guest Experience (0.99); Staff Conduct & Hospitality (0.94)
Ard Fachruz,2025.0,5,pilihan sarapan bervariasi tersedia makanan dan minuman tradisional,KOMPETITOR,Bintang 4,MercureMadiun,positive,0.9966604709625244,Food & Beverage,Food & Beverage (0.98); Cultural & Heritage Experience (0.88); Family & Group Friendly (0.63)
monica anastasya,2025.0,5,saat menginap saya berada di tipe kamar suite untuk kamar tipe suite cukup luas lengkap dengan fasilitas ruang tamu meja makan dan ada 2 tempat toilet dan mandi kamar bersih dan nyaman untuk fasilitas hotel ada taman bermain cukup nyaman untuk anak anak kolam renang dan fitness center staf nya ramah dan sigap untuk melayani lokasi hotel cukup strategis layanan kamar nya variatif keluar dari lift koridor untuk kamar tercium wangi,KOMPETITOR,Bintang 4,MercureMadiun,positive,0.9995766282081604,Facilities & Amenities,Facilities & Amenities (1.00); Staff Conduct & Hospitality (0.98); Service Efficiency & Responsiveness (0.96)
Reyhan DPN_Jawa Timur,2025.0,5,untuk sarapan nya sangat enak dan pelayanannya sangat sangat ramah terimakasih untuk kak garnis,KOMPETITOR,Bintang 4,MercureMadiun,positive,0.9989864230155945,Service Quality,Service Quality (0.98); Service Efficiency & Responsiveness (0.98); Guest Experience (0.98)
Andryan Adi Wijaya,2025.0,5,hanya berjarak sekitar 100 m dari alun alun kota madiun fasilitas lengkap ruangan bersih layanan baik semoga bisa menginap lagi di hotel ini,KOMPETITOR,Bintang 4,MercureMadiun,positive,0.9993913173675537,Service Quality,"Service Quality (0.99); Facilities & Amenities (0.99); Cleanliness, Hygiene & Maintenance (0.97)"
Mas Aris,2025.0,4,hotel bintang 4 dekat dengan pusat kota madiun hanya 300m dari alun alun madiun,KOMPETITOR,Bintang 4,MercureMadiun,positive,0.9987989664077759,Service Quality,"Service Quality (0.83); Loyalty, Recommendation & Appreciation (0.82); Cleanliness, Hygiene & Maintenance (0.80)"
alwi sodiq,2025.0,5,nyaman tempat tempat makan dekat dekat dekat pasar pusat kota alun2 masjid pusat bisnis tempat makan dll,KOMPETITOR,Bintang 4,MercureMadiun,positive,0.9993531107902527,Facilities & Amenities,Facilities & Amenities (0.96); Room Quality & Comfort (0.92); Food & Beverage (0.86)
Maria Brassinga,2025.0,5,hotel baru di madiun dengan fasilitas lengkap dan masih segar semuanya kolam renang taman bermain gym kamar bersih nyaman tenang ac dingin tersedia kulkas kursi santai pemanas udara jendela dengan pemandangan kota madiun pelayanan baik ramah informatif roomboy satpam stafnya ramah menu sarapan variasi nya banyak rasanya enak ada makanan lokal asian aneka roti salah satu pilihan yang dianjurkan untuk menginap di madiun,KOMPETITOR,Bintang 4,MercureMadiun,positive,0.9995715022087097,Facilities & Amenities,Facilities & Amenities (1.00); Service Quality (0.98); Staff Conduct & Hospitality (0.95)
mann,2025.0,5,pilihan menginap terbaik di kota madiun terletak di tengah kota madiun yepat dekat alun alun kota madiun hotel dengan kota view terbaik,KOMPETITOR,Bintang 4,MercureMadiun,positive,0.9995458722114563,Service Efficiency & Responsiveness,Service Efficiency & Responsiveness (0.60); Facilities & Amenities (0.59); Family & Group Friendly (0.58)
Sri Sulistinah,2025.0,5,lokasi baik kamar baik staf nya juga baik dan ramah mungkin yang perlu diperbaiki untuk nya ya karena ketika memeriksa ini kami di beri tahu bahwa sarapan hanya di berikan untuk 1 orang saya tegaskan lagi saya untuk 1 orang per kamar agak bingung juga sih lalu saya konfirmasi ke restoran berlaku untuk 2 orang terimakasih ya mbak2 dan mas2 yang di resto informasi membantu selain itu ketika kami meminta kamar yang menghubungkan karena kebetulan di kamar 612 berhubungan dengan 616 tidak bisa mengatakan sudah di atur seperti itu artinya kurang fleksibel saya sudah jelaskan membawa cucu untuk makanan menurut saya ya oke2 sajalah semoga pertambangan semakin mem kedepannya,KOMPETITOR,Bintang 4,MercureMadiun,positive,0.9182274341583252,Staff Conduct & Hospitality,Staff Conduct & Hospitality (0.99); Facilities & Amenities (0.99); Service Quality (0.98)
Erna Aprilla,2025.0,5,pengalaman yang menyenangkan menginap di sini makanannya oke dan pelayanannya baik,KOMPETITOR,Bintang 4,MercureMadiun,positive,0.9985629916191101,Service Quality,Service Quality (1.00); Guest Experience (0.99); Room Quality & Comfort (0.98)
brilianti roseana,2025.0,5,Hotel terbaik di madiun sih ini beneran enak semua sarapan sama makan malamnya oke tidak ada yang zonk pelayanan ramah kamar bersih dan nyaman 3 jam 2 pagi yang berkesan apalagi ada musik livenya,KOMPETITOR,Bintang 4,MercureMadiun,positive,0.999488115310669,Service Quality,"Service Quality (1.00); Cleanliness, Hygiene & Maintenance (1.00); Room Quality & Comfort (0.99)"
murtono sh,2025.0,5,Makannya sangat enak tempat bersih dan pelayanan juga bagus,KOMPETITOR,Bintang 4,MercureMadiun,positive,0.9992213249206543,"Cleanliness, Hygiene & Maintenance","Cleanliness, Hygiene & Maintenance (1.00); Service Quality (1.00); Food & Beverage (1.00)"
Yanto Attijani,2025.0,5,bagus pelayanannya bagus kamar jg bagus ada area asap,KOMPETITOR,Bintang 4,MercureMadiun,positive,0.9991909861564636,Service Quality,Service Quality (1.00); Facilities & Amenities (0.99); Guest Experience (0.99)
root story,2025.0,5,waktu sarapan ada yang unik nasi jotos khas madiun lokasi hotel dekat dengan alun2 madiun deket juga pecel rahayu,KOMPETITOR,Bintang 4,MercureMadiun,positive,0.9992316961288452,Food & Beverage,Food & Beverage (0.99); Cultural & Heritage Experience (0.91); Guest Experience (0.89)
Tri S,2025.0,4,layanan bagus untuk penghijauan lingkungan masih kurang ruang khusus perokok knalpot nya tidak berfungsi,KOMPETITOR,Bintang 4,MercureMadiun,positive,0.6156585216522217,Facilities & Amenities,Facilities & Amenities (0.99); Sustainability & Environmental Quality (0.99); Guest Experience (0.98)
Suhardi Aji S.,2025.0,5,hotel sangat nyaman skl pelayanan ramah,KOMPETITOR,Bintang 4,MercureMadiun,positive,0.999315619468689,Service Quality,Service Quality (0.99); Facilities & Amenities (0.98); Staff Conduct & Hospitality (0.98)
Dhani Gempil,2025.0,5,hotel yang sangat bagus dan nyaman pelayanan ramah kamar bagus toilet bersih,KOMPETITOR,Bintang 4,MercureMadiun,positive,0.9992337226867676,Facilities & Amenities,Facilities & Amenities (1.00); Room Quality & Comfort (0.99); Service Quality (0.99)
Boyd Utama,2025.0,5,pelayanan ramah dan membantu makanan enak ruangan oke semua bersih,KOMPETITOR,Bintang 4,MercureMadiun,positive,0.999128520488739,"Cleanliness, Hygiene & Maintenance","Cleanliness, Hygiene & Maintenance (1.00); Guest Experience (1.00); Facilities & Amenities (1.00)"
3IA03_Amelia Amiruddin,2025.0,5,Hotel yang bagus bersih dan rapih pemandangan yang bagus dan bisa berjalan2 santai,KOMPETITOR,Bintang 4,MercureMadiun,positive,0.9991326928138733,"Cleanliness, Hygiene & Maintenance","Cleanliness, Hygiene & Maintenance (1.00); Service Quality (0.99); Facilities & Amenities (0.99)"
Ginda Pamela,2025.0,5,Aku menginap malam ini dengan keluarga saya di sini hotel baru dibangun bersih nyaman aku suka itu pasti merekomendasikan,KOMPETITOR,Bintang 4,MercureMadiun,positive,0.9977155923843384,"Cleanliness, Hygiene & Maintenance","Cleanliness, Hygiene & Maintenance (0.99); Room Quality & Comfort (0.98); Facilities & Amenities (0.98)"
kompani saragih,2025.0,5,Baik atau baik semua kecuali kamar stok muneral,KOMPETITOR,Bintang 4,MercureMadiun,positive,0.5701553821563721,Facilities & Amenities,Facilities & Amenities (0.77); Guest Experience (0.72); Sustainability & Environmental Quality (0.70)
Srie Bucin Official,2025.0,5,tempat nyaman staf layanan baggus ramah variasi makanan banyak,KOMPETITOR,Bintang 4,MercureMadiun,positive,0.9972937703132629,Facilities & Amenities,Facilities & Amenities (0.99); Guest Experience (0.97); Staff Conduct & Hospitality (0.96)
Kris Witjaksono,2025.0,5,Hotel baru kamar nya bersih dan nyaman tarif nya layaknya lokasi sangat strategis apapun tapi hebat,KOMPETITOR,Bintang 4,MercureMadiun,positive,0.9987776875495911,Room Quality & Comfort,"Room Quality & Comfort (1.00); Facilities & Amenities (1.00); Cleanliness, Hygiene & Maintenance (0.99)"
indriana hardjoloekito,2025.0,5,makanan enak untuk staf juga ramah sekali terimakasih untuk pelayanannya sukses selalu,KOMPETITOR,Bintang 4,MercureMadiun,positive,0.998776376247406,Service Quality,Service Quality (0.99); Staff Conduct & Hospitality (0.99); Guest Experience (0.98)
Dellisa Aini,2025.0,5,sangat mengesankan dengan sarapan yang menuunya banyak jamunya mantap,KOMPETITOR,Bintang 4,MercureMadiun,positive,0.9989845156669617,Food & Beverage,Food & Beverage (0.98); Service Quality (0.86); Cultural & Heritage Experience (0.78)
Rachmy Austin,2025.0,5,3 hari tinggal dengan nyaman di sini pilih kamar yang istimewa kamar kembar masuk masuk tidak langsung lihat kasur tapi lemari rasanya kamar jadi lebih luas bisa teruh barang dengan leluasa kamar tour video ada di tiktok coretin instagram rachmyaustinw lokasi benar benar di tengah kota karena deket banget sama alun alun alun alun alun alun alun alun alun alun alun alun alun alun alun alun alun alun alun alun alun alun alun alun alun alun alun alun alun alun alun alun alun alun alun alun alun alun alun alun alun alun alun alun alun alun alun alun alun alun alun alun alun alun alun alun alun alun alun alun alun alun alun alun alun alun,KOMPETITOR,Bintang 4,MercureMadiun,positive,0.9988831877708435,Personalized & Special Services,Personalized & Special Services (0.92); Family & Group Friendly (0.91); Facilities & Amenities (0.89)
Laila Istia Sari,2025.0,5,sarapan super komplit segala makanan saja enak2 pegawai hotel cantik2,KOMPETITOR,Bintang 4,MercureMadiun,positive,0.999261200428009,Service Quality,Service Quality (0.85); Food & Beverage (0.81); Service Efficiency & Responsiveness (0.80)
Ita Marita,2025.0,5,makanan enak layanan ramah deket dengan pusat kota,KOMPETITOR,Bintang 4,MercureMadiun,positive,0.9992363452911377,Service Quality,Service Quality (0.99); Facilities & Amenities (0.98); Guest Experience (0.97)
ZAHRA APRILIA 8D,2025.0,5,makanan minuman nya enak pelayanan yang bagus,KOMPETITOR,Bintang 4,MercureMadiun,positive,0.9987165927886963,Service Quality,Service Quality (1.00); Food & Beverage (0.99); Guest Experience (0.98)
Kristophorus Divinanto,2025.0,4,ulasan Februari 2025 Valentine makan malam di sana pengendara motor masuk lewat jalan nori jalan di sebelah hotel mobil bisa langsung masuk lewat h agus salim lumayan kaget ternyata lounge nya jadi satu dengan lobi jadi ketika makan kami bisa melihat orang lalu lalang masuk hotel kami yang biasa makan di hotel st madiun sebelumnya dengan ruang khusus makan lumayan canggung dengan kondisi makan di posisi seperti ini sangat enak secara tema dan visual makanannya benar benar dipikirkan karena Valentine jadi semua makanan dibuat sedekat mungkin dengan merah seperti es dan manis kue isi krimnya lumayan kemanisan kue menurut saya baksonya sangat enak selama kami muda di madi,KOMPETITOR,Bintang 4,MercureMadiun,positive,0.9896419644355774,Facilities & Amenities,Facilities & Amenities (0.71); Guest Experience (0.59); Ambience & Design (0.54)
Marliahaena Suradinarta,2025.0,5,Hotel baru semua fasilitas bersih dan baru kasur nyaman perabot bagus pelayanan oke secara keseluruhan semua oke,KOMPETITOR,Bintang 4,MercureMadiun,positive,0.9990917444229126,Facilities & Amenities,"Facilities & Amenities (0.99); Service Quality (0.99); Cleanliness, Hygiene & Maintenance (0.99)"
Galih JP,2025.0,1,kamar baru oke namun menurut saya pelayanannya tidak bagus saat menginap berharap mendapatkan pelayanan dan privasi yang diharapkan namun saya tidak mendapatkan hal tersebut saya keluar dari kamar jam 5:30 untuk sholat setiap saya memberikan isyarat dilampu bel jangan dibersihkan namun yang terjadi saat saya pulang kira kira jam 19.00 yang saya dapati kamar sudah dibersihkan kunci kamar yang saya gantungkan di dinding sudah tidak ada dan panas uang yang saya keluarkan karena arus listriknya mati dan lagi untuk tangan yang membersihkan diambil semua di dalam kamar ketika saya bertanya kepada mgr dan gm baru menginformasikan kami mohon maaf namun tidak memberikan solusi,KOMPETITOR,Bintang 4,MercureMadiun,negative,0.9983943104743958,Pricing & Value for Money,Pricing & Value for Money (0.72); Check in/out Experience (0.72); Guest Experience (0.69)
oktaviani budi praptiwi,2025.0,5,Sangat cocok untuk keluarga dengan anak2 nyaman dan lokasi strategis di kota fasilitas lengkap makanan enak dan banyak pilihan,KOMPETITOR,Bintang 4,MercureMadiun,positive,0.9995149374008179,Facilities & Amenities,Facilities & Amenities (0.99); Family & Group Friendly (0.99); Food & Beverage (0.93)
Deya Deshinta,2025.0,5,saya menginap 8 9 April 1malam niat mau mencoba hotel baru pertama kali buagus banget hotelnya mewah bersih rapih nyaman enak banget pokoknya staf nya ramah2 fo nya satpamnya tapi yang bawain troli barang baik saat mau cekin cekout agak kurang ramah ya tapi gapapa secara keseluruhan sangat puas sehat2 semua yang bekerja di sini pekerjaan baik klo ke madiun ingin menginap di sini lagi harga murahin dong mulai dari 500gt biar tidak terlalu banyak2 banget hehehe makasiih mercure,KOMPETITOR,Bintang 4,MercureMadiun,positive,0.9987769722938538,Pricing & Value for Money,"Pricing & Value for Money (0.90); Staff Conduct & Hospitality (0.88); Cleanliness, Hygiene & Maintenance (0.81)"
ahmad thohir,2025.0,5,pelayanan ramah area bersih dan nyaman makanan enak,KOMPETITOR,Bintang 4,MercureMadiun,positive,0.9992616772651672,Room Quality & Comfort,"Room Quality & Comfort (0.99); Facilities & Amenities (0.99); Cleanliness, Hygiene & Maintenance (0.99)"
Agnes erlina Susanto,2025.0,5,Sangat nyaman tentunya bersih fasilitas jg lengkap makanannya jg enak dan bervariasi wajib liburan kesini lagi,KOMPETITOR,Bintang 4,MercureMadiun,positive,0.9993612170219421,Facilities & Amenities,"Facilities & Amenities (0.99); Cleanliness, Hygiene & Maintenance (0.98); Service Quality (0.92)"
Papa Udi,2025.0,5,sangat istimewa sarapan pagi nya mantap deh,KOMPETITOR,Bintang 4,MercureMadiun,positive,0.9993925094604492,Personalized & Special Services,Personalized & Special Services (0.92); Food & Beverage (0.84); Cultural & Heritage Experience (0.79)
Dhyah Aksarani Handamari,2025.0,5,kami menginap saat bulan ramadhan layanan memuaskan saya sbg anggota semua accor tambah kamar diupgrade makananny juga enak dan variatif baik saat buka puasa maupun sahur saat reservasi iftar juga sangat terbantu oleh pak dicky f b manager terima kasih lokasi di tengah kota wajib dicoba kalau berkunjung ke madiun,KOMPETITOR,Bintang 4,MercureMadiun,positive,0.9994074106216431,Service Quality,"Service Quality (0.99); Loyalty, Recommendation & Appreciation (0.97); Family & Group Friendly (0.96)"
febby amirul,2025.0,5,lokasi strategis fasilitas lengkap sarapan mantap,KOMPETITOR,Bintang 4,MercureMadiun,positive,0.9993245601654053,Facilities & Amenities,Facilities & Amenities (0.99); Service Quality (0.95); Food & Beverage (0.95)
BUBU AJENG,2025.0,5,punya pengalaman seru 2 malam selain memang masih baru sehingga semua fasilitas bagus di malam pertama jam 12 malam tiba tiba tiba listrik di kamar kami mati saat teknisi datang saya minta pindah kamar di tipe yang sama namun karena sudah habis pihak hotel upgrade tipe kamar kami terimakasih atas pelayanannya mercucu madiun,KOMPETITOR,Bintang 4,MercureMadiun,positive,0.9948009252548218,Facilities & Amenities,Facilities & Amenities (0.85); Service Quality (0.82); Guest Experience (0.72)
Ujang Yusup,2025.0,5,untuk pelayanan sangat bagus makanan nya sangat enak dan lezat,KOMPETITOR,Bintang 4,MercureMadiun,positive,0.9974532723426819,Service Quality,Service Quality (1.00); Guest Experience (1.00); Food & Beverage (0.96)
Linda Widianingsih,2025.0,5,secara keselurahan sangat dianjurkan bagi instansi untuk melaksanakan kegiatan di hari Rabu,KOMPETITOR,Bintang 4,MercureMadiun,neutral,0.9900273680686951,Room Quality & Comfort,Room Quality & Comfort (0.88); Religious & Halal Features (0.83); Staff Conduct & Hospitality (0.78)
Travelonistic,2025.0,4,di sini pilih desain kamar dan fasilitas kamar seperti junior suite kamar disekat menjadi 2 kamar kamar tidur dan ruang tamu masing2 kamar ada tv android yang ukurannya cukup besar 50 dan di ruang tamu di depan tv disediakan sofa dan meja serta meja kerja lantai kamar seluruhnya dilapisi karpet yang cukup tebal variasi makanan saat sarapan cukup bervariasi secara fasilitas hotel ini cukup bagus hanya saja bagian resepsi kurang tanggap dengan catatan permintaan khusus dari tamu saya pemesanan di aplikasi kantor dengan catatan agar disediakan sajadah mukena dan sarung di kamar namun tidak dipenuhi jika setelah di kamar tidak dihubungi lagi dan setelah dihubungi,KOMPETITOR,Bintang 4,MercureMadiun,positive,0.984636664390564,Facilities & Amenities,Facilities & Amenities (0.99); Personalized & Special Services (0.70); Guest Experience (0.69)
Puji Trie Hartanto,2025.0,5,kamar bersih fasilitas baik tempat sarapan kecil,KOMPETITOR,Bintang 4,MercureMadiun,positive,0.9983545541763306,Facilities & Amenities,"Facilities & Amenities (0.99); Cleanliness, Hygiene & Maintenance (0.99); Service Quality (0.99)"
Minter Suraidi Tarigan,2025.0,5,makanan minumannya sangat bagus sangat banyak pilihan dan terukur dalam rasa,KOMPETITOR,Bintang 4,MercureMadiun,positive,0.9991579055786133,Food & Beverage,"Food & Beverage (0.98); Loyalty, Recommendation & Appreciation (0.77); Check in/out Experience (0.77)"
Noor Azizah Nilams,2025.0,5,Pelayananannya ramah sangat membantu sekali dengan kak adelia makanannya enak enak semua dan dibantu pasti harga ulang tahun juga terima kasih semua kak mercur hotel,KOMPETITOR,Bintang 4,MercureMadiun,positive,0.9993188381195068,Staff Conduct & Hospitality,Staff Conduct & Hospitality (0.99); Service Quality (0.98); Guest Experience (0.96)
sheila puspitasari,2025.0,5,Kamarnya bagus anak-anak ramah karena ada klub kir anak2 suka sekali staf nya ramah2,KOMPETITOR,Bintang 4,MercureMadiun,positive,0.9993715882301331,Guest Experience,Guest Experience (0.99); Room Quality & Comfort (0.99); Service Quality (0.97)
Mr J,2025.0,5,rek yang liburan ke madiun kyk aku nginepnya wajib disini bagus nyaman mewah bfastnya uenak harga juga terjangkau sesuai dengan fasilitas dan juga aksesnya ditengah kota mudah kemana2 merkure tidak pernah ngecewain,KOMPETITOR,Bintang 4,MercureMadiun,positive,0.9995823502540588,Facilities & Amenities,Facilities & Amenities (1.00); Pricing & Value for Money (1.00); Food & Beverage (0.99)
Cahyo Febriant,2025.0,5,sarapan makanannya enak enak pelayan cantik cantik dan ramah semua,KOMPETITOR,Bintang 4,MercureMadiun,positive,0.9992541670799255,Guest Experience,Guest Experience (0.99); Staff Conduct & Hospitality (0.99); Service Quality (0.99)
GungSu Anika,2025.0,5,bisa tidur nyenyak dan parkir lembah nya satset silakan coba yang lg di madiun,KOMPETITOR,Bintang 4,MercureMadiun,neutral,0.6227044463157654,"Location, Accessibility & Parking","Location, Accessibility & Parking (0.95); Facilities & Amenities (0.95); Room Quality & Comfort (0.71)"
Ringgih Swasmita,2025.0,5,Lokasinya strategis dekat dengan patung Merlion pusat oleh dan alun2 madiun pelayanan ramah dari kantor depan sampai staf terima kasih mercure,KOMPETITOR,Bintang 4,MercureMadiun,positive,0.9994556307792664,Service Quality,Service Quality (0.99); Facilities & Amenities (0.98); Staff Conduct & Hospitality (0.98)
Fredo Yolendra,2025.0,2,Lokasinya sangat strategis tapi pelayanannya harus bisa ditingkatkan jam 4 kurang datang rombongan tetapi kamar belum siap akhirnya baru siap setelah jam 5 sore padahal umumnya hotel harus siap setelah jam 2 karena kita pun diminta checkout sebelum jam 12,KOMPETITOR,Bintang 4,MercureMadiun,positive,0.6853783130645752,Service Quality,Service Quality (0.88); Facilities & Amenities (0.84); Service Efficiency & Responsiveness (0.65)
Widya Anugerah,2025.0,5,kamarnya bagus bersih dan nyaman pelayanannya bagus dekat kemana mana mana,KOMPETITOR,Bintang 4,MercureMadiun,positive,0.9994344115257263,Room Quality & Comfort,"Room Quality & Comfort (1.00); Facilities & Amenities (0.99); Cleanliness, Hygiene & Maintenance (0.99)"
Linda Xmayaa,2025.0,5,sangat mengesankan dengan sarapan yang menuunya bervariatif,KOMPETITOR,Bintang 4,MercureMadiun,positive,0.9988194108009338,Food & Beverage,Food & Beverage (0.98); Cultural & Heritage Experience (0.80); Guest Experience (0.76)
bubble puffie,2025.0,5,hotelnya manteb banget kamarnya fasilitas baguss,KOMPETITOR,Bintang 4,MercureMadiun,positive,0.9992085099220276,Service Quality,Service Quality (0.96); Room Quality & Comfort (0.96); Facilities & Amenities (0.96)
Ashley Daisy,2025.0,5,hotel bintang 5 baru di madiun masih sangat bersih wangi smoga selalu terjaga kebersihan wanginya jg untuk bufe apa iya perpax nya sgtu tidak kemahalan ta paling tidak 90 100k untuk bufe bfast nya dan tolong yang jaga diresepsiis rajin cek wa nya kalau pelanggan mesen via wa biar duduk set,KOMPETITOR,Bintang 4,MercureMadiun,positive,0.9958139061927795,"Cleanliness, Hygiene & Maintenance","Cleanliness, Hygiene & Maintenance (0.99); Pricing & Value for Money (0.96); Service Quality (0.96)"
OCAN CEPLES,2025.0,5,pelayanan sangat baik lokasi strategis bersih nyaman,KOMPETITOR,Bintang 4,MercureMadiun,positive,0.9992489218711853,Service Quality,Service Quality (1.00); Facilities & Amenities (0.99); Guest Experience (0.99)
Ed Aud,2025.0,1,layanan yang sangat buruk kamar tetap tidak bersih tujuh lima jam setelah 5 jam 30 permintaan housekeeping pizza pesanan mengambil 75 menit untuk tiba dingin meskipun dua pengingat staf tidak dapat memahami atau menanggapi keluhan saya masuk bahasa Inggris hotel ini tidak siap untuk bisnis belum hari kedua bencana dan sangat mengkhawatirkan kegagalan layanan yang menimbulkan pertanyaan serius tentang bagaimana hotel ini dijalankan dan bagaimana stafnya dikelola debacle ini berlanjut pada pagi berikutnya setelah kegagalan yang diuraikan sebelumnya saya meminta pisau untuk memotong roti yang tidak dipotong staf tampaknya memahami tetapi kemudian pergi menghilang,KOMPETITOR,Bintang 4,MercureMadiun,negative,0.9993675351142883,Complaint Handling & Service Recovery,Complaint Handling & Service Recovery (0.79); Service Quality (0.79); Guest Experience (0.78)
Pradina Sugiharto,2025.0,4,Masih baru jadi gedung dan kamarnya masih bersih kekurangannya di tombol angkat ngga ada informasi letak kolam renang resto fasilitas lain di lantai berapa terus saat menginap di sana sempat mati lampu juga ac dan tv mati ngga nyala akhirnya langsung cek keluar deh walau begitu saya suka karena lokasinya bagus makanannya juga enak dan pegawai resto sangat ramah,KOMPETITOR,Bintang 4,MercureMadiun,positive,0.9971874356269836,"Cleanliness, Hygiene & Maintenance","Cleanliness, Hygiene & Maintenance (0.88); Facilities & Amenities (0.87); Staff Conduct & Hospitality (0.86)"
cca pa,2025.0,5,kedua kali menginap disini sarapan nya selalu mantap,KOMPETITOR,Bintang 4,MercureMadiun,positive,0.9993160963058472,Service Quality,Service Quality (0.94); Guest Experience (0.92); Check in/out Experience (0.86)
01 Abu Zea Sulaiman Zuhdi X-1,2025.0,5,honest review pengalaman menginap sekaligus dan di mercuun madiun kamarnya 10 10 bersih bangett kamar mandinya juga wangii segala fasilitas kamar mandi mulai dari sikat gigi mandi cap sampai bud kapas tersedia semuaa buka bersama di mercuun madiun juga enak poll varian makanannya beragam dan enak enak enak semua pokok pelayanannya terbaik 10 10 seru poll menginap di sini lain kali pilih mercuun lagii,KOMPETITOR,Bintang 4,MercureMadiun,positive,0.9995043277740479,Facilities & Amenities,Facilities & Amenities (1.00); Service Quality (0.99); Guest Experience (0.98)
Dedek Apriyanto,2025.0,5,lokasi strategis variasi makanan banyak anak ramah staf ramah dan membantu,KOMPETITOR,Bintang 4,MercureMadiun,positive,0.9987228512763977,Facilities & Amenities,Facilities & Amenities (0.97); Service Efficiency & Responsiveness (0.97); Staff Conduct & Hospitality (0.96)
L Linda,2025.0,5,enak sekali makannya semuanya enak lho,KOMPETITOR,Bintang 4,MercureMadiun,positive,0.9991828799247742,Food & Beverage,Food & Beverage (0.86); Family & Group Friendly (0.79); Service Quality (0.77)
Sandy Arsinta Anani,2025.0,5,Bf nya komplit banget dan dapet welcome cake juga,KOMPETITOR,Bintang 4,MercureMadiun,positive,0.9988704323768616,Food & Beverage,Food & Beverage (0.99); Facilities & Amenities (0.98); Family & Group Friendly (0.94)
Indrie Ramadhani,2025.0,5,Resepsi sangat ramah sigap dan sangat membantu sukses selalu,KOMPETITOR,Bintang 4,MercureMadiun,positive,0.9991605281829834,Guest Experience,Guest Experience (1.00); Service Efficiency & Responsiveness (0.99); Service Quality (0.99)
Fajeril Islami,2025.0,5,hotel kamar dan pelayanan oke sebagai masukan parkir sepeda motor gadis ada arahan khusus tanda rencana dari pihak hotel semoga semakin oke deh,KOMPETITOR,Bintang 4,MercureMadiun,positive,0.9969171285629272,Service Quality,"Service Quality (1.00); Facilities & Amenities (1.00); Location, Accessibility & Parking (1.00)"
rochimatul firdausi,2025.0,4,terletak tidak lebih dari 5 menit jalan kaki dari lon lon madiun ke pasar kawak tinggal menyeberang jalan tapi apakah karena madiun identik dengan industri kereta api maka kamarnya dibangun ala ala gerbong kereta api panjang tapi tidak lebar saya tidak tahu tapi cukup nyaman kok terasnya juga menyenangkan buat ngopi ngeteh pagi sore hari,KOMPETITOR,Bintang 4,MercureMadiun,positive,0.9991317391395569,Facilities & Amenities,Facilities & Amenities (0.96); Food & Beverage (0.89); Guest Experience (0.87)
Adinda dwi,2025.0,5,makanannya enak stafnya ramah bangett pelayanannya juga cepat,KOMPETITOR,Bintang 4,MercureMadiun,positive,0.9990687966346741,Service Efficiency & Responsiveness,Service Efficiency & Responsiveness (0.99); Staff Conduct & Hospitality (0.97); Service Quality (0.96)
Ahmad Mustiko,2025.0,5,Hotel yang bagus sesuai dengan harga viev nya lumayan dekat dengan alun2 madiun petugas ramah,KOMPETITOR,Bintang 4,MercureMadiun,positive,0.9993933439254761,Pricing & Value for Money,Pricing & Value for Money (0.99); Staff Conduct & Hospitality (0.99); Service Quality (0.98)
Dimas Dwi Ariefianto,2025.0,5,Tempat yang sangat nyaman untuk tinggal dekat dari stasiun kereta api mudah untuk mengakses makanan dan minuman yang bagus dan kond staf,KOMPETITOR,Bintang 4,MercureMadiun,positive,0.9992654919624329,Facilities & Amenities,Facilities & Amenities (0.99); Food & Beverage (0.98); Staff Conduct & Hospitality (0.97)
Adzra Plays 2,2025.0,5,hotel baru jadi kebersihannya masih sangat terjaga semoga seterusnya variasi makanan cukup beragam dan kualitasnya oke sempat ada kendala di tv tapi cepat ditangani dan ganti tv baru keramahan staf juga cukup dan sangat membantu mungkin bisa ditingkatkan senyum sapa salam unt beberapa staf bagian berdiri makanan,KOMPETITOR,Bintang 4,MercureMadiun,positive,0.9971408843994141,"Cleanliness, Hygiene & Maintenance","Cleanliness, Hygiene & Maintenance (0.96); Service Efficiency & Responsiveness (0.95); Service Quality (0.93)"
Nazwa Alifia Renata,2025.0,5,kamar nyaman staf ramah dan lokasi yang strategis,KOMPETITOR,Bintang 4,MercureMadiun,positive,0.9992330074310303,Room Quality & Comfort,Room Quality & Comfort (1.00); Facilities & Amenities (1.00); Guest Experience (0.98)
Sukma Juwita,2025.0,5,gedungnya masih baru dan bersih banget kamar mandinya estetik pelayanan oke banget ada komplain dikit lgsg diberi solusi deket sama pusat kota kemana2 bisa jalan kaki goodjob mercure hotel madiun,KOMPETITOR,Bintang 4,MercureMadiun,positive,0.9991300702095032,"Cleanliness, Hygiene & Maintenance","Cleanliness, Hygiene & Maintenance (0.98); Service Quality (0.98); Facilities & Amenities (0.96)"
Lutfi Khoiri Rosyida,2025.0,5,sangat baik no minus lah properti kamarnya baru tv nya gede banget udah kayak liat bioskop dalam kamar kamar bersih kamar mandi oke banget pelayanan ramah dan cepat ada gym pool kids club,KOMPETITOR,Bintang 4,MercureMadiun,positive,0.9992542862892151,Facilities & Amenities,"Facilities & Amenities (0.99); Service Efficiency & Responsiveness (0.99); Cleanliness, Hygiene & Maintenance (0.99)"
Nor Ely Istiadi,2025.0,5,Alhamdulillah untuk sarapan pagi ini cukup memuaskan,KOMPETITOR,Bintang 4,MercureMadiun,positive,0.9949877262115479,Service Quality,"Service Quality (0.91); Food & Beverage (0.91); Cleanliness, Hygiene & Maintenance (0.85)"
Yin,2025.0,4,menginap di sini untuk 1 malam akhir pekan dan liburan hotelnya bagus karena bisa dikatakan masih termasuk hotel baru kamarnya bersih pelayanan fo cepat untuk proses c masuk dan c keluar fasilitas cukup lengkap kolam renang gym dan anak-anak zona rasa masakan enak untuk layanan kamar nya staf yang ramah tempat parkir yang tertutup cukup terbatas di sekitar area hotel tidak ada mini pasar jadi cukup sulit jika perlu membeli sesuatu yang mendesak menu sarapan nya cukup bervariasi tapi mengapa rasanya tidak memilih layanan kamar nya ya secara keseluruhan oke hanya perlu pelatihan lagi terutama untuk staf cs ya karena sempat ada pengalaman yang tidak mengenakan saat kami akan keluar c,KOMPETITOR,Bintang 4,MercureMadiun,positive,0.999371349811554,Facilities & Amenities,"Facilities & Amenities (1.00); Location, Accessibility & Parking (0.99); Staff Conduct & Hospitality (0.99)"
email saya,2025.0,3,belum mencoba kamarnya sih kebetulan mencoba paket iftar dengan harga yang menurutku tidak murah agak kurang layak minum tidak ada satu pun yang manis bahkan es campur es buah yang model prasmanan makanan juga jadi standar sarapan hotel,KOMPETITOR,Bintang 4,MercureMadiun,positive,0.8936559557914734,Food & Beverage,Food & Beverage (0.87); Pricing & Value for Money (0.82); Guest Experience (0.66)
Fathur Hafiid Raharja,2025.0,5,Staff bagian depan mulai dari resepsi resto semua ramah dan berpenampilan cepat ketika kita meminta sesuatu mereka cepat tanggap untuk kamar bersih dan tertata rapi untuk makanan dan minuman di restoran enak cepat uangnya dan anak pada suka,KOMPETITOR,Bintang 4,MercureMadiun,positive,0.9994182586669922,Service Efficiency & Responsiveness,"Service Efficiency & Responsiveness (1.00); Staff Conduct & Hospitality (1.00); Cleanliness, Hygiene & Maintenance (1.00)"
Ekonomi Gloria,2025.0,5,Secara keseluruhan sudah baik hanya mungkin klub anak ditambah permainannya dan diberi kursi tunggu terima kasih mercuure madiun,KOMPETITOR,Bintang 4,MercureMadiun,neutral,0.4944190979003906,Facilities & Amenities,Facilities & Amenities (0.99); Guest Experience (0.99); Service Quality (0.98)
Nugroho Haris,2025.0,5,tempat menginap di tengah kota madiun yang tenang nyaman dan ramah staf hotelnya juga sarapan nya enak,KOMPETITOR,Bintang 4,MercureMadiun,positive,0.9994799494743347,Service Quality,Service Quality (0.98); Facilities & Amenities (0.97); Staff Conduct & Hospitality (0.97)
Rika Yulika,2025.0,2,1 saya menginap dua hari di hari rabu madiun dan dari awal cek masuk sampai cek keluar di kamar mandi tidak tersedia sabun dan sampo sudah berkali-kali info ke cs tapi tidak pernah menjawab 2 sarapan dengan menu nasi hidup nasi masih mentah dan keras,KOMPETITOR,Bintang 4,MercureMadiun,negative,0.998171329498291,Check in/out Experience,Check in/out Experience (0.89); Booking & Reservation Experience (0.81); Food & Beverage (0.71)
ainur sdrj,2025.0,5,Mohon di buatkan musollah di parkir kamar mandi dan ruang tunggu drever baru pertama saya tidak menjumpai fasilitas padahal hampir semua hotel menyediakan,KOMPETITOR,Bintang 4,MercureMadiun,neutral,0.6607759594917297,"Location, Accessibility & Parking","Location, Accessibility & Parking (0.91); Guest Experience (0.74); Service Quality (0.61)"
Mahfud Iksan,2025.0,5,tempatnya enak nyaman ditengah kota juga deket sama alun madiun juga,KOMPETITOR,Bintang 4,MercureMadiun,positive,0.9991770386695862,Facilities & Amenities,Facilities & Amenities (0.99); Room Quality & Comfort (0.97); Food & Beverage (0.89)
Abdul Hamam,2025.0,5,Pengalaman yang luar biasa untuk menginap di Madiun kamar yang nyaman dan lokasi yang sangat baik dekat Aloon Aloon Madiun,KOMPETITOR,Bintang 4,MercureMadiun,positive,0.9985803365707397,Guest Experience,Guest Experience (0.99); Room Quality & Comfort (0.99); Facilities & Amenities (0.99)
Vincy's Life,2025.0,1,Kemaren lebaran nginep disitu info harga promo sarapan katanya tidak berubah meskipun lebaran ternyata saat mau bayar sarapan kantanya promosi sudah tidak berlaku sangat mengecewakan pelayanan buruk kamar tidak ada kopi sama tangan,KOMPETITOR,Bintang 4,MercureMadiun,negative,0.9991010427474976,Guest Experience,Guest Experience (0.97); Food & Beverage (0.82); Pricing & Value for Money (0.74)
Early Stokist Nuamoorea,2025.0,5,hotel yang nyaman pelayanan sangat ramah semua kru hotel ramah makanan semua enak bnayk varian lokasi saat tengah kota kamar dll buersih aku dsini hny nginap saja menikmati hotel padahl rumahkunjg madiun,KOMPETITOR,Bintang 4,MercureMadiun,positive,0.9994439482688904,Staff Conduct & Hospitality,Staff Conduct & Hospitality (0.99); Facilities & Amenities (0.99); Service Quality (0.98)
aditya arbitano,2025.0,5,Hotel ini luar biasa untuk kelas nya kamarnya bagus pelayanan super istimewa sarapan nya banyak sekali pilihannya dan enak semua saya aditya saya rekomendasikan anda yang ingin bermalam di kota madiun,KOMPETITOR,Bintang 4,MercureMadiun,positive,0.9995348453521729,Service Quality,Service Quality (0.99); Facilities & Amenities (0.98); Room Quality & Comfort (0.96)
Yoga Firdaus Baharudin,2025.0,5,dianjurkan 100 mercuure hotel madiun kamarnya bersih nyaman dengan konsep modern bikin betah pelayanan stafnya ramah tanggap cepat dan profesional membuat pengalaman menginap jadi sangat menyenangkan lokasinya strategis fasilitas lengkap dan sarapannya enak banget hotel terbaik yang pernah saya singgahi,KOMPETITOR,Bintang 4,MercureMadiun,positive,0.9995415210723877,Service Efficiency & Responsiveness,Service Efficiency & Responsiveness (1.00); Facilities & Amenities (0.99); Staff Conduct & Hospitality (0.99)
Bondan Wirawan,2025.0,5,Tempat yang tepat untuk makan dan pelayanan sangat bagus lain kali kembali lagi ke sini,KOMPETITOR,Bintang 4,MercureMadiun,positive,0.9985389709472656,Service Quality,Service Quality (1.00); Food & Beverage (0.99); Facilities & Amenities (0.99)
Rahadyan Yamin,2025.0,5,hotel terbaik dari segala sisi di daerah Madiun,KOMPETITOR,Bintang 4,MercureMadiun,positive,0.9988671541213989,Service Quality,Service Quality (0.93); Sustainability & Environmental Quality (0.87); Facilities & Amenities (0.85)
wahyu wismanunggal,2025.0,5,terima kasih kepada seluruh front line staff manager bapak nanang bapak ricky yang menyambut kami dengan hangat pelayanan sejak datang hingga cek keluar sangat mengesankan menu makan malam sarapan bagus kwalitas rasa nikmat layanan fb kamar bagus respon cepat bisa jadi rekomendasi nginsp selanjutnya karena lokasi tengah kota harga oke dekat tempat wisata sukses Agus lidwines yogya,KOMPETITOR,Bintang 4,MercureMadiun,positive,0.9992170333862305,Service Efficiency & Responsiveness,Service Efficiency & Responsiveness (1.00); Check in/out Experience (1.00); Guest Experience (0.99)
Yogi Rizky,2025.0,5,lokasi dekat alun2 dan mudah aksesnya dianjurkan,KOMPETITOR,Bintang 4,MercureMadiun,positive,0.9994288086891174,Facilities & Amenities,"Facilities & Amenities (0.99); Service Efficiency & Responsiveness (0.88); Location, Accessibility & Parking (0.85)"
agnes liem,2025.0,5,hotelnya strategis makanannya enak terutama mbaknya ramah sekali bintang 10,KOMPETITOR,Bintang 4,MercureMadiun,positive,0.9993160963058472,Service Quality,Service Quality (0.97); Staff Conduct & Hospitality (0.96); Service Efficiency & Responsiveness (0.93)
Noor Farida,2025.0,5,Alhamdulillah semua layanan kamar lokasi bagus semuanya,KOMPETITOR,Bintang 4,MercureMadiun,positive,0.9983717799186707,Service Quality,Service Quality (0.99); Facilities & Amenities (0.99); Room Quality & Comfort (0.98)
Dwi Novitasari,2025.0,3,ruangan tidak merokok tapi ada bau rokok waktu tanya katanya karena lantai tsb lantai merokok bingung maksudnya lol kasurnya keras rasa makanan perlu ditingkatkan jenis makanan oke layanan baik,KOMPETITOR,Bintang 4,MercureMadiun,positive,0.7230996489524841,Service Quality,Service Quality (0.99); Guest Experience (0.95); Facilities & Amenities (0.92)
Matthew Rubianto,2025.0,5,Tempatnya sangat bagus Djarawa resto dan bar memiliki pilihan makanan yang sangat bagus sarapan dan makan malam terutama modern tempat dan kamar yang bagus meskipun beberapa bagian dari kamar yang kasar dibangun dan perlu perbaikan layanan adalah luar biasa baik anggota staf,KOMPETITOR,Bintang 4,MercureMadiun,positive,0.9989744424819946,Food & Beverage,Food & Beverage (1.00); Facilities & Amenities (0.99); Service Quality (0.95)
Fanny Angelina,2025.0,5,Baru nginep saat awal buka wah mantapp mulai dari kamarnya bersih nyaman dan stafnya semua ramah apalagi makannya saat sarapan semuanya enak terima kasih hotel mercure,KOMPETITOR,Bintang 4,MercureMadiun,positive,0.9992868304252625,"Cleanliness, Hygiene & Maintenance","Cleanliness, Hygiene & Maintenance (1.00); Facilities & Amenities (1.00); Service Efficiency & Responsiveness (0.99)"
Diar Ihromi,2025.0,5,Satu-satunya hal yang tidak bisa saya temukan masuk hotel ini adalah mentega tak asin sekarang mentega tidak begitu lezat,KOMPETITOR,Bintang 4,MercureMadiun,positive,0.9373005032539368,Guest Experience,Guest Experience (0.66); Service Quality (0.41); Check in/out Experience (0.29)
Kang Takim,2025.0,4,lokasi strategis pelayanan ramah tempat bagus kamar bersih yang perlu dibenahi atap mobil port depan lobi kurang memadahi hujan dan kotoran dari atas bisa kena badan mobil,KOMPETITOR,Bintang 4,MercureMadiun,positive,0.9972513318061829,Facilities & Amenities,"Facilities & Amenities (0.99); Cleanliness, Hygiene & Maintenance (0.99); Service Quality (0.99)"
helenayu lizia,2025.0,5,kamar bagus bersih wangi cuma kurang di kasih sisir saja alat mandi nyaa,KOMPETITOR,Bintang 4,MercureMadiun,positive,0.5327804088592529,Service Quality,"Service Quality (0.95); Cleanliness, Hygiene & Maintenance (0.94); Room Quality & Comfort (0.94)"
taufik art,2025.0,5,mengadakan kegiatan bisnis di tempat ini tempat yang bagus untuk berkegiatan,KOMPETITOR,Bintang 4,MercureMadiun,positive,0.993073046207428,Facilities & Amenities,Facilities & Amenities (0.88); Pricing & Value for Money (0.73); Sustainability & Environmental Quality (0.72)
Logie Anuru,2025.0,5,Salah satu hotel terbaru di madiun di tahun 2025 nyaman lokasi sangat dekat dengan alun alun dan berbagai tempat makan legendaris di madiun memiliki fasilitas kolam renang gym anak-anak taman bermain yang tidak terlalu besar tapi cukup nyaman kamar bersih dan nyaman masakan di resto enak dan tergolong murah untuk tarif resto hotel,KOMPETITOR,Bintang 4,MercureMadiun,positive,0.999530553817749,Facilities & Amenities,Facilities & Amenities (0.99); Pricing & Value for Money (0.96); Room Quality & Comfort (0.96)
Feni Indah,2025.0,5,Hotelnya masih baru semua fasilitas masih sangat sangat bagus sarapan juga banyak sekali macamnya dan enak enak,KOMPETITOR,Bintang 4,MercureMadiun,positive,0.9977496266365051,Facilities & Amenities,Facilities & Amenities (0.99); Service Quality (0.93); Food & Beverage (0.93)
Muhammad Ilham,2025.0,5,pelayanan bagus makanan dan minuman sangat enak,KOMPETITOR,Bintang 4,MercureMadiun,positive,0.9981665015220642,Service Quality,Service Quality (1.00); Guest Experience (0.98); Food & Beverage (0.98)
Anung Budiranto,2025.0,5,pelayanan bagus terimakasih hotel mercure,KOMPETITOR,Bintang 4,MercureMadiun,positive,0.9992675185203552,Service Quality,Service Quality (1.00); Guest Experience (0.95); Staff Conduct & Hospitality (0.89)
ADITA,2025.0,5,Langganan Mercuri standard dunia tidak perlu ragu staf ramah kamar bersih lokasi strategis dan sudah smart tv,KOMPETITOR,Bintang 4,MercureMadiun,positive,0.9992220401763916,Service Quality,Service Quality (1.00); Facilities & Amenities (0.99); Service Efficiency & Responsiveness (0.99)
Putri Aprilia,2025.0,5,fasilitas oke cocok untuk keluarga dan ramah banget,KOMPETITOR,Bintang 4,MercureMadiun,positive,0.9991616010665894,Family & Group Friendly,Family & Group Friendly (0.99); Guest Experience (0.98); Service Quality (0.97)
Arieska Mayasari,2025.0,5,Saya sarankan kalau kalian mau menginap di madiun kolam renang saat ini tidak terlalu rame,KOMPETITOR,Bintang 4,MercureMadiun,positive,0.971469521522522,Facilities & Amenities,Facilities & Amenities (0.78); Religious & Halal Features (0.72); Sustainability & Environmental Quality (0.72)
diajeng asmara,2025.0,5,kamarnya nyaman fasilitasnya sangat baik pelayanananya juga ramah,KOMPETITOR,Bintang 4,MercureMadiun,positive,0.9990406632423401,Room Quality & Comfort,Room Quality & Comfort (1.00); Facilities & Amenities (0.99); Staff Conduct & Hospitality (0.97)
Tera Nurwahyu,2025.0,5,pilihan makanan banyak kamarnya juga oke,KOMPETITOR,Bintang 4,MercureMadiun,positive,0.9990397095680237,Facilities & Amenities,Facilities & Amenities (0.99); Guest Experience (0.99); Family & Group Friendly (0.94)
Andriana,2025.0,5,sangat puas kalau di madiun pasti bermalam di sini,KOMPETITOR,Bintang 4,MercureMadiun,positive,0.9991201758384705,Guest Experience,Guest Experience (0.87); Service Quality (0.86); Cultural & Heritage Experience (0.84)
Nadia putri yulimar,2025.0,5,makanan sangat enak kolam renang bersih suka dengan desain nya mercure hotel modern pelayanan ramah top anak-anak ramah,KOMPETITOR,Bintang 4,MercureMadiun,positive,0.999504804611206,Facilities & Amenities,Facilities & Amenities (0.99); Service Quality (0.99); Ambience & Design (0.99)
Fitri sari,2025.0,4,sarapan komplit enak semuanya dan sangat puas,KOMPETITOR,Bintang 4,MercureMadiun,positive,0.9992443323135376,Food & Beverage,Food & Beverage (0.97); Facilities & Amenities (0.88); Service Quality (0.86)
ciyo ciyo kadoku,2025.0,5,sarapan di hotel mercuur dengan mbak adelia yang membantu dan setia menemani kita terima kasih yaa sukses selalu,KOMPETITOR,Bintang 4,MercureMadiun,positive,0.9970682263374329,"Loyalty, Recommendation & Appreciation","Loyalty, Recommendation & Appreciation (0.99); Staff Conduct & Hospitality (0.97); Service Quality (0.96)"
pretty sipayung,2025.0,5,Pro 1 sebuah hotel baru berarti semuanya masih baru 2 lokasi dekat alun alun hanya 300m jauhnya 3 ada gym kecil yang bisa lebih dilengkapi dan kolam renang 4 mesin kopi tersedia masuk restoran untuk sarapan 5 dispenser air di setiap lantai tidak perlu membeli air di luar dan lebih ramah lingkungan dengan lebih sedikit plastik kons 1 pilihan sarapan terbatas dan sebagian besar tetap sama sepanjang 3 malam saya yang sangat luar biasa untuk hotel merkure s kelas 2 gym bisa lebih dilengkapi mungkin menambahkan mesin smith dan dumbbells berat 3 darurat ex,KOMPETITOR,Bintang 4,MercureMadiun,positive,0.9979156851768494,Facilities & Amenities,Facilities & Amenities (0.97); Service Quality (0.70); Sustainability & Environmental Quality (0.65)
Happy Lewier,2025.0,5,pelayanannya cepat dan ramah fasilitas memadai pemandangannya indah terlihat pemandangan gunung kamarnya jg bersih dan nyaman sekali,KOMPETITOR,Bintang 4,MercureMadiun,positive,0.999535322189331,Service Efficiency & Responsiveness,Service Efficiency & Responsiveness (1.00); Facilities & Amenities (1.00); Staff Conduct & Hospitality (1.00)
SEPTIANA PUTRI A,2025.0,5,Pelayanan dan fasilitas yang luar biasa parkir juga luas akses jalannya mudah lokasi stategis dekat dengan toko kopi dan pusat kota madiun layak untuk dicoba,KOMPETITOR,Bintang 4,MercureMadiun,positive,0.9993440508842468,Facilities & Amenities,"Facilities & Amenities (1.00); Location, Accessibility & Parking (0.99); Service Quality (0.99)"
yusan setiawaty,2025.0,5,sarapan di hotel mercuun madiun terbaik dengan mb adelia yang setia menemani kita dan teman2 terima kasih n sukses selalu,KOMPETITOR,Bintang 4,MercureMadiun,positive,0.9980504512786865,"Loyalty, Recommendation & Appreciation","Loyalty, Recommendation & Appreciation (0.99); Service Quality (0.98); Family & Group Friendly (0.98)"
Hantoro Ku,2025.0,5,Makanan bagus suasana bagus bagus untuk keluarga liburan,KOMPETITOR,Bintang 4,MercureMadiun,positive,0.9979122281074524,Family & Group Friendly,Family & Group Friendly (0.98); Food & Beverage (0.98); Room Quality & Comfort (0.97)
Vandelin Na,2025.0,5,sangat menyenangkan dan staf yang ramah dengan mas angoro makanan nya cukup smua hehe,KOMPETITOR,Bintang 4,MercureMadiun,positive,0.9989778995513916,Staff Conduct & Hospitality,Staff Conduct & Hospitality (0.99); Service Quality (0.98); Facilities & Amenities (0.98)
Abi Memet,2025.0,5,kamar bersih sarapan enak nyaman,KOMPETITOR,Bintang 4,MercureMadiun,positive,0.9991046786308289,"Cleanliness, Hygiene & Maintenance","Cleanliness, Hygiene & Maintenance (0.99); Room Quality & Comfort (0.99); Facilities & Amenities (0.97)"
Carissa Dinar,2025.0,5,sarapan ya mantap denga sajian makanan yang enakk,KOMPETITOR,Bintang 4,MercureMadiun,positive,0.998855710029602,Food & Beverage,Food & Beverage (0.89); Sustainability & Environmental Quality (0.60); Cultural & Heritage Experience (0.58)
Arfrikha Subiyanti,2025.0,5,fasilitas baik bersih perabotan baik makananya enak pelayanannya ramah,KOMPETITOR,Bintang 4,MercureMadiun,positive,0.9990501999855042,"Cleanliness, Hygiene & Maintenance","Cleanliness, Hygiene & Maintenance (1.00); Facilities & Amenities (0.99); Service Quality (0.98)"
Athaya Grosir,2025.0,3,minggu sore buku ini makanannya lumayan ya tapi akses untuk mengambil makanan sulit sekali kursi dan meja sangat berdampet jadi sangat tidak nyaman dan mau bolak balik mengambil makanan juga jadi tidak enak untuk harga 168 pak dengan keadaan yang seperti itu mungkin agak dipertimbangkan saja yang mau buku ini ingin mencoba semua makanan juga jadi laki-laki duluan,KOMPETITOR,Bintang 4,MercureMadiun,negative,0.9793562293052673,Facilities & Amenities,Facilities & Amenities (0.94); Pricing & Value for Money (0.90); Check in/out Experience (0.71)
ammar iqbal,2025.0,5,pengalaman makan malam romantis yang luar biasa servicenya mantap terimakasih mas fido yang senantiasa selalu membantu menangani,KOMPETITOR,Bintang 4,MercureMadiun,positive,0.998167872428894,Service Quality,Service Quality (0.99); Guest Experience (0.97); Service Efficiency & Responsiveness (0.90)
windu sasongko,2025.0,5,lokasi strategis getaran yang baik lezat dan banyak variasi menu untuk sarapan keramahan orang,KOMPETITOR,Bintang 4,MercureMadiun,positive,0.9981014132499695,Guest Experience,Guest Experience (0.99); Food & Beverage (0.98); Facilities & Amenities (0.97)
Mila Lusyana,2025.0,5,hotel baru yang nyaman di tengah kota madiun mewah bersih besst banget mgkin karena masih baru tombol angkat belum di beri keterangan acces ke kolam renang atau ke mana mau renang nanya2 dulu tapi its oke waktu nginep kemaren wifi nya lagi gangguan sarapan nya juga oke makanan minuman okee banget soo itu layak untuk mencoba guys meninggalkan jejak dulu siapa tahu dapet nginep gratis di mercure,KOMPETITOR,Bintang 4,MercureMadiun,positive,0.998532772064209,Food & Beverage,Food & Beverage (0.96); Facilities & Amenities (0.94); Service Quality (0.92)
Sara Christan,2025.0,5,lokasi tengah kota deket sama mana2 banyak tempat makan atm kafe dan toko2 disekitarnya,KOMPETITOR,Bintang 4,MercureMadiun,positive,0.9992921352386475,Facilities & Amenities,Facilities & Amenities (0.93); Food & Beverage (0.92); Service Efficiency & Responsiveness (0.67)
Gatot Triwira,2025.0,5,makanannya enak lokasinya strategis di pusat kota dekat alun alun stafnya ramah semua dari manajemen f b housekeeping,KOMPETITOR,Bintang 4,MercureMadiun,positive,0.999470055103302,Facilities & Amenities,Facilities & Amenities (0.99); Staff Conduct & Hospitality (0.99); Service Quality (0.99)
Fitri Palupi,2025.0,5,makanan sangat bervariasi enak semua servis sangat baik dan memuaskan terima kasih,KOMPETITOR,Bintang 4,MercureMadiun,positive,0.9991191029548645,Service Quality,Service Quality (0.99); Guest Experience (0.98); Food & Beverage (0.96)
Bunda Fani Farel,2025.0,5,pertama kali menginap disini akan menjadi langganan jika saat ke madiun,KOMPETITOR,Bintang 4,MercureMadiun,positive,0.9921948909759521,"Loyalty, Recommendation & Appreciation","Loyalty, Recommendation & Appreciation (0.83); Cultural & Heritage Experience (0.73); Cleanliness, Hygiene & Maintenance (0.73)"
HegiKopter,2025.0,5,Setelah melakukan penelitian saya memilih Mercure Madiun saya sangat terkesan dengan kamar bersih dan nyaman dan fasilitas tambahan saya sangat merekomendasikan ia staf yang sangat ramah resepsi dan rumah tangga sangat baik saya akan kembali nanti,KOMPETITOR,Bintang 4,MercureMadiun,positive,0.999175488948822,Facilities & Amenities,Facilities & Amenities (1.00); Room Quality & Comfort (1.00); Staff Conduct & Hospitality (1.00)
Aan Yudha Prawira,2025.0,5,enak luar biasa rasa dan pelayanan enak,KOMPETITOR,Bintang 4,MercureMadiun,positive,0.9990578293800354,Service Quality,Service Quality (0.99); Guest Experience (0.93); Service Efficiency & Responsiveness (0.92)
Kabul Triyono,2025.0,5,Pecel madiun sama nasi jotos enak mantap,KOMPETITOR,Bintang 4,MercureMadiun,positive,0.9993921518325806,Food & Beverage,Food & Beverage (0.97); Sustainability & Environmental Quality (0.83); Religious & Halal Features (0.82)
Uby Zubaidah,2025.0,5,layanan ramah memuaskan tempat nyaman bersih,KOMPETITOR,Bintang 4,MercureMadiun,positive,0.999049961566925,Service Quality,Service Quality (1.00); Guest Experience (0.99); Room Quality & Comfort (0.99)
Sekar Asrilia,2025.0,5,sarapannya enak menuunya banyak,KOMPETITOR,Bintang 4,MercureMadiun,positive,0.9989860653877258,Food & Beverage,Food & Beverage (0.95); Service Quality (0.85); Sustainability & Environmental Quality (0.81)
Deny Hamburger,2025.0,5,Untuk sarapan banyak menu rasanya mantapp,KOMPETITOR,Bintang 4,MercureMadiun,positive,0.998995840549469,Food & Beverage,"Food & Beverage (0.75); Cleanliness, Hygiene & Maintenance (0.68); Sustainability & Environmental Quality (0.59)"
Adistie Nugroho,2025.0,5,Sangat menyenangkan menginap di hari Rabu insyaallah akan kembali ke hari Rabu jika ada kesempatan ke Madiun lagi,KOMPETITOR,Bintang 4,MercureMadiun,positive,0.9968751668930054,Guest Experience,Guest Experience (0.81); Room Quality & Comfort (0.71); Service Quality (0.71)
Agus Supantiaji,2025.0,5,Saya pergi ke sana ketika ada acara sehingga agak sulit mencari tempat parkir untuk mobil,KOMPETITOR,Bintang 4,MercureMadiun,positive,0.8938254117965698,Check in/out Experience,"Check in/out Experience (0.92); Guest Experience (0.87); Location, Accessibility & Parking (0.86)"
Maulida Aira,2025.0,5,tempatnya nyamann makananya enakk luv banyak banyakk terima kasih kak alfidoo yang ramah sekalii,KOMPETITOR,Bintang 4,MercureMadiun,positive,0.999116837978363,Facilities & Amenities,Facilities & Amenities (0.95); Service Quality (0.95); Guest Experience (0.94)
Fira Kuswandari,2025.0,5,sarapannya enak hotelnya nyaman,KOMPETITOR,Bintang 4,MercureMadiun,positive,0.9993253946304321,Food & Beverage,Food & Beverage (0.99); Service Quality (0.97); Guest Experience (0.94)
17_076_Mia Ari Pangesti,2025.0,5,Pelayanan bagus bangeet kamar nyaman dianjurkan buat yang mau menginap di madiun tempat strategis,KOMPETITOR,Bintang 4,MercureMadiun,positive,0.9990249872207642,Service Quality,Service Quality (1.00); Room Quality & Comfort (1.00); Facilities & Amenities (0.98)
Siswono Ap,2025.0,4,hotel baru masih nyaman dan bersih,KOMPETITOR,Bintang 4,MercureMadiun,positive,0.9981749057769775,"Cleanliness, Hygiene & Maintenance","Cleanliness, Hygiene & Maintenance (0.98); Service Quality (0.96); Sustainability & Environmental Quality (0.91)"
Alex Cristo,2025.0,5,pelayanan ramah kolam renang indah kamar bagus makanan enak terbaik sih syum ceria selalu mbk agthaa ozoraa,KOMPETITOR,Bintang 4,MercureMadiun,positive,0.9993880987167358,Facilities & Amenities,Facilities & Amenities (0.99); Guest Experience (0.99); Service Quality (0.99)
Andika tomas,2025.0,5,bagus nyaman kamarnya juga privat,KOMPETITOR,Bintang 4,MercureMadiun,positive,0.9991542100906372,Room Quality & Comfort,Room Quality & Comfort (0.99); Facilities & Amenities (0.98); Guest Experience (0.89)
Agus Setiawan,2025.0,3,Saya menginap di Madiun pada hari Rabu 12 April 2025 tapi di kamar mandi saya menemukan 2 binatang yang 1 mirip dengan binatang tomcat dan noda di tempat tidur penutup,KOMPETITOR,Bintang 4,MercureMadiun,negative,0.9874671101570129,Guest Experience,Guest Experience (0.75); Cultural & Heritage Experience (0.58); Ambience & Design (0.51)
Stefani Elvira,2025.0,5,makanan enak2 pelayanan ramah,KOMPETITOR,Bintang 4,MercureMadiun,positive,0.9988835453987122,Service Quality,Service Quality (0.99); Guest Experience (0.99); Staff Conduct & Hospitality (0.97)
Yuni Muchlis,2025.0,2,hotel tidak amanah ketinggalan pengisi daya langsungbhilang,KOMPETITOR,Bintang 4,MercureMadiun,negative,0.9470582008361816,Facilities & Amenities,Facilities & Amenities (0.80); Safety & Security (0.66); Management & Policy Issues (0.63)
Laras Rachmayanti,2025.0,5,layanan bintang 5 nyaman lobi luas kamar bagus resepsionisnya ramah,KOMPETITOR,Bintang 4,MercureMadiun,positive,0.9993376135826111,Service Quality,Service Quality (1.00); Facilities & Amenities (0.99); Guest Experience (0.99)
rikiyanto fajar,2025.0,5,hotel bersih dan pelayanan memuaskan,KOMPETITOR,Bintang 4,MercureMadiun,positive,0.9992873072624207,Service Quality,"Service Quality (1.00); Cleanliness, Hygiene & Maintenance (1.00); Service Efficiency & Responsiveness (0.99)"
4_Arnesya Mutiara Johan_ Pranata SDMA Trampil,2025.0,5,buka bersama teman teman kantor di mercure hotel bener beber layak banget makaanan enak semua suasana menyenangkan dan pelayanan ramah semua istilah,KOMPETITOR,Bintang 4,MercureMadiun,positive,0.9994957447052002,Facilities & Amenities,Facilities & Amenities (1.00); Staff Conduct & Hospitality (1.00); Service Quality (1.00)
Andika Lia,2025.0,5,hotel baru di madiun keren pwol menu sarapannya enak enak dan banyak pilihannya semua fasilitas berfungsi dengan normal bersih dan nyaman,KOMPETITOR,Bintang 4,MercureMadiun,positive,0.9993979930877686,Facilities & Amenities,"Facilities & Amenities (0.99); Cleanliness, Hygiene & Maintenance (0.97); Service Quality (0.97)"
agung purwo,2025.0,4,saluran pembuangan kamar mandi di kamar 518 sebaiknya dilakukan pengecekan atau pembersihan setiap hari salurannya kurang lancar padahal penutupnya sudah dibuka,KOMPETITOR,Bintang 4,MercureMadiun,negative,0.7993773221969604,"Cleanliness, Hygiene & Maintenance","Cleanliness, Hygiene & Maintenance (0.82); Check in/out Experience (0.74); Service Quality (0.68)"
Dyan Kelcez,2025.0,5,Masih sangat bagus karena hotel baru buka akses parkir dekat dengan lift amenitis dan perlengkapan di kamar mandi lengkap,KOMPETITOR,Bintang 4,MercureMadiun,positive,0.9991395473480225,Facilities & Amenities,"Facilities & Amenities (0.99); Location, Accessibility & Parking (0.98); Service Quality (0.96)"
budy tp,2025.0,5,hotel berbintang baru di madiun design dan warna yang menarik untuk fasilitas dan pelayanan sudah pasti oke,KOMPETITOR,Bintang 4,MercureMadiun,positive,0.9986417889595032,Service Quality,Service Quality (0.99); Facilities & Amenities (0.99); Ambience & Design (0.95)
Setyo Ratih,2025.0,5,ikut acara wardah warna-warni ketemu kak putri dwi kakaknya ramah komunikatif dan ngobrolnya asyik hotel bersih nyaman sukses ya mercure,KOMPETITOR,Bintang 4,MercureMadiun,positive,0.9986296892166138,"Cleanliness, Hygiene & Maintenance","Cleanliness, Hygiene & Maintenance (0.98); Family & Group Friendly (0.97); Staff Conduct & Hospitality (0.97)"
Mayliana Fitri,2025.0,5,Hotel bagus nyaman bersih staycation jadi menyenangkan dekat dengan pusat kota,KOMPETITOR,Bintang 4,MercureMadiun,positive,0.9993011951446533,Facilities & Amenities,"Facilities & Amenities (1.00); Cleanliness, Hygiene & Maintenance (1.00); Service Quality (0.99)"
astri hapsari,2025.0,5,hotelnya nyaman pelayanan ramah fasilitas lengkap lokasi ditengah kota,KOMPETITOR,Bintang 4,MercureMadiun,positive,0.9994184970855713,Facilities & Amenities,Facilities & Amenities (0.99); Service Quality (0.98); Service Efficiency & Responsiveness (0.96)
Velline Gisella,2025.0,5,pelayanan baik makanan di djawara mantap banget,KOMPETITOR,Bintang 4,MercureMadiun,positive,0.9989711046218872,Service Quality,Service Quality (1.00); Guest Experience (0.99); Staff Conduct & Hospitality (0.97)
Munipingki Rahayu,2025.0,5,Pelayanannya baguss makananyaa enak,KOMPETITOR,Bintang 4,MercureMadiun,positive,0.99940025806427,Service Quality,Service Quality (1.00); Guest Experience (0.98); Facilities & Amenities (0.97)
Yoga Rachmadhika,2025.0,5,sarapannya banyak pilihan yang disarankan,KOMPETITOR,Bintang 4,MercureMadiun,positive,0.9967033267021179,Food & Beverage,"Food & Beverage (0.61); Cleanliness, Hygiene & Maintenance (0.59); Loyalty, Recommendation & Appreciation (0.58)"
Agus Eko Minarno,2025.0,5,hotel nyaman dekat pusat kota makanan enak kamar bersih dapat diskon pemesanan aplikasi accor,KOMPETITOR,Bintang 4,MercureMadiun,positive,0.9992982149124146,Service Quality,"Service Quality (0.95); Facilities & Amenities (0.92); Cleanliness, Hygiene & Maintenance (0.91)"
KAI - Asdo Artriviyanto,2025.0,3,1 toilet bau 2 ruang tidur sempit tidak nyaman 3 kamar tidak kedap suara dari luar maupun atas berisik,KOMPETITOR,Bintang 4,MercureMadiun,negative,0.9988767504692078,Facilities & Amenities,Facilities & Amenities (0.79); Guest Experience (0.64); Ambience & Design (0.43)
auriza rumandani,2025.0,5,kamar sangat bersih pelayanan sangat baik dan ramah,KOMPETITOR,Bintang 4,MercureMadiun,positive,0.9966105818748474,Guest Experience,"Guest Experience (1.00); Room Quality & Comfort (1.00); Cleanliness, Hygiene & Maintenance (1.00)"
Mochammad Hesa Ibrahim,2025.0,5,makanan nya propers dan enak,KOMPETITOR,Bintang 4,MercureMadiun,positive,0.9993498921394348,"Cleanliness, Hygiene & Maintenance","Cleanliness, Hygiene & Maintenance (0.95); Food & Beverage (0.95); Sustainability & Environmental Quality (0.92)"
lindaa pita,2025.0,5,Baguss banget hotelnya kak,KOMPETITOR,Bintang 4,MercureMadiun,positive,0.9993047714233398,Service Quality,Service Quality (0.97); Facilities & Amenities (0.93); Room Quality & Comfort (0.86)
Linda Pujiyanti,2025.0,1,Sekelas Merkure Bisa Mati Lampu Lama Penanganannya,KOMPETITOR,Bintang 4,MercureMadiun,negative,0.9745699763298035,"Cleanliness, Hygiene & Maintenance","Cleanliness, Hygiene & Maintenance (0.79); Sustainability & Environmental Quality (0.77); Service Quality (0.74)"
Enti Isnarni,2025.0,5,Recommended buat bukber makanannya uenak rating 10 deh menuunya bervariasi layanan yang baik,KOMPETITOR,Bintang 4,MercureMadiun,positive,0.9965112805366516,Service Quality,Service Quality (1.00); Guest Experience (0.93); Facilities & Amenities (0.92)
Nora Widayanti,2025.0,5,enak lengkap menuunya siip,KOMPETITOR,Bintang 4,MercureMadiun,positive,0.9990366697311401,Food & Beverage,Food & Beverage (0.94); Service Quality (0.92); Facilities & Amenities (0.92)
nafisa,2025.0,5,hotelnya baru stafnya ramah kamarnya bersih bantalnya juga tidak pelit tvnya besar bisa netflix dll,KOMPETITOR,Bintang 4,MercureMadiun,positive,0.9988058805465698,Service Quality,"Service Quality (0.99); Cleanliness, Hygiene & Maintenance (0.99); Service Efficiency & Responsiveness (0.99)"
Sheanny Ayu,2025.0,5,makanan nya enak komplit beraneka menu staf nya ramah2 dan bersih,KOMPETITOR,Bintang 4,MercureMadiun,positive,0.9992434978485107,Service Quality,"Service Quality (0.97); Cleanliness, Hygiene & Maintenance (0.96); Staff Conduct & Hospitality (0.95)"
Henoch Luciano,2025.0,5,makanan variatif dan rasa enak,KOMPETITOR,Bintang 4,MercureMadiun,positive,0.9993808269500732,Food & Beverage,Food & Beverage (0.82); Family & Group Friendly (0.73); Cultural & Heritage Experience (0.70)
Lina Lesari,2025.0,5,kami menginap di kamar 1024 kamar bersih kamar mandi juga enak tidak tergenang pasti akan kembali jika menginap di madiun lagi,KOMPETITOR,Bintang 4,MercureMadiun,positive,0.9989320635795593,"Cleanliness, Hygiene & Maintenance","Cleanliness, Hygiene & Maintenance (1.00); Facilities & Amenities (1.00); Room Quality & Comfort (1.00)"
Virlita Silvianti,2025.0,5,sangat nyaman dengan pemandangan yang indah dari gunung law wajib mencoba untuk menginap di bulan madu madiun,KOMPETITOR,Bintang 4,MercureMadiun,positive,0.9988365769386292,Room Quality & Comfort,Room Quality & Comfort (0.95); Facilities & Amenities (0.93); Cultural & Heritage Experience (0.90)
Rina Dewa,2025.0,5,Alhamdulillah bisa tinggal liburan dengan nyaman kamar bersih pelayanan sangat baik,KOMPETITOR,Bintang 4,MercureMadiun,positive,0.9985206723213196,Service Quality,"Service Quality (1.00); Room Quality & Comfort (0.99); Cleanliness, Hygiene & Maintenance (0.98)"
ninik bhe,2025.0,5,Mercurius Madiun oke banget menu nya enak,KOMPETITOR,Bintang 4,MercureMadiun,positive,0.9982278943061829,Food & Beverage,Food & Beverage (0.90); Service Quality (0.81); Cultural & Heritage Experience (0.74)
Nurliva Dina,2025.0,5,makanan ya enak dan tempatnya nyaman,KOMPETITOR,Bintang 4,MercureMadiun,positive,0.9990289211273193,Room Quality & Comfort,Room Quality & Comfort (0.99); Facilities & Amenities (0.99); Family & Group Friendly (0.97)
christina medyarani,2025.0,5,kamar nyaman area olahraga bersih dan nyaman pelayanan oke makanan lumayan enak dan beragam,KOMPETITOR,Bintang 4,MercureMadiun,positive,0.999372661113739,Service Quality,Service Quality (1.00); Facilities & Amenities (1.00); Room Quality & Comfort (0.99)
Dian Dwi L,2025.0,5,bersih bersih layanan baik nyaman lokasi oke,KOMPETITOR,Bintang 4,MercureMadiun,positive,0.9990183115005493,Service Quality,"Service Quality (0.99); Facilities & Amenities (0.99); Cleanliness, Hygiene & Maintenance (0.97)"
ajeng artika,2025.0,5,Pelayanan makan malamnya bagus terimakasih untuk bantuannya mas alfido,KOMPETITOR,Bintang 4,MercureMadiun,positive,0.9978577494621277,Service Quality,Service Quality (0.99); Food & Beverage (0.96); Guest Experience (0.95)
Hesty Nandha Marina,2025.0,5,menginap 1 hari bersama rombongan menyenangkan pelayanannya bagus memudahkan urusan bersih rapi interior mewah dan update serta pergi hijau,KOMPETITOR,Bintang 4,MercureMadiun,positive,0.9994080066680908,Family & Group Friendly,"Family & Group Friendly (1.00); Cleanliness, Hygiene & Maintenance (1.00); Facilities & Amenities (1.00)"
subhan alfaqih,2025.0,5,Oke makanan bagus fasilitas oke,KOMPETITOR,Bintang 4,MercureMadiun,positive,0.997174859046936,Facilities & Amenities,Facilities & Amenities (0.94); Service Quality (0.92); Food & Beverage (0.77)
Patricia putri Arnaz,2025.0,5,bagian terbaik dan pilihan yang baik untuk tinggal dan kamar makanan ramah baik,KOMPETITOR,Bintang 4,MercureMadiun,positive,0.9972274899482727,Guest Experience,Guest Experience (0.99); Room Quality & Comfort (0.99); Service Quality (0.98)
TITANIUM Garage 318,2025.0,5,Tempat yang bagusnya strategis ditengah kota madiun cocok bagi wisatawan yang berkunjung ke madiun menginapnya dekat alun2 psc mall dll,KOMPETITOR,Bintang 4,MercureMadiun,positive,0.9990395903587341,Facilities & Amenities,"Facilities & Amenities (0.87); Family & Group Friendly (0.69); Loyalty, Recommendation & Appreciation (0.67)"
hapsari oktavia,2025.0,5,bersih nyaman cocok bawa keluarga,KOMPETITOR,Bintang 4,MercureMadiun,positive,0.9993532299995422,Family & Group Friendly,"Family & Group Friendly (0.98); Room Quality & Comfort (0.95); Cleanliness, Hygiene & Maintenance (0.94)"
Krysnawahyuning Widi,2025.0,5,overall oke hotel baru yang ada dipusat kota deket tmpt kulineran juga betah staycation disini,KOMPETITOR,Bintang 4,MercureMadiun,positive,0.9992249011993408,Food & Beverage,Food & Beverage (0.92); Facilities & Amenities (0.91); Cultural & Heritage Experience (0.90)
ocHie,2025.0,5,standar hotel bintang 5 hotelnya baru buka di bulan maret 2025 bagus selalu langganan mercure di kota manapun,KOMPETITOR,Bintang 4,MercureMadiun,positive,0.998633086681366,Service Quality,"Service Quality (0.86); Loyalty, Recommendation & Appreciation (0.77); Pricing & Value for Money (0.67)"
Anita Chelline Radisty,2025.0,5,sarapan nya oke lumayan lengkap dari salad makanan utama dan pencuci mulut nya pelayanan nya juga baguss,KOMPETITOR,Bintang 4,MercureMadiun,positive,0.9982719421386719,Service Quality,"Service Quality (0.99); Food & Beverage (0.96); Cleanliness, Hygiene & Maintenance (0.93)"
Wahyu Setiadi,2025.0,5,Hotel terbaik yang pernah aku tinggal layanan yang sangat baik terutama tim kantor depan terima kasih Pak Rifqi dan makanan yang sangat lezat akan kembali lagi pasti,KOMPETITOR,Bintang 4,MercureMadiun,positive,0.998672366142273,Service Quality,Service Quality (1.00); Staff Conduct & Hospitality (1.00); Guest Experience (0.99)
Velsya Arif,2025.0,5,Paling untuk saat ini di madiun memang mercuure bersih mewah masih baru nyaman sih kemaren ingin mencoba lounge baru mercuure tapi ternyata bergabung sama resto,KOMPETITOR,Bintang 4,MercureMadiun,positive,0.9973515272140503,Service Quality,"Service Quality (0.75); Cleanliness, Hygiene & Maintenance (0.70); Room Quality & Comfort (0.59)"
Eko Nur,2025.0,4,makanan enak cocok di lidah,KOMPETITOR,Bintang 4,MercureMadiun,positive,0.9960960745811462,Sustainability & Environmental Quality,Sustainability & Environmental Quality (0.81); Family & Group Friendly (0.78); Food & Beverage (0.77)
Totnes 80,2025.0,5,hotel baru dengan desain yang apik dan mewah yang berada di pusat kota dengan sentra kuliner yang lengkap,KOMPETITOR,Bintang 4,MercureMadiun,positive,0.9972547888755798,Food & Beverage,Food & Beverage (0.99); Ambience & Design (0.98); Facilities & Amenities (0.97)
Hela Yuda Buana,2025.0,5,Sangat nyaman untuk berlibur di kota madiun,KOMPETITOR,Bintang 4,MercureMadiun,positive,0.9991993308067322,Facilities & Amenities,"Facilities & Amenities (0.94); Cultural & Heritage Experience (0.92); Cleanliness, Hygiene & Maintenance (0.90)"
Imanuela Alesia,2025.0,5,sarapan enak banyak pilihan,KOMPETITOR,Bintang 4,MercureMadiun,positive,0.9986758828163147,Food & Beverage,"Food & Beverage (0.78); Service Quality (0.78); Loyalty, Recommendation & Appreciation (0.74)"
Sundring Pantja Djati,2025.0,5,Sangat menyenangkan dan servisenya bangus,KOMPETITOR,Bintang 4,MercureMadiun,positive,0.9992347955703735,Service Quality,Service Quality (0.99); Guest Experience (0.96); Facilities & Amenities (0.95)
Safa Amalia,2025.0,5,masakan nya enak hotelnya nyaman dianjurkan,KOMPETITOR,Bintang 4,MercureMadiun,positive,0.9994451403617859,Food & Beverage,"Food & Beverage (0.97); Loyalty, Recommendation & Appreciation (0.92); Service Quality (0.89)"
BAYU SATRIA,2025.0,5,10 bintang bagus untuk kalian semua tetap aman senyum selalu,KOMPETITOR,Bintang 4,MercureMadiun,positive,0.9973626732826233,Safety & Security,"Safety & Security (0.96); Loyalty, Recommendation & Appreciation (0.63); Family & Group Friendly (0.61)"
Daus Icill,2025.0,5,liburan sangat banyak pilihan dan enak,KOMPETITOR,Bintang 4,MercureMadiun,positive,0.9991263747215271,Food & Beverage,Food & Beverage (0.75); Family & Group Friendly (0.70); Cultural & Heritage Experience (0.66)
Della Puspita,2025.0,5,hotelnya bagus lokasinya strategis dan pelayanannya super ramah,KOMPETITOR,Bintang 4,MercureMadiun,positive,0.9992862343788147,Service Quality,Service Quality (0.99); Service Efficiency & Responsiveness (0.99); Staff Conduct & Hospitality (0.99)
BAM SETIAWAN,2025.0,5,mantap semuanya makanan pelayanan,KOMPETITOR,Bintang 4,MercureMadiun,positive,0.9981340765953064,Service Quality,Service Quality (0.99); Guest Experience (0.98); Staff Conduct & Hospitality (0.97)
Airlangga Abisha Putra Wicaksono,2025.0,5,hotel saat pusat kota bersih hotelnya staf yang ramah,KOMPETITOR,Bintang 4,MercureMadiun,positive,0.9991093277931213,Service Quality,Service Quality (0.99); Staff Conduct & Hospitality (0.99); Service Efficiency & Responsiveness (0.98)
Bagas Saputro,2025.0,5,makanan enak kamar bersih lokasi di tengah kota berikutnya ke sni lagi,KOMPETITOR,Bintang 4,MercureMadiun,positive,0.9992863535881042,"Cleanliness, Hygiene & Maintenance","Cleanliness, Hygiene & Maintenance (0.99); Service Quality (0.99); Facilities & Amenities (0.98)"
Arie Anggraini,2025.0,5,kamar nyaman super luas semua bersih lain kali kesini lagi,KOMPETITOR,Bintang 4,MercureMadiun,positive,0.9989987015724182,Room Quality & Comfort,Room Quality & Comfort (0.99); Facilities & Amenities (0.99); Guest Experience (0.98)
Nicolas Karsono,2025.0,5,bagus bersih nyaman aman dianjurkan pelayanan terbaik di madiun makanan enak,KOMPETITOR,Bintang 4,MercureMadiun,positive,0.9994807839393616,Safety & Security,"Safety & Security (0.99); Service Quality (0.99); Cleanliness, Hygiene & Maintenance (0.99)"
Vv Syah,2025.0,5,keren banget sangat rekomendasi sekali respon pelayanan fasilitas kebersihan atas sangat layak sukses terus mercuur madiun,KOMPETITOR,Bintang 4,MercureMadiun,positive,0.999157190322876,Service Quality,Service Quality (0.99); Service Efficiency & Responsiveness (0.99); Guest Experience (0.98)
AK UN,2025.0,1,kecewa sama pelayanan di acara indorun,KOMPETITOR,Bintang 4,MercureMadiun,negative,0.9994007349014282,Guest Experience,Guest Experience (0.86); Check in/out Experience (0.73); Management & Policy Issues (0.62)
Raachell dC,2025.0,5,Semuanya baik nyaman bersih semoga selalu sukses buat hotelnya,KOMPETITOR,Bintang 4,MercureMadiun,positive,0.9978945851325989,Facilities & Amenities,"Facilities & Amenities (0.97); Cleanliness, Hygiene & Maintenance (0.97); Service Quality (0.97)"
Ahmad Soleh,2025.0,5,makanannya enak semua tempatnya estetik di atas semua oke semua sya suka banget,KOMPETITOR,Bintang 4,MercureMadiun,positive,0.9994100332260132,Facilities & Amenities,Facilities & Amenities (0.98); Ambience & Design (0.95); Food & Beverage (0.90)
Eduardo Hendrianta,2025.0,5,nyaman dan terasa premium meski ukuran kamar agar tergolong kecil menurut sayam,KOMPETITOR,Bintang 4,MercureMadiun,positive,0.9960911870002747,Pricing & Value for Money,Pricing & Value for Money (0.95); Room Quality & Comfort (0.91); Facilities & Amenities (0.89)
Wahyu Hardiyanto,2025.0,5,kamarnya bersih rapi dan wangi kualitas pelayanannya oke,KOMPETITOR,Bintang 4,MercureMadiun,positive,0.9992052912712097,Service Quality,"Service Quality (1.00); Cleanliness, Hygiene & Maintenance (0.99); Guest Experience (0.98)"
nicaa chlsta,2025.0,5,hotelnya elegan untuk resto pelayanannya ramah harga terjangkau,KOMPETITOR,Bintang 4,MercureMadiun,positive,0.9992971420288086,Food & Beverage,Food & Beverage (0.98); Pricing & Value for Money (0.98); Facilities & Amenities (0.97)
Lina Dian,2025.0,5,Di bantu dengan sangat memuaskan trimakasih kak,KOMPETITOR,Bintang 4,MercureMadiun,positive,0.9985792636871338,Service Quality,"Service Quality (0.89); Service Efficiency & Responsiveness (0.63); Loyalty, Recommendation & Appreciation (0.63)"
RUDY SAMBAS,2025.0,5,hotel sangat baru makan pagi sangat lengkap orang orangnya sopan sopan ramah,KOMPETITOR,Bintang 4,MercureMadiun,positive,0.9954224228858948,"Cleanliness, Hygiene & Maintenance","Cleanliness, Hygiene & Maintenance (0.98); Staff Conduct & Hospitality (0.97); Service Quality (0.95)"
Rosa Kottamena,2025.0,5,kamar bersih kamar mandi bersih ac dingin staf salma ramah lain x pasti nginap d sini lg,KOMPETITOR,Bintang 4,MercureMadiun,positive,0.9987096786499023,Service Quality,"Service Quality (0.98); Cleanliness, Hygiene & Maintenance (0.98); Facilities & Amenities (0.97)"
Sumanto Mr,2025.0,5,makanan nya enak sekalii,KOMPETITOR,Bintang 4,MercureMadiun,positive,0.9991274476051331,"Loyalty, Recommendation & Appreciation","Loyalty, Recommendation & Appreciation (0.87); Sustainability & Environmental Quality (0.87); Cultural & Heritage Experience (0.86)"
Riska Oktaviasari,2025.0,1,Seelas bintang 4 tidak ada tangan minta sudah sejam menunggu saya harus marah2 ke resepsionis,KOMPETITOR,Bintang 4,MercureMadiun,negative,0.9994407296180725,Service Quality,Service Quality (0.93); Guest Experience (0.83); Check in/out Experience (0.82)
Merinda Lestandy,2025.0,5,hotelnya masih baru dekat kota nyaman dan layanan bagus banget,KOMPETITOR,Bintang 4,MercureMadiun,positive,0.9992623925209045,Service Quality,Service Quality (0.99); Facilities & Amenities (0.96); Service Efficiency & Responsiveness (0.92)
Yola Pratiwi,2025.0,5,hotelnya mewah rapi wangi,KOMPETITOR,Bintang 4,MercureMadiun,positive,0.9992514252662659,"Cleanliness, Hygiene & Maintenance","Cleanliness, Hygiene & Maintenance (0.99); Service Quality (0.97); Facilities & Amenities (0.89)"
Destaganteng88 Dapaganteng88,2025.0,5,pelayanan baik makanan enak,KOMPETITOR,Bintang 4,MercureMadiun,positive,0.9975222945213318,Service Quality,Service Quality (1.00); Guest Experience (0.99); Staff Conduct & Hospitality (0.97)
Onis Nur Islahi,2025.0,5,Bagus sekali sukses selalu terima kasih,KOMPETITOR,Bintang 4,MercureMadiun,positive,0.9977061748504639,"Loyalty, Recommendation & Appreciation","Loyalty, Recommendation & Appreciation (0.91); Sustainability & Environmental Quality (0.72); Cleanliness, Hygiene & Maintenance (0.71)"
Lutfi Andriana,2025.0,5,kamar bersih rapi dan nyaman pelayanan yang diberikan juga oke stafnya ramah dan sigap,KOMPETITOR,Bintang 4,MercureMadiun,positive,0.9984585046768188,Room Quality & Comfort,"Room Quality & Comfort (1.00); Facilities & Amenities (0.99); Cleanliness, Hygiene & Maintenance (0.99)"
niken yuliana,2025.0,5,kalau singgah ke madiun wajib menginap disini,KOMPETITOR,Bintang 4,MercureMadiun,positive,0.99880051612854,Cultural & Heritage Experience,"Cultural & Heritage Experience (0.77); Cleanliness, Hygiene & Maintenance (0.72); Sustainability & Environmental Quality (0.70)"
Iid al imdad,2025.0,5,Pengalaman pertama mengunjungi kota madiun lalu tinggal di hotel mercuure memberi kesan yang menarik nyaman bersih,KOMPETITOR,Bintang 4,MercureMadiun,positive,0.9980878233909607,"Cleanliness, Hygiene & Maintenance","Cleanliness, Hygiene & Maintenance (0.96); Guest Experience (0.94); Service Quality (0.92)"
Ihyari Nuryana,2025.0,5,Layanan yang baik menu sarapan yang lezat semua baik,KOMPETITOR,Bintang 4,MercureMadiun,positive,0.9896424412727356,Service Quality,Service Quality (1.00); Guest Experience (1.00); Facilities & Amenities (1.00)
Aurora Kirana,2025.0,5,menu baru dianjurkan tempatnya bersih bagus pelayanan memuaskan,KOMPETITOR,Bintang 4,MercureMadiun,positive,0.998654842376709,Service Quality,Service Quality (1.00); Guest Experience (0.99); Food & Beverage (0.98)
Matthew Ansell Tandoko,2025.0,5,kamarnya nyaman pelayanan memuaskan cocok dengan harga yang ditawarkan,KOMPETITOR,Bintang 4,MercureMadiun,positive,0.99839848279953,Service Quality,Service Quality (1.00); Guest Experience (0.99); Room Quality & Comfort (0.99)
Linda Ongko,2025.0,5,sangat dianjurkan hotel adalah kamar baru kamar bersih amenity lengkap,KOMPETITOR,Bintang 4,MercureMadiun,positive,0.9988995790481567,"Cleanliness, Hygiene & Maintenance","Cleanliness, Hygiene & Maintenance (1.00); Room Quality & Comfort (0.99); Facilities & Amenities (0.99)"
Ricchi Richy,2025.0,5,makanan sangatt enak sekalii,KOMPETITOR,Bintang 4,MercureMadiun,positive,0.9990531802177429,Food & Beverage,Food & Beverage (0.80); Sustainability & Environmental Quality (0.80); Cultural & Heritage Experience (0.78)
glandys kusuma dianty,2025.0,5,tempat yang nyaman dan strategis untuk menginap pelayanan dan layanan terbaik,KOMPETITOR,Bintang 4,MercureMadiun,positive,0.999116837978363,Facilities & Amenities,Facilities & Amenities (0.99); Room Quality & Comfort (0.99); Service Quality (0.98)
Risky Karimah,2025.0,5,Pengalaman yang bagus untuk tinggal di sini kamar bersih dan semua staf membantu pasti kembali ke sini lagi kadang-kadang,KOMPETITOR,Bintang 4,MercureMadiun,positive,0.9977133274078369,Guest Experience,"Guest Experience (1.00); Service Quality (1.00); Cleanliness, Hygiene & Maintenance (1.00)"
Firmansyah Adhitya,2025.0,5,dianjurkan sekali hotelnya,KOMPETITOR,Bintang 4,MercureMadiun,positive,0.8847288489341736,Service Quality,"Service Quality (0.88); Safety & Security (0.88); Cleanliness, Hygiene & Maintenance (0.88)"
Maz Media,2025.0,5,tempatnya sangat nyaman dan damai,KOMPETITOR,Bintang 4,MercureMadiun,positive,0.9993139505386353,Room Quality & Comfort,Room Quality & Comfort (0.99); Facilities & Amenities (0.95); Guest Experience (0.91)
Shinta Cpd,2025.0,5,Hotel baru bagus sekali,KOMPETITOR,Bintang 4,MercureMadiun,positive,0.9968122839927673,Service Quality,"Service Quality (0.92); Facilities & Amenities (0.89); Cleanliness, Hygiene & Maintenance (0.87)"
Wahyudi Tee,2025.0,5,mantap kamarnya bersih baru sarapannya enak,KOMPETITOR,Bintang 4,MercureMadiun,positive,0.9994045495986938,"Cleanliness, Hygiene & Maintenance","Cleanliness, Hygiene & Maintenance (0.99); Facilities & Amenities (0.98); Service Quality (0.97)"
Safitri Widjayanti,2025.0,5,hotelnya sangat nyaman dan anak-anak ramah petugasnya pun sangat ramah,KOMPETITOR,Bintang 4,MercureMadiun,positive,0.9993306398391724,Facilities & Amenities,Facilities & Amenities (0.98); Family & Group Friendly (0.97); Staff Conduct & Hospitality (0.97)
Achmad Ubaidillah,2025.0,5,hotelnya bagus dan nyaman serta lokasi tengah kota,KOMPETITOR,Bintang 4,MercureMadiun,positive,0.9993687272071838,Facilities & Amenities,Facilities & Amenities (1.00); Room Quality & Comfort (0.99); Service Quality (0.98)
yunita utomo,2025.0,5,kamar sangat luas bersih ramah dan lokasi sangat strategis di tengah kota madiun,KOMPETITOR,Bintang 4,MercureMadiun,positive,0.9994252920150757,Room Quality & Comfort,"Room Quality & Comfort (1.00); Service Quality (0.99); Cleanliness, Hygiene & Maintenance (0.98)"
Suwondo Bowo,2025.0,5,enak nyaman pelayanan bagus,KOMPETITOR,Bintang 4,MercureMadiun,positive,0.9994297623634338,Service Quality,Service Quality (0.99); Guest Experience (0.98); Facilities & Amenities (0.97)
Riyan Aprilatama,2025.0,4,Tempat yang baik tapi sarapan membosankan sangat membutuhkan perbaikan,KOMPETITOR,Bintang 4,MercureMadiun,negative,0.8134694695472717,Facilities & Amenities,Facilities & Amenities (0.97); Food & Beverage (0.94); Guest Experience (0.91)
tuesday,2025.0,5,makanannya enak bagus,KOMPETITOR,Bintang 4,MercureMadiun,positive,0.9987284541130066,"Loyalty, Recommendation & Appreciation","Loyalty, Recommendation & Appreciation (0.86); Food & Beverage (0.84); Sustainability & Environmental Quality (0.83)"
Astrid Ambar,2025.0,5,Cukup nyaman tinggal di hotel Mercure tempat strategis di Kota Tengah,KOMPETITOR,Bintang 4,MercureMadiun,positive,0.999387264251709,Room Quality & Comfort,"Room Quality & Comfort (0.96); Facilities & Amenities (0.95); Loyalty, Recommendation & Appreciation (0.89)"
Sari Hardiana,2025.0,5,tempat yang cocok untuk menginap,KOMPETITOR,Bintang 4,MercureMadiun,positive,0.9984344840049744,Guest Experience,Guest Experience (0.92); Facilities & Amenities (0.88); Room Quality & Comfort (0.83)
Abdus Salam,2025.0,5,sebaiknya disediakan sajadah untuk sholat,KOMPETITOR,Bintang 4,MercureMadiun,neutral,0.9789424538612366,Religious & Halal Features,Religious & Halal Features (0.87); Service Quality (0.59); Cultural & Heritage Experience (0.57)
Radit Als,2025.0,5,pengalaman menginap yang menyenangkan,KOMPETITOR,Bintang 4,MercureMadiun,positive,0.9957717061042786,Guest Experience,Guest Experience (0.99); Check in/out Experience (0.94); Room Quality & Comfort (0.93)
noor agung,2025.0,5,makanan enak dan beragam tempatnya nyaman dan estetis tapi kurang luas,KOMPETITOR,Bintang 4,MercureMadiun,positive,0.9989763498306274,Facilities & Amenities,Facilities & Amenities (0.99); Room Quality & Comfort (0.84); Ambience & Design (0.84)
Irfan Arief,2025.0,5,hotel bisnis tatar internasional yang nyaman dengan harga terjangkau dan fasilitas yang sangat baik,KOMPETITOR,Bintang 4,MercureMadiun,positive,0.9988665580749512,Facilities & Amenities,Facilities & Amenities (0.99); Pricing & Value for Money (0.97); Service Quality (0.97)
Michael Yank,2025.0,5,Ini adalah bintang empat masuk madiun hotel masuk kota terbaik membawa modernitas ke kota,KOMPETITOR,Bintang 4,MercureMadiun,positive,0.99735426902771,Service Quality,Service Quality (0.95); Sustainability & Environmental Quality (0.92); Facilities & Amenities (0.91)
Yona Evitasari,2025.0,5,makanan enak pelayanan bagus ramah baik dibantu dengan mas alfido,KOMPETITOR,Bintang 4,MercureMadiun,positive,0.999031662940979,Service Quality,Service Quality (0.99); Guest Experience (0.99); Staff Conduct & Hospitality (0.99)
putra wijaya,2025.0,5,Nginap tanggal 31 Mei saat barengan dengan artis iis dahlia dan limbad,KOMPETITOR,Bintang 4,MercureMadiun,neutral,0.9974428415298462,Guest Experience,Guest Experience (0.93); Cultural & Heritage Experience (0.88); Check in/out Experience (0.81)
irsyad aljabbar,2025.0,5,Untuk semua yang bisa Anda lakukan itu nyaa istimewa enak dan tempatnya nyaman,KOMPETITOR,Bintang 4,MercureMadiun,positive,0.9973311424255371,Facilities & Amenities,Facilities & Amenities (0.99); Room Quality & Comfort (0.97); Service Quality (0.80)
Ahmad Fathoni,2025.0,5,sudah ke 3 kali nya nginep d sini sangat memuaskan fasilitas yang d berikan,KOMPETITOR,Bintang 4,MercureMadiun,positive,0.9966294169425964,Service Quality,Service Quality (0.98); Guest Experience (0.94); Facilities & Amenities (0.91)
Yesika Sadinawati,2025.0,5,buka puasa dengan menu yang enak dan beragam pelayanan sangat memuaskan,KOMPETITOR,Bintang 4,MercureMadiun,positive,0.998769223690033,Service Quality,Service Quality (1.00); Food & Beverage (0.99); Guest Experience (0.95)
Shofia Ai Nurhidayah,2025.0,5,layanan bagus seluruh staf ramah dan baik makanan enak,KOMPETITOR,Bintang 4,MercureMadiun,positive,0.9966272115707397,Service Quality,Service Quality (1.00); Staff Conduct & Hospitality (0.99); Guest Experience (0.98)
eko puspitowarno,2025.0,2,pelayanan lambat cek masuk dan cek keluar tv sering mati bikin tidak nyaman kamar 722,KOMPETITOR,Bintang 4,MercureMadiun,negative,0.9993402361869812,Check in/out Experience,Check in/out Experience (0.99); Guest Experience (0.98); Facilities & Amenities (0.89)
Rizky Iswahyudi,2025.0,5,lokasi dekat dengan alun alun madiun dan pusat kota,KOMPETITOR,Bintang 4,MercureMadiun,positive,0.9991674423217773,Facilities & Amenities,Facilities & Amenities (0.97); Service Efficiency & Responsiveness (0.89); Sustainability & Environmental Quality (0.85)
Fadhill Mochtarom,2025.0,5,kamar nya bagus nyaman bersih pelayanannya ramah,KOMPETITOR,Bintang 4,MercureMadiun,positive,0.9991305470466614,Room Quality & Comfort,Room Quality & Comfort (0.99); Facilities & Amenities (0.99); Guest Experience (0.99)
suryadi wibisono,2025.0,5,disambut sama mbak thresye dengan ramah dan hangat dapat pagi cek masuk sukses selalu mercuure madiun,KOMPETITOR,Bintang 4,MercureMadiun,positive,0.9978744983673096,Guest Experience,Guest Experience (0.98); Staff Conduct & Hospitality (0.98); Service Quality (0.96)
Anindyaar,2025.0,5,Semua fasilitas cukup baik sangat puas,KOMPETITOR,Bintang 4,MercureMadiun,positive,0.9986435770988464,Service Quality,Service Quality (0.99); Facilities & Amenities (0.99); Guest Experience (0.93)
Rian Subhan,2025.0,5,oke banget hotel baru anak ultah pengen nyoba hotel baru heheheh,KOMPETITOR,Bintang 4,MercureMadiun,positive,0.9450289607048035,Facilities & Amenities,"Facilities & Amenities (0.64); Guest Experience (0.63); Loyalty, Recommendation & Appreciation (0.60)"
Yunda Dwi lugita,2025.0,5,kamarnya bagus tempatnya bersih pelayanan oke,KOMPETITOR,Bintang 4,MercureMadiun,positive,0.9990703463554382,Service Quality,Service Quality (0.99); Room Quality & Comfort (0.99); Guest Experience (0.99)
Yoga Pratomo,2025.0,5,masakan enak dan dianjurkan,KOMPETITOR,Bintang 4,MercureMadiun,positive,0.9990381002426147,Food & Beverage,"Food & Beverage (0.98); Loyalty, Recommendation & Appreciation (0.97); Sustainability & Environmental Quality (0.88)"
Mochammad Rizal,2025.0,5,Secara keseluruhan bagus semuanya tetap bekerja,KOMPETITOR,Bintang 4,MercureMadiun,positive,0.9976281523704529,Service Quality,"Service Quality (0.90); Cleanliness, Hygiene & Maintenance (0.90); Service Efficiency & Responsiveness (0.81)"
Siska Armawati Sufa,2025.0,5,lokasi strategis di kota tengah madiun,KOMPETITOR,Bintang 4,MercureMadiun,positive,0.9990512728691101,Facilities & Amenities,Facilities & Amenities (0.79); Sustainability & Environmental Quality (0.79); Religious & Halal Features (0.72)
Agen Resmi Skincare Rinna Diazella Madiun,2025.0,5,Bagus nyaman cuman ac nya butuh waktu untuk membuat dingin nya,KOMPETITOR,Bintang 4,MercureMadiun,positive,0.984524667263031,Facilities & Amenities,Facilities & Amenities (0.79); Service Quality (0.78); Room Quality & Comfort (0.65)
Angella Citra Ramadhani,2025.0,5,sarapan makanan enak worthitt,KOMPETITOR,Bintang 4,MercureMadiun,positive,0.9989093542098999,"Loyalty, Recommendation & Appreciation","Loyalty, Recommendation & Appreciation (0.86); Cultural & Heritage Experience (0.75); Sustainability & Environmental Quality (0.73)"
Rivant Arya,2025.0,5,untuk makanann dan pelayanan sempurna,KOMPETITOR,Bintang 4,MercureMadiun,positive,0.9983314871788025,Service Quality,Service Quality (0.99); Service Efficiency & Responsiveness (0.99); Food & Beverage (0.98)
Paula Barbinek (ThePamelaShow),2025.0,5,Terima kasih banyak kru luar biasa mereka merayakan ulang tahun ibuku terima kasih,KOMPETITOR,Bintang 4,MercureMadiun,positive,0.9837589263916016,Service Quality,Service Quality (0.88); Family & Group Friendly (0.75); Cultural & Heritage Experience (0.74)
Hary Hariry65,2025.0,5,dekat alun enak untuk sarapan,KOMPETITOR,Bintang 4,MercureMadiun,positive,0.9987974166870117,Facilities & Amenities,"Facilities & Amenities (0.98); Sustainability & Environmental Quality (0.93); Cleanliness, Hygiene & Maintenance (0.91)"
Sukma Ningrum,2025.0,5,Semua petugas ramah kamar bersih gaada kendala apapun itu layak,KOMPETITOR,Bintang 4,MercureMadiun,positive,0.9975996613502502,Service Quality,"Service Quality (0.99); Guest Experience (0.99); Cleanliness, Hygiene & Maintenance (0.99)"
Desi Irawati,2025.0,5,Layanan yang bagus makanan yang lezat,KOMPETITOR,Bintang 4,MercureMadiun,positive,0.9970372915267944,Service Quality,Service Quality (1.00); Guest Experience (0.99); Facilities & Amenities (0.99)
ignasia sulistyaningsih,2025.0,5,Sarapan hari ini,KOMPETITOR,Bintang 4,MercureMadiun,positive,0.7023528814315796,Food & Beverage,"Food & Beverage (0.93); Cleanliness, Hygiene & Maintenance (0.90); Facilities & Amenities (0.78)"
Lina Deby,2025.0,5,pelayanan nya ramah kamarnya enak,KOMPETITOR,Bintang 4,MercureMadiun,positive,0.9991750121116638,Guest Experience,Guest Experience (0.99); Service Quality (0.99); Room Quality & Comfort (0.98)
Amalia Permatasari,2025.0,4,pengalaman menginap yang sangat nyaman,KOMPETITOR,Bintang 4,MercureMadiun,positive,0.9982581734657288,Room Quality & Comfort,Room Quality & Comfort (0.98); Guest Experience (0.98); Service Quality (0.94)
fariz rianayrafreya,2025.0,5,hotel msh baru tempat bersih nyaman parkir luas,KOMPETITOR,Bintang 4,MercureMadiun,positive,0.9994416832923889,"Cleanliness, Hygiene & Maintenance","Cleanliness, Hygiene & Maintenance (0.97); Service Quality (0.96); Location, Accessibility & Parking (0.96)"
Ega Ayu,2025.0,5,Terima kasih atas pelayanannya yang baik sukses untuk mercuure,KOMPETITOR,Bintang 4,MercureMadiun,positive,0.9948880076408386,Service Quality,Service Quality (1.00); Guest Experience (0.97); Service Efficiency & Responsiveness (0.90)
Ign Budi Hariyanto,2025.0,5,semuanya bagus serasa hotel bintang 5,KOMPETITOR,Bintang 4,MercureMadiun,positive,0.998808741569519,Service Quality,Service Quality (0.90); Facilities & Amenities (0.85); Sustainability & Environmental Quality (0.82)
Ririn Kris,2025.0,5,dekat lokasi kuliner dan alun2,KOMPETITOR,Bintang 4,MercureMadiun,positive,0.999411940574646,Facilities & Amenities,Facilities & Amenities (0.98); Food & Beverage (0.94); Cultural & Heritage Experience (0.88)
Alfian Wira Satya Sakti,2025.0,5,pelayanan bagus makanan resto enak,KOMPETITOR,Bintang 4,MercureMadiun,positive,0.9990792274475098,Service Quality,Service Quality (1.00); Guest Experience (0.93); Facilities & Amenities (0.91)
Felix Tze,2025.0,5,kalau ke madiun pasti nginep di mercure madiun,KOMPETITOR,Bintang 4,MercureMadiun,positive,0.9034156203269958,Check in/out Experience,Check in/out Experience (0.93); Cultural & Heritage Experience (0.91); Guest Experience (0.87)
Meyarie Salam,2025.0,5,Semua baik-baik saja dianjurkan,KOMPETITOR,Bintang 4,MercureMadiun,negative,0.4933052957057953,"Cleanliness, Hygiene & Maintenance","Cleanliness, Hygiene & Maintenance (0.91); Sustainability & Environmental Quality (0.82); Service Quality (0.81)"
Gary Eka Luviano,2025.0,5,Hotel baru dan bagus palayanan oke,KOMPETITOR,Bintang 4,MercureMadiun,positive,0.9990360736846924,Service Quality,Service Quality (1.00); Facilities & Amenities (0.99); Guest Experience (0.98)
lets arie,2025.0,5,makanan b saja fasilitas yang lain mantap pol,KOMPETITOR,Bintang 4,MercureMadiun,positive,0.9977099895477295,Facilities & Amenities,Facilities & Amenities (0.78); Food & Beverage (0.69); Service Quality (0.54)
Bambang Adi,2025.0,5,untuk ruang pertemuan kurang besar,KOMPETITOR,Bintang 4,MercureMadiun,positive,0.8951296210289001,Facilities & Amenities,Facilities & Amenities (0.72); Sustainability & Environmental Quality (0.59); Guest Experience (0.53)
Viona zanuba,2025.0,5,nyaman banget disini pelayanan ramah banget di bantu mas alfido,KOMPETITOR,Bintang 4,MercureMadiun,positive,0.999170184135437,Service Quality,Service Quality (0.97); Guest Experience (0.96); Staff Conduct & Hospitality (0.96)
widya ira,2025.0,5,Tidak ada ruang tunggu di lobi pilih memuaskannya,KOMPETITOR,Bintang 4,MercureMadiun,negative,0.9503312110900879,Facilities & Amenities,Facilities & Amenities (0.81); Service Quality (0.61); Guest Experience (0.59)
Alindra,2025.0,5,kamar nya oke fasilitas jg oke makanan juga oke,KOMPETITOR,Bintang 4,MercureMadiun,positive,0.9963382482528687,Facilities & Amenities,Facilities & Amenities (0.99); Room Quality & Comfort (0.98); Guest Experience (0.93)
rama muzakki,2025.0,5,fasilitas lengkap dan anak-anak ramah,KOMPETITOR,Bintang 4,MercureMadiun,positive,0.9993346333503723,Facilities & Amenities,Facilities & Amenities (0.99); Service Efficiency & Responsiveness (0.98); Guest Experience (0.98)
Mustafit Tafit,2025.0,5,pelayanan memuaskan,KOMPETITOR,Bintang 4,MercureMadiun,positive,0.9991390705108643,Service Quality,Service Quality (1.00); Guest Experience (0.98); Service Efficiency & Responsiveness (0.91)
Muhammad Alifa,2025.0,5,sarapannya enak,KOMPETITOR,Bintang 4,MercureMadiun,positive,0.9992239475250244,Food & Beverage,"Food & Beverage (0.97); Cleanliness, Hygiene & Maintenance (0.94); Service Quality (0.93)"
Frida Nurbiatie,2025.0,5,tempatnya bersih di tengah kota dan nyaman,KOMPETITOR,Bintang 4,MercureMadiun,positive,0.9994444251060486,Room Quality & Comfort,"Room Quality & Comfort (0.99); Facilities & Amenities (0.97); Cleanliness, Hygiene & Maintenance (0.96)"
Sudjanto Sudjanto,2025.0,5,pelayanan ramah kebersihan mantap,KOMPETITOR,Bintang 4,MercureMadiun,positive,0.9994919300079346,Service Quality,"Service Quality (1.00); Cleanliness, Hygiene & Maintenance (0.99); Guest Experience (0.99)"
RIO DWI SAPUTRA RIO,2025.0,5,Sarapan di hari Rabu sangat mantap,KOMPETITOR,Bintang 4,MercureMadiun,positive,0.998810887336731,Food & Beverage,Food & Beverage (0.99); Service Quality (0.94); Facilities & Amenities (0.93)
Palapa Doni,2025.0,4,makanan kurang banyak kamar bagus namun kurang luas,KOMPETITOR,Bintang 4,MercureMadiun,negative,0.8642715215682983,Facilities & Amenities,Facilities & Amenities (0.85); Guest Experience (0.76); Sustainability & Environmental Quality (0.69)
Joseph Indra,2025.0,5,sarapan yang baik dan kamar yang bagus,KOMPETITOR,Bintang 4,MercureMadiun,positive,0.9977204203605652,Facilities & Amenities,Facilities & Amenities (1.00); Food & Beverage (0.99); Guest Experience (0.99)
Ibu Cuan,2025.0,5,Sangat bagus tinggal sangat direkomendasikan makanan adalah luar biasa,KOMPETITOR,Bintang 4,MercureMadiun,positive,0.9907722473144531,"Loyalty, Recommendation & Appreciation","Loyalty, Recommendation & Appreciation (0.98); Food & Beverage (0.86); Sustainability & Environmental Quality (0.84)"
asti awiyatul,2025.0,5,sangat mudah saat checkin pasti kembali,KOMPETITOR,Bintang 4,MercureMadiun,positive,0.9848056435585022,Check in/out Experience,"Check in/out Experience (0.85); Guest Experience (0.81); Cleanliness, Hygiene & Maintenance (0.80)"
Yusufhadinata A,2025.0,5,kualitas bagus dan pelayanan ramah serasa bintang 5,KOMPETITOR,Bintang 4,MercureMadiun,positive,0.999311089515686,Service Quality,Service Quality (0.99); Service Efficiency & Responsiveness (0.99); Guest Experience (0.99)
Ifanda Enta,2025.0,5,Mercure hotel nyaman bersih bagus top buat fasilitasnya,KOMPETITOR,Bintang 4,MercureMadiun,positive,0.9995063543319702,Service Quality,"Service Quality (0.97); Facilities & Amenities (0.96); Cleanliness, Hygiene & Maintenance (0.90)"
Nur fatimah,2025.0,5,makanan enak kamarnya kedap tidak berisik,KOMPETITOR,Bintang 4,MercureMadiun,positive,0.9989495873451233,"Cleanliness, Hygiene & Maintenance","Cleanliness, Hygiene & Maintenance (0.99); Facilities & Amenities (0.98); Service Quality (0.98)"
Andiniaa Alegra,2025.0,5,servis nya oke karyawannya juga ramah ramah makanannya enak,KOMPETITOR,Bintang 4,MercureMadiun,positive,0.9985526204109192,Service Quality,Service Quality (1.00); Staff Conduct & Hospitality (0.98); Facilities & Amenities (0.98)
gading rusa,2025.0,5,Masya Allah sudah bagus,KOMPETITOR,Bintang 4,MercureMadiun,positive,0.9978098273277283,"Cleanliness, Hygiene & Maintenance","Cleanliness, Hygiene & Maintenance (0.82); Religious & Halal Features (0.82); Service Quality (0.81)"
Triyas Saputra,2025.0,5,taman bermain bersih kamar nyaman kolam renang bersih makanan istimewa,KOMPETITOR,Bintang 4,MercureMadiun,positive,0.9991875290870667,Facilities & Amenities,"Facilities & Amenities (1.00); Cleanliness, Hygiene & Maintenance (0.99); Room Quality & Comfort (0.98)"
Linggar Pramintaning,2025.0,5,makanan nya enak staf nya ramah lokasinya strategis,KOMPETITOR,Bintang 4,MercureMadiun,positive,0.9986250400543213,Service Quality,Service Quality (0.99); Service Efficiency & Responsiveness (0.95); Facilities & Amenities (0.94)
sheila salvatore,2025.0,5,memuaskan semua layanan waktu menginap di sini,KOMPETITOR,Bintang 4,MercureMadiun,positive,0.9980798959732056,Service Quality,Service Quality (0.99); Guest Experience (0.99); Facilities & Amenities (0.96)
Erni Pritiya,2025.0,5,nyaman pelayanannya sangat memuaskan,KOMPETITOR,Bintang 4,MercureMadiun,positive,0.9991918206214905,Service Quality,Service Quality (1.00); Guest Experience (0.99); Facilities & Amenities (0.97)
alfh sptii,2025.0,5,makanan yang tidak enak,KOMPETITOR,Bintang 4,MercureMadiun,negative,0.9990978240966797,Food & Beverage,Food & Beverage (0.65); Pricing & Value for Money (0.49); Management & Policy Issues (0.48)
Gayuh Prayuga,2025.0,5,layanan oke dan kualitas,KOMPETITOR,Bintang 4,MercureMadiun,positive,0.9978640675544739,Service Quality,Service Quality (0.99); Facilities & Amenities (0.98); Guest Experience (0.96)
Laksana Office,2025.0,5,hotel baru pertahankan pelayananan primanya ya,KOMPETITOR,Bintang 4,MercureMadiun,positive,0.989791214466095,Service Quality,"Service Quality (1.00); Service Efficiency & Responsiveness (0.93); Cleanliness, Hygiene & Maintenance (0.92)"
Yuli Widiana,2025.0,5,Makanan yang baik dan staf yang ramah,KOMPETITOR,Bintang 4,MercureMadiun,positive,0.9968475699424744,Service Quality,Service Quality (1.00); Staff Conduct & Hospitality (1.00); Service Efficiency & Responsiveness (0.99)
Irfan Pria Nugraha,2025.0,5,enak dan pelayanan ramah,KOMPETITOR,Bintang 4,MercureMadiun,positive,0.9993420243263245,Staff Conduct & Hospitality,Staff Conduct & Hospitality (0.99); Service Quality (0.99); Guest Experience (0.99)
Lis Listiyani,2025.0,5,puas dengan pelayanan hotel sangat recomendet,KOMPETITOR,Bintang 4,MercureMadiun,positive,0.9990696310997009,Service Quality,"Service Quality (0.99); Guest Experience (0.97); Loyalty, Recommendation & Appreciation (0.97)"
wahyu mukti,2025.0,5,selalu jaga kualitas nya ya,KOMPETITOR,Bintang 4,MercureMadiun,positive,0.9929063320159912,"Cleanliness, Hygiene & Maintenance","Cleanliness, Hygiene & Maintenance (0.90); Sustainability & Environmental Quality (0.89); Service Quality (0.57)"
Eni Eni,2025.0,5,pelayanannya oke kamarnya nyaman karyawannya ramah ramah,KOMPETITOR,Bintang 4,MercureMadiun,positive,0.9991888403892517,Service Quality,Service Quality (0.99); Room Quality & Comfort (0.99); Facilities & Amenities (0.98)
Ahmad Ghoni,2025.0,5,tempat romantis indah dan menyenangkan,KOMPETITOR,Bintang 4,MercureMadiun,positive,0.9986935257911682,Room Quality & Comfort,Room Quality & Comfort (0.95); Facilities & Amenities (0.94); Family & Group Friendly (0.90)
Yayan Sukro,2025.0,5,tempat bagus nyaman rapi dekat dengan tempat tempat bermain,KOMPETITOR,Bintang 4,MercureMadiun,positive,0.9994165897369385,Room Quality & Comfort,"Room Quality & Comfort (0.99); Facilities & Amenities (0.99); Cleanliness, Hygiene & Maintenance (0.97)"
Chaa Reno13,2025.0,5,Layanan yang sangat baik nyaman dan bersih tetaplah bekerja dengan baik,KOMPETITOR,Bintang 4,MercureMadiun,positive,0.9971032738685608,Service Quality,"Service Quality (1.00); Cleanliness, Hygiene & Maintenance (1.00); Facilities & Amenities (0.99)"
Ismun Mangun,2025.0,5,Pelayanan sangat baik desain ruangannya bagus dianjurkan,KOMPETITOR,Bintang 4,MercureMadiun,positive,0.9977268576622009,Service Quality,Service Quality (1.00); Guest Experience (1.00); Ambience & Design (1.00)
Mega Aprilia,2025.0,5,Terima kasih staf sangat membantu ramah sekali teruskan anda,KOMPETITOR,Bintang 4,MercureMadiun,positive,0.9978176355361938,Staff Conduct & Hospitality,Staff Conduct & Hospitality (0.97); Guest Experience (0.95); Service Quality (0.94)
Satriyo Setiohadi,2025.0,5,pelayanan terbaik,KOMPETITOR,Bintang 4,MercureMadiun,positive,0.9992013573646545,Service Quality,Service Quality (1.00); Guest Experience (0.92); Service Efficiency & Responsiveness (0.91)
Sidi Pranyoto,2025.0,4,nyaman nginap di hotel ini,KOMPETITOR,Bintang 4,MercureMadiun,positive,0.9976261258125305,Service Quality,Service Quality (0.93); Facilities & Amenities (0.92); Room Quality & Comfort (0.90)
Nurut Tazkiyah,2025.0,5,Ada nyamuk di kamar,KOMPETITOR,Bintang 4,MercureMadiun,negative,0.8058097958564758,Facilities & Amenities,Facilities & Amenities (0.95); Guest Experience (0.92); Sustainability & Environmental Quality (0.83)
dona amelia,2025.0,5,Pelayanan bagus kamar bagus sempurna,KOMPETITOR,Bintang 4,MercureMadiun,positive,0.9985010623931885,Guest Experience,Guest Experience (1.00); Service Quality (1.00); Room Quality & Comfort (1.00)
Wawan Arifianto,2025.0,5,Teruslah menjaganya,KOMPETITOR,Bintang 4,MercureMadiun,positive,0.9892983436584473,"Cleanliness, Hygiene & Maintenance","Cleanliness, Hygiene & Maintenance (0.99); Safety & Security (0.95); Sustainability & Environmental Quality (0.91)"
Cindy Cantika,2025.0,5,Pengalaman luar biasa mengadakan acara di Madiun pada hari Rabu.,KOMPETITOR,Bintang 4,MercureMadiun,positive,0.9782798886299133,Guest Experience,Guest Experience (0.76); Cultural & Heritage Experience (0.74); Service Quality (0.57)
Cahyadi Pamungkas,2025.0,5,Pengalaman yang luar biasa dan keramahan dari Hotel Mercure Madiun dianjurkan untuk keluarga saat Anda tinggal masuk Madiun,KOMPETITOR,Bintang 4,MercureMadiun,positive,0.9982512593269348,Service Quality,Service Quality (1.00); Guest Experience (0.99); Staff Conduct & Hospitality (0.98)
lydia gandini,2025.0,5,Beand hotel baru masuk kota yang terletak dekat alun alun dan pecel pojok terkenal,KOMPETITOR,Bintang 4,MercureMadiun,positive,0.9950637221336365,Food & Beverage,Food & Beverage (0.99); Facilities & Amenities (0.93); Booking & Reservation Experience (0.86)
Frankestien Tv,2025.0,5,mantap pelayannya,KOMPETITOR,Bintang 4,MercureMadiun,positive,0.9992597699165344,Service Quality,"Service Quality (0.87); Cleanliness, Hygiene & Maintenance (0.87); Facilities & Amenities (0.77)"
Faizal Faiz,2025.0,5,Tinggalkan jejak dulu semoga ada kesempatan untuk menginap di Madiun pada hari Rabu,KOMPETITOR,Bintang 4,MercureMadiun,neutral,0.8327507972717285,Guest Experience,Guest Experience (0.75); Sustainability & Environmental Quality (0.73); Service Quality (0.70)
Novianti Bias,2025.0,5,bagus banget pelayanan lengkap dan staf ramah,KOMPETITOR,Bintang 4,MercureMadiun,positive,0.9987519979476929,Service Efficiency & Responsiveness,Service Efficiency & Responsiveness (0.99); Service Quality (0.99); Staff Conduct & Hospitality (0.98)
zavia salsabila,2025.0,5,oke banget pelayanan mantap,KOMPETITOR,Bintang 4,MercureMadiun,positive,0.9990264177322388,Service Quality,Service Quality (0.99); Guest Experience (0.97); Service Efficiency & Responsiveness (0.95)
Nanda Medyka,2025.0,5,Hotel baru masuk kota lingkungan yang baik staf yang baik kamar yang sangat baik,KOMPETITOR,Bintang 4,MercureMadiun,positive,0.9977892637252808,Service Quality,Service Quality (1.00); Sustainability & Environmental Quality (0.99); Room Quality & Comfort (0.99)
yence vebriwanto,2025.0,5,kamar bersih pelayanan bagus ramah,KOMPETITOR,Bintang 4,MercureMadiun,positive,0.9985804557800293,Guest Experience,Guest Experience (1.00); Service Quality (1.00); Room Quality & Comfort (0.99)
leni wahyuni,2025.0,5,sangat puas kamarnya sangat nyaman,KOMPETITOR,Bintang 4,MercureMadiun,positive,0.9991633892059326,Room Quality & Comfort,Room Quality & Comfort (0.99); Guest Experience (0.98); Service Quality (0.96)
Najwa Himmatus,2025.0,5,kuepi uy,KOMPETITOR,Bintang 4,MercureMadiun,positive,0.9980846643447876,Facilities & Amenities,"Facilities & Amenities (0.85); Cleanliness, Hygiene & Maintenance (0.83); Pricing & Value for Money (0.72)"
M. Zudhy Irawan,2025.0,5,Bagus sekali,KOMPETITOR,Bintang 4,MercureMadiun,positive,0.9766104221343994,"Cleanliness, Hygiene & Maintenance","Cleanliness, Hygiene & Maintenance (0.92); Facilities & Amenities (0.89); Sustainability & Environmental Quality (0.79)"
Agung Rachmadi,2025.0,5,Hotel baru tapi keren layanan baru,KOMPETITOR,Bintang 4,MercureMadiun,positive,0.910456657409668,Service Quality,Service Quality (0.97); Facilities & Amenities (0.94); Guest Experience (0.87)
Egin Putri,2025.0,5,Hotel dianjurkan diarea kota madiun,KOMPETITOR,Bintang 4,MercureMadiun,positive,0.9986536502838135,Sustainability & Environmental Quality,"Sustainability & Environmental Quality (0.90); Cleanliness, Hygiene & Maintenance (0.89); Safety & Security (0.81)"
Viandra Permadani,2025.0,5,berlibur bersama keluarga,KOMPETITOR,Bintang 4,MercureMadiun,positive,0.7691579461097717,Family & Group Friendly,"Family & Group Friendly (0.98); Cleanliness, Hygiene & Maintenance (0.94); Guest Experience (0.91)"
Djourney Billy Chelsea,2025.0,5,acara termeriahkan karena mba adelia,KOMPETITOR,Bintang 4,MercureMadiun,positive,0.9881957769393921,Religious & Halal Features,Religious & Halal Features (0.58); Guest Experience (0.52); Pricing & Value for Money (0.46)
Verina Ervan,2025.0,5,Buku bersama putri terbaik sangat berkesan,KOMPETITOR,Bintang 4,MercureMadiun,positive,0.9986042380332947,Family & Group Friendly,"Family & Group Friendly (0.92); Cultural & Heritage Experience (0.78); Loyalty, Recommendation & Appreciation (0.73)"
Ezra Soesanto,2025.0,4,lokasi strategis sarapan enak bersih,KOMPETITOR,Bintang 4,MercureMadiun,positive,0.9993081092834473,"Cleanliness, Hygiene & Maintenance","Cleanliness, Hygiene & Maintenance (0.99); Service Quality (0.98); Facilities & Amenities (0.95)"
kuspri 1122,2025.0,5,terbaik,KOMPETITOR,Bintang 4,MercureMadiun,positive,0.9972461462020874,"Cleanliness, Hygiene & Maintenance","Cleanliness, Hygiene & Maintenance (0.94); Facilities & Amenities (0.91); Sustainability & Environmental Quality (0.82)"
Friska Kumala sari,2025.0,5,nyaman bersih wangi enak banget,KOMPETITOR,Bintang 4,MercureMadiun,positive,0.9992678761482239,"Cleanliness, Hygiene & Maintenance","Cleanliness, Hygiene & Maintenance (0.94); Room Quality & Comfort (0.91); Service Quality (0.90)"
Arie Laksono,2025.0,5,Makanan terbaik adalah sudut kue,KOMPETITOR,Bintang 4,MercureMadiun,positive,0.996185839176178,Food & Beverage,Food & Beverage (0.91); Sustainability & Environmental Quality (0.85); Cultural & Heritage Experience (0.85)
henny christian,2025.0,5,memuaskan,KOMPETITOR,Bintang 4,MercureMadiun,positive,0.9991829991340637,"Cleanliness, Hygiene & Maintenance","Cleanliness, Hygiene & Maintenance (0.94); Facilities & Amenities (0.88); Sustainability & Environmental Quality (0.88)"
Rosalia Rindy,2025.0,5,nyaman bangett bersama keluarga kecil,KOMPETITOR,Bintang 4,MercureMadiun,positive,0.9986989498138428,Family & Group Friendly,Family & Group Friendly (0.98); Facilities & Amenities (0.74); Service Efficiency & Responsiveness (0.74)
Alifah Septi,2025.0,5,makanan enak lezat,KOMPETITOR,Bintang 4,MercureMadiun,positive,0.995244562625885,Sustainability & Environmental Quality,Sustainability & Environmental Quality (0.83); Food & Beverage (0.83); Cultural & Heritage Experience (0.80)
Meiliana Lim,2025.0,5,baik,KOMPETITOR,Bintang 4,MercureMadiun,positive,0.9978875517845154,"Cleanliness, Hygiene & Maintenance","Cleanliness, Hygiene & Maintenance (0.93); Facilities & Amenities (0.91); Sustainability & Environmental Quality (0.79)"
Sofyan Hadisuwarno,2025.0,5,Tempat terbaik untuk menginap di Madiun,KOMPETITOR,Bintang 4,MercureMadiun,positive,0.9990719556808472,"Cleanliness, Hygiene & Maintenance","Cleanliness, Hygiene & Maintenance (0.85); Sustainability & Environmental Quality (0.81); Cultural & Heritage Experience (0.79)"
winda zahro,2025.0,5,bagus bersih,KOMPETITOR,Bintang 4,MercureMadiun,positive,0.9988259673118591,"Cleanliness, Hygiene & Maintenance","Cleanliness, Hygiene & Maintenance (0.97); Service Quality (0.92); Sustainability & Environmental Quality (0.91)"
medsos nfitrianingsih,2025.0,5,Sgt memuaskan,KOMPETITOR,Bintang 4,MercureMadiun,positive,0.9618764519691467,Guest Experience,"Guest Experience (0.99); Service Quality (0.97); Cleanliness, Hygiene & Maintenance (0.92)"
Yani Tranggono,2025.0,5,Hotel yang sangat nyaman masuk pusat kota madiun dekat dengan alun-alun kota madiun,KOMPETITOR,Bintang 4,MercureMadiun,positive,0.9994437098503113,Facilities & Amenities,Facilities & Amenities (0.95); Room Quality & Comfort (0.91); Service Quality (0.90)
linda eryana,2025.0,5,Sangat menyenangkan bersih dan nyaman,KOMPETITOR,Bintang 4,MercureMadiun,positive,0.9992026686668396,Facilities & Amenities,"Facilities & Amenities (0.99); Cleanliness, Hygiene & Maintenance (0.99); Room Quality & Comfort (0.99)"
Dhony Osd,2025.0,5,kamar bagus bersih,KOMPETITOR,Bintang 4,MercureMadiun,positive,0.9988138675689697,Room Quality & Comfort,"Room Quality & Comfort (0.99); Cleanliness, Hygiene & Maintenance (0.99); Service Quality (0.98)"
Charles Hutapea,2025.0,5,salam charles magic,KOMPETITOR,Bintang 4,MercureMadiun,neutral,0.5466455221176147,"Cleanliness, Hygiene & Maintenance","Cleanliness, Hygiene & Maintenance (0.90); Facilities & Amenities (0.78); Sustainability & Environmental Quality (0.69)"
Kevin mihelic,2025.0,3,nasi gorengnya kurang sama dagingnya,KOMPETITOR,Bintang 4,MercureMadiun,negative,0.9970623850822449,Food & Beverage,Food & Beverage (0.89); Sustainability & Environmental Quality (0.84); Religious & Halal Features (0.70)
bayu teguh,2025.0,5,sangat baik dan,KOMPETITOR,Bintang 4,MercureMadiun,positive,0.9946916699409485,Facilities & Amenities,"Facilities & Amenities (0.98); Cleanliness, Hygiene & Maintenance (0.95); Sustainability & Environmental Quality (0.94)"
21 asogi,2025.0,5,nyaman dan strategis,KOMPETITOR,Bintang 4,MercureMadiun,positive,0.9988967180252075,Facilities & Amenities,"Facilities & Amenities (0.97); Room Quality & Comfort (0.91); Cleanliness, Hygiene & Maintenance (0.89)"
Aldhiva Putri,2025.0,4,tempat nyaman bersih rapi,KOMPETITOR,Bintang 4,MercureMadiun,positive,0.9993509650230408,Room Quality & Comfort,"Room Quality & Comfort (0.98); Cleanliness, Hygiene & Maintenance (0.98); Facilities & Amenities (0.96)"
Seno Sumadri,2025.0,4,Bagus keren mantap masih baru,KOMPETITOR,Bintang 4,MercureMadiun,positive,0.979868471622467,"Cleanliness, Hygiene & Maintenance","Cleanliness, Hygiene & Maintenance (0.69); Sustainability & Environmental Quality (0.59); Cultural & Heritage Experience (0.57)"
Tegar Wahyu Sutanto,2025.0,5,kualitas sangat baik,KOMPETITOR,Bintang 4,MercureMadiun,positive,0.9987936019897461,"Cleanliness, Hygiene & Maintenance","Cleanliness, Hygiene & Maintenance (0.88); Sustainability & Environmental Quality (0.88); Facilities & Amenities (0.85)"
The Grove,2025.0,5,Baik sekali,KOMPETITOR,Bintang 4,MercureMadiun,negative,0.9342861771583557,"Cleanliness, Hygiene & Maintenance","Cleanliness, Hygiene & Maintenance (0.90); Facilities & Amenities (0.90); Sustainability & Environmental Quality (0.82)"
Puput Arum,2025.0,5,sudah baguss,KOMPETITOR,Bintang 4,MercureMadiun,positive,0.9978322386741638,Sustainability & Environmental Quality,"Sustainability & Environmental Quality (0.80); Cleanliness, Hygiene & Maintenance (0.78); Facilities & Amenities (0.73)"
Dian Ayu Lestari,2025.0,5,kamar oke bangett,KOMPETITOR,Bintang 4,MercureMadiun,positive,0.9973995685577393,Room Quality & Comfort,"Room Quality & Comfort (0.99); Cleanliness, Hygiene & Maintenance (0.96); Guest Experience (0.96)"
L C,2025.0,5,balik madiun akan tinggal disini lagi,KOMPETITOR,Bintang 4,MercureMadiun,neutral,0.631262481212616,Cultural & Heritage Experience,"Cultural & Heritage Experience (0.77); Cleanliness, Hygiene & Maintenance (0.70); Religious & Halal Features (0.69)"
anty,2025.0,5,kamar hotel yang bagus,KOMPETITOR,Bintang 4,MercureMadiun,positive,0.999152660369873,Room Quality & Comfort,Room Quality & Comfort (0.98); Service Quality (0.94); Facilities & Amenities (0.94)
Adinda Fauzia Ramadhanty,2025.0,5,semuanya markotopp,KOMPETITOR,Bintang 4,MercureMadiun,negative,0.9987918734550476,"Cleanliness, Hygiene & Maintenance","Cleanliness, Hygiene & Maintenance (0.65); Sustainability & Environmental Quality (0.63); Facilities & Amenities (0.63)"
yuliannti,2025.0,5,kamarnya bersih dan bagus,KOMPETITOR,Bintang 4,MercureMadiun,positive,0.9991216063499451,Room Quality & Comfort,"Room Quality & Comfort (1.00); Cleanliness, Hygiene & Maintenance (0.99); Service Quality (0.98)"
Dian Ekorini,2025.0,5,bagus bintang5 terima kasih,KOMPETITOR,Bintang 4,MercureMadiun,positive,0.9974818825721741,"Loyalty, Recommendation & Appreciation","Loyalty, Recommendation & Appreciation (0.76); Service Quality (0.65); Cultural & Heritage Experience (0.56)"
Mariyam Anton,2025.0,5,enak menyenangkan,KOMPETITOR,Bintang 4,MercureMadiun,positive,0.9990453124046326,Food & Beverage,Food & Beverage (0.79); Cultural & Heritage Experience (0.76); Family & Group Friendly (0.73)
Nganu AncoL,2025.0,5,nyaman banget,KOMPETITOR,Bintang 4,MercureMadiun,positive,0.9968823194503784,Room Quality & Comfort,"Room Quality & Comfort (0.87); Facilities & Amenities (0.83); Cleanliness, Hygiene & Maintenance (0.76)"
Lokyta Sary,2025.0,5,bagus ramah,KOMPETITOR,Bintang 4,MercureMadiun,positive,0.9967569708824158,Guest Experience,"Guest Experience (0.94); Religious & Halal Features (0.90); Cleanliness, Hygiene & Maintenance (0.88)"
Zulfa Alfi Salsabila,2025.0,5,mantepp murah,KOMPETITOR,Bintang 4,MercureMadiun,positive,0.9930791258811951,Pricing & Value for Money,"Pricing & Value for Money (0.90); Cleanliness, Hygiene & Maintenance (0.82); Facilities & Amenities (0.78)"
Heppy Jacobs,2025.0,5,Makanan yang bagus dan sangat ramah,KOMPETITOR,Bintang 4,MercureMadiun,positive,0.9964711666107178,Family & Group Friendly,Family & Group Friendly (0.98); Guest Experience (0.98); Service Efficiency & Responsiveness (0.97)
cindy meilinda,2025.0,5,layanan memuaskan,KOMPETITOR,Bintang 4,MercureMadiun,positive,0.976084291934967,Service Quality,Service Quality (1.00); Guest Experience (0.96); Facilities & Amenities (0.96)
Nadila Erika,2025.0,5,Baik sekali,KOMPETITOR,Bintang 4,MercureMadiun,negative,0.9342861771583557,"Cleanliness, Hygiene & Maintenance","Cleanliness, Hygiene & Maintenance (0.90); Facilities & Amenities (0.90); Sustainability & Environmental Quality (0.82)"
Anastasia Novita Tedjamulja,2025.0,5,lokasi ditengah kota dan fasilitas baik,KOMPETITOR,Bintang 4,MercureMadiun,positive,0.9993477463722229,Facilities & Amenities,Facilities & Amenities (0.99); Service Quality (0.98); Service Efficiency & Responsiveness (0.92)
Erlangga Diasmara Hargiyanto,2025.0,5,bersih dan ramah modern,KOMPETITOR,Bintang 4,MercureMadiun,positive,0.998336136341095,"Cleanliness, Hygiene & Maintenance","Cleanliness, Hygiene & Maintenance (0.98); Sustainability & Environmental Quality (0.95); Room Quality & Comfort (0.94)"
Mirza Pressyta,2025.0,4,menginap di sini 3 malam mantap,KOMPETITOR,Bintang 4,MercureMadiun,positive,0.9987344145774841,Room Quality & Comfort,Room Quality & Comfort (0.97); Guest Experience (0.95); Service Quality (0.95)
Ayu Nurfitria Rahmi,2025.0,5,nyaman dan bersih sekali,KOMPETITOR,Bintang 4,MercureMadiun,positive,0.9966347813606262,"Cleanliness, Hygiene & Maintenance","Cleanliness, Hygiene & Maintenance (0.97); Room Quality & Comfort (0.93); Service Quality (0.92)"
Shena Fiosa Nofendralova,2025.0,5,mantap sih karena masih baru,KOMPETITOR,Bintang 4,MercureMadiun,positive,0.9982584118843079,Pricing & Value for Money,Pricing & Value for Money (0.44); Sustainability & Environmental Quality (0.41); Religious & Halal Features (0.39)
Hello Raven,2025.0,5,hotel terbaik masuk madiun,KOMPETITOR,Bintang 4,MercureMadiun,positive,0.9991140961647034,Service Quality,Service Quality (0.91); Sustainability & Environmental Quality (0.85); Religious & Halal Features (0.79)
Lovita Dewi,2025.0,5,terletak di kota tengah,KOMPETITOR,Bintang 4,MercureMadiun,positive,0.9229332804679871,Facilities & Amenities,"Facilities & Amenities (0.87); Cleanliness, Hygiene & Maintenance (0.84); Sustainability & Environmental Quality (0.82)"
Z,2025.0,5,terimakasih mbak tyfa,KOMPETITOR,Bintang 4,MercureMadiun,positive,0.9959900975227356,"Loyalty, Recommendation & Appreciation","Loyalty, Recommendation & Appreciation (0.68); Service Quality (0.63); Cleanliness, Hygiene & Maintenance (0.55)"
Olivia Aryani,2025.0,5,kenyamanan dan hotel yang bagus,KOMPETITOR,Bintang 4,MercureMadiun,positive,0.9988743662834167,Facilities & Amenities,Facilities & Amenities (1.00); Room Quality & Comfort (0.99); Safety & Security (0.99)
Hendi Tinton,2025.0,5,dianjurkan,KOMPETITOR,Bintang 4,MercureMadiun,positive,0.9695340991020203,"Cleanliness, Hygiene & Maintenance","Cleanliness, Hygiene & Maintenance (0.93); Facilities & Amenities (0.87); Safety & Security (0.86)"
gunnah sejahtera,2025.0,5,pengen ulangi ke mercur madiun,KOMPETITOR,Bintang 4,MercureMadiun,neutral,0.9977222084999084,Cultural & Heritage Experience,Cultural & Heritage Experience (0.80); Religious & Halal Features (0.76); Check in/out Experience (0.75)
Mathieu Goulut,2025.0,5,Para wisatawan Prancis mengatakan tempat yang menakjubkan,KOMPETITOR,Bintang 4,MercureMadiun,positive,0.6957136988639832,Cultural & Heritage Experience,"Cultural & Heritage Experience (0.86); Loyalty, Recommendation & Appreciation (0.84); Facilities & Amenities (0.75)"
titin Tin,2025.0,5,Semua baik dan bagus,KOMPETITOR,Bintang 4,MercureMadiun,positive,0.9432587027549744,Sustainability & Environmental Quality,Sustainability & Environmental Quality (0.89); Family & Group Friendly (0.81); Facilities & Amenities (0.80)
Niken Putri,2025.0,5,Aku senang tinggal di sini dengan anak-anakku,KOMPETITOR,Bintang 4,MercureMadiun,positive,0.99873286485672,Guest Experience,Guest Experience (0.99); Cultural & Heritage Experience (0.94); Family & Group Friendly (0.93)
Vivi riana Wati,2025.0,5,sangat memuaskan,KOMPETITOR,Bintang 4,MercureMadiun,positive,0.9983009696006775,Facilities & Amenities,"Facilities & Amenities (0.94); Cleanliness, Hygiene & Maintenance (0.93); Sustainability & Environmental Quality (0.86)"
Indrie Ramadhani,2025.0,5,hotel bagus kualitas,KOMPETITOR,Bintang 4,MercureMadiun,positive,0.9985929131507874,Service Quality,Service Quality (0.97); Sustainability & Environmental Quality (0.94); Room Quality & Comfort (0.88)
Fajar pudhi Ardhana,2025.0,3,Perlu ditingkatkan untuk layanan kami,KOMPETITOR,Bintang 4,MercureMadiun,neutral,0.7503498196601868,Service Quality,Service Quality (0.93); Facilities & Amenities (0.84); Guest Experience (0.77)
rivaldi andrian,2025.0,5,Semuanya sangat baik dan aman,KOMPETITOR,Bintang 4,MercureMadiun,positive,0.9976046085357666,Safety & Security,"Safety & Security (1.00); Facilities & Amenities (0.93); Cleanliness, Hygiene & Maintenance (0.92)"
Jihan Kamilah,2025.0,5,Sangat memuaskan sekali,KOMPETITOR,Bintang 4,MercureMadiun,positive,0.9933016300201416,"Cleanliness, Hygiene & Maintenance","Cleanliness, Hygiene & Maintenance (0.88); Service Quality (0.85); Facilities & Amenities (0.83)"
Dennisa Javien,2025.0,5,Enakk banget makanan nyaa,KOMPETITOR,Bintang 4,MercureMadiun,positive,0.9956560134887695,Food & Beverage,Food & Beverage (0.83); Sustainability & Environmental Quality (0.81); Staff Conduct & Hospitality (0.64)
Dewi Ratih,2025.0,5,Tempat yang bagus dan nyaman,KOMPETITOR,Bintang 4,MercureMadiun,positive,0.9990822076797485,Room Quality & Comfort,Room Quality & Comfort (1.00); Facilities & Amenities (0.99); Guest Experience (0.92)
Juve Inter,2025.0,5,Bagus semua,KOMPETITOR,Bintang 4,MercureMadiun,positive,0.9979447722434998,"Cleanliness, Hygiene & Maintenance","Cleanliness, Hygiene & Maintenance (0.89); Facilities & Amenities (0.88); Sustainability & Environmental Quality (0.83)"
Hardiansyah Vaspintra,2025.0,5,sangat memuaskan,KOMPETITOR,Bintang 4,MercureMadiun,positive,0.9983009696006775,Facilities & Amenities,"Facilities & Amenities (0.94); Cleanliness, Hygiene & Maintenance (0.93); Sustainability & Environmental Quality (0.86)"
Eka Yuliesda Akbari,2025.0,5,nyaman dekat kemana,KOMPETITOR,Bintang 4,MercureMadiun,positive,0.9991270899772644,Facilities & Amenities,"Facilities & Amenities (0.78); Sustainability & Environmental Quality (0.74); Cleanliness, Hygiene & Maintenance (0.69)"
Km Becete,2025.0,5,makanan enak,KOMPETITOR,Bintang 4,MercureMadiun,positive,0.9963317513465881,Sustainability & Environmental Quality,"Sustainability & Environmental Quality (0.90); Cultural & Heritage Experience (0.87); Cleanliness, Hygiene & Maintenance (0.82)"
yasin nur wahib,2025.0,5,bagus banget,KOMPETITOR,Bintang 4,MercureMadiun,positive,0.9988860487937927,Facilities & Amenities,"Facilities & Amenities (0.84); Cleanliness, Hygiene & Maintenance (0.84); Sustainability & Environmental Quality (0.81)"
Rio Riadin Citra,2025.0,5,Yang baru dimadiun,KOMPETITOR,Bintang 4,MercureMadiun,neutral,0.9873664379119873,Facilities & Amenities,"Facilities & Amenities (0.56); Cleanliness, Hygiene & Maintenance (0.55); Pricing & Value for Money (0.49)"
pln te_tempeh,2025.0,5,baik,KOMPETITOR,Bintang 4,MercureMadiun,positive,0.9978875517845154,"Cleanliness, Hygiene & Maintenance","Cleanliness, Hygiene & Maintenance (0.93); Facilities & Amenities (0.91); Sustainability & Environmental Quality (0.80)"
Rosihan Anwar,2025.0,5,Semua bagus,KOMPETITOR,Bintang 4,MercureMadiun,positive,0.9334555268287659,Sustainability & Environmental Quality,"Sustainability & Environmental Quality (0.92); Facilities & Amenities (0.86); Loyalty, Recommendation & Appreciation (0.85)"
Waroeng Ayom,2025.0,5,hotel nyaman di madiun,KOMPETITOR,Bintang 4,MercureMadiun,positive,0.9992275238037109,Service Quality,"Service Quality (0.98); Cleanliness, Hygiene & Maintenance (0.97); Room Quality & Comfort (0.89)"
Slamet Riyanto,2025.0,5,hotel terbaik masuk madiun,KOMPETITOR,Bintang 4,MercureMadiun,positive,0.9991140961647034,Service Quality,Service Quality (0.91); Sustainability & Environmental Quality (0.85); Religious & Halal Features (0.79)
Tari Lestari,2025.0,5,kegiatan wardah warnaverse nyaman,KOMPETITOR,Bintang 4,MercureMadiun,positive,0.9985291957855225,Cultural & Heritage Experience,Cultural & Heritage Experience (0.83); Family & Group Friendly (0.78); Religious & Halal Features (0.74)
Ncy Taufiq,2025.0,5,Hotel terbaik dan terbaru masuk kota,KOMPETITOR,Bintang 4,MercureMadiun,positive,0.9984026551246643,Facilities & Amenities,Facilities & Amenities (0.91); Service Quality (0.87); Sustainability & Environmental Quality (0.86)
Amri Kumara,2025.0,5,sarapan yang baik,KOMPETITOR,Bintang 4,MercureMadiun,positive,0.8517667651176453,Food & Beverage,Food & Beverage (0.92); Facilities & Amenities (0.88); Sustainability & Environmental Quality (0.79)
Novita cantik,2025.0,4,Sangat bagus dan strategis,KOMPETITOR,Bintang 4,MercureMadiun,positive,0.9991976618766785,Facilities & Amenities,Facilities & Amenities (0.90); Sustainability & Environmental Quality (0.85); Service Efficiency & Responsiveness (0.81)
Aulia Yuliadzin,2025.0,5,Lebih baik bertahan terus,KOMPETITOR,Bintang 4,MercureMadiun,positive,0.9964426159858704,"Cleanliness, Hygiene & Maintenance","Cleanliness, Hygiene & Maintenance (0.91); Loyalty, Recommendation & Appreciation (0.90); Sustainability & Environmental Quality (0.88)"
Muhammad HR,2025.0,4,nomor nya susah di hubungi untuk reservasi,KOMPETITOR,Bintang 4,MercureMadiun,negative,0.9981343150138855,Service Quality,Service Quality (0.65); Booking & Reservation Experience (0.47); Service Efficiency & Responsiveness (0.41)
Ivan Lim,2025.0,5,"Oke, oke.",KOMPETITOR,Bintang 4,MercureMadiun,neutral,0.7120036482810974,"Cleanliness, Hygiene & Maintenance","Cleanliness, Hygiene & Maintenance (0.86); Facilities & Amenities (0.79); Sustainability & Environmental Quality (0.70)"
Zata Atikah Amani,2025.0,5,Semuanya baik-baik saja,KOMPETITOR,Bintang 4,MercureMadiun,positive,0.5484597682952881,"Cleanliness, Hygiene & Maintenance","Cleanliness, Hygiene & Maintenance (0.97); Service Quality (0.90); Sustainability & Environmental Quality (0.88)"
arief soetrisno,2025.0,4,nyaman,KOMPETITOR,Bintang 4,MercureMadiun,positive,0.9834949374198914,"Cleanliness, Hygiene & Maintenance","Cleanliness, Hygiene & Maintenance (0.72); Sustainability & Environmental Quality (0.65); Guest Experience (0.59)"
dhany Afianto,2025.0,5,menyenangkan sekali kita akan kembali,KOMPETITOR,Bintang 4,MercureMadiun,positive,0.9946275353431702,Guest Experience,Guest Experience (0.95); Check in/out Experience (0.85); Cultural & Heritage Experience (0.85)
Yizka Licious,2025.0,5,Semuanya baik-baik saja,KOMPETITOR,Bintang 4,MercureMadiun,positive,0.5484597682952881,"Cleanliness, Hygiene & Maintenance","Cleanliness, Hygiene & Maintenance (0.97); Service Quality (0.90); Sustainability & Environmental Quality (0.88)"
M. Izzuddin,2025.0,5,Sarapan yang bagus,KOMPETITOR,Bintang 4,MercureMadiun,positive,0.9878787398338318,Food & Beverage,"Food & Beverage (0.95); Facilities & Amenities (0.87); Cleanliness, Hygiene & Maintenance (0.85)"
Pramana,2025.0,5,Tempat yang sempurna untuk tinggal,KOMPETITOR,Bintang 4,MercureMadiun,positive,0.9883024096488953,Facilities & Amenities,"Facilities & Amenities (0.94); Guest Experience (0.92); Cleanliness, Hygiene & Maintenance (0.90)"
Senopati Tour,2025.0,5,hotel tengah kota,KOMPETITOR,Bintang 4,MercureMadiun,positive,0.996160626411438,Facilities & Amenities,"Facilities & Amenities (0.91); Cleanliness, Hygiene & Maintenance (0.89); Sustainability & Environmental Quality (0.89)"
Waloejo Soelarso,2025.0,5,Menurutku semuanya sempurna,KOMPETITOR,Bintang 4,MercureMadiun,positive,0.9913320541381836,"Cleanliness, Hygiene & Maintenance","Cleanliness, Hygiene & Maintenance (0.87); Sustainability & Environmental Quality (0.83); Service Efficiency & Responsiveness (0.80)"
izul mutok,2025.0,5,"Oke, oke.",KOMPETITOR,Bintang 4,MercureMadiun,neutral,0.7120036482810974,"Cleanliness, Hygiene & Maintenance","Cleanliness, Hygiene & Maintenance (0.86); Facilities & Amenities (0.79); Sustainability & Environmental Quality (0.70)"
PT.INDONESIA CEPAT TRANS TOUR N TREVEL,2025.0,5,perjalanan yang menyenangkan,KOMPETITOR,Bintang 4,MercureMadiun,positive,0.9959515333175659,Cultural & Heritage Experience,Cultural & Heritage Experience (0.79); Facilities & Amenities (0.74); Check in/out Experience (0.68)
Rey,2025.0,5,baik,KOMPETITOR,Bintang 4,MercureMadiun,positive,0.997885525226593,"Cleanliness, Hygiene & Maintenance","Cleanliness, Hygiene & Maintenance (0.93); Facilities & Amenities (0.91); Sustainability & Environmental Quality (0.80)"
sigit wijaya,2025.0,5,keren,KOMPETITOR,Bintang 4,MercureMadiun,positive,0.9992378950119019,"Cleanliness, Hygiene & Maintenance","Cleanliness, Hygiene & Maintenance (0.88); Facilities & Amenities (0.81); Sustainability & Environmental Quality (0.68)"
Maazya Sidabutar,2025.0,5,sangat baik dan ramah,KOMPETITOR,Bintang 4,MercureMadiun,positive,0.9933423399925232,Guest Experience,Guest Experience (0.96); Family & Group Friendly (0.95); Service Efficiency & Responsiveness (0.95)
ardhani widyaningrum,2025.0,5,nyaman untuk beristirahat,KOMPETITOR,Bintang 4,MercureMadiun,positive,0.9495105743408203,Facilities & Amenities,Facilities & Amenities (0.80); Room Quality & Comfort (0.74); Sustainability & Environmental Quality (0.67)
Vania Andhani,2025.0,5,Secara keseluruhan itu adalah tinggal yang baik,KOMPETITOR,Bintang 4,MercureMadiun,positive,0.9237685203552246,Room Quality & Comfort,"Room Quality & Comfort (0.99); Guest Experience (0.99); Cleanliness, Hygiene & Maintenance (0.98)"
amik calid,2025.0,5,Strategi,KOMPETITOR,Bintang 4,MercureMadiun,positive,0.9989697933197021,"Cleanliness, Hygiene & Maintenance","Cleanliness, Hygiene & Maintenance (0.81); Sustainability & Environmental Quality (0.64); Digital Connectivity & Technology (0.50)"
apriliadkk yaa,2025.0,5,enak,KOMPETITOR,Bintang 4,MercureMadiun,positive,0.9968594312667847,"Cleanliness, Hygiene & Maintenance","Cleanliness, Hygiene & Maintenance (0.91); Food & Beverage (0.88); Facilities & Amenities (0.84)"
Wahyu Budiawan,2025.0,5,Cafe yang bagus masuk madiun,KOMPETITOR,Bintang 4,MercureMadiun,positive,0.9986203908920288,Food & Beverage,Food & Beverage (0.98); Religious & Halal Features (0.91); Service Quality (0.83)
Ratih Mira,2025.0,5,nyaman,KOMPETITOR,Bintang 4,MercureMadiun,positive,0.9834949374198914,"Cleanliness, Hygiene & Maintenance","Cleanliness, Hygiene & Maintenance (0.72); Sustainability & Environmental Quality (0.65); Guest Experience (0.59)"
Vicky Vidianto,2025.0,5,luar biasa,KOMPETITOR,Bintang 4,MercureMadiun,positive,0.9937424063682556,"Cleanliness, Hygiene & Maintenance","Cleanliness, Hygiene & Maintenance (0.72); Cultural & Heritage Experience (0.72); Sustainability & Environmental Quality (0.71)"
Cindy,2025.0,5,nyaman disni,KOMPETITOR,Bintang 4,MercureMadiun,negative,0.9944846034049988,Guest Experience,"Guest Experience (0.69); Cleanliness, Hygiene & Maintenance (0.67); Sustainability & Environmental Quality (0.66)"
Arvin murfid,2025.0,5,bagus,KOMPETITOR,Bintang 4,MercureMadiun,positive,0.9981029033660889,"Cleanliness, Hygiene & Maintenance","Cleanliness, Hygiene & Maintenance (0.91); Facilities & Amenities (0.90); Sustainability & Environmental Quality (0.82)"
Bahtiar Amri,2025.0,5,top markotop,KOMPETITOR,Bintang 4,MercureMadiun,positive,0.9933284521102905,Facilities & Amenities,"Facilities & Amenities (0.83); Pricing & Value for Money (0.76); Cleanliness, Hygiene & Maintenance (0.75)"
Rivi Ariesta,2025.0,5,pelayanan baik,KOMPETITOR,Bintang 4,MercureMadiun,positive,0.9988773465156555,Service Quality,"Service Quality (1.00); Guest Experience (0.98); Cleanliness, Hygiene & Maintenance (0.94)"
Andrew Gunawann,2025.0,5,"Oke, oke.",KOMPETITOR,Bintang 4,MercureMadiun,neutral,0.7120036482810974,"Cleanliness, Hygiene & Maintenance","Cleanliness, Hygiene & Maintenance (0.86); Facilities & Amenities (0.79); Sustainability & Environmental Quality (0.70)"
okkie harianja,2025.0,5,baik,KOMPETITOR,Bintang 4,MercureMadiun,positive,0.997885525226593,"Cleanliness, Hygiene & Maintenance","Cleanliness, Hygiene & Maintenance (0.93); Facilities & Amenities (0.91); Sustainability & Environmental Quality (0.79)"
Leo Vanka,2025.0,5,tempat nyaman sekali,KOMPETITOR,Bintang 4,MercureMadiun,positive,0.9991658926010132,Room Quality & Comfort,Room Quality & Comfort (0.99); Facilities & Amenities (0.94); Family & Group Friendly (0.89)
Nera Iyak,2025.0,5,oke banget,KOMPETITOR,Bintang 4,MercureMadiun,positive,0.9905439615249634,"Cleanliness, Hygiene & Maintenance","Cleanliness, Hygiene & Maintenance (0.86); Sustainability & Environmental Quality (0.77); Facilities & Amenities (0.73)"
steven beny,2025.0,5,mantab pokok e,KOMPETITOR,Bintang 4,MercureMadiun,neutral,0.7456015348434448,"Cleanliness, Hygiene & Maintenance","Cleanliness, Hygiene & Maintenance (0.89); Management & Policy Issues (0.78); Facilities & Amenities (0.67)"
Raudhatul M.,2025.0,4,akan merekomendasikan tempat ini kepada keluarga dan teman-teman,KOMPETITOR,Bintang 4,MercureMadiun,positive,0.994720458984375,Family & Group Friendly,Family & Group Friendly (0.99); Facilities & Amenities (0.89); Cultural & Heritage Experience (0.86)
sri saniyah,2025.0,5,bagus banget,KOMPETITOR,Bintang 4,MercureMadiun,positive,0.9988860487937927,Facilities & Amenities,"Facilities & Amenities (0.84); Cleanliness, Hygiene & Maintenance (0.84); Sustainability & Environmental Quality (0.81)"
Yolanda Angelicia,2025.0,5,pengalaman yang baik,KOMPETITOR,Bintang 4,MercureMadiun,positive,0.913212239742279,"Cleanliness, Hygiene & Maintenance","Cleanliness, Hygiene & Maintenance (0.90); Sustainability & Environmental Quality (0.84); Loyalty, Recommendation & Appreciation (0.82)"
Eka Arez,2025.0,5,hotel yang bagus,KOMPETITOR,Bintang 4,MercureMadiun,positive,0.9990472197532654,Service Quality,"Service Quality (0.95); Facilities & Amenities (0.92); Cleanliness, Hygiene & Maintenance (0.88)"
Ananta Cahyo,2025.0,5,begitu nyaman,KOMPETITOR,Bintang 4,MercureMadiun,positive,0.998530387878418,Room Quality & Comfort,"Room Quality & Comfort (0.94); Family & Group Friendly (0.89); Cleanliness, Hygiene & Maintenance (0.86)"
Anggit Putra,2025.0,5,rekomendasi buat pelancong,KOMPETITOR,Bintang 4,MercureMadiun,positive,0.9946510195732117,"Cleanliness, Hygiene & Maintenance","Cleanliness, Hygiene & Maintenance (0.91); Facilities & Amenities (0.87); Cultural & Heritage Experience (0.76)"
Rachmad Triyogo,2025.0,5,puas,KOMPETITOR,Bintang 4,MercureMadiun,positive,0.9985162615776062,"Cleanliness, Hygiene & Maintenance","Cleanliness, Hygiene & Maintenance (0.81); Facilities & Amenities (0.69); Pricing & Value for Money (0.61)"
Dhanasatya Nararya Putra,2025.0,5,hotel terbaik masuk kota,KOMPETITOR,Bintang 4,MercureMadiun,positive,0.9991214871406555,Service Quality,Service Quality (0.89); Sustainability & Environmental Quality (0.85); Facilities & Amenities (0.84)
Binsar Situmorang,2025.0,5,"Oke, oke.",KOMPETITOR,Bintang 4,MercureMadiun,neutral,0.7120629549026489,"Cleanliness, Hygiene & Maintenance","Cleanliness, Hygiene & Maintenance (0.86); Facilities & Amenities (0.79); Sustainability & Environmental Quality (0.70)"
adhi cahyono,2025.0,5,tengah kota dekat mana mana mana,KOMPETITOR,Bintang 4,MercureMadiun,positive,0.997542142868042,"Cleanliness, Hygiene & Maintenance","Cleanliness, Hygiene & Maintenance (0.81); Facilities & Amenities (0.79); Sustainability & Environmental Quality (0.78)"
Muhammad Zaki Mubarak,2025.0,4,pengalaman yang bagus,KOMPETITOR,Bintang 4,MercureMadiun,positive,0.9919126033782959,"Cleanliness, Hygiene & Maintenance","Cleanliness, Hygiene & Maintenance (0.88); Sustainability & Environmental Quality (0.80); Loyalty, Recommendation & Appreciation (0.79)"
Vicka Oktavia Hadi,2025.0,5,nyaman,KOMPETITOR,Bintang 4,MercureMadiun,positive,0.983562171459198,"Cleanliness, Hygiene & Maintenance","Cleanliness, Hygiene & Maintenance (0.72); Sustainability & Environmental Quality (0.65); Guest Experience (0.60)"
NABILA DIVA PURNAMAWULAN,2025.0,5,nyaman dan bersih,KOMPETITOR,Bintang 4,MercureMadiun,positive,0.99916672706604,"Cleanliness, Hygiene & Maintenance","Cleanliness, Hygiene & Maintenance (0.98); Room Quality & Comfort (0.93); Service Quality (0.91)"
Guita Endah,2025.0,4,Cukup menyenangkan,KOMPETITOR,Bintang 4,MercureMadiun,positive,0.9963891506195068,"Cleanliness, Hygiene & Maintenance","Cleanliness, Hygiene & Maintenance (0.87); Cultural & Heritage Experience (0.87); Family & Group Friendly (0.82)"
aalyaanurs,2025.0,5,bagus banget,KOMPETITOR,Bintang 4,MercureMadiun,positive,0.9988860487937927,Facilities & Amenities,"Facilities & Amenities (0.84); Cleanliness, Hygiene & Maintenance (0.84); Sustainability & Environmental Quality (0.81)"
era maulida,2025.0,5,"Oke, oke.",KOMPETITOR,Bintang 4,MercureMadiun,neutral,0.7120629549026489,"Cleanliness, Hygiene & Maintenance","Cleanliness, Hygiene & Maintenance (0.86); Facilities & Amenities (0.79); Sustainability & Environmental Quality (0.70)"
Rama Yunita,2025.0,5,mengesankan dan menenangkan,KOMPETITOR,Bintang 4,MercureMadiun,positive,0.9987081289291382,Family & Group Friendly,Family & Group Friendly (0.95); Ambience & Design (0.91); Religious & Halal Features (0.87)
lisda julian,2025.0,5,rekomendasi untuk kegiatan keluarga,KOMPETITOR,Bintang 4,MercureMadiun,positive,0.9861927628517151,Family & Group Friendly,"Family & Group Friendly (0.93); Cleanliness, Hygiene & Maintenance (0.90); Guest Experience (0.86)"
Ringga Anta Aksioma,2025.0,5,Mercurius selalu sangat baik,KOMPETITOR,Bintang 4,MercureMadiun,positive,0.9944027066230774,Sustainability & Environmental Quality,"Sustainability & Environmental Quality (0.85); Family & Group Friendly (0.81); Loyalty, Recommendation & Appreciation (0.77)"
Iwan Wardani,2025.0,5,Cukup baik,KOMPETITOR,Bintang 4,MercureMadiun,negative,0.6964920163154602,"Cleanliness, Hygiene & Maintenance","Cleanliness, Hygiene & Maintenance (0.92); Facilities & Amenities (0.89); Sustainability & Environmental Quality (0.83)"
Budy Wuysang,2025.0,5,Hotel baru tetap terjaga,KOMPETITOR,Bintang 4,MercureMadiun,positive,0.992914080619812,"Cleanliness, Hygiene & Maintenance","Cleanliness, Hygiene & Maintenance (0.96); Safety & Security (0.89); Sustainability & Environmental Quality (0.87)"
Dr Denjaka09,2025.0,5,nyaman dan ramah,KOMPETITOR,Bintang 4,MercureMadiun,positive,0.999024510383606,Guest Experience,Guest Experience (0.93); Service Quality (0.92); Service Efficiency & Responsiveness (0.91)
Hendro Yu,2025.0,5,mantap,KOMPETITOR,Bintang 4,MercureMadiun,positive,0.9991816878318787,"Cleanliness, Hygiene & Maintenance","Cleanliness, Hygiene & Maintenance (0.93); Facilities & Amenities (0.89); Sustainability & Environmental Quality (0.74)"
Ulya Rani Dewi,2025.0,5,akan ke sini lagi,KOMPETITOR,Bintang 4,MercureMadiun,positive,0.8705596327781677,"Cleanliness, Hygiene & Maintenance","Cleanliness, Hygiene & Maintenance (0.87); Facilities & Amenities (0.86); Cultural & Heritage Experience (0.76)"
EtikaMuliaSari,2025.0,5,Sangat nyaman,KOMPETITOR,Bintang 4,MercureMadiun,positive,0.9991681575775146,Room Quality & Comfort,"Room Quality & Comfort (0.96); Facilities & Amenities (0.93); Cleanliness, Hygiene & Maintenance (0.92)"
Taqy Khan Ananda Mirza,2025.0,5,baik,KOMPETITOR,Bintang 4,MercureMadiun,positive,0.9978875517845154,"Cleanliness, Hygiene & Maintenance","Cleanliness, Hygiene & Maintenance (0.93); Facilities & Amenities (0.91); Sustainability & Environmental Quality (0.79)"
Annisa Lutfiah Oktyandika,2025.0,5,rekomendasi yang bagus,KOMPETITOR,Bintang 4,MercureMadiun,positive,0.9980360865592957,"Cleanliness, Hygiene & Maintenance","Cleanliness, Hygiene & Maintenance (0.91); Facilities & Amenities (0.87); Safety & Security (0.82)"
annisa rahma fitranti,2025.0,5,secara keseluruhan sangat baik,KOMPETITOR,Bintang 4,MercureMadiun,positive,0.9893496036529541,Sustainability & Environmental Quality,"Sustainability & Environmental Quality (0.89); Cleanliness, Hygiene & Maintenance (0.88); Facilities & Amenities (0.83)"
Ida Kurnia,2025.0,5,dianjurkan,KOMPETITOR,Bintang 4,MercureMadiun,positive,0.9695340991020203,"Cleanliness, Hygiene & Maintenance","Cleanliness, Hygiene & Maintenance (0.93); Facilities & Amenities (0.87); Safety & Security (0.86)"
Mulya Sari,2025.0,5,sangat puas,KOMPETITOR,Bintang 4,MercureMadiun,positive,0.997945249080658,"Cleanliness, Hygiene & Maintenance","Cleanliness, Hygiene & Maintenance (0.92); Facilities & Amenities (0.85); Loyalty, Recommendation & Appreciation (0.83)"
Elmi Putri,2025.0,5,kerenn,KOMPETITOR,Bintang 4,MercureMadiun,positive,0.984918475151062,"Cleanliness, Hygiene & Maintenance","Cleanliness, Hygiene & Maintenance (0.79); Facilities & Amenities (0.75); Sustainability & Environmental Quality (0.64)"
Ryan Mangetan,2025.0,5,nyaman,KOMPETITOR,Bintang 4,MercureMadiun,positive,0.9836785197257996,"Cleanliness, Hygiene & Maintenance","Cleanliness, Hygiene & Maintenance (0.72); Sustainability & Environmental Quality (0.65); Guest Experience (0.59)"
Maspurnomo Pupung,2025.0,5,hotel baru di madiun,KOMPETITOR,Bintang 4,MercureMadiun,neutral,0.9065924286842346,Sustainability & Environmental Quality,"Sustainability & Environmental Quality (0.89); Facilities & Amenities (0.84); Cleanliness, Hygiene & Maintenance (0.79)"
NRR,2025.0,5,baik,KOMPETITOR,Bintang 4,MercureMadiun,positive,0.9978874325752258,"Cleanliness, Hygiene & Maintenance","Cleanliness, Hygiene & Maintenance (0.93); Facilities & Amenities (0.91); Sustainability & Environmental Quality (0.80)"
Yonior Wahyu,2025.0,5,mantab,KOMPETITOR,Bintang 4,MercureMadiun,positive,0.9984967708587646,"Cleanliness, Hygiene & Maintenance","Cleanliness, Hygiene & Maintenance (0.98); Facilities & Amenities (0.82); Pricing & Value for Money (0.74)"
Fuad Fathoni,2025.0,4,nyaman,KOMPETITOR,Bintang 4,MercureMadiun,positive,0.9836785197257996,"Cleanliness, Hygiene & Maintenance","Cleanliness, Hygiene & Maintenance (0.72); Sustainability & Environmental Quality (0.65); Guest Experience (0.59)"
Beti Irma Sari,2025.0,5,Sangat nyaman,KOMPETITOR,Bintang 4,MercureMadiun,positive,0.9991685152053833,Room Quality & Comfort,"Room Quality & Comfort (0.96); Facilities & Amenities (0.93); Cleanliness, Hygiene & Maintenance (0.92)"
Budi Santoso,2025.0,5,hotel baru di madiun,KOMPETITOR,Bintang 4,MercureMadiun,neutral,0.9065924286842346,Sustainability & Environmental Quality,"Sustainability & Environmental Quality (0.89); Facilities & Amenities (0.84); Cleanliness, Hygiene & Maintenance (0.79)"
Adjie Dwi Cahyo,2025.0,5,baik,KOMPETITOR,Bintang 4,MercureMadiun,positive,0.9978874325752258,"Cleanliness, Hygiene & Maintenance","Cleanliness, Hygiene & Maintenance (0.93); Facilities & Amenities (0.91); Sustainability & Environmental Quality (0.80)"
Nur Ainiyah,2025.0,5,"Oke, oke.",KOMPETITOR,Bintang 4,MercureMadiun,neutral,0.7123894095420837,"Cleanliness, Hygiene & Maintenance","Cleanliness, Hygiene & Maintenance (0.86); Facilities & Amenities (0.79); Sustainability & Environmental Quality (0.70)"
amien suro,2025.0,5,kolam acara,KOMPETITOR,Bintang 4,MercureMadiun,positive,0.9677739143371582,Facilities & Amenities,"Facilities & Amenities (0.97); Cleanliness, Hygiene & Maintenance (0.77); Cultural & Heritage Experience (0.72)"
Indiwaraprana,2025.0,5,rekomendasi,KOMPETITOR,Bintang 4,MercureMadiun,positive,0.9987408518791199,"Cleanliness, Hygiene & Maintenance","Cleanliness, Hygiene & Maintenance (0.93); Facilities & Amenities (0.86); Safety & Security (0.79)"
sarah kulahun,2025.0,5,Tempat terbaik untuk dikunjungi,KOMPETITOR,Bintang 4,MercureMadiun,positive,0.9992251396179199,Facilities & Amenities,Facilities & Amenities (0.86); Cultural & Heritage Experience (0.75); Sustainability & Environmental Quality (0.71)
Satria Nugraha Hutama,2025.0,5,sangat fantastis,KOMPETITOR,Bintang 4,MercureMadiun,positive,0.9929081201553345,Facilities & Amenities,"Facilities & Amenities (0.94); Cleanliness, Hygiene & Maintenance (0.93); Sustainability & Environmental Quality (0.79)"
Dendika R. Generosa,2025.0,5,baik,KOMPETITOR,Bintang 4,MercureMadiun,positive,0.9978874325752258,"Cleanliness, Hygiene & Maintenance","Cleanliness, Hygiene & Maintenance (0.93); Facilities & Amenities (0.91); Sustainability & Environmental Quality (0.79)"
Putri Yania,2025.0,5,Sangat bagus untuk semua.,KOMPETITOR,Bintang 4,MercureMadiun,positive,0.9979676604270935,Family & Group Friendly,Family & Group Friendly (0.96); Sustainability & Environmental Quality (0.92); Facilities & Amenities (0.88)
Menger Sandra,2025.0,5,sangat baik,KOMPETITOR,Bintang 4,MercureMadiun,positive,0.9864572882652283,Facilities & Amenities,"Facilities & Amenities (0.95); Cleanliness, Hygiene & Maintenance (0.94); Sustainability & Environmental Quality (0.87)"
Faris Adrian,2025.0,5,"Oke, oke.",KOMPETITOR,Bintang 4,MercureMadiun,neutral,0.7123894095420837,"Cleanliness, Hygiene & Maintenance","Cleanliness, Hygiene & Maintenance (0.86); Facilities & Amenities (0.79); Sustainability & Environmental Quality (0.70)"
andyee 12,2025.0,5,oke sempurna,KOMPETITOR,Bintang 4,MercureMadiun,positive,0.931152880191803,"Cleanliness, Hygiene & Maintenance","Cleanliness, Hygiene & Maintenance (0.91); Facilities & Amenities (0.79); Sustainability & Environmental Quality (0.78)"
Van Gunz,2025.0,4,baik,KOMPETITOR,Bintang 4,MercureMadiun,positive,0.9978874325752258,"Cleanliness, Hygiene & Maintenance","Cleanliness, Hygiene & Maintenance (0.93); Facilities & Amenities (0.91); Sustainability & Environmental Quality (0.80)"
Novi Agustiningsih,2025.0,5,sangat puas,KOMPETITOR,Bintang 4,MercureMadiun,positive,0.9979419112205505,"Cleanliness, Hygiene & Maintenance","Cleanliness, Hygiene & Maintenance (0.92); Facilities & Amenities (0.85); Loyalty, Recommendation & Appreciation (0.83)"
AriefNurdin Wi,2025.0,5,hotel yang bagus,KOMPETITOR,Bintang 4,MercureMadiun,positive,0.9990485310554504,Service Quality,"Service Quality (0.95); Facilities & Amenities (0.92); Cleanliness, Hygiene & Maintenance (0.88)"
Katarina Nadia21,2025.0,5,baik,KOMPETITOR,Bintang 4,MercureMadiun,positive,0.9978874325752258,"Cleanliness, Hygiene & Maintenance","Cleanliness, Hygiene & Maintenance (0.93); Facilities & Amenities (0.91); Sustainability & Environmental Quality (0.80)"
sony bachtiar,2025.0,5,nyaman,KOMPETITOR,Bintang 4,MercureMadiun,positive,0.9836785197257996,"Cleanliness, Hygiene & Maintenance","Cleanliness, Hygiene & Maintenance (0.72); Sustainability & Environmental Quality (0.65); Guest Experience (0.60)"
Mila Nur Yatim,2025.0,5,baik,KOMPETITOR,Bintang 4,MercureMadiun,positive,0.9978874325752258,"Cleanliness, Hygiene & Maintenance","Cleanliness, Hygiene & Maintenance (0.93); Facilities & Amenities (0.91); Sustainability & Environmental Quality (0.80)"
Erika Cenya,2025.0,5,Semuanya baik-baik saja.,KOMPETITOR,Bintang 4,MercureMadiun,positive,0.828662097454071,"Cleanliness, Hygiene & Maintenance","Cleanliness, Hygiene & Maintenance (0.98); Service Quality (0.92); Sustainability & Environmental Quality (0.91)"
Ina Prasetyo,2025.0,5,baik,KOMPETITOR,Bintang 4,MercureMadiun,positive,0.9978874325752258,"Cleanliness, Hygiene & Maintenance","Cleanliness, Hygiene & Maintenance (0.93); Facilities & Amenities (0.91); Sustainability & Environmental Quality (0.80)"
Tommy Yuliyanto,2025.0,5,Hotel yang bagus,KOMPETITOR,Bintang 4,MercureMadiun,positive,0.9992639422416687,Service Quality,Service Quality (0.94); Facilities & Amenities (0.94); Sustainability & Environmental Quality (0.90)
Yudha Anan Cahya,2025.0,5,hotel baru di madiun,KOMPETITOR,Bintang 4,MercureMadiun,neutral,0.9065924286842346,Sustainability & Environmental Quality,"Sustainability & Environmental Quality (0.89); Facilities & Amenities (0.84); Cleanliness, Hygiene & Maintenance (0.79)"
bayu satria,2025.0,5,keren,KOMPETITOR,Bintang 4,MercureMadiun,positive,0.9992355108261108,"Cleanliness, Hygiene & Maintenance","Cleanliness, Hygiene & Maintenance (0.88); Facilities & Amenities (0.81); Sustainability & Environmental Quality (0.68)"
dbs lppan,2025.0,5,nyamana sih,KOMPETITOR,Bintang 4,MercureMadiun,negative,0.500590443611145,Facilities & Amenities,Facilities & Amenities (0.37); Sustainability & Environmental Quality (0.35); Pricing & Value for Money (0.34)
ponda wisnu,2025.0,5,layanan luar,KOMPETITOR,Bintang 4,MercureMadiun,positive,0.988795280456543,Facilities & Amenities,"Facilities & Amenities (0.90); Sustainability & Environmental Quality (0.62); Cleanliness, Hygiene & Maintenance (0.60)"
Anugrah Putra Pharmaheri,2025.0,5,Terima kasih,KOMPETITOR,Bintang 4,MercureMadiun,positive,0.996538519859314,"Loyalty, Recommendation & Appreciation","Loyalty, Recommendation & Appreciation (0.91); Cleanliness, Hygiene & Maintenance (0.73); Service Quality (0.66)"
Mohammad Karami,2025.0,5,Hotel yang bagus,KOMPETITOR,Bintang 4,MercureMadiun,positive,0.9992639422416687,Service Quality,Service Quality (0.94); Facilities & Amenities (0.94); Sustainability & Environmental Quality (0.90)
Nurul Adita,2025.0,5,dianjurkan,KOMPETITOR,Bintang 4,MercureMadiun,positive,0.9694560170173645,"Cleanliness, Hygiene & Maintenance","Cleanliness, Hygiene & Maintenance (0.93); Facilities & Amenities (0.87); Safety & Security (0.86)"
ongki wijaya,2025.0,5,internet perlahan,KOMPETITOR,Bintang 4,MercureMadiun,negative,0.9871205687522888,Digital Connectivity & Technology,"Digital Connectivity & Technology (0.76); Cleanliness, Hygiene & Maintenance (0.75); Sustainability & Environmental Quality (0.74)"
hendra permana,2025.0,5,terimakasih,KOMPETITOR,Bintang 4,MercureMadiun,positive,0.9948855042457581,"Loyalty, Recommendation & Appreciation","Loyalty, Recommendation & Appreciation (0.86); Cleanliness, Hygiene & Maintenance (0.67); Sustainability & Environmental Quality (0.56)"
JH Yeo,2025.0,4,baru,KOMPETITOR,Bintang 4,MercureMadiun,positive,0.9702901840209961,"Cleanliness, Hygiene & Maintenance","Cleanliness, Hygiene & Maintenance (0.88); Facilities & Amenities (0.82); Pricing & Value for Money (0.69)"
Nurul Izmi Marasabessy,2025.0,5,makanan enak,KOMPETITOR,Bintang 4,MercureMadiun,positive,0.9963112473487854,Sustainability & Environmental Quality,"Sustainability & Environmental Quality (0.90); Cultural & Heritage Experience (0.87); Cleanliness, Hygiene & Maintenance (0.83)"
Febriana VL,2025.0,5,menyenangkan,KOMPETITOR,Bintang 4,MercureMadiun,positive,0.9993436932563782,"Cleanliness, Hygiene & Maintenance","Cleanliness, Hygiene & Maintenance (0.85); Cultural & Heritage Experience (0.83); Sustainability & Environmental Quality (0.78)"
teguh zhafran wydo,2025.0,5,Mercurius madiun,KOMPETITOR,Bintang 4,MercureMadiun,neutral,0.996901273727417,Facilities & Amenities,"Facilities & Amenities (0.80); Cleanliness, Hygiene & Maintenance (0.77); Religious & Halal Features (0.76)"
ludi tanarto,,5,untuk semua layanan bagus ramah tempat strategis dari pusat kota lebih dari semua bagus,KOMPETITOR,Bintang 4,MercureMadiun,positive,0.9993603825569153,Facilities & Amenities,Facilities & Amenities (0.99); Service Quality (0.99); Guest Experience (0.87)
Filipus Neri Widyawan,,5,hotel mewah di madiun makanannya enak semua makanan bintang 5,KOMPETITOR,Bintang 4,MercureMadiun,positive,0.9992272853851318,"Loyalty, Recommendation & Appreciation","Loyalty, Recommendation & Appreciation (0.83); Service Quality (0.75); Food & Beverage (0.67)"
