User Name,Review Time,Rating,clean_text,Tipe,Kelas,Nama_Hotel,AI_Sentiment,AI_Sentiment_Score,AI_Primary_Theme,AI_All_Themes
jovi8331,2026,5,hotelnya nyaman kamar bersih untuk sarapan banyak opsi dan pelayanan hotel ini cepat lokasi kalau dari pintu tol pasteur sangat strategis terima kasih kepada pelayan namanya natasya sudah bantu orang tua saya saat penyajian kopi saat sarapan,KOMPETITOR,Bintang 4,HolidayInnBandungPasteur,positive,0.9993264675140381,Facilities & Amenities,Facilities & Amenities (1.00); Service Quality (0.98); Room Quality & Comfort (0.97)
Rosalina Irham,2026,5,kalau hotel liburan inn saya tidak pernah ragukan sangat sempurna buat kita mau liburan apalagi bisnis sudah pasti liburan inn menyediakan chef2 handal makanannya enak2 dan rasanya sangat nyummi tadi malam kami makan nasi goreng semua tamu kami nilai nya 10 10 sarapan pagi super duper komplit dan enak2 kamar juga bersih tempat strategis suami saya bilang luas tadi berikutnya ke bandung akan kesini saja,KOMPETITOR,Bintang 4,HolidayInnBandungPasteur,positive,0.9996026158332825,Service Quality,Service Quality (0.98); Family & Group Friendly (0.98); Service Efficiency & Responsiveness (0.97)
Alya Humaira,2026,5,paket pertemuan yang ditawarkan hotel ini cukup memadai untuk kebutuhan kegiatan ruang bisnis pertemuan bersih nyaman dan tertata rapi peralatan pendukung seperti proyektor dan sound system berfungsi dengan baik konsumsi yang disediakan sesuai standar pertemuan dan pelayanan dari staf cukup responsif terutama bu megah indoureen yang serta membantu selama kegiatan berlangsung secara keseluruhan pertemuan paket ini dapat menjadi pilihan yang baik untuk pertemuan kerja,KOMPETITOR,Bintang 4,HolidayInnBandungPasteur,positive,0.999125063419342,Facilities & Amenities,"Facilities & Amenities (1.00); Cleanliness, Hygiene & Maintenance (1.00); Room Quality & Comfort (1.00)"
ferani Alphasa,2026,5,Pelayanannya memuaskan kamar bersih makanan enak sarapan beragam banyak menuunya mba indri sebagai pelayan sangat membantu dan melayani tamu terima kasih mba,KOMPETITOR,Bintang 4,HolidayInnBandungPasteur,positive,0.9994572997093201,Service Quality,"Service Quality (1.00); Guest Experience (0.99); Cleanliness, Hygiene & Maintenance (0.99)"
beril untari,2026,5,walau hotelnya lagi penuh tapi pelayanan stafnya di atas dan di luar banget makanannya beragam dari kemarin dan sangat enak2 pelayanannya cepat dan ramah layanan pelanggan berorientasi terutama staf indri yang sigap dan cekatan dalam membantu kita memiliki waktu yang hebat di sini,KOMPETITOR,Bintang 4,HolidayInnBandungPasteur,positive,0.9991924166679382,Service Efficiency & Responsiveness,Service Efficiency & Responsiveness (1.00); Staff Conduct & Hospitality (0.99); Guest Experience (0.98)
Rini Sulistyowati,2025,5,menginap di Holiday Inn Bandung benar benar benar pengalaman yang menyenangkan pelayanannya ramah dan responsif dari proses cek masuk sampai cek keluar semuanya terasa mulus dan profesional kamarnya bersih rapi dan nyaman dengan housekeeping yang konsisten menjaga kebersihan setiap hari tempat tidurnya kosong kamar mandi bersih dan secara keseluruhan bikin istirahat jadi maksimal untuk makanan juga jadi sorotan pilihan menu cukup beragam rasanya enak dan kualitasnya terjaga sarapan pagi paginya lengkap dan segar buat mulai hari dengan nyaman cocok untuk liburan umum tinggal di Holiday Inn Bandung sangat direkomendasikan untuk pelaksanaan maupun perjalanan bisnis karena kenyamanan pelayanan dan kualitas makanan,KOMPETITOR,Bintang 4,HolidayInnBandungPasteur,positive,0.9994547963142395,Service Efficiency & Responsiveness,"Service Efficiency & Responsiveness (1.00); Cleanliness, Hygiene & Maintenance (0.99); Facilities & Amenities (0.99)"
Ahmad Ferza,2026,5,akses lokasi pinggir jalan utama sangat memudahkan dan kamar yang kita pesan biasa lah ya termasuk sarapan tapi ternyata makan malam juga dan ada barbecue an seru deh oia ada kolam renang juga yang ramah anak parkir juga aman sampai ruang bawah tanah lt 2 sejauh nyaman dan menyenangkan terima kasih,KOMPETITOR,Bintang 4,HolidayInnBandungPasteur,positive,0.999504804611206,Facilities & Amenities,"Facilities & Amenities (0.99); Location, Accessibility & Parking (0.99); Booking & Reservation Experience (0.98)"
Leon-Kha Channel,2026,5,kamarnya sangat besar dan luas serta sangat nyaman sekali sarapannya banyak pilihan dan kita bisa memilih apa yang kita suka pelayanan dari mba bunga sangat ramah dan sangat mensupport tamu di atas semua hotel liburan inn ini sangat rekomendasi buat keluarga anak anak dan pasangan,KOMPETITOR,Bintang 4,HolidayInnBandungPasteur,positive,0.99946528673172,Facilities & Amenities,Facilities & Amenities (1.00); Family & Group Friendly (0.99); Staff Conduct & Hospitality (0.99)
Anastasia Rozalia Sigit Safitri,2025,5,100 10 hotel terbaik titik dari awal masuk sampai pulang hotel ini bikin aku tersenyum terus kamarnya bener bener bersih wangi dan super nyaman tempat tidurnya empuk parah pencahayaan kamarnya estetis banget dan setiap sudutnya terlihat dirawat rasanya masuk kamar langsung ingin rebahan sehari-hari staf nya gila sih ramah banget pelayanan cepat membantu dan selalu tersenyum benar benar bikin ngerasa dihargai sebagai tamu mau minta apa pun langsung di handle tanpa ribet fasilitasnya juga lengkap dan semuanya terawat pokoknya vibes hotel ini tuh tenang nyaman dan bikin betah tingkat dewa singkatnya hotel ini definisi sempurna 100 10 tidak ada debat akan kembali lagi,KOMPETITOR,Bintang 4,HolidayInnBandungPasteur,positive,0.9992750287055969,Facilities & Amenities,Facilities & Amenities (0.99); Staff Conduct & Hospitality (0.99); Guest Experience (0.99)
Aura,2025,5,kemarin buku kamar yang kamar merokok tapi sukaa banget kamar tidak bau rokok alias bersih banget dan ada terasnya gituu saat istirahat cepat banyak bervariasi disini bisa berenang dan sakit kolam ada billiard bisa akses gym jugaa yang cukup banyak alat dan lumayan luas trs bisa lanjut sauna khusus terima kasih kak nia yang banyak bantu saat tinggal di sini,KOMPETITOR,Bintang 4,HolidayInnBandungPasteur,positive,0.9992202520370483,Facilities & Amenities,"Facilities & Amenities (0.98); Cleanliness, Hygiene & Maintenance (0.96); Service Quality (0.93)"
Dinna Anastasya,2025,5,kamarnya luas tempatnya nyaman banget nyaman untuk anak sarapannya lengkap fasilitasnya lengkap ada fitness spa billiar dan pingpong jg ada bakal jadi hotel langganan kyknya hehehe,KOMPETITOR,Bintang 4,HolidayInnBandungPasteur,positive,0.9994878768920898,Facilities & Amenities,Facilities & Amenities (0.99); Room Quality & Comfort (0.91); Family & Group Friendly (0.90)
Meilan EPC,2026,5,Dari luar hotel nya terlihat sederhana tapi di dalamnya ternyata gedung nya banyak kamarnya nyaman di dalamnya luas restonya mewah jg makanannya lengkap dan enak percantik bagian luar gedung biar lebih menarik,KOMPETITOR,Bintang 4,HolidayInnBandungPasteur,positive,0.9994427561759949,Facilities & Amenities,Facilities & Amenities (0.95); Food & Beverage (0.81); Room Quality & Comfort (0.74)
Lucky 999,2025,5,melihat matahari terbenam dari kamar lt 7 kue tapi matahari terbit lebih kue lagi sarapannya bervariasi tidak ada yang membosankan bahkan menikah rondenya juga sangat menyegarkan kagum dengan mampirnya mas jeremy ke meja kami hanya untuk menyapa dan memberi salam terpanas sangat ramah pekerjaan baik,KOMPETITOR,Bintang 4,HolidayInnBandungPasteur,positive,0.999359667301178,Service Quality,Service Quality (1.00); Guest Experience (1.00); Staff Conduct & Hospitality (1.00)
Dewi Nastiti,2026,5,hotelnya bagus banget makanannya enak enak enak enak variannya banyak kamarnya baguss cocok banget buat liburan bareng keluargaa pelayannya juga okee bangett kak natasya terbaik sihh super ramahh dan membantu banget hotel terbaik pernah,KOMPETITOR,Bintang 4,HolidayInnBandungPasteur,positive,0.9995415210723877,Family & Group Friendly,Family & Group Friendly (0.99); Service Quality (0.95); Staff Conduct & Hospitality (0.92)
Oktavia Aline,2025,5,makanannya enak2 sangat bervariatif staf nya ramah2 kamarnya luas bersih fasilitas lengkap dan seneng banget donk dpt upgrade kamar gratis berikutnya klo ke bdg menginap disini lg,KOMPETITOR,Bintang 4,HolidayInnBandungPasteur,positive,0.9994586110115051,Facilities & Amenities,"Facilities & Amenities (0.99); Staff Conduct & Hospitality (0.98); Cleanliness, Hygiene & Maintenance (0.97)"
Gusny Aufa Yuarsaputri,2026,5,Holiday Inn memberikan pengalaman yang sangat menyenangkan makanan yang disajikan memiliki cita rasa yang lezat penyajian rapi dan pilihan menu yang cukup lengkap pelayanan staf juga patut diacungi jempol ramah dan sigap dalam membantu kebutuhan tamu terima kasih pak yogi atas pelayanan yang sangat baik dan penuh perhatian pengalaman yang luar biasa dan pasti ingin kembali lagi,KOMPETITOR,Bintang 4,HolidayInnBandungPasteur,positive,0.9990578293800354,Staff Conduct & Hospitality,Staff Conduct & Hospitality (1.00); Service Efficiency & Responsiveness (1.00); Service Quality (0.99)
Wiguna Nugraha,2026,5,pengalaman menginap di hotel liburan sangat memuaskan terutama dari segi makanan dan pelayanannya menu makanan yang disajikan sangat beragam rasanya enak dan kualitasnya terjaga dengan baik pelayanan dari seluruh staf juga ramah tanggap cepat dan profesional terima kasih mas yogi sangat membantu komunikatif dan memberikan pelayanan yang membuat kami merasa nyaman,KOMPETITOR,Bintang 4,HolidayInnBandungPasteur,positive,0.9992831349372864,Service Efficiency & Responsiveness,Service Efficiency & Responsiveness (1.00); Staff Conduct & Hospitality (1.00); Guest Experience (0.99)
Grace Valentina,2025,5,kamarnya bagus nyaman sarapannya enak2 banyak pilihan pelayanan ramah semua gercep minta sesuatu lgsg dibantu pokoknya pilihan terbaik kalau ke bandung ya nginep di holiday inn,KOMPETITOR,Bintang 4,HolidayInnBandungPasteur,positive,0.9995063543319702,Facilities & Amenities,Facilities & Amenities (0.98); Room Quality & Comfort (0.96); Service Quality (0.95)
reii,2025,5,lokasi hotel cukup strategis dan mudah dijangkau sarapan pagi memiliki pilihan menu yang beragam dan rasanya enak fasilitas hotel juga terawat dengan baik membuat pengalaman menginap semakin menyenangkan secara keseluruhan liburan Inn Bandung sangat direkomendasikan untuk liburan,KOMPETITOR,Bintang 4,HolidayInnBandungPasteur,positive,0.9995610117912292,Facilities & Amenities,"Facilities & Amenities (0.99); Service Quality (0.95); Cleanliness, Hygiene & Maintenance (0.90)"
Rahma Aulia,2026,5,pelayanannya bagus ramah makanan nyaa jugaa lengkap enak kamar kamar kamar aman fasilitas oke menarik bagus pelayanannya nyaa dilayani oleh kak nisa terimakasih yah,KOMPETITOR,Bintang 4,HolidayInnBandungPasteur,positive,0.9995430707931519,Facilities & Amenities,Facilities & Amenities (0.97); Service Quality (0.95); Staff Conduct & Hospitality (0.90)
Aprilia Shafira,2026,5,makanan makanannya banyak pilihan stafnya siap dan sangat membantu rasanya juga enak2 semua pelayanan indria mbanya baik dan membantu melayani pelanggan hotel ramah2 juga,KOMPETITOR,Bintang 4,HolidayInnBandungPasteur,positive,0.9994916915893555,Service Quality,Service Quality (0.97); Staff Conduct & Hospitality (0.97); Guest Experience (0.96)
fitrya firmaningtyas,2026,5,lokasi strategis suasana enak makanan sangat bervariasi yang perlu ditingkatkan kolam renang dan permainan anak agar lebih bervariasi dan ada mini kebun binatang agar anak2 lebih tertarik terima kasih,KOMPETITOR,Bintang 4,HolidayInnBandungPasteur,positive,0.9989711046218872,Facilities & Amenities,Facilities & Amenities (1.00); Food & Beverage (0.95); Guest Experience (0.92)
Zahra Raisa,2025,5,pengalaman menginap yang menyenangkan sekali staf nya ramah ramah saat anak saya berenang di pantai oleh petugasnya jadi saya merasa sangat aman sekali ya hotel liburan ini makanan saat sarapan nya juga enak enak banget saya paling suka roti rotiannya pasti akan menginap di liburan hotel bandung ini lagi karena sangat nyaman dan aman,KOMPETITOR,Bintang 4,HolidayInnBandungPasteur,positive,0.9995369911193848,Staff Conduct & Hospitality,Staff Conduct & Hospitality (0.99); Service Quality (0.98); Guest Experience (0.97)
Roni Wijaya,2025,5,terletak di jalan yang sangat strategis banyak perjalanan ke jakarta toko oleh2 bandung berjejer tapi harus nyebrang stasiun kereta bandung cuman berjarak 3 x km ada kolam renang dewasa 1 7m dan anak 1 meter di lantai g lobi dan bersebelahan dengan resto serta ada area luar ruangan antara resto dan kolam renang sehingga ortu bisa mengawasi anak renang sambil makan kapasitas resto cukup luas isa 100 orang dengan dominan menu nusantara meskipun variasi kurang banyak menurut saya tapi buah telor sosis dominan ayam bagi saya cukup untuk sarapan kamar cukup bagus namun kartu tap jangan didekatkan tangan karena menyebabkan telepon,KOMPETITOR,Bintang 4,HolidayInnBandungPasteur,positive,0.9991580247879028,Facilities & Amenities,Facilities & Amenities (0.92); Family & Group Friendly (0.79); Service Efficiency & Responsiveness (0.42)
Farhan Nurul hakim fansuri,2025,5,kamarnya bersih modern dan cukup luas tempat tidurnya nyaman pencahayaan baik dan fasilitas lengkap mulai dari layar televisi datar meja kerja hingga pilihan bantal yang bisa disesuaikan kamar mandi juga terawat dengan baik dan dilengkapi perlengkapan standar hotel dan pilihan menu sarapan cukup beragam dari makanan indonesia hingga internasional rasa makanannya konsisten enak dan area restorannya nyaman dengan pelayanan mba natasya yang ramah,KOMPETITOR,Bintang 4,HolidayInnBandungPasteur,positive,0.9995099306106567,Facilities & Amenities,"Facilities & Amenities (0.99); Cleanliness, Hygiene & Maintenance (0.99); Service Quality (0.96)"
Ilham Mubarok,2026,5,fasilitas kamar nyaa lengkap banget nyaman dibuat bahagia untuk sarapan nyaa jugaa enak lengkap banget dan di layani dibantu oleh ka nisa yang baik ramah banget pokoknya yang terbaik,KOMPETITOR,Bintang 4,HolidayInnBandungPasteur,positive,0.9995156526565552,Facilities & Amenities,Facilities & Amenities (0.99); Service Quality (0.98); Guest Experience (0.98)
Faridatul Ummi,2025,5,pengalaman yang mengesankan menginap di hotel liburan pasteur terutama kualitas makanan dan pelayanan resto nya jika saya berbandingkan dengan beberapa hotel bintang 5 di kota besar makanan di resto nya lebih banyak variasi dan pelayanannya lebih berkesan untuk ukuran hotel bintang 4 untuk mr steve terima kasih banyak untuk layanan hangat kami sehingga bisa mengeksplorasi lebih banyak tentang menu dan layanan untuk anak-anak kami jika perihal kamar tentu kualitas standar hotel ihg tidak usah diragukan kamar sangat nyaman yang sudah dilengkapi dengan TV pintar secara keseluruhan saya telah memiliki tinggal yang sangat hebat di hotel liburan pasteur tolong teruskan layanan yang luar biasa,KOMPETITOR,Bintang 4,HolidayInnBandungPasteur,positive,0.9990031123161316,Service Quality,Service Quality (1.00); Guest Experience (0.99); Food & Beverage (0.99)
Zulpah Annisa,2026,5,pertama kali menginap di sini untuk kamarnya luas pelayanan ramah dari mulai keamanan sampai semua staf dan sarapan yang sangat lezat dan menu yang sangat bervariasi berikutnya akan menginap di liburan masuk bandung lagi kalau ke bandung,KOMPETITOR,Bintang 4,HolidayInnBandungPasteur,positive,0.998730480670929,Service Quality,Service Quality (1.00); Facilities & Amenities (1.00); Staff Conduct & Hospitality (1.00)
M Haikal Hendrya Putra,2026,5,sarapannya enakbangett aku puas sma pelayanannya saat aku sarapan di restorannya stafnya juga ramah baik terimakasih buat mba hersa yang sudah melayani saya dengan yang terbaik,KOMPETITOR,Bintang 4,HolidayInnBandungPasteur,positive,0.9993590712547302,Staff Conduct & Hospitality,Staff Conduct & Hospitality (0.99); Service Quality (0.98); Guest Experience (0.93)
Jelly Vantani,2025,5,hotelnya nyaman stafnya ramah dan responsif pelayanannya bagus terutama mas ilham terimakasih indomie gorengnya mas secara keseluruhan bahagia bisa menginap di sini,KOMPETITOR,Bintang 4,HolidayInnBandungPasteur,positive,0.9994521737098694,Staff Conduct & Hospitality,Staff Conduct & Hospitality (0.99); Service Efficiency & Responsiveness (0.99); Service Quality (0.99)
Joseph Christian,2026,5,hotel dengan suasana nyaman dan cocok untuk liburan keluarga area publik rapi staf ramah dan lokasi cukup strategis saat musim natal dekorasinya membuat suasana lebih hangat dan perayaan secara keseluruhan pengalaman menginap menyenangkan,KOMPETITOR,Bintang 4,HolidayInnBandungPasteur,positive,0.9995121955871582,Facilities & Amenities,Facilities & Amenities (1.00); Family & Group Friendly (1.00); Staff Conduct & Hospitality (0.99)
Dewita Fu,2025,5,semua sarapan yang baiknya lengkap kamarnya cukup kedap suara dan nyaman kolam renangnya ada opsi 2 tempat yang dibawah daerah sarapan dan kolamnya cukup luas,KOMPETITOR,Bintang 4,HolidayInnBandungPasteur,positive,0.9994915723800659,Facilities & Amenities,Facilities & Amenities (0.99); Room Quality & Comfort (0.97); Service Efficiency & Responsiveness (0.89)
Stella Octavia,2026,5,nginep semalem saat acara tahun baru 2026 acaranya meriah persiapan acaranya totalitas banget sih staf nya semua ramah dan membantu kamar nya bersih ruang makan malam dan bfastnya juga super komplit dan enak2 terima kasih liburan inn pasteur,KOMPETITOR,Bintang 4,HolidayInnBandungPasteur,positive,0.9994277358055115,Staff Conduct & Hospitality,Staff Conduct & Hospitality (1.00); Food & Beverage (0.99); Facilities & Amenities (0.99)
Renosty AyiSagita,2026,5,sarapan dan pelayanan nya bagus sekali makanannya lengkap namun kali boleh ditambah batagor untuk bunga yang melayani kami sangat ramah dan antusias terimakasih pelayanan yang semoga sukses selalu,KOMPETITOR,Bintang 4,HolidayInnBandungPasteur,positive,0.9988168478012085,Food & Beverage,Food & Beverage (0.98); Service Quality (0.98); Guest Experience (0.96)
Martino Supit,2026,5,menginap 2 malam 3 hari di hotel Holiday Inn Bandung penuh keceriaan bertemu mas ryan dan mas miftah di sarapan pagi layanan yang sangat baik melayani dari meja ke meja menyapa dengan ramah dan selalu menanyakan kebutuhan kami,KOMPETITOR,Bintang 4,HolidayInnBandungPasteur,positive,0.9990754127502441,Service Quality,Service Quality (1.00); Service Efficiency & Responsiveness (0.99); Staff Conduct & Hospitality (0.99)
Jerry pebriansyah,2026,5,Pelayanan nyaa sangat baik dan makanan nya bermacam macam jadi puas sekali dan mbak rini pelayanan nya sangat baik ramah murah senyum dan terbaik pokonya puas sekalii pokonya,KOMPETITOR,Bintang 4,HolidayInnBandungPasteur,positive,0.9994231462478638,Service Quality,Service Quality (0.98); Guest Experience (0.97); Staff Conduct & Hospitality (0.93)
Yurike,2026,5,hotelnya bersih fasilitasnya banyak pelayanannya sangat baik sarapannya jg banyak ragamnya petugasnya ramah2 dan budaya melayaninya sangat baik khususnya mba rini,KOMPETITOR,Bintang 4,HolidayInnBandungPasteur,positive,0.9994704127311707,Facilities & Amenities,Facilities & Amenities (1.00); Staff Conduct & Hospitality (0.99); Service Quality (0.98)
Aderina D,2025,4,kamar kamar luas bersih lengkap dan ada pilihan bantal lembut atau firm namun untuk kamar mandi agak lembab kamarnya kurang layanan anti suara sebagian besar semuanya ramah membantu proses cek masuk juga cepat untuk di restoran teriak keluar ke mbak nurma dan mbak karina yang perhatian terima kasih juga tim pemasaran mbak arie yang menyediakan kamar lokasi sayangnya lokasi di pintu masuk bandung jadi suka macet dan agak sulit untuk bepergian di kota bandung,KOMPETITOR,Bintang 4,HolidayInnBandungPasteur,positive,0.9982776641845703,Staff Conduct & Hospitality,Staff Conduct & Hospitality (0.96); Facilities & Amenities (0.95); Check in/out Experience (0.89)
dina sutedja,2025,5,Waktu check masuk saya langsung disambut dengan ramah oleh staf di lobi prosesnya cepat dan stafnya benar benar membantu bahkan memberikan rekomendasi tempat makan dekat hotel kesan pertama langsung positif pokoknya terbaik,KOMPETITOR,Bintang 4,HolidayInnBandungPasteur,positive,0.9982765913009644,Service Efficiency & Responsiveness,Service Efficiency & Responsiveness (0.99); Staff Conduct & Hospitality (0.99); Service Quality (0.98)
Meiske Rusli,2026,5,fasilitas nya oke banget tempat gym nya lengkap sarapan nya enak2 dan banyak pilihan staf ramah banget terutama kakak yang bernama nisa top dianjurkan banget,KOMPETITOR,Bintang 4,HolidayInnBandungPasteur,positive,0.9994804263114929,Facilities & Amenities,Facilities & Amenities (0.99); Service Quality (0.95); Staff Conduct & Hospitality (0.94)
Hamida Roslia,2026,5,makanan lengkap semuaa fasilitas lengkap semuaa aman enak nyaman pokonya mah ditambah di layani sama mba nisa yang senyum ramah banget,KOMPETITOR,Bintang 4,HolidayInnBandungPasteur,positive,0.9994391798973083,Facilities & Amenities,Facilities & Amenities (0.99); Staff Conduct & Hospitality (0.96); Guest Experience (0.95)
Laura Kirana,2026,4,Ke sini bukan untuk menginap tapi untuk makan malam natal untuk menu barat rasanya seimbang enak tapi untuk menu asia nya keasinan jika menurut saya pelayanan sangat ramah,KOMPETITOR,Bintang 4,HolidayInnBandungPasteur,positive,0.9729655385017395,Guest Experience,Guest Experience (0.99); Service Quality (0.98); Food & Beverage (0.96)
Simple Living,2026,5,terima kasih liburan inn nyaman semua staf ramah saat masuk dapat makanan ringan tambahan sarapan banyak menuunya dan lengkap juga ada fasilitas permainan anak anak,KOMPETITOR,Bintang 4,HolidayInnBandungPasteur,positive,0.9994034767150879,Guest Experience,Guest Experience (0.99); Staff Conduct & Hospitality (0.99); Facilities & Amenities (0.98)
Gita Paramita,2025,5,kamar nya bersih pelayanan sgt memuaskan sarapan nya jg banyak macam dan enak2 lokasi hotel juga strategis terimakasih untuk teteh nurma yang layanan di daerah resto pagi ini luar biasa pelayanannya,KOMPETITOR,Bintang 4,HolidayInnBandungPasteur,positive,0.9994151592254639,Facilities & Amenities,"Facilities & Amenities (0.99); Cleanliness, Hygiene & Maintenance (0.99); Service Quality (0.99)"
Alisha Bintang (Icha),2026,5,seru banget nginep disini sarapannya enak variatif banget nyaman dan semua anak kegiatan nya banyak jadi betah disini apalagi kalau pelayanannya dibantu teh lila semua jadi nyaman,KOMPETITOR,Bintang 4,HolidayInnBandungPasteur,positive,0.9994814991950989,Food & Beverage,Food & Beverage (0.99); Family & Group Friendly (0.99); Facilities & Amenities (0.98)
eksa irawaty,2025,4,kemarin setelah saya langsung ke kolam renang dan duduk di resto sambil menunggu anak anak berenang mungkin disangka bukan tamu jadi rada dicuekin saat order juga kurang gimana gitu baru setelah diinfo nomor kamar jadi rada oke keluarga suami cukup sering menginap di sini karena deket rumah fo ramah membantu cs di chat whatsapp juga sangat informatif tadi anak saya naik ke kamar tidak bawa kunci dibantu karyawan hotel menurut saya oke sih 4 dari 5 terima kasih,KOMPETITOR,Bintang 4,HolidayInnBandungPasteur,positive,0.9971899390220642,Family & Group Friendly,Family & Group Friendly (0.92); Service Quality (0.91); Service Efficiency & Responsiveness (0.91)
Angela Adytha Putri,2025,5,semuanya best service nya semua karyawannya baik banget makanannya juga semua gaada yang gagal disini saat acara malem natal trs didatengin sama karyawannya buat diucapin selamat natal trs mas miptah juga nyamperin buat nanyain rasa makanannya dan zuzur tidak boong enak semuanya,KOMPETITOR,Bintang 4,HolidayInnBandungPasteur,positive,0.9984511137008667,Service Quality,Service Quality (0.99); Staff Conduct & Hospitality (0.98); Service Efficiency & Responsiveness (0.98)
lina mutia,2026,5,menurut saya holiday inn bandung pasteur hotel recommended tuk keluarga maupun tuk urusan lainnya menu sarapannya banyak makanan asing dan indonesia termasuk indomie dan cilok harga hotel terjangkau pelayanannya baik ramah serta kekeluargaan sertaterima kasih pada natasha pelayan dan pak ryàn spv atas pelayànannyà yang terbaik,KOMPETITOR,Bintang 4,HolidayInnBandungPasteur,positive,0.9995052814483643,Family & Group Friendly,Family & Group Friendly (1.00); Service Quality (1.00); Staff Conduct & Hospitality (1.00)
Widyani RI,2026,5,Salah satu hotel terbaik di Bandung lokasi cukup strategis dekat dengan tol kamar bagus dan amenitasnya lengkap sarapan juga sangat lengkap dan enak bisa menjadi opsi jika sedang berlibur ke Bandung,KOMPETITOR,Bintang 4,HolidayInnBandungPasteur,positive,0.9995383024215698,Facilities & Amenities,Facilities & Amenities (1.00); Food & Beverage (0.96); Service Quality (0.94)
flore sur,2025,5,Sejauh ini ini salah satu hotel di tengah kota yang oke dari staf resepsionis semua sangat menyambut makanannya juga sangat bangat jenisnya enak pula sarapan juga oke banget dibantu sama kak bunga dan kak ramadhani baik2 dan melayani cuma karena tempatnya lurusan tol pasteur jadi suka macet saat mau masuk keluar,KOMPETITOR,Bintang 4,HolidayInnBandungPasteur,positive,0.9972054362297058,Staff Conduct & Hospitality,Staff Conduct & Hospitality (0.99); Service Quality (0.99); Food & Beverage (0.99)
Benny Louhenapessy,2026,4,tksh atas kamar dan fasilitasinya pelayanannya dan lokasi htl liburan masuk yang sgt strategis terletak pada lokasi terdepan gerbang masuk kota bandung yaitu pintu tol masuk kota bandung dari arah tol cipularang bdg suatu hal ptg dan terpuji flm menyelesaikan keluhan pelanggan sukses sll amin,KOMPETITOR,Bintang 4,HolidayInnBandungPasteur,positive,0.9967425465583801,Facilities & Amenities,Facilities & Amenities (1.00); Guest Experience (1.00); Room Quality & Comfort (1.00)
fonny pena,2025,4,hotel strategis nyaman untuk anak parkir oke saya pesan 2 kamar yang 1 jm cek masuk seharusnya jm 2 dpt kunci 2 30an 1 kamar masih bau rokok untuk makanan standar untuk jenis soto kurang rekomendasi,KOMPETITOR,Bintang 4,HolidayInnBandungPasteur,negative,0.9495514631271362,"Location, Accessibility & Parking","Location, Accessibility & Parking (0.99); Facilities & Amenities (0.91); Booking & Reservation Experience (0.87)"
Yuarici Heria,2025,5,suka dengan fasilitas kamarnya selain fasilitas pada umumnya ada setrika dan papannya mandi airnya juga kenceng restoran luas dan makanan beragam coklat panasnya luar biasa terima kasih mas ulwan yang telah membantu dengan senang hati,KOMPETITOR,Bintang 4,HolidayInnBandungPasteur,positive,0.9993926286697388,Facilities & Amenities,Facilities & Amenities (1.00); Guest Experience (0.98); Service Quality (0.97)
Ryus,2026,5,sarapan banyak variannya rasanya juga enak kolam renang nyaman dan kamarnya pun bersih nyaman buat istirahat pelayanananya ramah dan serba cepat,KOMPETITOR,Bintang 4,HolidayInnBandungPasteur,positive,0.999495267868042,Facilities & Amenities,Facilities & Amenities (0.99); Service Efficiency & Responsiveness (0.99); Service Quality (0.97)
Eliot Baga Wicaksono,2025,5,kamar sangat cepat dan tersedia cemilan mineral cukup kamar mandi bersih dan tersedia peralatan yang lengkap menu sarapan yang disediakan beragam untuk sarapan bisa pesan makanan lain di restoran yang tersedia fasilitasnya cukup lengkap seperti kolam renang spa dan lain-lain khusus terima kasih natasya dan bunga,KOMPETITOR,Bintang 4,HolidayInnBandungPasteur,positive,0.9991360306739807,Facilities & Amenities,"Facilities & Amenities (0.99); Cleanliness, Hygiene & Maintenance (0.97); Service Quality (0.97)"
Josephine Jovanca,2025,5,Terima kasih banget buat kak bunga sama kak ramadhani untuk pengalaman menyenangkan tinggal di Holiday Inn pasteur kamarnya bersih banget peralatannya lengkap makanan adalah indah banyak banget makanan yang enak menu sarapannya sangat beragam dari masakan tradisional ke Timur Barat bahkan Timur Tengah makan siang dan makan malam juga baik dan gercep banget untuk mengisi ulang bahkan sebelum traynya habis,KOMPETITOR,Bintang 4,HolidayInnBandungPasteur,positive,0.9992819428443909,Facilities & Amenities,"Facilities & Amenities (1.00); Cleanliness, Hygiene & Maintenance (0.98); Service Quality (0.98)"
Andreas Margaho,2026,5,makanan sarapan nya enak semuanya masuk cuma tambahkan variasi sarapan lagi pelayan nya bagus rapi nyaman dibantu oleh ka nisa jugaa,KOMPETITOR,Bintang 4,HolidayInnBandungPasteur,positive,0.999409556388855,Service Quality,Service Quality (0.98); Staff Conduct & Hospitality (0.94); Service Efficiency & Responsiveness (0.93)
Arda Arasmita,2025,5,Pelayanannya sangat baik dan ramah kamar bersih makanannya super duper lengkap dan pastinya enak ya kalau weekend padat ya guys menandakan banyak yang suka dan puas dengan pelayanannya terimakasih es coklatnya kak natasya,KOMPETITOR,Bintang 4,HolidayInnBandungPasteur,positive,0.9992571473121643,Room Quality & Comfort,"Room Quality & Comfort (1.00); Service Quality (1.00); Cleanliness, Hygiene & Maintenance (0.99)"
Wisnusyah,2026,5,sekeluarga merayakan ulang tahun adik saya disini menu menu yang disajikan beragam dan ambiencenya juga sangat nyaman pelayanan maksimal terima kasih untuk mas yogi dan kru,KOMPETITOR,Bintang 4,HolidayInnBandungPasteur,positive,0.9989641904830933,Family & Group Friendly,Family & Group Friendly (0.99); Facilities & Amenities (0.98); Service Quality (0.98)
Andhin Fauzan,2025,5,kamar luas fasilitas lengkap dan pelayanannya memuaskan terutama di restonya pelayan a n natasya sangat ramah dan sangat membantu pengunjung semoga pelayanan tetap terjaga dan semakin meningkatkan kualitasnya,KOMPETITOR,Bintang 4,HolidayInnBandungPasteur,positive,0.9994284510612488,Facilities & Amenities,Facilities & Amenities (0.99); Room Quality & Comfort (0.99); Staff Conduct & Hospitality (0.98)
Trisma Rusnia,2026,5,Kali kedua kesini karena lokasinya strategis hotelnya bersih ruangannya wangi toiletnya juga lengkap apalagi sarapannya udah kaya festival jajanan bango akan kembali kesini lagi kalau ke bdg,KOMPETITOR,Bintang 4,HolidayInnBandungPasteur,positive,0.9989804625511169,"Cleanliness, Hygiene & Maintenance","Cleanliness, Hygiene & Maintenance (0.99); Facilities & Amenities (0.99); Service Quality (0.99)"
Asih Suryati,2025,5,saya menginap selama 4 hari kebetulan saya berada di kamar non-merokok kamarnya nyaman bersih layanan kamarnya oke kebetulan ada anak kecil kamar mandi jadi sering basah penggantian handuk dan keset dilayani dengan baik kamar lengkap ada setrika pengering rambut pemanas air kulkas kamar mandi juga lengkap ada hand wash lotion conditioner hanya di kamar ngga ada saluran tv lokal seperti rcti untuk layanan restoranannya makanannya enak dan anak-anak ramah ada kuliner lokal seperti lumpia basah seblak cilok trims teh vabia untuk pusat kebugaran buka 24 jam kalau jam setengah 5 kita sendiri yang yang baru lampu dan ac,KOMPETITOR,Bintang 4,HolidayInnBandungPasteur,positive,0.9994365572929382,Facilities & Amenities,"Facilities & Amenities (0.99); Service Quality (0.97); Cleanliness, Hygiene & Maintenance (0.95)"
Mamay Maya,2026,5,Di layani kak risa pelayanan sangat ramah dan tempatnya sangat nyaman untuk tinggal selama berhari hari makanan juga enak sekali semua nya hotel terbaik masuk bandung,KOMPETITOR,Bintang 4,HolidayInnBandungPasteur,positive,0.9995487332344055,Facilities & Amenities,Facilities & Amenities (1.00); Staff Conduct & Hospitality (0.99); Service Quality (0.99)
Faizah Nurcholish,2026,5,hotel paling nyaman dengan fasilitas yang luar biasa sangat sangat anak-anak ramah amnitas lengkap dan pelayanan sangat ramah dibantu dengan kak lila yang super ramah pengalaman menginap jadi luar biasa,KOMPETITOR,Bintang 4,HolidayInnBandungPasteur,positive,0.9993852376937866,Facilities & Amenities,Facilities & Amenities (1.00); Guest Experience (0.99); Staff Conduct & Hospitality (0.99)
mei uliyanti,2025,5,hampir semua makanannya enak untuk staf ramah ramah dan servisenya hotel bagus bersih lokasi juga strategis mau makan siang disini juga layaknya,KOMPETITOR,Bintang 4,HolidayInnBandungPasteur,positive,0.9992352724075317,"Cleanliness, Hygiene & Maintenance","Cleanliness, Hygiene & Maintenance (1.00); Staff Conduct & Hospitality (1.00); Facilities & Amenities (1.00)"
kansha monica,2025,5,lobby nya bersih 100 stafnya ramah 100 menu sarapan sangat kumplit sekali 100 kamar nyaman ada pengering rambut dan setrika jadi bisa nyetrika dulu kalau bajunya kusut saat d keluarin dari tas 100 kolam renang depan resto yang introvert pasti pilih tidak renang karena merasa d liatin ama yang makan 90 jaya trs liburan inn,KOMPETITOR,Bintang 4,HolidayInnBandungPasteur,positive,0.9990841150283813,Facilities & Amenities,"Facilities & Amenities (0.99); Cleanliness, Hygiene & Maintenance (0.98); Service Quality (0.96)"
Muhammad Gilang,2025,5,pengalaman menginap yang sangat memuaskan kamar bersih fasilitas lengkap dan pelayanan staf sangat ramah serta sigap membantu lokasi hotel strategis sehingga memudahkan akses ke berbagai tempat penting di kota sarapan yang disajikan bervariasi dan kualitas makanan sangat baik sangat direkomendasikan untuk perjalanan bisnis maupun liburan,KOMPETITOR,Bintang 4,HolidayInnBandungPasteur,positive,0.9993357062339783,Facilities & Amenities,Facilities & Amenities (1.00); Service Efficiency & Responsiveness (1.00); Staff Conduct & Hospitality (1.00)
Kiki Erti,2025,5,hotelnya nyaman pelayanannya bagus ramah2 karyawannya fasilitas kamar lengkap sampai handbody conditioner ada setrikaan juga ada taman bermain buat anak2 juga ada kontes ngegarnish kue untuk anak2 ada kopi latte juga banyak variasi makannya sevicer bunga,KOMPETITOR,Bintang 4,HolidayInnBandungPasteur,positive,0.9994089603424072,Facilities & Amenities,Facilities & Amenities (1.00); Service Quality (0.98); Staff Conduct & Hospitality (0.95)
bainah rachma,2025,5,untuk lokasi yang di pasteur termasuk strategis kamarnya bersih makanan nya juga banyak variasi pelayanan stafnya jg cepat respon dan ramah ada mba vabia yang aktif berkomunikasi dengan tamu di resto dan membantu jika tamu membutuhkan perbaikan sih akan kembali lg ke liburan inn,KOMPETITOR,Bintang 4,HolidayInnBandungPasteur,positive,0.9993522763252258,"Cleanliness, Hygiene & Maintenance","Cleanliness, Hygiene & Maintenance (1.00); Service Efficiency & Responsiveness (0.99); Facilities & Amenities (0.99)"
Salma Atha Cameela,2025,5,Halo hari ini aku ingin meninjau kalau hotel ini memang bagus mulai dari layanan kamar hingga interiornya oke sangat  plis aku senang disini tpi aku ada ngambekan sama mesin cakar sponbop inggris,KOMPETITOR,Bintang 4,HolidayInnBandungPasteur,positive,0.9980559349060059,Facilities & Amenities,Facilities & Amenities (1.00); Service Quality (0.99); Room Quality & Comfort (0.99)
K,2025,5,hotel nya nyaman bangett dan rapi cocoklah buat yang suka perjalanan ke bandung atau proses staycation cek masuk nya cepat kamar wangi dan fasilitas nya juga lengkap apalagi yang paling penting ac nya dingin sarapan lumayan banyak pilihannya secara keseluruhan enak enak yang paling ku suka itu pelayanan stafnya sopan dan membantu terima kasih sama layaknya untuk harga dan lokasinya yang strategis,KOMPETITOR,Bintang 4,HolidayInnBandungPasteur,positive,0.9994812607765198,Staff Conduct & Hospitality,Staff Conduct & Hospitality (1.00); Service Efficiency & Responsiveness (1.00); Facilities & Amenities (1.00)
Fitri Y,2025,5,lokasi strategis dekat pintu tol pasteur dianjurkan untuk yang bawa keluarga banyak wahana anak dan permainan pegawai hotel ramah2 dan murah senyum terutama mba aiko menu sarapan enak2 seperti hotel bintang 5 sakin banyaknya belum sampai mencoba semua insya allah klo jalan2 ke bandung mau nginep lagi disini sukses liburan inn dan terima kasih atas pelayanannya,KOMPETITOR,Bintang 4,HolidayInnBandungPasteur,positive,0.999355137348175,Staff Conduct & Hospitality,Staff Conduct & Hospitality (1.00); Family & Group Friendly (0.99); Service Quality (0.99)
eko mardianto,2025,5,menginap 3 hari untuk acara berkumpul sangat memuadkan kamar yang rapi dan room service yang profesional sarapan pagi d resto dengan berbagai menu dengan rasa yang cocok dilidah terima kasih s untuk kak bunga dan kak natasha untuk pelayanannya yang sangat ramah di resto,KOMPETITOR,Bintang 4,HolidayInnBandungPasteur,positive,0.999144434928894,Service Quality,Service Quality (0.99); Staff Conduct & Hospitality (0.99); Guest Experience (0.97)
Anita Kumala Sari,2025,5,layanan nya yang terbaik dari resepsionis nya ramah cepat sangat membantu terutama saat permintaan untuk catatan di kaca slice cake saat sarapan makanan nya enak layanan nya sangat baik terbantu banget sama mbak bunga mbak nya kamarnya juga nyaman,KOMPETITOR,Bintang 4,HolidayInnBandungPasteur,positive,0.9992687106132507,Service Efficiency & Responsiveness,Service Efficiency & Responsiveness (1.00); Service Quality (0.99); Guest Experience (0.99)
noormia jumiati,2025,5,Terimakasih untuk mb ekaria yang bantu dan ramah banget sama anak saya yang lagi susah makan sukses selalu buat mba ekaria dan untuk makanan di sini oke banget untuk pak igun manager f b sukses selalu untuk mba nurma terimakasih juga udah memeberikan pelayanan yang baik selalu sukses liburan inn terimakasih juga buat mba bunga dan mba hersea atas pelayanan nya sukses selalu ya untuk pak stevie dan pak sofyan salam hangat dari ica,KOMPETITOR,Bintang 4,HolidayInnBandungPasteur,positive,0.9975443482398987,Staff Conduct & Hospitality,Staff Conduct & Hospitality (0.99); Service Quality (0.98); Family & Group Friendly (0.98)
Firly Septian,2025,4,Saat saya checkin terdapat kendala pendingin kamar rusak dari pihak hotel sangat membantu saya dengan memberikan penggantian kamar dan diberikan layanan komplementer dan itu sangat bagus hanya saja minta tolong untuk dapat dilakukan pengecekan kamar sebelum diberikan kepada pelanggan selain itu yang lain sudah bagus dari segi sarapan pembersihan kamar dan layanan pendukung seperti fitness dan spa,KOMPETITOR,Bintang 4,HolidayInnBandungPasteur,positive,0.9911388754844666,"Cleanliness, Hygiene & Maintenance","Cleanliness, Hygiene & Maintenance (0.99); Complaint Handling & Service Recovery (0.99); Facilities & Amenities (0.99)"
Kartika Sukma,2026,5,sarapan oke dan enak banyak macamnya kebugaran 24 jam pokoknya dianjurkan sekali untuk liburan kk nabila juga ramah selamat beraktivitas tengkyuu,KOMPETITOR,Bintang 4,HolidayInnBandungPasteur,positive,0.999386191368103,Facilities & Amenities,Facilities & Amenities (0.94); Family & Group Friendly (0.94); Food & Beverage (0.92)
Raden Muhammad Afarel Annawar,2025,5,jika diukur dari pengalaman tamu dan fasilitas yang ditawarkan liburan Inn Bandung Pasteur memberikan pengalaman menginap premium terutama dalam hal pelayanan kenyamanan kamar dan fasilitas umum kualitas layanan dan fasilitasnya sangat bisa bersaing dengan hotel mewah untuk tamu bisnis keluarga maupun wisatawan yang menginginkan kenyamanan tanpa harus membayar terlalu tinggi sebagai hotel ultra mewah ini adalah pilihan sangat solid,KOMPETITOR,Bintang 4,HolidayInnBandungPasteur,positive,0.9991807341575623,Facilities & Amenities,Facilities & Amenities (1.00); Guest Experience (1.00); Service Quality (1.00)
melly Hastanti,2025,5,luar biasa keren lah kami berulang kali kesini keren semua dari beberapa pengaturan dari semua timnya bagus ibu gm org surabaya yang sangat ramah makanan yang enak banyak farian tim bangquet p igun yang cepat respon ruang pertemuan dan ballroom yang bagus tim penjualannya cepat respon tetap semangat lah sehat sukses terus,KOMPETITOR,Bintang 4,HolidayInnBandungPasteur,positive,0.9991650581359863,Facilities & Amenities,Facilities & Amenities (0.99); Family & Group Friendly (0.99); Staff Conduct & Hospitality (0.99)
Monica Ellen P.W. Handoko,2026,5,Pelayanan ramah semua kamar nyaman bagus diassist sama mas rian mba fina atau siapa ya namanya terbaik,KOMPETITOR,Bintang 4,HolidayInnBandungPasteur,positive,0.9991102814674377,Guest Experience,Guest Experience (0.99); Service Quality (0.99); Staff Conduct & Hospitality (0.99)
Ermalia Turnip S,2026,5,bagus dari segi kebersihan layanan nya oke makanannya lumayak tapi boleh dibuat lebih bervariasi lagi menu makanan beratnya secara keseluruhan oke,KOMPETITOR,Bintang 4,HolidayInnBandungPasteur,positive,0.9939369559288025,Service Quality,"Service Quality (0.99); Cleanliness, Hygiene & Maintenance (0.99); Facilities & Amenities (0.99)"
Isni Utami,2025,5,Terima kasih Holiday Inn happy banget bisa menginap di sini pelayan nya baik menu sarapan nya berlimpah enak2 semua fasilitas lengkap kolam renang nya ada yang outdoor indoor sbg member ihg dapat perhatian lebih dari semua staf nya salah satu nya mbak natasya salah saty hotel dianjurkan di kota bandung,KOMPETITOR,Bintang 4,HolidayInnBandungPasteur,positive,0.9993106126785278,Facilities & Amenities,Facilities & Amenities (0.98); Service Quality (0.97); Service Efficiency & Responsiveness (0.88)
deasy seidy,2025,5,saya bersama anak2 menginap selama 2 tahun saya sangat terkesan dengan pengalaman menginap di liburan Inn Pasteur Bandung terutama dengan kualitas sarapan pagi yang luar biasa variasi makanannya lengkap mulai dari menu lokal khas sunda sampai pilihan internasional seperti omelet stasiun roti dan salad segar semua hidangannya terasa lezat dan disajikan dengan tampilan yang menarik yang paling berkesan adalah pelayanan dari pak yana di daerah restoran beliau sangat ramah sigap dan penuh perhatian pada setiap tamu saat saya datang ke pak yana menyapa dengan senyum hangat dan langsung membantu menawarkan sarapan apa yang kami butuhkan pelayanan seperti ini membuat suasana sarapan terasa lebih menyenangkan dan membuat saya ingin kembali,KOMPETITOR,Bintang 4,HolidayInnBandungPasteur,positive,0.9993512034416199,Service Quality,Service Quality (1.00); Service Efficiency & Responsiveness (1.00); Staff Conduct & Hospitality (1.00)
aqila nurul hidayah,2025,5,Baru banget mencoba menginap di hotel ini dan yapp sangat memuaskan dari segi apapun cocok banget buat yang suka main ke bandung atau sekedar staycation gitu terus pilihan sarapan nya juga oke semua banyak juga terima kasih buat staf yang sudah bantu selama cek masuk ramah pol,KOMPETITOR,Bintang 4,HolidayInnBandungPasteur,positive,0.9988605976104736,Service Quality,Service Quality (0.92); Staff Conduct & Hospitality (0.91); Check in/out Experience (0.88)
Kevin Robby,2025,5,sejauh ini pelayanan di hotel ini bagus banget dan saya sangat puas dengan fasilitas yang diberikan menu sarapan juga lengkap berbagai macam makanan alias negara lengkap dan sesuai apa yang saya butuhkan terima kasih buat kakak bunga karena telah membantu saya,KOMPETITOR,Bintang 4,HolidayInnBandungPasteur,positive,0.999349057674408,Facilities & Amenities,Facilities & Amenities (1.00); Service Quality (1.00); Food & Beverage (0.99)
Ervindra Noval (37 Project),2025,5,bener bener hotel yang nyaman dekat dengan pintu tol pasteur dpt kamar lt 6 d menara premium ada kolam renangnya dengan fasilitas super lengkap sarapan d resto dengan menu super duper banyak salah 1 resto dengan menu trbanyak sejauh ini yang pernah saya temui mantap banget,KOMPETITOR,Bintang 4,HolidayInnBandungPasteur,positive,0.9994194507598877,Facilities & Amenities,Facilities & Amenities (0.98); Room Quality & Comfort (0.85); Service Quality (0.82)
Dina Susilawati,2025,5,makanannya enak2 sudah 2 kali kesini selalu puas mksh bnyk pelayanannya bagus ini membantu sama mba lila ramah udah cantik baik hati lagi pokonya puas dech berkunjung ke hotel ini terima kasih banyak,KOMPETITOR,Bintang 4,HolidayInnBandungPasteur,positive,0.9993909597396851,Service Quality,Service Quality (1.00); Staff Conduct & Hospitality (0.99); Guest Experience (0.98)
Ranti Kemala,2025,5,pengalaman meginap yang menyenangkan kamr luas menu sarapan yag bervariasi dan kegiatan untuk anak2 yang seru walau kemarin sedang penuh sibuk tapi semua staf masih tetap perhatian dqn senyum membosankan terimakasih ka arini ka ratu dan ka novi,KOMPETITOR,Bintang 4,HolidayInnBandungPasteur,positive,0.9988207221031189,Guest Experience,"Guest Experience (0.97); Family & Group Friendly (0.97); Loyalty, Recommendation & Appreciation (0.93)"
Kumala Wardani,2026,5,seminggu liburan di bandung dan ini hotel yang ketiga hotel paling terbaik pelayanan oke kamarnya juga oke dan sarapan nya istimewa layak sama harganya puas disini,KOMPETITOR,Bintang 4,HolidayInnBandungPasteur,positive,0.9992414712905884,Service Quality,Service Quality (1.00); Room Quality & Comfort (0.99); Facilities & Amenities (0.98)
Koperasi Gatra,2025,5,kamar kami awalnya ada tiang tapi kami bisa segera pindah hari itu juga pelayanan sejauh ini bagus ramah dan efektif makanan cukup bervariasi dan lengkap terima kasih khususnya untuk ibu bunga dan ibu ramadhani,KOMPETITOR,Bintang 4,HolidayInnBandungPasteur,positive,0.9990566372871399,Service Efficiency & Responsiveness,Service Efficiency & Responsiveness (1.00); Guest Experience (1.00); Service Quality (1.00)
Prima Mb nuwa,2025,5,makanan saat sarapan bervariasi dan enak ruangan makannya luas dan pelayanan secara keseluruhan baik dan pelayan nya mba herda ramah dengan senyum dan cepat tidak nyesal nginap di hotel liburan masuk,KOMPETITOR,Bintang 4,HolidayInnBandungPasteur,positive,0.9995577931404114,Staff Conduct & Hospitality,Staff Conduct & Hospitality (1.00); Facilities & Amenities (1.00); Service Quality (0.99)
rilla martaleta,2025,5,kamar nyaman dan luas menu sarapan bervariasi pelayanan staf di resto sangat ramah dan cekatan terima kasih untuk mba ramadhani dan mas fauzan untuk pelayanan sarapannya,KOMPETITOR,Bintang 4,HolidayInnBandungPasteur,positive,0.9993743300437927,Facilities & Amenities,Facilities & Amenities (1.00); Staff Conduct & Hospitality (1.00); Food & Beverage (0.99)
Harry F M Simanjuntak,2026,5,kamar nya nyaman besar dan luas sarapanya lengkap banyak macamnya puas bisa memilih yang di suka di atas semua hotel hotel liburan penginapan sangat direkomendasikan,KOMPETITOR,Bintang 4,HolidayInnBandungPasteur,positive,0.9994932413101196,Facilities & Amenities,"Facilities & Amenities (0.98); Room Quality & Comfort (0.94); Loyalty, Recommendation & Appreciation (0.70)"
N Yulinarwati,2025,5,hotelnya bagus nyaman banget dan sangat ramah pelayanannya ramah bngt berbeda dari hotel lain apa lagi saat saya dibantu ka lila yang mau foto di keluarga ini di liburan terima kasih hihi,KOMPETITOR,Bintang 4,HolidayInnBandungPasteur,positive,0.9989350438117981,Facilities & Amenities,Facilities & Amenities (0.99); Service Quality (0.98); Room Quality & Comfort (0.98)
Ida (Ida),2025,5,Pelayanannya restoran bagus dan ramah ramah makanannya enak enak pelayanan resepsionis juga bagus kamar jug bersih ada acara bikin kue juga untuk anak anak gratis selanjutnya nginep lagi di sini disarankan,KOMPETITOR,Bintang 4,HolidayInnBandungPasteur,positive,0.999244213104248,Service Quality,Service Quality (1.00); Facilities & Amenities (0.99); Food & Beverage (0.99)
Evi Puspitawati,2025,5,makanan sarapan nya bervariasi banyak macam mulai dari makanan asia barat sampai ke jajanan pasar juga ada kak bunga dan kak hersa juga sangat membantu kami akan kembali masuk lain kali liburan penginapan,KOMPETITOR,Bintang 4,HolidayInnBandungPasteur,positive,0.9992732405662537,Food & Beverage,Food & Beverage (0.97); Family & Group Friendly (0.89); Service Efficiency & Responsiveness (0.88)
Risvy Marlique,2025,5,Pelayanan sangat memuaskan ketika sarapan di tawarin salah satu menu sama pa sopyan dan lia menu pekerjaan yang baik sarapan beragam kamarnya nyaman sekali,KOMPETITOR,Bintang 4,HolidayInnBandungPasteur,positive,0.9990867376327515,Guest Experience,Guest Experience (1.00); Service Quality (1.00); Food & Beverage (0.99)
Mariana mariana,2026,5,kamar dan suasana rnak dan nyaman banyak tempat bermain juga buffetnya juga banyak sekali pilihan makanan dianjurkan untuk berlibur keluarga,KOMPETITOR,Bintang 4,HolidayInnBandungPasteur,positive,0.999308705329895,Facilities & Amenities,Facilities & Amenities (1.00); Room Quality & Comfort (0.99); Family & Group Friendly (0.99)
putri catalya,2025,5,kamarnya luas pelayanan optimal walaupun rame tolong pertahankan yang paling penting kamar bersih saja mah klo saya klo tiap ganti tamu kuduna diganti ya linennya linen bekas tamu lain jangan dipake lagi ke tamu lain tapi kmrn saya liat aman kok linennya heheh,KOMPETITOR,Bintang 4,HolidayInnBandungPasteur,positive,0.9952828288078308,"Cleanliness, Hygiene & Maintenance","Cleanliness, Hygiene & Maintenance (0.98); Service Quality (0.93); Guest Experience (0.88)"
its radeneri,2025,5,pelayanan sangat ramah dari segi fasilitas bagus dan arahan sangat jelas hotel ini memiliki banyak fasilitas dan memuat makanan yang terbaik untuk kak karina dan kak nurma pelayanan ramah baik rendah hati dan memberi arahan yang sangat baik dan jelas,KOMPETITOR,Bintang 4,HolidayInnBandungPasteur,positive,0.9991463422775269,Facilities & Amenities,Facilities & Amenities (1.00); Service Quality (0.99); Service Efficiency & Responsiveness (0.99)
Annisa Wisda Amalia,2025,5,mengesankan menginap di liburan inn pasteur kamar bagus bersih luas makanan enak2 dan variatif ada anak sudut untuk anak2 agar bisa tenang di resto sempet keliling untuk cek ke ruang dansa pertemuan juga oke sangat cocok untuk bisnis maupun menginap hanya untuk taman bermain berbayar pakai koin belum keliling lagi untuk melihat apakah ada taman bermain lain aku dibantu oleh ka natasya selama di resto ini terima kasih untuk panas n es cokelat nya ka,KOMPETITOR,Bintang 4,HolidayInnBandungPasteur,positive,0.999427855014801,Family & Group Friendly,Family & Group Friendly (0.98); Facilities & Amenities (0.98); Pricing & Value for Money (0.94)
hilda astari,2025,5,Pelayanannya sangat baik apalagi pelayan mba lia di restoran sangat ramah sekali kamarnya sangat nyaman anak anak betah menginap disini sarapannya pun enak enak,KOMPETITOR,Bintang 4,HolidayInnBandungPasteur,positive,0.9994791150093079,Service Quality,Service Quality (1.00); Facilities & Amenities (1.00); Staff Conduct & Hospitality (0.99)
imas masitoh,2025,5,pengalaman yang luar biasa kamarnya nyaman pelayanan nya bagus makanannya enak untuk pengisian ini saya didirikan oleh pegawai liburan inn bandung yang sangat ramah dan komunikatif bernama bunga,KOMPETITOR,Bintang 4,HolidayInnBandungPasteur,positive,0.9990488886833191,Staff Conduct & Hospitality,Staff Conduct & Hospitality (1.00); Guest Experience (1.00); Facilities & Amenities (1.00)
Hendra Tambunan,2026,5,makananya berlimpah banyak pilihan kamarnya nyaman pelayanannya ramah dan baikterima kasih buat liburan hotel dan seluruh stafnya,KOMPETITOR,Bintang 4,HolidayInnBandungPasteur,positive,0.9993471503257751,Room Quality & Comfort,Room Quality & Comfort (0.99); Service Quality (0.99); Staff Conduct & Hospitality (0.99)
Azahra Dewikirana,2025,5,tempat bersih pelayanan bagus ramah terutama mas akbar rajin baik ramah berikutnya bisa k sini lagi buat nginap semua makanan enak,KOMPETITOR,Bintang 4,HolidayInnBandungPasteur,positive,0.9993748068809509,Service Quality,"Service Quality (1.00); Cleanliness, Hygiene & Maintenance (1.00); Facilities & Amenities (0.99)"
gabriella adytha,2025,5,pelayanannya okee banget makanannya enak kamar luas dan nyaman mas miptah juga ramah,KOMPETITOR,Bintang 4,HolidayInnBandungPasteur,positive,0.9994111061096191,Facilities & Amenities,Facilities & Amenities (1.00); Room Quality & Comfort (0.99); Guest Experience (0.98)
Salma Nabila,2025,5,Hotel yang bagus dan nyaman dengan suasana Natal yang sangat bagus meskipun saya Islam tapi saya suka banget hihihi staf nya juga ramah ramah saya di tawarin roti roti an gitu di resto saat sarapan dan enak sekali mba resepsi nya juga cantik baik dan ramah saat ini saya dibantu leysha dari gro,KOMPETITOR,Bintang 4,HolidayInnBandungPasteur,positive,0.9994210004806519,Facilities & Amenities,Facilities & Amenities (0.98); Food & Beverage (0.96); Family & Group Friendly (0.96)
Febe Novitasari,2026,5,menginap di hotel ini karena selalu puas sarapan variatif dan enak pelayanan kamar juga sangat sangat gercep terimakasih holiday inn,KOMPETITOR,Bintang 4,HolidayInnBandungPasteur,positive,0.9994140863418579,Service Quality,Service Quality (0.97); Service Efficiency & Responsiveness (0.94); Staff Conduct & Hospitality (0.92)
Nadhira Azzahra,2025,5,dilayani oleh teh bunga dari awal masuk sampai akhir selesai makan pelayanan nya baik banget ramah dan gercep banget tiap kali melihat piring kotor langsung diberesin makanan variatif dan enak semuanya,KOMPETITOR,Bintang 4,HolidayInnBandungPasteur,positive,0.9994257688522339,Service Quality,Service Quality (0.99); Guest Experience (0.97); Staff Conduct & Hospitality (0.96)
Natasha lauren,2026,5,overall hotelnya bagus cuma kalau lagi musim tinggi gini rame banget ya hihi agak ngantri di resepsionis nya tapi tidak apa apa saya ngerti karena saya juga disini liburan,KOMPETITOR,Bintang 4,HolidayInnBandungPasteur,positive,0.932021975517273,Service Quality,Service Quality (0.72); Facilities & Amenities (0.68); Guest Experience (0.57)
Ema dheRusti,2025,5,secara keseluruhan dari segi pelayanan kenyamanan dan fasilitas bagus bersih dan menyenangkan ramah dan membantu semua petugasnya sedikit masukan untuk tisu di kamar sebaiknya disesuaikan dengan tempat tisu yang digunakan terimakasih sukses selalu tingkatkan terus kualitas pelayananannya ya,KOMPETITOR,Bintang 4,HolidayInnBandungPasteur,positive,0.9984569549560547,"Cleanliness, Hygiene & Maintenance","Cleanliness, Hygiene & Maintenance (1.00); Facilities & Amenities (1.00); Room Quality & Comfort (0.99)"
Eny Trisna,2025,5,kamarnya nyaman banget sambutan staf ramah bikin nyaman sarapannya enak dan lengkap anak2 suka,KOMPETITOR,Bintang 4,HolidayInnBandungPasteur,positive,0.9994619488716125,Facilities & Amenities,Facilities & Amenities (0.99); Guest Experience (0.99); Staff Conduct & Hospitality (0.98)
arif thalib,2026,5,pelayanan nabila ramah dan membantu pelanggan dalam melayanin makanan makanan beragam dan banyak pilihan rasanya pun enak2,KOMPETITOR,Bintang 4,HolidayInnBandungPasteur,positive,0.9993159770965576,Staff Conduct & Hospitality,Staff Conduct & Hospitality (1.00); Service Quality (1.00); Guest Experience (0.99)
Fitri Khairunnisa,2025,5,pelayanannya memuaskan dan ramah ramah fasilitas juga oke makanan untuk sarapannya bervariasi ada shusi sampai indomie enak enak juga pak agus yang di resto pelayanannya oke,KOMPETITOR,Bintang 4,HolidayInnBandungPasteur,positive,0.9992929697036743,Facilities & Amenities,Facilities & Amenities (0.99); Service Quality (0.98); Guest Experience (0.96)
Aditya Febriyanto,2025,5,resto varian makanan cukup beragam dengan pelayan dan pelayan yang membantu terima kasih kepada pelayan kak bunga sudah membantu kamar ruang pertemuan standar untuk ruang pertemuan sudah ada termasuk videotron,KOMPETITOR,Bintang 4,HolidayInnBandungPasteur,positive,0.998336911201477,Food & Beverage,Food & Beverage (0.99); Guest Experience (0.98); Staff Conduct & Hospitality (0.97)
Dyah Qonitasari,2025,5,pengalaman pertama menginap di sini suasana tenang dengan lokasi yang tidak terlalu jauh dari pusat kota bandung menu sarapan yang bermacam macam dengan pilihan yang beragam ada anak-anak sudut juga sarapan pagi ini dilayani oleh kakak hersa yang baik,KOMPETITOR,Bintang 4,HolidayInnBandungPasteur,positive,0.9991825222969055,Service Quality,Service Quality (0.99); Guest Experience (0.97); Staff Conduct & Hospitality (0.92)
Khoirunisa,2025,5,menu enak enak ya pelayanannya juga bagus ramah rendah hati oke sih untuk kembali tinggal disini lagi klo ke bandung,KOMPETITOR,Bintang 4,HolidayInnBandungPasteur,positive,0.9800233840942383,Service Quality,Service Quality (0.99); Guest Experience (0.98); Staff Conduct & Hospitality (0.98)
Sagita Nur Aulia Rahmarani,2025,5,tempatnya strategis pelayanan di resto terbaik ramah2 dan full service dikasih kartu ucapan puas sekali menginap di sini pelayanan kak hersa baik dan ramah menjelaskan dengan baik,KOMPETITOR,Bintang 4,HolidayInnBandungPasteur,positive,0.9993416666984558,Guest Experience,Guest Experience (1.00); Service Quality (0.99); Service Efficiency & Responsiveness (0.99)
Fika Yuliani,2025,5,hotelnya nyaman stafnya ramah pelayanan top banget tersedia banyak menu untuk sarapan terimakasih ka natasya untuk pelayanan di restonya sangat membantu,KOMPETITOR,Bintang 4,HolidayInnBandungPasteur,positive,0.9995352029800415,Staff Conduct & Hospitality,Staff Conduct & Hospitality (0.98); Service Quality (0.98); Facilities & Amenities (0.97)
Aiai Teo,2025,4,pelayanan ramah kamar bersih hanya renovasi baru perabot nya ada yang kurang nyaman seperti ranjang kerendahan serta meja tempat tidur nya jg kerendahan posisinya buffet untuk harga 208 0 nett oke sesuai dengan anggaran nya namun menurut saya kualitas makanan dan keterampilan untuk masaknya mase tersedia banyak ruang untuk pengembangan dan perbaikan,KOMPETITOR,Bintang 4,HolidayInnBandungPasteur,positive,0.9969741106033325,Facilities & Amenities,"Facilities & Amenities (0.99); Pricing & Value for Money (0.99); Cleanliness, Hygiene & Maintenance (0.97)"
Dedi Natalia,2026,5,makanan enak kamar bersih dianjurkan sekali untuk liburan kk bunga ramah sekali dan sangat terimakasih,KOMPETITOR,Bintang 4,HolidayInnBandungPasteur,positive,0.9991722106933594,"Cleanliness, Hygiene & Maintenance","Cleanliness, Hygiene & Maintenance (0.99); Guest Experience (0.99); Service Quality (0.98)"
Viola Izzah,2025,5,kereen banget pelayanan hotelnya ramah ramah seperti kak natasya dan selalu disambut hangat setiap kali bertemu petugasnya fasilitas kamar sangat memadai besst pokoknya tidak rugi jauh dari blitar kesini,KOMPETITOR,Bintang 4,HolidayInnBandungPasteur,positive,0.999439537525177,Service Quality,Service Quality (1.00); Staff Conduct & Hospitality (0.99); Room Quality & Comfort (0.99)
Deni Iriani,2025,5,Pelayanan sangat baik ramah lia meilani sarapan sangat lengkap termasuk minuman baru sampai kopi kamar baru bersih dan luas cukup untuk keluarga rekomen buat waktu liburan ke bandung ada kolam renang untuk anak dan dewasa,KOMPETITOR,Bintang 4,HolidayInnBandungPasteur,positive,0.9994106292724609,Service Quality,Service Quality (1.00); Facilities & Amenities (1.00); Family & Group Friendly (0.99)
Aurelie Gracierre,2025,5,pengalaman menginap di hotel ini sangat menyenangkan kamar bersih nyaman dan rapi pelayanan staf ramah serta lokasi strategis dibantu mbak aiko,KOMPETITOR,Bintang 4,HolidayInnBandungPasteur,positive,0.9994338154792786,"Cleanliness, Hygiene & Maintenance","Cleanliness, Hygiene & Maintenance (1.00); Room Quality & Comfort (1.00); Facilities & Amenities (0.99)"
Rini Agustin,2026,5,selama sarapan disini makanan enak enak pelayanan nya ramah ramah di bantu sama aa miftah dan teh bunga,KOMPETITOR,Bintang 4,HolidayInnBandungPasteur,positive,0.9994617104530334,Guest Experience,Guest Experience (0.98); Service Quality (0.98); Staff Conduct & Hospitality (0.97)
Kana,2026,5,kamarnya nyaman dan bersih sarapannya variatif pelayanan mbak hersa sangat baik,KOMPETITOR,Bintang 4,HolidayInnBandungPasteur,positive,0.9993775486946106,Facilities & Amenities,Facilities & Amenities (0.99); Service Quality (0.99); Room Quality & Comfort (0.99)
Nurry Hesty,2026,5,hotel keren pelayanannya ramah sarapannya enak semua menu beragam lokasi jg strategis dekat pintu tol terimakasih jg untuk pelayanan yang ramah kepada mas ulwan,KOMPETITOR,Bintang 4,HolidayInnBandungPasteur,positive,0.999351441860199,Service Quality,Service Quality (0.98); Facilities & Amenities (0.96); Staff Conduct & Hospitality (0.94)
Latifah Kholbiah,2026,5,pelayanan ramah dan cepat makanan enak kamar nyaman bersih,KOMPETITOR,Bintang 4,HolidayInnBandungPasteur,positive,0.9991163611412048,Service Efficiency & Responsiveness,"Service Efficiency & Responsiveness (1.00); Cleanliness, Hygiene & Maintenance (1.00); Guest Experience (0.99)"
Anne Yhn,2026,5,makanan dan minuman di hotel hotel hotel bagus ramah dan sangat menyenangkan semoga semakin ke depan ditingkatkan,KOMPETITOR,Bintang 4,HolidayInnBandungPasteur,positive,0.9989839196205139,Food & Beverage,Food & Beverage (1.00); Facilities & Amenities (0.96); Guest Experience (0.96)
ciambar kec,2025,5,fasilitasi sangat baik nyaman untuk tinggal keperluan bisnis bimtek dan lainnya menu makanan variasi banyak pilihan pelayanan ramah dan cakap berikutnya kita nginap di liburan inn lagi,KOMPETITOR,Bintang 4,HolidayInnBandungPasteur,positive,0.9988372921943665,Facilities & Amenities,Facilities & Amenities (1.00); Service Quality (0.98); Food & Beverage (0.96)
Lastrie Mayawidhya,2025,5,hotel yang sangat nyaman kebersihannya juara dari kamar kamar mandi perlengkapan mandi sangat lengkap untuk mene sarapan sangat bervariasi dan rasanya tidak perlu diragukan lagi staf yang sangat membantu sangat direkomendasikan,KOMPETITOR,Bintang 4,HolidayInnBandungPasteur,positive,0.9993253946304321,"Cleanliness, Hygiene & Maintenance","Cleanliness, Hygiene & Maintenance (1.00); Facilities & Amenities (1.00); Room Quality & Comfort (1.00)"
Qurrota Aini Habibati,2026,5,Tinggal disini selama 3 hari menyenangkan kamar luas makanan enak dan terbantu oleh mas haekal dari pelayanan sarapan,KOMPETITOR,Bintang 4,HolidayInnBandungPasteur,positive,0.9984201192855835,Guest Experience,Guest Experience (1.00); Service Quality (0.99); Facilities & Amenities (0.99)
Gusmalinda Sari,2025,5,hotelnya sangat nyaman makanannya enak dan stafnya ramah dan suka menolong terutama chef rijal pak sofyan pak agus dan mba natasya serta rini insyaallah kalau ke bandung nginap di sini lagi,KOMPETITOR,Bintang 4,HolidayInnBandungPasteur,positive,0.999555766582489,Staff Conduct & Hospitality,Staff Conduct & Hospitality (0.99); Facilities & Amenities (0.99); Service Quality (0.99)
firstin anindya,2025,5,kak ilham dan kak ekaria terimakasih atas keramahan dan senyum manisnya pagi ini menjadi mood booster hari ini liburan inn sangat dianjurkan buat kamu yang membutuhkan kenyamanan saat urusan bisnis maupun liburan kamarnya ademm luas nyaman kasur empuk selimutnya bikin tidur pulas dan sarapannya sangat enak variatif dan melimpah tidak ada ceritanya kehabisan lauk hihi selain itu akuu dapet makanan khas ternate cuma namanya apa rasanya nikmat terima kasih liburan inn,KOMPETITOR,Bintang 4,HolidayInnBandungPasteur,positive,0.9994882345199585,Facilities & Amenities,Facilities & Amenities (0.97); Room Quality & Comfort (0.96); Service Quality (0.91)
Hendro Rosardi,2026,5,Sangat dianjurkan hotel enak untuk liburan dan sangat ramah anak semua karyawan full senyum terkhusus mbak hersa terima kasih holiday inn,KOMPETITOR,Bintang 4,HolidayInnBandungPasteur,positive,0.9992645382881165,Family & Group Friendly,Family & Group Friendly (1.00); Staff Conduct & Hospitality (1.00); Service Quality (0.99)
Bunda Manggala,2025,5,pegawai hotel liburan inn ramah rendah hati kebetukan saya pesan amwricano wheyprot bartender bisa membuat sesuai ekpetasi saya kebersihan kerapiahannya oke banget hersa bunga cukup membantu dalam menghidangkan sarapan penuh keramahannya,KOMPETITOR,Bintang 4,HolidayInnBandungPasteur,positive,0.9993009567260742,Service Quality,"Service Quality (0.99); Staff Conduct & Hospitality (0.99); Cleanliness, Hygiene & Maintenance (0.98)"
Efrida Gusti Handayani,2025,5,Buat Mba Amelia dan Mba Hersa Pelayanannya Oke dan ramah banget Gercep juga saat dimintai tolong makanannya banyak macamnya dan variatif menambah pax sarapan cuma 98 0 pax dan bernilai sangat rasa makanannya cukup oke harga kamar juga oke dapat saat promo 10 10 via agoda variasi minumannya juga oke banget dari jus perkopian yang termasuk coklat,KOMPETITOR,Bintang 4,HolidayInnBandungPasteur,positive,0.9992478489875793,Staff Conduct & Hospitality,Staff Conduct & Hospitality (1.00); Service Quality (0.99); Service Efficiency & Responsiveness (0.99)
Septri Yuliana,2026,5,Sangat menyenangkan liburan disini insyaallah berikutnya bisa kembali lagi terima kasih banyak atas semua keramahan seluruh jajaran di hotel ini semakin sukses dll,KOMPETITOR,Bintang 4,HolidayInnBandungPasteur,positive,0.9984605312347412,Staff Conduct & Hospitality,Staff Conduct & Hospitality (0.99); Service Quality (0.99); Facilities & Amenities (0.98)
Dian Azizah,2026,5,menginap di Holiday Inn Bandung Pasteur nyaman banget kamar bersih kasur empuk staf ramah lokasi strategis dekat tol patut direkomendasikan,KOMPETITOR,Bintang 4,HolidayInnBandungPasteur,positive,0.999548614025116,Room Quality & Comfort,Room Quality & Comfort (0.99); Service Quality (0.98); Facilities & Amenities (0.97)
Goldiva Keysara,2025,5,Pelayanannya sangat oke makanannya enak secara keseluruhan sangaatt okee semuaa sangaat sukakk terutama untuk kak nisa dan kak bunga terima kasih atas pelayanannyaa d,KOMPETITOR,Bintang 4,HolidayInnBandungPasteur,positive,0.999377965927124,Service Quality,Service Quality (0.99); Guest Experience (0.99); Staff Conduct & Hospitality (0.91)
Adjie BeyPurrfect,2025,5,bagus banget kamarnya hotelnya jg bagus makanannya oke cm sayang bau amoniaknya menyengat sekali masuk lobi sudah menyeruak baunya sangat tidak menyenangkan tapi secara keseluruhan oke,KOMPETITOR,Bintang 4,HolidayInnBandungPasteur,positive,0.8719732165336609,Facilities & Amenities,Facilities & Amenities (0.82); Food & Beverage (0.73); Guest Experience (0.65)
Yoseph Rhamdani,2026,5,Makan malam malem ini sangat oke untuk pelayanan hotel liburan Inn bagus sekali saya di bantu mas yogi terimakasih pelayanannya luar biasa,KOMPETITOR,Bintang 4,HolidayInnBandungPasteur,positive,0.9989944100379944,Food & Beverage,Food & Beverage (0.99); Service Quality (0.99); Guest Experience (0.94)
kamila hetami,2025,3,housekeeping malam2 jam 22 10 tetiba masuk saat tamu sedang akan tidur ketika ditanya kok bisa masuk alasannya karena mengira tidak ada tamunya memangnya tidak ada data sinkron kamar mana saja yang ada tamunya sekalipun tidak ada yang menyahut apa normal housekeeping jam 22 10 malam mengerikan sekali bisa masuk begitu saja untung saya belum tidur dan langsung saya tahan pintunya,KOMPETITOR,Bintang 4,HolidayInnBandungPasteur,negative,0.999118983745575,Guest Experience,Guest Experience (0.16); Digital Connectivity & Technology (0.13); Religious & Halal Features (0.12)
Sri. Wahyunique,2025,5,makanannya enak2 ada banyak pecel yang enak banget kamar nyaman adem mba vabia dan mas arifin pelayanannya ramah asyik dan murah senyum,KOMPETITOR,Bintang 4,HolidayInnBandungPasteur,positive,0.9994914531707764,Facilities & Amenities,Facilities & Amenities (0.99); Guest Experience (0.98); Room Quality & Comfort (0.98)
ghufron lathief,2026,5,menyenangkan 3 hari menginap di sini terbantu mba indah penjualannya dan terbantu oleh kak hersa di bagian sarapan terima kasih,KOMPETITOR,Bintang 4,HolidayInnBandungPasteur,positive,0.9981233477592468,Guest Experience,Guest Experience (0.97); Staff Conduct & Hospitality (0.97); Service Quality (0.96)
Mak rani,2025,5,kamar hotelnya besar bednya yang ukuran tunggal juga besar kamar mandi bersih air kencang sarapannya komplit banget dan rasanya enak karyawannya gercep mba amelia juga ramah pesanan makanan ke kamar juga cepat dan enak nasi timbelnya komplit ada ayam gepuk tahu tempe sayur asem dan ikan asininnya segar dan di goreng saat cokelat emas,KOMPETITOR,Bintang 4,HolidayInnBandungPasteur,positive,0.9995501637458801,Service Efficiency & Responsiveness,"Service Efficiency & Responsiveness (0.99); Cleanliness, Hygiene & Maintenance (0.98); Facilities & Amenities (0.98)"
Devina,2026,5,Anak anak senang berenang disini sarapan enak kamar nyaman sudah dibantu oleh mba nisa jg untuk perbaikannya,KOMPETITOR,Bintang 4,HolidayInnBandungPasteur,positive,0.9993933439254761,Facilities & Amenities,Facilities & Amenities (0.99); Room Quality & Comfort (0.98); Service Quality (0.96)
sindifd,2025,5,Hotel merekomendasikan banget apalagi makan siangnya enak banyak pilihan menu pelayanan sangat amat baik terutama oleh mba bunga yang sangat ramah dalam pelayanan saat saya sedang makan siang,KOMPETITOR,Bintang 4,HolidayInnBandungPasteur,positive,0.9989344477653503,Service Quality,Service Quality (0.99); Staff Conduct & Hospitality (0.97); Guest Experience (0.97)
Gizane Gita Yemima,2026,5,menginap disini staf nya ramah kamar bersih tidak bau sarapan banyak ragamnya servis nya sih d paling disarankan,KOMPETITOR,Bintang 4,HolidayInnBandungPasteur,positive,0.9987257122993469,Service Quality,Service Quality (0.98); Facilities & Amenities (0.95); Guest Experience (0.94)
Ilun Rabbani,2025,5,lokasinya strategis bngt kamarnya super nyaman dan banyak di luar jd yang suka menghirup udara bakal suka bngt trs tdi sarapan ank saya sempet rewel dan riweh bngt tapi untungnya ada kak natasya yang bantu saya terimakasi liburan inn bandung lain kalie nginep sini lagii kalau mau ke bandung,KOMPETITOR,Bintang 4,HolidayInnBandungPasteur,positive,0.9992707371711731,Room Quality & Comfort,Room Quality & Comfort (0.94); Facilities & Amenities (0.91); Service Quality (0.81)
Nur Camelia,2025,5,hotelnya nyaman bersih sarapan enak lengkap pelayanan kak vabia sangat baik ramah sangat membantu sekali secara keseluruhan oke banget,KOMPETITOR,Bintang 4,HolidayInnBandungPasteur,positive,0.9993481040000916,Facilities & Amenities,"Facilities & Amenities (0.99); Service Quality (0.99); Cleanliness, Hygiene & Maintenance (0.99)"
Claudya martha14,2025,5,sarapan nya mantap makanan nya enak2 berbagai varian layanan nya sat set dan kamarnya bersih terima kasih ka bunga dan hersa yang ramah memiliki hari yang hebat,KOMPETITOR,Bintang 4,HolidayInnBandungPasteur,positive,0.9991427659988403,Facilities & Amenities,"Facilities & Amenities (0.99); Service Quality (0.99); Cleanliness, Hygiene & Maintenance (0.99)"
Amamin Kanjeng,2025,5,untuk makanan menuunya lengkap rasanya juga saat dilidah pelayanan cukup memuaskan dan ramah murah senyum,KOMPETITOR,Bintang 4,HolidayInnBandungPasteur,positive,0.9990218877792358,Service Quality,Service Quality (0.99); Guest Experience (0.98); Staff Conduct & Hospitality (0.97)
Deddy Risnanto,2025,5,kamar besih dan apik peralatan mandi lengkap serta dilengkapi dengan sabun dan sampo merek terkenal lokasi hotel mudah dijangkau keluar pintu tol langsung dapat hotel pelayanan apik terimakasih mbak bunga dan mbak natasha,KOMPETITOR,Bintang 4,HolidayInnBandungPasteur,positive,0.9993224143981934,Facilities & Amenities,"Facilities & Amenities (1.00); Service Quality (0.99); Cleanliness, Hygiene & Maintenance (0.98)"
jessica adda,2025,5,jasa yang bagus mantap terima kasih banyak2 sma pak yana ms natasya pak rian ms mia ms fabia saya sangat puas menginap di hotel ini kamarnya bersih luas dan nyaman stafnya ramah serta sigap membantu setiap kebutuhan lokasinya strategis dekat dengan pusat kota dan akses transportasi mudah sarapan yang disajikan variatif dan rasanya enak bangat benar benar pengalaman menginap yang menyenangkan pasti akan kembali lagi,KOMPETITOR,Bintang 4,HolidayInnBandungPasteur,positive,0.9993495345115662,Service Efficiency & Responsiveness,Service Efficiency & Responsiveness (1.00); Service Quality (1.00); Staff Conduct & Hospitality (1.00)
hara atasyriqi,2025,5,Pelayanan nya bagus makanan nya enak enak sarapan nya lengkap enakk mba nisa pelayanan di resto nya bagus bgtt makasii yaa mba udah sering bangett acara disinii,KOMPETITOR,Bintang 4,HolidayInnBandungPasteur,positive,0.9994103908538818,Service Quality,Service Quality (0.99); Guest Experience (0.85); Food & Beverage (0.83)
Rully Bhaskara,2025,5,tinggal 4 malam di hotel strategis dekat pintu tol pasteur layanan prima meskipun saya bisa kamar merokok namun housekeeping mengkondisikan kamar dengan pembersih udara untuk menghilangkan bau rokok menu sarapan makan siang dan makan malam bervariasi dan cocok lah di lidah tambah layanan ramah pelayannya mba medina dan mba lia terima kasih atas kutipan yang ditulis di jaringan bagus,KOMPETITOR,Bintang 4,HolidayInnBandungPasteur,positive,0.9991965889930725,Service Quality,Service Quality (1.00); Staff Conduct & Hospitality (0.99); Facilities & Amenities (0.97)
Dwi Darmawanti,2025,5,makanannya enak pilihannya banyak makanan tradisional banyak pilihannya banyak mantap untuk kamar karena ada masalah di kasur tapi langsung ditanggani dengan ganti kamar sangat bagus pokokny,KOMPETITOR,Bintang 4,HolidayInnBandungPasteur,positive,0.9995488524436951,Cultural & Heritage Experience,Cultural & Heritage Experience (0.86); Guest Experience (0.83); Room Quality & Comfort (0.66)
Dendy Muris,2025,5,lokasi strategis kamar nyaman namun sedikit kurang kedap sarapan enak sekali pelayanan ramah terima kasih mba mugni dan mas akbar,KOMPETITOR,Bintang 4,HolidayInnBandungPasteur,positive,0.999402642250061,Guest Experience,Guest Experience (0.96); Service Quality (0.96); Staff Conduct & Hospitality (0.95)
Akhmad Mikhail,2026,5,kamar luas sarapan selalu terisi penuh pelayanan ramah terutama yang bernama lisa sangat membantu,KOMPETITOR,Bintang 4,HolidayInnBandungPasteur,positive,0.9990168809890747,Guest Experience,Guest Experience (0.99); Staff Conduct & Hospitality (0.99); Facilities & Amenities (0.98)
Dede Kuraesin Tyane,2025,5,hotel bagus dan nyaman sekali untuk liburan keluarga dekat dengan pusat perbelanjaan dibantu olah stafg staf yang ramah dan murah senyum seperti mba leysha gro,KOMPETITOR,Bintang 4,HolidayInnBandungPasteur,positive,0.999168872833252,Staff Conduct & Hospitality,Staff Conduct & Hospitality (1.00); Family & Group Friendly (1.00); Facilities & Amenities (0.98)
Hafidz Efendi,2025,5,untuk makan sangat lezat kolam renang besar bersih untuk kamarnya nyaman dan bersih terima kasih untuk pelayanannya mba natasya dan seluruh stafnya sangat ramah,KOMPETITOR,Bintang 4,HolidayInnBandungPasteur,positive,0.9992730021476746,Facilities & Amenities,"Facilities & Amenities (1.00); Cleanliness, Hygiene & Maintenance (1.00); Guest Experience (0.99)"
Dessy Permatarianti,2025,5,hotelnya nyaman pelayanannya juga ramah untuk sarapan makan siang makan malam menu nya bervariasi sudah berapa kali saya menginap di hotel ini baik itu acara dri kantor ataupun menginap terima kasih teh nurma teh ramadhani yang sudah banyak membantu,KOMPETITOR,Bintang 4,HolidayInnBandungPasteur,positive,0.999224066734314,Facilities & Amenities,Facilities & Amenities (0.98); Food & Beverage (0.97); Staff Conduct & Hospitality (0.97)
Kusnadi 123,2025,5,pelayanan restoran ramah ramah terutama ka vabia dan kondisi tempatnya nyaman cocok untuk acara atau hanya sekedar menginap saja rekomen banget,KOMPETITOR,Bintang 4,HolidayInnBandungPasteur,positive,0.999396562576294,Family & Group Friendly,Family & Group Friendly (0.99); Facilities & Amenities (0.99); Service Quality (0.98)
Iman Sinambela,2025,5,menginap 1 malam di hotel ini lokasi hotel strategis dekat dengan akses tol kamar cukup baik dengan fasilitas yang lengkap menu sarapan lengkap namun ada sedikit kesulitan di mesin namun staf hersa menanggapi mengatasi dengan baik,KOMPETITOR,Bintang 4,HolidayInnBandungPasteur,positive,0.9974665641784668,Facilities & Amenities,Facilities & Amenities (0.99); Service Quality (0.97); Service Efficiency & Responsiveness (0.97)
Ira A,2025,5,pengalaman yang luar biasa nyaman bersih pelayanan oke dan lokasi dekat dengan gerbang tol untuk pelayanan mba bunga dan mba hersa ramah sukses terus untuk liburan inn semoga bisa berkunjung lagi ke hotel ini,KOMPETITOR,Bintang 4,HolidayInnBandungPasteur,positive,0.998989999294281,Facilities & Amenities,"Facilities & Amenities (1.00); Service Quality (0.99); Cleanliness, Hygiene & Maintenance (0.99)"
norrosiyah abdul hamid,2025,5,lokasi hotel strategis dan staf sangat ramah bilik yang lengkap dengan kulkas besi dan akses ke teres makanan sedap dan akan mengulangi lagi di masa akan datang,KOMPETITOR,Bintang 4,HolidayInnBandungPasteur,positive,0.9994888305664062,Facilities & Amenities,Facilities & Amenities (1.00); Staff Conduct & Hospitality (0.99); Service Efficiency & Responsiveness (0.98)
Keisya 1234,2026,5,sarapan baik dan saya sangat senang di layani oleh kak hersa dia sangat ramah baik cantik,KOMPETITOR,Bintang 4,HolidayInnBandungPasteur,positive,0.9991794228553772,Guest Experience,Guest Experience (0.99); Service Quality (0.99); Food & Beverage (0.98)
Wawan Setiawan,2025,5,kamarnya sangat nyaman bersih dan fasilitasnya lengkap pelayanan sangat bagus ramah dan tanggap cepat terutama terima kasih kepada teh lia yang bertugas di resto yang telah membantu membuat kopi lokasinya sangat strategis sekali karena dekat dengan pintu tol pasteur dan akses perjalanan mudah untuk menuju jakarta ataupun ke arah priangan timur liburan inn sukses jaya selalu,KOMPETITOR,Bintang 4,HolidayInnBandungPasteur,positive,0.9993457198143005,Service Efficiency & Responsiveness,Service Efficiency & Responsiveness (1.00); Facilities & Amenities (1.00); Staff Conduct & Hospitality (1.00)
Riri Andriyani,2026,5,hotel di pusat kota bandung yang dianjurkan banget untuk menginap bersama keluarga ataun acara pertemuan dianjurkan kamar pelayanan dan kamar luar biasa,KOMPETITOR,Bintang 4,HolidayInnBandungPasteur,positive,0.9991446733474731,Family & Group Friendly,Family & Group Friendly (1.00); Service Quality (1.00); Facilities & Amenities (0.99)
Yohana Rusmeitasari,2025,4,kamar luas lega toiletries terlengkap dengan merk tidak kaleng2 yang pernah saya temui selama bepergian suasana adem sarapan cukup beragam staf di resto ramah alat gym lengkap hanya kebersihan gelas dan pemanas dikamar perlu ditingkatkan dipastikan tidak berdebu saat tamu cek masuk tinggal baik,KOMPETITOR,Bintang 4,HolidayInnBandungPasteur,positive,0.998491644859314,Facilities & Amenities,"Facilities & Amenities (0.99); Cleanliness, Hygiene & Maintenance (0.97); Room Quality & Comfort (0.97)"
Teh Tatat,2025,5,tempat nyaman lokasi strategis dekat pintu tol pastor yang paling berkesan disediakan masjid yang bisa dipakai untuk shalat jumat serta mushala dengan tempat wudhu terpisah antara laki2 dan perempuan juga disediakan tempat alas kaki dan barang di luar mushala juga disediakan mukena bersih tempat ibadah ini menjadi catatan sendiri bagi saya karena di hotel lain biasanya mushala diletakkan di tempat parkir dengan fasilitas alakadarnya u untuk makanan cukup bervariasi cemilannya melimpah camilanannya bervariasi dari tradisional hingga modern rasa rasa rasa soal untuk camilanannya lumayan tapi makan beratnya menurut saya biasa saja tapi ini masalah selera secara keseluruhan sangat sangat sangat disarankan,KOMPETITOR,Bintang 4,HolidayInnBandungPasteur,positive,0.9992596507072449,Facilities & Amenities,"Facilities & Amenities (1.00); Location, Accessibility & Parking (0.99); Religious & Halal Features (0.97)"
Jamanis Jaya Atk,2025,5,Chef Eka Terimakasih Hidangan nya pokoe enak menginap di hotel holidaiy inn bandung tempat nya bersih dan nyaman di bawah keluarga ke sini makanan nya enak ada kolom renang nya buat anak2 dan dewasa,KOMPETITOR,Bintang 4,HolidayInnBandungPasteur,positive,0.9995666146278381,"Cleanliness, Hygiene & Maintenance","Cleanliness, Hygiene & Maintenance (0.99); Facilities & Amenities (0.99); Family & Group Friendly (0.99)"
Riana Chairawati,2025,5,kamar oke petunjuk penggunaan peralatan jg cukup jelas makanan oke sih enak aku pilih nasi tim rasanya enak tapi unt porsi sarapan terlalu banyak mangkok kuah jg saat tidak ada jadi nyari dulu untung rasanya enak pelayanan oke ramah lengkap petunjuk diantar dicarikan tempat karena memang sedang rame akhir pekan untuk mb bunga terima kasih keramahtamahannya ya semangat,KOMPETITOR,Bintang 4,HolidayInnBandungPasteur,positive,0.9986163377761841,Facilities & Amenities,Facilities & Amenities (0.98); Guest Experience (0.96); Service Quality (0.95)
Indah Muslimawati,2025,5,Baru pertama kali menginap di sini makanannya cocok d selera lidah saya dilayani dengan ramah dan membantu bantu pak sofyan keramahan pak terima kasih,KOMPETITOR,Bintang 4,HolidayInnBandungPasteur,positive,0.9992850422859192,Staff Conduct & Hospitality,Staff Conduct & Hospitality (0.99); Guest Experience (0.98); Service Quality (0.97)
evy radhya,2025,5,Sangat nyaman dan keluarga ramah kamar pertemuan dan kamarnya nya bagus bersih wangi dibantu oleh mba leysa dari front office staff nya ramah ramah sekali sukses selalu liburan masuk,KOMPETITOR,Bintang 4,HolidayInnBandungPasteur,positive,0.9994800686836243,Family & Group Friendly,"Family & Group Friendly (1.00); Facilities & Amenities (1.00); Cleanliness, Hygiene & Maintenance (0.99)"
64211185 SUSI SUSILAWATI,2026,5,fasilitas bagus kamar nyaman makanan banyak ragamnya kolam renang juga bagus pokonya mantap dehh bintang 5,KOMPETITOR,Bintang 4,HolidayInnBandungPasteur,positive,0.9994714856147766,Facilities & Amenities,Facilities & Amenities (0.99); Room Quality & Comfort (0.99); Service Quality (0.89)
Grenita Pristiawati,2025,5,puas sekali makanan dn kamar memuaskn yang pntng tempat bersih smua rekomendasi bnget,KOMPETITOR,Bintang 4,HolidayInnBandungPasteur,positive,0.9989948868751526,"Cleanliness, Hygiene & Maintenance","Cleanliness, Hygiene & Maintenance (1.00); Facilities & Amenities (0.99); Service Quality (0.99)"
Mulyati -,2025,5,kamar cukup luas dan bersih kamar mandi bersih hanya saja masih ada udara yang mengenang sarapan lengkap dengan menu yang beragam layanan dari resepsionis sd kamar layanan ramah dan cepat tanggap,KOMPETITOR,Bintang 4,HolidayInnBandungPasteur,positive,0.9984776377677917,Service Efficiency & Responsiveness,Service Efficiency & Responsiveness (0.99); Service Quality (0.97); Facilities & Amenities (0.96)
Nopiyanti H,2025,5,kamar hotelnya bagus bersih makanan nya lumayan enak dan untuk staf di restoran nya dengan kak vabia sangat ramah sekali tidak kecewa nginap di holiday inn pasteur,KOMPETITOR,Bintang 4,HolidayInnBandungPasteur,positive,0.9993995428085327,"Cleanliness, Hygiene & Maintenance","Cleanliness, Hygiene & Maintenance (1.00); Staff Conduct & Hospitality (0.99); Facilities & Amenities (0.99)"
Chaerannisa Akmelia,2025,5,kamar luas dan bersih pelayanan sangat baik seluruh stafnya ramah dan sangat membantu saat ada keluarga saya yang kurang sehat makanan lumayan pilihan sarapan cukup bervariasi,KOMPETITOR,Bintang 4,HolidayInnBandungPasteur,positive,0.9988683462142944,Facilities & Amenities,Facilities & Amenities (1.00); Service Quality (0.99); Guest Experience (0.99)
Fahrial Amiq,2025,5,menu makanan lengkap pelayanan sangat baik terutama petugasnya mas ulwan sangat ramah kamar jg terlihat luas dan nyaman digunakan untuk istirahat,KOMPETITOR,Bintang 4,HolidayInnBandungPasteur,positive,0.9994322657585144,Facilities & Amenities,Facilities & Amenities (1.00); Food & Beverage (1.00); Guest Experience (1.00)
SRI WAHYUNI,2025,5,mantap pelayanannya neng hesti sama neng bunga makanannya enak2 tidak rugi nginap disini kamarnya baguss mokoknya pelayanannya mantap deh top markotop,KOMPETITOR,Bintang 4,HolidayInnBandungPasteur,positive,0.9995328187942505,Service Quality,Service Quality (0.99); Guest Experience (0.99); Facilities & Amenities (0.97)
Alif Rizqullah Mahdi,2025,5,Hotel ini melayaninya oke banget semua pegawainya ramah dan cekatan idenya untuk bikin tamu seneng juga bagus buat kasih catatan2 lucu makanannya tidak banyak jenisnya tapi setiap makanan rasanya enak diatas standar terima kasih juga mas gemetar untuk pelayanan di resto yang oke banget,KOMPETITOR,Bintang 4,HolidayInnBandungPasteur,positive,0.9992836117744446,Staff Conduct & Hospitality,Staff Conduct & Hospitality (1.00); Guest Experience (1.00); Service Quality (0.99)
Tatang Rahmat,2026,5,makanan untuk makan malam lebih dari semua oke enak enak semua dan untuk pelayanan mas yogi sangat baik dan memuaskan terimakasih mas yogi,KOMPETITOR,Bintang 4,HolidayInnBandungPasteur,positive,0.9993098974227905,Service Quality,Service Quality (0.99); Guest Experience (0.98); Staff Conduct & Hospitality (0.95)
Neesa Karunia,2025,5,nyaman banget tempat gym hotelnya tepat pelayanannya ramah teh vabia bantu melayani cilok dan kopi dengan mesin akan kembali lagi ke sini,KOMPETITOR,Bintang 4,HolidayInnBandungPasteur,positive,0.9993038177490234,Facilities & Amenities,Facilities & Amenities (1.00); Service Quality (0.99); Food & Beverage (0.99)
kasih nur,2025,5,sudah beberapa kali ke tempat ini dan Alhamdulillah itu pengalaman yang hebat pelayanannya top banget saya minta kursi tambahan untuk bekerja dan langsung dikirimkan juga saat itu makanannya enak enak pelayanan ketika sarapannya juga cepat dan okeh banget tembak keluar untuk kak natasha,KOMPETITOR,Bintang 4,HolidayInnBandungPasteur,positive,0.9991497993469238,Guest Experience,Guest Experience (0.98); Service Quality (0.98); Service Efficiency & Responsiveness (0.97)
Amalia Cahya,2025,5,pengalaman yang cukup menyenangkan bisa beristirahat di salah satu hotel dengan pelayanan yang baik di indonesia ruangan bersih semua amanat tersedia dengan lengkap untuk sabun sampo dan kondisioner menggunakan produk dari merpati sehingga cukup aman untuk menggunakan faisallitas dari hotel ada 2 menara cukup nyaman berenang di menara 2 karena posisi kolam renang yang cukup pribadi karena kolam renang dibawah dekat dengan restoran sehingga kurang nyaman berenang di bawah setiap lantai juga dilengkapi dengan kartu akses sehingga tidak perlu kuatir ada pihak2 yang kurang bertanggung jawab lalu lalang di sekitar kamar dapat kamar di lantai yang cukup tinggi sehingga bisa melihat pemandangan sebagian bandung bagus untuk tinggal di,KOMPETITOR,Bintang 4,HolidayInnBandungPasteur,positive,0.9991204142570496,Service Quality,Service Quality (0.93); Facilities & Amenities (0.76); Family & Group Friendly (0.72)
Bernardus agus munadi,2025,5,sungguh sangat nyaman di hotel liburan Inn ini sarapan bagus makan siang dan makan malam bagus hanya saat rapat ada kendala sound system yang kurang bagus mba naipa sudah bekerja dengan keren,KOMPETITOR,Bintang 4,HolidayInnBandungPasteur,positive,0.999040424823761,Food & Beverage,Food & Beverage (0.98); Facilities & Amenities (0.97); Service Quality (0.91)
Vona Ratu,2025,5,sangat nyaman dan rekomendasi untuk perjalanan bisnis atau liburan bersama keluarga terima kasih juga mbak natasya sudah memberikan layanan yang baik saat sarapan,KOMPETITOR,Bintang 4,HolidayInnBandungPasteur,positive,0.9988143444061279,Family & Group Friendly,"Family & Group Friendly (1.00); Loyalty, Recommendation & Appreciation (0.99); Facilities & Amenities (0.99)"
Lingga Rahadianto,2025,5,tempatnya oke kamarnya bersih perabotan baik makanan juga enak banget layanan dari awak hotelnya memuaskan dan ramah resepsi pembersihan dan kamar bayi nya akan selalu siap membantu oleh pengalaman dianjurkan banget untuk yang rencana menginap di sekitaran bandung khusus pujian untuk mas haekal dan mbak amelia yang sabar dan melayani di daerah resto,KOMPETITOR,Bintang 4,HolidayInnBandungPasteur,positive,0.999484658241272,Staff Conduct & Hospitality,"Staff Conduct & Hospitality (1.00); Cleanliness, Hygiene & Maintenance (1.00); Facilities & Amenities (1.00)"
Victoria Angela,2025,5,kamar nya luas bersih toilet lengkap banget pelayanan semuanya sangat amat ramah cepat sarapan enak dan banyak variasi nya ada 2 kolam renang dan yang satu indoor tapi bagus banget apa pengalaman yang menyenangkan,KOMPETITOR,Bintang 4,HolidayInnBandungPasteur,positive,0.9993278980255127,Facilities & Amenities,"Facilities & Amenities (0.99); Cleanliness, Hygiene & Maintenance (0.99); Guest Experience (0.97)"
Adiva Fathinah,2025,5,pengalaman menginap di hotel holiday inn bandung sangat memuaskan penginapan dengan tempat tidur empuk sarapan banyak pilihan dan tentu layanan waktu sarapan sangatlah ramah terima kasih kak nurma yang sudah menyiapkan susu dan merapikan meja piring dan mangkuk tempat saya makan jadi kapan kembali di sini lagi ya,KOMPETITOR,Bintang 4,HolidayInnBandungPasteur,positive,0.9994000196456909,Service Quality,Service Quality (0.99); Service Efficiency & Responsiveness (0.98); Facilities & Amenities (0.98)
Paulus Chrissandy Hendaru,2025,4,pelayanan hotel baik dari mulai resepsionis kamar yang bersih pelayanan di resto juga baik dilayani oleh mas haekal variasi makanan cukup banyak parkir juga cukup luas ada 2 lantai basement sudah beberapa kali kesini dan keseluruhan hotel yang memuaskan didaerah pasteur,KOMPETITOR,Bintang 4,HolidayInnBandungPasteur,positive,0.9992679953575134,"Location, Accessibility & Parking","Location, Accessibility & Parking (0.99); Service Quality (0.99); Cleanliness, Hygiene & Maintenance (0.99)"
Syalsa Regina,2025,5,2 hari tinggal di hotel ini karena ada acara pernikahan keluarga pesan banyak hotel di bantu gilang permatasari bener2 baik banget sangat membantu semua staf ramah makanan enak enak semua luv banget sama liburaninn,KOMPETITOR,Bintang 4,HolidayInnBandungPasteur,positive,0.9992044568061829,Service Quality,Service Quality (0.98); Staff Conduct & Hospitality (0.98); Family & Group Friendly (0.97)
Novie Ismanto,2025,5,lokasi strategis akses kemana2 pilihan sarapan cukup banyak kamar cukup luas bantu dengan mbak aiko,KOMPETITOR,Bintang 4,HolidayInnBandungPasteur,positive,0.9993058443069458,Facilities & Amenities,Facilities & Amenities (0.97); Service Efficiency & Responsiveness (0.91); Guest Experience (0.87)
Budi Fadillah04,2025,5,Alhamdulillah pelayanannya bagus makanan enak lengkap kamarnya bersih dan cepat serta pelayanan luar biasa,KOMPETITOR,Bintang 4,HolidayInnBandungPasteur,positive,0.9994087219238281,"Cleanliness, Hygiene & Maintenance","Cleanliness, Hygiene & Maintenance (0.99); Facilities & Amenities (0.99); Service Quality (0.99)"
Fikri Haydar,2026,4,sarapan nya mantap tempat parkirnya oke bener cocok untuk bawa keluarga tempat strategis cocok untuk tujuan bisnis dan kerja,KOMPETITOR,Bintang 4,HolidayInnBandungPasteur,positive,0.9993526339530945,Family & Group Friendly,Family & Group Friendly (0.99); Food & Beverage (0.99); Facilities & Amenities (0.99)
Irvan,2025,5,Makan malam disini hari sabtu es yang sangat bervariasi sampai tidak bisa mencoba semua menu paling suka penutupnya terutama kue keju nya,KOMPETITOR,Bintang 4,HolidayInnBandungPasteur,positive,0.9991074204444885,Food & Beverage,Food & Beverage (0.98); Service Quality (0.49); Guest Experience (0.47)
Sally Saindy,2025,5,hotelnya nyaman bagus bersih taman bermainnya juga sangat menarik dan unik untuk sarapannya pun variannya sangat beragam pilihannya banyak layanannya pun sangat baik ramah murah senyum inisiatif dan sangat membantu tamu yang menginap di hotel terima kasih liburaninn bandung lain kali bakal balik untuk menginap kembali vabia,KOMPETITOR,Bintang 4,HolidayInnBandungPasteur,positive,0.999509334564209,Facilities & Amenities,Facilities & Amenities (1.00); Staff Conduct & Hospitality (0.99); Guest Experience (0.98)
rom wnugroho,2025,5,suka banget dengan fasilitas kamarnya yang lengkap ada meja setrika setrika pengering rambut kotak penyimpanan gantungan baju semi terbuka jadi tidak lembab dan yang super adalah sabun sampo kondisioner tangan lotion tubuh sabun cuci tangan merpati kamar cukup lapang untuk berdua dengan mitra kerja pelayanan ramah gercep ruang sidang foyer yang dingin hotelnya bersih lokasinya yang strategis di pasteur,KOMPETITOR,Bintang 4,HolidayInnBandungPasteur,positive,0.9992886781692505,Facilities & Amenities,Facilities & Amenities (1.00); Family & Group Friendly (1.00); Service Efficiency & Responsiveness (0.99)
Raisa Hakim,2025,5,lokasi strategis dekat dengan mall dll staf ramah dan sarapan nya punya banyak menu variatif yang enak enak staf kak hersa dan lia juga banyak membantu untuk membersihkan area meja dan rekomendasi menu terima kasih keramahan yang baik,KOMPETITOR,Bintang 4,HolidayInnBandungPasteur,positive,0.9992755055427551,"Loyalty, Recommendation & Appreciation","Loyalty, Recommendation & Appreciation (0.99); Service Quality (0.99); Staff Conduct & Hospitality (0.99)"
Nia Rachmdani,2025,5,menginap 4 hari di hotel holiday inn sangat menyenangkan sekali kamar luas bersih dan nyaman untuk sarapannya juga banyak variasiinya pelayanannya ramah dan full smile ada pa yana yang selalu siap membantu dalam pelayanan makanannya luar biasa mantap,KOMPETITOR,Bintang 4,HolidayInnBandungPasteur,positive,0.99950110912323,Facilities & Amenities,Facilities & Amenities (0.99); Staff Conduct & Hospitality (0.99); Room Quality & Comfort (0.99)
Enda Ita,2025,5,hotelnya nyaman layananya juga oke terutama mbak risa yang baik sudah menyambut kita,KOMPETITOR,Bintang 4,HolidayInnBandungPasteur,positive,0.999051034450531,Facilities & Amenities,Facilities & Amenities (0.99); Service Quality (0.99); Guest Experience (0.98)
Windy Erly tamara,2025,5,kamar bersih layananx sangat bagus dan memuaskan makanan banyak pilihan dan serta rasa nya enak dengan bumbu yang saat lokasi d tengah kota dekat dengan pusat belanja juga semoga bisa berkunjung ke sini lg,KOMPETITOR,Bintang 4,HolidayInnBandungPasteur,positive,0.9993240833282471,Facilities & Amenities,"Facilities & Amenities (0.99); Service Quality (0.99); Cleanliness, Hygiene & Maintenance (0.99)"
dyodol12,2026,5,fasilitas lengkap kamar nyaman makanan enak enak dapet kejutan kue ulang tahun juga,KOMPETITOR,Bintang 4,HolidayInnBandungPasteur,positive,0.9990645051002502,Facilities & Amenities,Facilities & Amenities (0.99); Room Quality & Comfort (0.97); Guest Experience (0.89)
Nandya Oktaviani,2025,5,terima kasih sudah membantu teh nisa lokasi strategis karena tidak jauh dari pintu keluar tol makanan nya enak enak terutama kopinya fasilitas kamar juga lengkap tv juga bisa terhubung youtube jadi anak betah,KOMPETITOR,Bintang 4,HolidayInnBandungPasteur,positive,0.9995532631874084,Food & Beverage,Food & Beverage (0.99); Facilities & Amenities (0.99); Service Quality (0.98)
dhian ali,2025,5,Pelayanannya sangat bagus makanannya enak kamarnya oke banget terima kasih buat ka nissa atas pelayanannya yang ramah,KOMPETITOR,Bintang 4,HolidayInnBandungPasteur,positive,0.9990002512931824,Service Quality,Service Quality (0.99); Guest Experience (0.99); Facilities & Amenities (0.98)
Rachmania Free,2025,5,lokasi dekat pusat kota kamar nyaman pelayanan di kamar juga responsif pelayanan sarapannya juga selalu ramah apalagi kalau jadi anggota pasti suka ada hadiah lebihh pak steve terbaik beliau ramah banget sih setiap saya sarapan pasti beliau selalu nyapa dan tau penutup apa yang saya suka mba nurma juga ramah dan membantu saya suka menginap di sini mungkin jika saya kebandungan lagi akan jadi rekomendasi tempat nginap yang akan saya tuju tingkatkan terus pelayanan dan keramahannya,KOMPETITOR,Bintang 4,HolidayInnBandungPasteur,positive,0.9993963241577148,"Loyalty, Recommendation & Appreciation","Loyalty, Recommendation & Appreciation (0.99); Service Efficiency & Responsiveness (0.99); Guest Experience (0.99)"
zhafira,2026,5,Secara keseluruhan menginap di sini layak banget cocok untuk liburan dianjurkan sih dan memperbaiki bakal balik lagi kalau ke bandung,KOMPETITOR,Bintang 4,HolidayInnBandungPasteur,positive,0.9981082677841187,"Loyalty, Recommendation & Appreciation","Loyalty, Recommendation & Appreciation (0.90); Facilities & Amenities (0.88); Room Quality & Comfort (0.88)"
Handoko Soerowidjojo,2026,4,jenis makananannya cukup bervariasi dengan rasa seperti kurang bumbu terimakasih mas wilham,KOMPETITOR,Bintang 4,HolidayInnBandungPasteur,positive,0.9967834949493408,"Loyalty, Recommendation & Appreciation","Loyalty, Recommendation & Appreciation (0.59); Food & Beverage (0.52); Sustainability & Environmental Quality (0.36)"
Linda Susanti,2025,5,puas dengan pelayanan di sini mas dan mbak2 nya ramah kita selalu di layanin dengan ramah setiap pulang dari luar kamar pasti selalu ada surprise dari tim clinging dengan ucapan2 dan hadiah2 kecil terima kasih mas asep dan terimakasih juga buat tim di restoran baru serta hadiah kopi baru dan ucapan selamat pagi dari mas haekal membuat semangat di pagi hari,KOMPETITOR,Bintang 4,HolidayInnBandungPasteur,positive,0.9989451766014099,Staff Conduct & Hospitality,"Staff Conduct & Hospitality (0.99); Family & Group Friendly (0.99); Loyalty, Recommendation & Appreciation (0.98)"
Vika Maharani,2025,5,tempat nya nyaman pelayanan sangat ramah makanan nya yang di hidangkan enak enak sekali hotel liburan hotel di bantu dengan kak aiko,KOMPETITOR,Bintang 4,HolidayInnBandungPasteur,positive,0.9995051622390747,Facilities & Amenities,Facilities & Amenities (0.99); Service Quality (0.98); Staff Conduct & Hospitality (0.98)
To Translate,2025,5,lokasi strategis dekat pintu tol pasteur pelayanan sangat ramah dan cepat tanggap terutama saat sarapan terima kasih mba amelia pilihan hidangan utama cemilan dan pencuci mulut nya sangat bervariasi dan anak-anak ramah,KOMPETITOR,Bintang 4,HolidayInnBandungPasteur,positive,0.9995678067207336,Guest Experience,Guest Experience (1.00); Service Efficiency & Responsiveness (1.00); Staff Conduct & Hospitality (0.99)
Nelly Assany,2025,5,Pelayanan nya paling ramah terutama mba bunga makanann nya banyak enak2 tidak kecewa selama tinggal di Holiday Inn,KOMPETITOR,Bintang 4,HolidayInnBandungPasteur,positive,0.9993419051170349,Service Quality,Service Quality (1.00); Staff Conduct & Hospitality (1.00); Guest Experience (0.99)
ARIE,2025,5,menginap untuk yang kedua kalinya 1 2 kamar dengan menghubungkan pintu dan sarapan 2 jika menginap di sini pesan yang termasuk sarapan 3 kolam renang buat anak kecil dan anak2 juga ada 4 kamar dan kamar mandi terlihat mewah sprei bersih 5 terbaik untuk keluarga,KOMPETITOR,Bintang 4,HolidayInnBandungPasteur,positive,0.9991896748542786,Facilities & Amenities,Facilities & Amenities (1.00); Guest Experience (0.98); Family & Group Friendly (0.97)
Naylaa,2025,5,menu sarapan nya lengkap pelayanan ramah tempat nyaman tq mba nabila,KOMPETITOR,Bintang 4,HolidayInnBandungPasteur,positive,0.9994262456893921,Facilities & Amenities,Facilities & Amenities (0.98); Service Quality (0.98); Guest Experience (0.98)
Alesendrina Ocwirsa Belinpurnama,2025,5,hotel ini memiliki fasilitas yang sangat lengkap mulai dari kamar yang nyaman kolam renang bersih hingga restoran dengan menu lezat pelayanannya pun ramah salah satu pelayan natasya yang selalu sigap membantu dan membuat pengalaman menginap semakin menyenangkan,KOMPETITOR,Bintang 4,HolidayInnBandungPasteur,positive,0.99936443567276,Facilities & Amenities,Facilities & Amenities (1.00); Staff Conduct & Hospitality (0.99); Service Quality (0.98)
andin _aja,2025,5,nyaman sekali sarapan nya lezat petugas resto namanya amelia ramah dan santun beliau kasih layanan yang bagus banget menyediakan kopi dengan disertai kalimat semangat untuk melanjutkan hari,KOMPETITOR,Bintang 4,HolidayInnBandungPasteur,positive,0.9988481998443604,Staff Conduct & Hospitality,Staff Conduct & Hospitality (0.99); Service Quality (0.99); Food & Beverage (0.99)
Eneng Sri rahayu,2025,5,nyaman bersih menu sarapannya bervariasi pelayanannya memuaskan terima kasih ka natasya dan ka lia,KOMPETITOR,Bintang 4,HolidayInnBandungPasteur,positive,0.9992918968200684,"Loyalty, Recommendation & Appreciation","Loyalty, Recommendation & Appreciation (0.99); Guest Experience (0.99); Service Quality (0.98)"
Fany Oktaviani,2025,5,Pelayanannya luar biasa menu makanannya bervarian kamarnya juga bersih dan wangi terima kasih buat mba amelia membantu saya di resto saat sarapan,KOMPETITOR,Bintang 4,HolidayInnBandungPasteur,positive,0.9992489218711853,"Cleanliness, Hygiene & Maintenance","Cleanliness, Hygiene & Maintenance (1.00); Service Quality (1.00); Facilities & Amenities (0.99)"
Rochani hani,2025,5,Pelayanan nya oke banget crew dan semua staf hotel ramah parkir juga luwas terbaik,KOMPETITOR,Bintang 4,HolidayInnBandungPasteur,positive,0.9988651275634766,Service Quality,"Service Quality (1.00); Location, Accessibility & Parking (0.99); Staff Conduct & Hospitality (0.99)"
Dini Nur Apipah,2025,5,saya sangat puas menginap di hotel ini saya dilayani oleh mba ramadani kamar bersih nyaman dan wangi pelayanan staf sangat ramah dan cepat tanggap lokasi strategis dekat pusat kota jadi mudah untuk bepergian sarapan bervariasi dan rasanya enak sangat direkomendasikan untuk liburan atau perjalanan bisnis,KOMPETITOR,Bintang 4,HolidayInnBandungPasteur,positive,0.9994582533836365,Service Efficiency & Responsiveness,Service Efficiency & Responsiveness (1.00); Room Quality & Comfort (1.00); Facilities & Amenities (1.00)
Mira Kurniawati,2026,5,Dinner party nya layak banget semua makanannya enak segar bahkan desertnya jg yang terbaik,KOMPETITOR,Bintang 4,HolidayInnBandungPasteur,positive,0.9992780089378357,Food & Beverage,"Food & Beverage (0.97); Loyalty, Recommendation & Appreciation (0.81); Family & Group Friendly (0.81)"
hello queenff,2025,5,Terimakasih liburan iin selalu memberikan pengalaman yang istimewa untuk menginap dan urusan bisnis layanan pertemuan luar biasa makanan enak dan tempat nya nyaman bersih,KOMPETITOR,Bintang 4,HolidayInnBandungPasteur,positive,0.9985734224319458,Service Quality,Service Quality (0.99); Facilities & Amenities (0.99); Guest Experience (0.99)
Sri Yushi yusrini,2025,5,bahagia sekali bisa ada kesempatan bisa menginap di liburan inn pastor petugasnya ramah2 ketemu sama mba nurma sama mba ramadhani kamarnya nyaman bersih fasilitas nya lengkap makananya enak2,KOMPETITOR,Bintang 4,HolidayInnBandungPasteur,positive,0.9994545578956604,Facilities & Amenities,Facilities & Amenities (0.99); Staff Conduct & Hospitality (0.99); Service Quality (0.98)
Franseska Franseska,2025,5,terima kasih mbak lyla sudah bantu saya foto foto foto di lobby letak strategis dari keluar tol pasteur menu sarapan nya enak ada domestik dan internasional cek masuk counternya ramah parkir mobil depan juga tidak buru buru saya bisa cek dulu baru ke kamar anak saya juga beli boneka beruang di tempat oleh oleh waktu sarapan tempat duduk penuh tapi saya bisa duduk sarapan di kafe jadi enak deh habis sarapan langsung bisa ngopi dibuatkan cafe lewat sama barista hehhee berikutnya tinggal di sini lagi,KOMPETITOR,Bintang 4,HolidayInnBandungPasteur,positive,0.9994664788246155,Family & Group Friendly,Family & Group Friendly (0.98); Service Quality (0.95); Service Efficiency & Responsiveness (0.94)
aufaa sezara,2025,5,kamar bersih dan tertata dengan cepat sangat nyaman untuk diri sendiri maupun dengan keluarga sarapan yang disajikan juga okee terima kasih juga untuk teh natasya yang sudah memeberikan pelayanan terbaik,KOMPETITOR,Bintang 4,HolidayInnBandungPasteur,positive,0.9990160465240479,Family & Group Friendly,"Family & Group Friendly (1.00); Cleanliness, Hygiene & Maintenance (1.00); Facilities & Amenities (0.99)"
Glenn Roosland,2025,5,Pelayanan luar biasa ramah dari mba natasya dari sarapan sampai makan malam sangat menyenangkan terimakasih sangat menikmati waktu saya tinggal dan berkegiatan di Holiday Inn Pasteur,KOMPETITOR,Bintang 4,HolidayInnBandungPasteur,positive,0.9988032579421997,Staff Conduct & Hospitality,Staff Conduct & Hospitality (0.99); Service Quality (0.99); Guest Experience (0.97)
Kurnia Baraq,2025,3,Pelayanan baik makanan cukup beragam cara saja sepertinya pihak hotel perlu cek kondisi bantal saya kebagian sudah tipis dan berbulir2 membuat tidur jadi tidak nyaman,KOMPETITOR,Bintang 4,HolidayInnBandungPasteur,negative,0.7404359579086304,Service Quality,Service Quality (0.98); Guest Experience (0.94); Facilities & Amenities (0.91)
Reni Marlina,2025,5,natasya pelayanan ramah kamar bersih menu sarapannya bervariasi recomended banget buat nginep di liburan masuk,KOMPETITOR,Bintang 4,HolidayInnBandungPasteur,positive,0.9995163679122925,Service Quality,"Service Quality (0.99); Cleanliness, Hygiene & Maintenance (0.99); Staff Conduct & Hospitality (0.97)"
Nonik Ariska,2025,5,hotel yang nyaman sarapan lengkap dan pelayanan ramah terimakasih untuk pelayanan stafnya yang ramah dan sangat membantu bahkan ada pelayan yang memberi uang lewat pesan manis saat memulai hari terimakasih neng amelia,KOMPETITOR,Bintang 4,HolidayInnBandungPasteur,positive,0.999161958694458,Staff Conduct & Hospitality,Staff Conduct & Hospitality (0.99); Service Quality (0.99); Facilities & Amenities (0.98)
Emelda Mccarthy Nuh,2025,5,pelayanan sangat ramah dan membantu staf selalu siap menanggapi dengan cepat kamar bersih nyaman dan fasilitas lengkap membuat istirahat jadi lebih tenang lokasinya juga strategis dan mudah menjangkau berbagai tempat di bandung sangat puas menginap di sini pasti akan kembali lagi jika berkunjung ke bandung khusus terima kasih pak rian pak yana mbak natasya mbak miya mbak fabia,KOMPETITOR,Bintang 4,HolidayInnBandungPasteur,positive,0.9995149374008179,Facilities & Amenities,Facilities & Amenities (1.00); Service Efficiency & Responsiveness (0.99); Staff Conduct & Hospitality (0.99)
Mahira K,2025,5,kamar nya bagus layanan nya baik mas dan mbak nya ramah makanan nya di sarapan enak,KOMPETITOR,Bintang 4,HolidayInnBandungPasteur,positive,0.9983585476875305,Facilities & Amenities,Facilities & Amenities (1.00); Guest Experience (0.99); Service Quality (0.99)
T S,2025,5,sarapan banyak varian dan semuanya enak kamar nyaman dan fasilitas lengkap ada setrika dan meja setrika juga terima kasih untuk mba bunga dan natasha,KOMPETITOR,Bintang 4,HolidayInnBandungPasteur,positive,0.9990609288215637,Facilities & Amenities,Facilities & Amenities (1.00); Room Quality & Comfort (0.98); Guest Experience (0.94)
Pokja Pembelajaran,2025,5,makan paginya enak banyak varian pelayanannya oke banget dengan kak ekaria dan staf yang lain oke banget pokoknya ngga nyesel tinggal di holiday inn bandung,KOMPETITOR,Bintang 4,HolidayInnBandungPasteur,positive,0.9995191097259521,Service Quality,Service Quality (0.98); Family & Group Friendly (0.91); Staff Conduct & Hospitality (0.85)
azaliaptraurl,2025,5,hotel yang rekomendasi bgtt kaloo ke bandungg udah berapa kali ke sini tidak pernah ngecewain banget untuk kamar dan pelayanannya untuk adik leysha dari resepsionis jugaa baikk sekali melayani sayaa apresiasi dari saya tetap ramahh yaa,KOMPETITOR,Bintang 4,HolidayInnBandungPasteur,positive,0.9990336894989014,Staff Conduct & Hospitality,Staff Conduct & Hospitality (1.00); Service Quality (0.99); Service Efficiency & Responsiveness (0.99)
Arif Kurniawan,2026,5,Sangat bagus suasana dan ruangannya serta sarapannya beragam dan enak2 nabila,KOMPETITOR,Bintang 4,HolidayInnBandungPasteur,positive,0.9993442893028259,Facilities & Amenities,Facilities & Amenities (1.00); Ambience & Design (0.99); Room Quality & Comfort (0.99)
Slvni Js,2025,5,tempatnya nyaman makanannya enak2 pelayanannya ramah2 baik2 puass pokonyaa hotel liburan inn dibantu dengan kak aiko,KOMPETITOR,Bintang 4,HolidayInnBandungPasteur,positive,0.9995307922363281,Facilities & Amenities,Facilities & Amenities (0.99); Service Quality (0.99); Staff Conduct & Hospitality (0.98)
Villa Geulis,2025,5,menginap 5 hari 4 malam karena tugas kantor hotelnya nyaman pelayanannya juga ramah terutama untuk pak yogie bagiann pelayan untuk sarapan makan siang makan malam menu nya bervariasi,KOMPETITOR,Bintang 4,HolidayInnBandungPasteur,positive,0.999482274055481,Staff Conduct & Hospitality,Staff Conduct & Hospitality (0.99); Facilities & Amenities (0.99); Service Quality (0.98)
taufikraka hidayatmunamin,2025,4,pengalaman menginap di liburan hotel pelayanan baik kamarnya bersih dan terutama lokasinya jg strategis pelayannya ramah dan sangat membantu dengan hersa dan ramadhani,KOMPETITOR,Bintang 4,HolidayInnBandungPasteur,positive,0.9991673231124878,"Cleanliness, Hygiene & Maintenance","Cleanliness, Hygiene & Maintenance (1.00); Facilities & Amenities (1.00); Guest Experience (1.00)"
Melliana Susanto,2025,5,hotelnya bagus dan bersih kamarnya besar dan nyaman disediakan peralatan mandi yang lengkap dan berkualitas hanya saja saat ada banyak acara di hotel room service jadi sedikit lebih lambat tapi secara keseluruhan oke banget dianjurkan,KOMPETITOR,Bintang 4,HolidayInnBandungPasteur,positive,0.9986034035682678,Facilities & Amenities,Facilities & Amenities (0.99); Room Quality & Comfort (0.95); Service Quality (0.93)
Citra Dewi Anita,2025,4,pelayanan sangat memuaskan fasilitas lengkap dan kebersihan terjaga dengan baik lokasinya strategis dan cocok untuk liburan maupun perjalanan bisnis,KOMPETITOR,Bintang 4,HolidayInnBandungPasteur,positive,0.999371349811554,"Cleanliness, Hygiene & Maintenance","Cleanliness, Hygiene & Maintenance (1.00); Facilities & Amenities (1.00); Service Quality (1.00)"
Frank Sinatra Simbolon,2025,5,Sangat menyenangkan menginap di sini kamar bersih pelayanan restoran jg ramah makanan menuunya banyak terutama kpd chef rizal kang teguh atas pelayanan yang memuaskan terimakasih,KOMPETITOR,Bintang 4,HolidayInnBandungPasteur,positive,0.9993419051170349,Service Quality,"Service Quality (1.00); Cleanliness, Hygiene & Maintenance (0.99); Room Quality & Comfort (0.99)"
Rizka Adil,2025,5,Tempat yang bagus untuk pergi ke ruangan yang nyaman pelayanan yang sangat baik dari semua staf yang kami temui resto rapi menu yang lezat ada kak amelia hersa ramadani lia fabya dkk yang ramah dan gesit dalam melayani tamu juga staf housekeeping mr sara dkk yang begitu profesional pengalaman menginap yang sangat menyenangkan terima kasih banyak semoga semakin sukses dan sehat selalu,KOMPETITOR,Bintang 4,HolidayInnBandungPasteur,positive,0.9992908239364624,Staff Conduct & Hospitality,Staff Conduct & Hospitality (1.00); Guest Experience (0.99); Service Quality (0.99)
Azka Khoirun Nisa,2025,5,kamar bersih makanan enak dan bervariatif pegawai ramah toilet umum di lobi atau lantai ballroom pun bersih terima kasih banyak terutama untuk kak vabia dan rekan rekan di daerah restoran terima kasih banyak sangat ramah dan membantu,KOMPETITOR,Bintang 4,HolidayInnBandungPasteur,positive,0.9992033839225769,"Cleanliness, Hygiene & Maintenance","Cleanliness, Hygiene & Maintenance (0.99); Family & Group Friendly (0.99); Facilities & Amenities (0.98)"
Yusuf Abdul Ghany,2025,5,bagus banget hotelnya akunyaman dengan fasilitas apalagi pelayanan yang sangat ramah saat di lobi bersama kak lila yang baik cantik ramah,KOMPETITOR,Bintang 4,HolidayInnBandungPasteur,positive,0.9991820454597473,Facilities & Amenities,Facilities & Amenities (1.00); Staff Conduct & Hospitality (0.99); Service Quality (0.99)
D Satria Putra,2025,5,saya menginap bersama keluarga pada hari Sabtu 5 Juli 2025 di Holiday Inn Bandung Pasteur dan pengalaman kami sangat memuaskan kami membawa anak anak kecil dan hotel ini benar-benar cocok untuk keluarga kamar yang kami tempati sangat bersih dan nyaman memberikan rasa tenang setelah perjalanan panjang staf hotel sangat ramah sigap membantu dan menyambut kami dengan senyum yang tulus sejak proses pemeriksaan masuk salah satu nilai tambah yang sangat kami hargai adalah lokasi hotel yang strategis berada di tengah kota sehingga mudah untuk menjangkau berbagai tempat wisata dan kuliner di bandung selain itu daerah parkirnya luas sangat memudahkan kami yang membawa kendaraan pribadi makanannya juga luar biasa bervariasi dengan pilihan yang ramah,KOMPETITOR,Bintang 4,HolidayInnBandungPasteur,positive,0.9992920160293579,Staff Conduct & Hospitality,Staff Conduct & Hospitality (0.99); Service Quality (0.99); Family & Group Friendly (0.99)
Felicia Valentine (Felliciaiueo),2025,5,tempatnyaa nyamann bangett stafnya nya juga ramah2 sarapannya juga banyak pilihann dan enak semua staf restonya jugaa baik2 pagi ini dilayanin sama kak fabia dan nisa,KOMPETITOR,Bintang 4,HolidayInnBandungPasteur,positive,0.9994410872459412,Facilities & Amenities,Facilities & Amenities (0.98); Staff Conduct & Hospitality (0.98); Service Quality (0.97)
Anggrek Bulan,2025,5,Tim perhotelan bagus banget terutama mbak nurma dari resto mbak megah tim penjualan dan semuanya makanannya enak dan menu varian banyak kamar bersih dan housekeeping sigap terima kasih holiday inn pasteur,KOMPETITOR,Bintang 4,HolidayInnBandungPasteur,positive,0.99944669008255,"Cleanliness, Hygiene & Maintenance","Cleanliness, Hygiene & Maintenance (1.00); Staff Conduct & Hospitality (1.00); Service Efficiency & Responsiveness (1.00)"
Nur Purnamawati,2025,5,Setelah seharian memandu acara sampai sore saya langsung membayangkan istirahat dan nyeruput teh panas setibanya di kamar saya menemukan pesan tertulis tangan yang bikin hati hangat nampaknya staf hotel kang alman paham betul bahwa sudah dua hari ini saya suka bikin teh tubruk sendiri jadi saya diberi udara tambahan minum maaf ya saya sering meninggalkan sampah dan sisa teh di meja terimakasih sukses selalu,KOMPETITOR,Bintang 4,HolidayInnBandungPasteur,positive,0.9782683253288269,Guest Experience,Guest Experience (0.76); Staff Conduct & Hospitality (0.68); Service Quality (0.65)
Nisa Makassau,2025,5,lokasi di pinggir jalan utama turun travel langsung di depan hotel menu sarapan amat beragam kamar bersih dan luas ada arah kiblat di dalam kamar pegawainya ramah ramah mau keluar hotel dikasih roti sama teh amelia terima kasih pisan,KOMPETITOR,Bintang 4,HolidayInnBandungPasteur,positive,0.9995255470275879,Food & Beverage,"Food & Beverage (0.98); Service Quality (0.98); Cleanliness, Hygiene & Maintenance (0.98)"
Putri Nur Zafirah,2025,5,puas banget nginap di hotel ini saat sarapan dilayani sama mba ana ramah sekali dan nyaman kamar bersih dan wangi pelayanan staf nya ramah dan cepat tanggap lokasi strategis dekat pusat kota jadi mudah untuk bepergian sarapan bervariasi dan rasanya enak terimakasih,KOMPETITOR,Bintang 4,HolidayInnBandungPasteur,positive,0.9994457364082336,Facilities & Amenities,Facilities & Amenities (0.99); Service Efficiency & Responsiveness (0.99); Room Quality & Comfort (0.99)
Fetry Andiw,2025,5,kesan pertama saya ketika datang itu di layani dengan ramah layanan yang baik dari para staf yang paling mengesankan itu bisa asik ngobrol dengan staf resto salam buat vabia sehat slalu tunggu saya datang kembali,KOMPETITOR,Bintang 4,HolidayInnBandungPasteur,positive,0.9981069564819336,Service Quality,Service Quality (1.00); Guest Experience (1.00); Staff Conduct & Hospitality (0.99)
Syahrinal M,2025,5,Saya merasakan kenyamanan yang luar biasa di hotel ini kamarnya nersih makanannya enak dan berkualitas dan lokasi ya strategis,KOMPETITOR,Bintang 4,HolidayInnBandungPasteur,positive,0.9993999004364014,Facilities & Amenities,Facilities & Amenities (1.00); Room Quality & Comfort (1.00); Guest Experience (0.99)
Fitriyani Wijayanti,2025,5,tempatnya nyaman menu sarapan juga enak2 terima kasih buat crew yang gercep termasuk kak lia dan timnya,KOMPETITOR,Bintang 4,HolidayInnBandungPasteur,positive,0.9990273714065552,Facilities & Amenities,Facilities & Amenities (0.99); Room Quality & Comfort (0.98); Staff Conduct & Hospitality (0.96)
wafa fauziyya,2025,5,Lokasinya yang dekat sama pintu tol pasteur sangat representatif tempat bermain anak2 tambah kolam renang ya sangat menyenangkan dikelilingi petugas2 yang ramah dan sigap keren banget pokoknya,KOMPETITOR,Bintang 4,HolidayInnBandungPasteur,positive,0.9996034502983093,Facilities & Amenities,Facilities & Amenities (1.00); Staff Conduct & Hospitality (1.00); Service Efficiency & Responsiveness (0.99)
Valentino Indra,2025,5,Magenta resto nya lezat kualitas beda ada semua anda bisa makan promo nya 208 2org mewah bersih dan lengkap,KOMPETITOR,Bintang 4,HolidayInnBandungPasteur,positive,0.9992788434028625,Food & Beverage,"Food & Beverage (0.96); Cleanliness, Hygiene & Maintenance (0.96); Family & Group Friendly (0.91)"
Karina Dwi L,2025,5,makanannya enak dan bervariasi untuk ruang dansa ac nya luar biasa dingin mantap dan vasilitas lainnya juga baik,KOMPETITOR,Bintang 4,HolidayInnBandungPasteur,positive,0.999077558517456,Facilities & Amenities,Facilities & Amenities (0.99); Food & Beverage (0.91); Room Quality & Comfort (0.90)
noviyanti putri,2025,5,Hotel bagus lokasi strategis dkt dengan mall jg pelayanannya mantap makanan enak enak jg makasihh mba nissa untuk latte nya,KOMPETITOR,Bintang 4,HolidayInnBandungPasteur,positive,0.9994574189186096,Service Quality,Service Quality (1.00); Food & Beverage (0.99); Facilities & Amenities (0.98)
Dinar Lovee,2025,5,menginap di sini tuh bener bener nyaman banget kamarnya bersih wangi dan fasilitasnya lengkap staf ramah banget dari cek masuk sampai cek keluar dibikin mudah sarapannya juga enak banyak pilihan jadi tidak ribet kalau mau jalan pokoknya berbaloi banget deh lain kali pasti balik lagi,KOMPETITOR,Bintang 4,HolidayInnBandungPasteur,positive,0.9995039701461792,Facilities & Amenities,Facilities & Amenities (1.00); Staff Conduct & Hospitality (0.99); Service Efficiency & Responsiveness (0.99)
Tuti Mulyati,2025,5,Alhamdulillah makan malam di hotel liburan masuk pastor makanannya enak2x stafnya jg ramah2x pokoknya dianjurkan nga bikin konsumen kapok malah bikin ketagihan buat datang lagi,KOMPETITOR,Bintang 4,HolidayInnBandungPasteur,positive,0.9993491768836975,Staff Conduct & Hospitality,Staff Conduct & Hospitality (0.99); Service Quality (0.99); Service Efficiency & Responsiveness (0.97)
Titis Ari Wibowo,2025,5,fasilitas hotel lengkap hotel ramah anak makananya juga bervariasi hanya saja untuk kamar 1022 ac kurang dingin,KOMPETITOR,Bintang 4,HolidayInnBandungPasteur,positive,0.9956815242767334,Facilities & Amenities,Facilities & Amenities (0.98); Family & Group Friendly (0.86); Service Quality (0.82)
Priska Easter Ferina,2025,5,makanannya di resto enak layanan sangat bagus mantap pokoknya mas miftah baik,KOMPETITOR,Bintang 4,HolidayInnBandungPasteur,positive,0.9991666078567505,Service Quality,Service Quality (1.00); Guest Experience (0.95); Service Efficiency & Responsiveness (0.95)
HLN Puspita,2025,5,hotel masuk kota pelayanannya baik dan ramah sekali selama kami sarapan nyaman sekali menginap di liburaninn pastor terimakasih atas pengalaman yang diberikan teruntuk mba amelia semangat sll kerjanya terimakasih sudah anggotaamai dan membantu kami selama sarapan,KOMPETITOR,Bintang 4,HolidayInnBandungPasteur,positive,0.9991992115974426,Service Quality,Service Quality (1.00); Guest Experience (0.99); Staff Conduct & Hospitality (0.99)
Maudina Purnama,2025,5,kamar nya bagus cepat bersih pelayanan nya yang terbaik untuk makanan di resto banyak banget pilihan nya makanan nya juga enak enak enak terimakasih ka vabian dari f b layanan sangat ramah dan membantu,KOMPETITOR,Bintang 4,HolidayInnBandungPasteur,positive,0.99924635887146,Guest Experience,"Guest Experience (0.99); Cleanliness, Hygiene & Maintenance (0.99); Service Efficiency & Responsiveness (0.99)"
Eneng RS,2025,5,sering menginap di sini tapi baru sekarang memberikan ulasan terimakasih atas pelayanan yang baik makanan sarapan pagi yang enak dan bervariasi pegawai yang baru ramah dan sopan room service nya juga ramah dan sopan penyediaan kamar mandi sangat komplit dan bagus pokoknya puas deh,KOMPETITOR,Bintang 4,HolidayInnBandungPasteur,positive,0.9993313550949097,Service Efficiency & Responsiveness,"Service Efficiency & Responsiveness (1.00); Service Quality (1.00); Cleanliness, Hygiene & Maintenance (1.00)"
Edwin Ng,2025,4,Saya menginap di Holiday Inn Bandung Pasteur secara umum pelayanan staf sangat ramah dan lokasi strategis namun saya ingin memberikan masukan lampu gantung di samping ranjang kamar saya cukup kotor terlihat banyak debu di bagian dalam sehingga kurang nyaman dipandang semoga saya depannya lebih diperhatikan kebersihan detail kamar agar pengalaman menginap bisa lebih sempurna terima kasih,KOMPETITOR,Bintang 4,HolidayInnBandungPasteur,negative,0.9853785037994385,Staff Conduct & Hospitality,Staff Conduct & Hospitality (0.97); Facilities & Amenities (0.95); Service Quality (0.93)
Siska Widiastuti,2025,5,hotelnya bagus tempatnya bersih makanannya enak pelayanannya ramah dari mbak nurma ramadhani tingkatkan lagi ya,KOMPETITOR,Bintang 4,HolidayInnBandungPasteur,positive,0.999464213848114,"Cleanliness, Hygiene & Maintenance","Cleanliness, Hygiene & Maintenance (0.99); Service Quality (0.99); Facilities & Amenities (0.98)"
Willy Bert,2026,5,Pertama kali aku bandung menginap di hotel liburan kaget waktu sarapan ada badut hotel liburan hahahah lucu sangat hiburan untuk anak anak,KOMPETITOR,Bintang 4,HolidayInnBandungPasteur,positive,0.9976525902748108,Guest Experience,Guest Experience (0.83); Food & Beverage (0.74); Cultural & Heritage Experience (0.67)
Yosmansyah Hardjawinata,2025,5,Saya datang menemui teman tamu hotel suasana lobi dan kolam bagus lokasi hotel bagus toilet lobi bersih cuma teras kolam yang dekat kopi lumayan panas perlu ada bayangan yang fleksibel terimakasih,KOMPETITOR,Bintang 4,HolidayInnBandungPasteur,positive,0.9957822561264038,Facilities & Amenities,Facilities & Amenities (1.00); Ambience & Design (0.97); Guest Experience (0.96)
Agandari TV,2025,5,kolam renang buat ank2 kurang besar restorannya menu nya kurang lengkap pelayanannya hersa da ramadhani bae beud ramahh,KOMPETITOR,Bintang 4,HolidayInnBandungPasteur,positive,0.9979932308197021,Facilities & Amenities,Facilities & Amenities (0.97); Service Quality (0.93); Staff Conduct & Hospitality (0.88)
Edy Djunaedi,2025,5,ini kunjungan ke sekian kali kami ke hotel liburan inn yang terbaik dari semua pelayanan kenyamanan fasilitas kamar super lengkap makanan sarapan yang menuunya sangat lengkap bervariasi rasanya enak dan terbaik pelayanan pak sofyan terimakasih untuk minuman jahe yang baru yang menyehatkan sukses selalu untuk semua tim dan hotel liburan inn,KOMPETITOR,Bintang 4,HolidayInnBandungPasteur,positive,0.9991191029548645,Service Quality,Service Quality (1.00); Room Quality & Comfort (0.99); Facilities & Amenities (0.99)
Indah Sari Hastuti,2025,5,Pelayanannya bagus semua petugas2 nya juga ramah makanannya enak2 dan kamar nya juga memadai terima kasih liburan inn,KOMPETITOR,Bintang 4,HolidayInnBandungPasteur,positive,0.9993652701377869,Service Quality,Service Quality (1.00); Facilities & Amenities (0.99); Guest Experience (0.99)
dista Wisnu wati,2025,5,Alhamdulillah selama kegiatan pembekalan dokter magang selama 3 hari di hotel liburan kamar nya nyaman sekali rapi bersih untuk makanan selama 3 hari bermatiatif dan enak dan sarapan di resto nya banyak varian dan pelayanannya baik2 dan ramah oleh mba bunga terimakasih liburan hotel selama 3 hari atas pelayannanya memuaskan,KOMPETITOR,Bintang 4,HolidayInnBandungPasteur,positive,0.9993964433670044,"Cleanliness, Hygiene & Maintenance","Cleanliness, Hygiene & Maintenance (1.00); Service Quality (0.99); Facilities & Amenities (0.99)"
graciella a,2025,5,kamarnya bagus wangi bersih untuk restorannya juga pelayanannya cepat semua stafnya baru ramah dan baik banget terutama kak vabiaa juga buat lokasinya strategis dekat dari stasiun bandung secara keseluruhan semuanya 10 10 dari akuu,KOMPETITOR,Bintang 4,HolidayInnBandungPasteur,positive,0.9994192123413086,Service Efficiency & Responsiveness,"Service Efficiency & Responsiveness (0.99); Facilities & Amenities (0.99); Cleanliness, Hygiene & Maintenance (0.99)"
Ardyan Chandra,2025,5,Pelayanan prima busa jadi tujuan jika berlibur ke bandung lokasi juga strategis dan pilihan makanannya cukup beragam terima kasih juga kak naipa,KOMPETITOR,Bintang 4,HolidayInnBandungPasteur,positive,0.9993160963058472,Service Quality,"Service Quality (1.00); Cleanliness, Hygiene & Maintenance (0.97); Guest Experience (0.97)"
Angel Triana Aprilian,2026,5,best banget fasilitas nya sangat memuaskan apa lg staf ka lylaa baik banget super rendah hati,KOMPETITOR,Bintang 4,HolidayInnBandungPasteur,positive,0.9992121458053589,Service Quality,Service Quality (1.00); Facilities & Amenities (1.00); Guest Experience (0.99)
Asep Lesmana,2025,5,Pelayanan nya oke cukup menarik dan nyaman jika lagi ke bandung staffnya ramah2 juga hotel terbaik di bandung si ini terima kasih kak lila,KOMPETITOR,Bintang 4,HolidayInnBandungPasteur,positive,0.9993582367897034,Service Quality,Service Quality (0.99); Staff Conduct & Hospitality (0.99); Facilities & Amenities (0.98)
Embo Embe,2025,5,hotelnya bagus banget pertemuan enak ada area merokok di loby kebingungan saya bantu dengan kak lyla yang ramah baik hati sebagai kantor depan terima kasih,KOMPETITOR,Bintang 4,HolidayInnBandungPasteur,positive,0.9992731213569641,Facilities & Amenities,Facilities & Amenities (0.97); Staff Conduct & Hospitality (0.97); Service Quality (0.96)
Chatarina Keraf,2025,5,Sangat tersentuh dengan layanan yang diberikan oleh adek nurma penuh perhatian tidak ada wajah kesal atau bosan dan sangat luar biasa dalam melayani padahal saya cukup cerewet minta tolong macam2,KOMPETITOR,Bintang 4,HolidayInnBandungPasteur,positive,0.9939286708831787,Service Quality,Service Quality (1.00); Service Efficiency & Responsiveness (0.99); Guest Experience (0.99)
ujianti purnamaningsih,2025,5,sangat menyenangkan sarapan enak banyak variannya pelayanan bagus ramah terima kasih mbak harsa,KOMPETITOR,Bintang 4,HolidayInnBandungPasteur,positive,0.9991970658302307,Service Quality,Service Quality (0.99); Guest Experience (0.97); Food & Beverage (0.92)
Nuranisa Sukma,2025,5,kamar bersih nyaman layanan semua karyawannya ramah murah senyum membantu terima kasih banyak mbak nissa dan ramadhani lokasi strategis,KOMPETITOR,Bintang 4,HolidayInnBandungPasteur,positive,0.999241828918457,Room Quality & Comfort,"Room Quality & Comfort (1.00); Facilities & Amenities (1.00); Cleanliness, Hygiene & Maintenance (0.99)"
Fredericha Alexandra,2025,5,hotel secara keseluruhan keren lokasi strategis sekali dipinggir jalan utama pasteur banyak jajanan oleh2 dan alat transportasi hanya selangkah pelayanan semua sangat memuaskan dari datang sampai pulang kamar bersih lengkap makanan sangat banyak variasi dan enak2 lho saya sangat merekomendasikan hotel ini dan akan menginap kembali ke sini jika ke bandung terima kasih liburan inn pasteur bandung,KOMPETITOR,Bintang 4,HolidayInnBandungPasteur,positive,0.9995517134666443,Facilities & Amenities,"Facilities & Amenities (1.00); Location, Accessibility & Parking (1.00); Service Efficiency & Responsiveness (0.99)"
Ryan Aditya,2026,5,terima kasih atas pelayanannya yang sangat ramah dan membantu makanannya juga enak enak banyak pilihan juga,KOMPETITOR,Bintang 4,HolidayInnBandungPasteur,positive,0.995735764503479,Guest Experience,Guest Experience (1.00); Service Quality (1.00); Staff Conduct & Hospitality (0.99)
Ruth Hanna Aurellia Rahma,2025,5,kamarnya super nyaman makanannya enak enak tempatnya okee bangett buat liburan bersama keluarga,KOMPETITOR,Bintang 4,HolidayInnBandungPasteur,positive,0.9993625283241272,Room Quality & Comfort,Room Quality & Comfort (0.99); Facilities & Amenities (0.99); Family & Group Friendly (0.98)
Sepan Zahirah,2025,1,sudah titip kartu di lobi tapi dibilang tidak ada padahal sudah menyebutkan nomor kamar dan nama yang menginap sudah setengah 12 malam tidak diberi akses pelayanan buruk sekali tidak teliti dan tidak peduli pada pelanggan sudah ke atas disuruh ke lobi kembali seharusnya sadar ya sayang sekali tidak bisa di kasih kurang dari bintang 1,KOMPETITOR,Bintang 4,HolidayInnBandungPasteur,negative,0.999061644077301,Guest Experience,Guest Experience (0.37); Check in/out Experience (0.36); Management & Policy Issues (0.33)
Siti Rahma,2026,5,sarapannya banyak macam dan enak 2 kamar bersih dan nyaman akan kembali,KOMPETITOR,Bintang 4,HolidayInnBandungPasteur,positive,0.9993579983711243,Food & Beverage,Food & Beverage (0.99); Room Quality & Comfort (0.98); Facilities & Amenities (0.97)
Anita Sri Rahayu,2025,5,Pelayanan yang bagus dan fasilitasnya nya sangat memuaskan apalagi makanan nya sangat enak terutama pelayanan dari kaka cantik ka bunga dan ka natasya,KOMPETITOR,Bintang 4,HolidayInnBandungPasteur,positive,0.9991686344146729,Facilities & Amenities,Facilities & Amenities (1.00); Service Quality (1.00); Guest Experience (0.98)
Andhini Prasetya Wurdiyantika,2025,5,pengalaman menyenangkan untuk ditempatkan strategis diservis dengan mba medina yang ramah membantu di resto semoga ada kesempatan bisa kembali lg menginap di holiday inn pasteur rekomendasikan hotel,KOMPETITOR,Bintang 4,HolidayInnBandungPasteur,positive,0.9989582300186157,Staff Conduct & Hospitality,Staff Conduct & Hospitality (1.00); Service Quality (0.99); Guest Experience (0.98)
Ita Wita,2025,5,Pelayanan yang sangat ramah penyajian menu bervariasi kamarnya nyaman pokonya ter terbaik deh juga pelayan nya super ramah dan full service atas nama yogi,KOMPETITOR,Bintang 4,HolidayInnBandungPasteur,positive,0.9993570446968079,Service Quality,Service Quality (0.99); Room Quality & Comfort (0.99); Facilities & Amenities (0.99)
Lina Karlina,2025,5,lokasi strategis dekat dengan gerbang tol pasteur kamar oke pelayanan oke varian sarapan nya banyak banget staf ramah2 sehingga menambah kenyamanan kami satu lagi wifi lancar buanget dianjurkan,KOMPETITOR,Bintang 4,HolidayInnBandungPasteur,positive,0.9995812773704529,Facilities & Amenities,Facilities & Amenities (0.99); Service Quality (0.99); Staff Conduct & Hospitality (0.98)
Welly Kwang,2025,5,seru sih hotel nya sarapan nya juga banyak banget pilihan menuunya saat sarapan pelayanan nya bagus banget semua staf nya asik bisa diajak ngobrol kita datang langsung diperbaiki aku posisi dibantu sama kak natasha sama kak haekal,KOMPETITOR,Bintang 4,HolidayInnBandungPasteur,positive,0.9988154172897339,Service Quality,Service Quality (0.98); Facilities & Amenities (0.93); Guest Experience (0.89)
acaa,2025,5,pengalaman menginap di Holiday Inn Bandung sangat menyenangkan pelayanan staf ramah apalagi dengan mba alifa yang membantu saya mengisi review fasilitas hotel lengkap kamar bersih dan nyaman lokasi strategis sehingga mudah untuk menjangkau pusat kota maupun tempat wisata sarapan juga variatif dan enak sangat direkomendasikan untuk liburan,KOMPETITOR,Bintang 4,HolidayInnBandungPasteur,positive,0.999539852142334,Staff Conduct & Hospitality,Staff Conduct & Hospitality (1.00); Facilities & Amenities (1.00); Service Quality (1.00)
Tita Wulansari,2025,5,beberapa kali di tempat ini acara bgn 4 kenekop 5 hari kamar premium nyaman sekali untuk layanan juga sangat baik dengan bu amelia fo responsif u resto dari sisi buffet untuk rasa nalebih di tingkatkan,KOMPETITOR,Bintang 4,HolidayInnBandungPasteur,positive,0.999308705329895,Service Quality,Service Quality (0.99); Service Efficiency & Responsiveness (0.99); Staff Conduct & Hospitality (0.99)
Rosyita Rachmawati,2026,5,makanannya cukup banyak setiap hari dan rasanya jg saat pelayanannya juga ramah,KOMPETITOR,Bintang 4,HolidayInnBandungPasteur,positive,0.9989308714866638,Service Quality,Service Quality (0.98); Service Efficiency & Responsiveness (0.97); Family & Group Friendly (0.97)
Misla Tarmina,2025,5,kamar nyaman banget bersih makanannya enak2 petugas nya ramah banget di bantu foto di di tawari makanan khas bandung sama teh saya pelayanan yang luar biasa di hotel ini,KOMPETITOR,Bintang 4,HolidayInnBandungPasteur,positive,0.9993294477462769,Service Quality,Service Quality (0.99); Facilities & Amenities (0.99); Room Quality & Comfort (0.98)
Saheba Tun Jamila,2025,5,Suka banget untuk semua pelayanan dan fasilitasnya ada tempat utama buat anak anak jadi anak bahagia bisa sambil utama sarapannya sih terbaik 3 malem disini tidak bosen karna banyak menuunya dan semua yu bisa pastinyaa,KOMPETITOR,Bintang 4,HolidayInnBandungPasteur,positive,0.9995179176330566,Facilities & Amenities,Facilities & Amenities (1.00); Guest Experience (0.99); Service Quality (0.95)
Ardha Mahardhika,2025,5,kualitas kamar dan layanan hotel yang selalu memuaskan dari liburan inn dimanapun lokasi agak jauh dari pusat kota namun mudah dijangkau kendaraan pribadi maupun kendaraan umum sering macet ketika jam sore tepat di depan hotel ke arah dbotanica tim housekeeping bekerja cepat dan rapi membersihkan kamar setiap hari terutama ferlita dan cecep yang selalu memastikan suhu kamar saya tetap dingin dan nyaman ketika pertama kali masuk kamar setelah beraktifitas di luar ruangan untuk menu makanan di resto selalu lengkap dan baru variasi menu yang menarik selama mencoba nilai menginap tambah untuk lia yang selalu menawarkan kopi untuk menjelang sarapan pagi di pagi hari,KOMPETITOR,Bintang 4,HolidayInnBandungPasteur,positive,0.9989797472953796,Facilities & Amenities,Facilities & Amenities (1.00); Service Quality (1.00); Staff Conduct & Hospitality (1.00)
Oty Leo,2025,5,Terimakasih banyak untuk pelayanan yang ramah makanan nya enak semuanya sudah beberapa kali makan disini selalu puas arisan pun meskipun banyak anggota tetap keren pelayanannya,KOMPETITOR,Bintang 4,HolidayInnBandungPasteur,positive,0.9985925555229187,Service Quality,Service Quality (1.00); Guest Experience (0.98); Family & Group Friendly (0.96)
Rafli,2025,5,pengalaman menginap di Holiday Inn Bandung sangat menyenangkan pelayanan staf ramah dengan di bantu oleh kak alifa fasilitas hotel lengkap kamar bersih dan lokasi strategis sehingga mudah untuk menjangkau pusat kota maupun tempat wisata sarapan juga variatif dan enak sangat direkomendasikan untuk liburan,KOMPETITOR,Bintang 4,HolidayInnBandungPasteur,positive,0.9995928406715393,Facilities & Amenities,Facilities & Amenities (1.00); Staff Conduct & Hospitality (0.99); Service Quality (0.99)
baby Rachell,2026,5,sejauh ini baik karena saya sudah di sini 2x dan 22 nya benar benar mengesankan dri pelayanan fasilitas dan yang adaa disini,KOMPETITOR,Bintang 4,HolidayInnBandungPasteur,positive,0.9975020289421082,Service Quality,Service Quality (0.99); Facilities & Amenities (0.99); Guest Experience (0.94)
Yoga prambudi,2025,5,hotelnya bersih makanannya enak apa lagi saat sarapan pagi di suguhin terus sama mas akbar keren mas lanjutkan,KOMPETITOR,Bintang 4,HolidayInnBandungPasteur,positive,0.9991975426673889,Service Quality,"Service Quality (0.99); Cleanliness, Hygiene & Maintenance (0.99); Guest Experience (0.94)"
Arfira Puspitadewi,2025,5,kamar bersih pelayanan bagus makanan enak dan pilihan banyak terus ditingkatkan y pelayanannyaa terimakasih cc kak bunga n kak natasya,KOMPETITOR,Bintang 4,HolidayInnBandungPasteur,positive,0.9993519186973572,Service Quality,"Service Quality (0.99); Cleanliness, Hygiene & Maintenance (0.98); Room Quality & Comfort (0.98)"
Bambang Utomo,2025,5,Maaf baru sempat review tinggal 2 malem dalam rangka partisipasi di acara nya ace jabar room service dan sarapan sangat baik,KOMPETITOR,Bintang 4,HolidayInnBandungPasteur,positive,0.9968873858451843,Service Quality,Service Quality (0.93); Food & Beverage (0.85); Check in/out Experience (0.75)
Senja Bahagia Mandiri,2025,5,luar biasa pelayanan dari hotel holiday inn sangat baik dan responsif dalam mensupport event kami terima kasih banyak untuk tim banquet tim engineering dan juga buat mas akbar yang sudah memberikan pelayanan yang ramah dan sigap cekatan kepada kami terima kasih sukses selalu untuk liburan inn bandung pasteur,KOMPETITOR,Bintang 4,HolidayInnBandungPasteur,positive,0.998855710029602,Staff Conduct & Hospitality,Staff Conduct & Hospitality (1.00); Service Efficiency & Responsiveness (1.00); Service Quality (0.99)
egy elisya,2025,5,menikmati sangat sarapan di liburan masuk aku sukak banget deh sama smua pelayanan nya baik2 banget tidak pagi atau mlm smua sama kaka2 nya baik2 banget terima kasih banyak terutama ka amelia dan rekan2 nya yang lupa ku tanya namanya terima kasih yah sudah baik sekali mau di repotin sukses terus ya,KOMPETITOR,Bintang 4,HolidayInnBandungPasteur,positive,0.9990624785423279,Service Quality,Service Quality (0.99); Family & Group Friendly (0.98); Service Efficiency & Responsiveness (0.93)
Cella Guildea,2025,5,pilihan sarapan nya banyak enak2 semua sebagian besar ramah staf tempat bersih nyaman dianjurkan,KOMPETITOR,Bintang 4,HolidayInnBandungPasteur,positive,0.9993250370025635,Food & Beverage,"Food & Beverage (0.99); Cleanliness, Hygiene & Maintenance (0.99); Service Quality (0.99)"
Wahyu Dewanto,2025,5,sepertinya sudah waktunya untuk di sisajakan fasilitas di kamar harus di perbaharui atau diperbaiki kran wastafel dan kran udara panas perlu diperbaiki makanan ikan asin terlalu asin sudha disampaikan ke sdr ulwan reapinse cukup baik,KOMPETITOR,Bintang 4,HolidayInnBandungPasteur,positive,0.8202455043792725,Facilities & Amenities,"Facilities & Amenities (0.99); Service Quality (0.87); Cleanliness, Hygiene & Maintenance (0.87)"
4B_AYUTIA YASMIN,2026,5,Perhotelan nya sangat baik terutama teh lyla sarapan nya enak banget dan kolam renang nya juga bersih,KOMPETITOR,Bintang 4,HolidayInnBandungPasteur,positive,0.9990450739860535,Service Quality,Service Quality (1.00); Facilities & Amenities (1.00); Food & Beverage (1.00)
Rahmatullah Barkat,2025,5,kali kedua nginap di holiday inn salah satu hotel favorit jika perjalanan ke kota besar pelayanannya oke stafnya ramah dan membantu makanannya beragam dan enak,KOMPETITOR,Bintang 4,HolidayInnBandungPasteur,positive,0.999377429485321,Service Quality,Service Quality (1.00); Staff Conduct & Hospitality (0.99); Service Efficiency & Responsiveness (0.96)
Shafa Adha Zhafira,2025,5,Pelayanannya ramah kamarnya rapih dan mulai cuma pada setikaan ada noda kepanasan jadi menempel pada baju saya,KOMPETITOR,Bintang 4,HolidayInnBandungPasteur,positive,0.9328950047492981,Service Quality,Service Quality (0.98); Guest Experience (0.98); Facilities & Amenities (0.98)
Khofii Suwanditya,2025,5,makanannya enak2 banyak variasi pilihannya banyak kamarnya luas sudah lengkap juga ada setrika pengering rambutnyaa,KOMPETITOR,Bintang 4,HolidayInnBandungPasteur,positive,0.9994957447052002,Facilities & Amenities,Facilities & Amenities (0.99); Family & Group Friendly (0.80); Service Efficiency & Responsiveness (0.80)
Iyas ilyasa,2025,5,pelayanan ramah makanan nya enakk kamar nyaa juga luas serta bersih,KOMPETITOR,Bintang 4,HolidayInnBandungPasteur,positive,0.9995083808898926,"Cleanliness, Hygiene & Maintenance","Cleanliness, Hygiene & Maintenance (1.00); Facilities & Amenities (0.99); Service Quality (0.99)"
shofa ny,2025,5,minggu kemarin keluarga saya menginap dan sarapan di hotel hotel liburan inn untuk kualitas serta fasilitas kamar dan pelayanan yang diberikan sangat nyaman juga ketika sarapan mendapatkan pelayanan yang terbaik dari salah satu karyawan bernama heri pangestu mantap,KOMPETITOR,Bintang 4,HolidayInnBandungPasteur,positive,0.9990159273147583,Room Quality & Comfort,Room Quality & Comfort (1.00); Facilities & Amenities (1.00); Service Quality (1.00)
nadya jondri,2026,5,hotel bersih nyaman petugasnya ramah makanannya bervariasi dan enak semuanya,KOMPETITOR,Bintang 4,HolidayInnBandungPasteur,positive,0.9993060827255249,Facilities & Amenities,"Facilities & Amenities (0.99); Cleanliness, Hygiene & Maintenance (0.98); Service Quality (0.97)"
Kezia Elizabeth,2026,5,fasilitas dan pelayanan terutama ka lila sangat baik dan bagus sangat nyaman untuk menginap di sini,KOMPETITOR,Bintang 4,HolidayInnBandungPasteur,positive,0.9985054731369019,Facilities & Amenities,Facilities & Amenities (1.00); Room Quality & Comfort (1.00); Service Quality (0.99)
Nurhayati Dewanto,2025,4,makanan nya sudah bervariatif tapi rasanya kurang makjos setiap hari menu nya nya sama saja jadi agak bosan untuk kamar nya karena hotel lama jadi agak jadul secara keseluruhan tidak buruk lah,KOMPETITOR,Bintang 4,HolidayInnBandungPasteur,positive,0.6276355981826782,Service Quality,Service Quality (0.58); Food & Beverage (0.41); Guest Experience (0.29)
Mirayana Bangun,2025,5,Secara keseluruhan semuanya baik saya menginap 4 malam hari terakhir saat itu saya lagi sedih banget pelayanan teteh amelia dan bapak sofyan sangat baik memberikan minuman hangat dan sehat benar melayani sepenuh hati terima kasih,KOMPETITOR,Bintang 4,HolidayInnBandungPasteur,positive,0.9962379932403564,Staff Conduct & Hospitality,Staff Conduct & Hospitality (0.98); Guest Experience (0.98); Service Quality (0.96)
jason tanu wijaya,2026,5,untuk pelayanan restoran cukup baik pelayanan ramah variasi makanan cukup lengkap,KOMPETITOR,Bintang 4,HolidayInnBandungPasteur,positive,0.9984384179115295,Service Quality,Service Quality (1.00); Staff Conduct & Hospitality (0.92); Service Efficiency & Responsiveness (0.92)
Prakarsa Teknik,2025,5,makanan enak komplit kamar bersih luas nyaman pelayanan ramah pelayanan mba natasha dan hersa ramah dan baik,KOMPETITOR,Bintang 4,HolidayInnBandungPasteur,positive,0.999422550201416,Facilities & Amenities,Facilities & Amenities (1.00); Staff Conduct & Hospitality (0.99); Guest Experience (0.99)
Mayang Putri utami,2026,5,Untuk pelayanan nya oke banget dan sarapan nya banyak sekali menu nya,KOMPETITOR,Bintang 4,HolidayInnBandungPasteur,positive,0.997399091720581,Service Quality,Service Quality (1.00); Facilities & Amenities (0.96); Guest Experience (0.96)
ferdian nizaar,2025,5,menyenangkan sekali dan sangat puas menginap di liburan hotel makanannya enak enak pelayanannya juga ramah waktu itu kebetulan dilayani oleh kak lia,KOMPETITOR,Bintang 4,HolidayInnBandungPasteur,positive,0.9994481205940247,Staff Conduct & Hospitality,Staff Conduct & Hospitality (0.98); Service Quality (0.97); Facilities & Amenities (0.96)
drwrlaaa 111,2025,5,pengalaman ke sini itu menyenangkan karena pelayanannya baik ramah dan cepat respon disini juga makananannya enak enak pokoknya tidak akan kapok terutama ada kak amelia yang super duper baikk,KOMPETITOR,Bintang 4,HolidayInnBandungPasteur,positive,0.9992456436157227,Service Efficiency & Responsiveness,Service Efficiency & Responsiveness (1.00); Service Quality (0.99); Guest Experience (0.99)
G and game,2025,5,lokasi strategis kamar sederhana bersih dipinjamkan sajadah dan sarung untuk salat sarapan cukup bervariasi dan ada makanan tradisional staf hazel ramah dan tangap,KOMPETITOR,Bintang 4,HolidayInnBandungPasteur,positive,0.9991832375526428,Facilities & Amenities,"Facilities & Amenities (1.00); Guest Experience (0.98); Cleanliness, Hygiene & Maintenance (0.97)"
Wijaya Rusly,2025,5,Perlayanan vabia sangat memuaskan makanan ramah dsini beraneka ragam dan sangat enak respon baik dari tim hotel liburan penginapan,KOMPETITOR,Bintang 4,HolidayInnBandungPasteur,positive,0.9993964433670044,Service Quality,Service Quality (1.00); Staff Conduct & Hospitality (0.99); Food & Beverage (0.99)
Rosyda Nur Afifah,2025,5,nyaman banget makanannya enak pelayanannya ramah banget apalagi kak bunga sama kak nurma bintang 5 yahh,KOMPETITOR,Bintang 4,HolidayInnBandungPasteur,positive,0.9993131160736084,Facilities & Amenities,Facilities & Amenities (0.98); Service Quality (0.97); Guest Experience (0.97)
Yuangga Dharma,2025,5,semuanya enak kamarnya enak kasurnya enak toiletnya lengkap ada setrika dan pengering rambut di kamar makanan di restoranannya enak enak pelayanannya pun enak terima kasih mas shaky untuk layanan Anda lokasinya dekat sama titik turun perjalanan,KOMPETITOR,Bintang 4,HolidayInnBandungPasteur,positive,0.9994577765464783,Facilities & Amenities,Facilities & Amenities (1.00); Room Quality & Comfort (0.98); Guest Experience (0.97)
Mila Wulandari,2025,5,kamarnya oke makan siang di sini semua menu enak enak lengkap lokasi strategis semua staf ramah cekatan,KOMPETITOR,Bintang 4,HolidayInnBandungPasteur,positive,0.999016284942627,Staff Conduct & Hospitality,Staff Conduct & Hospitality (0.99); Food & Beverage (0.99); Facilities & Amenities (0.99)
Alexander Ahmad,2025,5,ramah dan nyaman smua pelayanan rekomendit sarapan nya smua nya lengkap keluarga bahagia,KOMPETITOR,Bintang 4,HolidayInnBandungPasteur,positive,0.9994425177574158,Facilities & Amenities,Facilities & Amenities (0.99); Staff Conduct & Hospitality (0.98); Service Quality (0.97)
Yanti Desyanti,2025,5,kamarnya bersih makanannya enak enak dan bervariasi banyak pilihan pelayanan bagus ramah cepat lokasi strategis,KOMPETITOR,Bintang 4,HolidayInnBandungPasteur,positive,0.9994043111801147,Service Quality,Service Quality (1.00); Food & Beverage (1.00); Service Efficiency & Responsiveness (0.99)
Dea Falah,2025,5,kamarnya oke bersih fasilitas lengkap sarapan paginya terbhaique kopi cangkir nya bisa di ambil dan enak terima kasih mba vabia gemes banget hadiahnya,KOMPETITOR,Bintang 4,HolidayInnBandungPasteur,positive,0.9993804693222046,Facilities & Amenities,"Facilities & Amenities (0.99); Cleanliness, Hygiene & Maintenance (0.98); Room Quality & Comfort (0.95)"
silvia yudha prastika,2025,5,kamarnya nyaman bersih fasilitasnya lengkap ada setrika dan meja stletrika juga ramah pelayanannya makanannya lumayan,KOMPETITOR,Bintang 4,HolidayInnBandungPasteur,positive,0.9993659853935242,Facilities & Amenities,"Facilities & Amenities (1.00); Room Quality & Comfort (0.97); Cleanliness, Hygiene & Maintenance (0.96)"
angga prtma,2025,5,pengalaman saya menginap di hotel liburan sangat luar biasa kamarnya cukup nyaman pelayanan nya juga terbaik terutama staf naipa,KOMPETITOR,Bintang 4,HolidayInnBandungPasteur,positive,0.9990859031677246,Room Quality & Comfort,Room Quality & Comfort (0.99); Service Quality (0.99); Facilities & Amenities (0.97)
Davin Jilies,2025,5,kamarnya bersih wangi dan nyaman sarapannya juga banyak pilihan dan enak2 pelayananenya juga sangat baik saya dibantu oleh kak hersa,KOMPETITOR,Bintang 4,HolidayInnBandungPasteur,positive,0.9993525147438049,Room Quality & Comfort,"Room Quality & Comfort (0.99); Facilities & Amenities (0.99); Cleanliness, Hygiene & Maintenance (0.99)"
Rudy Hartono,2025,5,Saya kira hotel lama kurang berharap banyak ternyata diluar perkiraan hotel nyaman terawat kamar kedap suara udara panas lancar selamat minum enak minuman nya tempat gym luas lengkap sarapan beragam serta cukup nikmat atas dech pokoknya,KOMPETITOR,Bintang 4,HolidayInnBandungPasteur,positive,0.9994496703147888,Facilities & Amenities,"Facilities & Amenities (0.98); Cleanliness, Hygiene & Maintenance (0.98); Food & Beverage (0.95)"
Nurani Citralestari,2025,5,hotelnya nyaman banget sarapan byk menu anak2 suka pelayanan dari kak vabia dan ramadhani baik banget,KOMPETITOR,Bintang 4,HolidayInnBandungPasteur,positive,0.9995276927947998,Service Quality,Service Quality (0.98); Guest Experience (0.97); Facilities & Amenities (0.97)
Wahyu Purwanto,2025,5,Pelayanan hotel sangat bagus untuk staf resto fnb layanan haikal pertahankan layanan prima nya sukses selalu ya,KOMPETITOR,Bintang 4,HolidayInnBandungPasteur,positive,0.9993252754211426,Service Quality,Service Quality (1.00); Food & Beverage (0.99); Religious & Halal Features (0.99)
salon kaka,2025,5,Pelayanan terbaik nya sarapan nya di bantu ama kaka amelia semua gercep buat pelayanan kamarnya nyaman dan knyak sabun sampo kondisioner bermerek lotion juga ada bakal ksni lg,KOMPETITOR,Bintang 4,HolidayInnBandungPasteur,positive,0.9981299042701721,Service Quality,Service Quality (1.00); Facilities & Amenities (0.99); Guest Experience (0.98)
Muhammad Raihan,2025,5,kamarnya oke makanannya juga enak ka bunga dan ka hersa sangat membantu saya saat sarapan terimaksih,KOMPETITOR,Bintang 4,HolidayInnBandungPasteur,positive,0.9988558292388916,Facilities & Amenities,Facilities & Amenities (0.99); Room Quality & Comfort (0.99); Guest Experience (0.98)
srie murni,2025,5,menu nya cukup enak sesuai selera lauknya bervariasi jg ada buah2an potong puding dan es berubah yang segar dianjurkan untuk bisa siang bersama teman2,KOMPETITOR,Bintang 4,HolidayInnBandungPasteur,positive,0.9979376792907715,Food & Beverage,"Food & Beverage (0.93); Family & Group Friendly (0.90); Loyalty, Recommendation & Appreciation (0.55)"
Cecep Ismawan,2025,5,hotel sgt luas lega kamar bersih makanan enak2 banyak menu baru makan malam ditambah menu barbek mantabb pelayanan ramah paripurna cc miss medina,KOMPETITOR,Bintang 4,HolidayInnBandungPasteur,positive,0.999451220035553,Facilities & Amenities,Facilities & Amenities (1.00); Service Quality (0.99); Room Quality & Comfort (0.98)
Arinto Dananjaya,2025,5,fasilitas lengkap pelayanan cepat parkir luas makanan sangat bervariasi dan enak terima kasih atas bantuan pelayanannya dengan teh lyla,KOMPETITOR,Bintang 4,HolidayInnBandungPasteur,positive,0.9994070529937744,Facilities & Amenities,"Facilities & Amenities (1.00); Location, Accessibility & Parking (0.99); Service Efficiency & Responsiveness (0.99)"
aurora haq,2025,5,Pelayanannya oke sarapan enak lokasi strategis dekat jalan besar dan mudah ditemukan tidak jauh dari tol,KOMPETITOR,Bintang 4,HolidayInnBandungPasteur,positive,0.9993069171905518,Service Quality,Service Quality (1.00); Facilities & Amenities (1.00); Guest Experience (0.99)
Diva Melati Sukma,2025,5,kamar oke sarapan oke sedikit sarah susu dua bulan lebih bagus deh soalnya dia bagus buat usus cocok untuk sarapan,KOMPETITOR,Bintang 4,HolidayInnBandungPasteur,positive,0.9722895622253418,Room Quality & Comfort,Room Quality & Comfort (0.97); Facilities & Amenities (0.97); Guest Experience (0.96)
Teddi Afriansyah,2025,5,Dear semua tim hollyday masuk walaupun saya akan memberikan bintang 5 tapi untuk menu sarapan mungkin bisa di variasikan menu tradisional Indonesia sukses selalu dan tetap semangat jangan lupa bahagia salam dari tanah sumatera,KOMPETITOR,Bintang 4,HolidayInnBandungPasteur,positive,0.9900047183036804,"Loyalty, Recommendation & Appreciation","Loyalty, Recommendation & Appreciation (0.93); Family & Group Friendly (0.88); Cultural & Heritage Experience (0.87)"
Yasmin Owv,2025,5,pelayanan yang di berikan sangat baik resepsionis yang ramah disana saya juga di bantu oleh kaka salwa yang memberika pelayanan yang ramah dan cepat tanggap kamar hotel nya juga bersih dan rapih tidak ada seranga atau noda di sprei kasur atau bantal,KOMPETITOR,Bintang 4,HolidayInnBandungPasteur,positive,0.9989452958106995,Service Efficiency & Responsiveness,"Service Efficiency & Responsiveness (1.00); Cleanliness, Hygiene & Maintenance (1.00); Service Quality (0.99)"
Enditha Septia Ruviani,2025,5,makanannya enak bangett pelayanannya superr duper bintang 5 apalagii kak ramadhani dan kak nurma bestt pol pertahankan yah pelayanannya,KOMPETITOR,Bintang 4,HolidayInnBandungPasteur,positive,0.9993195533752441,Service Quality,"Service Quality (0.98); Guest Experience (0.89); Loyalty, Recommendation & Appreciation (0.88)"
Tina Lestari,2025,5,pengalaman menginap bersama keluarga yang menyenangkan dari proses cek masuk nya yang mudah mendapatkan upgrade gratis ke kamar premium dan tiket gratis trans studio trima kasih variasi makanan sarapannya banyak sekali untuk kamar di lantai premium kebersihannya baik cukup luas namun kurang sja tidak semua kamar tersedia netflix hotel yang cukup anak-anak ramah dan ada akses bagi pengguna kursi roda juga untuk makan malam kami memesan menu a la carte dan semua masakannya enak dengan porsi dewasa namun hanya waktu penyajiannya cukup lama tapi layanan dari pak brian sangat baik ramah murah tersenyum dan cepat menanggapi pesanan kami trims pa brian terima kasih bu sabila dan pa saki sudah menawarkan,KOMPETITOR,Bintang 4,HolidayInnBandungPasteur,positive,0.9991446733474731,Family & Group Friendly,Family & Group Friendly (0.99); Check in/out Experience (0.99); Service Quality (0.99)
Ikbal SBM,2025,5,sarapannya lengkap sampai makanan tradisional juga ada enak enak semuanya terima kasih banyak mas akbar sudah memberikan layanan terbaik selama sarapan kami,KOMPETITOR,Bintang 4,HolidayInnBandungPasteur,positive,0.9992697834968567,Service Quality,Service Quality (0.99); Guest Experience (0.96); Food & Beverage (0.92)
Agri Primasari,2026,4,hotelnya nyaman untuk keluarga banyak kegiatan untuk anak anak pelayananannya bagus,KOMPETITOR,Bintang 4,HolidayInnBandungPasteur,positive,0.9994280934333801,Service Quality,Service Quality (1.00); Guest Experience (0.99); Facilities & Amenities (0.99)
Renny Puspahayati,2025,5,pelayanan ramah hotel bersih makanan enak terutama mbak natasha dan mbak hersa top banget pelayanan nya,KOMPETITOR,Bintang 4,HolidayInnBandungPasteur,positive,0.9995244741439819,Service Quality,"Service Quality (0.99); Staff Conduct & Hospitality (0.96); Cleanliness, Hygiene & Maintenance (0.95)"
Hanifah Allana lyra,2025,5,tempatnya nyaman dan karyawan nya juga pada ramah untuk sarapan oke banget macem macam jenisnya dan rasanya enak enak pelayanan nya juga bagus sekali terimakasih untuk mba karina atas pelayanannya,KOMPETITOR,Bintang 4,HolidayInnBandungPasteur,positive,0.9994937181472778,Facilities & Amenities,Facilities & Amenities (0.99); Staff Conduct & Hospitality (0.97); Service Quality (0.96)
Gesti Rabila,2025,5,sarapannya enak dan banyak pilihan pelayanan kak bunga bagus ramah dan sopan terima kasih untuk pengalaman menyenangkannya,KOMPETITOR,Bintang 4,HolidayInnBandungPasteur,positive,0.9992551207542419,Guest Experience,Guest Experience (1.00); Staff Conduct & Hospitality (0.99); Food & Beverage (0.99)
Anandita Husnaini Nasution,2025,4,secara keseluruhan saya puas dengan pengalaman menginap di sini kamar yang saya tempati sangat nyaman bersih rapi dan kamar mandi dengan perlengkapan mandi yang lengkap tempat tidurnya empuk dan suasananya tenang staf hotel ramah dan sigap membantu terima kasih mba natasha untuk sarapan buffet yang disediakan cukup bervariasi rasanya lumayan meskipun beberapa menu bisa ditingkatkan lagi,KOMPETITOR,Bintang 4,HolidayInnBandungPasteur,positive,0.9994398951530457,Guest Experience,Guest Experience (0.98); Staff Conduct & Hospitality (0.97); Facilities & Amenities (0.97)
indah aul,2025,5,pelayanan memuaskan peralatan kamar lengkap sarapan juga banyak pilihannya anak anak bisa makan menu yang disiapkan pelayan ramah seluruhnya kekurangan nya hanya kolam renangnya tidak ada udara hangat anak anak tidak bisa berlama lama terlalu dingin semoga bisa jadi kolam air hangat akan kembali menginap di sini,KOMPETITOR,Bintang 4,HolidayInnBandungPasteur,positive,0.9985069632530212,Facilities & Amenities,Facilities & Amenities (1.00); Service Quality (0.99); Service Efficiency & Responsiveness (0.97)
Ulfah Naura,2025,5,nginep di liburan ini oke banget saya nginep bawa cucu seru banget bisa berenang seru seruan makanan jg enak enak malen nya kulineran khs bandung karena tempat nya yang strategis bisa akses kemana mana belanja jg ke mall karena jarak nya yang deket pokonya liburan masuk top kasih bintang 5 deh dibantu dengan lyla,KOMPETITOR,Bintang 4,HolidayInnBandungPasteur,positive,0.9995377063751221,Service Quality,"Service Quality (0.91); Family & Group Friendly (0.87); Loyalty, Recommendation & Appreciation (0.77)"
Sheila Azzahra Sadikin,2025,5,pengalaman yang baik dari makanan enak variatif banget servisenya top notch shoutout ke pak rizal dari dapur dari rasa makanan sampai layanan oke semua dan mas akbar sebagai server juga okee,KOMPETITOR,Bintang 4,HolidayInnBandungPasteur,positive,0.9987132549285889,Service Quality,Service Quality (1.00); Service Efficiency & Responsiveness (0.99); Staff Conduct & Hospitality (0.98)
Rahma Susilawati,2025,5,kamarnya bagus cuma waktu saya masuk ac nya kedinginan hihi tapi overall nyaman bangett staf nya juga ramah dan gercep,KOMPETITOR,Bintang 4,HolidayInnBandungPasteur,positive,0.9989290833473206,Staff Conduct & Hospitality,Staff Conduct & Hospitality (0.98); Room Quality & Comfort (0.97); Facilities & Amenities (0.94)
Pranadi Kusumah,2025,3,kamar tidak soundproof ngeganggu banget suara orang ngobrol di koridor kedengeran samoe kamar suara anak anak menangis di kamar seberang kedengeran juga mungkin karena koridornya tidak di karpet sampe kamar karpet di kamar hanya dibawah kasur saja,KOMPETITOR,Bintang 4,HolidayInnBandungPasteur,negative,0.9957194924354553,Facilities & Amenities,Facilities & Amenities (0.71); Guest Experience (0.52); Sustainability & Environmental Quality (0.51)
mira nur padilah,2025,5,hotel nya nyaman banget kamarnya bersih dan wangi staf ramah selalu siap bantu jika ada kebutuhan sarapan juga enak banyak pilihan pokoknya betah banget nginep di sini,KOMPETITOR,Bintang 4,HolidayInnBandungPasteur,positive,0.9994688630104065,Staff Conduct & Hospitality,"Staff Conduct & Hospitality (0.98); Facilities & Amenities (0.98); Cleanliness, Hygiene & Maintenance (0.97)"
Yoan Paula Usmany,2025,5,hotelnya nyaman dan bersih bisa minta buat yang ulang tahun sangan memuaskan trimakasih mba naipa,KOMPETITOR,Bintang 4,HolidayInnBandungPasteur,positive,0.9992027878761292,Facilities & Amenities,Facilities & Amenities (0.98); Service Quality (0.98); Room Quality & Comfort (0.98)
Zaenab Shahab,2025,4,hotelnya enak stafnya ramah kebersihan hotel juga oke sarapannya oke amelia dan nurma ramah melayani kami termakasih liburan inn pasteurisasi,KOMPETITOR,Bintang 4,HolidayInnBandungPasteur,positive,0.999413013458252,Facilities & Amenities,"Facilities & Amenities (1.00); Cleanliness, Hygiene & Maintenance (1.00); Staff Conduct & Hospitality (0.99)"
Tsania nj,2025,5,makanan enak kamar juga bersih nyaman puass sama pelayanananny selanjutnya nginep disini lagi aku slalu d bntu ka natasya terima kasih,KOMPETITOR,Bintang 4,HolidayInnBandungPasteur,positive,0.9993212223052979,Facilities & Amenities,"Facilities & Amenities (0.99); Cleanliness, Hygiene & Maintenance (0.99); Room Quality & Comfort (0.99)"
Mokhamad Fachri,2025,5,pengalaman menginap saya di liburan masuk bener luar biasa sangat memuaskan mulai dari kamarnya yang rapih wangi kasurnya pun empuk dan juga pelayanan dari awal cek masuk sampai saya cek keluar pun sangat memuaskan apalagi mbak vadiaa sama mbak natasha sudah cantik ramah pula kalau bisa kasih bonus sesuatu untuk mereka atas pelayanan yang sangat baik tsb hehe secara keseluruhan layak dan teruskan terima kasih atas pengalaman luar biasa yang kalian gadis-gadis baru saja berikan padaku,KOMPETITOR,Bintang 4,HolidayInnBandungPasteur,positive,0.9985687732696533,Service Quality,"Service Quality (0.99); Facilities & Amenities (0.99); Cleanliness, Hygiene & Maintenance (0.99)"
isye selamet,2025,5,Pelayanannya sangat baik dsn ramah ramah semua karyawannya sarapan di restonya enak dilayani oleh lia dengan baik,KOMPETITOR,Bintang 4,HolidayInnBandungPasteur,positive,0.999261200428009,Service Quality,Service Quality (1.00); Staff Conduct & Hospitality (1.00); Guest Experience (0.99)
Dwi Fitriyani,2025,5,sudah 2 kali menginap di sini pelayanannya yang terbaik banget semua staf ramah dan membantu sarapan nya enak banget untuk anak di bawah usia 12 masih gratis semua staf sangat2 ramah sama anak2 terimakasih untuk camilannya koki,KOMPETITOR,Bintang 4,HolidayInnBandungPasteur,positive,0.9992082715034485,Service Quality,Service Quality (0.99); Staff Conduct & Hospitality (0.98); Guest Experience (0.97)
Tecca (Akun Kerja Dika),2025,5,mantap banget makanannya enak enak untuk lokasinya juga lumayan strategis dekay kemana mana pelayanan mbak vabia gercep dan sigap banget akan datang lagi pasti,KOMPETITOR,Bintang 4,HolidayInnBandungPasteur,positive,0.9994276165962219,Service Quality,Service Quality (0.96); Facilities & Amenities (0.96); Service Efficiency & Responsiveness (0.94)
Ulfa Ika Putri,2025,4,kamarnya sangat nyaman sarapan juga makanannya enak2 banget pelayanan yang diberikan atas nama vabia juga ramah sekali,KOMPETITOR,Bintang 4,HolidayInnBandungPasteur,positive,0.9993554949760437,Facilities & Amenities,Facilities & Amenities (0.98); Guest Experience (0.98); Room Quality & Comfort (0.97)
Ik4 N0vy,2025,5,Alhamdulillah fasilitas lengkap makanan enak semua pelayanan sangat baik oleh kak lila yang terbaik,KOMPETITOR,Bintang 4,HolidayInnBandungPasteur,positive,0.9992656111717224,Facilities & Amenities,Facilities & Amenities (0.99); Service Quality (0.99); Guest Experience (0.97)
Ida Faridah,2025,5,Pelayanannya luar biasa saat reservasi dibantu pak michael harahap direktur penjualan dan pemasaran saat cek masuk dengan mba denise semua staf baik dan ramah sangat baik semua makanannya enak makan malam maupun sarapan terima kasih liburan inn pasteur,KOMPETITOR,Bintang 4,HolidayInnBandungPasteur,positive,0.9993994235992432,Staff Conduct & Hospitality,Staff Conduct & Hospitality (1.00); Booking & Reservation Experience (1.00); Service Quality (1.00)
Mohamad Sumpheno,2025,5,pengalaman baru dengan suasana hotel yang nyaman karyawan ramah makanan super duper enak dan kamar yang sangat eksklusif sukses untuk liburan inn bandung,KOMPETITOR,Bintang 4,HolidayInnBandungPasteur,positive,0.9993402361869812,Service Quality,Service Quality (1.00); Staff Conduct & Hospitality (1.00); Facilities & Amenities (1.00)
Fitria,2025,5,Sangat bagus kamarnya sarapan suasana keren suka untuk mbak vabia baik pelayan nya,KOMPETITOR,Bintang 4,HolidayInnBandungPasteur,positive,0.9988422989845276,Guest Experience,Guest Experience (1.00); Service Quality (0.99); Facilities & Amenities (0.99)
meilya kubus,2025,5,hotel terbaik pelayanan terbaik ramah fasilitas lengkap ada gym dll menu sarapan bervariasi enak terima kasih kak nurma atas pelayanan yang ramah sigap,KOMPETITOR,Bintang 4,HolidayInnBandungPasteur,positive,0.9992412328720093,Facilities & Amenities,Facilities & Amenities (0.99); Service Quality (0.99); Service Efficiency & Responsiveness (0.97)
LUTFI RIZAL,2025,5,fasilitasnya oke banget ditambah pelayanannya bener bener layanan yang sangat baik asli senyum sapa juga ramah ramah semua bikin betah pengen lama nginep disini terima kasih kang agus layananenya sangat baik ngasih hadiah pula terima kasih,KOMPETITOR,Bintang 4,HolidayInnBandungPasteur,positive,0.9989088773727417,Facilities & Amenities,Facilities & Amenities (1.00); Guest Experience (0.99); Service Quality (0.99)
Waminuddin Adi Kusuma,2025,5,keren dan sangat puas dengan pelayanan hotel ini lanjut untuk menawarkan ke pengunjung minuman sangat nyaman sekali terima kasih mas haikal,KOMPETITOR,Bintang 4,HolidayInnBandungPasteur,positive,0.9991874098777771,Service Quality,Service Quality (0.99); Staff Conduct & Hospitality (0.99); Guest Experience (0.99)
Reni Prajawati,2025,5,Saya menginap di kamar keluarga kamarnya luas cukup untuk kami ber 4 ada 2 tempat tidur di kamar tersedia cemilan jadi anak2 bahagia sekali di depan kamar terdapat akses langsung ke kolam renang dalam jadi anak2 makin bahagia karena tidak perlu jauh2 klo mau berenang kamar mandi sudah komplit tersedia sabun sampho kondisioner hand wash dan body lotion kolam renang selain indoor ada juga yang outdoor untuk dewasa dan anak2 makanan yang tersedia di resto semua nya enak,KOMPETITOR,Bintang 4,HolidayInnBandungPasteur,positive,0.999299168586731,Facilities & Amenities,Facilities & Amenities (0.99); Family & Group Friendly (0.98); Service Efficiency & Responsiveness (0.94)
locAL,2025,5,sangat puas berkunjung ke hotel holiday inn walaupun belum menginap di sini saat ini datang untuk menghadiri acara pernikahan saudara di area ballroom hotel pelayanan dari wo dan sambutannya baik fasilitas lengkap membuat acara jg berjalan kondusif dan teratur sukses terus untuk hotel holiday inn bandung pasteur,KOMPETITOR,Bintang 4,HolidayInnBandungPasteur,positive,0.9992594122886658,Facilities & Amenities,Facilities & Amenities (1.00); Service Efficiency & Responsiveness (0.99); Staff Conduct & Hospitality (0.98)
Def Pinqi Febriansa,2025,5,hotelnya bagusa vasilitasnya oke banget pelayan di dapur areanya oke bangett ka natasha pelayanannya ramah bangett sigap buat bantu ambilin berbagai2 makanan terima kasih,KOMPETITOR,Bintang 4,HolidayInnBandungPasteur,positive,0.9995054006576538,Facilities & Amenities,Facilities & Amenities (0.99); Service Quality (0.93); Staff Conduct & Hospitality (0.91)
Roslina Asjanti,2025,5,sarapan pagi ini nikmat sekali salad sayuran nya segar ayam besengeknya mantab pokoknya okee deh makanan2 nya pelayanan baik banget dibantu banget dengan mb hersa,KOMPETITOR,Bintang 4,HolidayInnBandungPasteur,positive,0.9994864463806152,Service Quality,Service Quality (0.99); Service Efficiency & Responsiveness (0.92); Guest Experience (0.92)
Reza Pahlevi,2025,5,fasilitas oke aku suka bngt ruangan pertemuannyaa dan juga pelayanan saat saya dibantu kak lila sangat baik ramah terimakasih yaa,KOMPETITOR,Bintang 4,HolidayInnBandungPasteur,positive,0.9993700385093689,Facilities & Amenities,Facilities & Amenities (0.99); Room Quality & Comfort (0.98); Guest Experience (0.96)
Santi Nurhayati,2025,5,pemandangannya bagus makananya enak kolam renang nya anak ramah cocok untuk liburan keluarga,KOMPETITOR,Bintang 4,HolidayInnBandungPasteur,positive,0.9991286396980286,Facilities & Amenities,Facilities & Amenities (1.00); Family & Group Friendly (0.98); Ambience & Design (0.97)
Syl,2025,5,sangat dianjurkan menginap 4 malam disini sangat berkesan semua makanan enak menu lengkap variatif kalau malam ada musik live di resto kamar luas bersih pelayanan bagus ramah terima kasih ka nissa staf resto sgt ramah membantu terima kasih liburan inn bandung sukses terbaik terus,KOMPETITOR,Bintang 4,HolidayInnBandungPasteur,positive,0.9994578957557678,Service Quality,"Service Quality (0.99); Cleanliness, Hygiene & Maintenance (0.98); Guest Experience (0.98)"
Anne Rachmawaty,2025,5,kamarnya wangi besar ada tv pintar nya pelayanan nya bagus sarapan menuunya banyak dan nikmat mantap mas ulwan,KOMPETITOR,Bintang 4,HolidayInnBandungPasteur,positive,0.9994305968284607,Service Quality,Service Quality (0.99); Facilities & Amenities (0.99); Guest Experience (0.98)
muhadjar efendi,2025,5,Layanan bagus kamar dan segala sesuatu harus diperlengkapannya dalam kondisi baik juga pelayanan dari mbak medina dan mbak hersa juga melayani dengan baiknya,KOMPETITOR,Bintang 4,HolidayInnBandungPasteur,positive,0.9980505704879761,Facilities & Amenities,Facilities & Amenities (1.00); Service Quality (0.99); Staff Conduct & Hospitality (0.99)
Licke Rumagit,2025,5,Saya tidak pergi di hotel ini beberapa hari sangat mewah makanannya enak2 menu lengkap pelayananya ramah trimakasih sudah melayani dengan baik lia,KOMPETITOR,Bintang 4,HolidayInnBandungPasteur,positive,0.9945921301841736,Service Quality,"Service Quality (0.99); Staff Conduct & Hospitality (0.98); Loyalty, Recommendation & Appreciation (0.97)"
Revina Mayra,2025,5,Pelayanan nya baik sekali berkesempatan dilayani kak bunga dan kak nurma ramah dan sangat membantu selama makan di restorannya,KOMPETITOR,Bintang 4,HolidayInnBandungPasteur,positive,0.9990791082382202,Service Quality,Service Quality (1.00); Guest Experience (0.99); Staff Conduct & Hospitality (0.99)
Wulan Nuraeni,2026,5,Hotenya nyaman enakeun apa lagi buat anak anak pelayanannya sih yang terbaik dari awal sampai akhir apa lagi saat dibantu teh lila mksih liburan,KOMPETITOR,Bintang 4,HolidayInnBandungPasteur,positive,0.9992085099220276,Facilities & Amenities,Facilities & Amenities (1.00); Service Quality (1.00); Guest Experience (0.99)
Ismatun Nuriyyah,2025,5,kamar nyaman dan dingin fasilitas lengkap pelayanan dan makanan variatif kak ramadani servisnya baik ditawarin coklat panas karena lagi ingin yang manis juga,KOMPETITOR,Bintang 4,HolidayInnBandungPasteur,positive,0.9992966651916504,Facilities & Amenities,Facilities & Amenities (1.00); Room Quality & Comfort (0.99); Food & Beverage (0.98)
meifang bunjamin,2025,5,hotel holiday inn yang terbaik dengan kamar yang nyaman dan menu sarapan bervariasi vasilitas karoke dan kolam renang pribadi serta taman taman luas terutama pelayanan sangat memuaskan terima kasih untuk semuanya,KOMPETITOR,Bintang 4,HolidayInnBandungPasteur,positive,0.9991940855979919,Facilities & Amenities,Facilities & Amenities (1.00); Service Quality (0.99); Room Quality & Comfort (0.98)
Indriana Dwi Septiani,2025,5,Hotelnya anak-anak ramah stafnya ramah2 sangat membantu terutama kakaknya Lila banyak kegiatan anaknya makanannya beragam lokasinya strategis,KOMPETITOR,Bintang 4,HolidayInnBandungPasteur,positive,0.9994075298309326,Family & Group Friendly,Family & Group Friendly (1.00); Facilities & Amenities (0.99); Service Quality (0.99)
Anna Stephanie,2025,5,Saya dan keluarga selalu menginap di liburan Inn Pasteur setiap ke bandung tergila2 sama kamar keluarga nya pelayanan nya juga baik sekali pernah suami perlu ke igd ditawarkan untuk diantar dan di jemput staf nya ramah2 sekali stiap komplen selalu di tanggapi dengan cepat dan baik ada juga mas gemuk di tempat sarapan selalu menyambut dengan baik dan menawarkan salinan setiap permintaan kami selalu di layani dengan cepat dan baik sarapan nya banyak pilihan luar biasa,KOMPETITOR,Bintang 4,HolidayInnBandungPasteur,positive,0.9995064735412598,Service Efficiency & Responsiveness,Service Efficiency & Responsiveness (1.00); Staff Conduct & Hospitality (1.00); Family & Group Friendly (0.99)
putri ika pratiwi,2025,5,pelayanan ramah kamar bersih ac dingin sarapannya banyak terima kasih mba lia dan mba bunga,KOMPETITOR,Bintang 4,HolidayInnBandungPasteur,positive,0.999171257019043,Guest Experience,"Guest Experience (1.00); Loyalty, Recommendation & Appreciation (0.99); Facilities & Amenities (0.99)"
Savmalll,2025,5,Pelayanannya bagus termasuk layanan dari mba nurma baik kamarnya oke kolam renang ada dua lokasi makanannya enak2,KOMPETITOR,Bintang 4,HolidayInnBandungPasteur,positive,0.999450147151947,"Cleanliness, Hygiene & Maintenance","Cleanliness, Hygiene & Maintenance (1.00); Facilities & Amenities (1.00); Service Quality (1.00)"
Aldo Putra Setia,2025,5,Kamar nya rapi bersih fasilitas lengkap makanan nya enak2 pelayanan nya bagus ramah2 sangat membantu cekatan pokonya puas nginep di liburan inn pastor terimakasih mas akbar pelayanannya,KOMPETITOR,Bintang 4,HolidayInnBandungPasteur,positive,0.999528169631958,Facilities & Amenities,"Facilities & Amenities (0.99); Cleanliness, Hygiene & Maintenance (0.99); Service Quality (0.98)"
Rita Damayanti,2025,5,hotelnya ternyata bagus pelayanan oke waktu pertama menginap di sini sarapannya enak2 dan lengkap waktu bf ada mb natasya dan mas yana yang ngaterin es cappucinno mba natasyayg mengantarkan lumpia pesanan saya yang sangat membantu dan ramah terima kasih holiday inn pasteur bandung,KOMPETITOR,Bintang 4,HolidayInnBandungPasteur,positive,0.999373733997345,Service Quality,Service Quality (0.98); Food & Beverage (0.98); Staff Conduct & Hospitality (0.96)
deny prasetia,2025,5,Saya datang untuk bertemu di sini acara kantor ruangangnya cocok untuk bertemu fasilitas lengkap kemudian akomodasi makanan di restoran juga enak kok pekerjaan yang baik,KOMPETITOR,Bintang 4,HolidayInnBandungPasteur,positive,0.9966076612472534,Facilities & Amenities,Facilities & Amenities (1.00); Food & Beverage (0.99); Guest Experience (0.99)
Agus Sp,2025,5,Terima kasih buat natasya dan hersa atas keramahannya di duta saat sarapan hotelnya keren fasilitas dan lokasi bagus aku sya allah disini lagi,KOMPETITOR,Bintang 4,HolidayInnBandungPasteur,positive,0.9992081522941589,"Loyalty, Recommendation & Appreciation","Loyalty, Recommendation & Appreciation (0.99); Staff Conduct & Hospitality (0.99); Facilities & Amenities (0.99)"
Ganjar Lugia,2025,5,tq pelayanan sangat ramah dan baik natasya sangat ramah mba medina sangat ramah dan pelayanannya bagus kami senang sekali bisa diberikan pelayanan yang sangat baik mas akbar juga sangat ramah murah senyum layanan yang sangat baik yang luar biasa senang memiliki pengalaman menginap di liburan inn bandung dengan layanan kami yang sangat baik,KOMPETITOR,Bintang 4,HolidayInnBandungPasteur,positive,0.9988142251968384,Service Quality,Service Quality (0.99); Guest Experience (0.98); Staff Conduct & Hospitality (0.96)
Siti Solihah,2025,5,puas banget ya makan siang di hotel ini makannya enak pelayanannya jg baik ramah ada mba lia dll jg manajernya baik banget terbaik pokonya,KOMPETITOR,Bintang 4,HolidayInnBandungPasteur,positive,0.9992778897285461,Service Quality,Service Quality (0.98); Staff Conduct & Hospitality (0.98); Family & Group Friendly (0.96)
Frisca Ayu,2025,5,terima kasih kak nissa pelayanannya sangat baik ramahh sekalii hotelnya juga baguss enakk bersihh sarapannya juga variannya banyakk okee pokoknya,KOMPETITOR,Bintang 4,HolidayInnBandungPasteur,positive,0.9994363188743591,Service Quality,Service Quality (0.99); Staff Conduct & Hospitality (0.98); Facilities & Amenities (0.96)
Yani Priatin Hartini,2025,5,sudah 2 kali menginap di hotel ini selalu mendapat pelayanan yang sangat baik rekomen banget terimakasih pak yana dan anda mengigat kami sekeluarga saat kunjungan kami ke 2 sungguh luar biasa bu terima kasih ya anda baik dan ramah sukses selalu,KOMPETITOR,Bintang 4,HolidayInnBandungPasteur,positive,0.9982408285140991,Service Quality,Service Quality (0.99); Guest Experience (0.97); Family & Group Friendly (0.96)
eka pratiwi,2025,5,Trmksh neng natasya n medina terima kasih pisan sambutan hangat sampai dikasih nagasari bertuliskan terima kasih kamar nyaman sarapan enak bangeud cinta sama hotel ini tiap ke bandung pasti mampir kesini lagi terima kasih liburan inn,KOMPETITOR,Bintang 4,HolidayInnBandungPasteur,positive,0.999110758304596,Room Quality & Comfort,Room Quality & Comfort (0.99); Guest Experience (0.99); Service Quality (0.97)
trisma rusnia,2025,5,makananya enak dan banyak sekali macamnya dbntu sama pak yana yang sangat ramah sekali pkoknya pelayanannya terbaik smua stafnya ramah sngt dianjurkan,KOMPETITOR,Bintang 4,HolidayInnBandungPasteur,positive,0.9991843104362488,Service Quality,Service Quality (0.99); Staff Conduct & Hospitality (0.94); Guest Experience (0.92)
Sisilia Parorrongan,2025,5,Pelayanan baik semua petugas ramah kamar bersih dan rapi petugas pusat bisnis kemarin kak naipa dan resepsionis juga sangat membantu,KOMPETITOR,Bintang 4,HolidayInnBandungPasteur,positive,0.9987407326698303,"Cleanliness, Hygiene & Maintenance","Cleanliness, Hygiene & Maintenance (1.00); Staff Conduct & Hospitality (1.00); Room Quality & Comfort (1.00)"
Julia Nenggolan,2025,5,Kru nya sangat membantu dapat ucapan dari ibunya itu membuat hidup saya lebih cerah terima kasih mbak ramadani dan mbak nurma di ruang makan,KOMPETITOR,Bintang 4,HolidayInnBandungPasteur,positive,0.9979599714279175,Staff Conduct & Hospitality,Staff Conduct & Hospitality (0.97); Guest Experience (0.97); Service Quality (0.96)
Widya Astuti,2026,5,Alhamdulillah pelayanan dari awal datang sangat memuaskan kamar juga sangat nyaman terimakasih holiday inn,KOMPETITOR,Bintang 4,HolidayInnBandungPasteur,positive,0.9985647797584534,Room Quality & Comfort,Room Quality & Comfort (0.99); Service Quality (0.99); Facilities & Amenities (0.97)
rahmawati mulyani,2025,5,luar biasa keramahan dari staf pelayanan secara keseluruhan luar biasa f b enak2 semuanya akan datang lagi kalau ke bandung chef terima kasih kue clorotnya uenak untuk natasha pelayan terima kasih,KOMPETITOR,Bintang 4,HolidayInnBandungPasteur,positive,0.9992498755455017,Service Quality,Service Quality (1.00); Staff Conduct & Hospitality (1.00); Guest Experience (0.99)
Rangga Aditio,2025,5,Pelayanannya baik kualitas makanannya yang terbaik staf nya murah senyum terimakasih atas pelayanannya untuk mas ilham bagian concierge,KOMPETITOR,Bintang 4,HolidayInnBandungPasteur,positive,0.9990641474723816,Service Quality,Service Quality (1.00); Guest Experience (0.99); Food & Beverage (0.99)
An4k K3cil,2025,5,keseluruhan untuk pelayanan baik kenyamanan dan untuk karyawan pun ramah khusus untuk kak lila baik dan memberikan pendidikan yang mudah di pahami tentanh hotel ini,KOMPETITOR,Bintang 4,HolidayInnBandungPasteur,positive,0.998900294303894,Facilities & Amenities,Facilities & Amenities (1.00); Family & Group Friendly (0.99); Guest Experience (0.99)
17. Surti Widayati,2025,5,alhmdulillah hotel nyaman makanan bervariasi dan tentunya enak pelayanan yang baik ramah dan santun terimakasih kak amel dan tim holiday inn bandung,KOMPETITOR,Bintang 4,HolidayInnBandungPasteur,positive,0.9978834986686707,Staff Conduct & Hospitality,Staff Conduct & Hospitality (0.99); Service Quality (0.99); Service Efficiency & Responsiveness (0.98)
Ita Masitha,2025,5,alhamdulliah untuk segi pelayanan sangat ramah onty2nya kamar ya bersih sarapann ya banyak varian yang anak2 suka hotel dianjurkan dipasteur,KOMPETITOR,Bintang 4,HolidayInnBandungPasteur,positive,0.9988605976104736,Service Quality,"Service Quality (1.00); Facilities & Amenities (0.99); Cleanliness, Hygiene & Maintenance (0.99)"
Iko bangalay,2025,5,hotelnya bagus sesuai dengan harapan konsumen dan pelayanan dari seluruh staf profesional ramah hidangan makanan dari resto juga enak satu lagi untuk yang suka berolah raga tempat gym bagus lengkap,KOMPETITOR,Bintang 4,HolidayInnBandungPasteur,positive,0.9993701577186584,Service Quality,Service Quality (1.00); Guest Experience (1.00); Staff Conduct & Hospitality (0.99)
Farah Izza Chairunnisa,2026,5,sarapannya ada banyak pilihan pelayanannya juga ramah terima kasih kak hersa,KOMPETITOR,Bintang 4,HolidayInnBandungPasteur,positive,0.9993401169776917,Food & Beverage,Food & Beverage (0.94); Guest Experience (0.93); Staff Conduct & Hospitality (0.92)
Novalina Novalina,2025,5,Holiday Inn makanan sarapan pagi lengkap dan fresh staf ramah dan sigap kamar bersih dan nyaman posisi strategis dekat gerbang tol pastor semakin berkembang dan sukses untuk liburan inn dan semua stafnya,KOMPETITOR,Bintang 4,HolidayInnBandungPasteur,positive,0.9994091987609863,Room Quality & Comfort,Room Quality & Comfort (1.00); Service Efficiency & Responsiveness (0.99); Facilities & Amenities (0.99)
meli yana,2025,5,selama menginap di hotel kamar nya nyaman makanan di hotel juga enak staf nya juga ramah yaitu mba bunga dianjurkan pokoknya,KOMPETITOR,Bintang 4,HolidayInnBandungPasteur,positive,0.999518871307373,Facilities & Amenities,Facilities & Amenities (0.99); Staff Conduct & Hospitality (0.98); Room Quality & Comfort (0.97)
Elly Kusumastuti,2025,5,layanan nya bagus sarapan enak dimana kami di layani oleh hersa yang membantu dan melayanibkami ketika sarapan selama di hotel terima kasih saran,KOMPETITOR,Bintang 4,HolidayInnBandungPasteur,positive,0.9988670349121094,Service Quality,Service Quality (1.00); Guest Experience (0.99); Staff Conduct & Hospitality (0.98)
Jasmine Erdin,2026,5,sarapan enak beragam menu terbaiklahh pokokna dibantu teh nabila,KOMPETITOR,Bintang 4,HolidayInnBandungPasteur,positive,0.9993928670883179,Food & Beverage,Food & Beverage (0.98); Service Quality (0.85); Religious & Halal Features (0.74)
Wina Gita Lestari,2025,5,Suka banget menu makanannya lezat kebersihan terjaga kamar bikin betah mba ramadani di resto selalu tersenyum dan melayani mantap,KOMPETITOR,Bintang 4,HolidayInnBandungPasteur,positive,0.9995415210723877,"Cleanliness, Hygiene & Maintenance","Cleanliness, Hygiene & Maintenance (1.00); Service Quality (1.00); Room Quality & Comfort (0.99)"
djinanjar putra,2025,5,Pelayanan nya mantap sarapannya lezat dah ragam anekanya lokasi juga strategis dan nyaman cocok untuk bawa anak anak akhir pekan terima kasih mas haekal untuk pelayanannya,KOMPETITOR,Bintang 4,HolidayInnBandungPasteur,positive,0.9994483590126038,Facilities & Amenities,Facilities & Amenities (0.99); Service Quality (0.99); Food & Beverage (0.98)
Sugandi Nugraha,2025,5,bagus banget hotelnya mantap buat meeting pelayanan juara dibantu dengan kak lyla yang ramah dan sangat membantu saya terima kasih,KOMPETITOR,Bintang 4,HolidayInnBandungPasteur,positive,0.9991351962089539,Service Quality,Service Quality (1.00); Guest Experience (0.97); Staff Conduct & Hospitality (0.97)
Marcel arliansyah pido,2025,5,Pelayanan nya bagus area nya juga luas kamar nya juga nyaman dan staf mba leysha ramah dan membantu saya juga terimakasih,KOMPETITOR,Bintang 4,HolidayInnBandungPasteur,positive,0.99943608045578,Facilities & Amenities,Facilities & Amenities (1.00); Service Quality (0.99); Room Quality & Comfort (0.98)
sufyan abdi,2025,5,lokasi strategis dekat pintu tol mudah diakses varian makanan banyak saat sarapan dikamar belum ada sisir,KOMPETITOR,Bintang 4,HolidayInnBandungPasteur,positive,0.9989920258522034,Facilities & Amenities,Facilities & Amenities (0.97); Service Efficiency & Responsiveness (0.80); Service Quality (0.75)
Vanie Chairunisa,2025,5,kamarnya nyaman fasilitas lengkap sarapannya banyak variasi dan semuanya ada rasa terbaik,KOMPETITOR,Bintang 4,HolidayInnBandungPasteur,positive,0.9994175434112549,Facilities & Amenities,Facilities & Amenities (1.00); Room Quality & Comfort (0.96); Guest Experience (0.95)
Jessy Utami,2025,5,makanan banyak variasi dan enak kamar bersih dan ruang pertemuan baik terima kasih bantuan dan bunga,KOMPETITOR,Bintang 4,HolidayInnBandungPasteur,positive,0.9990805387496948,"Cleanliness, Hygiene & Maintenance","Cleanliness, Hygiene & Maintenance (1.00); Guest Experience (0.99); Facilities & Amenities (0.99)"
Aprilianda Adhi Timur,2025,5,Hotel bagus mewah tenang strategis kamar bersih rapi pelayanan pegawai ramah sopan semua sarapan komplit dan enak pelayanan sangat baik dan sopan kak hersa dan medina,KOMPETITOR,Bintang 4,HolidayInnBandungPasteur,positive,0.9994125366210938,"Cleanliness, Hygiene & Maintenance","Cleanliness, Hygiene & Maintenance (1.00); Service Efficiency & Responsiveness (1.00); Facilities & Amenities (0.99)"
Deasy Khoe,2025,5,menginap 3 malam di sini kamarnya oke sarapannya oke sangat sangat bervariasi jadi tidak bosen meskipun 3x makan pagi di sini pelayanan ramah sekali petugas di duta resto juga sangat ramah dan membantu sekali semoga semakin sukses yaa,KOMPETITOR,Bintang 4,HolidayInnBandungPasteur,positive,0.9992541670799255,Room Quality & Comfort,Room Quality & Comfort (0.97); Staff Conduct & Hospitality (0.96); Service Quality (0.91)
Muhammad Ariq Faridzki,2025,5,untuk kamar sangat memuaskan terutama meja yang lebar yang nyaman untuk digunakan saat bekerja dan televisi yang lebar pelayanan disambut dan dilayani dengan baik saat di restoran terutama medina dan nastasha atau layanan lainnya,KOMPETITOR,Bintang 4,HolidayInnBandungPasteur,positive,0.999208390712738,Room Quality & Comfort,Room Quality & Comfort (1.00); Facilities & Amenities (1.00); Guest Experience (0.99)
Christine Natalia,2025,5,Bagus bangeett pelayanannya terutama saat sarapan n makan malam dsna makanan semua enk atas semua terima kasih mba natasha bantuannya hehe good job,KOMPETITOR,Bintang 4,HolidayInnBandungPasteur,positive,0.9989420771598816,Service Quality,Service Quality (0.99); Guest Experience (0.97); Food & Beverage (0.96)
Yasmin Laksmi Nariswari,2025,5,Sudah pernah 2 kali menginap di sini pelayanan selalu menyenangkan mulai dari layanan kamar layanan dan sarapan kali ini diberi ucapan khusus dari teh ekaria dan aa ilham,KOMPETITOR,Bintang 4,HolidayInnBandungPasteur,positive,0.9970942735671997,Service Quality,Service Quality (1.00); Guest Experience (1.00); Facilities & Amenities (1.00)
tiyas cahyani,2025,5,sarapan nya bervariasi sekali ada menu barat indonesia sampai yang tradisional nya juga ada enak2 semua ramah pelayan nya kak amel,KOMPETITOR,Bintang 4,HolidayInnBandungPasteur,positive,0.9992181062698364,Staff Conduct & Hospitality,Staff Conduct & Hospitality (0.94); Service Quality (0.92); Family & Group Friendly (0.87)
Rindhi Wahyuni,2025,5,lokasi strategis fasilitas oke anak-anak ramah pelayan restonya mba vabianya jg ramah dan informatif,KOMPETITOR,Bintang 4,HolidayInnBandungPasteur,positive,0.9993857145309448,Facilities & Amenities,Facilities & Amenities (0.99); Service Quality (0.97); Guest Experience (0.97)
Dhiva Putra Pratama,2025,5,Hampir setiap bulan menginap di sini untuk urusan pekerjaan 7 hari di sini sangat nyaman dan menyenangkan pelayanan super top semua staf ramah bertemu mas agus yang keren dan mantap pelayanannya diantar kopi dengan tulisan doa lokasi dengan pusat kota kamar nyaman setiap hari dibersihkan dan diisi ulang semua fasilitas kamarnya,KOMPETITOR,Bintang 4,HolidayInnBandungPasteur,positive,0.9992639422416687,Service Quality,Service Quality (0.99); Staff Conduct & Hospitality (0.98); Facilities & Amenities (0.98)
aries girl,2025,5,sarapan pagi ini luar biasa kamar aman nyaman juga sama pelayanan mba mba mba nya mantap top banget,KOMPETITOR,Bintang 4,HolidayInnBandungPasteur,positive,0.999312162399292,Room Quality & Comfort,Room Quality & Comfort (0.99); Service Quality (0.99); Guest Experience (0.99)
Riva Fidyastika,2025,5,pelayanannya oke makanan juga enak nyaman menginap disini terimakasih liburan inn pasteur bandung,KOMPETITOR,Bintang 4,HolidayInnBandungPasteur,positive,0.9992648959159851,Service Quality,Service Quality (0.99); Facilities & Amenities (0.99); Guest Experience (0.97)
tazha cantika putri,2025,5,makanan nya enak banget dan banyak varian pelayanan nya super ramah,KOMPETITOR,Bintang 4,HolidayInnBandungPasteur,positive,0.9992914199829102,Service Quality,Service Quality (0.98); Service Efficiency & Responsiveness (0.95); Guest Experience (0.94)
Nadya Eka,2025,5,hotel cukup nyaman dengan fasilitas lengkap sarapan enak terutama pilihan roti dan kopinya mantap pelayanan dari mbak hersa ramah sekali top pokoknya,KOMPETITOR,Bintang 4,HolidayInnBandungPasteur,positive,0.9994997978210449,Facilities & Amenities,Facilities & Amenities (0.99); Food & Beverage (0.99); Service Quality (0.98)
Erliana Regita Putri,2025,5,pelayanannya oke dan ramah kamar luas bersih dan lengkap makanannya enak,KOMPETITOR,Bintang 4,HolidayInnBandungPasteur,positive,0.9993379712104797,Facilities & Amenities,"Facilities & Amenities (1.00); Service Quality (1.00); Cleanliness, Hygiene & Maintenance (1.00)"
Rina Savitri,2025,5,menginap 3 malam di sini sangat menyenangkan fasilitas oke layanan oke kru nya ramah2 dam membantu sarapan banyak macamnya dan enak senang menginap di liburan inn pasteur terima kasih kak natsya,KOMPETITOR,Bintang 4,HolidayInnBandungPasteur,positive,0.9993813037872314,Facilities & Amenities,Facilities & Amenities (1.00); Staff Conduct & Hospitality (0.99); Service Quality (0.97)
Puja Bestara,2025,5,Terima kasih atas pelayanannya untuk di resto dan hotelnya bagus sekali untuk stafnya juga ramah untuk mba natasha dan mba bunga,KOMPETITOR,Bintang 4,HolidayInnBandungPasteur,positive,0.9992818236351013,Staff Conduct & Hospitality,Staff Conduct & Hospitality (0.99); Food & Beverage (0.99); Service Quality (0.99)
indah sopiani,2026,5,makanan nya enak kamarnya lumayan luas mba risa ramah,KOMPETITOR,Bintang 4,HolidayInnBandungPasteur,positive,0.9994351267814636,Guest Experience,Guest Experience (0.98); Facilities & Amenities (0.97); Staff Conduct & Hospitality (0.94)
Nurhidayah Nurhidayah,2025,5,kamarnya nyaman bersih pelayanan baik dan menyenangkan makannya beragam dan enak terimakasih kak heri yang sudah memberikan pelayanan terbaik,KOMPETITOR,Bintang 4,HolidayInnBandungPasteur,positive,0.9993795156478882,Room Quality & Comfort,Room Quality & Comfort (0.99); Service Quality (0.99); Guest Experience (0.99)
Adjie Suharto,2025,5,sangat dianjurkan buat acara2 pertemuan kantor maupun keluarga pelayanan sangat bagus kamar sangat rapi dan bersih maju terus liburan masuk bandung,KOMPETITOR,Bintang 4,HolidayInnBandungPasteur,positive,0.9994851350784302,Service Quality,"Service Quality (1.00); Cleanliness, Hygiene & Maintenance (0.99); Family & Group Friendly (0.99)"
Ecagraselia vanny,2025,5,kamarnya enak bersih dan wangi pelayanan semuanya ramah termasuk fasilitas yang lengkap terutama untuk mba mody dan alifa yang ramah dalam berkomunikasi dan cukup membantu,KOMPETITOR,Bintang 4,HolidayInnBandungPasteur,positive,0.9991613626480103,Facilities & Amenities,"Facilities & Amenities (1.00); Cleanliness, Hygiene & Maintenance (1.00); Room Quality & Comfort (0.99)"
Yulia Mitra Lora,2025,5,pelayanan hotel dan makanan baik makan malam maupun sarapan enak dan variatif untuk pelayanan dari mba natasha jg baik dan ramah,KOMPETITOR,Bintang 4,HolidayInnBandungPasteur,positive,0.9993329644203186,Food & Beverage,Food & Beverage (0.99); Staff Conduct & Hospitality (0.98); Service Quality (0.98)
Muhammad Hocky Yoes Firdaus,2025,5,hotelnya nyaman bersih fasilitas lengkap dan staf yang sangat ramah terima kasih mas ilham karena sudah membantu kami selama menginap di hotel,KOMPETITOR,Bintang 4,HolidayInnBandungPasteur,positive,0.9989689588546753,Facilities & Amenities,Facilities & Amenities (1.00); Staff Conduct & Hospitality (0.99); Service Efficiency & Responsiveness (0.98)
I - 03 Amorita Shabri Kusbelva Anandani,2025,5,Pelayanannya mba lia saat sarapan ramah baik dan menyenangkan hotelnya nyaman bersih dan rapih,KOMPETITOR,Bintang 4,HolidayInnBandungPasteur,positive,0.9993817806243896,"Cleanliness, Hygiene & Maintenance","Cleanliness, Hygiene & Maintenance (1.00); Guest Experience (1.00); Staff Conduct & Hospitality (1.00)"
Maria Margaretta,2025,5,Salah satu hotel terbaik di Bandung pelayanan ramah dan baik begitu jg staf baik semuanya terutama kak natasya,KOMPETITOR,Bintang 4,HolidayInnBandungPasteur,positive,0.9994600415229797,Service Quality,Service Quality (1.00); Staff Conduct & Hospitality (1.00); Service Efficiency & Responsiveness (0.99)
fayyaza aiko,2025,5,fasilitas disini baikk layanan kamarnya bagus dan pelayanan nya ramah selama istirahat pertama ditemani dengan ka vabia yang selalu bersedia membantu selama berada di sini lokasinya juga bagus karena berada di dekat tol,KOMPETITOR,Bintang 4,HolidayInnBandungPasteur,positive,0.9994159936904907,Facilities & Amenities,Facilities & Amenities (1.00); Staff Conduct & Hospitality (1.00); Room Quality & Comfort (0.99)
Apnaria LW,2025,5,rekomended bersih menu variasinya banyak pelayanannya memuaskam terima kasih mas haekal,KOMPETITOR,Bintang 4,HolidayInnBandungPasteur,positive,0.999233603477478,Service Quality,"Service Quality (0.97); Cleanliness, Hygiene & Maintenance (0.95); Facilities & Amenities (0.91)"
Grace Lie Aina,2025,5,dianjurkan hotel tempat yang nyaman sarapan nya enak suasananya nyaman kamar bersih dan pelayannya ramah,KOMPETITOR,Bintang 4,HolidayInnBandungPasteur,positive,0.9991509914398193,Facilities & Amenities,"Facilities & Amenities (0.98); Room Quality & Comfort (0.98); Cleanliness, Hygiene & Maintenance (0.97)"
Melda Vsinaga,2025,5,pelayanan bagus dan ramah makanan nya enak enak sampai indomie pun ada mantap sangat nyaman banget nginep dsni apalagi dbantu dengan mbak bunga yang sangat ramah,KOMPETITOR,Bintang 4,HolidayInnBandungPasteur,positive,0.9994569420814514,Service Quality,Service Quality (0.99); Facilities & Amenities (0.99); Staff Conduct & Hospitality (0.98)
Sutrisno Ino,2025,5,makanannya enak enak banyak variasiinya pelayannya ramah ramah terutama mas agus di resto,KOMPETITOR,Bintang 4,HolidayInnBandungPasteur,positive,0.9993149042129517,Family & Group Friendly,Family & Group Friendly (0.98); Staff Conduct & Hospitality (0.95); Service Quality (0.93)
Hafiz Alkaisan,2025,5,tempatnya sangat nyaman makanannya enak enak semua dan pelayanannya sangat memuaskan oleh teteh teteh cantik dan baikhati serta ramah pisan bunga ramadhani,KOMPETITOR,Bintang 4,HolidayInnBandungPasteur,positive,0.9995002746582031,Facilities & Amenities,Facilities & Amenities (0.99); Guest Experience (0.99); Staff Conduct & Hospitality (0.99)
Ernest Iniesta Syadzia,2025,5,pelayanan baik makanan nya juga enak kamar sangat nyaman,KOMPETITOR,Bintang 4,HolidayInnBandungPasteur,positive,0.9989615678787231,Service Quality,Service Quality (1.00); Facilities & Amenities (1.00); Room Quality & Comfort (1.00)
HN AMIM,2025,5,tempat nya nyaman dan bersih dapat pelayan terbaik dari kak mia makanan nya enak semua makan siang makan malam enak dan banyak variasi nya juara sih kang ricky dan team dapur nya,KOMPETITOR,Bintang 4,HolidayInnBandungPasteur,positive,0.9995763897895813,Service Quality,Service Quality (0.99); Facilities & Amenities (0.98); Guest Experience (0.97)
Dody Sanjaya,2025,5,menginap di sini sangat puas dengan kamar yang bersih dan luas fasilitas lengkap sarapan banyak varian dan enak enak pelayanan karyawannya mbak natasya sangat ramah dan membantu kami,KOMPETITOR,Bintang 4,HolidayInnBandungPasteur,positive,0.9993925094604492,Facilities & Amenities,Facilities & Amenities (1.00); Room Quality & Comfort (0.98); Guest Experience (0.98)
Rianovita Sausan,2026,5,makanan di malam tahun baru enak sangat beragam pelayanan nya sangat ramah,KOMPETITOR,Bintang 4,HolidayInnBandungPasteur,positive,0.9988641738891602,Guest Experience,Guest Experience (0.99); Service Quality (0.98); Staff Conduct & Hospitality (0.96)
Desi Susilowati,2025,5,sangat luar biasa menu sarapan yang beragam dan rasa yang enak rekomend banget kak terima kasih dengan pelayanan yang ramah dan gercep,KOMPETITOR,Bintang 4,HolidayInnBandungPasteur,positive,0.9990206956863403,Service Quality,Service Quality (0.99); Staff Conduct & Hospitality (0.98); Guest Experience (0.96)
Ikal Alfarizi,2025,5,pokoknya hotel yang sangat bagus apalagi pelayanan mba natasya sangat baik dan ramah pokoknya ini hotel,KOMPETITOR,Bintang 4,HolidayInnBandungPasteur,positive,0.9992105960845947,Service Quality,Service Quality (1.00); Staff Conduct & Hospitality (0.99); Service Efficiency & Responsiveness (0.99)
Izza Fit,2025,5,makan hari kedua kali ini mencoba menu gorengan sosis soto ayam enak smeua pelayanan kakak amel yang baik dan super ramah,KOMPETITOR,Bintang 4,HolidayInnBandungPasteur,positive,0.9978577494621277,Service Quality,Service Quality (1.00); Guest Experience (1.00); Staff Conduct & Hospitality (1.00)
"Romlah S,Pd",2025,5,kamarnya nyaman pelayanan mba amelia sangat baik makanannya enak apalagi sarapannya sampai tidak mau beranjak dari meja makan,KOMPETITOR,Bintang 4,HolidayInnBandungPasteur,positive,0.9993467926979065,Service Quality,Service Quality (0.99); Guest Experience (0.99); Room Quality & Comfort (0.99)
Mega sari Oktaviani,2025,5,hotelnya bagus dn bersih pelayanan nya di bantu kak lila yang sangat ramah dn murah senyum,KOMPETITOR,Bintang 4,HolidayInnBandungPasteur,positive,0.9992921352386475,"Cleanliness, Hygiene & Maintenance","Cleanliness, Hygiene & Maintenance (0.99); Service Quality (0.99); Staff Conduct & Hospitality (0.99)"
Wulan kurniasari,2025,5,semuanya bagus dari fasilitas apalagi makanan dan pelayanan nya makanan enak enak semua pelayanan baik saya di layani oleh mas harlan terimakasih untuk pelayanan nya,KOMPETITOR,Bintang 4,HolidayInnBandungPasteur,positive,0.9993783235549927,Facilities & Amenities,Facilities & Amenities (1.00); Service Quality (0.98); Food & Beverage (0.97)
April Cahaya,2025,5,suasana nya bagus lokasi yang sangat strategis dekat dengan mal maupun supermarket pelayanan staf nya jg ramah trmksh k mody mau berdiskusi dengan saya,KOMPETITOR,Bintang 4,HolidayInnBandungPasteur,positive,0.9991174340248108,Facilities & Amenities,Facilities & Amenities (0.98); Staff Conduct & Hospitality (0.93); Service Quality (0.91)
midori anit,2025,5,Balas lewat email cepat fasilitas untuk anak2 baik makanan enak pelayan baik semoga semakin banyak tamu yang menginap di penginapan liburan,KOMPETITOR,Bintang 4,HolidayInnBandungPasteur,positive,0.9969213008880615,Service Quality,Service Quality (1.00); Staff Conduct & Hospitality (0.99); Service Efficiency & Responsiveness (0.99)
desrita ita,2025,5,Pelayanan baik n ramah terima kasih mbak rini sudah melayani dengan senyuman kamar bersih semuanya oke tingkatkan lagi,KOMPETITOR,Bintang 4,HolidayInnBandungPasteur,positive,0.9988697171211243,Staff Conduct & Hospitality,Staff Conduct & Hospitality (1.00); Service Quality (1.00); Guest Experience (1.00)
Rima Evaniati,2025,5,Pelayanan sangat bagus kamar nya bagus bersih untuk menu sarapannya sangat bervariasi jadi tidak membosankan lokasi hotel di pusat kota untuk pelayanan dan respon dari mas bima juga sangat baik lain waktu akan datang lagi untuk menginap di sini sangat di rekomendasikan apalagi untuk yang liburan dan bawa keluarga,KOMPETITOR,Bintang 4,HolidayInnBandungPasteur,positive,0.999315619468689,Service Efficiency & Responsiveness,Service Efficiency & Responsiveness (1.00); Facilities & Amenities (1.00); Family & Group Friendly (1.00)
Noviyanti Hutami Putri,2025,5,pasti akan kembali puas banget sama pelayanan di sini karena seminar dari pagi dan kebetulan bawa anak kecil dikasih pagi cek ini jam 11 jam sudah bisa masuk gratis upgrade room juga semua stafnya ramah menu membantu sarapan beragam rasanya enak kolamnya besar cukup untuk anak utama2 terima kasih liburan inn,KOMPETITOR,Bintang 4,HolidayInnBandungPasteur,positive,0.9993941783905029,Staff Conduct & Hospitality,Staff Conduct & Hospitality (0.99); Facilities & Amenities (0.99); Service Quality (0.99)
Yeni Hendrawati,2025,5,hotelnya bagus dan adem sekali apalagi sambil minum minuman cokelat nya dari magenta seger dibantu kk leysa,KOMPETITOR,Bintang 4,HolidayInnBandungPasteur,positive,0.9994714856147766,Facilities & Amenities,Facilities & Amenities (0.99); Room Quality & Comfort (0.98); Service Quality (0.98)
FITRI NUR AULIA,2025,5,Pelayanannya super ramah semuanya sudah dihidangkan dengan baik dibantu kak bunga pengalaman makan siang terbaik,KOMPETITOR,Bintang 4,HolidayInnBandungPasteur,positive,0.9992582201957703,Service Quality,Service Quality (0.99); Guest Experience (0.99); Staff Conduct & Hospitality (0.98)
Novie Wijatmiko,2025,5,tempat ya nyaman strategis deket dari pusat oleh jajanan bandung kamar bersih wangi untuk staf y juga baik resepsionisnya nya baik mbak novi terimakasih susah dibantu waktu kunci akses kamar kita tidak bisa merespon y cepat saat sarapaan juga pelayanan bagus semua mbak nurma terimakasih yang jaga berdiri sushi juga terimakasih ramah mudah an nanti kalau kebandung lagi aku akan mampir ke hotel ini lagi,KOMPETITOR,Bintang 4,HolidayInnBandungPasteur,positive,0.9992009997367859,Service Quality,"Service Quality (0.89); Staff Conduct & Hospitality (0.86); Cleanliness, Hygiene & Maintenance (0.85)"
Titik Suwarni,2025,5,Rasa makanan oke cuma kurang di salad dessert dan pilihan daging sapi nya kurang cuma ada di soto betawi saja,KOMPETITOR,Bintang 4,HolidayInnBandungPasteur,positive,0.899958610534668,Food & Beverage,"Food & Beverage (0.86); Sustainability & Environmental Quality (0.82); Loyalty, Recommendation & Appreciation (0.72)"
Lollyta Adella,2025,5,hotel yang bagus untuk menginap bersama keluarga stafnya juga ramah ramah apalgi mba naipa sarapannya bervariasi,KOMPETITOR,Bintang 4,HolidayInnBandungPasteur,positive,0.9992121458053589,Family & Group Friendly,Family & Group Friendly (1.00); Staff Conduct & Hospitality (0.99); Facilities & Amenities (0.98)
Nizlah Panggabean,2025,5,Alhamdulillah untuk secara keseluruhan dalam hal pelayanan kamar serts makanan memuaskan ditambah letak lokasi hotel yang mudah di cari semoga bisa dipertahankan dan bisa menjadi inspirasi bagi hotel lain terima kasih,KOMPETITOR,Bintang 4,HolidayInnBandungPasteur,positive,0.9981991648674011,Service Quality,"Service Quality (1.00); Facilities & Amenities (0.99); Cleanliness, Hygiene & Maintenance (0.99)"
Efraen Hutajulu,2025,5,pelayanan nya baik untuk sarapan sangat baik untuk dewasa maupun anak,KOMPETITOR,Bintang 4,HolidayInnBandungPasteur,positive,0.9990231990814209,Service Quality,Service Quality (0.99); Guest Experience (0.99); Family & Group Friendly (0.98)
Asoka Remadja Sungkharisma,2025,5,makanananya di magenta mantap kanton daging sapi sama blackpeppernya bumbunya medok cuman untuk dagingnya cukup keras tapi untuk rasanya mantap terlebih servis dari mas juden sama pak rian terbaik,KOMPETITOR,Bintang 4,HolidayInnBandungPasteur,positive,0.9988177418708801,Service Quality,Service Quality (0.99); Staff Conduct & Hospitality (0.84); Food & Beverage (0.84)
Adilla Zahra,2025,5,sarapannya enak pilihannya banyak dan enak enak anak-anak ramah juga makanannya pelayanannya oke salah satunya dari mbak hersa ramah dan membantu kamarnya nyaman nyaman,KOMPETITOR,Bintang 4,HolidayInnBandungPasteur,positive,0.9995009899139404,Food & Beverage,Food & Beverage (0.98); Staff Conduct & Hospitality (0.98); Service Quality (0.98)
Wina Kusnia,2025,5,Nginap di Holiday Inn sangat menyenangkan kamar nya nyaman makanan beragam banyak menu indo pelayanan oke banget aa sofyan,KOMPETITOR,Bintang 4,HolidayInnBandungPasteur,positive,0.9993124008178711,Service Quality,Service Quality (0.99); Room Quality & Comfort (0.97); Facilities & Amenities (0.97)
Raihan Rahadian Akbar,2025,5,kamar nya bagus enak bngt dianjurkan bngt makanan nya bagus enak varianny banyak pelayanan nya cepat petugas nya ramah d ratukn bngt yaa bt teh vabia nya sopan rendah hati,KOMPETITOR,Bintang 4,HolidayInnBandungPasteur,positive,0.9994655251502991,Facilities & Amenities,Facilities & Amenities (0.97); Service Efficiency & Responsiveness (0.96); Guest Experience (0.95)
Fazri Azzahra,2025,5,kamarnya bersih bangett kamar mandi juga bersiih dan nyaman makanan di restonya enak2 semua lagii pasti akan kembali sih,KOMPETITOR,Bintang 4,HolidayInnBandungPasteur,positive,0.9993663430213928,Facilities & Amenities,"Facilities & Amenities (1.00); Cleanliness, Hygiene & Maintenance (1.00); Room Quality & Comfort (0.99)"
anggraeni padmanagara,2025,5,lokasi hotel dekat dengan pintu tol di pinggir jalan utama pelayanan ramah terutama di resto yang beragam menu andalan seperti makanan indonesia barat dan timur tengah letaknya di pinggir kolam renang terima kasih mbak medina kamar yang luas dibandingkan hotel lain dikelasnya cocok untuk menginap bersama keluarga dan dianjurkan untuk keperluan bisnis kantor,KOMPETITOR,Bintang 4,HolidayInnBandungPasteur,positive,0.9993859529495239,Family & Group Friendly,Family & Group Friendly (0.99); Service Quality (0.98); Staff Conduct & Hospitality (0.96)
Apriyana Suryana,2025,5,pasilitas oke kamar nyaman dan pelayanan ka lila nya sangat membantu makasiy ya ka lila dan tempatnya nyaman sekali aman,KOMPETITOR,Bintang 4,HolidayInnBandungPasteur,positive,0.9995065927505493,Room Quality & Comfort,Room Quality & Comfort (1.00); Facilities & Amenities (0.99); Service Quality (0.99)
Herman syahreza Channel,2025,5,Pelayanan nya oke makanan nya juga enak2 dan suasana nya pun nyaman terima kasih banget buat mba vabia sudah membantumu selama menginap di hotel ini,KOMPETITOR,Bintang 4,HolidayInnBandungPasteur,positive,0.9993751645088196,Service Quality,Service Quality (0.99); Facilities & Amenities (0.99); Staff Conduct & Hospitality (0.95)
Nabila Huriya,2025,5,makanan hotel nya enak enak dan lengkap tempatnya juga nyaman pelayanannya baik dengan teh bunga dan ramadhani,KOMPETITOR,Bintang 4,HolidayInnBandungPasteur,positive,0.999450147151947,Facilities & Amenities,Facilities & Amenities (1.00); Food & Beverage (0.99); Service Quality (0.98)
Siti Atika,2025,5,bagus untuk keseluruhan pelayanannya bagus tempatnya nyaman kamarnya nyaman makanannya enak banget,KOMPETITOR,Bintang 4,HolidayInnBandungPasteur,positive,0.9993876218795776,Facilities & Amenities,Facilities & Amenities (1.00); Service Quality (0.99); Guest Experience (0.99)
Priyana subhan M,2025,5,Wah baru nemu hotel yang makanan layanan dan kenyamanan super zuper semua bintang berikutnya klo ke bandung ini pasti kesini lagi,KOMPETITOR,Bintang 4,HolidayInnBandungPasteur,positive,0.9971407651901245,Facilities & Amenities,Facilities & Amenities (1.00); Service Quality (1.00); Room Quality & Comfort (1.00)
sauke Admin,2025,5,kamar bersih pelayanan ramah mas haikal pelayan nya ramah dan pelayanan cepat menu sarapan nya byk variasi dan enak masakannya terima kasih liburan iin,KOMPETITOR,Bintang 4,HolidayInnBandungPasteur,positive,0.9993202686309814,Service Efficiency & Responsiveness,"Service Efficiency & Responsiveness (1.00); Cleanliness, Hygiene & Maintenance (1.00); Staff Conduct & Hospitality (0.99)"
kukuh melon,2025,5,makanannya banyak pilihan baik barat maupun tradisional kamar nyaman termasuk kebersihan yang paling keren untuk pelayanan karyawan di restoran ramah dan inisiatif lokasi strategis karena berada di pintu keluar masuk tol,KOMPETITOR,Bintang 4,HolidayInnBandungPasteur,positive,0.9995303153991699,"Cleanliness, Hygiene & Maintenance","Cleanliness, Hygiene & Maintenance (1.00); Staff Conduct & Hospitality (1.00); Service Quality (1.00)"
Shafa Adha,2025,4,pelayanannya ramah kamar bersih dan rapih fasilitas yang disediakan juga memuaskan,KOMPETITOR,Bintang 4,HolidayInnBandungPasteur,positive,0.9991569519042969,"Cleanliness, Hygiene & Maintenance","Cleanliness, Hygiene & Maintenance (1.00); Service Quality (1.00); Room Quality & Comfort (1.00)"
Fachry Adhya Kusuma,2025,5,Untuk fasilitas ruang pertemuan oke dan kopi istirahat nya banyak pilihan tapi sayang kadang wifi nya suka tidak ada internet,KOMPETITOR,Bintang 4,HolidayInnBandungPasteur,positive,0.9948099851608276,Facilities & Amenities,Facilities & Amenities (0.99); Service Quality (0.96); Room Quality & Comfort (0.93)
Adistya Anggraini,2025,5,Pelayanan ramah kamar mandi bersih makanan enak dan banyak dianjurkan Umtuk acara berkumpul kantor,KOMPETITOR,Bintang 4,HolidayInnBandungPasteur,positive,0.9992074370384216,"Cleanliness, Hygiene & Maintenance","Cleanliness, Hygiene & Maintenance (1.00); Service Quality (1.00); Facilities & Amenities (1.00)"
Lian Chrismatsy,2025,5,kamar bagus pelayanan bagus makanan sarapan enak dan bervariasi lokasi di jalan utama pastor mantab,KOMPETITOR,Bintang 4,HolidayInnBandungPasteur,positive,0.999305248260498,Service Quality,Service Quality (1.00); Facilities & Amenities (1.00); Guest Experience (0.99)
havis ferdiansyah,2025,5,hotelnya bagus tempatnya strategis dekat tol dekat kuliner dan tempat oleh pelayanannya ramah mksh mas ilham,KOMPETITOR,Bintang 4,HolidayInnBandungPasteur,positive,0.9994509816169739,Service Quality,Service Quality (0.99); Staff Conduct & Hospitality (0.99); Facilities & Amenities (0.98)
bayu pratama,2025,5,hotel dengan akses yang terjangkau fasilitas yang lengkap makanannya enak ruangan pertemuan bagus pelayanan nya bagus saat sarapan di restoran dilayani dengan baik oleh staf bernama natasha,KOMPETITOR,Bintang 4,HolidayInnBandungPasteur,positive,0.9994476437568665,Facilities & Amenities,Facilities & Amenities (0.99); Service Quality (0.99); Guest Experience (0.95)
Arva Levinia Rinaldi,2025,5,sarapan nya enak enak bangett suka pelayanannya mantapp banget bunga lia,KOMPETITOR,Bintang 4,HolidayInnBandungPasteur,positive,0.9993346333503723,Service Quality,Service Quality (0.97); Guest Experience (0.95); Food & Beverage (0.89)
sri hernenti,2026,5,pelayanan bagus tempat nyaman makanan okeii mbak rini baik bagus murah senyum,KOMPETITOR,Bintang 4,HolidayInnBandungPasteur,positive,0.9985929131507874,Facilities & Amenities,Facilities & Amenities (1.00); Guest Experience (1.00); Service Quality (0.99)
06_Fitria Luluk Mukhasona,2025,5,sarapan banyak banget macamnya dan enak2 semua dijamin puas dan kenyang taff ramah2 semua terutama koki kevin dan kak ekaria di restoran,KOMPETITOR,Bintang 4,HolidayInnBandungPasteur,positive,0.9994751811027527,Staff Conduct & Hospitality,Staff Conduct & Hospitality (0.99); Family & Group Friendly (0.98); Service Quality (0.94)
Ika Indri PT UMM,2025,5,pengalaman pelayanan ramah suasana nyaman dan penuh pelayanan yang baik dari tim liburan inn pasteur terima kasih juga mba hersa dan mba numa untuk bandrosnya,KOMPETITOR,Bintang 4,HolidayInnBandungPasteur,positive,0.999029278755188,Guest Experience,Guest Experience (1.00); Staff Conduct & Hospitality (1.00); Room Quality & Comfort (0.99)
Ratna Ningsih,2025,5,Alhamdulillah pelayanannya baik terutama pelayanan di sini saya dilayani oleh mba natasy orangnya ramah dan full smile hotel bagus dan bersih dianjurkan untuk bermalam disini,KOMPETITOR,Bintang 4,HolidayInnBandungPasteur,positive,0.9992757439613342,Service Quality,"Service Quality (1.00); Cleanliness, Hygiene & Maintenance (0.99); Staff Conduct & Hospitality (0.99)"
Sandi Kurnia,2025,5,Ruang pertemuan nyaman menu makanan enak untuk mbak medina terima kasih pelayannya baik sopan dan ramah,KOMPETITOR,Bintang 4,HolidayInnBandungPasteur,positive,0.9988413453102112,Staff Conduct & Hospitality,Staff Conduct & Hospitality (1.00); Room Quality & Comfort (0.99); Guest Experience (0.99)
musti irnawati,2025,5,hotel nya menyenangkan pelayanan oke kamar nyaman suka pelayanan kak natasya dan ka bunga oke banget,KOMPETITOR,Bintang 4,HolidayInnBandungPasteur,positive,0.9995044469833374,Service Quality,Service Quality (0.99); Guest Experience (0.99); Facilities & Amenities (0.99)
fajar satria,2025,5,hotel ini berada di jl dari djunjunjun 96 kecamatan pasteur bandung dekat akses tol dan cukup mudah dijangkau dari berbagai titik di bandung hal ini sangat menguntungkan jika anda datang dengan kendaraan atau melalui tol secara keseluruhan liburan inn bandung pasteur adalah pilihan yang sangat baik untuk tinggal di bandung baik untuk urusan bisnis maupun liburan keluarga jika saya memberikan skor berdasarkan ulasan terakhir dan fasilitas 8 5 hingga 9 dari 10 dengan catatan pastikan memilih kamar dan waktu tinggal yang tepat agar dapat pengalaman terbaik,KOMPETITOR,Bintang 4,HolidayInnBandungPasteur,positive,0.9993044137954712,Facilities & Amenities,Facilities & Amenities (0.99); Family & Group Friendly (0.95); Service Quality (0.94)
elrica virdayanti,2025,5,pengalaman yang memyenangkan ramah dan baikk sekali terimakasih untuk mba natasya dan rekan rekan atas bantuan untuk acara ulang tahunnya,KOMPETITOR,Bintang 4,HolidayInnBandungPasteur,positive,0.9970250725746155,Guest Experience,Guest Experience (0.99); Family & Group Friendly (0.99); Staff Conduct & Hospitality (0.98)
heru rulliyanto,2025,5,lokasi nya strategis ruang pertemuan nya bagus jadi nyaman saat pertemuannya makanannya juga enak dibantu oleh mbak aiko,KOMPETITOR,Bintang 4,HolidayInnBandungPasteur,positive,0.9995111227035522,Facilities & Amenities,Facilities & Amenities (0.98); Room Quality & Comfort (0.93); Service Quality (0.92)
itaa karlita,2026,5,Saya dilayani dengan mba nisa ornganya ramah saya sangat senang dilayani dengan mba nisa sarapanya tidak ada kendala apapun,KOMPETITOR,Bintang 4,HolidayInnBandungPasteur,positive,0.9993693232536316,Service Quality,Service Quality (0.98); Guest Experience (0.97); Service Efficiency & Responsiveness (0.92)
MUHAMAD IQBAL AZVIRAH,2025,5,hotelnya bagus nyaman untuk tempat bertemu dan liburan keluarga pelayanan nya di bantu dengan mba lyla sangat ramah pelayanan nya,KOMPETITOR,Bintang 4,HolidayInnBandungPasteur,positive,0.9995203018188477,Family & Group Friendly,Family & Group Friendly (0.99); Staff Conduct & Hospitality (0.98); Guest Experience (0.98)
Tamuji Tan,2025,5,berkunjung ke bandung untuk acara agen pemimpin konferensi dari prudential indonesia beberapa waktu yang lalu kebetulan di selenggarakan acaranya selama 3hari 2malam di hotel ini saya dan rekan saya menginap di bagian lantai premium di mana terdapat kolam renang dalam ruangan di depan kamar kami persis di nomor 670 cukup puas dengan fasilitas sarapan pagi tempat kebersihan makan siang dan makan malam baru juga,KOMPETITOR,Bintang 4,HolidayInnBandungPasteur,positive,0.9984560012817383,Facilities & Amenities,"Facilities & Amenities (0.98); Service Quality (0.98); Cleanliness, Hygiene & Maintenance (0.92)"
Siti Kalimah,2025,5,sarapannya enak banyak pilihan menu dianjurkan yang bepergian jauh bisa menginap di liburan masuk makan malamnya juga enak enak pelayanan juga bagus ramah2 seperti mas yana kak amelia dan kak mia,KOMPETITOR,Bintang 4,HolidayInnBandungPasteur,positive,0.9994482398033142,Service Quality,Service Quality (0.98); Staff Conduct & Hospitality (0.98); Family & Group Friendly (0.96)
D E L L A . N O V N T,2025,5,sarapan kumplit staf ramah rasanya enak pelayanan nya ramah dari mba vabia dan mba wilani terimakasih banyak,KOMPETITOR,Bintang 4,HolidayInnBandungPasteur,positive,0.999472439289093,Food & Beverage,Food & Beverage (0.97); Staff Conduct & Hospitality (0.96); Service Quality (0.96)
Dewi Darwin,2025,5,Alhamdulillah pelayanan baik ada aa haikal di resto nya baik banget makanannya enak2 suka,KOMPETITOR,Bintang 4,HolidayInnBandungPasteur,positive,0.9987533092498779,Service Quality,Service Quality (1.00); Religious & Halal Features (0.97); Guest Experience (0.97)
amanda choirur rizki,2026,5,Super terbaik semua pelayanannya 10 10 dari awal datang sampai pulang ramah ditambah fasilitas anak-anak ramah,KOMPETITOR,Bintang 4,HolidayInnBandungPasteur,positive,0.9992513060569763,Service Quality,Service Quality (1.00); Guest Experience (1.00); Facilities & Amenities (0.99)
Arifhana,2025,5,baik manis yang tidak akan saya pribadi lupa pelayanan mba medina sebagai seorang fbs sangat baik beliau menjajakan untuk tamu di sini untuk pengalaman,KOMPETITOR,Bintang 4,HolidayInnBandungPasteur,positive,0.997885525226593,Guest Experience,Guest Experience (1.00); Service Quality (0.99); Staff Conduct & Hospitality (0.99)
Ratna Kusuma,2025,5,Semua menu makanan enak dan bervariatif pelayanan terbaik pelayan sangat perhatian dan ramah terutama kak akbar,KOMPETITOR,Bintang 4,HolidayInnBandungPasteur,positive,0.9992823004722595,Service Quality,Service Quality (0.99); Staff Conduct & Hospitality (0.99); Guest Experience (0.98)
Noris Rahmatullah,2025,5,tempatnya strategis sarapannya banyak variasi alat gym lengkap pelayanannya bagus sekali bertemu mba amelia yang ramah,KOMPETITOR,Bintang 4,HolidayInnBandungPasteur,positive,0.9994909763336182,Facilities & Amenities,Facilities & Amenities (0.99); Service Quality (0.97); Guest Experience (0.95)
nenk nurhalimah,2025,5,tempatnya nyaman bisa tidur nyenyak makanan enak karyawannya zselalu tersenyum dan menyapa dengan baik,KOMPETITOR,Bintang 4,HolidayInnBandungPasteur,positive,0.9993149042129517,Facilities & Amenities,Facilities & Amenities (0.99); Room Quality & Comfort (0.99); Service Quality (0.98)
Fx Prastowo,2025,5,Holiday Inn Pasteur Bandung menyajikan kualitas yang luar biasa kamar yang luas dan variasi makanan saat sarapan yang banyak dengan rasa yang enak untuk dinikmati,KOMPETITOR,Bintang 4,HolidayInnBandungPasteur,positive,0.9994539618492126,Facilities & Amenities,Facilities & Amenities (0.97); Service Quality (0.97); Room Quality & Comfort (0.95)
Raine Madani,2025,5,pelayanannya terbaik dan staf nya ramah makanannya enak semuanya disini juga ada booth yang menjual makanan dan mainan jadul terima kasih mas heri,KOMPETITOR,Bintang 4,HolidayInnBandungPasteur,positive,0.9990299940109253,Service Quality,Service Quality (0.99); Staff Conduct & Hospitality (0.98); Facilities & Amenities (0.98)
Dian Nurul anwar,2025,5,santai malam sambil ngopi iseng pulang kerja ke magenta ternyata senyaman ini tempat nongkrong dalam hotel minuman murah enak pelayanan bartender nya luar biasa oleh mas tresna,KOMPETITOR,Bintang 4,HolidayInnBandungPasteur,positive,0.9993570446968079,Service Quality,Service Quality (0.99); Staff Conduct & Hospitality (0.92); Guest Experience (0.84)
Yurike Fransiska,2025,5,kamarnya nyaman pelayanannya sangat sangat baik apalagi dengan kak ramadani lokasi strategis makanan sarapannya juga enak lov banget tinggal disini,KOMPETITOR,Bintang 4,HolidayInnBandungPasteur,positive,0.9994423985481262,Service Quality,Service Quality (0.99); Facilities & Amenities (0.99); Room Quality & Comfort (0.99)
Riga muflihuun,2025,5,makanan yang saya coba enak layanan baik mba bunga menyapa dengan ramah kamar nyaman,KOMPETITOR,Bintang 4,HolidayInnBandungPasteur,positive,0.9989796280860901,Guest Experience,Guest Experience (1.00); Service Quality (1.00); Room Quality & Comfort (0.99)
Ade Mutia,2025,5,sarapannya enak pilihannya beragam dan banyak pelayanannya sangat ramah terutama mba eka ria,KOMPETITOR,Bintang 4,HolidayInnBandungPasteur,positive,0.9994798302650452,Food & Beverage,Food & Beverage (0.98); Guest Experience (0.98); Staff Conduct & Hospitality (0.97)
Rizi Idriansyah,2025,5,sudah beberapa kali saya menginap di sini untuk kegiatan dinas dan pelayanannya luar biasa bagus sarapan dan makan malam juga enak2 dan banyak pilihan,KOMPETITOR,Bintang 4,HolidayInnBandungPasteur,positive,0.9989895224571228,Service Quality,Service Quality (1.00); Food & Beverage (0.96); Guest Experience (0.95)
Rini,2025,5,menu sarapannya variatif staf nya membantu cepat menanggapi terutama mbak mia sudah sangat membantu kami terima kasih untuk pelayanannya,KOMPETITOR,Bintang 4,HolidayInnBandungPasteur,positive,0.9993649125099182,Food & Beverage,Food & Beverage (1.00); Staff Conduct & Hospitality (0.98); Service Efficiency & Responsiveness (0.97)
christiana ika,2025,5,Pelayanan ramah dan cepat tanggap makanannya enak dan banyak pilihan vabia server terbaik di resto,KOMPETITOR,Bintang 4,HolidayInnBandungPasteur,positive,0.9993359446525574,Service Efficiency & Responsiveness,Service Efficiency & Responsiveness (1.00); Service Quality (1.00); Staff Conduct & Hospitality (0.99)
Dian Nisa Fitriani,2025,5,Pelayanannya baik sekali staf ilham nya ramah banget hotelnya wangi bersih dan pelayanannya prima lokasi strategis banget good job,KOMPETITOR,Bintang 4,HolidayInnBandungPasteur,positive,0.999413013458252,Service Quality,"Service Quality (0.99); Staff Conduct & Hospitality (0.99); Cleanliness, Hygiene & Maintenance (0.99)"
Agi Ibrahim,2025,5,Salah satu hotel bintang 4 di kota bandung jawa barat yang terbaik dari room service pelayanan dan fasilitas hotel terutama pelayanannya salah satu mas akbar pekerjaan yang baik,KOMPETITOR,Bintang 4,HolidayInnBandungPasteur,positive,0.9989890456199646,Service Quality,Service Quality (1.00); Facilities & Amenities (0.99); Staff Conduct & Hospitality (0.98)
diah intan,2025,5,sarapan sangat enak pelayanannya juga sangat baik terutama untuk kopinya enak banget serta staf yang membuat atas nama amel sangat baik dan ramah,KOMPETITOR,Bintang 4,HolidayInnBandungPasteur,positive,0.9987722039222717,Food & Beverage,Food & Beverage (0.99); Staff Conduct & Hospitality (0.99); Service Quality (0.99)
Maisya Khairina Arifin,2025,5,pelayanan hotel ramah sekali kamar nyaman banget pengen ksni lg lagi,KOMPETITOR,Bintang 4,HolidayInnBandungPasteur,positive,0.9988310933113098,Service Quality,Service Quality (0.97); Guest Experience (0.94); Staff Conduct & Hospitality (0.94)
A.Guntar S.A.,2025,5,Pelayannya terutama mbak hersa ramah banget dan membantu semuanya di sini perhatian dan layanan keunggulan tempat seminar oke cemilan oke terutama tehnya enak,KOMPETITOR,Bintang 4,HolidayInnBandungPasteur,positive,0.999451220035553,Service Quality,Service Quality (1.00); Staff Conduct & Hospitality (1.00); Facilities & Amenities (0.99)
Ossy Prabowo,2025,5,kamar tertata dengan baik bersih rapih layanan ramah lokasi strategis kemana saja dekat fauzan,KOMPETITOR,Bintang 4,HolidayInnBandungPasteur,positive,0.9994069337844849,"Cleanliness, Hygiene & Maintenance","Cleanliness, Hygiene & Maintenance (0.99); Room Quality & Comfort (0.99); Service Quality (0.99)"
Bayu Ramadhan,2025,5,pelayanan sangat ramah kamar bersih makanannya enak terkhusus stafnya medina dan hersa ramah banget,KOMPETITOR,Bintang 4,HolidayInnBandungPasteur,positive,0.9993172883987427,"Cleanliness, Hygiene & Maintenance","Cleanliness, Hygiene & Maintenance (0.99); Guest Experience (0.99); Service Quality (0.99)"
Salsabila Barasyid,2025,5,hotel yang strategis bersih dan pelayanan yang ramah sekali amenitiesnya pun lengkap pak sofyan menyambut kami dengan ramah dan pelayanan terbaik serta pak refin yang memberikan rekomendasi makanan dan pelayanan sarapan yang baik pula sarapan disini rasanya enak2 dan variatif smua jika suatu saat ke bandung lg pasti akan kembali lg ke hotel ini,KOMPETITOR,Bintang 4,HolidayInnBandungPasteur,positive,0.9995452761650085,"Cleanliness, Hygiene & Maintenance","Cleanliness, Hygiene & Maintenance (1.00); Facilities & Amenities (0.99); Staff Conduct & Hospitality (0.99)"
Cucu Cunaningsih,2025,5,kamar tempat makannya sangat baik dan pelayananya untuk pelayanannya dri mas akbar sangat sopan dan sangat membantu sekali trima kasih,KOMPETITOR,Bintang 4,HolidayInnBandungPasteur,positive,0.9992565512657166,Guest Experience,Guest Experience (1.00); Room Quality & Comfort (1.00); Staff Conduct & Hospitality (0.99)
Shereen,2025,5,terima kasih banyak makanannya luar biasa dan pelayanannya sangat membantu dan terimakasih juga bwt aa akbar telah melayani kami dengan baik dan sopan,KOMPETITOR,Bintang 4,HolidayInnBandungPasteur,positive,0.9980602860450745,Guest Experience,Guest Experience (0.99); Service Quality (0.99); Staff Conduct & Hospitality (0.99)
Putra,2025,5,Straegis dan fasilitas lengkap hotel ini mudah di jangkau fasilitas hotel lengkap ada dua kolam renang outdoor dan indoor juga sarapan variatif dengan layanan staf yang cekatan kudos buat mba vadia yang super membantu,KOMPETITOR,Bintang 4,HolidayInnBandungPasteur,positive,0.9994296431541443,Facilities & Amenities,Facilities & Amenities (1.00); Food & Beverage (0.99); Staff Conduct & Hospitality (0.99)
Ryan S,2025,5,Holiday Inn Bandung Pasteur memberikan pelayanan yang baik dengan tipe kamar kamar keluarga kamar yang luas dan cukup untuk dua orang tua dan tiga anak sarapan juga enak dan bervariasi,KOMPETITOR,Bintang 4,HolidayInnBandungPasteur,positive,0.9994922876358032,Family & Group Friendly,Family & Group Friendly (1.00); Service Quality (0.99); Facilities & Amenities (0.99)
ria romadon,2025,5,mengopi dan merokok meninggalkan kolam yang adem ditanya pegalaman selama di sini oleh mbak medina dan hersa tentu saya jawab nyaman sekali saya sedang bertemu di sini ruangan pun adem tidak membuat sumpek juga terimakasih tadi bertemu juga dengan hersa dan medina ketika sarapan merekapun cekatan dan sigap goodjob semangat pelatihannya,KOMPETITOR,Bintang 4,HolidayInnBandungPasteur,positive,0.9991304278373718,Room Quality & Comfort,Room Quality & Comfort (0.95); Guest Experience (0.85); Check in/out Experience (0.76)
Tri rahayu,2025,5,kamar yang bagus rapi bersih untuk fasilitas kamar komplit ada setrikaan pengering rambut untuk makanan hotel enak semuanya,KOMPETITOR,Bintang 4,HolidayInnBandungPasteur,positive,0.9992425441741943,Facilities & Amenities,"Facilities & Amenities (0.99); Cleanliness, Hygiene & Maintenance (0.99); Service Quality (0.99)"
04. Ananda Indri Sabrina,2025,5,lokasi strategis makanan olahan ayamnya enak enak pelayanan oleh mba hersa sangat ramah dan bermanfaat fasilitas dan layanan kamar juga membuat nyaman,KOMPETITOR,Bintang 4,HolidayInnBandungPasteur,positive,0.9995421171188354,Facilities & Amenities,Facilities & Amenities (0.99); Staff Conduct & Hospitality (0.99); Guest Experience (0.99)
Luths Maharina,2025,5,layanan nya bagus banget makanan restonya enak bawa keluarga nemenin istri seminar sekalian liburan ke bandung tidak nyesel nginep di holiday inn bandung pasteur,KOMPETITOR,Bintang 4,HolidayInnBandungPasteur,positive,0.9995300769805908,Service Quality,Service Quality (1.00); Family & Group Friendly (0.99); Facilities & Amenities (0.97)
"Yayah Sa,Diyah",2025,5,Alhamdulillah kami puas dengan pelayanan hotel liburan masuk bandung baik penginapan atau menuunya mantaps natassya dan hersa,KOMPETITOR,Bintang 4,HolidayInnBandungPasteur,positive,0.9992638230323792,Facilities & Amenities,Facilities & Amenities (0.98); Service Quality (0.98); Check in/out Experience (0.97)
Anita anita,2025,5,Hotel ternyaman di bandung saya dan suami suka sekali disini staf nya tanggap dan baik hati mb leysa,KOMPETITOR,Bintang 4,HolidayInnBandungPasteur,positive,0.9993034601211548,Staff Conduct & Hospitality,Staff Conduct & Hospitality (0.99); Service Quality (0.98); Service Efficiency & Responsiveness (0.98)
Jessica Effyan,2025,5,hotel ihg ternyaman pelayanan nya bagus dan ramah dengan mba leysha dari gro,KOMPETITOR,Bintang 4,HolidayInnBandungPasteur,positive,0.9995680451393127,Service Quality,Service Quality (0.99); Guest Experience (0.99); Staff Conduct & Hospitality (0.99)
Rizki Sari,2025,5,tempat istirahat yang nyaman sarapan istimewa pelayanan kelas atas pengalaman yang mengesankan bersama keluarga,KOMPETITOR,Bintang 4,HolidayInnBandungPasteur,positive,0.9994414448738098,Service Quality,Service Quality (1.00); Room Quality & Comfort (0.99); Guest Experience (0.98)
Salsa Utami,2025,5,hotelnya ramah ramah stafnya kamarnya pun bersih sekali makanannya enak sayaa tinggal bersama anak saya bahagia sekali dan saya dibantu oleh mbaa karinaa trmksh,KOMPETITOR,Bintang 4,HolidayInnBandungPasteur,positive,0.9995013475418091,"Cleanliness, Hygiene & Maintenance","Cleanliness, Hygiene & Maintenance (0.99); Family & Group Friendly (0.99); Facilities & Amenities (0.98)"
udhin Berantai,2025,5,hotel nya sangat baik dari pelayanan nya sangat luar biasa orangnya ramah2 intinya luar biasa terimakasih banyak mas ulwan,KOMPETITOR,Bintang 4,HolidayInnBandungPasteur,positive,0.9987012147903442,Service Quality,Service Quality (0.99); Staff Conduct & Hospitality (0.99); Guest Experience (0.98)
Winda Darmayanti,2025,5,Pelayanan nya ramah dan tempat nya nyaman untuk pelayanan yang menawarkan ini mba lia ybs sangat ramah terima kasih liburan inn,KOMPETITOR,Bintang 4,HolidayInnBandungPasteur,positive,0.9989725351333618,Facilities & Amenities,Facilities & Amenities (1.00); Staff Conduct & Hospitality (1.00); Guest Experience (1.00)
Ulfah Az-zahra,2025,5,Makanan oleh koki repin enak semua tidak ada yang gagal layanan yang sangat baik oleh pak sofyan dan tim pun ramah membantu pokonya keren banget aku suka tinggal di sini,KOMPETITOR,Bintang 4,HolidayInnBandungPasteur,positive,0.9993836879730225,Staff Conduct & Hospitality,Staff Conduct & Hospitality (1.00); Service Quality (1.00); Service Efficiency & Responsiveness (1.00)
Rosanti Askolani,2025,5,Tinggal disini sangat menyenangkan untuk anak2 apalagi pelayanan saat sarapan dan makan malam luar bisa membuat sangat baik untuk makan terima kasihh juga buat kak amelia,KOMPETITOR,Bintang 4,HolidayInnBandungPasteur,positive,0.9992152452468872,Guest Experience,Guest Experience (1.00); Facilities & Amenities (0.99); Staff Conduct & Hospitality (0.99)
Isti Fadha,2025,5,sarapan di hotel ini sangat enak menu beragam terimakasih untuk kak ramadhani yang melayani dengan ramah,KOMPETITOR,Bintang 4,HolidayInnBandungPasteur,positive,0.9993385672569275,Service Quality,Service Quality (0.97); Food & Beverage (0.97); Staff Conduct & Hospitality (0.96)
Tabita Panggabean,2025,5,pengalaman menginap yang menyenangkan fnb nya juga enak semua nice hotel terima kasih banyak mba ramadani untuk cokelat panas manisnyaa,KOMPETITOR,Bintang 4,HolidayInnBandungPasteur,positive,0.9987887740135193,Guest Experience,Guest Experience (1.00); Facilities & Amenities (0.99); Food & Beverage (0.99)
Ummi Aiman,2025,5,Staff hotel Miss Lila sangat membantu dan ramah terdapat juga snacking sambil menunggu cek masuk hotelnya bagus,KOMPETITOR,Bintang 4,HolidayInnBandungPasteur,positive,0.9993423819541931,Food & Beverage,Food & Beverage (0.97); Staff Conduct & Hospitality (0.96); Service Efficiency & Responsiveness (0.92)
mahesa putra,2025,5,lokasi hotelnya strategis makanan aarapan serta kamarnya bagus terima kasih mba hesra sudah ngelayanin kamii yay,KOMPETITOR,Bintang 4,HolidayInnBandungPasteur,positive,0.9993940591812134,Facilities & Amenities,Facilities & Amenities (0.99); Food & Beverage (0.98); Service Quality (0.98)
Tasya Rahmani Puspa Pertiwi,2025,5,pelayanan baik cepat dan ramah makanannya enak dan sangat menyambut salah satunya adalah mba amel,KOMPETITOR,Bintang 4,HolidayInnBandungPasteur,positive,0.9991400241851807,Service Efficiency & Responsiveness,Service Efficiency & Responsiveness (1.00); Staff Conduct & Hospitality (1.00); Guest Experience (1.00)
rezky wira zenidha,2025,5,tempat kamar hotel nya nyaman dengan lokasi yang pemandangan nya bagus untuk pelayanannya sangat ramah dan membantu,KOMPETITOR,Bintang 4,HolidayInnBandungPasteur,positive,0.9993250370025635,Facilities & Amenities,Facilities & Amenities (0.99); Room Quality & Comfort (0.99); Service Efficiency & Responsiveness (0.99)
Rahmah Fazila,2025,5,untuk sarapannya selama 3 hari di liburan hotel cukup baik dan memuaskan saya ditawarkan kopi dan teh oleh pelayan bernama bima tidak hanya itu tapi juga dikasih tulisan kata2 motivasi lewat jaringan,KOMPETITOR,Bintang 4,HolidayInnBandungPasteur,positive,0.9082134366035461,Food & Beverage,Food & Beverage (0.99); Service Quality (0.98); Guest Experience (0.96)
Yunisa Nf,2025,5,kamarnya nyaman makanannya enak dan pelayananya baik terimakasih untuk pelayanan servis dari teh bunga juga grecep terimakasih,KOMPETITOR,Bintang 4,HolidayInnBandungPasteur,positive,0.9992932081222534,Service Quality,Service Quality (0.99); Facilities & Amenities (0.99); Room Quality & Comfort (0.99)
Hanifah,2025,5,kamarnya bagus sarapan bervariasi enak pelayanan kak natasya kak bunga baik,KOMPETITOR,Bintang 4,HolidayInnBandungPasteur,positive,0.9991348385810852,Guest Experience,Guest Experience (0.99); Facilities & Amenities (0.98); Room Quality & Comfort (0.98)
Apika Rohma,2025,5,hotel nya bagus pelayanannya ramah tempat bermainnya juga nyaman buat anak anak,KOMPETITOR,Bintang 4,HolidayInnBandungPasteur,positive,0.9994447827339172,Service Quality,Service Quality (0.99); Facilities & Amenities (0.99); Guest Experience (0.98)
Rina Nurhasanah,2025,5,sarapannya enak pelayananya baik dan ramah terima kasih bu melanie untuk hari ini kemarin untuk p yogie,KOMPETITOR,Bintang 4,HolidayInnBandungPasteur,positive,0.9986386895179749,Service Quality,Service Quality (0.99); Guest Experience (0.99); Staff Conduct & Hospitality (0.98)
Felicia Tasmica Izzatudina,2025,5,Hotel yang oke banget untuk kegiatan apalagi untuk bekerja ibu karena ada nursery yang bagus banget terima kasih mb natasya atas pelayanannya,KOMPETITOR,Bintang 4,HolidayInnBandungPasteur,positive,0.9991100430488586,Facilities & Amenities,Facilities & Amenities (0.97); Guest Experience (0.97); Service Quality (0.97)
Owner Hotel&Penginapan,2026,5,Holiday Inn Bandung Pasteur info kontak untuk memesan kamar Wa Ol l  Pemilik,KOMPETITOR,Bintang 4,HolidayInnBandungPasteur,neutral,0.9889551401138306,Booking & Reservation Experience,Booking & Reservation Experience (0.82); Service Efficiency & Responsiveness (0.64); Facilities & Amenities (0.63)
Faiz Ghifari,2026,5,terima kasih mbak amelia pelayanan yang sangat baik menuunya lengkap sampai yang tradisional juga tersedia,KOMPETITOR,Bintang 4,HolidayInnBandungPasteur,positive,0.9978815913200378,Service Quality,Service Quality (1.00); Guest Experience (0.97); Cultural & Heritage Experience (0.93)
Teti Mulyati,2025,1,punten permisi pihak hotel yang terhormat maaf saya dan warga sekitar merasa terganggu jika lagi ada acara kedengeran sekali genderang genderang tidak jelas sampai bergetar kaca rumah dan sakit telinga saya pakai pengedap suara yang bagus dong agar tidak mengganggu kenyamanan warga,KOMPETITOR,Bintang 4,HolidayInnBandungPasteur,negative,0.9952338337898254,Guest Experience,Guest Experience (0.69); Facilities & Amenities (0.45); Religious & Halal Features (0.44)
Mora Lina Rajagukguk,2025,5,Terimakasih mbak hersa karna saya nyaman dan semua makanan sarapan pagi nya enak pilihan menu nya juga banyak tidak terasa 2 jam saya duduk menikmati sarapan nya libur berikutnya mau dateng lagi ke Holiday Inn,KOMPETITOR,Bintang 4,HolidayInnBandungPasteur,positive,0.9982958436012268,Facilities & Amenities,Facilities & Amenities (0.99); Service Quality (0.98); Room Quality & Comfort (0.96)
Julia Nofitasari,2025,5,terima kasih unt kak lyla pelayanan sangat ramah dan profesional lokasi hotel juga strategis di depan jalan,KOMPETITOR,Bintang 4,HolidayInnBandungPasteur,positive,0.9994018077850342,Staff Conduct & Hospitality,Staff Conduct & Hospitality (0.99); Service Quality (0.99); Facilities & Amenities (0.99)
Gracia Prima,2025,5,Natal dinnernya enak pelayanannya baik dari awal sampai akhir pekerjaan baik pak yana,KOMPETITOR,Bintang 4,HolidayInnBandungPasteur,positive,0.9991540908813477,Service Quality,Service Quality (1.00); Guest Experience (0.99); Check in/out Experience (0.98)
Tantri febriana,2025,5,Saya menginap di sini 3 hari pelayanan bagus stafnya ramah dan sangat membantu kamar bersih fasilitas lengkap makanannya bervariasi dan rasanya enak,KOMPETITOR,Bintang 4,HolidayInnBandungPasteur,positive,0.9991899132728577,Facilities & Amenities,"Facilities & Amenities (1.00); Cleanliness, Hygiene & Maintenance (0.99); Guest Experience (0.99)"
agti olsa garsela,2025,5,pengalaman menginap bersama keluarga yang menyenangkan dari proses cek masuk nya yang mudah trima kasih variasi makanan sarapannya banyak sekali btw saya banyak di bantu sama ka nurma ramahh,KOMPETITOR,Bintang 4,HolidayInnBandungPasteur,positive,0.9990234375,Guest Experience,Guest Experience (0.99); Check in/out Experience (0.99); Service Quality (0.98)
Karin,2025,5,pelayanannya ramah tempatnya nyaman layanan di resto juga oke banget terutama mba amelia hotel yang ramah anak,KOMPETITOR,Bintang 4,HolidayInnBandungPasteur,positive,0.9993677735328674,Facilities & Amenities,Facilities & Amenities (0.99); Service Quality (0.99); Staff Conduct & Hospitality (0.99)
arrie hidayat,2025,5,malam pertama dari rencana menginap selama 3 malam kamarnya ckp nyaman namun sedikit terganggu karena bersebelahan dengan lift dan melihat bangunan terhalang baru fasilitas ckp lengkap dan gratis untuk tamu yang menginap servis oke dengan petugas yang selalu sigap menawarkan bantuan atas semua sangat dianjurkan hotel untuk menginap di bandung,KOMPETITOR,Bintang 4,HolidayInnBandungPasteur,positive,0.9990027546882629,Facilities & Amenities,Facilities & Amenities (0.99); Service Quality (0.99); Service Efficiency & Responsiveness (0.97)
Rina Erfina,2025,5,menginap di sini untuk kedua kalinya hotelnya cukup luas ruang pertemuannya banyak dan kamarnya nyaman bersih dan stafnya juga ramah,KOMPETITOR,Bintang 4,HolidayInnBandungPasteur,positive,0.9994059801101685,Facilities & Amenities,Facilities & Amenities (0.99); Service Quality (0.97); Room Quality & Comfort (0.97)
Atha NaqKha,2025,5,hotel holiday iin salah satu hotel yang direkomendasikan untuk ingat baik bersama keluarga maupun bersama teman2 menu yang disajikan sangat bervariasi dan bergizi yang sungguh menggugah selera kolam renang yang cukup ideal pelayanannya ramah dan gelis salah satu karyawannya bernama natasya lia nurma mia harlan karina dan medina yang ramah dan sopan serta murah senyum,KOMPETITOR,Bintang 4,HolidayInnBandungPasteur,positive,0.999406099319458,Family & Group Friendly,Family & Group Friendly (1.00); Staff Conduct & Hospitality (1.00); Service Quality (0.99)
Achmad Farobi,2025,5,kamar oke banget kalau ada kendala kebutuhan pasti langsung dibantu pelayanan super banget serasa dimanja room service nya oke banget semuanya baik2 di resto nya juga ramah2 banget ada mas bima juga yang sering keliling tidak bosan tanya kebutuhan kita apa dan mau banget bantu yang lain pun sama juga ramah dan gercep ada taman bermain buat bocilku juga walaupun ada baru cuma di akhir pekan saja mudah2an kedepannya bisa di lokasi kan di lantai tertentu saja selalu ada taman bermain nya karena sangat sangat membantu untuk temenin anak biar tidak booting apalagi yang usia2 toodler ya ada kelinci nya juga bocilku suka makan ngasih,KOMPETITOR,Bintang 4,HolidayInnBandungPasteur,positive,0.9985492825508118,Service Quality,Service Quality (0.96); Family & Group Friendly (0.93); Service Efficiency & Responsiveness (0.92)
Bunga Hanismara Nurdin,2025,5,kamar nya bagus bersih makanan saat sarapan nya juga enak enak dan banyak pilihan nya pelayanan nya juga super baguss btw waktu itu aku di banya di bantu sama ka nurma,KOMPETITOR,Bintang 4,HolidayInnBandungPasteur,positive,0.999237060546875,Service Quality,"Service Quality (0.98); Facilities & Amenities (0.97); Cleanliness, Hygiene & Maintenance (0.96)"
laura Khoerunnisa,2025,5,sarapannya enak dan lengkap banget mana ada matcha pelayanan nya di layani oleh mba hersa dan fabia yang ramah,KOMPETITOR,Bintang 4,HolidayInnBandungPasteur,positive,0.9992176294326782,Staff Conduct & Hospitality,Staff Conduct & Hospitality (0.98); Food & Beverage (0.97); Service Quality (0.97)
Zerlitha Syakilla,2025,5,Hotelnya bagus sarapan nya banyak pilihan pelayanan nya bagus dari kang juden,KOMPETITOR,Bintang 4,HolidayInnBandungPasteur,positive,0.9994146823883057,Service Quality,Service Quality (1.00); Food & Beverage (0.98); Guest Experience (0.98)
Muz Asmari,2025,5,penginapan yang hebat makanan kebersihan kamar dan yang paling hebat bersih restoran nya juga hebat banget staf kamu yang hebat mr haekal dan hersa,KOMPETITOR,Bintang 4,HolidayInnBandungPasteur,positive,0.999092698097229,"Cleanliness, Hygiene & Maintenance","Cleanliness, Hygiene & Maintenance (1.00); Service Quality (1.00); Facilities & Amenities (1.00)"
SRI WAHYUNINGSIH,2025,5,hotelnya mewah kamarnya nyaman dengan melihat pemandangan yang indah keamanannya baik makanannya bervariasi enak enak makanannya pelayanannya luar biasa baik pegawainya ramah,KOMPETITOR,Bintang 4,HolidayInnBandungPasteur,positive,0.9992213249206543,Safety & Security,Safety & Security (1.00); Facilities & Amenities (0.99); Staff Conduct & Hospitality (0.99)
Asep Hakim,2025,5,kamarnya luas nyaman sarapan semua enak tertama buburnya oke banget terimakasih pak akbar atas giftnya,KOMPETITOR,Bintang 4,HolidayInnBandungPasteur,positive,0.9993388056755066,Facilities & Amenities,Facilities & Amenities (0.99); Room Quality & Comfort (0.95); Guest Experience (0.93)
Azka Fitri Humaira,2025,4,Dari segi makanan cukup memuaskan loby dan kamar bersih namun kamar sempat mati lampu 2x cukup lama ramadhan,KOMPETITOR,Bintang 4,HolidayInnBandungPasteur,positive,0.9988378882408142,"Cleanliness, Hygiene & Maintenance","Cleanliness, Hygiene & Maintenance (0.95); Facilities & Amenities (0.94); Food & Beverage (0.88)"
Lindawati Dewiyana,2025,5,biar foto yang bicara staf sangat membantu terima kasih ya sudah bikin pengalaman menginap disini menyenangkan lope lope deh,KOMPETITOR,Bintang 4,HolidayInnBandungPasteur,positive,0.9977355003356934,Guest Experience,Guest Experience (0.96); Check in/out Experience (0.90); Service Quality (0.84)
Zelvierra Zaara Makhardika,2025,5,sudah beberapa kali ke liburan inn tidak pernah bosan dengan semuanya makanan dan pelayanannya rendah hati sangat terima kasih yaa mba nissa mba ririn,KOMPETITOR,Bintang 4,HolidayInnBandungPasteur,positive,0.9993093013763428,Service Quality,Service Quality (1.00); Service Efficiency & Responsiveness (1.00); Staff Conduct & Hospitality (0.99)
n'cha puspitasari,2025,5,tempatnya nyaman kamarnya bersih makanan enak stafnya ramah salah satunya kak amelia perjalanan berikutnya ke bandung lagi akan kembali lagi,KOMPETITOR,Bintang 4,HolidayInnBandungPasteur,positive,0.999503493309021,Facilities & Amenities,"Facilities & Amenities (1.00); Room Quality & Comfort (0.99); Cleanliness, Hygiene & Maintenance (0.99)"
Intan Rosalina,2025,5,best banget pelayanannya terima kasih kak nurma dan kak ramadhani ramah banget sarapannya juga enak,KOMPETITOR,Bintang 4,HolidayInnBandungPasteur,positive,0.9994463324546814,Service Quality,Service Quality (0.99); Guest Experience (0.98); Staff Conduct & Hospitality (0.97)
Jovita Nathania,2025,5,Pelayanan dan fasilitas bagus fasilitas yang disediakan oleh personil merpati membantu terutama mba lila sangat membantu,KOMPETITOR,Bintang 4,HolidayInnBandungPasteur,positive,0.9989660978317261,Facilities & Amenities,Facilities & Amenities (1.00); Service Quality (0.99); Guest Experience (0.97)
yuyun yuhani,2025,5,Semua bagus dari segi pelayanan kamarnya luas dan sarapan juga banyak menuunya enak semua lokasi di tengah kota bandung,KOMPETITOR,Bintang 4,HolidayInnBandungPasteur,positive,0.9993638396263123,Service Quality,"Service Quality (1.00); Facilities & Amenities (1.00); Cleanliness, Hygiene & Maintenance (0.99)"
Putri Indah Sari,2025,5,makanan nya enak enak staf nya ramah ramah informatif harga masih terjangkau susana nyaman fasilitas oke,KOMPETITOR,Bintang 4,HolidayInnBandungPasteur,positive,0.9991065859794617,Pricing & Value for Money,Pricing & Value for Money (0.97); Service Quality (0.97); Facilities & Amenities (0.95)
mauricio,2025,5,makanan nya enak pelayanan cepat dan tempat nyaman dan cocok mas miftah sangat membantu,KOMPETITOR,Bintang 4,HolidayInnBandungPasteur,positive,0.9993829727172852,Facilities & Amenities,Facilities & Amenities (1.00); Service Efficiency & Responsiveness (1.00); Room Quality & Comfort (0.99)
Riska Ilhami,2025,5,pokoknya puas banget nginep disini sarapannya banyak varian dan enak2 terima kasih juga buat tth amel udah kasih aku kata2 wkwkwk,KOMPETITOR,Bintang 4,HolidayInnBandungPasteur,positive,0.9993569254875183,Guest Experience,Guest Experience (0.84); Food & Beverage (0.75); Service Quality (0.65)
Danti Febritama,2025,5,fasilitas lengkap pelayanan sangat ramah makanan yang disajikan lezat,KOMPETITOR,Bintang 4,HolidayInnBandungPasteur,positive,0.999103307723999,Facilities & Amenities,Facilities & Amenities (0.99); Service Quality (0.98); Guest Experience (0.98)
Maulana Sakti,2025,5,rekomendasi hotel di kota bandung akses dekat pintu tol pasteur untuk kamar baru bersih nyaman dan sarapan nya juga mantaps terutama untuk kanaipa pelayanan layanan nya sih yang ramah pisann,KOMPETITOR,Bintang 4,HolidayInnBandungPasteur,positive,0.9994670748710632,Service Quality,Service Quality (1.00); Facilities & Amenities (0.99); Staff Conduct & Hospitality (0.99)
Ahmad Fahmi,2025,5,lokasi strategis deket pusat kota pintu tol parkir luas sarapan lengkap staf ramah responsif kamar luas dan nyaman dianjurkan klo ke bandung nginep di sini lg,KOMPETITOR,Bintang 4,HolidayInnBandungPasteur,positive,0.9995326995849609,Facilities & Amenities,"Facilities & Amenities (0.99); Staff Conduct & Hospitality (0.99); Location, Accessibility & Parking (0.99)"
Yasmin Maharani H,2025,5,pelayanannya ramah dengan teh naipa untuk tempatnya strategis dekat dari tol pasteur fasilitasnya lengkap makanannya enak enak banyak macam variannya terima kasih holiday inn,KOMPETITOR,Bintang 4,HolidayInnBandungPasteur,positive,0.9994783997535706,Facilities & Amenities,Facilities & Amenities (0.99); Service Quality (0.98); Food & Beverage (0.97)
Regi Gumilar,2025,5,tempatnya nyaman kamarnya bersih pelayanan nya ramah sarapan nya sangat sangat enak,KOMPETITOR,Bintang 4,HolidayInnBandungPasteur,positive,0.9993207454681396,Facilities & Amenities,"Facilities & Amenities (0.99); Cleanliness, Hygiene & Maintenance (0.98); Guest Experience (0.98)"
Aisah Arum,2025,5,Hotelnya Baguss merekomendasikan Bangett berikutnya jika kebandung lagi akan nginap lagi dsini apalagi kak vabia pelayan resto ramah bangett gercep jugaa,KOMPETITOR,Bintang 4,HolidayInnBandungPasteur,positive,0.9994460940361023,Service Quality,Service Quality (0.99); Staff Conduct & Hospitality (0.98); Facilities & Amenities (0.91)
Saep Udin,2025,5,Saya baru menginap di hotel ini bagus pelayanannya keren pasilitas oke saya dan keluarga bahagia senang sekali,KOMPETITOR,Bintang 4,HolidayInnBandungPasteur,positive,0.9991393089294434,Service Quality,Service Quality (1.00); Facilities & Amenities (0.99); Guest Experience (0.98)
Mustakim Takim,2025,5,Saat liburan ke bandung mau coba2 nginep di liburan masuk cepat ternyata kamar dan pelayanan nya sangat baik sekali trimakasih untuk ka hersa sudah memberikan sarapan pagi untuk syh baik dan ramah trimakasih,KOMPETITOR,Bintang 4,HolidayInnBandungPasteur,positive,0.9992740750312805,Room Quality & Comfort,Room Quality & Comfort (0.99); Facilities & Amenities (0.99); Service Quality (0.99)
Yulia Suryamah,2025,5,Pelayanan dibantu kak lila yang baik dan ramah tempat pertemuan nya nyaman makanan nya oke menyenangkan,KOMPETITOR,Bintang 4,HolidayInnBandungPasteur,positive,0.999129593372345,Facilities & Amenities,Facilities & Amenities (1.00); Guest Experience (1.00); Staff Conduct & Hospitality (0.99)
Lona Rahman,2025,5,sangat menikmati menginap di sini pelayanannya super duper bagus banget semua staf ramah dan membantu setiap keluhan kita dengan cepat dan gym yang gratis 24 jam ada kolam renang dll pokoknya rekomended banget disini,KOMPETITOR,Bintang 4,HolidayInnBandungPasteur,positive,0.999396800994873,Facilities & Amenities,Facilities & Amenities (0.99); Staff Conduct & Hospitality (0.99); Service Efficiency & Responsiveness (0.99)
Fajrin Sidiq,2025,5,makan enak kamar rapih bersih mantap natasya pelayanannya ramah baik sopan bunga pelayanannya ramah baik sopan,KOMPETITOR,Bintang 4,HolidayInnBandungPasteur,positive,0.9992983341217041,"Cleanliness, Hygiene & Maintenance","Cleanliness, Hygiene & Maintenance (1.00); Facilities & Amenities (0.99); Guest Experience (0.99)"
Bella Razali,2025,5,bilik yang bersih makanan sarapan yang sgt banyak dan layanan mesra sangat direkomendasikan,KOMPETITOR,Bintang 4,HolidayInnBandungPasteur,positive,0.9986131191253662,Service Quality,"Service Quality (0.99); Room Quality & Comfort (0.99); Cleanliness, Hygiene & Maintenance (0.99)"
Rafal Guna,2026,5,tempat yang nyaman pelayanan yang ramah dan akomodasi yang memadai anisa,KOMPETITOR,Bintang 4,HolidayInnBandungPasteur,positive,0.9987603425979614,Facilities & Amenities,Facilities & Amenities (0.99); Room Quality & Comfort (0.99); Service Quality (0.99)
Naura Khansa,2025,5,sarapannya enak dan lengkap stafnya super ramah dan membantu terutama kak amelia selalu nawarin bantuann terima kasih banyakk,KOMPETITOR,Bintang 4,HolidayInnBandungPasteur,positive,0.9993510842323303,Staff Conduct & Hospitality,Staff Conduct & Hospitality (0.96); Food & Beverage (0.95); Service Quality (0.94)
dedy sumantri,2025,5,overall nginap di holiday inn menyenangkan pelayanan yang ramah sarapan yang enak dan variatif kamar nyaman sedikit saran selalu ada bunyi suara di kulkas sedikit ganggu setiap sekitar 45 menit terimakasih natasya,KOMPETITOR,Bintang 4,HolidayInnBandungPasteur,positive,0.9986987113952637,Facilities & Amenities,Facilities & Amenities (0.99); Service Quality (0.97); Staff Conduct & Hospitality (0.94)
Adrian Adrian,2026,5,hotel nyaman dan bersih cocok untuk menginap bersama keluarga,KOMPETITOR,Bintang 4,HolidayInnBandungPasteur,positive,0.9992882609367371,Family & Group Friendly,"Family & Group Friendly (0.99); Facilities & Amenities (0.98); Cleanliness, Hygiene & Maintenance (0.97)"
ruri keren,2025,4,Pelayanan kamarnya bagus sarapannya enak dibantu dengan mbak lyla,KOMPETITOR,Bintang 4,HolidayInnBandungPasteur,positive,0.9994266033172607,Service Quality,Service Quality (1.00); Guest Experience (0.99); Facilities & Amenities (0.99)
Fauzan Coitus,2025,5,makanan sangat enak banyak variasi dan servis nya sangat ramah baik saya di layanin oleh ka hersa bunga,KOMPETITOR,Bintang 4,HolidayInnBandungPasteur,positive,0.9993058443069458,Guest Experience,Guest Experience (0.99); Service Quality (0.98); Staff Conduct & Hospitality (0.98)
anggara diah,2025,5,sarapan okee fasilitas okee hanya kulkas tengah malam suka bergetar pelayanan lumayan,KOMPETITOR,Bintang 4,HolidayInnBandungPasteur,positive,0.9711855053901672,Facilities & Amenities,Facilities & Amenities (0.98); Service Quality (0.98); Guest Experience (0.95)
Eunike Saliman,2025,5,Lokasinya strategis kamarnya nyaman sarapannya enak terutama pelayanannya sangat baik oleh kak hersa teruskan,KOMPETITOR,Bintang 4,HolidayInnBandungPasteur,positive,0.9994423985481262,Service Quality,Service Quality (0.99); Facilities & Amenities (0.99); Room Quality & Comfort (0.99)
Elza Ayuningtyas,2025,4,overall oke sarapan beragam rasa enak pelayan oke cuma agak tidakayangkan karpet di kamar kurang perawatan kotor dan berdebu buat yang malas lewat psteur bisa cari jalan alternatif lewat geng belakang untuk akhir pekan ada kelas memasak ada makan kelinci dekat kolam renang kedalaman kolam renang beragam mulai dari 40cm taman bermain perlu ditingkatkan secara keseluruhan oke,KOMPETITOR,Bintang 4,HolidayInnBandungPasteur,positive,0.9893312454223633,Facilities & Amenities,Facilities & Amenities (0.95); Service Quality (0.94); Guest Experience (0.87)
Siti Tengku,2025,5,Saya tidak menginap di sini namun saya mengikuti salah satu acara di hotel ini dan saya bertemu dengan greeter cantik bernama naipa yang menemani saya dan menunjukkan arah dengan baik saya disambut dengan hangat olehnya terimakasih liburan inn,KOMPETITOR,Bintang 4,HolidayInnBandungPasteur,positive,0.9968497157096863,Guest Experience,Guest Experience (0.98); Staff Conduct & Hospitality (0.89); Check in/out Experience (0.87)
Tomi Kuspratama,2025,5,pengalaman makan yang menyenangkan untuk keluarga kecil saya makanan sangat ramah baik untuk dewasa dan si krucil,KOMPETITOR,Bintang 4,HolidayInnBandungPasteur,positive,0.9990979433059692,Family & Group Friendly,"Family & Group Friendly (1.00); Guest Experience (0.97); Loyalty, Recommendation & Appreciation (0.85)"
Chesny Ardento,2025,5,Pelayanan sangat baik sudah 2x nginapnya disini bawa orang tua juga cocok tidak ada protes soal layanan dan sarapan,KOMPETITOR,Bintang 4,HolidayInnBandungPasteur,positive,0.9981005787849426,Service Quality,Service Quality (0.99); Guest Experience (0.97); Service Efficiency & Responsiveness (0.96)
elhuda mohammed,2025,4,menginap di Holiday Inn Pasteur nyaman banget kamarnya bersih dan luas pelayanan ramah fasilitasnya lengkap lokasinya strategis dekat tol pasteur akses ke pusat kota maupun bandara deket banget,KOMPETITOR,Bintang 4,HolidayInnBandungPasteur,positive,0.9995806813240051,Facilities & Amenities,Facilities & Amenities (0.99); Room Quality & Comfort (0.99); Service Quality (0.98)
Unggul Premium,2025,5,hotel nya bagus luas fasilitas nya bintang 5 pokonya pelayanan sangat amat terbaik terimakasih pa ilham telah membantu saya selama di hotel,KOMPETITOR,Bintang 4,HolidayInnBandungPasteur,positive,0.9993953704833984,Service Quality,Service Quality (0.99); Facilities & Amenities (0.98); Guest Experience (0.95)
Arfhan Prasetyo,2025,5,layanannya sangat bagus saya sangat terbantukan terutama jasa penitipan koper dikarenakan menunggu waktu keberangkatan perjalanan saya di sore hari,KOMPETITOR,Bintang 4,HolidayInnBandungPasteur,positive,0.9990118741989136,Service Quality,Service Quality (1.00); Guest Experience (0.99); Facilities & Amenities (0.98)
Chaiyou Bams,2025,5,kamar nya bersih dan rapih hotelnya nyaman pelayanan mas akbar di resto nya keren sekali naikin gaji yah,KOMPETITOR,Bintang 4,HolidayInnBandungPasteur,positive,0.9992903470993042,"Cleanliness, Hygiene & Maintenance","Cleanliness, Hygiene & Maintenance (1.00); Room Quality & Comfort (0.99); Facilities & Amenities (0.98)"
karl vuhn,2025,4,masuk ruang makan nya enak banget nasi goreng dan nasi timbel nya enak tapi sayang sayur asem nya manis banget resepsionis staf resto dan keamanan nya ramah semuanya,KOMPETITOR,Bintang 4,HolidayInnBandungPasteur,positive,0.9994019269943237,Food & Beverage,Food & Beverage (0.98); Safety & Security (0.96); Facilities & Amenities (0.95)
Nindya,2025,5,kamarnya nyaman bersih pelayanan oke mbak hersa ramah banget,KOMPETITOR,Bintang 4,HolidayInnBandungPasteur,positive,0.9993839263916016,Service Quality,Service Quality (0.99); Room Quality & Comfort (0.98); Guest Experience (0.97)
Saddam Sudarsono,2025,5,pelayanan secara umum baik makanan sarapan cukup bervariasi lokasi tepat di jalan utama server di resto membantu dan memberi pelayanan yang baik terima kasih kak lia,KOMPETITOR,Bintang 4,HolidayInnBandungPasteur,positive,0.9981903433799744,Service Quality,Service Quality (1.00); Food & Beverage (0.99); Service Efficiency & Responsiveness (0.99)
wendy rocker,2025,5,hotelnya bersih dan nyaman makanan disini jg oke2 pelayannya ramah2 dan baik terutama amelia rekomendasikan hotelnya,KOMPETITOR,Bintang 4,HolidayInnBandungPasteur,positive,0.9992726445198059,"Cleanliness, Hygiene & Maintenance","Cleanliness, Hygiene & Maintenance (0.98); Facilities & Amenities (0.97); Staff Conduct & Hospitality (0.97)"
ira stania,2025,5,menu lengkap dan banyak variasi anak2 happy bnyk dessertnya,KOMPETITOR,Bintang 4,HolidayInnBandungPasteur,positive,0.9991590976715088,Food & Beverage,Food & Beverage (0.94); Family & Group Friendly (0.81); Service Efficiency & Responsiveness (0.71)
ima suryati,2025,5,untuk pelayanan bagus semuanya gercep dalam melayani dari sarapan sampai makan malam bagus,KOMPETITOR,Bintang 4,HolidayInnBandungPasteur,positive,0.9990687966346741,Service Quality,Service Quality (1.00); Guest Experience (1.00); Staff Conduct & Hospitality (0.96)
Lintang Ayu,2025,5,enak enak semua makanannya super sangat bersih pelayanan sangat ramah dan memuaskan,KOMPETITOR,Bintang 4,HolidayInnBandungPasteur,positive,0.9989413619041443,Service Quality,"Service Quality (0.99); Cleanliness, Hygiene & Maintenance (0.99); Guest Experience (0.99)"
Oppie Onez,2025,4,kamar fasilitas lengkap hanya saja bau asap rokok resto menu variatif petugas resonsif,KOMPETITOR,Bintang 4,HolidayInnBandungPasteur,positive,0.8071572184562683,Facilities & Amenities,Facilities & Amenities (0.97); Service Efficiency & Responsiveness (0.87); Guest Experience (0.85)
Syahrial Jrola,2025,5,hotelnya secara keseluruhan gwodd semua layanan kamar cuci dll semuanya sempurna staf nya ramahh poll rumah sakitnya oke banget terimakasihh liburaninn pasteur terimakasih mas sukron atas layanan nya selama sarapan beberapa hari ini percaya deh sarapan disini meja kalian selalu bersih tidak kotor2 ada piring kotor 1 pun staf nya langsung angkat tuhan kolam dehh,KOMPETITOR,Bintang 4,HolidayInnBandungPasteur,positive,0.9989964365959167,Service Quality,"Service Quality (0.99); Cleanliness, Hygiene & Maintenance (0.99); Facilities & Amenities (0.99)"
Wina Wardina,2025,5,sarapannya enak2 dan variatif apalagi staf nya ramah dan gerak cepat melayani dengan senyum ramahnya teh nisa terima kasih yahh,KOMPETITOR,Bintang 4,HolidayInnBandungPasteur,positive,0.9993661046028137,Staff Conduct & Hospitality,Staff Conduct & Hospitality (0.99); Service Efficiency & Responsiveness (0.99); Food & Beverage (0.97)
Yuni Risna,2025,5,Pelayanan saat acara sangat baik hotelnya bersih musholla nya bersih dan tertata rapi dengan lanskap yang sangat cantik naipa,KOMPETITOR,Bintang 4,HolidayInnBandungPasteur,positive,0.999090313911438,"Cleanliness, Hygiene & Maintenance","Cleanliness, Hygiene & Maintenance (0.99); Service Quality (0.99); Facilities & Amenities (0.97)"
Putri Wulandary,2025,4,restoran enak varian sarapan pagi banyak sehingga bisa memilih sesuai kesukaan pelayanan dari mas miftah jg oke beliau ramah respon cepat dan selalu bertanya kepuasan pelanggan masukannya untuk restoran makan malam varian agak di perbanyak agar lebih menarik untuk fasilitas di kamar bantal kurang empuk tanganku sudah mulai kusam dan pinggirannya jahitan agak lepas2 semoga bisa di tingkatkan lagi untuk fasilitas kenyamanan dan restonya semoga bisa lebih baik lagi terima kasih banyak,KOMPETITOR,Bintang 4,HolidayInnBandungPasteur,positive,0.9977877140045166,Service Efficiency & Responsiveness,Service Efficiency & Responsiveness (0.98); Facilities & Amenities (0.98); Guest Experience (0.97)
Lepi Firmansyah,2025,5,pelayananya ramah dan baik dek vabia pelayan restoranannya baik dan ramah suasana kafenya nyaman dan adem kopinya jos markoto roti bakarnya maknyus bingits,KOMPETITOR,Bintang 4,HolidayInnBandungPasteur,positive,0.9993852376937866,Service Quality,Service Quality (1.00); Staff Conduct & Hospitality (1.00); Room Quality & Comfort (0.99)
Hanum Qurrotu,2025,5,makanannya sangat bervariasi pelayanannya ramah dan lokasinya pun strategis termasuk kak vabia dan kak natasha debess pokoknya,KOMPETITOR,Bintang 4,HolidayInnBandungPasteur,positive,0.9995025396347046,Family & Group Friendly,"Family & Group Friendly (0.98); Staff Conduct & Hospitality (0.97); Location, Accessibility & Parking (0.97)"
dicky Moch rizal,2025,5,sarapan oke tapi menuunya variatif banget handuk bersih putih selimut bersih bantal saja yang tipis bantal lama harus diganti,KOMPETITOR,Bintang 4,HolidayInnBandungPasteur,positive,0.9050937294960022,"Cleanliness, Hygiene & Maintenance","Cleanliness, Hygiene & Maintenance (0.97); Facilities & Amenities (0.79); Service Quality (0.69)"
Nhazzla Nhat,2025,5,hotel nya bagus pelayanan assik ramah berakfastnya enak juga buat mba mughni makasi banyak sudah di layani nyaman,KOMPETITOR,Bintang 4,HolidayInnBandungPasteur,positive,0.9994909763336182,Service Quality,Service Quality (0.99); Staff Conduct & Hospitality (0.98); Guest Experience (0.97)
Threes Nino,2025,4,sarapan dan kamar kamar enak dan terimakasih buat bantuan mba lila karyawan hotelnya ramah,KOMPETITOR,Bintang 4,HolidayInnBandungPasteur,positive,0.9991987347602844,Food & Beverage,Food & Beverage (1.00); Facilities & Amenities (0.99); Service Quality (0.98)
Beta Setiawati,2025,5,kamar nyaman kolam renang bagus ada taman bermain untuk anak petugas ramah ditemani dengan kak naipa saran permainan di taman bermain dibuat lebih beragam dan kebersiaan lebih dijaga,KOMPETITOR,Bintang 4,HolidayInnBandungPasteur,positive,0.9990791082382202,Facilities & Amenities,Facilities & Amenities (0.99); Staff Conduct & Hospitality (0.97); Guest Experience (0.97)
Hilmi Rusyadi,2025,5,Terima kasih Mba Hersa untuk pelayanan terbaiknya selama sarapan Pak Sofyan pemimpin terbaik,KOMPETITOR,Bintang 4,HolidayInnBandungPasteur,positive,0.9988693594932556,Service Quality,Service Quality (1.00); Guest Experience (0.98); Food & Beverage (0.91)
Imwildan,2025,5,hotel bersih nyaman dan lokasinya strategis staf ramah terutama mbak ramadani yang sangat membantu dianjurkan,KOMPETITOR,Bintang 4,HolidayInnBandungPasteur,positive,0.9992544054985046,Facilities & Amenities,Facilities & Amenities (0.99); Service Quality (0.99); Staff Conduct & Hospitality (0.98)
ceng uus,2025,5,pelayanan terbaik mantab medina dan herda makanan nya enak enak suasana mantab kamar nya rapi dan bagus,KOMPETITOR,Bintang 4,HolidayInnBandungPasteur,positive,0.9994671940803528,Service Quality,Service Quality (1.00); Facilities & Amenities (1.00); Guest Experience (1.00)
Rangga Gilang,2025,5,kamarnya nyaman sarapan nya lebih baik dan dibantu oleh mas ulwan ramah orangnya,KOMPETITOR,Bintang 4,HolidayInnBandungPasteur,positive,0.9988328814506531,Guest Experience,Guest Experience (0.98); Facilities & Amenities (0.98); Staff Conduct & Hospitality (0.98)
Duma Noverina,2025,5,kamarnya bersih dan nyaman sarapannya banyak enak lagi salam buat natasya dan hersa,KOMPETITOR,Bintang 4,HolidayInnBandungPasteur,positive,0.9993822574615479,Room Quality & Comfort,"Room Quality & Comfort (0.99); Facilities & Amenities (0.99); Cleanliness, Hygiene & Maintenance (0.99)"
ikhwan prasetya,2025,5,stay di holiday inn untuk long weekend 29 31 mei bersama keluarga kesan pertama masuk lobi langsung suka ambiencenya karena hotelnya terang dan mewah tambah pelayanan stafnya sangatlah ramah dan membantu kami menginap di kamar king premium yang mana nyaman sekali dan terasa lebih pribadi karena ditinggalkan di bangunan yang berbeda jadi tidak banyak orang kolam renangnya juga khusus jadi anak leluasa ketika ingin bermain air menu sarapan yang diberikan hotel ini juga sangat beragam dan rasanya enak cukup menyedihkan karena anak saya alergi dengan berbagai makanan seperti susu telur mentega kacang2an santan sehingga banyak makanan yang tidak bisa anak saya makan dan seketika komplain ke pihak kit,KOMPETITOR,Bintang 4,HolidayInnBandungPasteur,positive,0.9993911981582642,Facilities & Amenities,Facilities & Amenities (1.00); Ambience & Design (1.00); Staff Conduct & Hospitality (1.00)
lisa pangemanan,2025,5,mbak mughni oke banget nawarin colenak singkong bakar kamar oke makanan sip lah staf super,KOMPETITOR,Bintang 4,HolidayInnBandungPasteur,positive,0.9872074723243713,Service Quality,Service Quality (0.98); Guest Experience (0.96); Food & Beverage (0.88)
Berbagi Manfaat,2025,5,kamar luas bersih nyaman untuk sarapan pilihan banyak rasanya juga enak,KOMPETITOR,Bintang 4,HolidayInnBandungPasteur,positive,0.9992796778678894,Facilities & Amenities,"Facilities & Amenities (0.99); Cleanliness, Hygiene & Maintenance (0.99); Room Quality & Comfort (0.99)"
Nita Lestari,2025,5,kamarnya enak fasilitas bagus pelayanan ya juga ramah terima kasih ya teh vabia atas pelayanan yang baik,KOMPETITOR,Bintang 4,HolidayInnBandungPasteur,positive,0.9982983469963074,Facilities & Amenities,Facilities & Amenities (0.99); Room Quality & Comfort (0.99); Service Quality (0.99)
dhiee _phu,2025,5,untuk sarapan nya enak dan beragam terima kasih banyak mba vabia dan mba lia untuk pelayanan luar biasa nya sukses selalu semuanya,KOMPETITOR,Bintang 4,HolidayInnBandungPasteur,positive,0.9990090131759644,Service Quality,"Service Quality (1.00); Loyalty, Recommendation & Appreciation (0.99); Guest Experience (0.98)"
Mary Maha,2026,5,kamar luas staf ramah dan sarapannya banyak menu,KOMPETITOR,Bintang 4,HolidayInnBandungPasteur,positive,0.9982700347900391,Facilities & Amenities,Facilities & Amenities (1.00); Food & Beverage (0.99); Guest Experience (0.99)
Budhi Harioko,2025,5,pelayanan bagus sarapan u enak di layanan sama mbak amelia dengan senyum,KOMPETITOR,Bintang 4,HolidayInnBandungPasteur,positive,0.9992813467979431,Service Quality,Service Quality (1.00); Guest Experience (0.99); Staff Conduct & Hospitality (0.94)
nofri arita,2025,5,Terimakasih sudah upgrade kamar kita pelayanan oke menu sarapan variatif secara keseluruhan cukup lah terimakasih holiday inn,KOMPETITOR,Bintang 4,HolidayInnBandungPasteur,positive,0.9969719648361206,Service Quality,Service Quality (0.99); Service Efficiency & Responsiveness (0.89); Food & Beverage (0.88)
Ghina R,2025,5,sarapan enak kamarnya nyaman dan pelayanan di resto oleh mbak vabia ramah dan selalu menawarkan sesuatu,KOMPETITOR,Bintang 4,HolidayInnBandungPasteur,positive,0.9993570446968079,Facilities & Amenities,Facilities & Amenities (0.99); Guest Experience (0.99); Staff Conduct & Hospitality (0.99)
Aryani Anggraeni,2025,5,Pelayanan sangat baik dan nyaman pelayanan ramah terutama kak hersa dan kak nurma pokoknya best banget dah,KOMPETITOR,Bintang 4,HolidayInnBandungPasteur,positive,0.9994165897369385,Staff Conduct & Hospitality,Staff Conduct & Hospitality (0.99); Service Quality (0.99); Room Quality & Comfort (0.99)
lina agustina,2025,5,sarapan nya enak makanan nya lengkap fasilitasnya terimkasih ka eka atas pelayanannya,KOMPETITOR,Bintang 4,HolidayInnBandungPasteur,positive,0.9994277358055115,Service Quality,Service Quality (0.99); Guest Experience (0.95); Facilities & Amenities (0.95)
tri widiyati,2025,4,Semua oke makanan cukup lengkap layanan responsif trmksh mb amel sudah dibantu membuat kopi dengan senang hati,KOMPETITOR,Bintang 4,HolidayInnBandungPasteur,positive,0.9988700747489929,Service Quality,Service Quality (0.99); Service Efficiency & Responsiveness (0.99); Guest Experience (0.98)
Anie Darren,2026,5,sarapannya juara pelayannya ramah2 smu smu terbaik smuanya,KOMPETITOR,Bintang 4,HolidayInnBandungPasteur,positive,0.999474823474884,Service Quality,Service Quality (0.99); Family & Group Friendly (0.98); Staff Conduct & Hospitality (0.97)
Donna griyapengantin123,2025,5,hotel yang nyaman tempat nya bagus bersih pelayanan ramah di bantu sama ka lila,KOMPETITOR,Bintang 4,HolidayInnBandungPasteur,positive,0.9992187023162842,Facilities & Amenities,"Facilities & Amenities (0.99); Service Quality (0.99); Cleanliness, Hygiene & Maintenance (0.98)"
Fira dirga widianingsih,2025,5,Hotel cukup strategis jadi Kmana Mana Deket sarapan nya oke smua lengkap pelayanan juga bagus dan sigap mba amelia jg ramah dan membantu sekali terima kasih untuk pelayanan nya,KOMPETITOR,Bintang 4,HolidayInnBandungPasteur,positive,0.9994600415229797,Service Efficiency & Responsiveness,Service Efficiency & Responsiveness (0.99); Service Quality (0.99); Facilities & Amenities (0.99)
eci murtasih,2025,5,Quaker mantap cilok kurang mateng dan kurang bumbu btw semuanya oke pel atanan dişini oke terutama hazel,KOMPETITOR,Bintang 4,HolidayInnBandungPasteur,positive,0.9988852143287659,Food & Beverage,Food & Beverage (0.69); Service Quality (0.65); Sustainability & Environmental Quality (0.63)
Erma Inayati,2025,5,kamarnya nyaman dan makanannya lezat layanannya ramah recomended terimakasih mbak natasya begitu manis,KOMPETITOR,Bintang 4,HolidayInnBandungPasteur,positive,0.9994516968727112,Facilities & Amenities,Facilities & Amenities (0.99); Room Quality & Comfort (0.99); Service Quality (0.99)
Elva Apriliany Rohmat,2025,5,Hotel disini sangat berkualitas apalagi sarapan nya sangat sangat beragam dan enak dan juga kak ekaria yang sangat baik ramah dan perhatian kepada tamu nya,KOMPETITOR,Bintang 4,HolidayInnBandungPasteur,positive,0.9991344809532166,Food & Beverage,Food & Beverage (0.99); Staff Conduct & Hospitality (0.99); Service Quality (0.99)
Wiwit Rivai,2025,5,Buffet jika di bulan ramadhannya lengkap banget sampai 2x kesana untuk ngajak ibu mantap,KOMPETITOR,Bintang 4,HolidayInnBandungPasteur,positive,0.9975482821464539,Food & Beverage,Food & Beverage (0.91); Service Quality (0.84); Religious & Halal Features (0.75)
Thessalonika,2025,5,makanannya enak dan kamarnya nyaman akan jadi pilihan klo ke bandung lagi,KOMPETITOR,Bintang 4,HolidayInnBandungPasteur,positive,0.999382734298706,Facilities & Amenities,Facilities & Amenities (0.99); Room Quality & Comfort (0.99); Service Quality (0.94)
Nisa Sakila,2025,5,makanan enak dan pelayanannya bagus banget sangat membantu mba bunga dan nisa terima kasih,KOMPETITOR,Bintang 4,HolidayInnBandungPasteur,positive,0.9992071986198425,Service Quality,Service Quality (0.99); Service Efficiency & Responsiveness (0.96); Guest Experience (0.95)
klementina ivonia,2025,5,pengalaman yang luar biasa menginap di liburan masuk bandung kamar yang bersih luas dan nyaman semua fasilitas lengkap sampai setrika dan meja setrika pun ada pengering rambut sampai lotion pun disediakan menu sarapan pun luar biasa beragam dan lezat dengan view yang apiik layanan dari pelayan pun baik2 semuanya contohnya mas bima lokasi juga sangat strategis pokoknya yang terbaik,KOMPETITOR,Bintang 4,HolidayInnBandungPasteur,positive,0.9993402361869812,Facilities & Amenities,Facilities & Amenities (1.00); Service Quality (1.00); Room Quality & Comfort (1.00)
Kurnia Tejaningtias,2025,5,makanan enak sarapannya oke pelayanannoke teh hersa dan ramadani tengkyu,KOMPETITOR,Bintang 4,HolidayInnBandungPasteur,positive,0.9989786148071289,Service Quality,Service Quality (0.99); Religious & Halal Features (0.98); Food & Beverage (0.97)
Halo Bang,2025,5,hotel nya bagus nyaman sarapannya juga enak enak pelayanan di hotel ini sangat luar biasa terima kasih mba mughni baik dan ramah,KOMPETITOR,Bintang 4,HolidayInnBandungPasteur,positive,0.9992792010307312,Facilities & Amenities,Facilities & Amenities (0.99); Guest Experience (0.98); Service Quality (0.97)
Kadafy Nur,2025,5,Pelayanan crew hotel sangat ramah serta fasilitas dan kamar sangat bagus serta penjualan dengan kak lyla yang sangat ramah,KOMPETITOR,Bintang 4,HolidayInnBandungPasteur,positive,0.9993218183517456,Staff Conduct & Hospitality,Staff Conduct & Hospitality (1.00); Facilities & Amenities (1.00); Service Quality (0.99)
yu rita,2025,5,terimakasih ya mba vabia minuman panas monty ginger yang mba vabia rekomendasikan enak sekali kamar hotel juga nyaman dan petugasnya ramah2 mba vabia dan tim holiday inn sukses selalu ya,KOMPETITOR,Bintang 4,HolidayInnBandungPasteur,positive,0.9989898800849915,Facilities & Amenities,Facilities & Amenities (0.99); Staff Conduct & Hospitality (0.99); Room Quality & Comfort (0.99)
Winie Nuriyah,2025,5,tempat nyaman buat pertemuan juga rekomend makan siang juga enak2 terima kasih kak medina,KOMPETITOR,Bintang 4,HolidayInnBandungPasteur,positive,0.99915611743927,Facilities & Amenities,Facilities & Amenities (0.94); Room Quality & Comfort (0.89); Family & Group Friendly (0.83)
vadya tasya,2025,5,fasilitas nya bagus enak makananya pelayan ramah bangett dibantu oleh ka mody yang super rendah hati pekerjaan baik,KOMPETITOR,Bintang 4,HolidayInnBandungPasteur,positive,0.9991508722305298,Facilities & Amenities,Facilities & Amenities (0.99); Service Quality (0.99); Guest Experience (0.99)
Putri Ulya Novisha,2025,5,kamar bersih makanan enak pelayanan oke juga makasi ka nastasya dan ka risqy,KOMPETITOR,Bintang 4,HolidayInnBandungPasteur,positive,0.9992642998695374,"Cleanliness, Hygiene & Maintenance","Cleanliness, Hygiene & Maintenance (1.00); Service Quality (1.00); Service Efficiency & Responsiveness (0.99)"
bevina mulya oktavira,2025,5,pelayanan hotel baik pa yana makanan berkualitas dan akses difabel inklusif,KOMPETITOR,Bintang 4,HolidayInnBandungPasteur,positive,0.9988598823547363,Service Quality,Service Quality (1.00); Facilities & Amenities (0.99); Service Efficiency & Responsiveness (0.98)
yuvita oetamerk,2025,5,Saya senang menginap di hotel holiday inn pasteur menu sarapan sangat bervariasi terimakasih mba bunga,KOMPETITOR,Bintang 4,HolidayInnBandungPasteur,positive,0.9990193843841553,Food & Beverage,Food & Beverage (0.98); Guest Experience (0.73); Family & Group Friendly (0.73)
Bagus Surya Kencana,2025,5,terima kasih mbak medina yang menyapa didepan diberi roti juga dan ucapan manisnya saya checkout hari ini berkesan sekali,KOMPETITOR,Bintang 4,HolidayInnBandungPasteur,positive,0.9922210574150085,Check in/out Experience,Check in/out Experience (0.98); Guest Experience (0.90); Food & Beverage (0.88)
rahma wati,2025,5,kamar bersih dan tenang nyaman ada setrikaan di kamar sarapan pagi sangat variatif dan enak lokasi hotel strategis pelayanan sarapan sangat baik kami di layani oleh mba natasya yang ramah dan sigap,KOMPETITOR,Bintang 4,HolidayInnBandungPasteur,positive,0.9994893074035645,Facilities & Amenities,"Facilities & Amenities (0.99); Cleanliness, Hygiene & Maintenance (0.99); Room Quality & Comfort (0.99)"
monika Sapittri,2025,5,Pelayanannya bagus keren banget pekerjaan bagus aku makan di restonya dilayanin sama nurma super gercep kerenn,KOMPETITOR,Bintang 4,HolidayInnBandungPasteur,positive,0.9992508292198181,Service Quality,Service Quality (1.00); Facilities & Amenities (0.99); Guest Experience (0.99)
yekti nurhaeni,2025,5,kamar nyaman pelayanan kamar sangat responsif dan cepat makanan enak dan sangat bervariasi pelayanan kak bunga sangat baik,KOMPETITOR,Bintang 4,HolidayInnBandungPasteur,positive,0.9993658661842346,Service Efficiency & Responsiveness,Service Efficiency & Responsiveness (0.99); Guest Experience (0.99); Room Quality & Comfort (0.99)
Anisa Ramadhani,2025,5,Pengalaman yang baik tinggal dan acara di sini terutama bankette atas nama zenal dan tim yang lain yang sigap membantu,KOMPETITOR,Bintang 4,HolidayInnBandungPasteur,positive,0.991569459438324,Guest Experience,Guest Experience (0.99); Check in/out Experience (0.99); Service Quality (0.99)
Rianneta Aprianty,2025,5,umumnya nyaman sarapannya banyak macemnya saat sarapan juga ada ka bunga yang membantu,KOMPETITOR,Bintang 4,HolidayInnBandungPasteur,positive,0.9976509213447571,Facilities & Amenities,Facilities & Amenities (0.96); Room Quality & Comfort (0.88); Family & Group Friendly (0.87)
Dean Fauzi,2025,4,Pelayanannya nyaman bagus kru nya juga ramah ramah co mba hersa terima kasih liburan penginapan,KOMPETITOR,Bintang 4,HolidayInnBandungPasteur,positive,0.9992745518684387,Staff Conduct & Hospitality,Staff Conduct & Hospitality (0.99); Facilities & Amenities (0.99); Guest Experience (0.99)
Putraa Nurfadilah,2026,5,Pelayananya sangat ramah terimakasih buat mba hersa karena sudah melayani saya dengan sangat baik,KOMPETITOR,Bintang 4,HolidayInnBandungPasteur,positive,0.9989582300186157,Service Quality,Service Quality (0.99); Staff Conduct & Hospitality (0.96); Guest Experience (0.90)
Ikii Anm,2025,5,sarapannya enak banget staffnya ramah coklat bikinan mba mughni paling terbaik pelayanan mba mughni,KOMPETITOR,Bintang 4,HolidayInnBandungPasteur,positive,0.9994778037071228,Service Quality,Service Quality (1.00); Guest Experience (0.99); Staff Conduct & Hospitality (0.95)
winataa Rachel,2025,5,Hotelnya nyaman dan enak anak saya suka sekali jika ada kegiatan untuk anak anak saat akhir pekan,KOMPETITOR,Bintang 4,HolidayInnBandungPasteur,positive,0.9994245767593384,Room Quality & Comfort,Room Quality & Comfort (1.00); Facilities & Amenities (1.00); Service Quality (0.98)
Fatimah Ischak,2025,5,tata letak kamar kamar mandi keren pelayanan ramah makanannya enak2 variatif,KOMPETITOR,Bintang 4,HolidayInnBandungPasteur,positive,0.99933260679245,Facilities & Amenities,Facilities & Amenities (0.99); Guest Experience (0.98); Staff Conduct & Hospitality (0.98)
Dony RIFARDO,2025,5,Terima kasih banyak buat servis baru untuk teh nurma dan teh meylani terima kasih telah menservis selama sarapan disini dianjurkan jika menginap di Holiday Inn Pasteur,KOMPETITOR,Bintang 4,HolidayInnBandungPasteur,positive,0.9965214729309082,Service Quality,Service Quality (1.00); Food & Beverage (0.99); Religious & Halal Features (0.99)
Nurul Hasya,2025,5,Saya dari Malaysia tidak direncanakan menginap di sini memesan hotel ini di Agoda lumayan murah untuk kamar yang aman luas bersih layanan staf disini juga ramah sarapan disini banyak pilihan dan agak sedap layanan pada staf atas Amelia,KOMPETITOR,Bintang 4,HolidayInnBandungPasteur,positive,0.9992963075637817,"Cleanliness, Hygiene & Maintenance","Cleanliness, Hygiene & Maintenance (0.99); Facilities & Amenities (0.99); Staff Conduct & Hospitality (0.99)"
Pratiwi Tiwi,2025,5,pelayanan ramah cepat makannya enak komplit pokonya puas hotelnya juga bagus pokonya bagus,KOMPETITOR,Bintang 4,HolidayInnBandungPasteur,positive,0.9994169473648071,Service Efficiency & Responsiveness,Service Efficiency & Responsiveness (0.99); Service Quality (0.99); Staff Conduct & Hospitality (0.99)
Hilarius Ato,2025,5,luar biasa hidangan sarapan pada liburan hotel terbaik nisa dan bunga dlam peleyanan tehadap untuk tamu,KOMPETITOR,Bintang 4,HolidayInnBandungPasteur,positive,0.9957720637321472,Service Quality,Service Quality (0.99); Guest Experience (0.99); Staff Conduct & Hospitality (0.97)
Bugit Tea,2026,5,bagus pelayanan nya juga ramah makanan nya enakk enakk dilayani mba nisa,KOMPETITOR,Bintang 4,HolidayInnBandungPasteur,positive,0.9993667006492615,Service Quality,Service Quality (0.99); Facilities & Amenities (0.98); Staff Conduct & Hospitality (0.98)
Qonita Nadya Sari,2025,5,Happy banget staycation disini staf nya ramah pelayanan mas haikal dan mas sofyan oke banget betah dan rekomen banget sih,KOMPETITOR,Bintang 4,HolidayInnBandungPasteur,positive,0.9994244575500488,Staff Conduct & Hospitality,"Staff Conduct & Hospitality (0.99); Loyalty, Recommendation & Appreciation (0.98); Service Quality (0.97)"
Gerind Milannisa,2025,5,lokasi nya strategis kamar nya enak dan nyaman banget terus pelayanan nya juga bagus bangett,KOMPETITOR,Bintang 4,HolidayInnBandungPasteur,positive,0.9993988275527954,Room Quality & Comfort,Room Quality & Comfort (0.99); Facilities & Amenities (0.98); Service Quality (0.98)
Dewi Ningsih,2025,5,tempatnya nyaman sarapannya variatif lokasi strategis ke sini karena ada rapat tapi cocok untuk bawa keluarga juga karena fasilitasnya banyak kolam renang indoor dan outdoor fitness sauna spa dll,KOMPETITOR,Bintang 4,HolidayInnBandungPasteur,positive,0.9995294809341431,Family & Group Friendly,Family & Group Friendly (0.99); Facilities & Amenities (0.99); Food & Beverage (0.91)
alnofri alnofri,2025,1,Secara keseluruhan tukang jualan yang sempurna ini saja yang merusak suasana kata bocah2 tidak ramah,KOMPETITOR,Bintang 4,HolidayInnBandungPasteur,negative,0.998819887638092,Pricing & Value for Money,Pricing & Value for Money (0.65); Service Quality (0.62); Food & Beverage (0.59)
jejd Wirawiri,2025,5,pelayanan nya bintang 5 makanannya enak enak tidak ada kendala terima kasih kak bunga untuk layanan nya,KOMPETITOR,Bintang 4,HolidayInnBandungPasteur,positive,0.9988922476768494,Service Quality,Service Quality (0.99); Guest Experience (0.95); Service Efficiency & Responsiveness (0.88)
Irma Suryanti,2025,5,kamar bagus pelayanan ramah makanan enak lokasi strategis,KOMPETITOR,Bintang 4,HolidayInnBandungPasteur,positive,0.9989221096038818,Room Quality & Comfort,Room Quality & Comfort (1.00); Service Quality (1.00); Guest Experience (0.99)
010_Amalia Septianti,2025,5,kamar nya luas sarapannya variatif dan enak staf2 nya membantu saya dibantu oleh ibu natasya terima kasih u holiday inn pasteur bandung,KOMPETITOR,Bintang 4,HolidayInnBandungPasteur,positive,0.9994561076164246,Facilities & Amenities,Facilities & Amenities (0.96); Room Quality & Comfort (0.93); Family & Group Friendly (0.93)
Bari Daffa,2025,5,Balai dansa nyaa nyamann makanannya enak enakk semua mudahtasnya bersih pelayanan naipa,KOMPETITOR,Bintang 4,HolidayInnBandungPasteur,positive,0.999440610408783,Facilities & Amenities,"Facilities & Amenities (0.90); Cleanliness, Hygiene & Maintenance (0.81); Food & Beverage (0.67)"
pnbp kemendag,2025,5,hotelnya nyaman makanannya enak dan pelayanannya memuaskan khususnya untuk kak lia sangat ramah,KOMPETITOR,Bintang 4,HolidayInnBandungPasteur,positive,0.9995005130767822,Facilities & Amenities,Facilities & Amenities (0.99); Service Quality (0.99); Guest Experience (0.99)
Vidi Hidayat,2025,5,sarapan lengkap dan enak petugas2nya ramah rekomendasi yang punya anak2 12 tahun kebawah gratis sarapan hanya TV remote dan ac sempat kendala tapi pelayanan cepat terimakasih,KOMPETITOR,Bintang 4,HolidayInnBandungPasteur,positive,0.9990358352661133,Staff Conduct & Hospitality,Staff Conduct & Hospitality (0.95); Family & Group Friendly (0.95); Service Quality (0.92)
Janet Matani,2025,5,pelayanan di hotel ini luar biasa semua staf sangat ramah dan sangat membantu sejak awal kedatangan hingga checkout mereka benar benar membuat tamu merasa dihargai sarapan pagi juga patut diacungi jempol pilihannya sangat banyak dan semua makanannya lezat bahkan tersedia pilihan sushi yang jarang ditemukan di hotel lain menariknya lagi setiap hari selalu ada menu baru yang cacat jadi tidak pernah terasa membosankan pagi ini saya disambut langsung oleh chef rizal dan pak sofyan yang dengan hangat menyapa dan menawarkan makanan ringan pilihan spesial pagi ini sentuhan pribadi seperti ini benar benar meninggalkan kesan mendalam rasa rasa tidak perlu diragukan lagi semuanya enak enak enak,KOMPETITOR,Bintang 4,HolidayInnBandungPasteur,positive,0.9990456700325012,Service Quality,Service Quality (0.99); Staff Conduct & Hospitality (0.99); Guest Experience (0.97)
Nandito Herdi,2025,5,nyaman banget nginep disni kamarnya nyaman sarapannya enak,KOMPETITOR,Bintang 4,HolidayInnBandungPasteur,positive,0.9994953870773315,Facilities & Amenities,Facilities & Amenities (0.96); Room Quality & Comfort (0.96); Food & Beverage (0.94)
Fariz Nur R,2025,5,lokasi hotel strategis dekat kemana mana mana kamar hotel nyaman saya di bantu staf mba vabia yang ramah berikutnya jika ke bandung lagi akan jadi pilihan untuk nginap lagi terima kasih liburan inn,KOMPETITOR,Bintang 4,HolidayInnBandungPasteur,positive,0.9992139339447021,Staff Conduct & Hospitality,Staff Conduct & Hospitality (1.00); Service Quality (0.99); Service Efficiency & Responsiveness (0.98)
Visiyana,2025,5,layanan ramah ruangan pertemuan luas nyaman parkir lengkap lokasi mudah dijangkau kota,KOMPETITOR,Bintang 4,HolidayInnBandungPasteur,positive,0.9994258880615234,Facilities & Amenities,"Facilities & Amenities (1.00); Location, Accessibility & Parking (0.99); Room Quality & Comfort (0.98)"
The Sanz,2025,5,Tempat cukup bersih makanan buffe enak hanya perlu di tambah untuk anak-anak makan,KOMPETITOR,Bintang 4,HolidayInnBandungPasteur,positive,0.9979598522186279,"Cleanliness, Hygiene & Maintenance","Cleanliness, Hygiene & Maintenance (0.98); Facilities & Amenities (0.98); Food & Beverage (0.97)"
Rini Setiawati,2025,5,fasilitas lengkap ada pemandian air panas juga di lantai 3 wahana anaknya lumayan lengkap dipandu kakak cantik naifa,KOMPETITOR,Bintang 4,HolidayInnBandungPasteur,positive,0.9991532564163208,Facilities & Amenities,Facilities & Amenities (0.99); Service Quality (0.83); Service Efficiency & Responsiveness (0.70)
Santi Yulia,2025,5,hotel bagus bersih pelayanan bagus mbk makanan menu miaunya byk sukses selalu liburan inn bandung,KOMPETITOR,Bintang 4,HolidayInnBandungPasteur,positive,0.9992606043815613,Service Quality,"Service Quality (0.99); Cleanliness, Hygiene & Maintenance (0.99); Facilities & Amenities (0.97)"
aris munandar,2025,5,selalu mantap kalau nginap di holiday inn kamarnya udah smart tv makanan di resto juga enak enak pelayanannya pokoknya sukses selalu buat holiday inn,KOMPETITOR,Bintang 4,HolidayInnBandungPasteur,positive,0.9995003938674927,Facilities & Amenities,Facilities & Amenities (0.98); Digital Connectivity & Technology (0.97); Service Quality (0.97)
Choirul Ashari Mambuhu (iRulisme),2025,5,fasilitas baik dan pelayanan memuaskan pelayan resto hersa cantik baik dan melayani dengan ramah,KOMPETITOR,Bintang 4,HolidayInnBandungPasteur,positive,0.9992766976356506,Facilities & Amenities,Facilities & Amenities (1.00); Service Quality (1.00); Staff Conduct & Hospitality (0.99)
Wahyuddin Zakir,2025,5,hotel nyaman strategis sarapan enak2 lengkap terima kasih liburan hotel,KOMPETITOR,Bintang 4,HolidayInnBandungPasteur,positive,0.9992146492004395,Food & Beverage,Food & Beverage (0.97); Facilities & Amenities (0.97); Service Quality (0.93)
andi setiawan,2025,5,bagus hotelnya pelayanan ramah baik bngt saat saya di lobi dengan kak lila terima kasih liburan,KOMPETITOR,Bintang 4,HolidayInnBandungPasteur,positive,0.9989838004112244,Service Quality,Service Quality (1.00); Guest Experience (0.99); Staff Conduct & Hospitality (0.99)
early,2025,5,sarapan nyaman sekali banyak opsi layanan yang sangat baik dari mbak medina yang antar telur saya ramah sekali terimakasih,KOMPETITOR,Bintang 4,HolidayInnBandungPasteur,positive,0.9973828196525574,Service Quality,Service Quality (0.98); Food & Beverage (0.97); Guest Experience (0.97)
Teta Lia,2025,5,nyaman hotelnya makanannya enak pelayannannya juga ramah aku di bantu ka wilani,KOMPETITOR,Bintang 4,HolidayInnBandungPasteur,positive,0.9993236064910889,Facilities & Amenities,Facilities & Amenities (0.99); Staff Conduct & Hospitality (0.98); Service Quality (0.98)
Debi Rizky,2025,5,Pelayanan ramah tamah makanan nya enak2 jangan lupa mampir ke sini ya,KOMPETITOR,Bintang 4,HolidayInnBandungPasteur,positive,0.9986530542373657,Service Quality,Service Quality (1.00); Guest Experience (0.99); Staff Conduct & Hospitality (0.97)
Zuliana Quin,2025,5,kamar nyaman sarapan enak banyak pilihan baik layanan terutama mb amelia,KOMPETITOR,Bintang 4,HolidayInnBandungPasteur,positive,0.9988580942153931,Service Quality,Service Quality (0.99); Facilities & Amenities (0.98); Guest Experience (0.98)
thbhita kaeisya,2025,5,makanan enak banyak variannya layanan oke saya dibantu oleh mba hersa dan mba nurma,KOMPETITOR,Bintang 4,HolidayInnBandungPasteur,positive,0.9992662072181702,Service Quality,Service Quality (0.99); Guest Experience (0.97); Staff Conduct & Hospitality (0.95)
Julita Pinondang Tamba,2025,5,sarapan nya enak kamar nyaman kak bunga dan mba rini ramah sekali,KOMPETITOR,Bintang 4,HolidayInnBandungPasteur,positive,0.9994041919708252,Room Quality & Comfort,Room Quality & Comfort (0.99); Facilities & Amenities (0.97); Guest Experience (0.97)
Nay If,2025,5,Balroom nya nyaman dan banyak ruang buat duduk nyaman toilet nya juga bersih pelayanan nya juga ramah terima kasih ka ilham sudah membantu,KOMPETITOR,Bintang 4,HolidayInnBandungPasteur,positive,0.999424934387207,Facilities & Amenities,"Facilities & Amenities (0.99); Room Quality & Comfort (0.99); Cleanliness, Hygiene & Maintenance (0.98)"
T-Rex Master,2025,5,enak sih nyaman juga buat tidur apalagi saat makan dibantu sama kakanya juga aku dibantu kak nurma,KOMPETITOR,Bintang 4,HolidayInnBandungPasteur,positive,0.9977169036865234,Room Quality & Comfort,Room Quality & Comfort (0.90); Family & Group Friendly (0.90); Facilities & Amenities (0.89)
Anggun Casmi,2025,5,makanan enak bersih pelayanannya sangat baik rekomendasi bngt ini hotel,KOMPETITOR,Bintang 4,HolidayInnBandungPasteur,positive,0.9990204572677612,Service Quality,"Service Quality (1.00); Cleanliness, Hygiene & Maintenance (0.99); Guest Experience (0.98)"
Yoel Christian,2025,5,melakukan pernikahan di hotel ini adalah sebuah hal yang tak terlupakan mulai dari kamar gedung hingga makanan,KOMPETITOR,Bintang 4,HolidayInnBandungPasteur,positive,0.9921654462814331,Facilities & Amenities,Facilities & Amenities (1.00); Food & Beverage (1.00); Cultural & Heritage Experience (0.95)
Nindia Putri,2025,5,hotel bersih staf ramah terutama mba ramadani lokasi strategis dekat pusat kota sangat nyaman untuk menginap,KOMPETITOR,Bintang 4,HolidayInnBandungPasteur,positive,0.9994825124740601,Service Quality,"Service Quality (0.99); Staff Conduct & Hospitality (0.99); Cleanliness, Hygiene & Maintenance (0.99)"
Silvi Haidir,2025,5,Pelayanan disini sangat ramah terutaman kak lia sama sama kak ilham sangat ramah sekali jamuannya sangat merekomendasikan saya buat di sini,KOMPETITOR,Bintang 4,HolidayInnBandungPasteur,positive,0.9990783929824829,Guest Experience,Guest Experience (0.99); Food & Beverage (0.99); Staff Conduct & Hospitality (0.98)
nur Fadya,2026,5,Pelayannya bagus makananya enak enak saya di layani mba natasya terbaik,KOMPETITOR,Bintang 4,HolidayInnBandungPasteur,positive,0.9994428753852844,Service Quality,Service Quality (0.99); Guest Experience (0.95); Staff Conduct & Hospitality (0.94)
RIZAL SAMSIR,2025,5,semuanya oke makanannya lengkap pelayanannya oke dari mba ramadani dan nurma terimakasih,KOMPETITOR,Bintang 4,HolidayInnBandungPasteur,positive,0.9989770650863647,Service Quality,Service Quality (0.98); Guest Experience (0.96); Food & Beverage (0.95)
Zerlithasyakilla03,2025,5,sarapannya enak enak layanan nya ramah fasilitasnya mantap,KOMPETITOR,Bintang 4,HolidayInnBandungPasteur,positive,0.9993388056755066,Service Quality,Service Quality (0.98); Food & Beverage (0.98); Guest Experience (0.96)
adeliarizky 07,2025,5,untuk kamar baru aman dan nyaman pelayanan dari awal datang juga oke layanan sarapan juga sangat bagus terimakasih,KOMPETITOR,Bintang 4,HolidayInnBandungPasteur,positive,0.9984983205795288,Facilities & Amenities,Facilities & Amenities (1.00); Room Quality & Comfort (1.00); Safety & Security (1.00)
Aini Aina,2025,5,kamar nyaman bersih untuk pelayanan dari mb ramadhani oke cepat dan tanggap terima kasih,KOMPETITOR,Bintang 4,HolidayInnBandungPasteur,positive,0.9990253448486328,Service Efficiency & Responsiveness,Service Efficiency & Responsiveness (1.00); Guest Experience (1.00); Staff Conduct & Hospitality (0.99)
laela nisvinur,2025,5,tempat nya nyaman pelayanannya sangat memuaskan bersih rapih makanannya enak enak,KOMPETITOR,Bintang 4,HolidayInnBandungPasteur,positive,0.9994341731071472,Facilities & Amenities,"Facilities & Amenities (1.00); Service Quality (0.99); Cleanliness, Hygiene & Maintenance (0.99)"
oemar ichwanto,2025,5,kamar nya luas sekali bersih adem udara panas bagus semua bagus dan nyaman,KOMPETITOR,Bintang 4,HolidayInnBandungPasteur,positive,0.9995014667510986,Room Quality & Comfort,"Room Quality & Comfort (0.99); Facilities & Amenities (0.99); Cleanliness, Hygiene & Maintenance (0.98)"
Wulan Febrianty Pratiwi,2025,5,Pelayanannya sangat memuaskan ketika minta req kue ulang tahun tiba tiba dikasih kejutan oleh pelayananya dengan membawa kue ulang tahun untuk anak saya lokasi sangat strategis dekat dengan tol dan pusat kota,KOMPETITOR,Bintang 4,HolidayInnBandungPasteur,positive,0.9990972280502319,Service Quality,Service Quality (1.00); Guest Experience (1.00); Booking & Reservation Experience (0.96)
Reny Mardiani,2025,5,kamar nyaman lokasi strategis karyawan ramah banyak dibantu oleh mba amelia di resto sarapannya enak lengkap,KOMPETITOR,Bintang 4,HolidayInnBandungPasteur,positive,0.9994925260543823,Facilities & Amenities,Facilities & Amenities (0.98); Food & Beverage (0.98); Room Quality & Comfort (0.97)
Chyntia Permatasari,2025,5,untuk fasilitas kamar tempat seminar workshop nya bagus enak dan nyaman makanannya juga bervariasi untuk menu sarapan dan pelayanan dari petugasnya sangat baik dan ramah terima kasih ka ekaria yang selalu menyapa sebelum kami mau sarapan,KOMPETITOR,Bintang 4,HolidayInnBandungPasteur,positive,0.999431312084198,Facilities & Amenities,Facilities & Amenities (1.00); Service Quality (0.99); Staff Conduct & Hospitality (0.99)
Renata Bella,2025,5,Pelayanan baik dan sangat membantu saat sarapan di bantu pelayanan dengan kak lia yang cantikk selalu menanyakan kebutuhan saat sarapan terima kasih ka lia,KOMPETITOR,Bintang 4,HolidayInnBandungPasteur,positive,0.9978216886520386,Service Quality,Service Quality (1.00); Guest Experience (0.99); Service Efficiency & Responsiveness (0.99)
Rizki Maulana,2025,5,Secara keseluruhan baik juga semua staf sangat membantu terutama mas ulwan yang membantu saya pada saat sarapan dan ramah juga terimakasih,KOMPETITOR,Bintang 4,HolidayInnBandungPasteur,positive,0.9976651668548584,Staff Conduct & Hospitality,Staff Conduct & Hospitality (1.00); Food & Beverage (0.99); Guest Experience (0.98)
albert ong,2025,4,Kita tinggal di sini kurang lebih 8 malam kantor depan bagus pelayanannya untuk layanan kamar makanan ke kamar lumayan cepat,KOMPETITOR,Bintang 4,HolidayInnBandungPasteur,positive,0.9968462586402893,Service Quality,Service Quality (1.00); Guest Experience (0.99); Service Efficiency & Responsiveness (0.99)
Sepan Zahirah,2025,1,sudah titip kartu di lobi tapi dibilang tidak ada padahal sudah menyebutkan nomor kamar dan nama yang menginap sudah setengah 12 malam tidak diberi akses pelayanan buruk sekali tidak teliti dan tidak peduli pada pelanggan sudah ke atas disuruh ke lobi kembali seharusnya sadar ya sayang sekali tidak bisa di kasih kurang dari bintang 1,KOMPETITOR,Bintang 4,HolidayInnBandungPasteur,negative,0.999061644077301,Guest Experience,Guest Experience (0.37); Check in/out Experience (0.36); Management & Policy Issues (0.33)
Teti Mulyati,2025,1,punten permisi pihak hotel yang terhormat maaf saya dan warga sekitar merasa terganggu jika lagi ada acara kedengeran sekali genderang genderang tidak jelas sampai bergetar kaca rumah dan sakit telinga saya pakai pengedap suara yang bagus dong agar tidak mengganggu kenyamanan warga,KOMPETITOR,Bintang 4,HolidayInnBandungPasteur,negative,0.9952338337898254,Guest Experience,Guest Experience (0.69); Facilities & Amenities (0.45); Religious & Halal Features (0.44)
aprilya APRIL,2025,1,layanan luar biasa kamar juga bersih makanan enak terutama dan pelayanan ramah dari kang zaenal semua pokonya terbaik untuk liburan iin bandung paster,KOMPETITOR,Bintang 4,HolidayInnBandungPasteur,positive,0.9993045330047607,Facilities & Amenities,"Facilities & Amenities (1.00); Cleanliness, Hygiene & Maintenance (1.00); Service Quality (0.99)"
alnofri alnofri,2025,1,Secara keseluruhan tukang jualan yang sempurna ini saja yang merusak suasana kata bocah2 tidak ramah,KOMPETITOR,Bintang 4,HolidayInnBandungPasteur,negative,0.998819887638092,Pricing & Value for Money,Pricing & Value for Money (0.65); Service Quality (0.61); Food & Beverage (0.59)
Nuochen Mao,2025,1,Pengalaman itu mengerikan musik dimulai pukul 5 pagi kamarnya tidak tahan suara dan keluarga saya tidak bisa tidur itu adalah pengalaman mengerikan,KOMPETITOR,Bintang 4,HolidayInnBandungPasteur,negative,0.9977113008499146,Guest Experience,Guest Experience (0.98); Cultural & Heritage Experience (0.81); Check in/out Experience (0.78)
Basuki Rachmat,2025,1,Saya tinggal di Holiday Inn Pasteur Bandung dari Tgl 9 Februari dan akan memeriksa keluar Tgl 15 Februari hari ini Tgl 14 Februari saya melihat kue di kamar lihat di foto saya laporkan ke resepsionis dan katanya akan ditangani sebenernya 2 hari sebelumnya saya tidak melihat kue di kamar mandi tapi tidak sempat saya foto jadi pertanyaan apakah pemeliharaan dan kebersihan dan higienis cuci yang seharusnya dikembalikan di hari yang sama jg tidak pernah dikembalikan di hari yang sama dan harus diminta orang yang antar cuci selalu menagih biaya cuci padahal seharusnya sudah pesan termasuk di paket kamar yang saya kirimkan,KOMPETITOR,Bintang 4,HolidayInnBandungPasteur,negative,0.9928154945373535,"Cleanliness, Hygiene & Maintenance","Cleanliness, Hygiene & Maintenance (0.99); Facilities & Amenities (0.97); Complaint Handling & Service Recovery (0.96)"
Siti Nurbaayah Daud,2025,1,Layanan pelanggan sangat bagus terutama dari Ms Hersa,KOMPETITOR,Bintang 4,HolidayInnBandungPasteur,positive,0.9939498901367188,Service Quality,Service Quality (1.00); Guest Experience (1.00); Service Efficiency & Responsiveness (0.91)
yudison lase,2025,1,pesanan kamar yang sudah saya boking 2 minggu sebelumnya dan sudah saya bayar sebelum 3 hari jatuh tempo tidak sesuai,KOMPETITOR,Bintang 4,HolidayInnBandungPasteur,negative,0.9983627200126648,Pricing & Value for Money,Pricing & Value for Money (0.63); Facilities & Amenities (0.61); Booking & Reservation Experience (0.61)
Joni Martono,2025,1,ada perlakuan khusus untuk waktu gubernur jabar banyak sekali orang2 ini dibiarkan merokok di hotel setidaknya 50 orang dari grup ini saya lihat merokok di hotel dan dibiarkan tanpa batas grup ini merokok di manapun lobi bau rokok tempat makan bau rokok sampai depan kamarpun orang2 berbicara sambil merokok sangat tidak nyaman tidak ada integritas liburan inn sangat kecewa dan tidak profesional,KOMPETITOR,Bintang 4,HolidayInnBandungPasteur,negative,0.9995428323745728,Guest Experience,Guest Experience (0.98); Personalized & Special Services (0.90); Check in/out Experience (0.89)
Kenzo Lim,2025,1,beli voucher semua u bisa makan tapi salah satu teman berhalangan hadir jadi minta pihak hotel untik di ambil tapi apa yang didapat untuk harga 250 rb satu yang ambil hanya nasi putih ayam goreng pentung kwetiau dan 1 macam lg yang hanya sedikit bisa dilihat dari foto terlampir terkesan asal2an dan makanan yang di ambil hanya ala kadarnya cukup kecewa untuk hotel bintang 4 padahal menu utama nya cukup beragam,KOMPETITOR,Bintang 4,HolidayInnBandungPasteur,negative,0.9950437545776367,Pricing & Value for Money,Pricing & Value for Money (0.78); Booking & Reservation Experience (0.58); Guest Experience (0.37)
Andreas Andika,2025,1,hotel berbintang tapi pelayanan parkir cukup mengecewakan karcis hilang sudah menunjukan stnk dan difoto tetap diminta denda tidak tahu data mobil keluar masuk kapan dan mulai kapan menginap mengecewakan,KOMPETITOR,Bintang 4,HolidayInnBandungPasteur,negative,0.9989659786224365,"Location, Accessibility & Parking","Location, Accessibility & Parking (1.00); Facilities & Amenities (0.97); Guest Experience (0.97)"
Diky Zunianto,2025,1,secara keseluruhan hotel ini baik sekali hanya saja penjualan jakarta atas nama debora menjual paket makan siang dengan harga lebih tinggi sekali dari harga di tempat di restoran dan seolah olah kami sebagai pihak perjalanan tidak akan membayar biaya yang berlebihan yang ditimbulkan oleh perbedaan tersebut mohon manajemen jangan membalas ulasan ini dengan autotext karena sangat tidak profesional sekali sebagai seorang perhotelan,KOMPETITOR,Bintang 4,HolidayInnBandungPasteur,negative,0.9977449178695679,Food & Beverage,Food & Beverage (0.89); Pricing & Value for Money (0.84); Guest Experience (0.81)
Ahmad Rifa'i,2025,1,resepsionis atas nama oka ciri2 badan kecil sawo mateng pakai kacamata apakah tidak di pelatihan sebagai front office sudah reservasi sebelumnya dan ketika pengunjung baru sampai ternyata tidak dapat dipenuhi tidak ada satu kali pun meminta maaf dan tidak memberikan solusi tidak ada empati terhadap orang yang habis perjalanan jauh bahkan yang bersangkutan meninggikan suara kepada pelanggan tolong liburan hotel saya lihat di review google banyak yang sudah mengeluh perihal respisi jika perlu itu coba coba sistem seleksi pegawai kalian sudah banyak sekali keluhan kepada kalian perihal front office,KOMPETITOR,Bintang 4,HolidayInnBandungPasteur,negative,0.9988117218017578,Booking & Reservation Experience,Booking & Reservation Experience (0.89); Guest Experience (0.87); Service Quality (0.71)
lisong song,2025,1,Saya mencoba tempat kebugaran baru sebelum menjadi anggota tapi sayang yah untuk hotel bintang 4 alat kebugaran baru sudah tua bangeut tempat nya sumpek panas kurang ventilasi dan ac seperti tidak ada semoga bisa mulai di revitalisasi alat2 gym baru,KOMPETITOR,Bintang 4,HolidayInnBandungPasteur,negative,0.9908015131950378,Facilities & Amenities,Facilities & Amenities (0.65); Service Quality (0.54); Sustainability & Environmental Quality (0.34)
Asti rosa,2025,1,Beberapa makanan perlu ditingkatkan kembali kamarnya luas pelayanan nya bisa ditingkatkan lagi,KOMPETITOR,Bintang 4,HolidayInnBandungPasteur,positive,0.9801570177078247,Facilities & Amenities,Facilities & Amenities (0.91); Guest Experience (0.88); Food & Beverage (0.79)
faiz nur,2025,1,Lokasinya cukup strategis di dekat jalan raya untuk makanan lumayan enak tapi resepsionisnya pelayanannya tidak ramah mohon untuk di perbaiki,KOMPETITOR,Bintang 4,HolidayInnBandungPasteur,negative,0.5560135245323181,Guest Experience,Guest Experience (0.98); Food & Beverage (0.96); Facilities & Amenities (0.96)
amnifana,2025,1,yth kepada bpk ibu petinggi dihotel holiday inn tolong ditinjau kembali keamanan yang jaga didepan lobi saya sebagai ojek online mengalami hal yang tidak mengenakan atas sikap keamanan tersebut tadi sakit ketika mengantar makanan untuk pengunjung kronologi baru saya menghampiri lobi dengan memakai helm karena mtr diluar takut ada yang curi melihat di meja tidak ada siapa2 saya langsung masuk berniat ingin ke meja resepsionis untuk menitip makanan sesuai arahan pelanggan tamu hotel belum sampai pintu keamanan tersebut meneriaki saya seperti ini helm buka helm saya bisa berbicara dengan menghampiri berhadapan dengan sopan saya juga,KOMPETITOR,Bintang 4,HolidayInnBandungPasteur,negative,0.997043788433075,Safety & Security,Safety & Security (0.65); Management & Policy Issues (0.33); Staff Conduct & Hospitality (0.30)
Ihsan adly Ritonga,2025,1,Pelayanan cek masuk buruk saya baru mendapatkan kamar jam setengah 5 sore bahkan sampai masih ada yang antri untuk sarapan oke tapi mengisi lambat,KOMPETITOR,Bintang 4,HolidayInnBandungPasteur,negative,0.998816728591919,Guest Experience,Guest Experience (0.99); Check in/out Experience (0.98); Booking & Reservation Experience (0.89)
Anonymous,2025,1,Tidak ada parkir flat untuk yang acara khusus yang menginap saat mau minta cap malah suruh bilang saja nanti flat saat mau bayar giliran saat mau bayar g ada parkir flat sudah bagian tiket nya tidak ramah ganti saja sekalian bagian tiket nya sama yang lebih sopan tolong kebijakan parkir diperbaiki jangan permainkan peserta acara kedepan nya,KOMPETITOR,Bintang 4,HolidayInnBandungPasteur,negative,0.9849944710731506,"Location, Accessibility & Parking","Location, Accessibility & Parking (0.84); Management & Policy Issues (0.73); Guest Experience (0.67)"
ardi last,2023,1,baru saja check out room 678 junior suite info awal boleh sarapan untuk 3 orang saya sudah makan dulu dan saat teman mau sarapan eh harus konfirmasi ke kantor dulu kami malu donk saat komplain tidak mau salah pelayannya masih pagi kartu akses harus chas ulang tidak dianjurkan kapok,KOMPETITOR,Bintang 4,HolidayInnBandungPasteur,negative,0.9947813153266907,Family & Group Friendly,Family & Group Friendly (0.85); Check in/out Experience (0.79); Guest Experience (0.65)
dandy tanuwidjaja,2025,1,letak di pintu tol tapi jalannya satu arah muter nya jauh kalau akhir pekan macet sangat buruk sambutan Anda pantas lebih baik,KOMPETITOR,Bintang 4,HolidayInnBandungPasteur,negative,0.9429814219474792,Guest Experience,"Guest Experience (0.98); Service Quality (0.96); Location, Accessibility & Parking (0.96)"
yulianto anto,2024,1,sudah ke sekian kali mengajak keluarga liburan ke bandung menginap di hotel liburan tapi kali ini kesan saya terhadap hotel liburan langsung berubah sampai titik awal datang tgl 30 des 23 kamar saja sudah salah tidak seperti yang di pesan dan tolong jangan berpikir jika konsumen tahu ya kalian ada kamar tipe oleh isi yang kita tahu ya nama kamar dan fasilitas sesuai di gambar setelah debat akhir nya sekitar 2 jam 5 saya baru pindah ke kamar yang sesuai pesanan saya zonk lagi di sarapan yang mau saya komentar adalah menu makanan hotel bintang 4 sangat tidak mencerminkan sarapan jam 09:30 beberapa stall seperti kue waffel roti dan cemilan sudah,KOMPETITOR,Bintang 4,HolidayInnBandungPasteur,negative,0.9969584941864014,Facilities & Amenities,Facilities & Amenities (0.87); Guest Experience (0.48); Booking & Reservation Experience (0.40)
Paradiso Paradise,2025,1,Ehh tolong dong bagian atm nya kasih tanda smua tmpt klo ada kaca nya tuh pasti dikasih tanda awas kaca dikira elu smua org mata nya kaga minus cok,KOMPETITOR,Bintang 4,HolidayInnBandungPasteur,negative,0.9613468647003174,Facilities & Amenities,Facilities & Amenities (0.88); Safety & Security (0.73); Service Quality (0.67)
Mariska vernita jonathan,2023,1,Saya bersama teman yang tidak perlu buku sehari sebelum kami makan ala carte bukan dengan arogan abm cepi mengatakan untuk sekarang saya kasi kebijaksanaan boleh tapi nanti2 tidak bisa mohon maaf yah anggota kami mau gunakam vlucher tapi tetap bayar ya tidak gratis akhir ya kami pergi datang ke crn p azaditerima dengan sangat ramah dan baik voucher juga bisa digunakan,KOMPETITOR,Bintang 4,HolidayInnBandungPasteur,negative,0.5908290147781372,Pricing & Value for Money,Pricing & Value for Money (0.98); Family & Group Friendly (0.98); Service Quality (0.97)
Yermia Heriaji,2025,1,sangat buruk keramahan meminta untuk membersihkan kamar sejak 9 pagi tapi mereka tidak menutup kamar sampai 4 sore mengeluh ke resepsionis dan mendapat waktu yang sulit dengan pria kulit putih khusus,KOMPETITOR,Bintang 4,HolidayInnBandungPasteur,negative,0.9992542862892151,Guest Experience,Guest Experience (0.99); Facilities & Amenities (0.97); Service Quality (0.97)
Kustadi Triantio,2020,1,semua staf tidak bersahabat terlihat sekali ekspresi stres saya datang lebih pagi menitipkan koper untuk dibawa ke kamar saat kamar sudah siap ternyata tidak dibawa ke atas juga selamat datang minuman tidak disiapkan mesti ditanyakan dulu untuk jujur saya sudah mencoba berbagai hotel bintang 4 di bandung hotel ini salah satu yang terburuk jika saya tidak menyandang nama besar liburan hotel mungkin baik-baik saja tapi justru karena menyandang nama liburan hotel ekspektasi saya jelas berbeda sarapan banyak yang kosong tidak segera mengisi susu habis di mesin kopi tidak mengarahkan saya memeriksa tgl 21 maret 2019 di kamar 1003 1005 maaf tidak direkomendasikan,KOMPETITOR,Bintang 4,HolidayInnBandungPasteur,negative,0.9951958060264587,Food & Beverage,Food & Beverage (0.75); Guest Experience (0.62); Booking & Reservation Experience (0.40)
Ummu Tara,2019,1,Waktu sarapan sampai jam 11 tapi 9 20 dimsum sudah habis total dan tidak akan mengarahkan lagi dengan alasan sudah berkali2 direfill sosis habis anak-anak menu spgheti carbonara habis saos sambal di sudut sosis kosong melompong hm masih 9 20 baiklah ac kamar kurang dingin,KOMPETITOR,Bintang 4,HolidayInnBandungPasteur,negative,0.9878661632537842,Facilities & Amenities,Facilities & Amenities (0.64); Food & Beverage (0.63); Pricing & Value for Money (0.55)
Armand Shandika,2025,1,Ini untuk kedua kalinya baru masuk langsung keluar tapi harus biaya parkir hotel ini lebih buruk daripada hotel lain di bandung jika tidak percaya silahkan coba kalian,KOMPETITOR,Bintang 4,HolidayInnBandungPasteur,negative,0.8624420166015625,"Location, Accessibility & Parking","Location, Accessibility & Parking (0.95); Check in/out Experience (0.82); Pricing & Value for Money (0.79)"
Rahardian Dwi Cahyo,2020,1,Saya cobain paket jikathar 148 0 datang jam 18 15 adzan maghrib jam 17 45 baru 30 menit makanan sudah banyak yang abis dan berantakan proses mengisi makanan lambat dan kesannya tidak siap buat melayani tamu banyak variasi menuunya biasa saja dan rasanya standar banget tidak sesuai ekspektasi nemuin makanan ini di hotel liburan silakan meninjau menu Anda dan lakukan layanan liburan hotel lebih baik,KOMPETITOR,Bintang 4,HolidayInnBandungPasteur,negative,0.9979410767555237,Guest Experience,Guest Experience (0.95); Service Quality (0.79); Booking & Reservation Experience (0.76)
roti depok,2023,1,Kasur tidak enak bantal tipik banget handuk tipik seperti tidak standar handuk hotel fasilitas di hotel ini seperti sudah tua dan tidak layak memakai lg untuk tarif 1 5 jt per malam sungguh tidak layak itu,KOMPETITOR,Bintang 4,HolidayInnBandungPasteur,negative,0.9993348717689514,Facilities & Amenities,Facilities & Amenities (0.99); Pricing & Value for Money (0.85); Guest Experience (0.51)
Abdul Ghoni,2024,1,seumur hidup baru kali ini saya bertemu hotel yang staf nya tidak ada yang kasih senyum mungkin ini hotel 1 1 nya tidak ada senyum dari mulai satpam depan ampe ob teruntuk fo cwok yang memakai kacamata tidak ada senyumnya tapi ketika mereka bercanda antar sesama teman mereka dengan mudah nya senyum apa senyum hanya untuk di kalangan mereka bukan untuk tamu buat hotel lebih baik ajarkan mereka arti senyum dulu terima kasih,KOMPETITOR,Bintang 4,HolidayInnBandungPasteur,negative,0.9607552886009216,Guest Experience,Guest Experience (0.42); Staff Conduct & Hospitality (0.40); Food & Beverage (0.34)
Asep Ahong,2018,1,ia bagus liburan ini bandung tapi tidak memanusiakan rakyat biasa sayang untuk bagian tempat wisma berasal supir sangat tidak layak dan campur mulut sekuriti laki laki suka berbohong di bagian depan dia bilang berasal di wisma nginepnya di kamar no 5 dan bisa makan pagi tapi kenyataannya bohong tidak usah lah bilang dapet makan lah kalau memang tidak ada tidak usah bayak iklan kalau tidak sesuai dengan kenyataan tempat baru macam sangat kotor bau rokok bau mandi menyakitkan kamar kamar udaranya kecil lagi menginap tgl 30 januari 2017 atas nama asep saya komplain ke bagian sekuriti tgl 31 januari 2017 masalah omongan,KOMPETITOR,Bintang 4,HolidayInnBandungPasteur,negative,0.9986971020698547,Guest Experience,Guest Experience (0.82); Facilities & Amenities (0.70); Check in/out Experience (0.70)
Rita Daily,2024,1,ulasan saya dihapus sebelumnya tidak nyata ulasan resepsi yang bernama alhdi tidak bagus dalam melayani tamu tidak memberikan solusi bicaranya ngotot bukan layaknya melayanin tamu,KOMPETITOR,Bintang 4,HolidayInnBandungPasteur,negative,0.9988594055175781,Check in/out Experience,Check in/out Experience (0.85); Religious & Halal Features (0.66); Guest Experience (0.55)
Rina Setiani,2024,1,Saya punya pengalaman buruk saat membayar parkir di tiket parkir itu yang jaga atas nama Atthar hifzan r sayang sekali tidak jujur dan amanah saya datang ke sana untuk acara undangan pertemuan tiba2 saya d minta parkir 16 rb ketika saya minta struknya ternyata 14 rb yang saya inginkan kalopun mau lebihnya 5 atau 10rb alangkah baiknya dengan cara meminta tidak dengan membohongi terima kasih,KOMPETITOR,Bintang 4,HolidayInnBandungPasteur,negative,0.9951484799385071,Guest Experience,Guest Experience (0.87); Booking & Reservation Experience (0.83); Pricing & Value for Money (0.81)
gina febriani ginting,2022,1,Dear general manager holiday inn bandung saya ingin berbagi pengalaman buruk saya ketika kami masuk restoran Anda sehingga kami adalah 4 orang masuk restoran Anda ketika pelayan Anda mengambil pesanan kami dia menuliskannya masuk sarung tangannya tidak masuk kertas kami memesan anggur jus jeruk dan beberapa makanan setelah 30 menit anggur kami akhirnya disajikan Anda benar-benar membutuhkan 30 menit hanya disajikan anggur saat melayani anggur kami pelayan memberitahu kami untuk menunggu makanan kami untuk disajikan kami menunggu hampir 45 menit dan ya makanan kami masih belum siap belum saya telah mencoba untuk mendekati staf Anda tetapi mereka tampaknya mengabaikan saya dan bertanya apa,KOMPETITOR,Bintang 4,HolidayInnBandungPasteur,negative,0.8935720920562744,Guest Experience,Guest Experience (0.98); Food & Beverage (0.96); Check in/out Experience (0.95)
Salim Salim,2024,1,hotel bagus jadi tidak bagus karena pelayanan resepsi yang bernama alhdi kurang komunikatif kurang solusi dalam menjawab kebanyakan ngotot,KOMPETITOR,Bintang 4,HolidayInnBandungPasteur,negative,0.9948689937591553,Guest Experience,Guest Experience (0.99); Check in/out Experience (0.95); Religious & Halal Features (0.91)
cinthia lee,2025,1,Hotel ini sangat buruk membatalkan pemesanan saya pada menit terakhir via Agoda atas alasan mereka tidak dapat mengenakan kartu kredit saya jadi lucu saya memiliki pemesanan lain dengan hotel lain dan tidak ada masalah dengan cc saya pikir mereka menjual kamar saya untuk orang lain dengan tarif yang lebih tinggi sejak akhir pekan panjang ini,KOMPETITOR,Bintang 4,HolidayInnBandungPasteur,negative,0.9984209537506104,Booking & Reservation Experience,Booking & Reservation Experience (0.81); Pricing & Value for Money (0.76); Service Quality (0.69)
Taufan Prayogo,2025,1,jelek banget titip kunci saja konfirmasi pakai nama pemesan kamar tidak bisa nyari payah sistem lu,KOMPETITOR,Bintang 4,HolidayInnBandungPasteur,negative,0.9994043111801147,Service Quality,Service Quality (0.72); Safety & Security (0.69); Guest Experience (0.68)
Ian Doanx,2020,1,Perparkiran baru saja deh di perbaiki terutama pos pintu keluar hotel petugas kasir nya jutek stelah bayar kendaraan keluar hotel di biarkan saja teruta di jam sibuk tuh rawan posisi keluar baru kasihan buat pengendara perempuan tksh,KOMPETITOR,Bintang 4,HolidayInnBandungPasteur,negative,0.9994148015975952,"Location, Accessibility & Parking","Location, Accessibility & Parking (0.98); Facilities & Amenities (0.93); Service Quality (0.91)"
tahu gandeng cibuntu kang andri,2020,1,Saya pengguna jalan umum sedikit terkejut saat saya berhenti karena ada panggilan telepon di tegur oleh keamanan hotel liburan hotel di minta untuk maju padahal jalan adalah hak umum bukan bagian dari properti yang harus di jaga keamanan sambil sedikit marah dan ngedumel alasan baru di perintah manajer kok bisa ya liburan hotel asing melalui keamanan bersikap arogan di tempat yang bukan menjadi kewenangannya di sebuah negara merdeka apalagi yang saya minta rakyat negara pribumi kepada bapa keamanan saya mengerti dan paham bp menjalankan tugas tapi salah tempat maaf,KOMPETITOR,Bintang 4,HolidayInnBandungPasteur,negative,0.9993501305580139,Management & Policy Issues,Management & Policy Issues (0.65); Guest Experience (0.55); Safety & Security (0.51)
19-027 - Athaya Haura Khaerunnisa,2024,1,Ayahku pernah hilang dan pertanggung jawaban dari manajemen hotel buruk sekali tidak direkomendasikan sama sekali,KOMPETITOR,Bintang 4,HolidayInnBandungPasteur,negative,0.9992018342018127,Management & Policy Issues,Management & Policy Issues (0.87); Facilities & Amenities (0.61); Staff Conduct & Hospitality (0.47)
Teguh Pambudi,2019,1,dapat pengalaman makan malam tapi makanannya tidak hangat tamuku dari Turki sampai marah2 karena dianggap sebagai makanan yang tidak segar,KOMPETITOR,Bintang 4,HolidayInnBandungPasteur,negative,0.9658517837524414,Check in/out Experience,Check in/out Experience (0.99); Guest Experience (0.92); Food & Beverage (0.81)
wahyu humoriss,2020,1,Tidak akan nginap di tpat ini membuat rasanya biasa saja dan kamar sempit di tambah lagi ac tidak ada dinginya sekali lagi,KOMPETITOR,Bintang 4,HolidayInnBandungPasteur,negative,0.9790416359901428,Facilities & Amenities,Facilities & Amenities (0.87); Guest Experience (0.82); Sustainability & Environmental Quality (0.59)
Anne Sri Arti,2020,1,kamar berisik di 1036 suara angkat ngak berenti kita kaya disebelah kereta api jadi ngak bisa tidur,KOMPETITOR,Bintang 4,HolidayInnBandungPasteur,negative,0.995186984539032,Facilities & Amenities,Facilities & Amenities (0.90); Guest Experience (0.79); Sustainability & Environmental Quality (0.47)
Christine Gunawan,2025,1,kamarnya bau ranjangnya kurang nyaman tidak sesuai harga,KOMPETITOR,Bintang 4,HolidayInnBandungPasteur,negative,0.9993526339530945,Pricing & Value for Money,Pricing & Value for Money (0.94); Facilities & Amenities (0.77); Guest Experience (0.70)
Vina Alesha,2025,1,Hotel ini sangat buruk pelayanan tempatnya jorok sekali,KOMPETITOR,Bintang 4,HolidayInnBandungPasteur,negative,0.9993497729301453,Guest Experience,Guest Experience (0.99); Facilities & Amenities (0.95); Check in/out Experience (0.81)
Augusta Mobilindo,2025,1,parkir gratis parkir sudah berbayar tarif parkir baru juga lumayan mahal lagi gimana ini,KOMPETITOR,Bintang 4,HolidayInnBandungPasteur,negative,0.9977288842201233,Pricing & Value for Money,"Pricing & Value for Money (0.87); Location, Accessibility & Parking (0.46); Facilities & Amenities (0.36)"
Bambang Soepriadi,2024,1,sebagai tamu undangan pesta perkawinan makanan pasti menjadi salah satu sorotan,KOMPETITOR,Bintang 4,HolidayInnBandungPasteur,positive,0.679481029510498,Food & Beverage,Food & Beverage (0.99); Guest Experience (0.99); Cultural & Heritage Experience (0.88)
sakti aditama,2025,1,layanan buruk layanan mereka buruk memprioritaskan kelompok yang lebih besar tanpa mempertimbangkan siapa yang menempatkan pesanan mereka terlebih dahulu,KOMPETITOR,Bintang 4,HolidayInnBandungPasteur,negative,0.9991037249565125,Service Quality,Service Quality (0.91); Guest Experience (0.57); Management & Policy Issues (0.48)
Assep Purna Mulyanto,2023,1,semoga yang saya lihat itu bukan miras tapi klo betul miras tidak akan pernah menginap di hotel ini,KOMPETITOR,Bintang 4,HolidayInnBandungPasteur,negative,0.9795193076133728,Guest Experience,Guest Experience (0.46); Facilities & Amenities (0.27); Religious & Halal Features (0.23)
Teguh Kurniawan,2025,1,Kami hanya tinggal satu malam dan sementara kami keluar untuk sarapan pembantu rumah mengambil pakaian kami tanpa kami memerintahkan untuk melakukan itu,KOMPETITOR,Bintang 4,HolidayInnBandungPasteur,neutral,0.7046266198158264,Guest Experience,Guest Experience (0.96); Check in/out Experience (0.93); Facilities & Amenities (0.88)
mhmd,2025,1,akses lift nya parah,KOMPETITOR,Bintang 4,HolidayInnBandungPasteur,negative,0.9987902045249939,Facilities & Amenities,Facilities & Amenities (0.93); Service Quality (0.90); Religious & Halal Features (0.69)
ROBBY TALAR,2025,1,Pengalaman buruk tinggal masuk hotel ini makanan miskin dan tidak beraroma tidak ada yang menghadiri masuk whirlpool tidak parkir mam masuk parkir,KOMPETITOR,Bintang 4,HolidayInnBandungPasteur,negative,0.9924668669700623,Guest Experience,"Guest Experience (0.97); Location, Accessibility & Parking (0.95); Check in/out Experience (0.91)"
Kesha Muhammad alfarizqi,2020,1,makan siang di Holiday Inn trnyata zoonk makanannya gk enak nasi gorengnya kaya yang basi,KOMPETITOR,Bintang 4,HolidayInnBandungPasteur,negative,0.9951501488685608,Food & Beverage,Food & Beverage (0.85); Facilities & Amenities (0.77); Booking & Reservation Experience (0.65)
Giovanni Archidiacono,2021,1,Aku mencoba lobster bakso bukan lobster tapi lebih seperti kerang layanan mengambil selamanya tapi sambal adalah luar biasa,KOMPETITOR,Bintang 4,HolidayInnBandungPasteur,positive,0.9384315013885498,Service Quality,"Service Quality (0.98); Loyalty, Recommendation & Appreciation (0.93); Facilities & Amenities (0.93)"
Memed Gunawan,2025,1,Sevice dan makanan yang sangat dasar ditemukan kecoa masuk kamar mandi,KOMPETITOR,Bintang 4,HolidayInnBandungPasteur,negative,0.995730459690094,Facilities & Amenities,Facilities & Amenities (0.99); Guest Experience (0.99); Food & Beverage (0.91)
Dimas TY,2024,1,serem banget karyawannya apalagi tukang parkir nya,KOMPETITOR,Bintang 4,HolidayInnBandungPasteur,negative,0.9994993209838867,"Location, Accessibility & Parking","Location, Accessibility & Parking (0.72); Facilities & Amenities (0.58); Management & Policy Issues (0.58)"
Anis Achouri,2023,1,Staff mereka super baik tapi hotel sangat kotor,KOMPETITOR,Bintang 4,HolidayInnBandungPasteur,negative,0.9969382286071777,Service Quality,Service Quality (0.94); Guest Experience (0.80); Management & Policy Issues (0.54)
Citepus MinaFarm,2019,1,keamanan nya kurang selamat datang buat sopir yang nganter atau angkat,KOMPETITOR,Bintang 4,HolidayInnBandungPasteur,positive,0.5672752857208252,Safety & Security,Safety & Security (0.80); Guest Experience (0.77); Management & Policy Issues (0.51)
Carmen B Komarudin,2020,1,datang untuk menghadiri seminar kamar kecil jorok dan tidak terawat,KOMPETITOR,Bintang 4,HolidayInnBandungPasteur,negative,0.9973594546318054,Guest Experience,Guest Experience (0.99); Check in/out Experience (0.95); Facilities & Amenities (0.80)
Yudi I,2024,1,tempatnya bagus indah enak nyaman saya,KOMPETITOR,Bintang 4,HolidayInnBandungPasteur,positive,0.999038815498352,Room Quality & Comfort,Room Quality & Comfort (1.00); Facilities & Amenities (0.99); Food & Beverage (0.91)
Achmad Lesmana,2025,1,Salaam bu citra dan pertanggunjawabkan sebagai karyawan Holiday Inn yang dulunya hak kami 1 hari kamer eksekutif kamar dan rampas mohon balikin pesan wa berbulan2 tidak direspon ibu bpk pimpinan liburan masuk pastur bandung apakah ini cara anda menyikapi masalah hak seseorang dirampas dikarenakan prilaku sikap mantan karyawan anda apa bedanya dengan hotel kelas melati,KOMPETITOR,Bintang 4,HolidayInnBandungPasteur,negative,0.9988927245140076,Complaint Handling & Service Recovery,Complaint Handling & Service Recovery (0.39); Management & Policy Issues (0.37); Booking & Reservation Experience (0.33)
ahmad rofiq,2020,1,tukang parkirnya tidak punya kembali padahal parkir mahal,KOMPETITOR,Bintang 4,HolidayInnBandungPasteur,negative,0.998606264591217,Pricing & Value for Money,"Pricing & Value for Money (0.79); Location, Accessibility & Parking (0.75); Management & Policy Issues (0.52)"
Abdul Roziq,2016,1,Itu nomor telepon benar saya telepon berkali-kali dari kemaren dan hari ini saya juga telepon tidak ada yang angkat sekali,KOMPETITOR,Bintang 4,HolidayInnBandungPasteur,negative,0.8728508949279785,Service Quality,"Service Quality (0.78); Loyalty, Recommendation & Appreciation (0.54); Service Efficiency & Responsiveness (0.54)"
Muhammad Zainudin,2024,1,rating penipuan yang rating kebanyakan orang yang dibayar,KOMPETITOR,Bintang 4,HolidayInnBandungPasteur,negative,0.9993407130241394,Pricing & Value for Money,Pricing & Value for Money (0.40); Booking & Reservation Experience (0.20); Digital Connectivity & Technology (0.16)
Mul Yadi,2022,1,Hotel biasa saja lumayan lah,KOMPETITOR,Bintang 4,HolidayInnBandungPasteur,positive,0.5565261244773865,Service Quality,Service Quality (0.92); Room Quality & Comfort (0.85); Facilities & Amenities (0.78)
Detisna Anhar,2018,1,Pasteur junjunan arah dari pintu tol macet merayap arah masuk tol lancar,KOMPETITOR,Bintang 4,HolidayInnBandungPasteur,positive,0.9971475005149841,Service Quality,Service Quality (0.53); Sustainability & Environmental Quality (0.48); Pricing & Value for Money (0.35)
apta km,2020,1,kurang ramah dan makanan kurang enak2,KOMPETITOR,Bintang 4,HolidayInnBandungPasteur,negative,0.998568058013916,Food & Beverage,Food & Beverage (0.78); Guest Experience (0.71); Facilities & Amenities (0.70)
Papanya Junior,2023,1,keamanan depan tidak punya sikap,KOMPETITOR,Bintang 4,HolidayInnBandungPasteur,negative,0.9986594915390015,Safety & Security,Safety & Security (0.59); Management & Policy Issues (0.56); Digital Connectivity & Technology (0.28)
Rina Ramsis,2018,1,pemasaran tidak bagus karen tidak menguasai produk,KOMPETITOR,Bintang 4,HolidayInnBandungPasteur,negative,0.9994305968284607,Pricing & Value for Money,Pricing & Value for Money (0.72); Food & Beverage (0.64); Digital Connectivity & Technology (0.41)
Opoa4 T,2024,1,penipuan minus hati2,KOMPETITOR,Bintang 4,HolidayInnBandungPasteur,negative,0.9987291693687439,Facilities & Amenities,"Facilities & Amenities (0.29); Digital Connectivity & Technology (0.25); Location, Accessibility & Parking (0.21)"
Umar Rauf,2017,1,Ada yang tahu Nmr Telep yang bisa saya hubungi dak,KOMPETITOR,Bintang 4,HolidayInnBandungPasteur,neutral,0.9946458339691162,Service Efficiency & Responsiveness,Service Efficiency & Responsiveness (0.46); Digital Connectivity & Technology (0.41); Religious & Halal Features (0.39)
Dian Nuryanto,2025,1,wifi super lemot,KOMPETITOR,Bintang 4,HolidayInnBandungPasteur,negative,0.9993721842765808,Digital Connectivity & Technology,Digital Connectivity & Technology (0.91); Facilities & Amenities (0.82); Sustainability & Environmental Quality (0.75)
iFals,2023,1,toleransi tutup halywings,KOMPETITOR,Bintang 4,HolidayInnBandungPasteur,negative,0.831467866897583,Religious & Halal Features,Religious & Halal Features (0.63); Management & Policy Issues (0.24); Safety & Security (0.22)
Andri Suroso,2022,1,lama mengangkatnya laki-laki,KOMPETITOR,Bintang 4,HolidayInnBandungPasteur,negative,0.9957734942436218,Pricing & Value for Money,"Pricing & Value for Money (0.76); Loyalty, Recommendation & Appreciation (0.73); Cultural & Heritage Experience (0.49)"
Hafizh Zhafran,2019,1,layanan yang buruk dari resepsionis di resepsi dan banyak nyamuk,KOMPETITOR,Bintang 4,HolidayInnBandungPasteur,negative,0.9990378618240356,Guest Experience,Guest Experience (1.00); Check in/out Experience (0.99); Facilities & Amenities (0.89)
Dede Sutisna,2019,1,kurangnya kontrubusi pada masyarakat setempat,KOMPETITOR,Bintang 4,HolidayInnBandungPasteur,neutral,0.9971529245376587,Sustainability & Environmental Quality,Sustainability & Environmental Quality (0.47); Management & Policy Issues (0.45); Pricing & Value for Money (0.26)
IPW S A D LSM,2021,1,sangat tidak ramah,KOMPETITOR,Bintang 4,HolidayInnBandungPasteur,negative,0.9990347623825073,Guest Experience,Guest Experience (0.57); Food & Beverage (0.54); Digital Connectivity & Technology (0.51)
Rozar Prawiranegara,2020,1,Maafkan rating rendah ini karena diskriminasi parkir sepeda motor,KOMPETITOR,Bintang 4,HolidayInnBandungPasteur,negative,0.9987607002258301,Management & Policy Issues,"Management & Policy Issues (0.16); Location, Accessibility & Parking (0.16); Pricing & Value for Money (0.05)"
x6d9q,2023,1,layanan jelek,KOMPETITOR,Bintang 4,HolidayInnBandungPasteur,negative,0.9992285966873169,Management & Policy Issues,Management & Policy Issues (0.67); Pricing & Value for Money (0.52); Guest Experience (0.43)
Agin Kriswiyanto,2020,1,Mcm malam bersama bos,KOMPETITOR,Bintang 4,HolidayInnBandungPasteur,negative,0.8372361660003662,Facilities & Amenities,"Facilities & Amenities (0.91); Cleanliness, Hygiene & Maintenance (0.90); Loyalty, Recommendation & Appreciation (0.89)"
Kris Gunardi,2020,1,Makan malam bersama bos,KOMPETITOR,Bintang 4,HolidayInnBandungPasteur,neutral,0.9451572299003601,Food & Beverage,"Food & Beverage (0.94); Cleanliness, Hygiene & Maintenance (0.83); Loyalty, Recommendation & Appreciation (0.82)"
Saryoto Tea Pisan,2023,1,cocok untuk akhir pekan lah,KOMPETITOR,Bintang 4,HolidayInnBandungPasteur,positive,0.98753821849823,Food & Beverage,Food & Beverage (0.71); Cultural & Heritage Experience (0.68); Sustainability & Environmental Quality (0.68)
syahril partners,2023,1,pelayanan kurang baik,KOMPETITOR,Bintang 4,HolidayInnBandungPasteur,negative,0.9991687536239624,Guest Experience,Guest Experience (0.78); Management & Policy Issues (0.66); Food & Beverage (0.52)
Rina Nur,2018,1,Holiday Inn Pasteur Kick tahun 2018,KOMPETITOR,Bintang 4,HolidayInnBandungPasteur,positive,0.9852457642555237,Sustainability & Environmental Quality,Sustainability & Environmental Quality (0.84); Pricing & Value for Money (0.81); Service Quality (0.78)
Sur Yadin,2018,1,Lebih baik seperti menakjubkan,KOMPETITOR,Bintang 4,HolidayInnBandungPasteur,positive,0.993182361125946,Sustainability & Environmental Quality,"Sustainability & Environmental Quality (0.67); Loyalty, Recommendation & Appreciation (0.66); Cultural & Heritage Experience (0.63)"
Muhammad Isro,2025,1,Maafkan aku,KOMPETITOR,Bintang 4,HolidayInnBandungPasteur,negative,0.9919319748878479,Pricing & Value for Money,"Pricing & Value for Money (0.73); Cleanliness, Hygiene & Maintenance (0.71); Religious & Halal Features (0.58)"
Kosong Delapan,2025,1,Salaam bu citra dan pertanggunjawabkan sebagai karyawan liburan inn yang dulunya hak kami 1 hari kamer eksekutif kamar dan rampas mohon balikin pesan wa berbulan2 tidak direspon ibu bpk pimpinan liburan masuk pastur bandung apakah ini cara anda menyikapi masalah hak seseorang dirampas dikarenakan prilaku sikap mantan karyawan anda apa bedanya pelayanan hotel berbintang dengan kelas melati,KOMPETITOR,Bintang 4,HolidayInnBandungPasteur,negative,0.9988920092582703,Complaint Handling & Service Recovery,Complaint Handling & Service Recovery (0.78); Management & Policy Issues (0.55); Service Quality (0.54)
Suhe Iyan,2024,1,banyak aturan,KOMPETITOR,Bintang 4,HolidayInnBandungPasteur,positive,0.9690244197845459,"Cleanliness, Hygiene & Maintenance","Cleanliness, Hygiene & Maintenance (0.63); Pricing & Value for Money (0.51); Sustainability & Environmental Quality (0.50)"
Atim Pribadi,2022,1,keramahan,KOMPETITOR,Bintang 4,HolidayInnBandungPasteur,negative,0.992863118648529,"Cleanliness, Hygiene & Maintenance","Cleanliness, Hygiene & Maintenance (0.95); Staff Conduct & Hospitality (0.92); Room Quality & Comfort (0.54)"
Dedy Bingopar,2024,1,mewah,KOMPETITOR,Bintang 4,HolidayInnBandungPasteur,positive,0.9933391213417053,"Cleanliness, Hygiene & Maintenance","Cleanliness, Hygiene & Maintenance (0.82); Facilities & Amenities (0.78); Pricing & Value for Money (0.70)"
Abdurrahman Sudais,2025,1,tidak direkomendasikan,KOMPETITOR,Bintang 4,HolidayInnBandungPasteur,negative,0.9985221028327942,Food & Beverage,Food & Beverage (0.76); Pricing & Value for Money (0.67); Facilities & Amenities (0.64)
Ilham Romli,2022,1,Kopi buruk terlalu mahal,KOMPETITOR,Bintang 4,HolidayInnBandungPasteur,negative,0.9986681938171387,Pricing & Value for Money,Pricing & Value for Money (0.95); Food & Beverage (0.81); Guest Experience (0.53)
Harry Moehamad,2020,1,bagus,KOMPETITOR,Bintang 4,HolidayInnBandungPasteur,positive,0.9981056451797485,"Cleanliness, Hygiene & Maintenance","Cleanliness, Hygiene & Maintenance (0.91); Facilities & Amenities (0.89); Sustainability & Environmental Quality (0.82)"
Ariany Arifuddin,2019,1,lewat,KOMPETITOR,Bintang 4,HolidayInnBandungPasteur,negative,0.4793224036693573,Facilities & Amenities,"Facilities & Amenities (0.83); Cleanliness, Hygiene & Maintenance (0.81); Sustainability & Environmental Quality (0.68)"
Christine Dwikarya susi,2019,1,kurang,KOMPETITOR,Bintang 4,HolidayInnBandungPasteur,positive,0.836758017539978,Facilities & Amenities,Facilities & Amenities (0.61); Sustainability & Environmental Quality (0.60); Pricing & Value for Money (0.56)
agus z. mustopa,2019,1,romantis,KOMPETITOR,Bintang 4,HolidayInnBandungPasteur,positive,0.9991008043289185,"Cleanliness, Hygiene & Maintenance","Cleanliness, Hygiene & Maintenance (0.93); Facilities & Amenities (0.87); Loyalty, Recommendation & Appreciation (0.79)"
guna Wibiksana,2019,1,nyaman,KOMPETITOR,Bintang 4,HolidayInnBandungPasteur,positive,0.9834315180778503,"Cleanliness, Hygiene & Maintenance","Cleanliness, Hygiene & Maintenance (0.72); Sustainability & Environmental Quality (0.65); Guest Experience (0.60)"
Iman Munandar,2019,1,yuk mampir,KOMPETITOR,Bintang 4,HolidayInnBandungPasteur,positive,0.9983377456665039,Guest Experience,"Guest Experience (0.99); Facilities & Amenities (0.96); Cleanliness, Hygiene & Maintenance (0.90)"
tri purnomo,2015,1,bagus,KOMPETITOR,Bintang 4,HolidayInnBandungPasteur,positive,0.9980998635292053,"Cleanliness, Hygiene & Maintenance","Cleanliness, Hygiene & Maintenance (0.91); Facilities & Amenities (0.89); Sustainability & Environmental Quality (0.82)"
Tiyo Prihantiyono,2018,1,tempat tersembunyi,KOMPETITOR,Bintang 4,HolidayInnBandungPasteur,negative,0.985310435295105,Safety & Security,Safety & Security (0.80); Pricing & Value for Money (0.64); Personalized & Special Services (0.58)
Agus Kusnadi,2015,1,mengelupas,KOMPETITOR,Bintang 4,HolidayInnBandungPasteur,negative,0.9868521094322205,Facilities & Amenities,Facilities & Amenities (0.75); Pricing & Value for Money (0.61); Sustainability & Environmental Quality (0.47)
Iffah Anshori,2018,1,lokasi yang salah,KOMPETITOR,Bintang 4,HolidayInnBandungPasteur,negative,0.880000650882721,Pricing & Value for Money,Pricing & Value for Money (0.54); Safety & Security (0.52); Sustainability & Environmental Quality (0.48)
Ramdani Dani,2026,1,Musik nya ganggu istirahat sampai jendela getar,KOMPETITOR,Bintang 4,HolidayInnBandungPasteur,negative,0.9946797490119934,Cultural & Heritage Experience,Cultural & Heritage Experience (0.71); Religious & Halal Features (0.64); Sustainability & Environmental Quality (0.57)
Fjkhfdf Fhjjhff,2019,1,sangat buruk pemesanan dilakukan melalui telepon tapi ketika kami sampai di sana tidak ada kamar yang tersedia,KOMPETITOR,Bintang 4,HolidayInnBandungPasteur,negative,0.9991157650947571,Guest Experience,Guest Experience (0.87); Booking & Reservation Experience (0.78); Pricing & Value for Money (0.76)
Don King,2022,1,memburu,KOMPETITOR,Bintang 4,HolidayInnBandungPasteur,negative,0.5302125215530396,Facilities & Amenities,Facilities & Amenities (0.84); Pricing & Value for Money (0.64); Sustainability & Environmental Quality (0.63)
Eneng Widia,2019,1,Raina,KOMPETITOR,Bintang 4,HolidayInnBandungPasteur,positive,0.9833558797836304,"Cleanliness, Hygiene & Maintenance","Cleanliness, Hygiene & Maintenance (0.85); Facilities & Amenities (0.72); Pricing & Value for Money (0.63)"
Debby Sherllya,2025,2,ac panas kasur keras bantal tipis ternyata di kasih kamar cadangan karena penuh seharusnya jika penuh hak usah di jual sangat kecewa bayar mahal tpi tidak nyaman tidak ada tanggapan apapun dari pihak hotel,KOMPETITOR,Bintang 4,HolidayInnBandungPasteur,negative,0.9994660019874573,Pricing & Value for Money,Pricing & Value for Money (0.74); Facilities & Amenities (0.54); Guest Experience (0.52)
Salvito,2025,2,kali ke 3 menginap di sini namun kemarin sangat kecewa karena dapat kamar di pojok benar2 di pinggir jalan saya tidak bisa tidur karena suara kendaraan sangat terdengar sampai ke dalam sudah saya cek jendelanya mati tidak bisa dibuka yang seharusnya tahan suara namun tetap terdengar jelas minta resepsionis untuk pindah kamar namun tidak diberikan dengan alasan seluruh ruangan sudah penuh untuk pelanggan lain hindari kamar yang menghadap ke jalan raya jika tidak ingin mengalami hal serupa mungkin ini yang terakhir kali saya menginap di sini sekian dan terima kasih,KOMPETITOR,Bintang 4,HolidayInnBandungPasteur,negative,0.9971933960914612,Guest Experience,"Guest Experience (0.77); Check in/out Experience (0.65); Location, Accessibility & Parking (0.61)"
JojoYoyo86,2025,2,saya menginap di kamar 4 5 okt di kamar 678 pagi sejak pukul 4 00 sudah ada aktivitas di luar kamar dan sprtinya ada acara persiapan pernikahan sangat berisik dan menggangu ngobrol di luar kamar dan tertawa terdengar sangat kencang dari pihak staf hotel juga membiarkan saja karena staf hotel terlihat lalu berteriak di daerah tsb mohon lebih diperhatikan kenyamanan dan ketenangan penghuni lain sangat malang hotel sekelas liburan inn bisa sprti itu,KOMPETITOR,Bintang 4,HolidayInnBandungPasteur,negative,0.9983958601951599,Guest Experience,Guest Experience (0.56); Facilities & Amenities (0.54); Check in/out Experience (0.31)
Yt,2025,2,mohon maaf ya tadi ketika saya ingin berenang jam 7 lebih tiba ada orang yang nikah foto vidio lama banget sampai 20 menit menunggu mereka tidak akan menjelajahi untuk menyebur hei itu kan arena publik siapapun boleh digunakan,KOMPETITOR,Bintang 4,HolidayInnBandungPasteur,negative,0.9971789121627808,Service Quality,Service Quality (0.51); Guest Experience (0.36); Religious & Halal Features (0.34)
Ridho Rachmad,2024,2,saya menginap pada tanggal 17 19 Oktober 2023 secara keseluruhan layanan dari hotel ini sangat baik apalagi untuk makanannya keramahan semua staf dari awal cek masuk sudah terasa kehangatanannya namun itu semua jadi menurunkan penilaian saya semenjak saya meminta bantuan ke resepsionis pada hari Rabu pagi tgl 19 pukul 05 24wib untuk mendampingi turun saudara saya yang tuna netra namun menunggu tidak kunjung tiba tanpa ada konfirmasi kembali melalui telepon kamar atau meminta ada kendala atau akhirnya saya yang menemani turun sendiri saat saya melihat maaf melewati di resepsionis ada 2 staf resepsionis laki laki yang sepertinya tidak sibuk dan asyik ngobrol,KOMPETITOR,Bintang 4,HolidayInnBandungPasteur,negative,0.9965015649795532,Service Quality,Service Quality (0.99); Staff Conduct & Hospitality (0.99); Facilities & Amenities (0.99)
Matt G,2024,2,fasilitas hotel ini baik dan bersih dan lokasinya juga cukup baik jika tujuannya bandung utara namun sarapannya kurang enak kayaknya cuma fokus pada kuantitas bukan kualitas juga hotel punya beberapa kebijakan yang tidak enak untuk pelanggannya jika dijemput hotel hanya kasih 3 menit saja bebas parkir lebih dari itu harus bayar jangka waktu itu tidak cukup untuk teman turun dari kamar khususnya jika teman nginap di lantai atas yang terakhir orang di meja depan tidak bersedia memberikan tagihan jika hotel dibooking melalui aplikasi online seperti agoda atau traveloka saya sudah mengginap di hotel di seluruh indonesia dari sumatra utara sampai papua dan tidak pernah menginap di,KOMPETITOR,Bintang 4,HolidayInnBandungPasteur,negative,0.9791744351387024,"Location, Accessibility & Parking","Location, Accessibility & Parking (1.00); Facilities & Amenities (0.99); Cleanliness, Hygiene & Maintenance (0.67)"
intan rahmadani soleh,2024,2,Saya bayar kamar 1jt hari mandi kamar rusak blower kamar mandi tidak berfungsi handuk semua warna berbeda bolong ini adalah bagian mengejutkan pengering rambut gabisa digunakan padahal sudah sampai minjem kamar sebelah jadi isinya kecewa saja disini tidak puas minta konfirmasi masalah biata memperpanjang dll dll ditunggu sampai hampir 2 jam gaada kabar im maaf tapi ini secara harfiah tidak benar-benar layak untuk harga layanan,KOMPETITOR,Bintang 4,HolidayInnBandungPasteur,negative,0.9995321035385132,Facilities & Amenities,Facilities & Amenities (0.86); Pricing & Value for Money (0.74); Guest Experience (0.72)
Febby S. Kusuma,2023,2,untuk kamarnya sendiri oke hanya saja sarapannya kurang memuaskan gelas habis sehingga harus menunggu gelasnya dicuci dahulu dan lumayan lama waktu yang dibutuhkan alat makan banyak yang habis juga sarapan jam 9 sudah banyak yang habis dan tidak di isi ulang lagi sampai saya bingung mencari apa yang bisa dimakan suara antar kamar terdengar sekali bahkan jam 4 pagi saya bangun karena mendengar suara alarm hp dari kamar sebelah,KOMPETITOR,Bintang 4,HolidayInnBandungPasteur,negative,0.9789353013038635,Guest Experience,Guest Experience (0.47); Pricing & Value for Money (0.41); Service Quality (0.41)
Nanny Wong,2024,2,Banyak kutu di kamar kamar kotor sekali area resto bau berat badan tidak ada kosong hotel kosong selimut tambahan tidak ada dikasih tau pakai seprai saja sampah masih ada di kamar suite tidak dibersihkan tidak dianjurkan wlpn sarapan banyak yang makan disini tapi kutu di dalam resto waw air mandi kecil sekali knalpot berisik sekali semoga kalian bisa memperbaiki,KOMPETITOR,Bintang 4,HolidayInnBandungPasteur,negative,0.9985081553459167,Facilities & Amenities,Facilities & Amenities (0.75); Food & Beverage (0.48); Guest Experience (0.45)
Agus RH,2023,2,Pernah bikin acara full board di hotel ini selama 4 hari tak ada satupun makan siang dan makan malam yang bisa saya makan menu yang di sajikan aneh dan tidak enak pendapat saya ini juga mewakili rekan2 saya yang lain,KOMPETITOR,Bintang 4,HolidayInnBandungPasteur,negative,0.9879946112632751,Guest Experience,Guest Experience (0.95); Food & Beverage (0.88); Booking & Reservation Experience (0.65)
aditya 1057,2025,2,Lama menunggu cek di sini ampun dah kita kecapean macet2an payah lah,KOMPETITOR,Bintang 4,HolidayInnBandungPasteur,negative,0.9994407296180725,Pricing & Value for Money,"Pricing & Value for Money (0.53); Check in/out Experience (0.52); Location, Accessibility & Parking (0.46)"
Michael Wijaya (Migu Del pantera),2021,2,Saya agak kecewa sih terakhir tinggal di sini sebelum membeli voucher ny buat nginep sempet saya bertanya2 dulu untuk fasilitas kolam renang baru dri pihak hotel bilang bisa digunakan rajin dibersihkan bla bla akhirnya saya bertahan beli vouchernya untuk menginap di sini saat sampai di hotel saya terkejut skaligus kecewa memang poll bisa digunakan saat itu cuman berhubung kolam ini berdekatan dengan area yang sedang direnovasi hotel debu dari area renovasi bertebaran di kolam renang terlihat agak jorok kolam renang hari itu akhirnya saya anak saya putusin saya untuk berenang di kolam renang lantai 6 saja dan waktu melihat kolam renang di lantai 6 saya,KOMPETITOR,Bintang 4,HolidayInnBandungPasteur,negative,0.9992486834526062,Facilities & Amenities,Facilities & Amenities (0.82); Management & Policy Issues (0.63); Booking & Reservation Experience (0.58)
POLESDEH ID,2022,2,kamar kurang bersih makanannya kurang enak ditambah lg cara melayaninnya di resto tidak ramah ngeselin banget saat nanya ada puding mba nya jutek abis,KOMPETITOR,Bintang 4,HolidayInnBandungPasteur,negative,0.998950719833374,Facilities & Amenities,Facilities & Amenities (0.98); Food & Beverage (0.95); Service Quality (0.91)
Amir Tuchadno,2021,2,maaf sebelumnya saya berkunjung ke tempat ini dalam rangka tugas dari kantor kami ke sini untuk beristirahat sebagai sopir untuk mengantar bos yang saya tidak suka tempat penginapan sopir aduhh sangat jorok apa tidak pernah di perhatikan kebersihan saya 2 malam ngnap di situ saat saya pergi siang baru sengaja saya tidak punya pintunya barang kali mau di berihin ato di sapu dan ternyata utuh banyak debu lante bekas kaki abu roko saya di kamar 4 bos saya saya nyesal sudah membayar karena sudah di bokingi bos saya begitu melihat temannya saya sudah jauh sepi ada rasa takut juga saya pernah usul kebos saya,KOMPETITOR,Bintang 4,HolidayInnBandungPasteur,negative,0.9991241097450256,Booking & Reservation Experience,Booking & Reservation Experience (0.64); Check in/out Experience (0.58); Guest Experience (0.54)
John B,2018,2,Hotel aneh saya diupgrade ke ruang eksekutif bisa Anda percaya itu tidak memiliki jendela nyata jendela melihat ke area atrium di mana ada kolam renang hanya untuk orang-orang yang tinggal masuk ruang eksekutif manfaat dari ini adalah bahwa Anda bisa mendengar anak-anak berteriak dan bersemprotan di sekitar masuk pagi itu bagus pemandangan kota dengan sinar matahari langsung akan lebih baik meskipun desain kamar itu semacam menarik wastafel mewah tapi bodoh dangkal toilet semprotan adalah unik tetapi agak tidak berfungsi karena membutuhkan benar-benar keras menekan untuk membuatnya semprotan dan kemudian tombol mendapatkan,KOMPETITOR,Bintang 4,HolidayInnBandungPasteur,positive,0.9187964797019958,Facilities & Amenities,Facilities & Amenities (0.99); Ambience & Design (0.99); Guest Experience (0.76)
jeffri Santoso,2021,2,Holiday Inn sekarang bukan kayak dulu 1 wifi suka putus2 2 bf nya tidak kayak dulu sekarang ayam rendang daging sapi bakar smua nya tidak ada pagi2 sll makan soto ayam tapi tidak ada iklan ayamnya cm bisa makan nasi goreng tahu tempem telor ama ikan goreng kecil2 jadi jika bcara harga sbnya sgt mahal lebih baik cek masuk tanpa bf,KOMPETITOR,Bintang 4,HolidayInnBandungPasteur,negative,0.5488932132720947,Pricing & Value for Money,Pricing & Value for Money (0.82); Food & Beverage (0.81); Facilities & Amenities (0.81)
fadhurrohmah siti,2024,2,untuk yang tidak merokok rasanya tidak cocok dengan hotel ini karena tidak dibedakan kamar merokok dan non merokok,KOMPETITOR,Bintang 4,HolidayInnBandungPasteur,negative,0.9052563905715942,Guest Experience,Guest Experience (0.24); Religious & Halal Features (0.15); Pricing & Value for Money (0.14)
Tin Vv,2022,2,untuk hotel pelayanan bagus dan menerapkan protokol kesehatan baik hanya saja saya kecewa yang di sampaikan tidak sesuai fakta harga liburan member hotel lebih murah di aplikasi tapi kenyataan nya travelloja lebih murah tidak sesuai ucapan,KOMPETITOR,Bintang 4,HolidayInnBandungPasteur,negative,0.997684121131897,Management & Policy Issues,"Management & Policy Issues (0.99); Cleanliness, Hygiene & Maintenance (0.98); Service Quality (0.98)"
Ricky Dagu,2024,2,hotelnya seperti tidak terurus sangat kotor di bawah ranjang apalagi aku membawa anak kecil mohon diperbaiki bangunan lama,KOMPETITOR,Bintang 4,HolidayInnBandungPasteur,negative,0.9985370635986328,Guest Experience,Guest Experience (0.86); Facilities & Amenities (0.79); Management & Policy Issues (0.74)
Dessy Wijaya,2019,2,tukang parkir tidak jujur tidak ada struk parkir awalnya diminta 12 rb saya bilang baru 2 jam kurang lalu diralat jadi 9 rb dia bilang 2 jam lebih dari 1 menit,KOMPETITOR,Bintang 4,HolidayInnBandungPasteur,negative,0.9987161159515381,Pricing & Value for Money,"Pricing & Value for Money (0.78); Location, Accessibility & Parking (0.67); Sustainability & Environmental Quality (0.53)"
tubagus auliaur,2025,2,Saat mau sarapan kondisi penuh tapi petugas tidak membantu,KOMPETITOR,Bintang 4,HolidayInnBandungPasteur,negative,0.8470077514648438,Food & Beverage,Food & Beverage (0.92); Guest Experience (0.78); Facilities & Amenities (0.78)
Ram Dan,2022,2,Tidak seperti d hotel yang lain saya meminta tiket parkir saya harus menghubungi bellboy d hotel lain saya hanya menyebutkan tidak kendaraan saya kepada resepsionis,KOMPETITOR,Bintang 4,HolidayInnBandungPasteur,neutral,0.5564563274383545,"Location, Accessibility & Parking","Location, Accessibility & Parking (0.60); Service Efficiency & Responsiveness (0.52); Pricing & Value for Money (0.49)"
Ayas Naura,2019,2,ribet parkirnya kalau kita parkir di lantai 3 kamar kita di lantai 3 maka kita harus turun dulu ke lobi trus muter lumayan jauh ke lift utama baru naik ke lantai 3,KOMPETITOR,Bintang 4,HolidayInnBandungPasteur,negative,0.4994182288646698,"Location, Accessibility & Parking","Location, Accessibility & Parking (0.92); Pricing & Value for Money (0.58); Sustainability & Environmental Quality (0.47)"
Ilham Penta,2017,2,rasa masakan kurang oke servis tidak seperti aston yang di jakarta kurangnya interaksi karyawan dengan tamu,KOMPETITOR,Bintang 4,HolidayInnBandungPasteur,negative,0.9919122457504272,Food & Beverage,Food & Beverage (0.93); Guest Experience (0.90); Service Quality (0.81)
bhaskara surono,2019,2,kamar oke sarapan khususnya omelete masih ada kulit telur,KOMPETITOR,Bintang 4,HolidayInnBandungPasteur,negative,0.9068282842636108,Room Quality & Comfort,Room Quality & Comfort (0.95); Facilities & Amenities (0.93); Guest Experience (0.89)
Masjhudi Masjhudi,2022,2,parkir tidak ada yang ngatur akibatnya yang datang lebih dahulu sulit dan bahkan tidak bisa keluar,KOMPETITOR,Bintang 4,HolidayInnBandungPasteur,negative,0.9986777901649475,"Location, Accessibility & Parking","Location, Accessibility & Parking (0.81); Facilities & Amenities (0.60); Management & Policy Issues (0.51)"
Suryadi abdurhmn Nurfth,2025,2,biasa parkir mahal sampai 20 ribu permotor,KOMPETITOR,Bintang 4,HolidayInnBandungPasteur,negative,0.9988897442817688,Pricing & Value for Money,"Pricing & Value for Money (0.85); Location, Accessibility & Parking (0.69); Facilities & Amenities (0.46)"
Fadel Hamzah,2023,2,sarapanku amat sangat sederhana bahkan di bawahnya untuk tarif yang lumayan ini,KOMPETITOR,Bintang 4,HolidayInnBandungPasteur,negative,0.9599454402923584,Pricing & Value for Money,Pricing & Value for Money (0.92); Food & Beverage (0.89); Facilities & Amenities (0.70)
Anwar Sahid,2025,2,parkir nya suka dilamain jadi 3 menit harus bayar,KOMPETITOR,Bintang 4,HolidayInnBandungPasteur,positive,0.9600599408149719,"Location, Accessibility & Parking","Location, Accessibility & Parking (0.88); Facilities & Amenities (0.88); Pricing & Value for Money (0.87)"
hasrizal,2017,2,tempat yang enak untuk memginap hanya kilam renang nya kurang seru,KOMPETITOR,Bintang 4,HolidayInnBandungPasteur,positive,0.9970309734344482,Guest Experience,Guest Experience (0.83); Facilities & Amenities (0.79); Cultural & Heritage Experience (0.62)
Mamansupriatman Supriatman,2023,2,Pelayanan nya sangat memuaskan satpam nya ramah,KOMPETITOR,Bintang 4,HolidayInnBandungPasteur,positive,0.9990414977073669,Service Quality,Service Quality (1.00); Guest Experience (0.99); Staff Conduct & Hospitality (0.98)
henry husen,2021,2,biasa banget makanan nya kebersihan kurang,KOMPETITOR,Bintang 4,HolidayInnBandungPasteur,negative,0.9985463619232178,Food & Beverage,"Food & Beverage (0.78); Sustainability & Environmental Quality (0.73); Loyalty, Recommendation & Appreciation (0.60)"
Ronny Cahyono,2019,2,menu paket buka puasa nya kurang enak,KOMPETITOR,Bintang 4,HolidayInnBandungPasteur,negative,0.9428182244300842,Food & Beverage,Food & Beverage (0.78); Religious & Halal Features (0.73); Sustainability & Environmental Quality (0.61)
Ahmad Riki,2023,2,Scuriti nya songong nanya baik jawab nya bikin tidak enak hati,KOMPETITOR,Bintang 4,HolidayInnBandungPasteur,negative,0.997593343257904,Pricing & Value for Money,Pricing & Value for Money (0.44); Sustainability & Environmental Quality (0.42); Religious & Halal Features (0.41)
A. Gani,2017,2,Bukan jenis hotel tempat tidur pendek bau asap meskipun non-rokok kamar,KOMPETITOR,Bintang 4,HolidayInnBandungPasteur,negative,0.9951379895210266,Sustainability & Environmental Quality,Sustainability & Environmental Quality (0.70); Guest Experience (0.49); Facilities & Amenities (0.46)
Powpow,2021,2,Lebi enak waktu luar biasa dulu deh perasaan hehe,KOMPETITOR,Bintang 4,HolidayInnBandungPasteur,positive,0.9914462566375732,Cultural & Heritage Experience,Cultural & Heritage Experience (0.66); Sustainability & Environmental Quality (0.59); Facilities & Amenities (0.54)
Iman Saputro,2021,2,parkir pengunjung kok bayar ya,KOMPETITOR,Bintang 4,HolidayInnBandungPasteur,negative,0.9976243376731873,Pricing & Value for Money,"Pricing & Value for Money (0.91); Guest Experience (0.87); Location, Accessibility & Parking (0.82)"
Suwondo Lega,2018,2,sangat yaman dan indah bersih,KOMPETITOR,Bintang 4,HolidayInnBandungPasteur,positive,0.9990472197532654,"Cleanliness, Hygiene & Maintenance","Cleanliness, Hygiene & Maintenance (0.99); Sustainability & Environmental Quality (0.98); Religious & Halal Features (0.97)"
Rofiq Sugrawidjaya,2021,2,lumayan bikin betah,KOMPETITOR,Bintang 4,HolidayInnBandungPasteur,positive,0.9958635568618774,"Cleanliness, Hygiene & Maintenance","Cleanliness, Hygiene & Maintenance (0.84); Cultural & Heritage Experience (0.75); Sustainability & Environmental Quality (0.66)"
afiaty Afiaty,2019,2,ruang bawah tanah dan liftnya ribet,KOMPETITOR,Bintang 4,HolidayInnBandungPasteur,negative,0.97068190574646,Facilities & Amenities,Facilities & Amenities (0.98); Sustainability & Environmental Quality (0.78); Service Quality (0.74)
Ine Paulina,2018,2,Tidak ada yang tidak di sukai,KOMPETITOR,Bintang 4,HolidayInnBandungPasteur,negative,0.9846602082252502,Family & Group Friendly,"Family & Group Friendly (0.58); Sustainability & Environmental Quality (0.55); Loyalty, Recommendation & Appreciation (0.53)"
Akhmad Fuad,2021,2,Ya gt deh,KOMPETITOR,Bintang 4,HolidayInnBandungPasteur,negative,0.9075942039489746,"Cleanliness, Hygiene & Maintenance","Cleanliness, Hygiene & Maintenance (0.75); Sustainability & Environmental Quality (0.66); Facilities & Amenities (0.66)"
arac15528,2020,2,susah pintu masuk motor,KOMPETITOR,Bintang 4,HolidayInnBandungPasteur,negative,0.9963591694831848,Safety & Security,Safety & Security (0.66); Facilities & Amenities (0.61); Sustainability & Environmental Quality (0.58)
Rahman Santalia,2018,2,Senang tinggal di sini.,KOMPETITOR,Bintang 4,HolidayInnBandungPasteur,positive,0.9956360459327698,Guest Experience,Guest Experience (0.99); Facilities & Amenities (0.96); Room Quality & Comfort (0.95)
Sepwindi Kusuma,2023,2,parkir mahal,KOMPETITOR,Bintang 4,HolidayInnBandungPasteur,negative,0.9989851117134094,Pricing & Value for Money,"Pricing & Value for Money (0.92); Facilities & Amenities (0.91); Location, Accessibility & Parking (0.84)"
arief junaidi,2024,2,"Oke, oke.",KOMPETITOR,Bintang 4,HolidayInnBandungPasteur,neutral,0.7126657962799072,"Cleanliness, Hygiene & Maintenance","Cleanliness, Hygiene & Maintenance (0.86); Facilities & Amenities (0.79); Sustainability & Environmental Quality (0.70)"
Roadwarrior IDN (王一博 MTJJ),2017,2,hanya hotel anggaran standar,KOMPETITOR,Bintang 4,HolidayInnBandungPasteur,negative,0.9962486624717712,Pricing & Value for Money,Pricing & Value for Money (0.65); Religious & Halal Features (0.07); Facilities & Amenities (0.05)
Saiful Juhri,2021,2,biasa saja,KOMPETITOR,Bintang 4,HolidayInnBandungPasteur,negative,0.9926382303237915,"Cleanliness, Hygiene & Maintenance","Cleanliness, Hygiene & Maintenance (0.80); Facilities & Amenities (0.64); Pricing & Value for Money (0.54)"
Agus Sainjati,2020,2,standar,KOMPETITOR,Bintang 4,HolidayInnBandungPasteur,positive,0.6484948992729187,"Cleanliness, Hygiene & Maintenance","Cleanliness, Hygiene & Maintenance (0.84); Facilities & Amenities (0.75); Sustainability & Environmental Quality (0.58)"
Jul Jajuli,2020,2,"Oke, oke.",KOMPETITOR,Bintang 4,HolidayInnBandungPasteur,neutral,0.7126657962799072,"Cleanliness, Hygiene & Maintenance","Cleanliness, Hygiene & Maintenance (0.86); Facilities & Amenities (0.79); Sustainability & Environmental Quality (0.70)"
Apep Sudari,2018,2,Duh belum kesini,KOMPETITOR,Bintang 4,HolidayInnBandungPasteur,negative,0.9967532753944397,Pricing & Value for Money,"Pricing & Value for Money (0.42); Cleanliness, Hygiene & Maintenance (0.38); Facilities & Amenities (0.34)"
Yetty Yuniar Chamidy,2018,2,terlalu mahal,KOMPETITOR,Bintang 4,HolidayInnBandungPasteur,negative,0.993901252746582,Pricing & Value for Money,Pricing & Value for Money (0.86); Facilities & Amenities (0.54); Sustainability & Environmental Quality (0.46)
Enon Yani,2026,2,Saya dari warga hajiyasin tolong jika menyalakan musik itu jangan keterlaluan jika sudah malam saya akan menwakilkan semua warga h yasin yang berada di belakang benteng nya liburan inn merasa terganggu sampai jendela tembok ikut bergetar semua banyak orang tua yang sakit keras di sini membutuhkan istirahat ini bukan sekali dua kali tapi dari tahun ke tahun selalu seperti ini,KOMPETITOR,Bintang 4,HolidayInnBandungPasteur,negative,0.9983223080635071,Guest Experience,Guest Experience (0.95); Service Quality (0.88); Family & Group Friendly (0.86)
Gilly gietelink,2025,2,interaksi staf dengan tamu buruk kebersihannya juga sangat mengecewakan makanannya buruk dan stafnya agresif hanya beberapa yang benar benar ramah sementara sisanya berpura pura dan hanya ingin mempersilakan tamu masuk bukan memastikan tamu benar-benar tinggal intinya sungguh buruk di masa akhir sehingga kami bahkan menerima panggilan telepon untuk memeriksa keluar meskipun itu jauh sebelum waktu memeriksa keluar keluar keluarga saya di kamar lain telah mematikan dengan mereka satu jam sebelum waktu memeriksa keluar agar kami lebih cepat pada hari keberangkatan kami sepertinya semua orang disuruh untuk tidak berbicara dengan mereka karena mereka akan pergi mereka sama sekali tidak mau menghubungi kami atau mencoba selain itu saya dan keluarga harus,KOMPETITOR,Bintang 4,HolidayInnBandungPasteur,negative,0.9993191957473755,Guest Experience,Guest Experience (0.99); Check in/out Experience (0.98); Facilities & Amenities (0.97)
Ryan Park,2024,2,lokasinya bagus tapi tempat tidur dan selimutnya agak kotor saya alergi tungau debu jadi saya bereaksi sangat buruk terhadap tempat kotor jadi saya harus selalu menjaga kebersihan tubuh tapi setelah tidur di sini suatu malam saya mengalami alergi di lengan saya ᅲ orang yang saya tempati juga memiliki alergi serupa dan seluruh tubuhnya memerah saya terbangun di tengah malam karena gatal sekali saya telah menginap di puluhan hotel di indonesia dan ini pertama kalinya saya mengalami hal seperti ini ini bahkan bukan hotel bintang dua dan sepertinya mereka belum mendisinfeksiinya saya sangat kecewa dengan kebersamaan saya tidak akan merekomendasikan ini kepada orang yang memiliki alergi seperti ini,KOMPETITOR,Bintang 4,HolidayInnBandungPasteur,negative,0.9922857284545898,Facilities & Amenities,"Facilities & Amenities (0.95); Cleanliness, Hygiene & Maintenance (0.64); Guest Experience (0.41)"
Pedro Muhammad Fadhli (Pedronesia),2020,2,Itu normal.,KOMPETITOR,Bintang 4,HolidayInnBandungPasteur,negative,0.932513415813446,"Cleanliness, Hygiene & Maintenance","Cleanliness, Hygiene & Maintenance (0.93); Facilities & Amenities (0.76); Sustainability & Environmental Quality (0.74)"
Dedy Wisanto,2026,3,hotel tidak siap tempat buat sarapan pagi karena liburan hrsnya pihak htl ngerti dengan kapasitas orgnya pdhl di dalam banyak meja kosong,KOMPETITOR,Bintang 4,HolidayInnBandungPasteur,negative,0.9525558948516846,Guest Experience,Guest Experience (0.74); Staff Conduct & Hospitality (0.73); Facilities & Amenities (0.72)
Kurnia Baraq,2025,3,Pelayanan baik makanan cukup beragam cara saja sepertinya pihak hotel perlu cek kondisi bantal saya kebagian sudah tipis dan berbulir2 membuat tidur jadi tidak nyaman,KOMPETITOR,Bintang 4,HolidayInnBandungPasteur,negative,0.7403450608253479,Service Quality,Service Quality (0.98); Guest Experience (0.94); Facilities & Amenities (0.92)
kamila hetami,2025,3,housekeeping malam2 jam 22 10 tetiba masuk saat tamu sedang akan tidur ketika ditanya kok bisa masuk alasannya karena mengira tidak ada tamunya memangnya tidak ada data sinkron kamar mana saja yang ada tamunya sekalipun tidak ada yang menyahut apa normal housekeeping jam 22 10 malam mengerikan sekali bisa masuk begitu saja untung saya belum tidur dan langsung saya tahan pintunya,KOMPETITOR,Bintang 4,HolidayInnBandungPasteur,negative,0.999118983745575,Guest Experience,Guest Experience (0.16); Digital Connectivity & Technology (0.13); Religious & Halal Features (0.12)
Pranadi Kusumah,2025,3,kamar tidak soundproof ngeganggu banget suara orang ngobrol di koridor kedengeran samoe kamar suara anak anak menangis di kamar seberang kedengeran juga mungkin karena koridornya tidak di karpet sampe kamar karpet di kamar hanya dibawah kasur saja,KOMPETITOR,Bintang 4,HolidayInnBandungPasteur,negative,0.995712399482727,Facilities & Amenities,Facilities & Amenities (0.71); Guest Experience (0.52); Sustainability & Environmental Quality (0.50)
Taufiq Firmansyah,2025,3,menginap di hotel ini untuk bisnis 1 gym ac tidak diaktifkan sampai pukul 06:30 meskipun ada beberapa ekspatriat sudah menggunakannya tidak ada orang di meja tidak ada handuk juga 2 lift tidak 2 masuk di tengah tombol untuk lantai 8 tidak berfungsi,KOMPETITOR,Bintang 4,HolidayInnBandungPasteur,negative,0.9983261227607727,Facilities & Amenities,Facilities & Amenities (0.99); Guest Experience (0.73); Service Quality (0.69)
Anwar Sadad,2025,3,Secara umum pelayanan adalah baik pelayan adalah baik pelayan adalah baik dan ramah dan pelayanan adalah dibantu sma lyla,KOMPETITOR,Bintang 4,HolidayInnBandungPasteur,positive,0.9968817234039307,Service Quality,Service Quality (0.99); Staff Conduct & Hospitality (0.99); Guest Experience (0.98)
Dora Kwan,2025,3,pengalaman menginap di liburan masuk bandung 7 8 juli 2025 menginap di tipe kamar junior suite nya agak kurang nyaman ya sofa bed sudah agak jeglok gitu jadi kurang myman di duduk di tempat tidur nya juga sama sudah agak jeglok jadi ngak myman tidur nya untuk sarapan nya oke rasa nya oke pilihan menu nya banyak pelayanan nya juga ramah2 untuk kang bima tim pekerjaan yang baik,KOMPETITOR,Bintang 4,HolidayInnBandungPasteur,positive,0.9575768709182739,Guest Experience,Guest Experience (0.90); Staff Conduct & Hospitality (0.89); Service Quality (0.88)
Ratno Haryanto,2025,3,kamar lumayan gym perlu pemeliharaan keseluruhan layanan lumayan baik cm restonya downgrade banget layanan nya uda berkali2 nginep di sini tapi koq barusan sarapan tamunya 100 org menu yang ditawarin cm level bintang 3 turun dari standar layanan di beberapa bulan sebelumnya banyak yang berkurang dari beberapa item menu sih padahal salah satu yang bikin enak enak dsini tuh sarapan nya nah kurasa itu sudah berubah,KOMPETITOR,Bintang 4,HolidayInnBandungPasteur,negative,0.8875572681427002,Service Quality,Service Quality (0.85); Guest Experience (0.84); Facilities & Amenities (0.77)
Sakinah Husen,2025,3,pengalaman menginap di sini kamar nya bersih harga nya saja lumayan tapi sejauh ini begitu baik sarapan nya saja yang banyak korek dari rasa kurang kuat dan pelayanan di depan memuaskan bisa antarkan pesanan pergi naik ke kamar cuman pagi dan malam berisik di depan pintu petugas kebersihan yang ngobrol,KOMPETITOR,Bintang 4,HolidayInnBandungPasteur,positive,0.9930111765861511,Facilities & Amenities,Facilities & Amenities (0.99); Service Quality (0.98); Service Efficiency & Responsiveness (0.98)
meilly lim,2025,3,lokasi strategis suasananya bagus tapi lebih baik lagi jika kualitas makanannya ditingkatkan dari hari 1 sampai 5 pertemuan di sini belum ada satu pun makanan yang rasanya istimewa lalu kopi dan krim apakah sudah dicicip sebelum disajikan kopiinya encer krimnya apek,KOMPETITOR,Bintang 4,HolidayInnBandungPasteur,negative,0.9572932124137878,Facilities & Amenities,Facilities & Amenities (0.91); Service Quality (0.71); Food & Beverage (0.69)
Nicolas Torel Salat,2025,3,Hotel ini bagus dan staf baik profesional dan baik sayangnya lensa masuk kamar saya masih kotor dari tamu sebelumnya titik mencurigakan tanda lipstik dan mungkin lebih dari itu saya tidak bisa melihat saya hanya menyadari masuk ini pagi setelah tidur di sana untuk malam ketika saya bangun tubuh saya ditutupi masuk jerawat dan tanda merah saya harus bertanya kepada staf dua kali sebelum mereka akhirnya mengubah lensa kesalahan terjadi tetapi berdasarkan pengalaman saya saya tidak dapat merekomendasikan hotel ini,KOMPETITOR,Bintang 4,HolidayInnBandungPasteur,negative,0.9979082345962524,Service Quality,Service Quality (0.86); Guest Experience (0.84); Staff Conduct & Hospitality (0.78)
wisnuaji aji,2025,3,hotel yang bagus dengan fasilitas yang cukup lengkap sayang sekali saat sarapan tgl 12 juli saya memesan telur matang setelah menunggu lama ternyata pesanannya terlupa yang makin mengecewakan adalah telur yang disajikan tidak menunjukan kualitas resto hotel bintang 4,KOMPETITOR,Bintang 4,HolidayInnBandungPasteur,negative,0.9861307740211487,Facilities & Amenities,Facilities & Amenities (0.87); Booking & Reservation Experience (0.74); Guest Experience (0.63)
Erna Ratri Wulansari,2025,3,Pelayanan baik tapi kurangnya cuman bau kaporit dari kolam renang kuat banget sampai lantai 7 dan kenapa yang saat saya ke bangun jam 2 pagi tv tiba tiba nyala sendiri hahah 2x sedikit horor abis di matiin nyala lagi padahal jauh di meja satu lagi pengering rambut kecil banget tenaganya,KOMPETITOR,Bintang 4,HolidayInnBandungPasteur,negative,0.9970424771308899,Service Quality,Service Quality (0.98); Facilities & Amenities (0.95); Guest Experience (0.94)
Luhur Febriansyah,2023,3,resepsionis ramah dan membantu meskipun sepertinya sangat kewalahan dengan pekerjaan semoga staf resepsionis bisa ditambah agar tidak terlalu kerepotan ruang lobi sangat nyaman dan banyak tempat duduk menu sarapan sangat lengkap dan enak makanan tidak pernah menunggu lama selalu diresmikan restoran juga sangat nyaman staf restoran ramah fasilitas kamar lengkap sangat sesuai dengan harga meskipun rambut keringnya minimalis hehe peredaman suara sangat bagus wifi agak lambat dan tidak stabil saluran tv lengkap tangan bisa diganti mungkin ya benang sudah mulai tidak rapi dan warna sudah kusam housekeeping kurang teliti kamar saya kehabisan sabun cair air minum botol sudah terbuka tapi tidak seharusnya diganti ini tidak sangat,KOMPETITOR,Bintang 4,HolidayInnBandungPasteur,positive,0.9994233846664429,Facilities & Amenities,Facilities & Amenities (0.95); Service Quality (0.85); Service Efficiency & Responsiveness (0.81)
Lionell Djaya,2025,3,makanan banyak pilihan tapi biasa saja,KOMPETITOR,Bintang 4,HolidayInnBandungPasteur,positive,0.9860594868659973,Food & Beverage,"Food & Beverage (0.67); Loyalty, Recommendation & Appreciation (0.44); Sustainability & Environmental Quality (0.42)"
Indri Meilinda,2024,3,baru kali ini kecewa sama hotel ihg group saat pagi pagi saya mau ke kamar mandi tiba2 lantai kamar mandi banjir duh pagipagi udah melihat banjir kan bete ya lalu setrika nya rusak tapi msh ada di kamar saya telp ke lobi jg tidak ada jawaban di pagi sekitar jam 6 mana bajunya mau digunakan untuk urusan pertemuan bisnis cekin dong fasilitas dalam kamar jika memang rusak atau gabisa digunakan yaa gausah ada di kamar drpd mau digunakan tamu tapi malah keadaan rusak,KOMPETITOR,Bintang 4,HolidayInnBandungPasteur,negative,0.999369204044342,Facilities & Amenities,Facilities & Amenities (0.76); Guest Experience (0.58); Management & Policy Issues (0.53)
Budi Trijaya,2025,3,lokasi bagus ramai didekat tol pasteur kebersihan cukup bersih dan nyaman untuk kamar hotel sayang tidak ada balkon dan tidak ada viewya ada cmn kaca kecil dan menghadap ke belakang hotel kami sudah bbrp kali menginap di hotel ini termsk tua dan baru tahun 2024 dan saat libur lebaran kami menginap lagi 2 malam di premium untuk hrg premium shrsnya sudah termasuk sarapan karena hrgnya cukup mahal juga dibandingkan deluxe untuk keramahan dan pelayanannya cukup ramah cmn ada salah satu staf tidak jika salah nama wimpi saya agak lupa nama bilangnya manajer tapi sikapnya maaf tidak mencerminkan seorang,KOMPETITOR,Bintang 4,HolidayInnBandungPasteur,positive,0.9735239744186401,"Cleanliness, Hygiene & Maintenance","Cleanliness, Hygiene & Maintenance (0.97); Facilities & Amenities (0.95); Service Efficiency & Responsiveness (0.95)"
TOKO PERAK BERKAH SILVER,2023,3,sempat menghadiri acara pelatihan umkm tapi tidak cek masuk ruang pertemuannya nyaman luas cemilan makan siang nya standar tidak jauh berbeda dengan hotel lain mungkin tergantung anggaran kali yah cuma sayang tolong diperhatikan mushola nya jangan terlalu ngumpet jauh sudah gitu kurang terjaga kebersiaan dan terlihat asal dibuatnya,KOMPETITOR,Bintang 4,HolidayInnBandungPasteur,positive,0.8912431001663208,Pricing & Value for Money,Pricing & Value for Money (0.95); Food & Beverage (0.95); Facilities & Amenities (0.91)
Felix Pramudita,2025,3,Untuk frontliner dan keamanan tolong diberitahu kata maaf izin dan terimakasih 1 keamanan menyuruh pindah kendaraan tapi tidak bilang maaf atau izin,KOMPETITOR,Bintang 4,HolidayInnBandungPasteur,neutral,0.9926637411117554,Religious & Halal Features,Religious & Halal Features (0.04); Safety & Security (0.03); Management & Policy Issues (0.03)
Moniqka J,2024,3,kesini untuk buka puasa bersama ruame poll tapi rasa makanan nya g ada yang enak kecuali nasi kebuli dan martabak nya dan jam setengah uda pada habis bayar mahal cuma makan dikit krna g kebagian mana g ada rasanya hiks,KOMPETITOR,Bintang 4,HolidayInnBandungPasteur,negative,0.9581551551818848,Food & Beverage,Food & Beverage (0.88); Pricing & Value for Money (0.83); Guest Experience (0.62)
tari destya,2022,3,untuk rasa menu sarapannya oke tapi sayang kamar saya kurang oke shg harus turun lg ke bwh untuk minta ganti kamar seharusnya tidak diperlukan jika resepsi dapat memberikan kamar ke tamu dengan tepat,KOMPETITOR,Bintang 4,HolidayInnBandungPasteur,positive,0.5895569324493408,Food & Beverage,Food & Beverage (0.96); Guest Experience (0.80); Service Quality (0.74)
Isti Utami,2023,3,agak kotor n kamarnya kecil ya untuk bintang 4 tapi komplain kami direspon baik n cepat sekali kolam renang bagus terlalu terbuka karena berhadapan dengan ruang pertemuan jadi saya sdikit menyanyi n tidak jadi berenang lokasi jg lalu lintasnya ramai banget jadi agak macet kalau menuju ksini,KOMPETITOR,Bintang 4,HolidayInnBandungPasteur,negative,0.6160435080528259,Facilities & Amenities,Facilities & Amenities (0.98); Service Efficiency & Responsiveness (0.97); Service Quality (0.97)
agus hadiyanto,2024,3,hotelnya nyaman banget tidur nyenyak semua pelayanan dar kantor depan rumah tangga dan fb layanan nya keren dan cepat tanggap saat minta bantuan walau sarapan penuh sesak tapi mereka mempertahankan kwalitas pelayanannya kerenn,KOMPETITOR,Bintang 4,HolidayInnBandungPasteur,positive,0.9993778467178345,Service Efficiency & Responsiveness,Service Efficiency & Responsiveness (1.00); Facilities & Amenities (0.99); Service Quality (0.99)
candra budiman,2022,3,overall sama kayak chain hotel lainnya bagus dan nyaman saya tinggal di sini untuk urusan pekerjaan selama 5 malam hanya saja staf di sudut telur nya tidak ramah dan menjengkelkan serta lambat belajar lg ya bikin scrambled telur setengah matang,KOMPETITOR,Bintang 4,HolidayInnBandungPasteur,negative,0.9986469149589539,Facilities & Amenities,Facilities & Amenities (0.99); Service Quality (0.90); Guest Experience (0.85)
Kenji-Nagao-Abel,2023,3,1 tempat nyaman 2 fasilitas lengkap termasuk alat kebugaran perlu dipertimbangkan ulang mengapa menutup saluran pembuangan udara di toilet,KOMPETITOR,Bintang 4,HolidayInnBandungPasteur,positive,0.9948375821113586,Facilities & Amenities,Facilities & Amenities (1.00); Room Quality & Comfort (0.96); Guest Experience (0.76)
Miranda Bud,2020,3,ukuran kamar cukup besar tempatnya bersih tidak semua kamar ada jalan raya depan lebih baik permintaan karena ke belakang kurang bagus melihat sarapan enak komplit beragam makanan nusantara dan internasional,KOMPETITOR,Bintang 4,HolidayInnBandungPasteur,positive,0.9991126656532288,Facilities & Amenities,"Facilities & Amenities (0.99); Cleanliness, Hygiene & Maintenance (0.95); Room Quality & Comfort (0.93)"
Rudy Santoso,2020,3,Tempat parkir cukup kuas kamar cukup baik restoran yang cukup luas dan bervariasi makanannya namun sayang pengalaman saya kurang menyenangkan saat tinggal di liburan Inn pasteur pada saat cek masuk jam 3 sore masih harus menunggu,KOMPETITOR,Bintang 4,HolidayInnBandungPasteur,negative,0.8249049782752991,Facilities & Amenities,"Facilities & Amenities (0.99); Location, Accessibility & Parking (0.99); Guest Experience (0.95)"
elza kosmana,2024,3,Aku pernah tinggal di sana dua kali satu adalah sebelum pandemi 4 hari 3 malam itu adalah salah satu yang terbesar tinggal kami memiliki kedua masuk Juni 2022 semacam kekecewaan karena kamar tidak nyaman seperti yang pertama itu hanya satu,KOMPETITOR,Bintang 4,HolidayInnBandungPasteur,negative,0.9951753616333008,Guest Experience,Guest Experience (0.96); Check in/out Experience (0.80); Facilities & Amenities (0.47)
Muhamad Nur Irvan,2022,3,Sebenernya dari keseluruhan hotel bagus cuma satu yang jadi masalah adalah saat makan sahur bener2 berantakan orang sampai tidakumpuk karena staf hotel yang melayani sedikit sekali dan juga buat makanya sedikit sekali variasi makanaya hanya menu,KOMPETITOR,Bintang 4,HolidayInnBandungPasteur,negative,0.8407707214355469,Guest Experience,Guest Experience (0.65); Service Quality (0.62); Food & Beverage (0.53)
Barkah W,2016,3,Sangat dekat dari gerbang tol pastor mudah dijangkau tapi kemacetan lalu lintas di akhir pekan bisa jadi halangan yang dekat bisa jadi sangat sulit dijangkau waktu saya pergi ke sana disaat akhir pekan panjang akhirnya saya turun dari kendaraan,KOMPETITOR,Bintang 4,HolidayInnBandungPasteur,positive,0.9371204972267151,"Location, Accessibility & Parking","Location, Accessibility & Parking (0.80); Facilities & Amenities (0.78); Religious & Halal Features (0.48)"
Emak Traveler,2020,3,datang acara buka bersama di hotel ini saat adzan maghrib di meja hanya tersedia gelas kosong baru kemudian karyawan hotel membawakan udara mineral dan kurma itupun tidak semua meja mendapat kurma makanan untuk berbuka standar,KOMPETITOR,Bintang 4,HolidayInnBandungPasteur,positive,0.8985666036605835,Food & Beverage,Food & Beverage (0.98); Guest Experience (0.98); Facilities & Amenities (0.85)
Yerry Irawan,2024,3,mbak zakiyah oke pelayanan nya mantap sopan sabar menu sarapannya bervariasi bravo liburan inn,KOMPETITOR,Bintang 4,HolidayInnBandungPasteur,positive,0.9993494153022766,Service Quality,"Service Quality (0.99); Cleanliness, Hygiene & Maintenance (0.99); Guest Experience (0.98)"
