User Name,Review Time,Rating,clean_text,Tipe,Kelas,Nama_Hotel,AI_Sentiment,AI_Sentiment_Score,AI_Primary_Theme,AI_All_Themes
rika isvandiary,2025,5,Salah satu hotel dengan makanan terenak dan beragam kamarnya bersih sederhana dan fasilitas di dalam kamar cukup lengkap lokasi strategis karena dilalui berbagai angkutan umum dan dekat dengan pusat kota deket juga dengan berbagai wisata kuliner legendaris seperti bubur ayam cikini pempek megaria dan nasi uduk gondangdia,KOMPETITOR,Bintang 4,MercureJakartaCikini,positive,0.9995181560516357,Facilities & Amenities,"Facilities & Amenities (0.99); Cleanliness, Hygiene & Maintenance (0.98); Food & Beverage (0.97)"
Randy Fadlila Nasser,2025,4,hanya cepat 2 malam tinggal terutama untuk akses yang nyaman ke pusat perbelanjaan dan bandara cgk lokasi sempurna dalam jarak berjalan kaki ke tempat makanan lokal besar seperti klasik gado gado bonbin atau cepat gigitan seperti mcdonalds semua hanya beberapa langkah jauh kamar dan kamar mandi luas dengan air gratis dan mesin kopi saya juga menikmati pemandangan kota langsung dengan garis pendaki lewat meja kerja sangat praktis untuk sesi kerja singkat dan pilihan saluran televisi adalah sentuhan yang bagus untuk bersantai dengan film acak,KOMPETITOR,Bintang 4,MercureJakartaCikini,positive,0.9993190765380859,Facilities & Amenities,Facilities & Amenities (0.99); Service Quality (0.92); Service Efficiency & Responsiveness (0.90)
Zhou Yu,2025,5,untuk pengalaman pertama menginap di sini sangat berkesan lokasinya strategis banyak kafe dan resto dan tentu dekat dengan tim dan transportasi ke tempat wisata lainnya kamarnya luas dan bersih serta stafnya sangat membantu jika membutuhkan bantuan,KOMPETITOR,Bintang 4,MercureJakartaCikini,positive,0.9994508624076843,Facilities & Amenities,"Facilities & Amenities (0.99); Cleanliness, Hygiene & Maintenance (0.99); Room Quality & Comfort (0.98)"
YOSITA ADRIANI,2025,5,seru banget menginap di Jakarta Cikini hotelnya bagus bersih dan nyamann banget staf nya ramah ramah pelayanan baguss ada taman bermain dan mainan mainan untuk anak benar anak ramah anak senang makanannya juga enak enak banget sarapannya banyak pilihan suka banget selanjutnya mau menginap lagi di Jakarta Cikini,KOMPETITOR,Bintang 4,MercureJakartaCikini,positive,0.9995023012161255,Facilities & Amenities,"Facilities & Amenities (1.00); Staff Conduct & Hospitality (0.99); Cleanliness, Hygiene & Maintenance (0.99)"
Siti Maghfiroh,2025,5,Ruang pertemuan memenuhi semua harapan kami itu luas bersih dan dilengkapi dengan fasilitas lengkap suasana tenang dan kondusif untuk pertemuan produktif kami sangat puas dengan layanan yang diberikan,KOMPETITOR,Bintang 4,MercureJakartaCikini,positive,0.9992965459823608,Facilities & Amenities,Facilities & Amenities (1.00); Room Quality & Comfort (1.00); Service Quality (0.99)
agus trianto,2025,5,hotel yang bagus saya merasa nyaman menginap di sini selain kamarnya yang bersih saya juga suka bagian rofftop dengan pemandangan nya bagus serta semua pegawainya yang ramah selalu tersenyum sapa dengan tamu,KOMPETITOR,Bintang 4,MercureJakartaCikini,positive,0.9995224475860596,Facilities & Amenities,"Facilities & Amenities (0.99); Cleanliness, Hygiene & Maintenance (0.99); Staff Conduct & Hospitality (0.98)"
Atikah Zata Amani,2025,1,pemesanan lewat aplikasi datang pukul 14.00 dan sampai resepsionis katanya baru bisa cek masuk jam 3 sore dengan alasan akhir pekan kebetulan bawa balita yang sudah sembuh dan di luar juga gerimis jadi lumayan sebel akhirnya kita lihat jadwal cek masuk dari situs resmi mereka yang tertulis cek masuk jam 14.00 cek keluar jam 12.00 meskipun demikian petugas resepsionisnya tetap ngotot sampai akhirnya bilang mau kamar yang standar sih ada lah lah agi kita kaga minta kamar tertentu cuma minta cek bebas masuk kamarnya yang mana mah rincian kesan pertama yang kurang menyenangkan bagi tamu yang baru datang dari beberapa cabang mercure yang kita sudah coba nginap padang beng,KOMPETITOR,Bintang 4,MercureJakartaCikini,negative,0.993619978427887,Booking & Reservation Experience,Booking & Reservation Experience (0.72); Service Quality (0.62); Check in/out Experience (0.61)
Mohammad Akmal,2025,5,Sangat menyenangkan menginap dsni kamar nya bagus bersih dan nyaman semua pegawai nya baik smua dan ramah rekomendasi jika mau menginap dsni bintang 5 deh pokok nya,KOMPETITOR,Bintang 4,MercureJakartaCikini,positive,0.9994170665740967,Room Quality & Comfort,"Room Quality & Comfort (0.99); Facilities & Amenities (0.99); Cleanliness, Hygiene & Maintenance (0.99)"
Justine Lee,2025,5,hotel terdebest yang pernah aku temui di karna deket dengan kota dan banyak makanan di sekitar kamarnya nyaman dan bersih sarapannya enak dan bervariasi kolam renang benar benar keren pemandanganya,KOMPETITOR,Bintang 4,MercureJakartaCikini,positive,0.9993700385093689,Facilities & Amenities,"Facilities & Amenities (1.00); Cleanliness, Hygiene & Maintenance (0.99); Room Quality & Comfort (0.99)"
Marsha and the beer,2025,5,kamarnya bersih dan dingin pelayan sangat cepat dan tanggap terutama masalah setrika sangat membantu untuk restoran mba viola sangat membantu terhadap pesanan makanan dan minuman,KOMPETITOR,Bintang 4,MercureJakartaCikini,positive,0.9992002844810486,"Cleanliness, Hygiene & Maintenance","Cleanliness, Hygiene & Maintenance (1.00); Service Efficiency & Responsiveness (1.00); Facilities & Amenities (1.00)"
Dewi Syukriah,2025,3,Saya tinggal di Mercure Cikini sekitar 14 juta rupiah per malam termasuk sarapan tapi sayangnya pengalaman tidak cukup memenuhi harapan saya ketika saya memesan Tom yum untuk makan siang itu mengejutkan datang dengan jagung yang saya menemukan sedikit tidak biasa dan udang tidak sangat segar kamar saya juga bau seperti asap rokok meskipun saya telah meminta kamar non-merokok di atas itu suara dari kereta lewat di stasiun Cikini cukup terlihat kolam renang lebih kecil dari yang diharapkan dan hanya tentang pinggang dalam sehingga merasa lebih cocok untuk anak-anak gym adalah kompak,KOMPETITOR,Bintang 4,MercureJakartaCikini,negative,0.9982548356056213,Facilities & Amenities,Facilities & Amenities (0.97); Guest Experience (0.93); Check in/out Experience (0.83)
opal kalideres,2025,5,jauh dari jakarta barat dapet undangan kerja ke cikini ternyata hotelnya senyaman itu lokasi hotel yang strategis bikin tamu lebih enak untuk sekedar cari angin dan cari cemilan kamarnya enak istri kenceng,KOMPETITOR,Bintang 4,MercureJakartaCikini,positive,0.9986401200294495,Facilities & Amenities,Facilities & Amenities (0.97); Service Quality (0.89); Guest Experience (0.87)
Annisa Najlajuwita,2025,5,pengalaman menginap di hotel ini sangat nyaman dari lobi hotel yang menyediakan tempat duduk yang luas dan nyaman untuk kamarnya juga terdapat sofa yang tunggal dan meja yang bisa di gunakan untuk mengerjakan tugas lalu ada juga kursi kantor yang nyaman kamarnya bersih untuk sarapan nya memiliki banyak variasi dari roti bubur nasi goreng dimsum sushi dan lain sebagainya untuk layanannya sangat baik mbak viola dan pak irfan juga banyak membantu dalam merekomendasikan makanan serta sigap saat ada piring sangat kosong langsung di bersihkan sehingga bisa makan dengan nyaman,KOMPETITOR,Bintang 4,MercureJakartaCikini,positive,0.9993829727172852,Service Quality,Service Quality (0.98); Facilities & Amenities (0.98); Guest Experience (0.97)
Nathanael Lievo Wirawan,2025,5,Saya waktu itu menginap di Jumat cikini karena ada acara fi tim kamarnya bagus sangat nyaman dan bersih makanannya juga enak enak udah gitu lokasinya juga strategis banget di cikini banyak tempat makan dan nongkrong yang keren2,KOMPETITOR,Bintang 4,MercureJakartaCikini,positive,0.9994088411331177,Facilities & Amenities,Facilities & Amenities (0.99); Room Quality & Comfort (0.99); Service Quality (0.99)
Rizki Riyan Dana,2025,5,Hotel besar resepsi ramah terutama mas aris yang sangat membantu lokasi strategis wajib coba menginap di sini,KOMPETITOR,Bintang 4,MercureJakartaCikini,positive,0.9990660548210144,Service Quality,Service Quality (0.99); Staff Conduct & Hospitality (0.99); Guest Experience (0.99)
Komang Pradnyana,2025,4,hotel yang nyaman bersih dan oke kamar nya cukup luas penerangan cukup dan fasilitas lumayan lift menggunakan akses kartu udara hangat tersedia dan ac dingin cuma sayang tempat sarapannya sempit karena jarak antar meja kursi sangat mepet pilihan makanan minuman sih lumayan berdiri telur nya lambat tidak ada telur yang siap siap,KOMPETITOR,Bintang 4,MercureJakartaCikini,positive,0.9960307478904724,Facilities & Amenities,Facilities & Amenities (0.98); Food & Beverage (0.82); Room Quality & Comfort (0.79)
Fitri Yunita,2025,2,Staff nya perlu benar2 di evaluasi kurang ramah kurang empati saya anggota accorplus baru di hari rabu ini saya mendapat pengalaman tidak menyenangkan paket makanan hanya boleh sampai pos resepsionis keamanan jg tidak membantu cuek2 saja hotel bintang 5 saja boleh paket di titip di resepsionis staf nya juga sepertinya sulit sekali untuk tersenyum duh tidak banget deh tidak direkomendasikan,KOMPETITOR,Bintang 4,MercureJakartaCikini,negative,0.9994274377822876,Guest Experience,Guest Experience (0.84); Safety & Security (0.83); Food & Beverage (0.73)
Watu Racing,2025,5,Saya dan jajaran staf kementerian imigrasi sangat senang nenginap di mercuri cikini pengalaman yang luar biasa makanan enak staf nya ramah kamarnya nyaman kotaviewnya bagus mantap,KOMPETITOR,Bintang 4,MercureJakartaCikini,positive,0.9994186162948608,Guest Experience,Guest Experience (1.00); Room Quality & Comfort (0.98); Facilities & Amenities (0.98)
Minang Jaya,2025,5,Hotel yang nyaman dan bersih semua kamar area dan lobi area nya keren banget pokonya terimakasih untuk pelayannya ya mercure,KOMPETITOR,Bintang 4,MercureJakartaCikini,positive,0.9993663430213928,Service Quality,"Service Quality (0.98); Facilities & Amenities (0.98); Cleanliness, Hygiene & Maintenance (0.98)"
dede dede,2025,5,Salah satu tujuan terbaik untuk hotel staf yang ramah keluarga yang ramah anak kegiatan yang menarik di pusat kota dekat dengan banyak tempat wisata selain mercucur cikini,KOMPETITOR,Bintang 4,MercureJakartaCikini,positive,0.9993288516998291,Family & Group Friendly,Family & Group Friendly (0.98); Service Quality (0.98); Staff Conduct & Hospitality (0.98)
Eli Dewi Sartika,2025,5,sangat memuaskan dari segi pelayanan resepsi dan keamanan dan semuanya yang belum saya sebutkan satu persatu sangat direkomendasikan,KOMPETITOR,Bintang 4,MercureJakartaCikini,positive,0.9983758926391602,Safety & Security,Safety & Security (1.00); Service Quality (0.99); Facilities & Amenities (0.99)
Puralexdanu Patjingsung,2025,5,Sangat nyaman dan enak dibawah selalu ramai dan cocok buat pertemuan dekat dengan taman Ismail Marzuki jga kamar bersih perlengkapan tidak perlu ditanyakan lagi,KOMPETITOR,Bintang 4,MercureJakartaCikini,positive,0.9995312690734863,Room Quality & Comfort,Room Quality & Comfort (0.99); Facilities & Amenities (0.99); Family & Group Friendly (0.99)
Aiman Al - Fatih,2025,5,menginap di mercure cikini untuk keperluan bisnis dan harus bilang pengalamannya memuaskan banget lokasi hotel strategis di tengah kota mudah dijangkau dan deket ke mana mana mana kamarnya nyaman bersih dan suasananya tenang saat sangat buat istirahat setelah aktivitas sehari-hari saya juga sempat pakai fasilitas ruang pertemuan di sini dan layananenya keren ruangan rapih alat pertemuan lengkap proyektor mic sound system semua oke dan staf hotel bantuin setup dari awal sampai akhir acara sangat terbantu istirahat kopi dan makan siang juga tidak kalah enak pilihan makanannya banyak dan rasanya pelayanan dari staf juga ramah dan profesional mantap,KOMPETITOR,Bintang 4,MercureJakartaCikini,positive,0.999534010887146,Facilities & Amenities,Facilities & Amenities (1.00); Service Quality (0.99); Service Efficiency & Responsiveness (0.98)
Pite Cute,2025,5,tempat strategis makanan selalu enak kamar bersih walaupun kamar merokok tapi tidak bau rokok,KOMPETITOR,Bintang 4,MercureJakartaCikini,positive,0.9994001388549805,"Cleanliness, Hygiene & Maintenance","Cleanliness, Hygiene & Maintenance (0.98); Service Quality (0.95); Room Quality & Comfort (0.90)"
Indah Fitriani,2025,5,Saya sangat puas dengan pengalaman saya di hotel Jumat cikini dari awal kedatangan sampai acara selesai semuanya ditangani dengan profesional dan penuh keramahan fasilitas hotel sangat nyaman bersih dan mendukung kelancaran acara yang paling berkesan adalah pelayanan dari tim bqt khususnya andrian yang sangat sigap ramah dan komunikatif semua kebutuhan acara dipenuhi dengan cepat dan penuh perhatian sehingga jalannya acara menjadi lancar tanpa hambatan profesionalisme dan dedikasi tim benar-benar membuat saya merasa terbantu dan dihargai sebagai tamu,KOMPETITOR,Bintang 4,MercureJakartaCikini,positive,0.99906986951828,Staff Conduct & Hospitality,Staff Conduct & Hospitality (1.00); Service Efficiency & Responsiveness (1.00); Facilities & Amenities (1.00)
Addina Ainur Rosyida,2025,5,lokasi strategis di pusat kota dekat stasiun cikini taman ismail marzuki tim dan pusat kuliner akhir pekan ada kegiatan anak hotel yang mendukung pergi hijau kamar nyaman ac super dingin smart tv inch besar banyak saluran dalam dan luar negeri ada safe deposit box pengering rambut 2 botol air mineral gratis mengisi udara isi ulang di lorong hotel ada parkir mobil dan sepeda motor makanan cukup bervariasi dan rasanya enak sayangnya jumlah kursi di resto terbatas jadi saat musim puncak harus mengambil waktu yang tepat saat membuat sarapan mungkin pihak hotel bisa mempertimbangkan untuk menambah pegawai secara keseluruhan bagus untuk mercury hotel cikini,KOMPETITOR,Bintang 4,MercureJakartaCikini,positive,0.999312162399292,Facilities & Amenities,"Facilities & Amenities (0.99); Family & Group Friendly (0.96); Location, Accessibility & Parking (0.95)"
Herman Sutanto,2025,4,lokasi strategis di pusat kota hanya saja tempat sarapan kecil tidak jarang harus berbagi dengan orang lain kolam renang tidak bagus tempat gym kecil,KOMPETITOR,Bintang 4,MercureJakartaCikini,negative,0.6737378835678101,Facilities & Amenities,Facilities & Amenities (0.98); Food & Beverage (0.97); Guest Experience (0.87)
Farel Pratama,2025,5,Saya sangat puas untuk menginap di sini meskipun hanya 2 malam jadi terima kasih untuk staf yang selalu waspada jika kami memiliki permintaan mulai dari resepsionis yang selalu ramah baik dari kamar panggilan maupun langsung juga tim housekeeping yang baru yang saya menyetujui untuk kebersiaan tidak lupa sama keamanan yang baik banget mau mau arahin untuk tempat parkir makanan yang ada di restorannya pun saya menyetujui karena saya bagi itu sudah sangat beragam dan masuk dalam lidah saya pekerjaan yang baik banget tidak ada plastik sama sekali masuk area apa pun saya benar-benar menghargai untuk hotel ini tidak ada komentar dan semoga saya akan datang lagi,KOMPETITOR,Bintang 4,MercureJakartaCikini,positive,0.9980407357215881,Staff Conduct & Hospitality,Staff Conduct & Hospitality (1.00); Safety & Security (1.00); Facilities & Amenities (0.99)
Kezia Sumampow,2025,5,Kami memiliki menginap yang luar biasa layanan sangat baik dan saya sangat merekomendasikan hotel ini untuk keluarga dengan anak-anak kecil mereka menawarkan berbagai fasilitas ramah anak termasuk sudut anak taman bermain kecil mesin arcade permainan anak-anak buffet di restoran dan kolam renang anak mereka juga memiliki kegiatan anak pada akhir pekan jika berencana untuk merayakan ulang tahun staf hotel dapat membantu Anda mengatur sebuah ruangan bertema dekorasi tidak hanya sederhana mereka indah dilakukan lengkap dengan kue kecil yang indah baik anak-anak dan seluruh keluarga memiliki waktu yang indah,KOMPETITOR,Bintang 4,MercureJakartaCikini,positive,0.9988471269607544,Facilities & Amenities,Facilities & Amenities (1.00); Service Quality (1.00); Family & Group Friendly (0.96)
Putikeswara,2025,5,kamarnya luas dan nyaman lokasi strategis jadi mudah ke mana mana makanan di restoranannya enak dan variatif stafnya ramah banget bahkan sempat membantu saya menemukan jam tangan yang hilang pelayanan luar biasa sangat direkomendasikan,KOMPETITOR,Bintang 4,MercureJakartaCikini,positive,0.9993785619735718,Facilities & Amenities,Facilities & Amenities (1.00); Service Quality (0.98); Room Quality & Comfort (0.98)
Qonita Muflihah,2025,5,hotelnya nyaman stafnya baik baik dan ramah makannya enak enak terima kasih mba viola sudah sangat membantu terbaik sukses selalu,KOMPETITOR,Bintang 4,MercureJakartaCikini,positive,0.9993941783905029,Facilities & Amenities,Facilities & Amenities (0.98); Staff Conduct & Hospitality (0.98); Service Quality (0.98)
Agung Afrian,2025,5,Sangat bagus pelayanan nya semua pegawai nya semua baik jika ada komplain tanu cepat tanggap apa lagi tumbuh nya sangat ramah sama anak anak saya sampai bahagia banget,KOMPETITOR,Bintang 4,MercureJakartaCikini,positive,0.9987773299217224,Service Quality,Service Quality (1.00); Guest Experience (0.99); Service Efficiency & Responsiveness (0.99)
Rachmat Kando,2025,5,hotel menteng cikini benar benar memberikan pengalaman menginap yang berkesan makanannya sangat lezat dengan cita rasa yang memanjakan lidah kamar tidurnya nyaman bersih dan membuat istirahat terasa tenang ruang pertemuan pun perwakilan rapi serta dilengkapi fasilitas yang mendukung kelancaran setiap acara kami juga ingin menyampaikan terima kasih yang sebesar besarnya kepada seluruh staf hotel khususnya kepada mba intan atas pelayanan yang ramah sigap dan penuh perhatian kehadiran beliau membuat kami merasa dihargai dan semakin betah sangat selama berada di hotel menteng cikini,KOMPETITOR,Bintang 4,MercureJakartaCikini,positive,0.9993864297866821,Facilities & Amenities,"Facilities & Amenities (1.00); Service Efficiency & Responsiveness (0.99); Cleanliness, Hygiene & Maintenance (0.99)"
Lina Wahyuning Sari,2025,5,fasilitas ruang pertemuan lengkap dan menu makanan saat istirahat kopi dan makan siang sangat bervariatif dan enak serta petugas bank hotelnya sigap dan ramah seperti mas marcel,KOMPETITOR,Bintang 4,MercureJakartaCikini,positive,0.9994524121284485,Facilities & Amenities,Facilities & Amenities (0.99); Service Efficiency & Responsiveness (0.98); Staff Conduct & Hospitality (0.97)
Fari Zki,2025,5,perjalanan bertemu bersama tim di ruang pertemuan hari Rabu cikini terasa sangat nyaman berkat pelayanan dari mas andrian beliau sigap membantu setiap kebutuhan mulai dari penataan ruangan kelengkapan fasilitas hingga memastikan seluruh acara berjalan lancar sikapnya yang ramah profesional dan detail membuat suasana pertemuan menjadi lebih kondusif serta menyenangkan terima kasih banyak untuk dedikasi dan pelayanan terbaik mas andrian,KOMPETITOR,Bintang 4,MercureJakartaCikini,positive,0.9983591437339783,Staff Conduct & Hospitality,Staff Conduct & Hospitality (1.00); Facilities & Amenities (1.00); Service Quality (1.00)
adhir,2025,4,secara keseluruhan baik hanya kurang di musholanya toilet musholanya tidak tepat tempat wudhunya tidak wanita ramah serta kerannya menyiprat ke celana lalu mukena dan sajadahnya juga sepertinya kurang layak dan kurang bersih semoga bisa ditingkatkan lagi fasilitas musholanya karena yang pakai banyak dan sepertinya dari kunjungan terakhir saya ke sini tidak ada perubahan sama sekali lebih baik lagi jika akses ke musholanya bisa dipermudah karena rasanya sayang dari semua aspek sudah baik namun karena musholanya tidak tepat jadi berpikir dua kali untuk kembali ke sini,KOMPETITOR,Bintang 4,MercureJakartaCikini,negative,0.9098386764526367,Facilities & Amenities,Facilities & Amenities (0.97); Guest Experience (0.67); Service Quality (0.62)
Nurlaila Laila,2025,5,Sudah sering menginap di sini hotelnya bersih wangi kamar nyaman banget makanan di restonya enak2 ada live cooking nya receptionis karyawan hotel semua ramah terutama mas abdul dan mas geo sama salles marketingnya juga baik banget mas efendi berisiko,KOMPETITOR,Bintang 4,MercureJakartaCikini,positive,0.9995488524436951,"Cleanliness, Hygiene & Maintenance","Cleanliness, Hygiene & Maintenance (0.98); Facilities & Amenities (0.97); Staff Conduct & Hospitality (0.97)"
Harry Alfredo,2025,1,hotel sih oke saja sering bertemu disini tapi semenjak pemasarannya tidak mau kembali daftar hitam parkir gratis dulu untuk acara kantor kaian tamu2 kita harus bayar juga lucu sih manajemen nyari uang tambahan dari parkir tamu hotel,KOMPETITOR,Bintang 4,MercureJakartaCikini,negative,0.9817936420440674,Guest Experience,"Guest Experience (0.91); Pricing & Value for Money (0.87); Location, Accessibility & Parking (0.85)"
Hero Nimus,2025,5,Ruang pertemuan nyaman sesuai kapasitas dengan fasilitas yang memadai seperti wifi akses suara listrik pelayanan juga sangat baik responsif dan solutif makanan sangat bervariasi dan lezat,KOMPETITOR,Bintang 4,MercureJakartaCikini,positive,0.9994145631790161,Facilities & Amenities,Facilities & Amenities (1.00); Service Efficiency & Responsiveness (1.00); Room Quality & Comfort (0.99)
cibe99 Fatuh,2025,5,sangat nyaman dan puasa dengan pelayanan hotel yang hangat dan menu makanannya sangat enak dan variasi menu yang memuaskan hasrat saya,KOMPETITOR,Bintang 4,MercureJakartaCikini,positive,0.999371349811554,Service Quality,Service Quality (1.00); Facilities & Amenities (0.99); Staff Conduct & Hospitality (0.99)
Nani Mulyani,2025,5,pengalaman di hotel ini luar biasa makanannya enak suasananya nyaman fasilitas juga lengkap ada anak sudut juga sangat cocok untuk keluarga dan juga bisnis terima kasih juga untuk bu vina yang sudah baik dan ramah dalam memberikan pelayanan,KOMPETITOR,Bintang 4,MercureJakartaCikini,positive,0.99935382604599,Facilities & Amenities,Facilities & Amenities (1.00); Guest Experience (0.99); Family & Group Friendly (0.99)
Hermawan Arifianto,2025,5,pengalaman menggunakan ruang pertemuan semakin menyenangkan berkat pelayanan mas andrian ia tidak hanya ramah dan responsif tapi juga teliti dalam memastikan semua kebutuhan saya tersedia sangat mengapresiasi dedikasi dan profesionalisme saya,KOMPETITOR,Bintang 4,MercureJakartaCikini,positive,0.9989977478981018,"Loyalty, Recommendation & Appreciation","Loyalty, Recommendation & Appreciation (1.00); Guest Experience (1.00); Service Efficiency & Responsiveness (1.00)"
Thomas Paulus,2025,5,Aku tinggal untuk satu malam dan pengalaman itu luar biasa staf baik terutama Anggi yang memberi saya beberapa saran yang sangat baik tentang hal-hal untuk mengunjungi masuk kota dan yang sangat berhati-hati tentang membuat pengalaman yang baik kamar bersih benar-benar lebih baik dari yang diharapkan hotel tenang tidak begitu banyak keluarga di dalam jadi cukup tempat yang damai untuk memiliki istirahat yang baik prefektur tinggal dan berhati-hati staf,KOMPETITOR,Bintang 4,MercureJakartaCikini,positive,0.9977073669433594,Guest Experience,Guest Experience (1.00); Service Quality (1.00); Room Quality & Comfort (1.00)
Qonita Muflihah,2025,5,Hotelnya nyaman stafnya nya baik dan rahmah sekali makanannya enak anak-anak ramah terima kasih banyak ya tante andita sudah baik banget,KOMPETITOR,Bintang 4,MercureJakartaCikini,positive,0.9993529915809631,Facilities & Amenities,Facilities & Amenities (0.98); Service Quality (0.98); Staff Conduct & Hospitality (0.98)
Wan Ahmadi Wan Zaine,2025,5,sarapan disini menuunya bervariatif sekali staf sangat ramah2 terutama mba mita terima kasih banyak untuk pelayanannya spaghetti aglio olionya sangat enak untuk pilihan sarapan,KOMPETITOR,Bintang 4,MercureJakartaCikini,positive,0.9994364380836487,Service Quality,Service Quality (1.00); Staff Conduct & Hospitality (1.00); Guest Experience (0.99)
Tetty Helena Tampubolon,2025,5,Ini kali kedua saya tidak menginap di hotel mercuir cikini hotel ini sangat menyenangkan terutama urusan menu makanan restoran masakan nusantara dan intercontinentalnya luar biasa enak makanannya tersedia full servis dari petugas sarj ramah saya akan rindu datang lagi hari ini mba viola menanyakan review saya dan pak irfan jg jawaban saya mercuir hotel asik,KOMPETITOR,Bintang 4,MercureJakartaCikini,positive,0.999089241027832,Staff Conduct & Hospitality,Staff Conduct & Hospitality (0.99); Service Efficiency & Responsiveness (0.98); Service Quality (0.97)
Septilisa Wardiatik,2025,5,Mercuri cikini kamar nyaman resepsi ini mas aris sangat sangat ramah dan membantu selanjutnya akan menginap di sini,KOMPETITOR,Bintang 4,MercureJakartaCikini,positive,0.9983899593353271,Room Quality & Comfort,Room Quality & Comfort (1.00); Guest Experience (1.00); Facilities & Amenities (1.00)
Ciwi Paino,2025,5,Hotel bagus tapi tempat parkir tidak cocok untuk hotel kecil mungkin hanya untuk 20 30 mobil hanya bangunan yang tipis sehingga mereka melakukan yang terbaik membuatnya nyaman terletak dekat stasiun kereta api dan beberapa pasar,KOMPETITOR,Bintang 4,MercureJakartaCikini,positive,0.9960820078849792,Facilities & Amenities,"Facilities & Amenities (0.97); Location, Accessibility & Parking (0.96); Service Quality (0.77)"
Usman Nur Hidayat,2025,5,hotel ini berlokasi strategis di jakarta dekat pusat kota lalu kamarnya juga bersih nyaman dan tertata dengan baik makanan sarapannya juga enak2 dan ramah pelayanannya viola dan pak ivan,KOMPETITOR,Bintang 4,MercureJakartaCikini,positive,0.9995586276054382,"Cleanliness, Hygiene & Maintenance","Cleanliness, Hygiene & Maintenance (0.99); Facilities & Amenities (0.99); Service Quality (0.99)"
Mayli Faroh,2025,5,Langganan buat acara disini karena stafnya ramah saya dibantu ka andita dan ka vio bolak balik ke resepsionis minta ini itu tetap dilayani dengan senyum lokasi dekat dengan kuliner cikini tapi makanan di hotel enak enak,KOMPETITOR,Bintang 4,MercureJakartaCikini,positive,0.9991746544837952,"Loyalty, Recommendation & Appreciation","Loyalty, Recommendation & Appreciation (1.00); Staff Conduct & Hospitality (0.99); Service Quality (0.99)"
Obbie Afri,2025,4,Secara keseluruhan begitu baik lah tapi bisa lebih baik terutama ac nya yang terkadang terlalu dingin lokasinya begitu mantap dan sarapan bagus,KOMPETITOR,Bintang 4,MercureJakartaCikini,positive,0.9959195852279663,Facilities & Amenities,Facilities & Amenities (0.98); Service Quality (0.95); Room Quality & Comfort (0.91)
Amalia Nurtirta Sari,2025,5,selalu nyaman dan bahagia menginap di sini ruangannya bersih harum lorong tidak bau rokok petugasnya semua memberikan pelayanan yang prima strategis dekat pusat kuliner dan perbelanjaan,KOMPETITOR,Bintang 4,MercureJakartaCikini,positive,0.9993318915367126,Room Quality & Comfort,"Room Quality & Comfort (1.00); Cleanliness, Hygiene & Maintenance (1.00); Service Quality (1.00)"
Ricky Septiawan,2025,3,Saya memesan menginap di sini dan menyebutkan bahwa saya akan merayakan ulang tahun saya tetapi sayangnya tidak ada yang siap untuk mengakui itu ada juga kesalahan komunikasi yang menyebabkan pemesanan saya dibatalkan meskipun itu diperbaiki setelah saya secara pribadi menelepon layanan cetak hotel tersedia tetapi dikenakan biaya pada idr 6 0 per halaman secara keseluruhan tinggal itu baik-baik saja tapi saya merasa bahwa status keanggotaan saya tidak membawa banyak manfaat tambahan,KOMPETITOR,Bintang 4,MercureJakartaCikini,negative,0.9964603781700134,Booking & Reservation Experience,Booking & Reservation Experience (0.96); Pricing & Value for Money (0.90); Guest Experience (0.89)
Yuha Nadhirah,2025,5,makanannya enak kamarnya oke banget dan pelayanan dari mba viola super duper ramah sekali dan ini sudah tinggal yang beberapa kali kami di hari rabu tapi tidak pernah kecewa sekalipun,KOMPETITOR,Bintang 4,MercureJakartaCikini,positive,0.9994151592254639,Facilities & Amenities,Facilities & Amenities (1.00); Staff Conduct & Hospitality (1.00); Room Quality & Comfort (1.00)
Syelana Claudia,2025,5,tempat strategis makanan enak kamar bersih walaupun kamar merokok top,KOMPETITOR,Bintang 4,MercureJakartaCikini,positive,0.9994515776634216,"Cleanliness, Hygiene & Maintenance","Cleanliness, Hygiene & Maintenance (0.96); Service Quality (0.90); Room Quality & Comfort (0.75)"
keshia sanjoyo,2025,5,indah satu malam tinggal dengan teman-teman saya tinggal untuk satu malam di mercure jakarta cikini dengan dua teman saya dan kami memiliki pengalaman yang menyenangkan seperti saat kami tiba kami disambut dengan senyum hangat dan layanan ramah dari staf semua orang sangat membantu dan menyambut itu benar-benar membuat kami merasa di rumah kamar bersih dan nyaman dan kami benar-benar menghargai perhatian untuk detail masuk menjaga kebersihan di seluruh hotel sarapan pagi berikutnya juga menjadi sorotan menu bervariasi dengan banyak pilihan lezat untuk memilih dari secara keseluruhan kami memiliki tinggal singkat yang indah dan akan pasti,KOMPETITOR,Bintang 4,MercureJakartaCikini,positive,0.9989988207817078,Staff Conduct & Hospitality,Staff Conduct & Hospitality (1.00); Facilities & Amenities (0.99); Guest Experience (0.98)
Aliaa Hadiwidjaja,2025,5,Saya sudah menginap di hotel pada hari Rabu beberapa waktu dari segi pelayanan makanan sangat baik saya sangat puas untuk menginap di sini pak adnan dari resepsionis yang selalu ramah baik makanannya sangat lezat akan kembali lagi,KOMPETITOR,Bintang 4,MercureJakartaCikini,positive,0.9991248250007629,Service Quality,Service Quality (1.00); Staff Conduct & Hospitality (0.99); Service Efficiency & Responsiveness (0.97)
Raisa Ruslan,2025,5,3 hari di hari rabu cikini dari segi pelayanan makanan top banget malam hari minjam piring bru jg di telpon sudah lngsung datang piring ny cepat respon bnget deh gk menunggu lama hari terakhir sarapan sudah telat jam 10 tutup karena kelamaan turun habis beres2 mau cek keluar buru2 ambil makanan gk berapa lama ad pelayannya ramah banget nama mbak viola lngsung datang aku nawarin minuman mau diambilin atau gk padahal dia lgi rempong minum tutup tapi masih sempatkan nawarin bantuan tau kalau banget aq lagi minum buru2 nawarin bbrapa aq pilih kopi lewat tr,KOMPETITOR,Bintang 4,MercureJakartaCikini,positive,0.989651620388031,Service Efficiency & Responsiveness,Service Efficiency & Responsiveness (0.99); Service Quality (0.98); Check in/out Experience (0.95)
bima radiatama,2025,5,menginap di bulan madu cikini dalam rangka dinas kerja hotelnya berada di lokasi yang strategis dekat dengan bioskop metropole dan kuliner lainnya kamar nya bersih dan luas makanannya juga enak enak pelayan nya juga ramah saya dibantu oleh mbak reisa saat di resto minus nya sih parkirnya agak sempit terutama di ruang bawah tanah jadi klo tidak ahli bisa mentok itu bemper ke tembok saat belok dan tolong di cek lagi sabun shampo saat akan ada yang menginap jangan sampai habis,KOMPETITOR,Bintang 4,MercureJakartaCikini,positive,0.9971545934677124,"Location, Accessibility & Parking","Location, Accessibility & Parking (0.98); Facilities & Amenities (0.98); Service Quality (0.95)"
Adelya Delamona Masniary Putri,2025,5,Saya sangat senang tinggal di Mercuri dari sarapan sampai makan malam disajikan makanan yang sangat enak sekali dan juga fasilitas tidak mengecewakan apalagi dengan dibantu oleh staf hotel yaitu mba vina semuanya terasa sempurna pasti akan selalu memilih Mercuri,KOMPETITOR,Bintang 4,MercureJakartaCikini,positive,0.9993187189102173,Facilities & Amenities,Facilities & Amenities (0.99); Service Quality (0.99); Service Efficiency & Responsiveness (0.98)
George Valendro,2025,5,Pertama-tama saya ingin menghargai untuk semua staf mulai dari resepsi f b housekeeping dan keamanan layanan sangat baik tidak ada komentar mereka begitu baik untuk membantu tamu untuk restoran saya benar-benar merekomendasikan karena makanan sangat baik layanan keanekaragaman makanan yang ada sampai layanan kamar dan juga untuk hotel hotel itu sangat baik saya tidak memiliki banyak komentar cus saya benar-benar menikmati ketika saya tinggal di sana kamar kolam renang fitness pusat sampai sudut anak-anak sangat keren pekerjaan yang baik,KOMPETITOR,Bintang 4,MercureJakartaCikini,positive,0.9988977909088135,Facilities & Amenities,"Facilities & Amenities (1.00); Loyalty, Recommendation & Appreciation (1.00); Service Quality (1.00)"
Deni Rahadiansyah,2025,5,pertama kali mencoba mercuure ini kesan pertama adalah sangat baik kamar nya bersih luas makanannya juga enak enak ada hiburan buat anak2 kolam renang dewasa yang panjang dan kolam buat anak ada ruang fitness juga amenitas kamar jg lengkap ada buat cukuran hehe parkirnya saja sempit terutama di ruang bawah tanah jadi klo tidak ahli bisa mentok itu bemper ke tembok saat belok,KOMPETITOR,Bintang 4,MercureJakartaCikini,positive,0.9898540377616882,Facilities & Amenities,"Facilities & Amenities (0.99); Cleanliness, Hygiene & Maintenance (0.98); Room Quality & Comfort (0.97)"
emik enawaty,2025,5,sering kali menginap di sini terutama perjalanan bisnis selalu puas makanan enak kamar bagus,KOMPETITOR,Bintang 4,MercureJakartaCikini,positive,0.9992202520370483,Room Quality & Comfort,Room Quality & Comfort (0.97); Guest Experience (0.95); Food & Beverage (0.89)
Dalila Runa Sutadinata,2025,5,mercure jakarta cikini termasuk tempat yang layak apalagi untuk beristirahat atau perjalanan kerja sarapannya enak dan lengkap tempat makannya nyaman stafnya juga ramah apalagi tadi ada kak anggi yang siap dan sempat nawarin pilihan menu sarapan ke saya lokasinya strategis deket ke mana mana mana cocok buat yang cari tempat istirahat tengah kota tanpa ribet atau buat tempat penginapan untuk perjalanan kerja kebetulan saya lihat memang banyak yang memilih hotel ini untuk perjalanan kerja juga,KOMPETITOR,Bintang 4,MercureJakartaCikini,positive,0.9991476535797119,Staff Conduct & Hospitality,Staff Conduct & Hospitality (0.99); Facilities & Amenities (0.99); Service Efficiency & Responsiveness (0.99)
rhoyhanatus shufiyah,2025,5,pengalaman yang sangat menyenangkan menginap di mercure makanan nya enak pelayanan nya ramah dan fasilitas nya nyaman lengkap untuk anak2 juga,KOMPETITOR,Bintang 4,MercureJakartaCikini,positive,0.9994574189186096,Facilities & Amenities,Facilities & Amenities (0.99); Guest Experience (0.97); Service Quality (0.97)
suhainti harahap,2025,5,Alhamdulillah menginap di sini sangat berkesan buat saya kami berkesempatan awal cek masuk jam stgh dan dpt banyak complimentary selama tinggal di sini 3 hari 2 malam semua stafnya yang kami temui dari gerbang depan smp sekitaran hotel juga sangat membantu dan informatif jika bingung mau kemana atau memilih kuliner apa di sekitar cikini percaya deh sama rekomendasi mereka insyaallah perwakilan dari segi rasa dan harga oh ya setiap akhir pekan jam 10 pagi juga ada kegiatan anak gratis buat anak2 di atas 3 tahun nilai tambahnya di sini ada musholla yang nyaman banget buat pengunjung mau kembali lagi tidak insyaallah,KOMPETITOR,Bintang 4,MercureJakartaCikini,positive,0.9989892840385437,Pricing & Value for Money,Pricing & Value for Money (0.96); Facilities & Amenities (0.94); Service Quality (0.92)
Renny M,2025,5,staycation tipis di cikini yang bikin kami recharge cek masuk mulus kamar bersih tenang lokasi dekat kuliner jalan kaki pun bisa sarapannya aman buat si kecil staf juga membantu setiap diminta bantuan buat kota pendek istirahat bersama keluarga mercure cikini masuk daftar rekomendasi sederhana nyaman dan efisien,KOMPETITOR,Bintang 4,MercureJakartaCikini,positive,0.9992290735244751,Service Efficiency & Responsiveness,Service Efficiency & Responsiveness (1.00); Facilities & Amenities (1.00); Room Quality & Comfort (0.99)
Dwi Estina,2025,5,Langganan pertemuan dari kantor di mercure cikini sangat rekomen tempat pertemuannya luas dan lengkap pelayanan cepat dan menyenangkan,KOMPETITOR,Bintang 4,MercureJakartaCikini,positive,0.9994462132453918,Facilities & Amenities,"Facilities & Amenities (0.99); Service Efficiency & Responsiveness (0.99); Loyalty, Recommendation & Appreciation (0.99)"
Meiliza Sumestry,2025,5,pertama kalinya tinggal di sini dan benar-benar seperti suasana dan staf keramahan ms viola dan pak irfan sangat membantu selama sarapan kami pilihan sarapan bervariasi dari lokal ke barat kolam renang luas lengkap dengan kolam renang anak-anak ada juga taman bermain anak-anak dalam ruangan kamar itu nyaman juga menjaga layanan yang besar,KOMPETITOR,Bintang 4,MercureJakartaCikini,positive,0.9993176460266113,Staff Conduct & Hospitality,Staff Conduct & Hospitality (1.00); Facilities & Amenities (1.00); Guest Experience (1.00)
Ardika Raharja,2025,5,saya sangat menikmati pengalaman sarapan di Jakarta Jumat cikini menu pilihan yang disajikan sangat beragam mulai dari makanan tradisional Indonesia seperti nasi uduk dan bubur ayam hingga menu internasional seperti omelet croissant dan sereal semua makanan disajikan dalam keadaan hangat dan tertata dengan rapi yang paling berkesan adalah pelayanan staf restoran yang sangat ramah dan sigap mereka dengan cepat membantu jika ada kebutuhan tambahan dan selalu menyambut dengan senyum suasana restorannya juga nyaman dan pencahayaan pagi yang masuk dari jendela membuat pengalaman makan semakin menyenangkan saya juga menghargai adanya pilihan makanan sehat seperti buah buahan salad segar dan yogurt dan kopi teh juga tersedia kualitas,KOMPETITOR,Bintang 4,MercureJakartaCikini,positive,0.9995139837265015,Service Efficiency & Responsiveness,Service Efficiency & Responsiveness (1.00); Staff Conduct & Hospitality (1.00); Service Quality (1.00)
Zuniar Fitra Hidaya,2025,5,pelayanannya baik dan berkualitas menu makanannya enak dan bervariasi juga lengkap fasilitasnya keren,KOMPETITOR,Bintang 4,MercureJakartaCikini,positive,0.9993430972099304,Service Quality,Service Quality (0.99); Facilities & Amenities (0.98); Guest Experience (0.95)
23. Teddy Sitanggang,2025,5,sangat nyaman untuk melaksanakan pertemuan wifi kencang ruangan nyaman dan lokasi sangat strategis,KOMPETITOR,Bintang 4,MercureJakartaCikini,positive,0.9994199275970459,Facilities & Amenities,Facilities & Amenities (1.00); Room Quality & Comfort (0.99); Service Efficiency & Responsiveness (0.95)
agnes putri,2025,5,pengalaman yang menyenangkan untuk penyelenggaraan pertemuan di hari Rabu jakarta cikini dari mulai proses cek masuk dengan staf yang ramah responsif fasilitas ruang pertemuan yang lengkap makanan yang enak dan juga kamar yang bersih sudah beberapa kali menyelenggarakan rapat di sini dan selalu kembali lagi layanan yang sangat baik,KOMPETITOR,Bintang 4,MercureJakartaCikini,positive,0.999104917049408,Facilities & Amenities,Facilities & Amenities (1.00); Service Quality (0.99); Staff Conduct & Hospitality (0.99)
Kaisar Julizar,2025,5,hotel nya bagus bersih nyaman karpet bersih seprai baru kamar mandi bersih makanan nya juga enak,KOMPETITOR,Bintang 4,MercureJakartaCikini,positive,0.9993197917938232,Facilities & Amenities,"Facilities & Amenities (0.99); Cleanliness, Hygiene & Maintenance (0.99); Service Quality (0.97)"
Ranieputri Ngonten,2025,5,lokasi hotelnya strategis makananya enak banget kamar nyaman pelayanan nya ramah dan cepat pengalaman yang bagus,KOMPETITOR,Bintang 4,MercureJakartaCikini,positive,0.9992479681968689,Service Efficiency & Responsiveness,Service Efficiency & Responsiveness (0.99); Guest Experience (0.99); Facilities & Amenities (0.99)
sutrisno nono,2025,5,pelayanan ramah dan hotel bersih makanan juga enak cuma ruangan makan terlalu sempit untuk jumlah org yang banyak,KOMPETITOR,Bintang 4,MercureJakartaCikini,positive,0.9911909699440002,"Cleanliness, Hygiene & Maintenance","Cleanliness, Hygiene & Maintenance (0.99); Facilities & Amenities (0.99); Service Quality (0.98)"
linda lestari,2025,5,kamarnya bersih lokasinya juga strategis dan makanannya juga enak enak staf hotelnya juga informatif,KOMPETITOR,Bintang 4,MercureJakartaCikini,positive,0.9990236759185791,"Cleanliness, Hygiene & Maintenance","Cleanliness, Hygiene & Maintenance (0.98); Service Quality (0.97); Facilities & Amenities (0.96)"
Sofyan,2025,5,resepsi ramah dan sangat membantu menu sarapan cukup baik dan bervariasi terima kasih bu vero untuk bantuannya,KOMPETITOR,Bintang 4,MercureJakartaCikini,positive,0.9985461235046387,Guest Experience,Guest Experience (1.00); Service Quality (0.99); Staff Conduct & Hospitality (0.99)
Riz cun30,2025,5,menginap di sini untuk keperluan pertemuan selama 5 hari untuk menu sarapan yang disajikan juga beragam mulai dari makanan barat dan makanan Indonesia croissant nya juga enak pelayanannya baik staf nya ramah dan sangat membantu untuk menghargai untuk ka viola,KOMPETITOR,Bintang 4,MercureJakartaCikini,positive,0.9995001554489136,Food & Beverage,Food & Beverage (0.99); Staff Conduct & Hospitality (0.99); Guest Experience (0.99)
dini prihatiningsih,2025,5,Baik terbaik lokasi strategis banyak jajanan kamar enak pelayanan ramah tamah beesstt mas tony besst bgtt sampe inget weh namanya,KOMPETITOR,Bintang 4,MercureJakartaCikini,positive,0.9993646740913391,Service Quality,Service Quality (0.99); Facilities & Amenities (0.98); Guest Experience (0.98)
sil theresa,2025,4,di hotel ini secara keseluruhan cukup memuaskan pelayanannya ramah dan ruangan rapat yang kami gunakan juga sangat nyaman pelayanan mod oleh mba vina juga sangat ramah,KOMPETITOR,Bintang 4,MercureJakartaCikini,positive,0.9991868138313293,Service Quality,Service Quality (0.99); Facilities & Amenities (0.99); Staff Conduct & Hospitality (0.99)
Tri Febri Asriyani,2025,5,menginap di hari Rabu cikini sangat nyaman dan menyenangkan makanan di restonya juga enak2 berikutnya akan datang lagi,KOMPETITOR,Bintang 4,MercureJakartaCikini,positive,0.9995487332344055,Facilities & Amenities,Facilities & Amenities (1.00); Food & Beverage (0.98); Room Quality & Comfort (0.97)
Latipa Anum,2025,5,untuk sarapan nya beragam dan lezat pelayanan dari pihak hotelnya ka viola sangat ramah tamah terimakasih mercuure cikini ka viola atas layanan terbaiknya,KOMPETITOR,Bintang 4,MercureJakartaCikini,positive,0.9993607401847839,Food & Beverage,Food & Beverage (1.00); Service Quality (0.99); Guest Experience (0.96)
Ahmad Faisal,2025,5,Jika ingin mengutamakan kebersihan dan kenyamanan mercure cikini adalah pilihan yang tepat lokasi yang strategis dengan pelayanan yang ramah serta fasilitas yang lengkap mercure cikini sangat merekomendasikan sekali untuk kegiatan pertemuan k l dan perusahaan serta liburan keluarga di tengah kota jakarta dengan pelayanan yang ramah kooperatif dan informasi yang diberikan oleh seputar hotel oleh mba viola insya allah kami akan menggunakan fasilitas hotel ini kembali untuk kebutuhan kantor dan keluarga jazakumullah khairan katsiran,KOMPETITOR,Bintang 4,MercureJakartaCikini,positive,0.9994131326675415,Family & Group Friendly,"Family & Group Friendly (1.00); Service Efficiency & Responsiveness (1.00); Cleanliness, Hygiene & Maintenance (1.00)"
Muhammad Iqbal Maulana,2025,3,pengalaman menginap di hari rabu selama 5 hari 1 makanan kurang bervariasi hampir setiap hari menu sama 2 cemilan juga tidak terlalu banyak cemilan rapat 3 pengalaman kurang ramah ketika minta diberitakan 4 yang paling kocak setara hotel bisa mati listrik kocak tidak punya genset 5 mindahin ruang rapat di tengah acara hari ke 4 acara penjualan terlalu kecewa melihat cela tidak diinformasikan sedari awal review lebih banyak ke,KOMPETITOR,Bintang 4,MercureJakartaCikini,negative,0.9979202151298523,Guest Experience,Guest Experience (0.98); Food & Beverage (0.97); Check in/out Experience (0.93)
Afifatul Humairo,2025,5,Banyak aktivitas anak2 menarik pertemuan akhir pekan ibu bisa fokus bertemu anak ikut kelas mba aisah juga baik dan ramah saat mengajarkan kelas anak makanan enak2 lokasi strategis ada kolam renang dekat tim,KOMPETITOR,Bintang 4,MercureJakartaCikini,positive,0.9994046688079834,Family & Group Friendly,Family & Group Friendly (0.99); Staff Conduct & Hospitality (0.98); Facilities & Amenities (0.97)
chicotdenim,2025,5,sarapan d restonya terbaik ada jamu tradisional masak pelayanannya ramah apalagi namanya yng marcel baik benar menawarkan studi nya baik,KOMPETITOR,Bintang 4,MercureJakartaCikini,positive,0.9994779229164124,Service Quality,Service Quality (1.00); Guest Experience (0.99); Check in/out Experience (0.98)
shechem,2025,5,kantor depan ramah ramah sarapannya juga nagih banget terbaik banget deh hotel ini saya akan kembali lagi kesinii pekerjaan baik mercure,KOMPETITOR,Bintang 4,MercureJakartaCikini,positive,0.9992509484291077,Service Quality,Service Quality (0.99); Staff Conduct & Hospitality (0.99); Facilities & Amenities (0.99)
Nabila Rachelyca F,2025,5,sudah tahun ketiga berturut turut acara di hari rabu pelayananenya selalu memuaskan dan nyaman tempatnya mudah diakses dan dekat dengan kantor stafnya ramah terutama ka dita,KOMPETITOR,Bintang 4,MercureJakartaCikini,positive,0.9992176294326782,Service Quality,Service Quality (0.99); Facilities & Amenities (0.98); Guest Experience (0.94)
putri aisyah,2025,5,tinggal 5hari disini sekalian nemenin suami kerja hotelnya strategis banget karena ditengah kota hihihi untuk kamarnya cukup oke nyaman untuk menu sarapan makan siang dan makan malam secara keseluruhan enak semua pelayanan ramah sekali terima kasih mba viola dan mba intan yang selalu tersenyum manis ke saya,KOMPETITOR,Bintang 4,MercureJakartaCikini,positive,0.999419093132019,Service Quality,Service Quality (0.98); Facilities & Amenities (0.98); Staff Conduct & Hospitality (0.97)
Pui Mui ngo,2025,5,pelayanan di hotel mercure cikini sangat ramah makanannya sangat enak dan beranekaragam ada es krim jugaa pelayanannya sangat ramah selalu menerima masukan terutama bu vina sebagai mod dengab sangat menannyakan terkait pelayanan dan fasilitas yang didapat ketika di hotel mercure,KOMPETITOR,Bintang 4,MercureJakartaCikini,positive,0.999388575553894,Facilities & Amenities,Facilities & Amenities (0.99); Food & Beverage (0.95); Guest Experience (0.93)
rois leonard Arios,2025,4,hotel mantap dan layanan oke terutama etca yang membantu keperluan saat di resto,KOMPETITOR,Bintang 4,MercureJakartaCikini,positive,0.9991763234138489,Service Quality,Service Quality (1.00); Service Efficiency & Responsiveness (0.99); Facilities & Amenities (0.99)
Aufa Farhansyah,2025,5,tempatnya enak buat pertemuan dan ruangannya juga cukup bagus terlebih makanannya enak semuanya bagus deh,KOMPETITOR,Bintang 4,MercureJakartaCikini,positive,0.9994490742683411,Facilities & Amenities,Facilities & Amenities (1.00); Room Quality & Comfort (0.96); Guest Experience (0.94)
sementara waktu,2025,5,pilihan hotel yang tepat untuk menginap di Jakarta lokasi strategis dekat dengan stasiun tim dan tempat belanja,KOMPETITOR,Bintang 4,MercureJakartaCikini,positive,0.9984580278396606,Facilities & Amenities,Facilities & Amenities (0.82); Service Efficiency & Responsiveness (0.74); Booking & Reservation Experience (0.66)
jalu bimantara,2025,5,kamar bagus berkarpet view kota dan lrt mantap ada atap serta gym bersih lokasi strategis buat kuliner jalan kaki minus kaca agak berdebu agak kurang klo bikin konten secara keseluruhan baik,KOMPETITOR,Bintang 4,MercureJakartaCikini,positive,0.9994068145751953,Facilities & Amenities,"Facilities & Amenities (0.99); Cleanliness, Hygiene & Maintenance (0.97); Room Quality & Comfort (0.96)"
mohammad chairul anam,2025,5,tempat mudah di temukan persisi di pinggir jalan pelayanannya yang bernama elsa sangat baik dan ramah fasilitas cukup aman dan nyaman,KOMPETITOR,Bintang 4,MercureJakartaCikini,positive,0.9991995692253113,Service Quality,Service Quality (1.00); Guest Experience (1.00); Facilities & Amenities (1.00)
taufiq iskandar,2025,5,lokasi strategis di tengah kota kamar bersih dan nyaman makanan lengkap dan enak,KOMPETITOR,Bintang 4,MercureJakartaCikini,positive,0.9994521737098694,Facilities & Amenities,"Facilities & Amenities (1.00); Room Quality & Comfort (1.00); Cleanliness, Hygiene & Maintenance (0.99)"
Raysha Yasmine,2025,5,pengalaman yang baik saya liburan keluarga di hotel ini pelayanan di resto yang ramah sekali dari bu reviola,KOMPETITOR,Bintang 4,MercureJakartaCikini,positive,0.9986929297447205,Service Quality,Service Quality (0.99); Guest Experience (0.99); Staff Conduct & Hospitality (0.98)
Patmos Partogu BB,2025,5,Kamar yang nyaman dan dingin lengkap fasilitas umum untuk orang dewasa dan anak anak makanan nya yang terbaik dari nusantara sampai barat yang terbaik,KOMPETITOR,Bintang 4,MercureJakartaCikini,positive,0.9994000196456909,Room Quality & Comfort,Room Quality & Comfort (1.00); Family & Group Friendly (0.99); Facilities & Amenities (0.99)
Fikri Syabani,2025,5,Lokasi yang baik layanan yang baik karena berada di sana untuk memeriksa masuk sampai check keluar Aku suka bangun dengan pemandangan yang baik setiap pagi di sini,KOMPETITOR,Bintang 4,MercureJakartaCikini,positive,0.999176561832428,Facilities & Amenities,Facilities & Amenities (1.00); Service Quality (1.00); Check in/out Experience (1.00)
erlinawati ritonga,2025,5,hotel yang nyaman untuk libur untuk makanannya pun enak kamarnya pun bersih,KOMPETITOR,Bintang 4,MercureJakartaCikini,positive,0.9990878105163574,"Cleanliness, Hygiene & Maintenance","Cleanliness, Hygiene & Maintenance (0.99); Facilities & Amenities (0.99); Service Quality (0.97)"
Dwi Pagau,2025,5,overall pilihan terbaik untuk bisa tinggal di hari Rabu karena banyak pelayanan yang sangat baik terutama kak viola yang sudah melayani kita selama di hotel ini dengan baik,KOMPETITOR,Bintang 4,MercureJakartaCikini,positive,0.9989712238311768,Service Quality,Service Quality (1.00); Guest Experience (0.97); Facilities & Amenities (0.97)
Ike Irawati,2025,5,fasilitas hotelnya ramah anak semoga bia lebih baik lagi ke depan,KOMPETITOR,Bintang 4,MercureJakartaCikini,positive,0.9971994161605835,Service Quality,Service Quality (0.98); Guest Experience (0.93); Facilities & Amenities (0.91)
mohamad maun,2025,5,Pelayan bagus dibantu oleh mbak stephanie atap nya keren bertemu ada permainannya mawon capit dan dingong kamarnya rapih dan bersih,KOMPETITOR,Bintang 4,MercureJakartaCikini,positive,0.9993857145309448,Service Quality,"Service Quality (0.99); Guest Experience (0.99); Cleanliness, Hygiene & Maintenance (0.98)"
sarah febrianty,2025,5,habis menonton konser petualangan sherina di taman ismail marzuki sangat puas sekali menginap di sini dekat kemana2 tinggal jalan kaki dan ramah anak ada taman bermain serta kolam renang nya puas menginap di sini,KOMPETITOR,Bintang 4,MercureJakartaCikini,positive,0.9996060729026794,Facilities & Amenities,Facilities & Amenities (0.99); Family & Group Friendly (0.99); Service Quality (0.96)
Rina Rosdiani Patria,2025,5,terima kasih mercuure sudah dikasih boneka snowy ama brownie untuk anak2 terus sarapannya nasgor enak apalagi dimsumnya bisa mengisi ulang udara putih kapan saja kamarnya bersih ada jam radio mba fani ama mas aris resepsiisya baik ama anak2 bermanfaat juga terima kasih ya,KOMPETITOR,Bintang 4,MercureJakartaCikini,positive,0.9994499087333679,Food & Beverage,Food & Beverage (0.97); Service Quality (0.97); Guest Experience (0.96)
Putri Theresia,2025,5,Selama berkegiatan di hari Rabu cikini saya merasa nyaman baik di ruangan maupun di hidangan yang disediakan menuunya sangat bervariasi terlebih selalu ada es krim pelayanannya juga sangat ramah dan mereka juga sangat terbuka terhadap keluhan atau masukan baik selama berkegiatan saya juga bertemu kak vina dari mod untuk memastikan pelayanan yang di dapat selama selama di hotel hari Rabu baik tidak hanya kak vina tapi beberapa petugas hotel juga selalu memastikan semuanya berjalan dengan baik,KOMPETITOR,Bintang 4,MercureJakartaCikini,positive,0.9992856383323669,Food & Beverage,Food & Beverage (0.99); Service Quality (0.96); Service Efficiency & Responsiveness (0.95)
Suci Astari,2025,5,hotelnya sangat strategis dekat dengan stasiun cikini tim dan banyak kuliner di sekitar hotel setiap akhir pekan ada kegiatan anak makanan di resto pun bervariasi dan enak enak,KOMPETITOR,Bintang 4,MercureJakartaCikini,positive,0.9995173215866089,Facilities & Amenities,Facilities & Amenities (0.87); Guest Experience (0.80); Family & Group Friendly (0.76)
Natalia Desmawati Simanjuntak,2025,4,kurang menyenangkan karena selama menginap satu minggu suasana sekitar kamar berisik seperti sedang renovasi tapi tidak ada informasi renovasi saya menginap di lantai 17 kamar 1716,KOMPETITOR,Bintang 4,MercureJakartaCikini,negative,0.9927916526794434,Guest Experience,Guest Experience (0.75); Ambience & Design (0.62); Check in/out Experience (0.46)
Anggie Suradilaga,2025,5,lokasi strategis hotelnya bersih pelayanannya ramah setiap akhir pekan ada taman bermain untuk anak-anak,KOMPETITOR,Bintang 4,MercureJakartaCikini,positive,0.9993211030960083,Facilities & Amenities,"Facilities & Amenities (1.00); Service Quality (1.00); Cleanliness, Hygiene & Maintenance (0.99)"
Fadilla ayskha dyrasanya Anindya,2025,4,Setelah saya memberikan laporan dari ulasan ini Alhamdulillah saya menanggapi dengan cepat dan dengan baik mungkin masuk dari saya kedepanannya bisa langsung di menanggapi saat hari h terjadi ya terima kasih,KOMPETITOR,Bintang 4,MercureJakartaCikini,positive,0.7096189260482788,Service Efficiency & Responsiveness,Service Efficiency & Responsiveness (0.70); Service Quality (0.59); Check in/out Experience (0.55)
Hendrik Priyanto Official,2025,5,ini kali pertama saya menginap dan sangat memuaskan kamar bersih servisnya mantap dan lokasi yang sangat strategis,KOMPETITOR,Bintang 4,MercureJakartaCikini,positive,0.9988247752189636,Service Quality,Service Quality (1.00); Room Quality & Comfort (1.00); Guest Experience (1.00)
Adzikra Raivanaqie,2025,5,Pelayanann nyaa mantaapp hotell nya baguss bersihh,KOMPETITOR,Bintang 4,MercureJakartaCikini,positive,0.9992915391921997,Service Quality,"Service Quality (1.00); Guest Experience (0.99); Cleanliness, Hygiene & Maintenance (0.98)"
Hasna Taqiyah,2025,5,pertemuan disini makanan enak staf ramah ruangan pun saat memadai puasa pertemuan disini,KOMPETITOR,Bintang 4,MercureJakartaCikini,positive,0.9975246787071228,Service Quality,Service Quality (0.99); Staff Conduct & Hospitality (0.98); Religious & Halal Features (0.98)
Ratna Wulanti,2025,5,makanannya enak lokasi strategis dekat stasiun krl kamarnya nyaman,KOMPETITOR,Bintang 4,MercureJakartaCikini,positive,0.9994623064994812,Room Quality & Comfort,Room Quality & Comfort (0.98); Facilities & Amenities (0.96); Food & Beverage (0.95)
Nia Lovania,2025,5,Yang terbaik berpengalaman untuk tinggal punya anak area kolam renang di area atap yang bagus kamar yang bersih dan nyaman,KOMPETITOR,Bintang 4,MercureJakartaCikini,positive,0.9995309114456177,Room Quality & Comfort,"Room Quality & Comfort (0.99); Cleanliness, Hygiene & Maintenance (0.99); Facilities & Amenities (0.98)"
yobelino billy,2025,5,ruang vip baik tapi agar penghawaan bisa lebih dingin lagi dan proyektor bisa lebih jelas istilahnya,KOMPETITOR,Bintang 4,MercureJakartaCikini,positive,0.754054844379425,Facilities & Amenities,Facilities & Amenities (0.93); Service Quality (0.91); Personalized & Special Services (0.88)
Zuhartini Putri,2025,5,hotel yang sangat wajib dikunjungi karena dari fasilitas makanan tempat rapat dan kamar nya sangat bagus,KOMPETITOR,Bintang 4,MercureJakartaCikini,positive,0.9989768266677856,Facilities & Amenities,Facilities & Amenities (0.99); Food & Beverage (0.96); Service Quality (0.95)
Li Dia,2025,5,makanan favorit kentang goreng enak rujak enak manisan enak bubur ayam enak saya bertemu dengan mbk raisa yang baik dan ramah juga cantik,KOMPETITOR,Bintang 4,MercureJakartaCikini,positive,0.9990910291671753,Food & Beverage,Food & Beverage (0.99); Guest Experience (0.98); Family & Group Friendly (0.97)
Mahyudin Husen Nuswantara,2025,5,suasananya asik dan nyaman makanannya juga enak enak ada juga makan tradisionalnya pokoknya mantap dibantu makan malam nya dengan mba raisa mksh ya mba,KOMPETITOR,Bintang 4,MercureJakartaCikini,positive,0.9992838501930237,Facilities & Amenities,Facilities & Amenities (0.98); Room Quality & Comfort (0.96); Family & Group Friendly (0.93)
Eva Sie,2025,5,sangat menikmati masa tinggal saya di mercuure jakarta cikini pelayanan nya sangat ramah ibu vinna siap membantu kapan saja kami membutuhkan sangat luar biasa hotel nya makanan enak,KOMPETITOR,Bintang 4,MercureJakartaCikini,positive,0.9995524287223816,Service Quality,Service Quality (0.98); Staff Conduct & Hospitality (0.98); Facilities & Amenities (0.98)
Dedi Kurniawan,2025,5,dsni ada bertemu keren pelayannya saya diajak ngbrol sama mba vera bak banget da cantik,KOMPETITOR,Bintang 4,MercureJakartaCikini,positive,0.9967330694198608,Guest Experience,Guest Experience (0.86); Check in/out Experience (0.84); Cultural & Heritage Experience (0.81)
WINA TARMIDI,2025,5,Lokasinya bagus strategis kamarny rapih dan bersih makanan enak dan staf ramah ramah membantu dengan mbak fannie terimakasih akan kembali ke sini masa lalu,KOMPETITOR,Bintang 4,MercureJakartaCikini,positive,0.9994068145751953,Facilities & Amenities,"Facilities & Amenities (1.00); Cleanliness, Hygiene & Maintenance (1.00); Room Quality & Comfort (0.99)"
sofyan rizky,2025,5,kali ini merasa puas jika cek masuk ke hotel ini baik staf keamanan sangat baik dari awal saya datang sampai saya cek keluar apalagi bapak keamanan yang mohon maap memiliki kelebihan cadel tidak hanya ramah senyum dan bahkan ke anak anak pun ramah sekali pada saat saya dan istri saya ingin putri angin keluar di ingatkan untuk berhati hati karena istri saya memakai tas sembrono tapi sayangnya saat anak saya pingin berpamitan cek keluar si bapak tidak ada debest si keamanan di hotel ini kali ini benar benar puas cek masuk ke hotel ini,KOMPETITOR,Bintang 4,MercureJakartaCikini,positive,0.9915859699249268,Staff Conduct & Hospitality,Staff Conduct & Hospitality (1.00); Service Efficiency & Responsiveness (1.00); Service Quality (0.99)
Reva Lina,2025,5,kami menginap satu malam di Jakarta cikini dan sangat puas kamarnua nyaman bersih dan modern anak anak betah bermain di taman bermain dan anak-anak sudut yang disediakan fasilitasnya lengkap dan aman kolam renang atap juga jadi favorit ada bagian khusus anak sarapan enak pilihan menu banyak dan stafnya ramah lokasi strategis di pusat kota sangat direkomendasikan untuk menginap keluarga singkat,KOMPETITOR,Bintang 4,MercureJakartaCikini,positive,0.9996015429496765,Facilities & Amenities,"Facilities & Amenities (1.00); Cleanliness, Hygiene & Maintenance (0.99); Room Quality & Comfort (0.98)"
Della Huwae,2025,5,Pelayan oke kamar bersih makanan nya enak dan bervariasi pelayanan resto nya baik dan ramah juga oleh mb intan,KOMPETITOR,Bintang 4,MercureJakartaCikini,positive,0.9992927312850952,"Cleanliness, Hygiene & Maintenance","Cleanliness, Hygiene & Maintenance (0.99); Service Quality (0.99); Guest Experience (0.98)"
Ulil Albab,2025,5,makanan nya enak kamarnya bersih dan dingin nyaman menginap di sini,KOMPETITOR,Bintang 4,MercureJakartaCikini,positive,0.9991078972816467,"Cleanliness, Hygiene & Maintenance","Cleanliness, Hygiene & Maintenance (1.00); Facilities & Amenities (1.00); Room Quality & Comfort (0.99)"
Pradana Yuthika,2025,5,hotel di pusat kota jakarta yang mudah diakses makanan restonya enak dan pelayanannya sangat baik dan ramah,KOMPETITOR,Bintang 4,MercureJakartaCikini,positive,0.9994174242019653,Service Quality,Service Quality (0.99); Service Efficiency & Responsiveness (0.99); Staff Conduct & Hospitality (0.98)
Khairil Anwar,2025,5,mantaap makanan restoonya enak dan banyak pilihan apalagi layanan eca yang membuat makanan resto tambah enak,KOMPETITOR,Bintang 4,MercureJakartaCikini,positive,0.9991033673286438,Facilities & Amenities,Facilities & Amenities (0.99); Service Quality (0.99); Service Efficiency & Responsiveness (0.99)
Bainn Muhammad,2025,5,Semua oke kamar bersih dan makanan juga enak staf jg sangat ramah,KOMPETITOR,Bintang 4,MercureJakartaCikini,positive,0.9971765279769897,"Cleanliness, Hygiene & Maintenance","Cleanliness, Hygiene & Maintenance (1.00); Facilities & Amenities (1.00); Room Quality & Comfort (1.00)"
Hendra A Sastradinata,2025,5,Aku datang ke hotel ini dengan teman-teman bukan untuk menginap tapi untuk menghadiri undangan makan malam dari sebuah kementerian untuk upacara penutupan acara makanan yang disajikan benar-benar classy karena itu dari standar internasional,KOMPETITOR,Bintang 4,MercureJakartaCikini,positive,0.9969733953475952,Guest Experience,Guest Experience (0.97); Check in/out Experience (0.95); Service Quality (0.90)
Rahmat Fauzi,2025,5,Saya memiliki pengalaman yang menyenangkan dan lancar selama tinggal saya kamar itu bersih staf yang ramah dan membantu dan lokasi membuatnya mudah untuk bergerak saya menghargai suasana yang tenang dan nilai keseluruhan untuk harga,KOMPETITOR,Bintang 4,MercureJakartaCikini,positive,0.9990228414535522,Facilities & Amenities,Facilities & Amenities (1.00); Guest Experience (1.00); Staff Conduct & Hospitality (0.99)
Brownsugars Cklt,2025,5,layanan nya baik menu makanannya enak enak staf nya baik ramah cemilannya juga unik dan manis,KOMPETITOR,Bintang 4,MercureJakartaCikini,positive,0.998498797416687,Facilities & Amenities,Facilities & Amenities (0.99); Service Quality (0.99); Food & Beverage (0.97)
Melanie Beatrix,2025,5,memiliki satu malam yang hebat tinggal di Mercure Jakarta cikini layanan ramah kamar bersih sarapan enak dan kolam renang di atap luar biasa super estetis dan besar untuk foto suka itu,KOMPETITOR,Bintang 4,MercureJakartaCikini,positive,0.9995378255844116,Facilities & Amenities,"Facilities & Amenities (1.00); Service Quality (1.00); Cleanliness, Hygiene & Maintenance (0.99)"
Ari Naldo,2025,5,pelayanan memuaskan makanan enak kamar bagus,KOMPETITOR,Bintang 4,MercureJakartaCikini,positive,0.9993454813957214,Service Quality,Service Quality (1.00); Guest Experience (0.99); Room Quality & Comfort (0.97)
rama Yanti,2025,5,sangat rekomend banget hotelnya untuk ruang kls kamar dan makanannya semuanya baik,KOMPETITOR,Bintang 4,MercureJakartaCikini,positive,0.9992658495903015,Facilities & Amenities,Facilities & Amenities (0.99); Food & Beverage (0.98); Room Quality & Comfort (0.95)
Audry Audry,2025,5,Buffet nya enak pelayan nya baik dan staf ramah mba viola nya baik semua nya aman dari mulai kamar dan fasilitas lain nya,KOMPETITOR,Bintang 4,MercureJakartaCikini,positive,0.9992161989212036,Food & Beverage,Food & Beverage (1.00); Facilities & Amenities (0.99); Staff Conduct & Hospitality (0.99)
Feri Andi,2025,5,pengalaman menginap luar biasa dari cek masuk sampai cek keluar,KOMPETITOR,Bintang 4,MercureJakartaCikini,positive,0.8897115588188171,Check in/out Experience,Check in/out Experience (0.99); Guest Experience (0.99); Service Quality (0.97)
Ahmad Fikri,2025,5,kamar yang nyaman untuk istirahat pelayanan yang ramah dan bersahabat lokasi sangat strategis saat terimakasih mbak viola pak irfan,KOMPETITOR,Bintang 4,MercureJakartaCikini,positive,0.999286949634552,Room Quality & Comfort,Room Quality & Comfort (1.00); Staff Conduct & Hospitality (0.99); Guest Experience (0.99)
Maria Claudia Wahyu Trihastuti,2025,5,makanan dan pelayanan sangat memuaskan kebersihan kamar juga sangat oke,KOMPETITOR,Bintang 4,MercureJakartaCikini,positive,0.9992961883544922,"Cleanliness, Hygiene & Maintenance","Cleanliness, Hygiene & Maintenance (1.00); Facilities & Amenities (1.00); Service Quality (1.00)"
Amanda Ulyana pardosi,2025,5,pelayanan baik ramah fasilitas oke harga terjangkau,KOMPETITOR,Bintang 4,MercureJakartaCikini,positive,0.9992227554321289,Service Quality,Service Quality (0.99); Pricing & Value for Money (0.98); Guest Experience (0.97)
Hydrawan Yuliputra,2025,5,makanan nya bervariasi dan enak kamar tidur nyaman bersih,KOMPETITOR,Bintang 4,MercureJakartaCikini,positive,0.9994562268257141,"Cleanliness, Hygiene & Maintenance","Cleanliness, Hygiene & Maintenance (0.99); Room Quality & Comfort (0.98); Facilities & Amenities (0.96)"
Teresia Juliana,2025,5,menginap di Jakarta Cikini sangat mengesankan makanan nya enak kamar nya bersih wifi nya oke staf nya kak menang sangat ramah dan membantu terimakasih pelayananan nya,KOMPETITOR,Bintang 4,MercureJakartaCikini,positive,0.999489426612854,Service Quality,Service Quality (0.97); Facilities & Amenities (0.97); Staff Conduct & Hospitality (0.97)
Irfan Irianto,2025,5,makanannya enak kamarnya nyaman hotel bintang 5 terbaik,KOMPETITOR,Bintang 4,MercureJakartaCikini,positive,0.9994053840637207,Room Quality & Comfort,Room Quality & Comfort (0.98); Facilities & Amenities (0.97); Service Quality (0.94)
Jackson B,2025,5,Layanan kamar dan pembersihan sangat luar biasa staf yang sangat ramah dan kamar yang sangat baik siswanto adalah orang yang sangat baik memiliki percakapan yang hebat dengan dia dan dia selalu memastikan saya memiliki semua yang saya butuhkan,KOMPETITOR,Bintang 4,MercureJakartaCikini,positive,0.9970141649246216,Facilities & Amenities,"Facilities & Amenities (1.00); Staff Conduct & Hospitality (1.00); Cleanliness, Hygiene & Maintenance (1.00)"
Kiki Rokhalizah,2025,5,sarapan di hari Rabu cikini tuh bener bener bikin nyaman suasananya tenang makanannya enak dan yang paling berkesan itu pelayanannya ramah banget apalagi mbak intan cara dia nyapa dan bantuin tamu tuh tulus banget bikin pagi jadi lebih hangat dan mood langsung bagus buat jalani hari,KOMPETITOR,Bintang 4,MercureJakartaCikini,positive,0.9993376135826111,Service Quality,Service Quality (1.00); Staff Conduct & Hospitality (1.00); Guest Experience (0.99)
Ana Malika,2025,5,Hotel nyaman untuk menginap terima kasih Ibu Andita atas pelayanannya,KOMPETITOR,Bintang 4,MercureJakartaCikini,positive,0.998285710811615,Service Quality,Service Quality (0.99); Room Quality & Comfort (0.95); Guest Experience (0.95)
Nailuredha Hermanto,2025,5,fasilitas ruang rapat memadai makanan enak terutama daging sapi pedas mie hotel juga bersih,KOMPETITOR,Bintang 4,MercureJakartaCikini,positive,0.9992185831069946,Facilities & Amenities,"Facilities & Amenities (0.99); Cleanliness, Hygiene & Maintenance (0.98); Service Quality (0.95)"
Devina Angraini,2025,5,sarapan restonya enak pelayanan staf nya kak viola sangat baik dan ramah,KOMPETITOR,Bintang 4,MercureJakartaCikini,positive,0.9992221593856812,Food & Beverage,Food & Beverage (0.99); Service Quality (0.99); Staff Conduct & Hospitality (0.99)
Khairunnisa,2025,5,Pelayanannya bagus makanannya enak dan kamar bersij,KOMPETITOR,Bintang 4,MercureJakartaCikini,positive,0.999404788017273,Service Quality,Service Quality (1.00); Guest Experience (0.99); Facilities & Amenities (0.99)
Simson Tambunan,2025,5,Bisa senang berkunjung di delangit hotel atap mercury pelayanan bartender atas nama zahra baik,KOMPETITOR,Bintang 4,MercureJakartaCikini,positive,0.9969527721405029,Service Quality,Service Quality (0.99); Guest Experience (0.97); Staff Conduct & Hospitality (0.91)
Intan Indreswari,2025,5,hotel nyaman dengan fasilitas oke tempat pertemuan nyaman lokasi berada di tengah kota yang memudahkan untuk bepergian ke mana mana mana,KOMPETITOR,Bintang 4,MercureJakartaCikini,positive,0.9993278980255127,Facilities & Amenities,Facilities & Amenities (1.00); Service Quality (0.98); Guest Experience (0.96)
RACHMAT PRIYANTO,2025,5,kamar nya nyaman dan sarapan enak pelayanan juga oke dan baik serta mba viola nya ramah senyum,KOMPETITOR,Bintang 4,MercureJakartaCikini,positive,0.9993550181388855,Facilities & Amenities,Facilities & Amenities (1.00); Room Quality & Comfort (0.99); Guest Experience (0.99)
Wildatul Mabruroh,2025,5,Pelayanannya mantap mas abdul resepsionis nyaa ramah banget dibantu sampai tuntas pokoknya mantepp,KOMPETITOR,Bintang 4,MercureJakartaCikini,positive,0.9993501305580139,Service Quality,Service Quality (1.00); Staff Conduct & Hospitality (0.97); Guest Experience (0.96)
Ega juliani,2025,5,Ruang pertemuan nya bagus makanan juga enak apalagi dessert pie stroberi di jamin bikin pengen lagii terima kasih buat kak andrian atas pelayanan nya sampai jumpa pertemuan berikutnya,KOMPETITOR,Bintang 4,MercureJakartaCikini,positive,0.9993368983268738,Service Quality,Service Quality (0.98); Food & Beverage (0.97); Room Quality & Comfort (0.94)
Ade Suryani,2025,5,Selama saya menginap di sini dari segi makan pelayanan dan pegawainya semuanya bagus dan berkenan untuk kembali respon nya juga cepat tangks anda mercure hotel,KOMPETITOR,Bintang 4,MercureJakartaCikini,positive,0.9989953637123108,Service Efficiency & Responsiveness,Service Efficiency & Responsiveness (1.00); Facilities & Amenities (0.99); Staff Conduct & Hospitality (0.99)
nizam muluk,2025,5,hotel dengan fasilitas yang sangat bagus dan di tengah kota jakarta pusat,KOMPETITOR,Bintang 4,MercureJakartaCikini,positive,0.9988773465156555,Service Quality,Service Quality (0.97); Facilities & Amenities (0.96); Sustainability & Environmental Quality (0.83)
Ronaldo Limbat,2025,4,ukuran kamar yang cukup staf ramah perlu melakukan pemeliharaan untuk kamar mandi itu rusty housekeeping juga perlu melakukan lebih menyeluruh saya menemukan digunakan kapas bubuk di dalam lemari pada waktu sarapan saya juga menemukan keluar bahwa perabot tidak diganti setelah meja digunakan oleh pelanggan kami tidak pernah tahu apakah perabot itu tersentuh dan digunakan oleh pelanggan atau tidak lebih baik untuk mengganti dengan yang baru untuk kebersihan,KOMPETITOR,Bintang 4,MercureJakartaCikini,negative,0.9665425419807434,"Cleanliness, Hygiene & Maintenance","Cleanliness, Hygiene & Maintenance (0.97); Staff Conduct & Hospitality (0.95); Facilities & Amenities (0.91)"
Lienda Millania ladya,2025,5,Baguss tempatnya untuk rapat luas ada mainan capit jg,KOMPETITOR,Bintang 4,MercureJakartaCikini,positive,0.9986463189125061,Facilities & Amenities,Facilities & Amenities (0.97); Religious & Halal Features (0.88); Family & Group Friendly (0.83)
Sign Left,2025,2,Hotel ini kurang dipelihara lembaran adalah bed abu-abu tenggelam air panas tidak berjalan baik air kolam renang adalah menjijikkan mendung pilihan sarapan dan kualitas sangat buruk lebih cocok untuk hotel bintang tiga daripada hotel bintang empat area publik dipenuhi furnitur di seluruh tempat meninggalkan jalan yang sangat kecil dan selalu ada pertemuan pemerintah dengan peserta berantakan,KOMPETITOR,Bintang 4,MercureJakartaCikini,negative,0.9980416297912598,Facilities & Amenities,Facilities & Amenities (1.00); Guest Experience (0.84); Ambience & Design (0.68)
Loesia Margaretha,2025,4,lokasi sangat dekat dengan transportasi umum kamar juga oke akan lebih baik jika layanan lift diperbaiki karena cukup lama menunggu lift,KOMPETITOR,Bintang 4,MercureJakartaCikini,positive,0.9966598749160767,Facilities & Amenities,Facilities & Amenities (0.95); Guest Experience (0.90); Service Quality (0.88)
Fauzy Wijaya,2025,5,Tempat yang bagus untuk menginap memiliki peralatan gym juga makanan sangat lezat,KOMPETITOR,Bintang 4,MercureJakartaCikini,positive,0.9992138147354126,Facilities & Amenities,Facilities & Amenities (1.00); Food & Beverage (0.95); Guest Experience (0.90)
Defia Risky,2025,5,pelayanannya baik pihak hotel ramah makannan enak,KOMPETITOR,Bintang 4,MercureJakartaCikini,positive,0.9992107152938843,Service Quality,Service Quality (0.99); Staff Conduct & Hospitality (0.99); Guest Experience (0.98)
H R,2025,2,Furniture dan Fittings yang cukup rusak sarapan rata-rata dan toilet cukup kotor wifi juga cukup lambat,KOMPETITOR,Bintang 4,MercureJakartaCikini,negative,0.9874693155288696,Facilities & Amenities,Facilities & Amenities (0.99); Digital Connectivity & Technology (0.90); Service Quality (0.79)
Donna Swita,2025,5,kamar pelayanan lokasi kebersihan menuunya baik dengan lokasi yang strategis,KOMPETITOR,Bintang 4,MercureJakartaCikini,positive,0.9989175796508789,Service Quality,"Service Quality (0.99); Room Quality & Comfort (0.99); Cleanliness, Hygiene & Maintenance (0.98)"
Budijanto Widjaja,2025,5,Saya pikir ini adalah pertama kalinya saya mengunjungi Mercury Cikini setelah COVID 19 Terima kasih kepada resepsionis bernama Kartika yang melayani saya sangat baik dan membuat saya merasa dialu-alukan lokasi yang baik dan dekat dengan daerah kuliner saya berharap untuk mengunjungi hotel ini lagi,KOMPETITOR,Bintang 4,MercureJakartaCikini,positive,0.9975935816764832,Service Quality,Service Quality (1.00); Guest Experience (1.00); Staff Conduct & Hospitality (1.00)
Yuliana Ratnasari,2025,5,pelayanan sangat bagus dan sangat memuaskan kamarnya nyaman dan enak,KOMPETITOR,Bintang 4,MercureJakartaCikini,positive,0.9994493126869202,Service Quality,Service Quality (1.00); Guest Experience (1.00); Room Quality & Comfort (1.00)
Sih Wuri andayani,2025,5,layanan terbaik Accor Hotel masuk jakarta mereka selalu memberikan layanan yang baik,KOMPETITOR,Bintang 4,MercureJakartaCikini,positive,0.9974017143249512,Service Quality,Service Quality (1.00); Guest Experience (0.89); Service Efficiency & Responsiveness (0.79)
Octaviana Rahmadani,2025,5,Hotel nyaman dan bersih makanan enak sekalii cuma keamanan yang bernama yusuf sedikit judus ketika saya ingin menanyakan parkir di depan yang ternyata membuat vip accor,KOMPETITOR,Bintang 4,MercureJakartaCikini,positive,0.9968739748001099,Facilities & Amenities,"Facilities & Amenities (0.97); Safety & Security (0.95); Cleanliness, Hygiene & Maintenance (0.91)"
aiska oct,2025,5,makan siang nya enak staf Bervarian yang nama nya ka viola juga baik ramah banget,KOMPETITOR,Bintang 4,MercureJakartaCikini,positive,0.9981712102890015,Staff Conduct & Hospitality,Staff Conduct & Hospitality (0.98); Service Quality (0.97); Food & Beverage (0.94)
Nesya Ayu,2025,5,lokasi yang strategis ada permainan ding dong dan mesin claw bahkan akhir pekan ada taman bermain anak juga cocok untuk berbagai acara ada banyaak ruang pertemuan untuk acara kantor pernikahan pertunangan juga bisa banget staycation bersama keluarga jangan ditanyaa karena seru kolam renang fasilitas baru juga lengkap di lt8 gym dan kolam renang bahkan pijat juga ada disini mantaap laper kecil malem tinggal jalan dikit kearah stasiun cikini karena banyak abang jajajan layak untuk menggunakan bangeet pokonya,KOMPETITOR,Bintang 4,MercureJakartaCikini,positive,0.9994533658027649,Facilities & Amenities,Facilities & Amenities (0.99); Family & Group Friendly (0.99); Guest Experience (0.81)
Ira van Montfoort,2025,5,Aku benar-benar menikmati menginap di Mercure Cikini lokasi pusat kamar yang bagus lingkungan yang bagus staf yang baik sarapan dan check out akhir termasuk ketika memesan kamar istimewa,KOMPETITOR,Bintang 4,MercureJakartaCikini,positive,0.9994112253189087,Facilities & Amenities,Facilities & Amenities (1.00); Service Quality (1.00); Staff Conduct & Hospitality (0.99)
wahyu aditya,2025,5,tempatnya sangat nyaman recomended ada game gratis capit boneka juga guys,KOMPETITOR,Bintang 4,MercureJakartaCikini,positive,0.999327540397644,Facilities & Amenities,Facilities & Amenities (0.99); Room Quality & Comfort (0.99); Service Quality (0.85)
Rima Wulandari,2025,5,kamarnya nyaman dan bersih bagi yang suka kereta ada view kereta lewat lokasi juga baik staf semua ramah terima kasih,KOMPETITOR,Bintang 4,MercureJakartaCikini,positive,0.9986334443092346,Facilities & Amenities,Facilities & Amenities (1.00); Room Quality & Comfort (1.00); Staff Conduct & Hospitality (0.99)
Eka Wahyuningsih,2025,5,kamar nyaman lokasi strategis dekat dengan stasiun pelayanan ramah,KOMPETITOR,Bintang 4,MercureJakartaCikini,positive,0.9993539452552795,Room Quality & Comfort,Room Quality & Comfort (0.99); Facilities & Amenities (0.98); Guest Experience (0.96)
Imam Arif M,2025,5,Kamar rapatna bagus kamarnya bersih nyaman untuk ditinggali,KOMPETITOR,Bintang 4,MercureJakartaCikini,positive,0.999502420425415,Room Quality & Comfort,"Room Quality & Comfort (1.00); Cleanliness, Hygiene & Maintenance (0.99); Service Quality (0.98)"
Suhemi,2025,5,saya sangat senang dengan pengalaman menginap di hotel mercur jakarta cikini kamar kamar mereka bersih dan nyaman fasilitasnya lengkap dan stafnya sangat ramah serta membantu lokasinya juga strategis dekat dengan berbagai tempat menarik sarapan halaman juga enak dan bervariasi sangat direkomendasikan,KOMPETITOR,Bintang 4,MercureJakartaCikini,positive,0.9995416402816772,Facilities & Amenities,Facilities & Amenities (1.00); Room Quality & Comfort (0.99); Guest Experience (0.98)
Leonard Fernandus,2025,5,Saya tinggal di sini untuk 1 malam untuk tujuan bisnis cinta suasana hotel ini harga wajar staf luar biasa ramah mereka selalu menyapa dan menawarkan bantuan sarapan variatif ruang pertemuan luas dan wifi baik itu akan menjadi pilihan pertama saya untuk tinggal,KOMPETITOR,Bintang 4,MercureJakartaCikini,positive,0.9984789490699768,Facilities & Amenities,Facilities & Amenities (1.00); Staff Conduct & Hospitality (1.00); Service Quality (1.00)
gerfan sahrial,2025,5,hotelnya bagus semua staf baik makanan enak,KOMPETITOR,Bintang 4,MercureJakartaCikini,positive,0.9979654550552368,Service Quality,Service Quality (1.00); Facilities & Amenities (0.98); Staff Conduct & Hospitality (0.96)
angelica sawaki,2025,5,Staff nya rendah hati semua kamar suite lt 8 luas dan nyaman,KOMPETITOR,Bintang 4,MercureJakartaCikini,positive,0.9960365891456604,Service Quality,Service Quality (0.99); Facilities & Amenities (0.99); Staff Conduct & Hospitality (0.99)
Laurencia Merdekawati,2025,5,Okee semua sarapan jg enak2 pelayannya jg baik2 mb viola dan timnya baik semua terimakasih ya,KOMPETITOR,Bintang 4,MercureJakartaCikini,positive,0.9972788691520691,Family & Group Friendly,Family & Group Friendly (0.98); Food & Beverage (0.97); Staff Conduct & Hospitality (0.97)
Maharani Baskoro,2025,5,Tempatnya strategis untuk rapat makanan juga enak staf juga ramah,KOMPETITOR,Bintang 4,MercureJakartaCikini,positive,0.9987830519676208,Facilities & Amenities,Facilities & Amenities (1.00); Staff Conduct & Hospitality (0.99); Service Quality (0.99)
Mutya Gustina,2025,5,lokasi hotel yang strategis karena dekat dengan transportasi umum ada stasiun kereta cikini makanannya juga enak enak,KOMPETITOR,Bintang 4,MercureJakartaCikini,positive,0.9993599057197571,Facilities & Amenities,Facilities & Amenities (0.97); Service Quality (0.93); Food & Beverage (0.88)
Hellen Masido,2025,5,Lokasi yang sangat bagus kamar-kamarnya bagus dan stafnya sangat ramah dan profesional dekat toko termasuk makanan jalanan dan pusat seni taman ismail,KOMPETITOR,Bintang 4,MercureJakartaCikini,positive,0.9992757439613342,Facilities & Amenities,Facilities & Amenities (1.00); Staff Conduct & Hospitality (0.99); Room Quality & Comfort (0.98)
Pani Rizki,2025,5,makanan enak pelayanan ramah kamar nyaman fasilitas oke dekat kemana mana mana cinta mercuure,KOMPETITOR,Bintang 4,MercureJakartaCikini,positive,0.9993778467178345,Guest Experience,Guest Experience (0.99); Facilities & Amenities (0.99); Room Quality & Comfort (0.99)
Bayu Satria,2025,5,Aku puas dengan penginapanku karena kamarnya bersih dan layanan luar biasa lokasi hotel dekat dengan banyak tempat,KOMPETITOR,Bintang 4,MercureJakartaCikini,positive,0.999332845211029,Service Quality,Service Quality (1.00); Facilities & Amenities (1.00); Room Quality & Comfort (1.00)
Firdha Wulandari,2025,5,Secara keseluruhan kamar nyaman dan sarapan nya enak2,KOMPETITOR,Bintang 4,MercureJakartaCikini,positive,0.9992460012435913,Facilities & Amenities,"Facilities & Amenities (1.00); Room Quality & Comfort (1.00); Cleanliness, Hygiene & Maintenance (0.99)"
Muhammad Muhammad,2025,5,Sampai saat ini bertemu di sini nyaman fasilitas kamar internet oke makan siang makan malam menuunya beragam,KOMPETITOR,Bintang 4,MercureJakartaCikini,positive,0.9991268515586853,Facilities & Amenities,Facilities & Amenities (0.99); Service Quality (0.99); Guest Experience (0.99)
anissa merlita,2025,5,Aku punya pernikahan di sini dan staf sangat membantu dengan keluarga dan pesta sangat merekomendasikan hotel untuk memiliki pernikahan Anda di sini,KOMPETITOR,Bintang 4,MercureJakartaCikini,positive,0.9969726800918579,Family & Group Friendly,Family & Group Friendly (1.00); Staff Conduct & Hospitality (0.98); Service Quality (0.95)
atit wistati,2025,5,Rekomendasi Bnget pertemuan ada banyak permainan yamg dapat diakses pertemuan jadi tidak bosen staf nya ramah terima kasih mbak fannie,KOMPETITOR,Bintang 4,MercureJakartaCikini,positive,0.9990861415863037,Guest Experience,Guest Experience (0.96); Staff Conduct & Hospitality (0.85); Facilities & Amenities (0.81)
Yoga Ardi,2025,5,Hotel ini sangat cocok untuk liburan bersama keluarga serta anak anak karena memiliki anak-anak yang lebih baik untuk mereka bermain,KOMPETITOR,Bintang 4,MercureJakartaCikini,positive,0.9981726408004761,Family & Group Friendly,Family & Group Friendly (1.00); Facilities & Amenities (0.98); Guest Experience (0.90)
Sierin Hamelia,2025,4,Saya pikir understaff meminta tenda untuk anak-anak saya 4x tapi tidak ada yang terjadi tidak ada yang mengkonfirmasi bahwa selain dari permintaan di atas pria parkir meminta voucher parkir tetapi kami tidak mendapatkan apapun setelah check-in staf tidak bertanya juga ketika kami check-in tapi seseorang whats app saya sehari sebelumnya untuk nomor plat mobil saya jadi saya menganggap semuanya ditangani tapi berbalik keluar tidak juga ketika kita memasuki ruangan itu memiliki bau yang sangat kuat saya pikir pemutih dan kita perlu membuka pintu terbuka ketika kita memasuki ruangan AC panas dan tidak dapat menghidupkan dan meminta insinyur untuk datang keluar berbalik itu rusak sebelum,KOMPETITOR,Bintang 4,MercureJakartaCikini,negative,0.9966421127319336,Check in/out Experience,"Check in/out Experience (0.99); Location, Accessibility & Parking (0.95); Booking & Reservation Experience (0.95)"
Ammar Fathin Sabili,2025,5,Hotel yang menyenangkan mereka punya mesin cakar itu hadiah sempurna untuk putriku dari perjalanan bisnis,KOMPETITOR,Bintang 4,MercureJakartaCikini,positive,0.9974997639656067,Facilities & Amenities,Facilities & Amenities (1.00); Service Quality (0.99); Guest Experience (0.98)
Gratia Evelyn Margaret,2025,5,Suatu hari lagi sarapan dengan keramahan besar aku suka croissant dan mas anggi banyak membantu mendapatkan segar dari oven yang,KOMPETITOR,Bintang 4,MercureJakartaCikini,positive,0.9993317723274231,Guest Experience,Guest Experience (0.98); Service Efficiency & Responsiveness (0.98); Staff Conduct & Hospitality (0.98)
Febria Nur Kirani Mukti,2025,5,nyaman banget nginep disini layanan pelayanannya bintang 5,KOMPETITOR,Bintang 4,MercureJakartaCikini,positive,0.998279333114624,Service Quality,Service Quality (0.99); Guest Experience (0.97); Room Quality & Comfort (0.94)
Sza,2025,1,Check masuk pukul 1 pagi sangat lelah masuk ke kamar dengan bau asap aneh tapi tidak pergi repot untuk meminta untuk mengubah kamar dan menemukan keluar bahwa lantai kedua adalah merokok lantai mengapa resepsi memberikan tamu wanita dengan merokok kamar di mana kita membayar masuk harga tinggi ruang sarapan masuk terbuka pengaturan resepsi sangat buruk dan kamar hotel kotor,KOMPETITOR,Bintang 4,MercureJakartaCikini,negative,0.9989995360374451,Check in/out Experience,Check in/out Experience (0.99); Guest Experience (0.99); Booking & Reservation Experience (0.94)
Oki Setyawan N,2025,5,layanan ramah dan cepat kamar bersih dan ada fasilitas kolam renang serta sky lounge,KOMPETITOR,Bintang 4,MercureJakartaCikini,positive,0.9993273019790649,Service Efficiency & Responsiveness,Service Efficiency & Responsiveness (1.00); Facilities & Amenities (1.00); Service Quality (1.00)
Muhamad Sanjaya,2025,5,hotelnya ramah anak bagus dekat dengan stasiun juga,KOMPETITOR,Bintang 4,MercureJakartaCikini,positive,0.9992088675498962,Service Quality,Service Quality (0.98); Facilities & Amenities (0.96); Family & Group Friendly (0.95)
FEBRIANTY GUNAWAN,2025,5,kamarnya baik makananya enak staf ramah dan membantu penjualannya baik banget terima kasih ya mba gabby,KOMPETITOR,Bintang 4,MercureJakartaCikini,positive,0.9990959167480469,Staff Conduct & Hospitality,Staff Conduct & Hospitality (0.99); Facilities & Amenities (0.99); Guest Experience (0.99)
Andriko Fajar,2025,5,Tempat terbaik dekat dengan tempat strategis pekerjaan yang baik,KOMPETITOR,Bintang 4,MercureJakartaCikini,positive,0.9993540644645691,Service Quality,Service Quality (0.96); Facilities & Amenities (0.86); Sustainability & Environmental Quality (0.82)
MK Bu Rizqa 2023,2025,5,makanannya sangat enak ada rujak dan manisan,KOMPETITOR,Bintang 4,MercureJakartaCikini,positive,0.9992876648902893,Food & Beverage,"Food & Beverage (0.93); Sustainability & Environmental Quality (0.90); Loyalty, Recommendation & Appreciation (0.89)"
I Dewa Gede Wicaksana Prabaswara,2025,5,kamar nyaman pelayanan ramah makanan enak ada permainan gratis yang seru dan ada hadiahnya,KOMPETITOR,Bintang 4,MercureJakartaCikini,positive,0.9993259906768799,Facilities & Amenities,Facilities & Amenities (0.99); Room Quality & Comfort (0.99); Guest Experience (0.99)
Dewani Asmara,2025,5,sarapan yang sangat enak view kota dengan krl lewat sangat keren,KOMPETITOR,Bintang 4,MercureJakartaCikini,positive,0.9987758994102478,Food & Beverage,Food & Beverage (0.96); Ambience & Design (0.92); Cultural & Heritage Experience (0.87)
Dian Retnoningsih,2025,5,pelayanan bagus untuk kamar pertemuan makanan dll resepsionis juga sangat membantu,KOMPETITOR,Bintang 4,MercureJakartaCikini,positive,0.9987799525260925,Service Quality,Service Quality (1.00); Food & Beverage (1.00); Guest Experience (0.99)
Jerit Satriani,2025,5,makanan semua lezat kamar nyaman pekayanan sangat bagus dari viola dan irvan,KOMPETITOR,Bintang 4,MercureJakartaCikini,positive,0.999411940574646,Facilities & Amenities,Facilities & Amenities (1.00); Service Quality (1.00); Guest Experience (1.00)
Rensa Aimeri,2025,5,rekomendasi buat tempat tinggal bersama keluarga dan si kecil dengan banyak aktivitas menarik buat anak anak,KOMPETITOR,Bintang 4,MercureJakartaCikini,positive,0.9983215928077698,Family & Group Friendly,Family & Group Friendly (0.99); Guest Experience (0.92); Facilities & Amenities (0.88)
Rosyida Nurul,2025,4,ruang pertemuannya luas dan oke makanannya pun enak nyaman dan lokasinya juga mudah dijangkau,KOMPETITOR,Bintang 4,MercureJakartaCikini,positive,0.9993897676467896,Facilities & Amenities,Facilities & Amenities (1.00); Room Quality & Comfort (0.99); Food & Beverage (0.94)
Febri Taufik,2025,5,Itu adalah suatu kehormatan untuk tinggal di Mercure Cikini lokasi yang sempurna tepat masuk pusat kuliner dan situs utama dari Indonesia landmark terima kasih,KOMPETITOR,Bintang 4,MercureJakartaCikini,positive,0.9987156391143799,Food & Beverage,"Food & Beverage (0.95); Cultural & Heritage Experience (0.95); Loyalty, Recommendation & Appreciation (0.95)"
nina bathohir,2025,5,makanan beragam kamar bersih dan nyaman,KOMPETITOR,Bintang 4,MercureJakartaCikini,positive,0.9990944862365723,Room Quality & Comfort,"Room Quality & Comfort (1.00); Cleanliness, Hygiene & Maintenance (0.99); Facilities & Amenities (0.99)"
Randolfo Paolo Clarino,2025,5,Itu adalah pengalaman yang sangat menyenangkan selama aku tinggal di Hotel Mercurio Cikini staf sangat baik dan sangat ramah Aku akan merekomendasikan hotel ini kepada teman-temanku yang bepergian ke jarakta masuk masa depan,KOMPETITOR,Bintang 4,MercureJakartaCikini,positive,0.998975396156311,Staff Conduct & Hospitality,Staff Conduct & Hospitality (1.00); Service Quality (1.00); Guest Experience (0.98)
Chandra Tjhai,2025,5,wifi stabil cocok banget buat yang butuh kerja dari kamar,KOMPETITOR,Bintang 4,MercureJakartaCikini,positive,0.9907111525535583,Service Quality,Service Quality (0.88); Digital Connectivity & Technology (0.82); Service Efficiency & Responsiveness (0.76)
Bambang Prasetio,2025,5,Meskipun ada pertemuan anak anak masih bisa main karena taman bermainnya disediakan,KOMPETITOR,Bintang 4,MercureJakartaCikini,positive,0.97881019115448,Facilities & Amenities,Facilities & Amenities (0.98); Family & Group Friendly (0.83); Service Efficiency & Responsiveness (0.82)
Dessy Harjono,2025,5,Staff ramah membantu sarapan baik-baik saja kamarnya bagus,KOMPETITOR,Bintang 4,MercureJakartaCikini,positive,0.9980146884918213,Guest Experience,Guest Experience (0.99); Facilities & Amenities (0.99); Staff Conduct & Hospitality (0.99)
Wahyudi Wahyudi,2025,4,Hotel bagus dan mewah hanya lokasi di berada di jalan satu arah,KOMPETITOR,Bintang 4,MercureJakartaCikini,positive,0.9984042048454285,Facilities & Amenities,"Facilities & Amenities (0.93); Ambience & Design (0.88); Loyalty, Recommendation & Appreciation (0.78)"
Bhayu Mahendro,2025,4,lokasi strategis di pusat kota jakarta nyaman dan mudah mencari makanan diluar hotel serta suasana pagi di cikini raya memang beda dan serasa nyaman buat jalan pagi dan olahraga coba rasakan suasana jakarta yang sangat berbeda saat kita olga jam 5:30 di daerah ini 2 jam jam sangat suasana dan udaranya hotel kami menggunakan kamar previllage shg dapat di lantai 5 dengan view yang mantab tentang kota jakarta kamar hotel nyaman nyaman nyaman hosting standar akses tidak perlu diragukan lagi ada layanan snack waktu di sore hari yang bikin kita nyaman serta tidak kelaparan di sore hari cukup mudah namun parkiriran yang harus yang,KOMPETITOR,Bintang 4,MercureJakartaCikini,positive,0.9994888305664062,Facilities & Amenities,Facilities & Amenities (0.98); Service Quality (0.89); Guest Experience (0.89)
Yenny Novalita,2025,5,Pertemuan nya lancar sat set ramah dan bisa bermain game kalau istirahat pertemuan ada mesin kapten staf ramah dengan reseptikn mbak fanie,KOMPETITOR,Bintang 4,MercureJakartaCikini,positive,0.9974132180213928,Family & Group Friendly,Family & Group Friendly (0.98); Staff Conduct & Hospitality (0.95); Service Quality (0.92)
Fairuza Amanda Belra,2025,5,makanannya enak ruang pertemuannya nyaman stafnya ramah terutama mas adam,KOMPETITOR,Bintang 4,MercureJakartaCikini,positive,0.9993273019790649,Facilities & Amenities,Facilities & Amenities (0.98); Room Quality & Comfort (0.98); Guest Experience (0.97)
Devi Panggabean,2025,5,lingkungan nyaman dan bersih servicenya juga top makanannya juga enak,KOMPETITOR,Bintang 4,MercureJakartaCikini,positive,0.9994327425956726,Facilities & Amenities,"Facilities & Amenities (1.00); Cleanliness, Hygiene & Maintenance (1.00); Sustainability & Environmental Quality (1.00)"
Ade Sahilah,2025,5,selama menginap di sini suasananya nyaman dan makanannya enakk terimakasih,KOMPETITOR,Bintang 4,MercureJakartaCikini,positive,0.9992402791976929,Facilities & Amenities,Facilities & Amenities (0.99); Room Quality & Comfort (0.98); Guest Experience (0.96)
Adhityo Wicaksono,2025,5,Tempat tinggal saya di sini selama acara bisnis masuk taman ismail marzuki itu adalah tempat tinggal yang baik kamar yang baik meskipun sistem AC terlalu dingin meskipun diatur ke 23 c dan mandi saya bocor sedikit menetes layanan kamar mereka makanan baik tapi metode pembayaran kartu perangkat edc sedikit lambat sarapan mereka buffet juga luar biasa hotel masuk lokasi yang baik dari stasiun kereta cikini dan banyak tempat di daerah cikini,KOMPETITOR,Bintang 4,MercureJakartaCikini,positive,0.9982428550720215,Facilities & Amenities,Facilities & Amenities (0.99); Service Quality (0.97); Food & Beverage (0.97)
gilang r,2025,5,mantap layanan dan kamarnya staf nya jg ramah dan membantu terlebih lagi mas rosid selalu cepat respon jadinya bikin betah nginep disini,KOMPETITOR,Bintang 4,MercureJakartaCikini,positive,0.9992530941963196,Facilities & Amenities,Facilities & Amenities (1.00); Staff Conduct & Hospitality (0.99); Service Efficiency & Responsiveness (0.99)
wina wina,2025,5,kamar nyaman dan pencahayaan bagus dan lokasi strategis,KOMPETITOR,Bintang 4,MercureJakartaCikini,positive,0.9994494318962097,Room Quality & Comfort,Room Quality & Comfort (1.00); Facilities & Amenities (1.00); Ambience & Design (0.98)
Nurul Huda,2025,5,Pengalaman yang bagus keramahan yang bagus kamar yang bagus pemandangan masuk tengah kota,KOMPETITOR,Bintang 4,MercureJakartaCikini,positive,0.9993793964385986,Guest Experience,Guest Experience (1.00); Service Quality (1.00); Room Quality & Comfort (1.00)
CHEAT 48 MPKP,2025,5,pelayanannya ramah makanannya banyak dan lengkap jenisnya cek masuk nya juga cepat,KOMPETITOR,Bintang 4,MercureJakartaCikini,positive,0.999254047870636,Service Efficiency & Responsiveness,Service Efficiency & Responsiveness (0.99); Check in/out Experience (0.99); Guest Experience (0.99)
Agung Maulana,2025,5,kebersihan lingkungan hotel sangat terjaga di setiap sudut,KOMPETITOR,Bintang 4,MercureJakartaCikini,positive,0.9980524778366089,"Cleanliness, Hygiene & Maintenance","Cleanliness, Hygiene & Maintenance (0.99); Sustainability & Environmental Quality (0.97); Service Quality (0.92)"
Putri Maharani,2025,5,Hotel nya bagus makanan nya enak staf nya ramah dan untuk tempat rapat nya sangat bagus,KOMPETITOR,Bintang 4,MercureJakartaCikini,positive,0.9990679621696472,Service Quality,Service Quality (0.98); Facilities & Amenities (0.97); Staff Conduct & Hospitality (0.97)
Ervina Latif,2025,5,bagus menyenangkan banyak mainannya banyak kegiatan anak,KOMPETITOR,Bintang 4,MercureJakartaCikini,positive,0.9988285899162292,Facilities & Amenities,Facilities & Amenities (0.93); Family & Group Friendly (0.84); Sustainability & Environmental Quality (0.77)
Rosa Indah,2025,5,hotelnya nyaman banget pelayanannya cepat dan makanannya enak banget,KOMPETITOR,Bintang 4,MercureJakartaCikini,positive,0.999424934387207,Facilities & Amenities,Facilities & Amenities (0.99); Service Efficiency & Responsiveness (0.99); Service Quality (0.98)
I Gusti Ngurah Sucahya Satria Adi Pratama,2025,5,Kali kedua aku tinggal disini. Aku tidak akan kembali.,KOMPETITOR,Bintang 4,MercureJakartaCikini,negative,0.9479203820228577,Guest Experience,Guest Experience (0.94); Check in/out Experience (0.32); Cultural & Heritage Experience (0.21)
pradipta raissa (icey),2025,5,Tempat yang bagusnya nyaman saat buat berlibur maupun kalau ada seminar,KOMPETITOR,Bintang 4,MercureJakartaCikini,positive,0.9972891807556152,Room Quality & Comfort,Room Quality & Comfort (0.96); Facilities & Amenities (0.93); Family & Group Friendly (0.85)
eky rahayu,2025,5,boleh kali ya aku tarif 9 10 untuk hotel ini untuk harga perusahaan selalu di titik servis dan pelayanan oke cuman kmn dapet lantai 1 jadi view nya tidak ada aku rasa klo ambil lantai 4 keatas view nya kue apalagi yang ada ke kolam renang secara keseluruhan hotel ini dianjurkan banget,KOMPETITOR,Bintang 4,MercureJakartaCikini,positive,0.9954652190208435,Facilities & Amenities,Facilities & Amenities (0.99); Service Quality (0.97); Pricing & Value for Money (0.96)
Dzulqornain Ramadiansyah,2025,5,Hotelnya sangat menyenangkan untuk kuliner pecinta,KOMPETITOR,Bintang 4,MercureJakartaCikini,positive,0.999276340007782,Food & Beverage,Food & Beverage (0.99); Guest Experience (0.98); Facilities & Amenities (0.97)
Farhan S. Fadhillah,2025,4,Hotel secara keseluruhan lebih baik dari yang diharapkan karena suasana intim seperti manajemen menawarkan keanggotaan Accor jadi jika kita tinggal nanti masuk hotel rantai Accor kita berpotensi mendapatkan manfaat kamar itu sendiri sedikit kecil dan karena lokasi dekat dengan cikini gondangdia gambir jalur kereta api suara kereta mengalir ke dalam kamar untung saya dapat tidur selama tinggal saya hiburan adalah fabulous kami memiliki TV pintar masuk kamar sarapan beragam dan kebersihan adalah luar biasa hotel memiliki koneksi lurus ke transjakarta 6,KOMPETITOR,Bintang 4,MercureJakartaCikini,positive,0.9982059001922607,"Cleanliness, Hygiene & Maintenance","Cleanliness, Hygiene & Maintenance (1.00); Service Quality (1.00); Facilities & Amenities (1.00)"
Ahmad Fauzan,2025,5,makanannya enak ruang pertemuan nyaman kamar nyaman lokasi strategis keren,KOMPETITOR,Bintang 4,MercureJakartaCikini,positive,0.9994649291038513,Facilities & Amenities,Facilities & Amenities (0.99); Room Quality & Comfort (0.98); Food & Beverage (0.98)
Fitry Fauziah,2025,5,nyaman banget pelayanan bagus mbk piola sangat baik ramah dan sopan,KOMPETITOR,Bintang 4,MercureJakartaCikini,positive,0.9993168115615845,Service Quality,Service Quality (1.00); Guest Experience (0.99); Staff Conduct & Hospitality (0.99)
Maulinna Utaminingsih,2025,5,Saat datang begitu masuk bingung karena ramai dengan orang makan seperti resto kapasitasnya lebih jadi banyak yang makan diluar resepsionis sampai tidak terlihat makanan enak semua di sini juga ada permainan gratisnya mushola cukup luas dan bersih hanya saja petunjuk kiblat hany ada di depan jadi yang belakang terutama yang shaf perempuan bisa salah arah mukena dan sajadah semua tempat di lemari depan akan sangat sulit diakses jika sedang ada jamaah laki2 di depan,KOMPETITOR,Bintang 4,MercureJakartaCikini,positive,0.8699804544448853,Facilities & Amenities,"Facilities & Amenities (0.99); Cleanliness, Hygiene & Maintenance (0.93); Religious & Halal Features (0.93)"
Rizqita Shofa,2025,5,ruang pertemuannya nyaman rapi pelayanan ramah,KOMPETITOR,Bintang 4,MercureJakartaCikini,positive,0.9992737174034119,Room Quality & Comfort,Room Quality & Comfort (0.99); Guest Experience (0.99); Service Quality (0.98)
Atha Mahmud,2025,5,menyenangkan menginap di hotel yang sempurna dan berada di lokasi yang strategis,KOMPETITOR,Bintang 4,MercureJakartaCikini,positive,0.9981536269187927,Room Quality & Comfort,Room Quality & Comfort (0.91); Service Quality (0.91); Facilities & Amenities (0.90)
lucman prayogi,2025,5,tempat nyaman cocok buat keluarga yang ingin liburan,KOMPETITOR,Bintang 4,MercureJakartaCikini,positive,0.9987607002258301,Family & Group Friendly,Family & Group Friendly (0.95); Facilities & Amenities (0.89); Room Quality & Comfort (0.88)
M. Akhdan Zaim qisthy,2026,5,semuanya baik tetap nyaman,KOMPETITOR,Bintang 4,MercureJakartaCikini,positive,0.9987602233886719,Room Quality & Comfort,"Room Quality & Comfort (0.95); Facilities & Amenities (0.93); Cleanliness, Hygiene & Maintenance (0.92)"
triwidhi hastuti puspitasari,2025,5,makanannya enak dan bervariasi kamar nyaman,KOMPETITOR,Bintang 4,MercureJakartaCikini,positive,0.9994589686393738,Facilities & Amenities,Facilities & Amenities (0.99); Room Quality & Comfort (0.99); Guest Experience (0.96)
audrey hoetomo,2025,5,Hotel sangat baik layanan akan kembali,KOMPETITOR,Bintang 4,MercureJakartaCikini,positive,0.9902246594429016,Service Quality,Service Quality (1.00); Guest Experience (0.99); Facilities & Amenities (0.96)
Deva Arisanti,2025,5,layanan keunggulan untuk segala sesuatu viola adalah salah satu staf yang luar biasa yang memberikan layanan yang besar selama waktu sarapan,KOMPETITOR,Bintang 4,MercureJakartaCikini,positive,0.9962875843048096,Service Quality,Service Quality (1.00); Guest Experience (0.98); Facilities & Amenities (0.98)
alfyan hilman,2025,5,Om frengky senang sekali menginap dsni,KOMPETITOR,Bintang 4,MercureJakartaCikini,positive,0.9929211735725403,Guest Experience,"Guest Experience (0.90); Cleanliness, Hygiene & Maintenance (0.89); Cultural & Heritage Experience (0.82)"
Imam Arif,2025,5,makananya enak tempatnya bersih dan tempat parkirnya luas,KOMPETITOR,Bintang 4,MercureJakartaCikini,positive,0.9993923902511597,"Cleanliness, Hygiene & Maintenance","Cleanliness, Hygiene & Maintenance (1.00); Facilities & Amenities (0.99); Location, Accessibility & Parking (0.99)"
Wawan Kiswara,2025,5,semuanya aman dan croissant enak banget apresiasi staf mba viola ramah,KOMPETITOR,Bintang 4,MercureJakartaCikini,positive,0.9993870258331299,Safety & Security,Safety & Security (1.00); Service Quality (0.99); Facilities & Amenities (0.99)
Jovan Aurelio,2025,5,Lokasinya Deket banget sama pusat kota tinggal jalan,KOMPETITOR,Bintang 4,MercureJakartaCikini,positive,0.9978389143943787,Facilities & Amenities,"Facilities & Amenities (0.93); Sustainability & Environmental Quality (0.85); Cleanliness, Hygiene & Maintenance (0.84)"
Fachmi H,2025,5,bagus dan nyaman aksesnya dekat dengan stasiun,KOMPETITOR,Bintang 4,MercureJakartaCikini,positive,0.9994015693664551,Facilities & Amenities,Facilities & Amenities (1.00); Room Quality & Comfort (0.98); Service Quality (0.95)
Neranita K Dewi,2025,5,pelayanannya optimal rekomen nginep disini,KOMPETITOR,Bintang 4,MercureJakartaCikini,positive,0.9968931674957275,Service Quality,Service Quality (0.98); Guest Experience (0.96); Service Efficiency & Responsiveness (0.91)
Kusuma Yudha,2025,5,hotelnya bagus banget pelayanan ramah,KOMPETITOR,Bintang 4,MercureJakartaCikini,positive,0.9988306164741516,Service Quality,Service Quality (0.99); Guest Experience (0.98); Staff Conduct & Hospitality (0.98)
hotner parlindungan,2025,5,secukupnya untuk penginapan di dalam kota,KOMPETITOR,Bintang 4,MercureJakartaCikini,neutral,0.9399487376213074,Facilities & Amenities,Facilities & Amenities (0.85); Guest Experience (0.79); Service Quality (0.77)
Lienda Millania Ladya,2025,5,bagus seru kain gamenya makanannya juga enak enak,KOMPETITOR,Bintang 4,MercureJakartaCikini,positive,0.9989789724349976,Facilities & Amenities,Facilities & Amenities (0.93); Food & Beverage (0.89); Ambience & Design (0.82)
Paulina Megareta,2025,5,Aku suka tinggal masuk hotel ini karena semua staf sangat membantu kamar sangat nyaman dan makanan sangat lezat Aku suka dimsum dan kopi,KOMPETITOR,Bintang 4,MercureJakartaCikini,positive,0.9990605711936951,Facilities & Amenities,Facilities & Amenities (1.00); Food & Beverage (1.00); Service Quality (1.00)
Silvia Rulia,2025,5,Pelayanan bagus dan makanannya enak untuk pelayanan a n toni sangat bagus,KOMPETITOR,Bintang 4,MercureJakartaCikini,positive,0.9990888833999634,Service Quality,Service Quality (1.00); Guest Experience (0.99); Facilities & Amenities (0.98)
wahyuni patimah,2025,5,layanan sangat baik terutama untuk mas agi yang sudah banyak membantu sukses terus ya,KOMPETITOR,Bintang 4,MercureJakartaCikini,positive,0.9972151517868042,Service Quality,Service Quality (1.00); Guest Experience (0.92); Service Efficiency & Responsiveness (0.88)
Satinah Mama,2025,5,lokasi strategis dan pelayanannya cukup baik,KOMPETITOR,Bintang 4,MercureJakartaCikini,positive,0.9988623857498169,Service Quality,Service Quality (1.00); Service Efficiency & Responsiveness (0.98); Facilities & Amenities (0.98)
Aditya Amri,2025,5,hotelnya bagus nyaman bersih,KOMPETITOR,Bintang 4,MercureJakartaCikini,positive,0.9993302822113037,Service Quality,"Service Quality (0.98); Cleanliness, Hygiene & Maintenance (0.98); Room Quality & Comfort (0.97)"
Lala Hatmoko,2025,5,Aku tinggal 2 malam di Mercury cikini bersih kamar nyaman dan layanan yang hebat mendapat es krim gratis dari Mr wahyu yang baik manajer fb dia juga membantu dengan membeli boneka dari program amal accor benar-benar menghargai keramahan hangat dan bijaksana,KOMPETITOR,Bintang 4,MercureJakartaCikini,positive,0.9988877177238464,Room Quality & Comfort,Room Quality & Comfort (1.00); Facilities & Amenities (1.00); Service Quality (1.00)
Dhika Alam Noor,2025,5,makanan yang baik layanan kamarnya bersih fasilitas lengkap dan lokasinya strategis,KOMPETITOR,Bintang 4,MercureJakartaCikini,positive,0.999320387840271,Service Quality,"Service Quality (0.99); Facilities & Amenities (0.99); Cleanliness, Hygiene & Maintenance (0.99)"
Fajar Edisya Putera,2025,3,untuk kesan pertama sebelum tamu datang cukup baik tapi melihat menginap ada beberapa hal yang saya komplain 1 tidak ada keramahtamahan entah pegawai sedikit atau gimana hampir jarang terlihat pegawai di lobi saya bandingkan dengan atas ataupun liburan hotel sangat kurang mercute ini 2 termpat parkir motor cukup mem memandangi jauh lebih baik dari novotel cikini di dekatnya 3 ada kartu istimewa buat sore teh cuma saya tidak tahu ini setiap hari atau tidak saya tanya saya dapat resepsionis waktu memeriksa masuk dapat setiap hari tapi saat saya mencoba kartu ujian hak istimewa diambil terus tidak dikembalikan sangat tidak jelas 4 housekeeping mungkin sangat tertekan,KOMPETITOR,Bintang 4,MercureJakartaCikini,negative,0.7044681906700134,"Location, Accessibility & Parking","Location, Accessibility & Parking (0.99); Guest Experience (0.95); Facilities & Amenities (0.94)"
Ruang Sinema Group,2025,5,Pengalaman menginap terbaik,KOMPETITOR,Bintang 4,MercureJakartaCikini,positive,0.9979369640350342,Guest Experience,Guest Experience (1.00); Service Quality (0.98); Room Quality & Comfort (0.92)
Evi Christina P Siregar,2025,5,tempatnya nyaman makanannya enak ruang sidangnya juga luas,KOMPETITOR,Bintang 4,MercureJakartaCikini,positive,0.9992347955703735,Facilities & Amenities,Facilities & Amenities (1.00); Room Quality & Comfort (0.99); Food & Beverage (0.91)
Addurun N,2025,5,layanan dan makanan nya luar biasa layaknya itu,KOMPETITOR,Bintang 4,MercureJakartaCikini,positive,0.9963819980621338,Facilities & Amenities,Facilities & Amenities (1.00); Food & Beverage (1.00); Service Quality (1.00)
Noal Hoshino,2025,5,tempat strategis nyaman staf ramah2,KOMPETITOR,Bintang 4,MercureJakartaCikini,positive,0.9991551637649536,Service Quality,Service Quality (0.97); Facilities & Amenities (0.96); Staff Conduct & Hospitality (0.94)
Black Berry,2025,4,Lokasi yang bagus dekat dengan transportasi umum staf yang ramah sangat perhatian harga yang baik kualitas kamar yang bagus dan bersih sarapan yang beragam,KOMPETITOR,Bintang 4,MercureJakartaCikini,positive,0.9992222785949707,Facilities & Amenities,Facilities & Amenities (1.00); Service Quality (1.00); Service Efficiency & Responsiveness (1.00)
Doni Pandi,2025,5,kamar lumayan baik sarapan enak mantap,KOMPETITOR,Bintang 4,MercureJakartaCikini,positive,0.9990798234939575,Facilities & Amenities,Facilities & Amenities (0.99); Room Quality & Comfort (0.99); Guest Experience (0.95)
Dewi P (Dw),2025,5,Tempat terbaik untuk menghabiskan liburan kami dengan Toodler kita bisa melihat Monas dan Krl dari kamar kami,KOMPETITOR,Bintang 4,MercureJakartaCikini,positive,0.9988999366760254,Facilities & Amenities,Facilities & Amenities (0.98); Cultural & Heritage Experience (0.92); Guest Experience (0.87)
Kurnia Jeje,2025,1,Pelayanan kurang baik ada tuh yang di resepsionis cowok tinggi kulit sawo matang belibet banget mentang2 saya cuman driver,KOMPETITOR,Bintang 4,MercureJakartaCikini,negative,0.9983171224594116,Guest Experience,Guest Experience (0.75); Check in/out Experience (0.63); Management & Policy Issues (0.36)
Eka Mustiqa,2025,5,Pelayanan yang sangat baik dan menu sarapan variatif Abdul,KOMPETITOR,Bintang 4,MercureJakartaCikini,positive,0.9992597699165344,Service Quality,Service Quality (1.00); Guest Experience (1.00); Food & Beverage (1.00)
Rahmaesya Rara,2025,5,sangat nyaman menginap dan acara disini,KOMPETITOR,Bintang 4,MercureJakartaCikini,positive,0.998683750629425,Room Quality & Comfort,Room Quality & Comfort (0.98); Facilities & Amenities (0.98); Guest Experience (0.97)
Ruth Magdalena,2025,5,disarankan untuk menginap di kota tengah fasilitas lengkap mini taman bermain kolam renang staf kebugaran membantu,KOMPETITOR,Bintang 4,MercureJakartaCikini,positive,0.9986864924430847,Facilities & Amenities,Facilities & Amenities (0.99); Service Quality (0.88); Service Efficiency & Responsiveness (0.81)
Muhammad Fariz,2025,5,hotelnya bagus lokasi strategis,KOMPETITOR,Bintang 4,MercureJakartaCikini,positive,0.9991744160652161,Service Quality,Service Quality (0.98); Facilities & Amenities (0.96); Sustainability & Environmental Quality (0.92)
"Roni, A",2025,5,lokasi strategis di pusat kota dan dekat dengan transportasi umum stasiun cikini,KOMPETITOR,Bintang 4,MercureJakartaCikini,positive,0.9991033673286438,Facilities & Amenities,Facilities & Amenities (0.96); Service Efficiency & Responsiveness (0.85); Sustainability & Environmental Quality (0.81)
John Saragih,2025,5,fasilitas lengkap dan keramahan bagus terimakasih,KOMPETITOR,Bintang 4,MercureJakartaCikini,positive,0.9990994930267334,Service Efficiency & Responsiveness,Service Efficiency & Responsiveness (0.99); Facilities & Amenities (0.98); Service Quality (0.98)
Rifa Syarifah,2025,5,ruang pertemuan bagus pelayanan bagus makanan rekomendasi,KOMPETITOR,Bintang 4,MercureJakartaCikini,positive,0.998948872089386,Service Quality,Service Quality (1.00); Facilities & Amenities (0.99); Guest Experience (0.99)
Dewi Rachmawati,2025,5,Sangat nyaman dan senang bisa menginap di hotel ini,KOMPETITOR,Bintang 4,MercureJakartaCikini,positive,0.9985682964324951,Facilities & Amenities,Facilities & Amenities (0.98); Room Quality & Comfort (0.95); Service Quality (0.91)
01. Aura Thatianna,2025,5,sudah sangat nyamann dan mantap pelayanannyaa viola,KOMPETITOR,Bintang 4,MercureJakartaCikini,positive,0.9993724226951599,Service Quality,Service Quality (0.99); Service Efficiency & Responsiveness (0.96); Guest Experience (0.92)
Yoni Setiawan,2025,5,sarapan oke pelayanan oke lokasi di pusat kota,KOMPETITOR,Bintang 4,MercureJakartaCikini,positive,0.9992436170578003,Service Quality,Service Quality (1.00); Food & Beverage (0.99); Facilities & Amenities (0.99)
"Dr. Ir. Irman Firmansyah, SHut, MSi, MSc",2025,5,lokasi yang sangat strategis dan hotel yang nyaman cocok untuk bisnis dan keluarga,KOMPETITOR,Bintang 4,MercureJakartaCikini,positive,0.9990957975387573,Family & Group Friendly,Family & Group Friendly (1.00); Facilities & Amenities (0.98); Room Quality & Comfort (0.91)
Slamet Haryanto,2025,5,Recomendef masakan juga enak lokasi strategis,KOMPETITOR,Bintang 4,MercureJakartaCikini,positive,0.9992695450782776,Facilities & Amenities,"Facilities & Amenities (0.97); Food & Beverage (0.97); Loyalty, Recommendation & Appreciation (0.93)"
Stephanie Mahardita,2025,5,Mercure Jakarta Cikini adalah pilihan yang sangat baik bagi siapa saja yang mencari liburan yang tak terlupakan dan menyegarkan perhatian pada detail kebersihan kamar ke suasana yang hangat dan mengundang makanan yang disajikan di hotel sangat menyenangkan layanan luar biasa dan atap unik sehingga masuk tedi ke pengalaman benar-benar membuat hotel ini terpisah saya sangat merekomendasikan untuk siapa pun yang mengunjungi Jakarta,KOMPETITOR,Bintang 4,MercureJakartaCikini,positive,0.999292254447937,Facilities & Amenities,"Facilities & Amenities (1.00); Cleanliness, Hygiene & Maintenance (1.00); Service Quality (0.99)"
Dhedhe Dirgawijaya,2025,4,kamar twin bed sangat sempit lokasi cukup strategis kebersihan bagus untuk menu sarapan kurang banyak dan lama mengisi ulang pelayanan nya juga gercep sayang untuk gym bisa fleksibel dirubah menjadi ruang rapat jadi tidak bisa menggunakan fasilitas gym,KOMPETITOR,Bintang 4,MercureJakartaCikini,positive,0.9973281621932983,"Cleanliness, Hygiene & Maintenance","Cleanliness, Hygiene & Maintenance (0.95); Service Quality (0.74); Guest Experience (0.71)"
erros rosikin,2025,5,hotelnya nyaman pelayanannya oke rekomen banget pokoknya,KOMPETITOR,Bintang 4,MercureJakartaCikini,positive,0.9993663430213928,Service Quality,Service Quality (0.98); Facilities & Amenities (0.93); Guest Experience (0.92)
athaya cantika,2025,5,tempatnya bersih dan nyaman pelayanannya bagus,KOMPETITOR,Bintang 4,MercureJakartaCikini,positive,0.9994137287139893,Room Quality & Comfort,Room Quality & Comfort (0.99); Facilities & Amenities (0.99); Service Quality (0.99)
Prisilia Borian,2025,5,pelayanan ramah salah satu hotel ternyaman,KOMPETITOR,Bintang 4,MercureJakartaCikini,positive,0.9988431930541992,Service Quality,Service Quality (0.99); Guest Experience (0.98); Staff Conduct & Hospitality (0.97)
Michael Irawan,2025,5,hotelnya sangat nyaman cukup luas dan bersih,KOMPETITOR,Bintang 4,MercureJakartaCikini,positive,0.9994845390319824,Facilities & Amenities,"Facilities & Amenities (0.98); Cleanliness, Hygiene & Maintenance (0.98); Service Quality (0.97)"
Hana Rumaisa,2025,5,Secara keseluruhan bagus khusus terima kasih Mba viola dan mas irfan teruskan pekerjaan yang baik,KOMPETITOR,Bintang 4,MercureJakartaCikini,positive,0.9941396713256836,Service Quality,"Service Quality (0.97); Loyalty, Recommendation & Appreciation (0.96); Personalized & Special Services (0.89)"
Fins and Paws International,2025,5,"Hai, sangat baik tinggal dan layanan yang baik dengan viola untuk waktu sarapan",KOMPETITOR,Bintang 4,MercureJakartaCikini,positive,0.9713597893714905,Guest Experience,Guest Experience (1.00); Facilities & Amenities (1.00); Service Quality (1.00)
Galih Setyo Putro,2025,5,Sungguh mengejutkan buffet makan siang di restonya enak ada menu Indonesia barat dan kadang cina atau jepang untuk gurun selain buah potong dan puding ada es krim dan buah rujak untuk minum ada udara mineral diinfus air es teh dan es cappucino,KOMPETITOR,Bintang 4,MercureJakartaCikini,positive,0.9986034035682678,Food & Beverage,Food & Beverage (0.98); Cultural & Heritage Experience (0.85); Guest Experience (0.74)
Chandra Silalahi,2025,5,makanan enak semuanya mba intan ramah dan baik,KOMPETITOR,Bintang 4,MercureJakartaCikini,positive,0.9988605976104736,Guest Experience,Guest Experience (0.99); Family & Group Friendly (0.98); Staff Conduct & Hospitality (0.98)
rifagustiana channel,2025,5,hotel yang bagus dan lokasi strategis,KOMPETITOR,Bintang 4,MercureJakartaCikini,positive,0.999038577079773,Service Quality,Service Quality (0.97); Facilities & Amenities (0.97); Room Quality & Comfort (0.93)
ari yani,2025,5,menu makannya bervariasi dan enak,KOMPETITOR,Bintang 4,MercureJakartaCikini,positive,0.9991046786308289,Food & Beverage,"Food & Beverage (0.97); Loyalty, Recommendation & Appreciation (0.70); Family & Group Friendly (0.64)"
suci krisdianingrum,2025,5,Terima kasih Bu Andita Pelayanannya dan Hispitalitynya,KOMPETITOR,Bintang 4,MercureJakartaCikini,positive,0.9969877600669861,Staff Conduct & Hospitality,Staff Conduct & Hospitality (0.99); Service Quality (0.98); Facilities & Amenities (0.98)
Chai Neven Lee Jian,2025,5,Tempat menginap saya di Jakarta tidak kurang dari menyenangkan terletak masuk jantung Jakarta hotel ini menawarkan kombinasi sempurna kenyamanan kenyamanan dan kenyamanan modern saat tiba saya disambut oleh staf yang hangat dan ramah yang membuat masuk cek angin desain lobi kontemporer dan suasana menyambut menetapkan nada untuk tinggal yang menyenangkan kamar itu sendiri luas dengan rasa yang dihiasi dan dilengkapi dengan semua yang penting untuk tinggal yang nyaman tempat tidur adalah mewah dan mengundang memastikan tidur malam yang tenang setelah tidur lama,KOMPETITOR,Bintang 4,MercureJakartaCikini,positive,0.9993314743041992,Staff Conduct & Hospitality,Staff Conduct & Hospitality (1.00); Facilities & Amenities (1.00); Ambience & Design (1.00)
Heribertus Yudho Warsono,2025,3,1 kamar bau rokok 2 pelqyanan cekin lambat bafu bisa cekin jam 15 30,KOMPETITOR,Bintang 4,MercureJakartaCikini,negative,0.9906653165817261,Facilities & Amenities,Facilities & Amenities (0.99); Service Quality (0.92); Guest Experience (0.92)
Farrah Irman,2025,5,bagus dan pelayanan restoran viola bagus banget,KOMPETITOR,Bintang 4,MercureJakartaCikini,positive,0.9990705847740173,Service Quality,Service Quality (1.00); Facilities & Amenities (0.99); Guest Experience (0.98)
ghina athiyah,2025,5,makanan banyak variasi ruangan wangi adem,KOMPETITOR,Bintang 4,MercureJakartaCikini,positive,0.9991981387138367,Facilities & Amenities,Facilities & Amenities (0.84); Family & Group Friendly (0.79); Room Quality & Comfort (0.78)
Angelica Lily,2025,5,bfast enak pelayanan okei fiola,KOMPETITOR,Bintang 4,MercureJakartaCikini,positive,0.9991243481636047,Service Quality,Service Quality (1.00); Guest Experience (0.99); Food & Beverage (0.99)
Cindy Arlinda,2025,5,ramah anak nyaman kolam juga nyaman,KOMPETITOR,Bintang 4,MercureJakartaCikini,positive,0.9992765784263611,Facilities & Amenities,Facilities & Amenities (0.99); Family & Group Friendly (0.95); Service Quality (0.95)
Cicilia Andini,2025,5,hotelnya nyaman dan yang terbaik itu makanannya,KOMPETITOR,Bintang 4,MercureJakartaCikini,positive,0.9992222785949707,Facilities & Amenities,Facilities & Amenities (0.99); Food & Beverage (0.99); Service Quality (0.98)
Cerita Dina,2025,2,Ketidaksiapan staf menyiapkan ruang pertemuan jam 8 pagi baru dibersihkan,KOMPETITOR,Bintang 4,MercureJakartaCikini,negative,0.8660726547241211,Facilities & Amenities,Facilities & Amenities (0.90); Service Quality (0.64); Guest Experience (0.64)
Lintang Febriani,2025,5,hotelnya bagus makanannya enak,KOMPETITOR,Bintang 4,MercureJakartaCikini,positive,0.9990487694740295,Facilities & Amenities,Facilities & Amenities (0.98); Service Quality (0.98); Food & Beverage (0.89)
Nurmina Senja J.,2025,5,kamar nya cukup luas dan nyaman ac nya juga dingin untuk sarapan nya ada banyak macam dan semuanya enak pelayanan dari mbak misy resepsionis sangat ramah dan baik saya rekomendasikan hotel ini untuk keluarga atau teman teman yang ingin berlibur ataupun yang sedang ada urusan bisnis karena lokasinya di pusat banget,KOMPETITOR,Bintang 4,MercureJakartaCikini,positive,0.9994379878044128,Family & Group Friendly,Family & Group Friendly (1.00); Staff Conduct & Hospitality (0.99); Service Quality (0.98)
Sarah Rogulj,2025,5,Hotel yang sangat bagus terutama makanan,KOMPETITOR,Bintang 4,MercureJakartaCikini,positive,0.9970520734786987,Food & Beverage,"Food & Beverage (1.00); Loyalty, Recommendation & Appreciation (0.66); Guest Experience (0.64)"
windi agustin,2025,5,"Hotel yang bagus, resepsionis yang membantu, harga yang bagus.",KOMPETITOR,Bintang 4,MercureJakartaCikini,positive,0.9946162104606628,Service Efficiency & Responsiveness,Service Efficiency & Responsiveness (1.00); Service Quality (1.00); Facilities & Amenities (1.00)
Rizal Rahmadani,2025,5,pelayanan ramah tempat strategis,KOMPETITOR,Bintang 4,MercureJakartaCikini,positive,0.9991112351417542,Guest Experience,Guest Experience (0.99); Service Quality (0.97); Facilities & Amenities (0.95)
dedi dores,2025,5,lobby bagus dan para petugas hotel juga ramah,KOMPETITOR,Bintang 4,MercureJakartaCikini,positive,0.9989100694656372,Facilities & Amenities,Facilities & Amenities (0.99); Staff Conduct & Hospitality (0.99); Service Quality (0.99)
Bagus Pray,2025,5,Setiap hal baik pelayanan yang sangat luar biasa bagus pertahankan,KOMPETITOR,Bintang 4,MercureJakartaCikini,positive,0.9976269602775574,Service Quality,"Service Quality (1.00); Guest Experience (1.00); Cleanliness, Hygiene & Maintenance (0.97)"
Cia,2025,5,Saat pertama kali datang staf hotel ramah semua staf resepsionis saat proses cek masuk cek keluar juga ramah sekali melihat kamarnya juga bagus menu makanan banyak pilihan dan enak kamar saat masuk sangat bersih dan nyaman lokasi strategis dan dekat dengan tim dekat dengan tempat berbelanja sangat dianjurkan untuk menginap dengan teman dan keluarga,KOMPETITOR,Bintang 4,MercureJakartaCikini,positive,0.9994288086891174,Family & Group Friendly,Family & Group Friendly (1.00); Staff Conduct & Hospitality (1.00); Facilities & Amenities (0.99)
Puji Astuti,2025,5,ruang rapat nyaman dan pelayanan sangat bagus,KOMPETITOR,Bintang 4,MercureJakartaCikini,positive,0.9994035959243774,Service Quality,Service Quality (0.99); Room Quality & Comfort (0.99); Facilities & Amenities (0.99)
sahra indi maulana,2025,5,hotelnya bagus ya stafnya juga ramah2 dari keamanan di depan sampai di dalam ketemu mbak misy yang ngebantu dan ramah poll menu makanan enak dan banyak pilihan fasilitas juga oke cepat bersih dan terawat,KOMPETITOR,Bintang 4,MercureJakartaCikini,positive,0.9993963241577148,"Cleanliness, Hygiene & Maintenance","Cleanliness, Hygiene & Maintenance (1.00); Staff Conduct & Hospitality (0.99); Service Efficiency & Responsiveness (0.99)"
Sol Rasol,2025,5,Senang tinggal di sini bahagia selamanya,KOMPETITOR,Bintang 4,MercureJakartaCikini,positive,0.9961827397346497,Guest Experience,"Guest Experience (0.97); Loyalty, Recommendation & Appreciation (0.81); Sustainability & Environmental Quality (0.79)"
Hasni Raudhati,2025,5,Semuanya berjalan begitu lancar sarapan seperti selalu selalu enak kamar bersih dan rapi kolam renangnya bagus dan bersih sama pemandangan mantap lokasinya strategis tengah kota mau kulineran tinggal jalan kaki stafnya tidak kalah ramah dari bintang 5 apalagi di bantu sama mbak misy terimakasih mercure cikini,KOMPETITOR,Bintang 4,MercureJakartaCikini,positive,0.9995326995849609,Facilities & Amenities,"Facilities & Amenities (1.00); Cleanliness, Hygiene & Maintenance (0.99); Service Quality (0.99)"
Achmad Syafrudin,2025,5,kamarnya bagus makanannya enak kolam renangnya enak,KOMPETITOR,Bintang 4,MercureJakartaCikini,positive,0.9991819262504578,Facilities & Amenities,Facilities & Amenities (0.99); Ambience & Design (0.95); Room Quality & Comfort (0.94)
Lucky Widyanty,2025,5,ke hotel mercu cikini untuk bisnis bertemu tempatnya di atap dengan pemandangan kolam renang mungkin karena hari kerja dari pagi sampai siang jadi ngga ada yang beragen suasana tenang saat buat bertemu makanan enak enak dengan menu tradisional aneka pasta mie jepang pencuci mulut juga banyak pilihan,KOMPETITOR,Bintang 4,MercureJakartaCikini,positive,0.999243974685669,Facilities & Amenities,Facilities & Amenities (0.98); Food & Beverage (0.95); Guest Experience (0.90)
Edelwhyss,2024,5,Apa kenikmatan tinggal di Mercurio cikini yang benar-benar melampaui harapan saya masuk setiap aspek dari saat saya tiba saya disambut oleh staf yang hangat dan ramah yang membuat saya merasa langsung menyambut keramahan dan perhatian mereka yang tulus sepanjang masa tinggal saya membuat saya merasa seperti tamu berharga kamar itu sendiri nyaman diatur dengan baik dan sempurna dipelihara menyediakan penarikan nyaman setelah hari yang lama lokasi hotel adalah fantastis menawarkan lingkungan yang indah dan akses yang nyaman ke atraksi lokal saya juga harus menyebutkan ms fanny anggota staf yang pergi di atas dan di luar untuk memastikan tinggal saya,KOMPETITOR,Bintang 4,MercureJakartaCikini,positive,0.999024510383606,"Cleanliness, Hygiene & Maintenance","Cleanliness, Hygiene & Maintenance (1.00); Service Efficiency & Responsiveness (1.00); Staff Conduct & Hospitality (1.00)"
Dianti Arudi,2025,5,Layanan bagus parkir membutuhkan lebih banyak perhatian senang untuk tinggal di Mercuri,KOMPETITOR,Bintang 4,MercureJakartaCikini,positive,0.9974677562713623,Service Quality,Service Quality (1.00); Facilities & Amenities (0.98); Guest Experience (0.96)
Bambang Irawan,2025,5,Terima kasih Mba viola untuk keramahan dan keunggulan keramahan,KOMPETITOR,Bintang 4,MercureJakartaCikini,positive,0.9978399276733398,Guest Experience,Guest Experience (0.99); Staff Conduct & Hospitality (0.91); Room Quality & Comfort (0.91)
Bane Mash,2025,5,Selamat malam masuk di sini dengan lokasi yang bagus dan hotelnya bersih dan bagus untuk anak-anak,KOMPETITOR,Bintang 4,MercureJakartaCikini,positive,0.9990923404693604,Facilities & Amenities,"Facilities & Amenities (1.00); Service Quality (0.99); Cleanliness, Hygiene & Maintenance (0.99)"
Dimas Ilyas,2025,5,kamarnya bersih dan luas pelayanan nya jg oke lokasi nya strategis cuman karena sering banyak perbaikan jalan jadi sering macet di depan nya tq ke kaka pau yang sudah menangani kami,KOMPETITOR,Bintang 4,MercureJakartaCikini,positive,0.987712562084198,Facilities & Amenities,"Facilities & Amenities (0.98); Cleanliness, Hygiene & Maintenance (0.96); Room Quality & Comfort (0.96)"
uuy nurul,2025,5,untuk kamar termasuk sedang ukurannya fasilitas cukup lengkap ada fitness kolam renang sama ada tempat bermain anak kesan menginap yang nyaman kamar selalu rapih setiap pulang pertemuan resepsennya juga ramah poll terimakasih mbak missy s ukses terus membuat hotel hari rabu kami pasti datang pertemuan dan menginap lagi di bulan depan semangat semua,KOMPETITOR,Bintang 4,MercureJakartaCikini,positive,0.9993908405303955,Facilities & Amenities,Facilities & Amenities (1.00); Service Efficiency & Responsiveness (1.00); Staff Conduct & Hospitality (1.00)
Double Fay,2025,4,Sejauh ini begitu baik semua fasilitasnya seperti kamar makanan dan fasilitas lainnya cuma agak kurang sreg dengan sikap staf di resto saat kami lapor 5 orang untuk sarapan padahal kami 2 kamar dan tambah ekstra di tatapan mereka seperti mengejek mohon ke depannya diperbaiki lagi,KOMPETITOR,Bintang 4,MercureJakartaCikini,negative,0.9944325089454651,Facilities & Amenities,Facilities & Amenities (1.00); Food & Beverage (0.99); Staff Conduct & Hospitality (0.96)
Irwan Amir,2025,5,masuk sangat lancar saat saya tiba masuk pagi saya diizinkan check masuk awal dan ditingkatkan ke ruang istimewa yang datang dengan sarapan harian dan minuman malam sebagian besar staf di sini mahir masuk baik bahasa inggris dan lokal adnan dari kantor depan sangat membantu dan nyaman memastikan semua berjalan dengan baik pada kedatangan dan keberangkatan bantal nyaman dan tempat tidur bersih sheet dan handuk penuh stok dengan fasilitas air conditioner halus dengan suhu yang baik dan tekanan air yang baik pencahayaan yang baik untuk malam dan banyak cahaya alami di siang hari kamar datang dengan,KOMPETITOR,Bintang 4,MercureJakartaCikini,positive,0.9988779425621033,Facilities & Amenities,Facilities & Amenities (0.99); Service Efficiency & Responsiveness (0.98); Service Quality (0.97)
Fariz Akbar,2025,5,lokasi strategis dekat dengan transportasi umum pelayanan ramah dan cepat fasilitas kamar secara keseluruhan sangat fantastis untuk makanannya juga bervariasi dan enak,KOMPETITOR,Bintang 4,MercureJakartaCikini,positive,0.9993987083435059,Service Efficiency & Responsiveness,Service Efficiency & Responsiveness (1.00); Facilities & Amenities (1.00); Service Quality (0.99)
Winda Agustia,2025,5,Rujak di restonya enak banget terima kasiih,KOMPETITOR,Bintang 4,MercureJakartaCikini,positive,0.9991887211799622,Food & Beverage,Food & Beverage (0.98); Service Quality (0.95); Guest Experience (0.94)
aura irfadia,2025,5,pengalaman menginap 1 malem bersama keluarga untuk acara ulang tahun pernikahan mama papa sangat berkesan lokasi strategis sarapannya enak enak apalagi kue nya pegawai hotelnya sangat membantu terutama mba misy dari ge tim dan mas adnan di resepsionis menjaga pekerjaan baik,KOMPETITOR,Bintang 4,MercureJakartaCikini,positive,0.9995546936988831,Food & Beverage,Food & Beverage (1.00); Guest Experience (1.00); Check in/out Experience (0.99)
Sanbo Wei,2025,5,Aku tinggal di sini lebih dari sebulan Terima kasih atas segalanya kalian semua luar biasa,KOMPETITOR,Bintang 4,MercureJakartaCikini,positive,0.9937707781791687,Guest Experience,Guest Experience (0.97); Check in/out Experience (0.93); Service Quality (0.92)
Indah Gracia,2025,5,terbaik hotelnya nyaman,KOMPETITOR,Bintang 4,MercureJakartaCikini,positive,0.9988443851470947,Service Quality,Service Quality (0.99); Room Quality & Comfort (0.98); Facilities & Amenities (0.96)
Upi Purwati,2025,5,Layanan yang baik tempat strategis staf yang baik,KOMPETITOR,Bintang 4,MercureJakartaCikini,positive,0.9973046779632568,Service Quality,Service Quality (1.00); Facilities & Amenities (0.97); Guest Experience (0.95)
Agus Purnomo,2024,3,lokasi hotel hanya 5 menit berjalan kaki stasiun kereta cikini banyak pilihan kuliner d sekitarnya kamar modern nyaman dan stylish walau tidak terlalu luas ruangan untuk bertemu jga tidak terlalu luas makanannya bervariasi dan cukup berselera lalu lintas di sekitar hotel padat sering macet di jalan raya cikini yang sempit kolam renang di atap bagus dan dianjurkan,KOMPETITOR,Bintang 4,MercureJakartaCikini,positive,0.9995405673980713,Facilities & Amenities,"Facilities & Amenities (0.96); Room Quality & Comfort (0.80); Location, Accessibility & Parking (0.63)"
Rizka Febriana Syifa,2025,5,Pelayana sangat baik dan makanan enak,KOMPETITOR,Bintang 4,MercureJakartaCikini,positive,0.9964787364006042,Service Quality,"Service Quality (1.00); Cleanliness, Hygiene & Maintenance (1.00); Facilities & Amenities (0.99)"
Burhan Kholis,2025,5,hotelnya sangat bersih dan nyaman ruang rapatnya banyak dan luasan ruang rapat bisa disesuaikan dengan kebutuhan peserta yang hadir makanannya bervariasi dan enak enak cuma terkadang rada sulit mencari meja kosong saat makan siang karena banyaknya pengunjung dan sedikit kurang luasnya area makan selain itu parkir juga sangat terbatas jika dibandingkan dengan jumlah pengunjung yang datang untuk kamar sudah sangat memuaskan pelayananannya juga bagus dan ramah dengan fasilitas yang juga lengkap,KOMPETITOR,Bintang 4,MercureJakartaCikini,positive,0.9989380240440369,Facilities & Amenities,"Facilities & Amenities (0.97); Location, Accessibility & Parking (0.96); Service Quality (0.95)"
Afritwira Buana,2025,5,3 malam menginap di sini variasi makanannya oke sih menurutku untuk pecinta sambal mereka menyediakan banyak varian sambal di setiap waktu makan pagi siang malam ada juga asinan kedondong yang seger banget buat pencuci mulut suka juga dengan infus airnya disaat g ingin minum udara putih tapi pengen ada rasa rasa tanpa gula infus air solusi petugas keamanan nya membantu dan inisiatif kami dipayungi padahal hanya gerimis kecil terima kasih,KOMPETITOR,Bintang 4,MercureJakartaCikini,positive,0.9991102814674377,Facilities & Amenities,Facilities & Amenities (0.98); Safety & Security (0.96); Service Quality (0.94)
Yakfi Mubarok,2025,3,staf layanan kurang bagus memasukan anggota accor saya dipersulit awalnya bilang bisa tetapi disarankan melalui pemasarannya saja agar dapat poin lebih agar bisa dimasukan ke kategori paket pertemuan saya memang buka kamar banyak tidak untuk paket pertemuan ternyata setelah selesai menginap menurut pemasaran tidak bisa masukan kode accor saya karena kata mereka bukan paket pertemuan saya sudah tahu itu bukan pertemuan sari awal lalu menghubungi staf saya alasan tidak bisa masuk menuur akuntansi mereka karena beda nama yang memesan dmn yang pemesanan adalah staf saya yang seharusnya secara teknis bisa saja masuk mereka masuk jadi saya sudah memilih hotel mercure ini dengan harapan ada manfaat ke anggota saya tetapi,KOMPETITOR,Bintang 4,MercureJakartaCikini,negative,0.9979177117347717,Service Quality,Service Quality (0.75); Guest Experience (0.69); Check in/out Experience (0.58)
Michael Hickey,2025,4,Aku tinggal di sini sebagai beristirahat untuk mendapatkan ke Whoosh dari bandara cgk tanggal kamar dekorasi dan sayangnya kolam renang di bawah pemeliharaan tapi cukup sarapan buffet dan layanan yang hebat,KOMPETITOR,Bintang 4,MercureJakartaCikini,positive,0.999000608921051,Service Quality,Service Quality (0.99); Food & Beverage (0.99); Facilities & Amenities (0.99)
Sanjoyo Keshia,2025,5,nyaman dan menyenangkan untuk menghabiskan waktu bersama teman teman,KOMPETITOR,Bintang 4,MercureJakartaCikini,positive,0.9931979179382324,Family & Group Friendly,Family & Group Friendly (0.96); Facilities & Amenities (0.92); Guest Experience (0.92)
Gerry Kolibu,2024,4,hotel yang cukup menarik untuk berkegiatan baik untuk acara kantor atau kementerian maupun menginap dengan gaya kamar kekinian minimalis nyaman tersedia kursi yang nyaman untuk bekerja ataupun dandan dan ada lantai yang kamar baru area merokok lift menggunakan akses yang diberikan saat check masuk fasilitas kolam renang di atap bersama minibar jadi jangan takut kehausan atau kelaparan view nya juga unik jalur kereta dibelakang dan disisi terbuka bisa terlihat gemerlap kota cahaya dimalam hari saat akhir pekan ada musik live di atap ini disangkan untuk hidup matahari terbenam tidak terlalu bagus di lantai dasar tersedia resto dengan citra rasa yang mengundang selesa untuk disanta,KOMPETITOR,Bintang 4,MercureJakartaCikini,positive,0.9992581009864807,Facilities & Amenities,Facilities & Amenities (1.00); Check in/out Experience (0.98); Family & Group Friendly (0.96)
ADI SOFIYAN,2025,5,makananya enak dan pelayanan ramah,KOMPETITOR,Bintang 4,MercureJakartaCikini,positive,0.999288022518158,Service Quality,Service Quality (0.99); Staff Conduct & Hospitality (0.99); Guest Experience (0.99)
Ade Irma Rosiani,2025,5,hotel bagus hanya kamar kecil layanan oke sarapan makanan enak bervariasi banyak hanya kurang bervariasi 3 jam 2 malam menginap rata2 menu sarapan sama tolong lebih bervariasi untuk rasa enak,KOMPETITOR,Bintang 4,MercureJakartaCikini,positive,0.9503216743469238,Service Quality,Service Quality (0.95); Facilities & Amenities (0.89); Guest Experience (0.80)
Doddy Pramana Hadi,2025,5,pergi untuk tinggal lama 3 minggu staf belajar nama saya dalam minggu pertama dan bahkan telah memesan saya meja sarapan pada beberapa pagi ramai lokasi bagus meskipun karena pekerjaan konstruksi ada kemacetan lalu lintas setiap pagi ketika Anda pergi untuk bekerja ada stasiun kereta api di dekatnya tidak akan putus keringat berjalan di sana di mana Anda dapat menemukan banyak penjual makanan jalanan di dekatnya oh dan saya mendapat upgrade kamar gratis sehingga itu selalu bagus,KOMPETITOR,Bintang 4,MercureJakartaCikini,positive,0.9983267188072205,Service Quality,Service Quality (0.94); Facilities & Amenities (0.93); Guest Experience (0.91)
Elok Satiti,2025,5,ayam hainan nta enak banget yang laun enak jug top,KOMPETITOR,Bintang 4,MercureJakartaCikini,positive,0.9992004036903381,Food & Beverage,Food & Beverage (0.84); Religious & Halal Features (0.84); Cultural & Heritage Experience (0.68)
Yuyun Maslan,2025,5,enak dan nyaman pelayan mbak intan baik,KOMPETITOR,Bintang 4,MercureJakartaCikini,positive,0.999180018901825,Guest Experience,Guest Experience (0.99); Service Quality (0.99); Staff Conduct & Hospitality (0.98)
Rahmat Zaenudin,2025,5,bagus hotelnya mantap,KOMPETITOR,Bintang 4,MercureJakartaCikini,positive,0.999404788017273,Service Quality,Service Quality (0.99); Facilities & Amenities (0.96); Room Quality & Comfort (0.96)
keukeu hodijah,2025,5,kamar yang nyaman dan bersih tempat yang cocok untuk istirahat seperti di rumah sendiri aksesnya mudah kemana mana banyak makanan jalanan dekat stasiun pelayanan dari tim hotelnya juga baik baik semua staf yang saya ingat namanya,KOMPETITOR,Bintang 4,MercureJakartaCikini,positive,0.9993958473205566,Room Quality & Comfort,Room Quality & Comfort (0.99); Facilities & Amenities (0.99); Family & Group Friendly (0.94)
Meidoasa Mariastina,2024,5,hotel ini terletak di daerah yang sibuk jalanan depan hotel ramai karena satu arah hotel ini dekat dengan taman ismail marzuki fasilitas hotel lumayan lengkap bahkan tubuh mencuci dan sampo menggunakan herbalogy makanan di hotel ini lumayan enak dengan berbagai variasi selalu ada menu rujak buahnya yang paling bikin berkesan ada pojok nursery di dalam kamar mandi tempatnya memang kecil di salah satu ruang kamar mandi tapi nyaman untuk memompa atau mengganti popok bayi,KOMPETITOR,Bintang 4,MercureJakartaCikini,positive,0.9993873834609985,Facilities & Amenities,"Facilities & Amenities (0.99); Cleanliness, Hygiene & Maintenance (0.83); Service Quality (0.82)"
Brotoqtoyy,2025,5,Kamarnya bagus hanya kolam renang dan gym terlalu kecil,KOMPETITOR,Bintang 4,MercureJakartaCikini,negative,0.7211052775382996,Facilities & Amenities,Facilities & Amenities (0.98); Guest Experience (0.94); Room Quality & Comfort (0.86)
Dwi Aprilia,2024,5,secara keseluruhan pelayanannya bagus ramah fo sangat komunikatif fasilitas lengkap ada kolam renang gym resto dan juga bermain ground untuk anak2 menu sarapannya cukup lengkap variasi dan enak tapi ada hal yang menurut saya kurang saat yaitu begitu kita buka pintu lobi langsung bertemu dengan restorannya jadi menurut saya kurang nyaman mungkin bisa dipisahkan antara lobi dengan restoran,KOMPETITOR,Bintang 4,MercureJakartaCikini,positive,0.9969871640205383,Facilities & Amenities,Facilities & Amenities (0.99); Service Quality (0.88); Guest Experience (0.79)
ita ck,2025,5,makanan enak kamar bersih handuk setiap hari diganti kamar setiap hari dibersihkan dekat dengan stasiun gambir ada kolam renang bar di lantai 8 kota view nya kuep paling jika tidur saat kereta lewat kadang kaget karena dekat dengan kereta api pegawai ramah banget,KOMPETITOR,Bintang 4,MercureJakartaCikini,positive,0.9994671940803528,Service Quality,"Service Quality (0.99); Cleanliness, Hygiene & Maintenance (0.98); Facilities & Amenities (0.98)"
Alvie 2803,2024,5,Saya menginap bersama anak saya Alfrista di kamar suite mercuri cikini selama 2 malam tgl 4 5 6 Agustus 2023 trimakasih banyak buat ka ratna marcom yang sangat ramah cantik dan baik banget pokonya kamar sangat bersih dan nyaman ac dingin view kota dan ada kereta lewat seru liatnya staf nya itu ya ramah semua dari kantor depan resto area housekeeping kolam renang terbaik pokonya staf ada promo beli 2 es gelato gratis 1 ada banyak promo lainnya jg dan ada kegiatan anak-anak yang membuat keluarga sarapan variatif enak enak semua untuk layanan kamar ada menu sop buntut sop betawi daging steak dll seru,KOMPETITOR,Bintang 4,MercureJakartaCikini,positive,0.9990047812461853,Facilities & Amenities,Facilities & Amenities (0.99); Staff Conduct & Hospitality (0.99); Family & Group Friendly (0.98)
Tri Wibowo,2025,5,tempatnya nyaman buat keluarga,KOMPETITOR,Bintang 4,MercureJakartaCikini,positive,0.9994552731513977,Family & Group Friendly,Family & Group Friendly (0.98); Room Quality & Comfort (0.98); Facilities & Amenities (0.94)
dede S,2024,5,Terima kasih mercur dalam untuk tempat yang luar biasa thnkyou juga untuk bu vina dan tim untuk pelayananya sangat membantu cekin cepat tidak perlu menunggu kamar segera siap dapet gratis welcome cake yang enak makan siang yang super lengkap buffet nya sarapan punnya banyak pilihan tempatnya sangat stategis kamar yang super nyaman maknannya lengkap dari mulai sushi yang enak takoyaki dan daging tereraki yang super lezat berikutnya psti akan kesini lagi dan lebih serunya ada kegitan kuliner kelas untuk anak anak sangat seru happy checking in disini terima kasih anda beli dan mercur vin cikini,KOMPETITOR,Bintang 4,MercureJakartaCikini,positive,0.9993977546691895,Service Efficiency & Responsiveness,Service Efficiency & Responsiveness (1.00); Staff Conduct & Hospitality (0.99); Facilities & Amenities (0.99)
erwin eki purnomo,2025,5,Breakfest enak dan pelayananta baik irfan,KOMPETITOR,Bintang 4,MercureJakartaCikini,positive,0.9992960691452026,Service Quality,Service Quality (1.00); Food & Beverage (0.99); Staff Conduct & Hospitality (0.99)
Eny Widiya Astuti,2025,5,tinggal di kamar suite dan itu luar biasa mereka memberikan buah dll masuk kamar lokasi itu sendiri yang terbaik untuk saya dalam jarak berjalan kaki ke stasiun cikini atau taman ismail marzuki satu-satunya mengeluh mungkin tentang kedua cemilan dan makanan kombinasi masuk ruang pertemuan dan restoran,KOMPETITOR,Bintang 4,MercureJakartaCikini,positive,0.9918270111083984,Facilities & Amenities,Facilities & Amenities (1.00); Service Quality (1.00); Food & Beverage (0.99)
Ahmad Khairul Arifin,2025,5,hotel nya bagus nyaman dan wangi,KOMPETITOR,Bintang 4,MercureJakartaCikini,positive,0.999272882938385,Room Quality & Comfort,Room Quality & Comfort (0.98); Service Quality (0.97); Facilities & Amenities (0.97)
rifqi luthfi,2025,5,makannya enak dan tempatny nyaman,KOMPETITOR,Bintang 4,MercureJakartaCikini,positive,0.9992013573646545,Facilities & Amenities,Facilities & Amenities (0.99); Room Quality & Comfort (0.99); Family & Group Friendly (0.95)
Anggita Deska,2025,5,Hotel ini benar-benar luar biasa terutama makanan buffet mereka saya sudah tinggal masuk hotel ini dua kali 2023 dan 2024 dan mendapat buffet untuk sarapan makan siang dan makan malam mereka selalu menyediakan menu yang berbeda berbagai dan mereka semua sangat lezat mereka juga memiliki musik live di ruang makan atau kolam renang dan ketika saya makan siang ada Jaipong tari atraksi di lobi kamar tidak cukup kecil untuk saya menyediakan pengering rambut 2 botol kaca air mineral dan satu botol untuk mengisi ulang air mereka menyediakan dispenser dekat area lift masuk setiap lantai saluran televisi juga baik kolam renang memiliki 2 ukuran satu untuk anak-anak dan pada malam hari Anda dapat melihat,KOMPETITOR,Bintang 4,MercureJakartaCikini,positive,0.9991858601570129,Facilities & Amenities,Facilities & Amenities (0.99); Food & Beverage (0.97); Service Quality (0.89)
Firyal Najla,2025,5,Semua baik pelayanannya oke,KOMPETITOR,Bintang 4,MercureJakartaCikini,positive,0.9979478716850281,Service Quality,"Service Quality (0.99); Guest Experience (0.99); Cleanliness, Hygiene & Maintenance (0.95)"
Lydia Septina,2025,5,sangat nyaman dan ramah anak,KOMPETITOR,Bintang 4,MercureJakartaCikini,positive,0.9991798996925354,Family & Group Friendly,Family & Group Friendly (0.96); Facilities & Amenities (0.93); Service Quality (0.92)
Yasin Arifin,2025,5,Terima kasih mercur Jakarta cikini acaranya sangat menyenangkan,KOMPETITOR,Bintang 4,MercureJakartaCikini,positive,0.9971007704734802,Guest Experience,"Guest Experience (0.93); Check in/out Experience (0.77); Loyalty, Recommendation & Appreciation (0.77)"
big bang,2025,5,pelayanan bagus sesuai dengan informasi pelayanan,KOMPETITOR,Bintang 4,MercureJakartaCikini,positive,0.9983420372009277,Service Quality,Service Quality (1.00); Guest Experience (0.73); Service Efficiency & Responsiveness (0.70)
Aulya Dwi lestari,2024,5,kamar bersih dan bagus layanan bagus staf baik apalagi ada di pusat kota strategis oiya menu sarapan nya juga enak2 dan variatif ada kelas memasak juga buat anak2 puas tinggal disini dan terima kasih juga terutama buat kak yunita atas layanan nya sangat baik layanan,KOMPETITOR,Bintang 4,MercureJakartaCikini,positive,0.9995124340057373,"Cleanliness, Hygiene & Maintenance","Cleanliness, Hygiene & Maintenance (0.98); Guest Experience (0.98); Service Quality (0.98)"
Raphael Kenzo,2023,4,Hotel ini cukup bersih layanan cukup baik minuman selamat datang hanya tersedia secara khusus untuk anggota accor saya ditanya sebelumnya jika saya adalah anggota jika tidak resepsionis bertugas tidak diizinkan untuk mengambil meskipun resepsionis bersedia membantu mendaftar tetapi itu cukup sulit hanya untuk segelas jus jeruk restoran ini cukup kecil terutama ketika pertemuan peserta yang akan menikmati makan siang atau kelompok cek masuk yang akan menikmati sarapan datang bersama-sama di restoran,KOMPETITOR,Bintang 4,MercureJakartaCikini,positive,0.9485097527503967,Service Quality,Service Quality (1.00); Food & Beverage (0.99); Facilities & Amenities (0.97)
Riza Sukma,2025,4,lokasi tidak jauh dari stasiun cikini fasilitas kamar dan menu makanan lumayan cuma agak padat merayap antrean makan saat jam buka puasa sementara kursi yang tersedia sudah penuh alias terisi,KOMPETITOR,Bintang 4,MercureJakartaCikini,positive,0.9947975873947144,Facilities & Amenities,Facilities & Amenities (1.00); Food & Beverage (0.95); Service Quality (0.91)
Hengky Syahputra,2023,5,makanan hotelnya enak enak banyak fariasi makanannya dari makanan berat sampai ke cemilannya beragam banget jadinya tidak ngebosenin kalau tinggal untuk waktu yang lama di hotel ini fasilitas kamarnya lengkap kamarnya juga bersih dan terlihat masih baru lokasi hotel di tengah kota mudah membuat akses kemana mana menggunakan transportasi umum atau jalan kaki petugasnya ramah salah satunya kru resto baru mas muji,KOMPETITOR,Bintang 4,MercureJakartaCikini,positive,0.9992733597755432,Facilities & Amenities,Facilities & Amenities (0.98); Staff Conduct & Hospitality (0.90); Service Quality (0.89)
Putri Ananda,2025,5,nyaman enak dekat kantor terbaik,KOMPETITOR,Bintang 4,MercureJakartaCikini,positive,0.99947589635849,Facilities & Amenities,Facilities & Amenities (0.96); Service Quality (0.94); Room Quality & Comfort (0.88)
Alif Ramadhan Yahya,2025,5,rekomendasi banget hotel nya,KOMPETITOR,Bintang 4,MercureJakartaCikini,positive,0.9986611604690552,"Loyalty, Recommendation & Appreciation","Loyalty, Recommendation & Appreciation (0.86); Service Quality (0.85); Facilities & Amenities (0.76)"
Kiky Huzein,2024,5,seluruh staf hotel sangat baik ada taman bermain di sudut depan hotel yang bisa membuat anak nyaman dan tidak bosan saat menunggu jadwal cek masuk bisa meminta buku gambar dan pensil warna juga staf memahami permintaan kami yang menginginkan ruangan yang menghadap rel kereta api non merokok dan kasur bergabung alhamdulillah juga bisa cek awal masuk sekitar jam 12:30 karena kami datangnya juga kepagian sekitar 10:30 ada dispenser juga di lorong luar kamar jadi memudahkan saat minum udara di kamar habis kolam renang anak maupun dewasa ada nyaman ruang dan bilas ganti juga sarapan enak banyak dan beragam kru dapur dan resto ramah dan memfasilitasi saran dengan sangat baik,KOMPETITOR,Bintang 4,MercureJakartaCikini,positive,0.998149037361145,Facilities & Amenities,Facilities & Amenities (0.99); Family & Group Friendly (0.99); Service Quality (0.97)
Hotma Siregar,2025,1,parkir malah di sarankan ke gedung lain,KOMPETITOR,Bintang 4,MercureJakartaCikini,negative,0.9968336224555969,"Location, Accessibility & Parking","Location, Accessibility & Parking (0.83); Safety & Security (0.72); Loyalty, Recommendation & Appreciation (0.70)"
Elizabeth Jeanny,2025,5,hotelnya bersih dan nyaman makanan nya enak dan semua staf jg ramah2 lokasinya sgt strategis karena dekat dekat objek2 wisata dan jg dekat dengan taman ismail marzuki,KOMPETITOR,Bintang 4,MercureJakartaCikini,positive,0.9994679093360901,Facilities & Amenities,Facilities & Amenities (1.00); Staff Conduct & Hospitality (0.99); Service Quality (0.99)
Desty Permasih,2025,4,hotelnya bersih bagus dan temoat strategis dekat stasiun cikini dan mau beli makan juga deket ya tapi untuk kamar hotel bintang 4 kurang lega,KOMPETITOR,Bintang 4,MercureJakartaCikini,negative,0.8215817809104919,Facilities & Amenities,"Facilities & Amenities (0.98); Cleanliness, Hygiene & Maintenance (0.98); Service Quality (0.94)"
Hajjah Pipit,2025,5,pertama kali menginap di hari Rabu ini pelayanan sangat baik semua karyawan di hotel sangat baik2 ramah2 kamar bersih semua hotel grup accor memamng selalu terbaik sarapan banyak pilihan lokasi baru sangat strategis dan ramai,KOMPETITOR,Bintang 4,MercureJakartaCikini,positive,0.9993809461593628,Service Quality,"Service Quality (1.00); Cleanliness, Hygiene & Maintenance (1.00); Staff Conduct & Hospitality (0.99)"
ivana anasya,2025,5,fasilitas melengkapi dan sangat bagus,KOMPETITOR,Bintang 4,MercureJakartaCikini,positive,0.9987131357192993,Facilities & Amenities,Facilities & Amenities (0.97); Service Quality (0.95); Service Efficiency & Responsiveness (0.82)
pingkan,2025,5,lokasi enak sih makanan jg enak disekitarnya jg banyak tmpt mkn dari kamar suara kereta lewat jelas banget awalnya sdkt terganggu kelamaan jadi terbiasa,KOMPETITOR,Bintang 4,MercureJakartaCikini,positive,0.9984405636787415,Facilities & Amenities,Facilities & Amenities (0.93); Room Quality & Comfort (0.70); Service Quality (0.69)
Danendra,2023,5,pelayanan hotelnya sangat baik terdapat kafe di sebelah resepsionis untuk sarapan menu lengkap tempat parkirnya kecil ada di dua tempat lantai 1 dan basement 1 hanya muat untuk beberapa mobil banyak yang harus ngetag dulu agar tidak ditempati orang lain di lantai 8 terdapat kolam renang dan ada bar di sebelah kolam renang view dari kamar hotel sangat menarik,KOMPETITOR,Bintang 4,MercureJakartaCikini,positive,0.9992610812187195,Service Quality,"Service Quality (0.97); Facilities & Amenities (0.96); Location, Accessibility & Parking (0.95)"
Adi Nugroho,2025,5,kantor depan nya sangat ramah dan membantu pelayanan cek masuk nya cepat anak-anak ramah hotel banyak area bermain kolam renang nya juga oke banget kue buat poto2 minta bantuan apapun ditangani dengan sangat cepat saya pasti kembali lagi untuk menginap,KOMPETITOR,Bintang 4,MercureJakartaCikini,positive,0.9994804263114929,Facilities & Amenities,Facilities & Amenities (1.00); Service Efficiency & Responsiveness (0.99); Guest Experience (0.99)
Dessy Puspita,2025,5,Untuk saya dan suami saya itu adalah keputusan yang baik untuk membuat pernikahan kami upacara di sini semuanya berjalan baik terutama untuk tim penjualan sangat responsif dan memperlakukan kami dengan baik layanan baik terima kasih mercury untuk membuat acara kami sebagai yang indah,KOMPETITOR,Bintang 4,MercureJakartaCikini,positive,0.9981498718261719,Staff Conduct & Hospitality,Staff Conduct & Hospitality (1.00); Service Efficiency & Responsiveness (1.00); Family & Group Friendly (1.00)
Rizqiyah Balweel,2022,5,menginap saat acara kantor selama 4 hari 3 malam 6 9 Desember 2021 awalnya agak sangsi mengingat ini hotel 4 namun fasilitas serasa 3 kamar tidak terlalu luas amanitas yang standar handuk dan sprei bantal yang sudah agak kumuh untungnya staf hotel sangat responsif ramah dan membantu saluran udara di kamar mandi lt 7 membuat kamar beraroma tak sedap saya telepon housekeeping dan langsung diberi pengharum beberapa kali saya telepon resepsionis untuk reservasi kolam meminjam baju mandi dll selalu dijawab dengan apresiasi untuk seluruh staf resepsionis staf resto housekeeping dan staf atap bar yang super ramah baik,KOMPETITOR,Bintang 4,MercureJakartaCikini,positive,0.7595424652099609,Staff Conduct & Hospitality,Staff Conduct & Hospitality (0.98); Service Efficiency & Responsiveness (0.96); Facilities & Amenities (0.96)
Upen Supeni,2025,5,Staff receptionist sangat ramah dan membantu informatif dan segala permintaan dengan cepat di tindak lanjuti makanan nya enak kamar nya nyaman ada bar atap,KOMPETITOR,Bintang 4,MercureJakartaCikini,positive,0.9995457530021667,Service Efficiency & Responsiveness,Service Efficiency & Responsiveness (1.00); Food & Beverage (1.00); Staff Conduct & Hospitality (1.00)
roy handoko,2025,5,fasilitas hotel bagus saya suka sekali dengan mercure cikini terutama dari pelayanan yang memuaskan dari ibu pau pau berada di depan dengan senyuman lembut yang menyapa kami,KOMPETITOR,Bintang 4,MercureJakartaCikini,positive,0.9993888139724731,Service Quality,Service Quality (1.00); Facilities & Amenities (0.99); Guest Experience (0.98)
Sinta Retno Putri,2025,5,senang sekali bisa ada kesemptan tinggal di mercure cikini lokasinya strategis deket banget mau kemana mana kamarnya juga nyaman dan bersih saat banget anak2 bisa melihat kereta dari kamar jadi anak2 bahagia selama saya tinggal pertemuan terus ada kegiatan anak2 juga kuliner kelas yang seru,KOMPETITOR,Bintang 4,MercureJakartaCikini,positive,0.9992578625679016,Facilities & Amenities,"Facilities & Amenities (0.99); Room Quality & Comfort (0.99); Cleanliness, Hygiene & Maintenance (0.98)"
Dyah,2025,4,kamar okelah sesuai harga lokasi cukup strategis karena di tengah kota tapi ingat baik baik jika mau ke sini sore malam hari bisa macet banget karena jalan di depan hotel ini satu arah,KOMPETITOR,Bintang 4,MercureJakartaCikini,positive,0.994371771812439,Pricing & Value for Money,"Pricing & Value for Money (0.97); Location, Accessibility & Parking (0.85); Facilities & Amenities (0.83)"
Hermanto Waruwu,2025,2,sedikit kecewa dengan pelayanan di hotel pagi ini kemarin kantor depan nya sampain jika gymnya bisa dibuka lebih awal atas permintaan di fo udah usahain bangun jam 5 tapi malah pagi sama fonya jawabnya tidak bisa pak kita tetap buka jam 6 bjirlah jika tahu itu bagus gua lanjut tidur dan tidak perlu usaha buat bangun pagi terima kasih buat prank pagi ini anda sukses,KOMPETITOR,Bintang 4,MercureJakartaCikini,negative,0.9975551962852478,Guest Experience,Guest Experience (0.55); Service Quality (0.45); Personalized & Special Services (0.17)
Sofyan Arif,2025,5,Hotel yang bagus akomodasi yang baik,KOMPETITOR,Bintang 4,MercureJakartaCikini,positive,0.9981933236122131,Service Quality,Service Quality (0.99); Room Quality & Comfort (0.98); Facilities & Amenities (0.98)
Iskandar,2025,5,Semua tentang hotel ini benar-benar luar biasa 1 lokasinya strategis karena dekat dengan berbagai restoran pasar mini dan tujuan wisata seperti taman ismail marzuki 2 berbicara tentang kamar saya mendapatkan kamar istimewa itu bersih nyaman dan gratis mini bar 3 saya tinggal di sana untuk merayakan ulang tahun dan mereka bersedia mengakomodasi permintaan saya saya ingin mengucapkan terima kasih kepada semua staf untuk dukungan luar biasa masuk menyadari permintaan saya terutama misy keluarga tamu mereka yang telah melakukan pekerjaan yang hebat menyampaikan permintaan saya dan tim kreatif masuk untuk menyediakan dekorasi yang indah di dalam kamar 4 mereka memiliki sarapan luas dengan,KOMPETITOR,Bintang 4,MercureJakartaCikini,positive,0.9973425269126892,Facilities & Amenities,Facilities & Amenities (1.00); Staff Conduct & Hospitality (0.99); Room Quality & Comfort (0.99)
Adrian S. (Xie Zhong Feng),2025,5,kamar memang agak kecil meskipun kelas istimewa dan soundproofing agak kurang karena suara kereta terdengar tapi layanan disini vip sekali meskipun saya hanya anggota emas saja tapi perlakuan nya seperti platinum,KOMPETITOR,Bintang 4,MercureJakartaCikini,positive,0.9617013335227966,Service Quality,Service Quality (0.96); Personalized & Special Services (0.96); Facilities & Amenities (0.94)
Casuarina folia,2025,5,terbaik Elsa menjaga semangat kerjanya,KOMPETITOR,Bintang 4,MercureJakartaCikini,positive,0.9984533786773682,Service Quality,"Service Quality (0.97); Cleanliness, Hygiene & Maintenance (0.87); Sustainability & Environmental Quality (0.77)"
Fikram Ahmad Fauzan,2023,5,memuaskan kamar relatif kecil tapi nyaman air mineralnya jika bisa dibanyakkin cuma 2 x 330 ml tapi sebenarnya disediain dispenser sih di koridor sarapannya enak2 jika kita lihat harga mungkin sedikit terlalu mahal ya cuman setelah banding2i dengan hotel sekitar keknya emang karena lokasi utama makanya cukup mahal tapi yang paling suka tu resepsionisnya super ramah dan membantu paling berkesan itu sih,KOMPETITOR,Bintang 4,MercureJakartaCikini,positive,0.9989883303642273,Staff Conduct & Hospitality,Staff Conduct & Hospitality (0.95); Service Efficiency & Responsiveness (0.94); Service Quality (0.94)
D K,2025,5,Kamar sangat bersih dan semua utilitas bekerja baik anak-anak senang dengan kegiatan anak-anak dua kamar hotel dapat terhubung sarapan baik dengan dimsum nyaman tempat tidur dan bantal bagus layar TV besar staf sangat membantu dan sangat sopan,KOMPETITOR,Bintang 4,MercureJakartaCikini,positive,0.9993444085121155,"Cleanliness, Hygiene & Maintenance","Cleanliness, Hygiene & Maintenance (1.00); Facilities & Amenities (1.00); Room Quality & Comfort (1.00)"
rockstar365,2025,5,pengalaman yang baik semua staf mas geo mba dita sangat membantu,KOMPETITOR,Bintang 4,MercureJakartaCikini,positive,0.9975805282592773,Service Quality,Service Quality (0.98); Service Efficiency & Responsiveness (0.85); Check in/out Experience (0.77)
Achmad Sya’roni Firmandani,2023,4,kamarnya bersih dan fasilitas cukup lengkap menu sarapan enak namun kapasitas restoran kurang terlebih ketika digunakan acara tertentu view dari kamar hotel kurang bagus karena bangunan tidak terlalu tinggi terdengar suara kereta dari rel sebelah hotel sedikit mengganggu,KOMPETITOR,Bintang 4,MercureJakartaCikini,positive,0.8329443335533142,Facilities & Amenities,Facilities & Amenities (0.99); Food & Beverage (0.78); Room Quality & Comfort (0.75)
Noni Vioni,2025,5,"Makanan yang enak, sangat enak, sangat nyaman.",KOMPETITOR,Bintang 4,MercureJakartaCikini,positive,0.9989055395126343,Facilities & Amenities,Facilities & Amenities (0.99); Room Quality & Comfort (0.98); Service Efficiency & Responsiveness (0.96)
Tiara Tirta,2025,5,nyaman dan pelayanan ramah,KOMPETITOR,Bintang 4,MercureJakartaCikini,positive,0.9992881417274475,Facilities & Amenities,Facilities & Amenities (0.99); Service Quality (0.98); Guest Experience (0.98)
Tanty Tanti,2025,5,Pengalaman yang hebat Kartika terima kasih atas fasilitasinya,KOMPETITOR,Bintang 4,MercureJakartaCikini,positive,0.9898499250411987,Service Quality,Service Quality (0.90); Facilities & Amenities (0.84); Guest Experience (0.79)
Make Yourself open,2025,5,menyenangkan tinggal di sini staf nya ramah dari resepsionis nya sampai staf resto nya hotelnya sangat bersih dan nyaman di lt 8 ada kolam dan tempat duduk2 buat melihat matahari terbenam bagus banget,KOMPETITOR,Bintang 4,MercureJakartaCikini,positive,0.9995150566101074,Staff Conduct & Hospitality,Staff Conduct & Hospitality (1.00); Facilities & Amenities (1.00); Service Quality (0.99)
Angga Saputro,2025,5,Accor tidak pernah memperlakukan anggota mereka dengan salah dari kedatangan sampai keberangkatan itu adalah layanan yang sangat baik,KOMPETITOR,Bintang 4,MercureJakartaCikini,positive,0.9876013398170471,Service Quality,Service Quality (1.00); Service Efficiency & Responsiveness (1.00); Guest Experience (1.00)
Fitriana,2025,5,makanannya enak dan cemilan bervariasi kamar bersih perlengkapan mandi tersedia lengkap lokasi strategis di kota tengah dianjurkan,KOMPETITOR,Bintang 4,MercureJakartaCikini,positive,0.9995715022087097,Facilities & Amenities,"Facilities & Amenities (0.99); Food & Beverage (0.99); Cleanliness, Hygiene & Maintenance (0.99)"
Debby Lukito G.,2024,5,Aku tinggal di sini selama 4 hari 3 malam masuk perjalanan bisnis kamarnya nyaman dengan fasilitas yang baik termasuk pengering rambut masuk yang dibangun hotel ini dekat dengan warung makanan ampera yang menyediakan masakan sunda itu juga dekat dengan jakarta planetarium observatorium hal terbaik tentang hotel ini adalah menu sarapan mereka menyediakan berbagai makanan dari makanan indonesia makanan asia ke makanan barat banyak pilihan,KOMPETITOR,Bintang 4,MercureJakartaCikini,positive,0.999030590057373,Facilities & Amenities,Facilities & Amenities (1.00); Room Quality & Comfort (0.92); Service Quality (0.91)
Eddie Halim,2025,5,Sangat merekomendasikan dan staf nya sangat ramah sekali semuanya,KOMPETITOR,Bintang 4,MercureJakartaCikini,positive,0.9988836646080017,Staff Conduct & Hospitality,"Staff Conduct & Hospitality (0.99); Service Quality (0.98); Loyalty, Recommendation & Appreciation (0.97)"
irfan Musarin,2025,5,lokasi yang sangat strategis dan pelayanan memuaskan cuma agak capek saja dari loby menuju kamar karna kebagian kamar yang d ujung akibat dari bentuk konstruksi yang memanjang ke belakang,KOMPETITOR,Bintang 4,MercureJakartaCikini,positive,0.9891322255134583,Service Quality,Service Quality (0.98); Facilities & Amenities (0.97); Service Efficiency & Responsiveness (0.93)
foske robot,2024,5,mudah dijangkau untuk anak bepergian yang utama ke jakarta pemandangannya indah di atap bisa ngegym dan berenang sepuasnya sarapannya menu terbaik untuk anak2 pun semua menarik tidak nyesel nginep disana tempat strategis,KOMPETITOR,Bintang 4,MercureJakartaCikini,positive,0.9996083378791809,Facilities & Amenities,Facilities & Amenities (1.00); Ambience & Design (0.99); Food & Beverage (0.99)
thesuhu master,2023,3,kamarnya bersih nyaman namun sayang jumlah rumah yang disimpan mungkin kurang kamar saya sampai jam 5 sore belum dibersihkan untuk resto yang perlu ditingkatkan adalah mie kuah kental diganti saja mie ayam yang menjadi selera mayoritas orang indonesia nasi goreng terlalu basah jangan terlalu banyak sayuran tahu tekstur tahu aneh sosis rasanya dagingnya kurang untuk sarapan sebaiknya ada masak telur telur dadar mata sapi omelet dari sekian banyak pilihan tidak ada es krim pisang coklat keju pisang sepet pilihlah pisang kepok agak kuning secara keseluruhan untuk istirahat nyaman untuk makanan perlu ditingkatkan lagi,KOMPETITOR,Bintang 4,MercureJakartaCikini,negative,0.8943643569946289,Facilities & Amenities,"Facilities & Amenities (0.91); Cleanliness, Hygiene & Maintenance (0.91); Room Quality & Comfort (0.87)"
Muhammad Farhan,2025,5,Pengalaman terbaik bisa bersama mercury cikini,KOMPETITOR,Bintang 4,MercureJakartaCikini,positive,0.9852865934371948,Guest Experience,"Guest Experience (0.98); Service Quality (0.76); Loyalty, Recommendation & Appreciation (0.70)"
Yudhi Hidayat,2025,5,hotelnya sangat bagus,KOMPETITOR,Bintang 4,MercureJakartaCikini,positive,0.9990546107292175,Service Quality,Service Quality (0.99); Facilities & Amenities (0.96); Ambience & Design (0.93)
Stevanus Adriyanto,2025,5,seru ni ada tambahan gameenya lagi penat bisa mengenang masa lalu,KOMPETITOR,Bintang 4,MercureJakartaCikini,positive,0.9173661470413208,Cultural & Heritage Experience,Cultural & Heritage Experience (0.41); Sustainability & Environmental Quality (0.21); Complaint Handling & Service Recovery (0.15)
AST VoiD,2025,5,semuanya enak mulai dari kamarnya yang melihatya bagus makanannya enak layaknya banget deh tempatnya strategis kalau mau liburan wajib coba jika mau nginep di jakarta,KOMPETITOR,Bintang 4,MercureJakartaCikini,positive,0.9992626309394836,Facilities & Amenities,Facilities & Amenities (0.99); Room Quality & Comfort (0.93); Service Quality (0.90)
Resna Nurhantika,2025,4,lokasi strategis dekat beberapa restoran dan juga stasiun cikini karena dekat stasiun kita bisa mendengar suara bising dari kereta pilihan sarapan dan rasa adalah standar tapi saya menghargai hotel memberikan upaya untuk melakukan sedikit dekorasi masuk kamar sejak saya tinggal di sana untuk persiapan untuk menghadiri lulus saya dekat hotel jadi khusus terima kasih untuk mrs stephanie untuk dibuat khusus dekorasi lulus untuk liburan saya di sini dan saya benar-benar menyukainya,KOMPETITOR,Bintang 4,MercureJakartaCikini,positive,0.9993565678596497,Guest Experience,Guest Experience (0.96); Facilities & Amenities (0.94); Service Quality (0.90)
Wul LanLan,2020,5,salah satu hotel terbaik yang pernah saya tinggal hidangan utama adalah sesuatu yang saya selalu bisa menjaga variasi tidak begitu banyak tetapi rasa yang baik terutama sup dan mie stasiun perbaikan diperlukan masuk penutup bukan hanya variasi tetapi juga rasa dan tekstur secara keseluruhan itu adalah layak untuk dikunjungi karena kamarnya nyaman seperti rumah,KOMPETITOR,Bintang 4,MercureJakartaCikini,positive,0.9992263317108154,Food & Beverage,Food & Beverage (1.00); Facilities & Amenities (0.98); Room Quality & Comfort (0.97)
Luthfia Kusuma Dewi,2022,1,secara fasilitas oke tapi saat menginap di sini kamar tidak dibersihkan pada pagi hari sampai malam sampah menumpuk di kamar tidak di ambil sampai aroma kamar tidak enak gelas tidak dibersihkan dari resepsionis mengatakan hal tsb kebijakan selama pandemi kamar dibersihkan 3 hari sekali yang menurut saya sepertinya aneh ya kamar hotel tidak dibersihkan beberapa hari padahal dari awal cek masuk kami tidak dibersihkan sama sekali hanya diberi tahu tentang opsi sarapan apakah memang kebijakannya pengunjung sendiri yang membawa2 sampah ke tempat pembuangan dan cuci gelas di dapur hotel,KOMPETITOR,Bintang 4,MercureJakartaCikini,negative,0.9986213445663452,Facilities & Amenities,Facilities & Amenities (0.96); Service Quality (0.81); Guest Experience (0.56)
Kholidah Syadiah,2025,5,tempat strategis mudah dijangkau transum,KOMPETITOR,Bintang 4,MercureJakartaCikini,positive,0.9989858269691467,Facilities & Amenities,"Facilities & Amenities (0.94); Sustainability & Environmental Quality (0.75); Location, Accessibility & Parking (0.75)"
Cahaya Lembayung,2025,5,mantap makananya enak2,KOMPETITOR,Bintang 4,MercureJakartaCikini,positive,0.9992345571517944,Sustainability & Environmental Quality,Sustainability & Environmental Quality (0.77); Food & Beverage (0.75); Cultural & Heritage Experience (0.70)
melinda k,2022,3,sayang sekali saya harus kasi bintang 3 karena berbeda dengan terakhir kali saya menginap di tahun 2019 mungkin saya kurang beruntung dapat kamar di 715 kamar tidak terlalu besar hanya saja kamar dan sprei bersih hanya saja di kamar mandi ada beberapa hal yang perlu diperhatikan ada beberapa noda karat di ruang limbah dan sudut sudut kamar mandi pun agak bau dan pengap saluran pembuangan udara di kamar mandi juga sepertinya agak tersumbat sehingga membutuhkan waktu yang cukup lama untuk menunggu udara surut untuk sarapan kurang terlalu bervariasi jika dibandingkan ketika saya menginap terakhir ditambahnya di sini lokasi sangat strategis dan staf hotel sangat ramah setiap mereka lewat pasti selalu menyapa,KOMPETITOR,Bintang 4,MercureJakartaCikini,negative,0.9832401871681213,Facilities & Amenities,Facilities & Amenities (0.86); Service Quality (0.76); Guest Experience (0.43)
Angela Clara,2025,4,nyaman banget di ruang istimewa karena pesan promo dari reseller di facebook tapi sayang sarapannya sedikit nasgornya b saja,KOMPETITOR,Bintang 4,MercureJakartaCikini,positive,0.8905534148216248,Facilities & Amenities,Facilities & Amenities (0.83); Room Quality & Comfort (0.78); Guest Experience (0.71)
Luke Regler,2023,4,kamar besar dan layanan yang cukup mudah parkir di bawah hotel tapi bantuan dengan ini tidak begitu besar seperti mobil diparkir di mana-mana dan hanya ada satu cara masuk dan keluar sisa pengalaman benar-benar baik keseluruhan layanan kamar mahal tapi makanan itu sarapan yang baik benar-benar baik tekanan mandi tidak akan kembali sebagai kamar secara keseluruhan besar dan sangat nyaman dan staf sangat membantu,KOMPETITOR,Bintang 4,MercureJakartaCikini,positive,0.997958779335022,"Location, Accessibility & Parking","Location, Accessibility & Parking (0.99); Facilities & Amenities (0.99); Guest Experience (0.99)"
elfitr arafat,2023,5,nyaman ramah maren saat nginep buffenya diambilkan menu sarapan standar hotel kopinya enak untuk mentoping coklat toastnya kalobisa jngan pakai kental manis engga ada alat tulis di kamar pensil dan catatan kalau mo makan malam diluar hotel juga deket dengan warung rumah makan,KOMPETITOR,Bintang 4,MercureJakartaCikini,positive,0.9991464614868164,Service Quality,Service Quality (0.90); Family & Group Friendly (0.90); Staff Conduct & Hospitality (0.88)
Mas Sigitp,2024,5,mercury hotel cikini adalah hotel modern yang nyaman bersih dan berkelas kamarnya cukup luas dengan pengamanan yang baik dan fasilitas yang lengkap sesuai tipeya setiap kamar memiliki pemandangan kota jakarta yang keren fasilitas lainnya ada ruang pertemuan dengan berbagai ukuran lobi yang nyaman dan cukup luas kolam renang dan ruang kebugaran dan kafe luas restoran bersih banyak menu pilihan yang pasti mengundang selera karena memiliki cita rasa yang enak petugas hotel dari semua bagian umumnya sangat terampil sopan cepat tanggap dan sangat memperhatikan keluhan tamu hotel,KOMPETITOR,Bintang 4,MercureJakartaCikini,positive,0.9994474053382874,Facilities & Amenities,"Facilities & Amenities (0.99); Service Quality (0.98); Cleanliness, Hygiene & Maintenance (0.93)"
Duta Niagara,2024,5,Sangat cocok untuk keluarga dan bisnis kolam renang keren dan area publik lainnya juga kamar bersih dan rapi dan semua fasilitas lebih dari cukup terlalu baik untuk menjadi benar terima kasih untuk semua anggota staf bu vina pak ardi relasi tamu tim dan housekeeping Anda melakukan pekerjaan yang sangat baik,KOMPETITOR,Bintang 4,MercureJakartaCikini,positive,0.9992037415504456,Family & Group Friendly,"Family & Group Friendly (1.00); Cleanliness, Hygiene & Maintenance (1.00); Facilities & Amenities (1.00)"
adiyo r,2025,5,Saya memiliki pengalaman yang luar biasa selama saya tinggal di Mercuri cikini dari 26 27 Juli staf sangat membantu khususnya mbak pau dari resepsi dia benar-benar orang yang baik hotel ini sangat direkomendasikan bagi mereka yang ingin tinggal di sekitar cikini pusat jakarta,KOMPETITOR,Bintang 4,MercureJakartaCikini,positive,0.9986785054206848,Service Quality,Service Quality (0.99); Staff Conduct & Hospitality (0.99); Guest Experience (0.96)
Silver_Sun,2024,5,kamarnya sangat bersih pilihan menu sarapan sangat bervariasi dan enak lokasi super strategis pelayanan staf hotel super ramah dan membantu sekali,KOMPETITOR,Bintang 4,MercureJakartaCikini,positive,0.9993347525596619,Food & Beverage,"Food & Beverage (1.00); Cleanliness, Hygiene & Maintenance (1.00); Service Efficiency & Responsiveness (1.00)"
Harry Ferdiansyah,2024,4,Lokasi strategis dekat stasiun kereta api dan beberapa tempat yang menarik layanan perlu peningkatan terutama masuk jadwal untuk membersihkan kamar saya tinggal empat hari dan dua dari mereka tim pembersihan datang terlambat akhirnya saya meminta tim pembersihan untuk melewatkan makanan itu oke tidak ada yang buruk datang ke pikiran saya dan tidak ada khusus staf sangat membantu,KOMPETITOR,Bintang 4,MercureJakartaCikini,positive,0.9843771457672119,Service Quality,Service Quality (0.96); Facilities & Amenities (0.91); Guest Experience (0.79)
Lexi Kartika,2024,4,Lokasinya bagus banyak tempat makan resto dan kaki lima yang memang seperti nya enak2 hotelnya standar2 saja sih makanan variatif tapi monoton ya tinggal beberapa hari disana menu sarapan nya begitu2 saja aku pikir handuk akan otomatis diganti ya setiap hari tapi bagaimanapun,KOMPETITOR,Bintang 4,MercureJakartaCikini,negative,0.7380977869033813,Food & Beverage,Food & Beverage (0.56); Facilities & Amenities (0.54); Service Quality (0.54)
FIONA ANGGUN CHANNEL HD LARASATI,2023,4,lumayan enak makanan di restonya dan lengkap menu menu nya kamar super bersih sprei nya housekeeping dan staf lainnya ramah ramah tapi agak strik soal merokok yang ngak boleh di lobi depan suami saya mau ngerokok sebentar ngak boleh dong katanya merokoknya di area merokok saja padahal di luar ya itu saja pengalaman saya disana mudah berubah ada perbaikan untuk setiap masukan dari pelanggan,KOMPETITOR,Bintang 4,MercureJakartaCikini,positive,0.9729660749435425,Guest Experience,Guest Experience (0.93); Service Quality (0.90); Staff Conduct & Hospitality (0.90)
Angela Dwi Pangestika,2024,4,Hotel ini sangat dekat dengan stasiun kereta sehingga kadang-kadang Anda bisa mendengar kereta datang dan pergi sampai malam hari terutama di kamar yang terletak di bagian belakang bangunan i e kamar saya tinggal sayangnya saya mendapat lantai merokok saya tidak bisa mencium bau asap dari dalam kamar tetapi setelah saya pulang beberapa pakaian yang tidak digunakan bau seperti rokok jadi saya menyadari betapa buruknya menjadi perokok pasif secara keseluruhan ini adalah hotel yang baik dengan makanan yang hebat,KOMPETITOR,Bintang 4,MercureJakartaCikini,negative,0.939947247505188,Facilities & Amenities,Facilities & Amenities (0.97); Service Quality (0.92); Food & Beverage (0.88)
Hendra Pardede,2022,4,mantap sih sarapan berbagai macam menu kolam renang bebas pakai kekurangannya hanya 1 kalau di kamar boleh merokok sisa bau asapnya tidak dihilangkan saat akan masuk customer berikutnya kamar masih bau asap saat ada yang cek ini,KOMPETITOR,Bintang 4,MercureJakartaCikini,positive,0.8739306926727295,Facilities & Amenities,Facilities & Amenities (0.85); Guest Experience (0.77); Check in/out Experience (0.70)
Hery Gunawan,2019,5,hotel ini masih baru dan bersih lokasi cukup strategis di daerah cikini dekat tempat kuliner raden saleh dan menteng saya melakukan reservasi melalui online travel dengan rekening istri kamar saya bagus walau berukuran sedang harga termasuk sarapan pagi yang cukup lezat namun variasi dengan standar bintang 4 saja fasilitas cukup memadai untuk gym kolam renang dan anak-anak ccorner yang cocok untuk anak saya usia 3 tahun manajer lobi standby membantu barang bawaan beserta keamanan yang cukup ramah mas malik cukup ramah dan cekatan dibantu manajer yang memberikan minuman selamat datang saat kedatangan kami dengan rasa jahe lemon yang segar harga kamar standar bintang empat yang masuk,KOMPETITOR,Bintang 4,MercureJakartaCikini,positive,0.9988332390785217,Facilities & Amenities,Facilities & Amenities (0.99); Service Efficiency & Responsiveness (0.95); Staff Conduct & Hospitality (0.95)
Iwan Wijayanto,2023,4,Ketika saya datang dan terlihat membutuhkan bantuan staf penjaga pintu sigap membantu proses memeriksa masuk agak lama tapi saya dipersilahkan untuk duduk sambil menunggu kamar di siapkan menu sarapan kurang bervariasi tapi rasanya cukup otentik terutama untuk membuat food stall yang selalu ganti menu,KOMPETITOR,Bintang 4,MercureJakartaCikini,positive,0.822467029094696,Service Quality,Service Quality (0.91); Service Efficiency & Responsiveness (0.86); Guest Experience (0.84)
Bang Mail,2025,5,hanya 3 hari 2 malam mengikuti kegiatan yang dilaksanakan di hotel ini menu variatif dan rasanya enak lokasi jika ada masalah lalu lintas di depan hotel maklum jakarta jam pulang kantor,KOMPETITOR,Bintang 4,MercureJakartaCikini,positive,0.9975347518920898,Food & Beverage,"Food & Beverage (0.90); Facilities & Amenities (0.85); Location, Accessibility & Parking (0.80)"
Sifaoktaviani 23,2025,5,lokasi yang strategis tempatnya nyaman dan servisenya bagus sarapannya enak mana keluarga ramah ini hotel dijamin anak betah mamak pun betah,KOMPETITOR,Bintang 4,MercureJakartaCikini,positive,0.9995449185371399,Facilities & Amenities,Facilities & Amenities (1.00); Service Quality (1.00); Staff Conduct & Hospitality (0.99)
Sinar Kalasuso,2025,5,Pertama hal pertama saya ingin menyatakan bahwa salah satu resepsionis adnan dia menyambut saya seperti saya telah mengunjungi hotel ini begitu banyak kali sebenarnya ini adalah saya ketiga kali hanya ths kedua yang mengejutkan saya juga adalah kata-kata sambutan di cermin saya jatuh masuk cinta seperti ini adalah saya sering mengunjungi tamu makanan sambutan di atas meja diatur seperti telah disiapkan untuk kore lebih dari satu jam juga dekorasi di tempat tidur saya itu tidak seperti dekorasi normal seperti kolam renang tetapi mereka menempatkan tampak seperti mata di atas handuk dan itu mengejutkan saya apa,KOMPETITOR,Bintang 4,MercureJakartaCikini,positive,0.978894054889679,Guest Experience,Guest Experience (0.99); Staff Conduct & Hospitality (0.98); Check in/out Experience (0.98)
MetNetz,2023,5,hotel mercure cikini lokasi strategis dengan trotoar lebar bagus banget buat joging kr monas atau kr tugu pancasila banyak makanan jalan kamar nyaman dengan pengatur kondisi udara di lorong sangat terjaga karena dipasang alat filter makan pagi standar tapi cukup dengan rasa kuliner juga saya rekomen buah segar variasi makanan juga standar model kamar mandi kaca parkir di belakang agak sempit untuk manuver balik,KOMPETITOR,Bintang 4,MercureJakartaCikini,positive,0.9994513392448425,Facilities & Amenities,"Facilities & Amenities (0.98); Location, Accessibility & Parking (0.97); Cleanliness, Hygiene & Maintenance (0.95)"
Zakia Azzahra,2025,5,bagus fasilitas oke,KOMPETITOR,Bintang 4,MercureJakartaCikini,positive,0.9993601441383362,Service Quality,Service Quality (0.98); Facilities & Amenities (0.94); Room Quality & Comfort (0.88)
merlin hutagalung,2023,4,tinggal selama 1 minggu 2 minggu di hotel ini hotel ini berada di pinggir kereta api cikini gondangdia bila anda penggemar kereta wajib mencoba hotel ini kelebihan 1 aksesnya bagus berada di pusat kota 2 deket sangat sama stasiun cikini 3 tidak terlalu ramai dan berisik jalannya 4 ada dispenser enak buat ambil minuman hangat 5 pelayanan oke kekurangan 1 menu makan standar dan itu itu saja jadi bosen 2 istri saya parah banget putus putus jika mengesankan 3 kolam renang kurang asik kecil dan aksesnya sering dibatasi untuk kegiatan lain 4 kamar mandi ada yang perlu pemeliharaan,KOMPETITOR,Bintang 4,MercureJakartaCikini,positive,0.8791264891624451,Facilities & Amenities,Facilities & Amenities (0.95); Service Quality (0.87); Food & Beverage (0.72)
Intan G.,2024,4,Yang saya suka dari hotel mercury cikini adalah pelayanannya lumayan perhatian langsung dapat voucher selamat minum selain kejutan kecil manis di kamar karena saya anggota perak semua sarapan berhubung kaki sakit juga dibantu ditawari dan diambilkan teh oleh mas eka selebihnya ya standar2 saja sih sesuai mereknya yaitu mercury versi mewah ibis gaya jika menurut saya apalagi sepertinya masing-masing hotel dimiliki pemilik yang berbeda jadi jelas tidak bisa mengharapkan standar sofitel grand mercury atau pullman disini makanan saya rasa sama sekali misalnya tidak menonjol pesan saya 2 kali dipanggang foil salmon sehat 2 kali pula bentuk dan rasanya berbeda tidak konstan,KOMPETITOR,Bintang 4,MercureJakartaCikini,positive,0.993685781955719,Service Quality,Service Quality (0.94); Staff Conduct & Hospitality (0.89); Service Efficiency & Responsiveness (0.81)
Hendra Hendra,2022,1,terkecoh dengan lobi depan oke ini hotel bintang 3 saja bukan 4 1 hanya lobi depan yang oke dan resepsionis wanita yang ramah 2 kebersihan lantai karpet di kamar kotor warna bantal sudah berwarna kuning piiring kotor di atas meja depan kamar lama diambil membuat pemandangan tidak bersih dan kotor 3 makanan tidak bervariasi terbatas tidak enak tidak ada kue desert seperti minuman setiap hari sangat saja meskipun sudah baik protokol kesehatan nya karena adik saya sedang zoom tidak bisa di bawah sarapan minta sarapan bawaakan tidak bisa tinggal lebih dari sehari tidak dianjurkan,KOMPETITOR,Bintang 4,MercureJakartaCikini,negative,0.9988932013511658,Facilities & Amenities,"Facilities & Amenities (0.99); Cleanliness, Hygiene & Maintenance (0.99); Service Quality (0.98)"
Vio Fitriana,2025,5,Lokasinya super strategis ruang pertemuannya luas sering untuk pernikahan juga makanan di restonya disetujui di lidah kalau menginap di akhir pekan banyak banget anak-anak kegiatannya kolamnya juga bersih,KOMPETITOR,Bintang 4,MercureJakartaCikini,positive,0.9993976354598999,Facilities & Amenities,Facilities & Amenities (1.00); Food & Beverage (1.00); Family & Group Friendly (0.98)
Nanang Kurniawan,2025,4,strategis di pusat kota dan dekat stasiun cikini cocok untuk acara2 kantor pertemuan dll parkir luas ada kolam renang juga cocok untuk liburan keluarga,KOMPETITOR,Bintang 4,MercureJakartaCikini,positive,0.9993696808815002,Facilities & Amenities,"Facilities & Amenities (1.00); Family & Group Friendly (0.99); Location, Accessibility & Parking (0.99)"
Anggoro Kurniawan,2025,5,lokasi strategis pelayanan bagus fasilitas cukup saya pesan 3 kamar 1 kamar ac sempat panas tapi ditangani dengan baik,KOMPETITOR,Bintang 4,MercureJakartaCikini,positive,0.9984402060508728,Facilities & Amenities,Facilities & Amenities (0.99); Service Quality (0.99); Guest Experience (0.95)
Iskandar Iskandar,2025,5,untuk fasilitas bagus tempat nyaman resepsiis nya ramah termasuk keamanan nya juga ramah atas nama pak arief dan bu pau,KOMPETITOR,Bintang 4,MercureJakartaCikini,positive,0.999453604221344,Facilities & Amenities,Facilities & Amenities (1.00); Safety & Security (0.99); Service Quality (0.98)
Imanuela Rimarsty,2019,5,Hotel segar dan cukup bersih masuk semua area interior kamar sangat bagus dengan jakarta gaya lama gambar saya suka kolam renang masuk malam resepsi ramah dan juga memeriksa masuk proses cepat rasa sarapan dan variasi cukup baik disambut oleh manajer di lobi manajer pada akhir pekan saya ingin kembali untuk liburan berikutnya masuk furure sangat mudah untuk memiliki taksi dan makanan luar juga,KOMPETITOR,Bintang 4,MercureJakartaCikini,positive,0.9993371367454529,Service Efficiency & Responsiveness,Service Efficiency & Responsiveness (1.00); Facilities & Amenities (1.00); Staff Conduct & Hospitality (1.00)
Rudi Zakky Pahlawan (JQ),2023,5,kamar bersih fasilitas kamar dan kamar mandi lengkap layanan kamar bagus lokasi strategis di pusat kota jakarta akses mudah dekat dengan stasiun parkir mobil gambir sangat memadai menu sarapan lengkap dari tradisi sampai menu internasional,KOMPETITOR,Bintang 4,MercureJakartaCikini,positive,0.9995301961898804,Facilities & Amenities,"Facilities & Amenities (1.00); Cleanliness, Hygiene & Maintenance (0.98); Service Quality (0.97)"
Wening Kusuma,2024,5,makanannya lumayan enak kamar g terlalu besar tapi cukup staf juga gercep waktu minjem strikaan sama fasilitas tambahan,KOMPETITOR,Bintang 4,MercureJakartaCikini,positive,0.9983079433441162,Facilities & Amenities,Facilities & Amenities (0.97); Staff Conduct & Hospitality (0.87); Service Quality (0.85)
Anggrah Purwadi,2023,3,fasilitas kamar cukuplah hanya saja tidak d menyediakan silet gula kolam renang ada d rofftop agak sedikit tidak terawat dispenser udara minum rusak lampu meja rusak,KOMPETITOR,Bintang 4,MercureJakartaCikini,negative,0.9806469678878784,Facilities & Amenities,Facilities & Amenities (0.99); Guest Experience (0.78); Food & Beverage (0.72)
Janu Hidayanto,2024,5,hotelnya kecil tapi favorit jdnya kalau ada acara restonya sering penuh membeludak sampai ke lobi dan bisa tidak kebagian tempat duduk parkiriran amat terbatas untuk kamar dan fasilitas cukup lah ya,KOMPETITOR,Bintang 4,MercureJakartaCikini,positive,0.9986479878425598,Facilities & Amenities,"Facilities & Amenities (0.96); Location, Accessibility & Parking (0.89); Food & Beverage (0.82)"
Sri Wulan Sugiharti,2024,5,nyaman sekali menginap disini kamarnya bersih dan menu restonya banyak pilihan pelaku dinas bisnis pecinta kuliner wajib menginap disini selain bisa beristirahat nyaman juga dapat menikmati kuliner yang menggugah selera dengan suasana resto yang hangat tambah kru hotelnya yang ramah dan membantu,KOMPETITOR,Bintang 4,MercureJakartaCikini,positive,0.9994006156921387,"Cleanliness, Hygiene & Maintenance","Cleanliness, Hygiene & Maintenance (0.99); Facilities & Amenities (0.97); Staff Conduct & Hospitality (0.97)"
Elang Muhammad Saputra,2023,5,kamarnya cukup luas dan bagus fasilitas lengkap pelayanan baik untuk restoran makanaya banyak variasi dan enak2 pelayananya sangat baik terutama untuk mas puji yang sudah melayani dengan sangat baik kami sekeluarga dan pengunjung lainya yang terbaik deh untuk mas puji hehe,KOMPETITOR,Bintang 4,MercureJakartaCikini,positive,0.99937903881073,Family & Group Friendly,Family & Group Friendly (1.00); Facilities & Amenities (0.99); Service Quality (0.99)
Nur Afriyanti,2024,5,staycation di Jakarta cikini hanya satu malam untuk sedikit merayakan hari ulang tahun anak kami sangat menyenangkan karena kami pun terkejut ternyata pihak hotel sudah menyiapkan kejutan kecil di kamar untuk anak kami yang berulang tahun senang sekali melihat anak kami senang tentu saja terima kasih mas abi ketika pesan kamar ditanya sedang ada acara apa di Jakarta saya hanya menjawab anak saya berulang tahun tanpa saya permintaan ternyata menyiapkan suatu kejutan kecil di kamar untuk anak saya secara keseluruhan hotel nya bagus bersih semua staf yang saya temui ramah fasilitas lengkap dan area kolam renang yang anak-anak ramah sekitar hotel banyak tempat menarik dan banyak tempat2 kuliner,KOMPETITOR,Bintang 4,MercureJakartaCikini,positive,0.9970160722732544,Guest Experience,Guest Experience (0.74); Service Quality (0.72); Booking & Reservation Experience (0.66)
theosan wirawan,2025,5,Cukup nyaman di sini untuk membuat sarapannya bervariasi namun disajikan beberapa masakan kurang memuaskan bahkan dijam 6 30 omlet dan sosis belum tersedia,KOMPETITOR,Bintang 4,MercureJakartaCikini,negative,0.9904407262802124,Facilities & Amenities,Facilities & Amenities (0.94); Food & Beverage (0.86); Room Quality & Comfort (0.56)
Helmi Santosa,2023,4,bagi saya pribadi hotel ini lebih cocok untuk keperluan selain liburan lokasinya berada di jalan dengan lalu lintas padat tapi ada banyak tempat makan legendaris yang bisa ditemukan di dekat sini sebaiknya drop off antar turun saja bila ke sini area parkirnya tidak begitu luas dan akses keluar masuknya hanya melalui satu pintu perabot sedikit kurang lengkap terutama laci dan meja lemari untuk meletakkan koper tas yang paling saya suka dari hotel ini ada kran di kamar mandi p toilet lengkap hanya saja saya punya satu saran sabun mandi dan sampo sebaiknya dibuatkan botol kaca plastik yang dipasang di dinding kamar mandi sabun dan sampo yang ada sekarang isinya terlalu cair sehingga cepat,KOMPETITOR,Bintang 4,MercureJakartaCikini,positive,0.9974978566169739,"Location, Accessibility & Parking","Location, Accessibility & Parking (0.96); Facilities & Amenities (0.95); Service Quality (0.44)"
paulinalau,2025,5,lokasi strategis di tengah kota hotel sangat bersih dan staf hotel yang sangat rama,KOMPETITOR,Bintang 4,MercureJakartaCikini,positive,0.998927891254425,Service Quality,"Service Quality (0.99); Cleanliness, Hygiene & Maintenance (0.99); Service Efficiency & Responsiveness (0.94)"
red pearl trading,2025,5,cs viola layanan yang bagus ramah makanan yang lezat lokasi yang bagus,KOMPETITOR,Bintang 4,MercureJakartaCikini,positive,0.999157190322876,Service Quality,Service Quality (1.00); Facilities & Amenities (0.99); Guest Experience (0.98)
Vinna Vinna,2024,5,menginap 1 malam di sini hotel nya mewah staf nya ramah lobi nya keren ada anak sudut nya aroma lobi nya juga segar segar 4 bintang tanda tangan hotel nya bersih dekat dengan pusat perbelanjaan dan tempat kuliner,KOMPETITOR,Bintang 4,MercureJakartaCikini,positive,0.9995507597923279,Facilities & Amenities,Facilities & Amenities (1.00); Staff Conduct & Hospitality (0.99); Service Quality (0.99)
Aulia F P.,2022,4,kamarnya bersih hotel bintang 4 yaa ini keknya ada kulkas dikamar trus d sediain pengering rambut juga kamarnya bersih ada pembicara jblnya mantap banget dan g tembus suara asal jangan terlalu keras yaa atapnya bagus euy kalau malem di atap ada kolam renang dan ada kafeenya untuk ruang rapatnya juga bagus menu makanan enak pisaan dan variatif rasanya nyerep di makananya pencuci mulut juga variatif kesini tanggal 11 12 nov,KOMPETITOR,Bintang 4,MercureJakartaCikini,positive,0.999504804611206,Facilities & Amenities,"Facilities & Amenities (0.99); Service Quality (0.94); Cleanliness, Hygiene & Maintenance (0.93)"
Joko Aprianto,2023,5,hotelnya kecil beberapa teman kelewat saat nyari hotel ini musala nyaman asyik adem ada area merokok kebetulan saya bisa kamar yang tipe biasa kalau teman saya bisa tipe kamar yang ada mesin kopi kapsulnya saya bisa pengalaman makan malam yang asyik ada gurame goreng dadakan lengkap dengan sambalnya ntap,KOMPETITOR,Bintang 4,MercureJakartaCikini,positive,0.9989733695983887,Facilities & Amenities,Facilities & Amenities (0.98); Food & Beverage (0.93); Guest Experience (0.89)
Yusrina I,2025,5,tinggal jalan kaki ke taman ismail marzuki hotelnya nyaman sekali apalagi ada area bermain di lobbynya yang bikin anak betah utama di situ pelayanan bagus semua ramah dan sangat membantu,KOMPETITOR,Bintang 4,MercureJakartaCikini,positive,0.9995335340499878,Facilities & Amenities,Facilities & Amenities (1.00); Service Quality (0.99); Guest Experience (0.99)
Erdi Yansah,2024,4,hotelnya kecil pelayanannya lama kelengkapan kamar mandinya tidak lengkap sikat gigi sandal harus minta menunggu lama untk mendapatkannya kelebihan hotel ini walaupun terbilang serba kecil tapi bagus dekorasi kamarnya lokasinya jg strategis banyak sekali wisata kuliner di sekitar lokasi,KOMPETITOR,Bintang 4,MercureJakartaCikini,positive,0.9641712307929993,Facilities & Amenities,"Facilities & Amenities (0.99); Service Quality (0.90); Cleanliness, Hygiene & Maintenance (0.82)"
ryanda adiguna,2023,5,meskipun pemandangan kamar terbatas karena gedung yang tidak terlalu tinggi tapi lokasi yang strategis membuat hotel ini layak untuk dicoba sebagai tempat tinggal kerja lokasi di sekitaran cikini yang ramai dengan gerai kuliner membuat hotel ini jadi nilai tambah gerai makanan bisa mudah diakses dengan berjalan kaki karena jalan yang trotoarnya bagus atau bahkan untuk dipesan menggunakan layanan pengiriman,KOMPETITOR,Bintang 4,MercureJakartaCikini,positive,0.9989909529685974,Facilities & Amenities,Facilities & Amenities (0.98); Food & Beverage (0.92); Guest Experience (0.91)
Dedy nurcahyo 13,2025,5,enak bangett tempatnya sampe pengen jadi anggota langsung di tempat staf2 nya juga sangat membuat nyaman seperti bu pau mas adnan mas abdul dan bu nadia terima kasih banget pokonya pengalaman bagus,KOMPETITOR,Bintang 4,MercureJakartaCikini,positive,0.9994352459907532,"Loyalty, Recommendation & Appreciation","Loyalty, Recommendation & Appreciation (0.98); Facilities & Amenities (0.97); Room Quality & Comfort (0.95)"
Sonya Ernesta,2024,5,Pelayanan nya sangat bagus staf yang sangat ramah terima kasih mba vinna yang sangat banyak membantu dari proses cek masuk sampai ulang tahun kejutan bwt ank saya terima kasih banyak untuk hadiah dan amnities yang brkali kali untuk ank saya dan hadiah voucher menginap selanjutnya d accor grup ibis gaya simatupang,KOMPETITOR,Bintang 4,MercureJakartaCikini,positive,0.9981346130371094,Staff Conduct & Hospitality,Staff Conduct & Hospitality (0.99); Service Quality (0.99); Facilities & Amenities (0.99)
Giffarri Maulana Hartadinata,2025,5,tempat nyaman dan lokasi strategis,KOMPETITOR,Bintang 4,MercureJakartaCikini,positive,0.9993448853492737,Facilities & Amenities,Facilities & Amenities (1.00); Room Quality & Comfort (1.00); Family & Group Friendly (0.92)
Hesti Mitayasmin,2021,5,Kondisi baru normal di hotel ini sangat baik dan nyaman di pintu utama sudah diminta untuk cuci tangan dan ukur suhu badan sanitizer pun tersedia disetiap sudut bahkan di dalam lift tidak ada makan masuk di restonya namun didepan kamar sudah tersedia meja dengan nomor kamar masing-masing yang nantinya setiap sarapan makan siang makan malam akan diantar ke meja tsb seringkali terjadi tamu suka mengambil makanan yang bukan nomor kamar mereka makanan yang disediakan memakai tempat sekali pakai setiap hari kamar di disinfektan petugasnya pun apd memakai lengkap,KOMPETITOR,Bintang 4,MercureJakartaCikini,positive,0.914121150970459,Facilities & Amenities,"Facilities & Amenities (0.92); Service Quality (0.87); Cleanliness, Hygiene & Maintenance (0.74)"
Olvy Tumbelaka,2023,5,kamar bersih hotel di tengah kota pelayanan cepat dan ramah makanan di restorannya yang enak semua kue dan kue dan kue nya sarapannya variatif dan makanannya segar dianjurkan bertaruh untuk pertemuan atau hanya tinggal sekedar beristirahat di sken barcode di mas fuji,KOMPETITOR,Bintang 4,MercureJakartaCikini,positive,0.9994038343429565,Service Efficiency & Responsiveness,Service Efficiency & Responsiveness (1.00); Service Quality (0.99); Facilities & Amenities (0.99)
Raysa Allaya Puteri Hidayatulloh,2025,5,Hotel yang bagus lokasi strategis kamarnya bersih dan rapi layanan bagus stafnya ramah dan baik terutama miss misy kolam renang bagus,KOMPETITOR,Bintang 4,MercureJakartaCikini,positive,0.9992775321006775,"Cleanliness, Hygiene & Maintenance","Cleanliness, Hygiene & Maintenance (1.00); Facilities & Amenities (1.00); Service Quality (1.00)"
Alma A,2019,4,Hotel yang kompak tapi stylish dan nyaman kamar hanya besar staf resepsi menyambut dapat ditingkatkan kunjungan kedua saya 11 bulan kemudian saya tidak benar-benar ingat apa itu selama kunjungan pertama saya kecuali untuk resepsi mengganggu namun sekarang saya merasa bahwa kamar jauh lebih baik sekarang dengan mesin kopi dan cangkir espresso lucu kecil tidak yakin apakah itu jenis kamar yang berbeda,KOMPETITOR,Bintang 4,MercureJakartaCikini,negative,0.7112197875976562,Facilities & Amenities,Facilities & Amenities (1.00); Food & Beverage (0.96); Room Quality & Comfort (0.94)
Muhammad Tri Santoso,2023,5,Dari kamar 312 pelayanan bagus dari mba rita pembersih kamar makanan enak kamar nyaman keamanan ramah masukan kamar mandi penempatan blower udara kurang saat jadi terkadang bau kamar mandi lama hilangnya tapi secara keseluruhan hotelnya direkomendasikan,KOMPETITOR,Bintang 4,MercureJakartaCikini,positive,0.9988508224487305,Facilities & Amenities,"Facilities & Amenities (0.98); Service Quality (0.98); Cleanliness, Hygiene & Maintenance (0.96)"
Yusriani Abel,2023,2,saya menginap di mercu cikini pada tanggal 15 16 april 2022 pada saat kedatangan tidak ada sambutan dari staf keamanan di pintu masuk keamanan hanya berjaga di pos bahkan ketika melihat kedatangan kami terkesan cuek pada kami apa karena pada saat datang tidak menggunakan mobil perlengkapan seperti sikat gigi dan sendal tidak lengkap ketika kami meminta kelengkapan sangat lama sekali diantarkan bahkan kami sampai telepon 2x baru petugas mengantarkan sambungan telepon ke resepsionis tidak informatif hanya tertera sambungan 2424 untuk manajer di tugas yang sangat sangat sulit sekali dihubungi sehingga kami harus menggunakan handphone kami pribadi untuk meminta per jalan,KOMPETITOR,Bintang 4,MercureJakartaCikini,negative,0.998950183391571,Facilities & Amenities,Facilities & Amenities (0.92); Guest Experience (0.91); Check in/out Experience (0.79)
ambar dewi,2024,4,makanan sudah meningkat rasanya dari terakhir datang ke sini layanan baik kebersihan sudah bagus tapi perlu ditingkatkan misalnya wastafel di daerah pinggiran terlihat berjamur hitam dan nat di bagian bawah tempat mandi juga mulai menghitam padahal dioles dengan pemutih juga mudah ilang sayang jika tidak dirawat,KOMPETITOR,Bintang 4,MercureJakartaCikini,positive,0.5759965181350708,Facilities & Amenities,"Facilities & Amenities (1.00); Cleanliness, Hygiene & Maintenance (0.99); Service Quality (0.98)"
Riyatmi Marsidi,2019,5,Saya memilih hotel ini atas rekomendasi rekan kerja untuk liburan teryata hotel memang sesuai dengan harga sekitar 900 ribu saat check masuk menunggu 15 menit karena hotel sedang penuh menurut manajer di resepsi selamat minum segar dengan rasa jahe kamar cukup bersih dan koridor wangi kolam renang bersih dan restoran cukup rapi namun minimal kualitas makanan cukup oke dan pelayanan cepat terima kasih untuk boneka untuk anak saya dan upgrade gratis di ruang istimewa karena mungkin menunggu kamar superior nya lama,KOMPETITOR,Bintang 4,MercureJakartaCikini,positive,0.9987792372703552,Facilities & Amenities,Facilities & Amenities (0.99); Service Efficiency & Responsiveness (0.98); Food & Beverage (0.97)
bayu m,2023,5,tempatnya bagus lokasinya didekat perpustakaan tamain ismail marzuki kamarnya bagus bersih toiletnya mandi dan saat toiletinya lengkap restonya persis disamping resepsionis makananya enak2 ada pilihannya kadang klo makan malam ada sambel penyetan ayam tambah ati dam ampela sambelnya pedes gurih ruang pertemuannya jg besar dan dingin,KOMPETITOR,Bintang 4,MercureJakartaCikini,positive,0.9995811581611633,"Cleanliness, Hygiene & Maintenance","Cleanliness, Hygiene & Maintenance (0.94); Facilities & Amenities (0.93); Service Quality (0.83)"
Herris Mukty,2024,5,menginap akhir pekan di sini yang terbaik banget pusat kota deket kemana mana mana mana kamar bersih makanan sarapan enak enak terimakasih tim mercuri cikini terutama staf nya mulai dari proses cekin cepat dan sangat membantu sekali besar terima kasih mas adnan mba stephanie terimakasih juga untuk layanan nya dan sambutan hangat nya terutama tim housekeeping mas feri untuk kebersihan kamar nya juara dan lipat handuk keren juara deh mercuri cikini,KOMPETITOR,Bintang 4,MercureJakartaCikini,positive,0.9994333386421204,Service Efficiency & Responsiveness,Service Efficiency & Responsiveness (1.00); Staff Conduct & Hospitality (1.00); Service Quality (0.99)
Betty Septiana,2025,5,makanan oke mas anggi mantap,KOMPETITOR,Bintang 4,MercureJakartaCikini,positive,0.998967170715332,Sustainability & Environmental Quality,"Sustainability & Environmental Quality (0.84); Food & Beverage (0.79); Loyalty, Recommendation & Appreciation (0.76)"
EkoX69,2025,3,g ada yang ramah petugasnya mukanya nyebelin,KOMPETITOR,Bintang 4,MercureJakartaCikini,negative,0.9975752234458923,Guest Experience,Guest Experience (0.65); Service Quality (0.43); Check in/out Experience (0.39)
yustinanda rahma dewi,2024,5,dapat kesempatan tinggal 2 malam untuk rapat kerja rumah sakitnya bagus banget petugasnya jg ramah2 terutama mas hezkiel makanannya jg luar biasa enak2 yang jadi favorit adalah salad sayur dengan berbagai pilihan saus pekerjaan bagus mercure cikini,KOMPETITOR,Bintang 4,MercureJakartaCikini,positive,0.999478280544281,Family & Group Friendly,Family & Group Friendly (0.98); Staff Conduct & Hospitality (0.97); Service Quality (0.97)
s b (Stube),2024,5,seperti permata hotel dengan kamar yang sempurna yang ukuran yang sempurna untuk benar-benar membentang keluar dan mengagumi kanopi distrik pohon berdaun n mengelilingi bintang nyata adalah karyawan tim pergi keluar dari jalan mereka untuk memastikan Anda tinggal adalah pengalaman perjalanan yang paling santai fantastis hotel karyawan luar biasa,KOMPETITOR,Bintang 4,MercureJakartaCikini,positive,0.9991262555122375,Facilities & Amenities,Facilities & Amenities (1.00); Guest Experience (0.99); Family & Group Friendly (0.99)
leadyyp,2025,5,wih keren banget saya baru pertama kali buat liburan di jakarta terus memesan di hotel ini sangat memuaskan bangett jujur ya dari mulai pelayanan hotel dan staf kantor depan nya sangat ramah makanan nya pada enak enak banget lagi dari room service dan kamar nya sangat bersih dan ada taman bermain untuk anak anak juga lohh rekomen buat banget buat yang hobi wisatawan menginap di hotel ini mengapa pertanyaan buat ke tujuan dan pusat kota deket bangett terimakasih buat pelayanan baru kak,KOMPETITOR,Bintang 4,MercureJakartaCikini,positive,0.9993160963058472,Staff Conduct & Hospitality,Staff Conduct & Hospitality (0.99); Facilities & Amenities (0.99); Service Quality (0.98)
inaa mutmainah,2025,5,super nyaman untuk keluarga,KOMPETITOR,Bintang 4,MercureJakartaCikini,positive,0.999455988407135,Family & Group Friendly,"Family & Group Friendly (0.99); Room Quality & Comfort (0.89); Cleanliness, Hygiene & Maintenance (0.88)"
Angelina Surjabrata,2025,5,asyik untuk tinggal dan menyembuhkan ada atap dengan hidup musik kamarnya bersih dan nyaman yang pasti di sekitar banyak tempat makan nya,KOMPETITOR,Bintang 4,MercureJakartaCikini,positive,0.9988192915916443,Facilities & Amenities,"Facilities & Amenities (0.99); Cleanliness, Hygiene & Maintenance (0.99); Room Quality & Comfort (0.99)"
Dienda Lora Buara,2025,5,nyaman dan menyenangkan untuk aktifitas bisnis,KOMPETITOR,Bintang 4,MercureJakartaCikini,positive,0.998880922794342,Facilities & Amenities,Facilities & Amenities (0.96); Room Quality & Comfort (0.82); Service Efficiency & Responsiveness (0.82)
Rully Sugiharto,2023,5,Salah satu hotel di jakarta pusat dekat dengan transportasi umum terutama kereta sengaja menginap di hotel ini karena permintaan dari anak untuk dapat langsung melihat kereta dari dalam kamar hotel sama resepsionis diberikan kamar yang sesuai dengan permintaan terimakasih sudah mengakomodir permintaan kami kamar bersih dan pelayanan memuaskan terdapat kolam renang di atap tempat parkir tersedia cukup luas,KOMPETITOR,Bintang 4,MercureJakartaCikini,positive,0.9990696310997009,Facilities & Amenities,Facilities & Amenities (0.99); Service Quality (0.99); Room Quality & Comfort (0.98)
Vee,2023,5,makanannya enak enak dan selalu banyak jadi tidak khawatir kehabisan kecuali emang kalau mendekati jam dekat layanan yah ruang pertemuan luas dan snacknya juga oke kamar dan layanan atas apalagi pegawainya ramah dan membantu gercep jika dimintain apa apa,KOMPETITOR,Bintang 4,MercureJakartaCikini,positive,0.999450147151947,Facilities & Amenities,Facilities & Amenities (1.00); Service Efficiency & Responsiveness (0.98); Food & Beverage (0.98)
Coki Baringin,2024,5,staf yang ramah dan salah satu yang cukup unik memilih kamar istimewa karena kita bisa terlambat cekout dan yang terbestnya adalah cemilan di jam 16 19 selama menginap,KOMPETITOR,Bintang 4,MercureJakartaCikini,positive,0.99539715051651,Personalized & Special Services,Personalized & Special Services (1.00); Staff Conduct & Hospitality (1.00); Food & Beverage (1.00)
Hastanti S Putri,2020,4,Salah satu hotel yang nyaman buat menginap kalau dari luar mungkin terlihat kurang meyakinkan karena keliatannya kecil tapi saat masuk ke dalam ternyata nyaman banget tidak kecil seperti yang dibayangkan kamarnya luas nyaman lantainya juga karpet jadi tidak perlu khawatir dingin jika mau injek lantai ada slippernya juga sih fasilitasnya lengkap ada alat jahit juga jarum benang jadi tidak perlu khawatir jika misalnya terjadi kecelakaan dengan bajunya bisa diatasin sementara fasilitas di kamar yang paling saya suka adalah speaker bluetoothnya jadi jika bosen menonton bisa juga puter lagu terhubung speaker TV atau mendengar radio jika bangun pagi juga bisa mengatur alarm makanannya,KOMPETITOR,Bintang 4,MercureJakartaCikini,positive,0.9986807703971863,Facilities & Amenities,Facilities & Amenities (0.96); Service Quality (0.70); Service Efficiency & Responsiveness (0.69)
Adelia Davillaz,2024,5,Ke sini karna lagi ada acara komunitas dan kita sempet makan siang di restonya menu variatif mulai dari dessertnya yang ada menu tradisionalnya seperti kalau kalau epon es palu butung lalu ada live cooking teppanyaki ada pasta berbagai pilih sambal gorengan dan masih banyak lagi lengkap banget senengnya lagi di sini restonya tu interiornya cantik dan estetik jadi bisa sekalian buat konten,KOMPETITOR,Bintang 4,MercureJakartaCikini,positive,0.9987737536430359,Family & Group Friendly,Family & Group Friendly (0.71); Cultural & Heritage Experience (0.71); Ambience & Design (0.70)
Belanja Jakarta,2025,5,lokasi besar kamar dan layanan,KOMPETITOR,Bintang 4,MercureJakartaCikini,positive,0.9956509470939636,Facilities & Amenities,Facilities & Amenities (0.99); Guest Experience (0.98); Service Efficiency & Responsiveness (0.90)
kzr excise,2019,5,hotel baru bersih pelayanan cukup memuaskan harga kamar termasuk sarapan yang enak namun variasi masakan indonesia harus ditingkatkan saya tinggal bersama keluarga selama 2 hari di kamar 806 ada manajer lobi saat akhir pekan yang cukup komunikatif untuk memberikan informasi tempat wisata yang cocok petugas keamanan juga cukup ramah yang menjaga pintu lobi kapan waktu akan kembali lagi saat liburan,KOMPETITOR,Bintang 4,MercureJakartaCikini,positive,0.9978781938552856,Facilities & Amenities,Facilities & Amenities (0.99); Staff Conduct & Hospitality (0.99); Service Efficiency & Responsiveness (0.99)
M. Okta,2023,5,Untuk satu malam disini lumayan harga bersaing ukuran kamar cukup luas untuk sendirian pilihan menu sarapan yang agak kurang banyak lokasi strategis dekat dengan pusat keramaian,KOMPETITOR,Bintang 4,MercureJakartaCikini,positive,0.9987323880195618,Pricing & Value for Money,Pricing & Value for Money (0.98); Facilities & Amenities (0.89); Room Quality & Comfort (0.59)
Sachin Salvi,2017,5,Ini adalah salah satu hotel yang baik saya pernah tinggal suasana baik staf juga sangat baik sopan manajer terutama saya ingin menyebutkan marcom apa seorang pria dia menyambut semua tamu dan membuat mereka nyaman dan membantu mereka untuk tinggal saya lama saya menyukai suasana dan kebersihan hotel dan kamar memiliki restoran juga baik dengan menu yang baik itu yang terbaik saya sarankan semua mengalami tinggal di sini,KOMPETITOR,Bintang 4,MercureJakartaCikini,positive,0.9990383386611938,Staff Conduct & Hospitality,"Staff Conduct & Hospitality (1.00); Guest Experience (1.00); Cleanliness, Hygiene & Maintenance (1.00)"
Yoseph Adryan,2024,5,sangat nyaman dan nyaman tinggal ya pengamalan yang dirasakan selama menginap dan bertemu di hotel ini lokasi strategis dekat dengan pusat bisnis di daerah cikini serta banyak pilihan tarif transportasi juga menarik di kala musim puncak,KOMPETITOR,Bintang 4,MercureJakartaCikini,positive,0.9992691874504089,Facilities & Amenities,Facilities & Amenities (1.00); Guest Experience (1.00); Room Quality & Comfort (1.00)
Lena Novita Sari,2019,5,kami senang dengan suasana hotel ini saat berlibur bersama dengan keluarga di akhir Maret 2018 yang lalu pelayanan cukup memuaskan saat check masuk dengan minuman segar jahe dan proses check keluar sangat cepat staf terlihat cukup cekatan dan profesional kamar dibersihkan cukup tepat waktu sehingga saat kembali ke kamar pukul 12 siang sudah kembali bersih kita bisa mencari makan malam jika enggan makan di dalam hotel karena di sebelah hotel ada restoran Indonesia yang cukup enak,KOMPETITOR,Bintang 4,MercureJakartaCikini,positive,0.9990133047103882,Service Efficiency & Responsiveness,Service Efficiency & Responsiveness (1.00); Service Quality (0.99); Staff Conduct & Hospitality (0.99)
Ramaditya Adinugraha,2022,3,Pros lokasi strategis pelayanan ramah kons 1 nomor telepon hotel sulit dihubungi 2 kami punya permintaan khusus untuk non-rokok kamar pada saat pemesanan melalui traveloka lalu membayar bulan dan tidak bisa dibatalkan saat tiba di hotel untuk memeriksa masuk kami baru mendapatkan informasi bahwa non-rokok kamar tidak tersedia karena hotel dalam kondisi penuh petugas resepsionis mengatakan tidak bisa menginformasikan kepada kami jika sudah ada non-rokok kamar yang tersedia untuk ditukar dan meminta kami yang melakukan pengecekan kepada resepsionis di pagi berikutnya atau di jam memeriksa keluar mengenai hal tersebut 3 ada di seprai sesuai foto noda,KOMPETITOR,Bintang 4,MercureJakartaCikini,positive,0.6845976710319519,Service Quality,Service Quality (0.94); Staff Conduct & Hospitality (0.91); Booking & Reservation Experience (0.91)
Marsidi 1967,2019,5,hotel ini cukup nyaman untuk liburan keluarga di akhir pekan harga cukup wajar dengan kualitas kamar fasilitas dan makanan yang cukup lezat sangat strategis di daerah menteng cikini jakarta pusat saya dan keluarga cukup senang berlibur dari jogja ke jakarta walau hanya hanya hanya 2 hari menginap di hotel ini ada manajer di lobi yang cukup membantu dalam informasi tempat hiburan dan transportasi kami pelayanan cukup ramah di restoran dan bagian resepsi,KOMPETITOR,Bintang 4,MercureJakartaCikini,positive,0.9993417859077454,Facilities & Amenities,Facilities & Amenities (0.99); Family & Group Friendly (0.97); Pricing & Value for Money (0.97)
Vira Andalusita,2024,2,pelayanan housekeeping mengecewakan beda jauh sama tetangganya mercury harmoni amenities tidak lengkap tisu juga tidak direfill saat kamar dibersihkan besok bahkan lebih parah saya kembali ke kamar siang2 belum dibersihkan dan harus telepon resepsionis dulu mohon ditingkatkan karena dengan nama mercury ekspektasi saya cukup tinggi tapi pelayanannya tidak responsif begini,KOMPETITOR,Bintang 4,MercureJakartaCikini,negative,0.9993941783905029,Facilities & Amenities,Facilities & Amenities (0.99); Guest Experience (0.96); Check in/out Experience (0.82)
Khairunnisa Farina,2020,5,Kamar bersih dan luas kamar mandi bersih dengan fasilitas lengkap kedekatan hotel ini ke cikini stasiun adalah keuntungan lain pilihan sarapan adalah besar saya juga suka lobi hotel yang sangat nyaman staf sangat sopan dan membantu saya tinggal masuk hotel ini dua kali dan layanan tidak pernah kecewa sepuluh sepuluh ingin tinggal lagi,KOMPETITOR,Bintang 4,MercureJakartaCikini,positive,0.9993098974227905,Facilities & Amenities,Facilities & Amenities (1.00); Service Quality (0.99); Staff Conduct & Hospitality (0.98)
Sabila Fadilla,2023,5,kamarnya nyaman pelayanannya memuaskan makanannya juga enak untuk staf hotelnya ramah termasuk bu fani komunikatif dan ramah dalam memberikan informasi maupun menanyakan keluhan pelanggan,KOMPETITOR,Bintang 4,MercureJakartaCikini,positive,0.999093770980835,Room Quality & Comfort,Room Quality & Comfort (0.99); Staff Conduct & Hospitality (0.99); Facilities & Amenities (0.99)
RiFA,2025,5,Semua baik layanan yang sangat baik oleh Mba viola,KOMPETITOR,Bintang 4,MercureJakartaCikini,positive,0.9940857887268066,Service Quality,Service Quality (1.00); Guest Experience (0.98); Facilities & Amenities (0.97)
Sue Tee Gan,2023,3,5 malam masuk mercure cikini di sini adalah pendapat saya putusan nilai tinggal karena itu adalah lokasi yang sangat strategis dan sarapan buffet yang layak staf sangat ramah dan membantu peringatan dekat stasiun kereta api oleh karena itu Anda mungkin mendengar kereta lewat kapan saja hal-hal mereka dapat meningkatkan bukti suara tidak sangat baik Anda dapat mendengar bayi menangis di sebelah toilet tidak benar scrub mereka dapat memperbaiki masuk daerah ini tab air tidak bekerja dengan baik sebagai menyesuaikan aliran air menyebabkan air mengalir untuk menenggelamkan pintu toilet atas perlu dibakar sedikit menggosok pada hinge,KOMPETITOR,Bintang 4,MercureJakartaCikini,positive,0.5477492809295654,Facilities & Amenities,Facilities & Amenities (1.00); Staff Conduct & Hospitality (1.00); Guest Experience (1.00)
Lucia Budiono,2025,5,Saya baru saja bergabung dengan anggota Accor dan ini adalah kunjungan pertama saya sebagai anggota Accor masuk mercure saya terkejut bahwa staf hotel telah memesan satu tempat parkir untuk saya lebih saya mendapatkan beberapa cemilan menyambut masuk kamar staf hotel juga menghiasi cermin dan handuk untuk menyambut kami saya merasa sangat istimewa terima kasih mercure cikini,KOMPETITOR,Bintang 4,MercureJakartaCikini,positive,0.985348641872406,Facilities & Amenities,Facilities & Amenities (0.88); Guest Experience (0.86); Service Quality (0.80)
Ardiansyah Aditya Setyawan,2023,4,Hotel ini lebih kecil dari hotel Mercury lainnya lokasi sangat strategis tapi mungkin lobi adalah masalah karena hanya ada satu pintu terbuka untuk masuk dan keluar ruang pertemuan cukup baik untuk pertemuan menengah menu makan siang mereka bervariasi secara keseluruhan itu adalah pilihan yang bagus jika Anda akan mengadakan pertemuan menengah,KOMPETITOR,Bintang 4,MercureJakartaCikini,positive,0.998719334602356,Facilities & Amenities,Facilities & Amenities (0.98); Food & Beverage (0.97); Service Quality (0.83)
Aditya Saputro,2022,5,datang kesini untuk rapat dalam keadaan pandemi saat ini protokol kesehatan yang diterapkan disini cukup baik minusnya hanya petugas keamanan yang masih menembakkan senjata termo ke tangan secara fasilitas hotel ini cukup lengkap lahan parkir yang cukup dan mudah diakses ruang rapat yang minimalis tapi memiliki uang tunai yang cukup untuk membentuk atmosfer rapat saya datang ke sini pada saat ramadhan jadi makan siang dan cemilan kami dikonversikan ke seluruh ayam panggang dan kue kering yang rasanya mantab,KOMPETITOR,Bintang 4,MercureJakartaCikini,positive,0.997130811214447,Facilities & Amenities,"Facilities & Amenities (0.99); Location, Accessibility & Parking (0.96); Service Quality (0.89)"
Achmad Wildhan,2019,4,1 sampai 10 untuk mercury nilai 9 menurut saya dari semua pelayanannya untuk fasilitas masih membutuhkan perbaikan terutama kelengkapan alat ruang pertemuannya seperti penunjuk tidak ada mic yang suka mati2an gym baru lumayan kolam renangnya terlalu banyak kaporit alangkah baiknya jika disediakan sewa kaca mata renang misalnya makanan boleh lah dari rasanya cuma jika bisa pagi siang siang siang dibuat bervariasi lg biar tidak jenuh jika 5 hari menginap di sana yang paling aku sukai ketika lagi rame di restoran orang2 berjas pegawai hotelnya mau membantu karyawan cuma tolong di cek lg saat makan sup atau lamaur habis segera diisi karna seringnya,KOMPETITOR,Bintang 4,MercureJakartaCikini,positive,0.9928901195526123,Facilities & Amenities,Facilities & Amenities (0.99); Service Quality (0.91); Food & Beverage (0.86)
Linda Zahwa,2024,5,kamar nya okee bersih dan stafnya housekeeping nya Amanda dan sandra sangat membantu sekali makanan nya juga enak2 dari segi makanan berat n cemilanya jg enak jadi gk bosen nginap d sini terimakasih mantap,KOMPETITOR,Bintang 4,MercureJakartaCikini,positive,0.9995101690292358,"Cleanliness, Hygiene & Maintenance","Cleanliness, Hygiene & Maintenance (0.99); Staff Conduct & Hospitality (0.98); Facilities & Amenities (0.97)"
Tamba Budiarsana,2020,5,ini hotel sempurna banget kebetulan dapet upgrade ke ruang istimewa kamarnya bagus nuansa kalem dan menenangkan viewnya ya gedung2 saja sih tapi tiduran di sini bikin mager parah nyaman banget kalau suka nongkrong sakit naik ke atap bar buat nikmatin koktail berenang atau sekedar lihat daerah cikini dari ketinggian oh ya ada beberapa tempat makan enak deket sini soto betawi h ma ruf nasi uduk gondangdia dan gado gaso bonbin,KOMPETITOR,Bintang 4,MercureJakartaCikini,positive,0.9994694590568542,Facilities & Amenities,Facilities & Amenities (0.93); Food & Beverage (0.93); Room Quality & Comfort (0.88)
Lunatic Vandal,2024,5,Tempat yang bagus lingkungan dekat pusat kota bersih tertata rapih dan nyaman dan untuk layanan kebersihan kamar nya yang terbaik sangat si terima kasih sangat buat pak dik sudah menjaga kebersihan kamar nya selama saya tinggal di sana,KOMPETITOR,Bintang 4,MercureJakartaCikini,positive,0.9993656277656555,Service Quality,"Service Quality (1.00); Facilities & Amenities (1.00); Cleanliness, Hygiene & Maintenance (1.00)"
Diani Meilani,2019,5,Proses check masuk yang cukup cepat walau hotel sedang terlihat ramai karena grup dari asing menyambut minum nya cukup segar yang saya sukai kolam renang dan menu sarapan pagi pelayanan cukup baik dan hotel ini tergolong masih baru dan segar kamar nya dan suasanya,KOMPETITOR,Bintang 4,MercureJakartaCikini,positive,0.9991324543952942,Food & Beverage,Food & Beverage (0.99); Service Quality (0.99); Facilities & Amenities (0.98)
Daniel Christian,2025,5,Saya tinggal masuk mercure cikini untuk staycation selama liburan id pengalaman dimulai bahkan hanya memesan ketika adnan menghubungi saya dan mengkonfirmasi kedatangan saya dan menjelaskan fasilitas yang akan diberikan kepada saya pemeriksaan masuk proses sangat lancar dan eviana sebagai manajer kantor depan menyambut saya masuk orang kamar disiapkan untuk kesukaan saya dengan air con telah dihidupkan wifi baik dan smart tv sangat dihargai masuk hari-hari terakhir jadi saya bisa menonton netflix mudah proses sarapan lancar terima kasih untuk semua tim restoran yang mempersiapkan untuk meja saya dan pilihan sarapan saya minuman,KOMPETITOR,Bintang 4,MercureJakartaCikini,positive,0.9887384176254272,Facilities & Amenities,Facilities & Amenities (1.00); Booking & Reservation Experience (1.00); Service Efficiency & Responsiveness (1.00)
Eka Qodi,2025,5,keren ada kolam renangnya,KOMPETITOR,Bintang 4,MercureJakartaCikini,positive,0.9990335702896118,Facilities & Amenities,Facilities & Amenities (0.99); Cultural & Heritage Experience (0.85); Sustainability & Environmental Quality (0.77)
Agnessia Saa,2024,5,AC dikamar 517 dinginn semua perlengkapan dikamar lengkap hanya saja kurang banyak colokan saja disamping tempat tidur untuk sarapan oke kok hanya makanan utama semoga bisa ditingkatkan jumlah variasi dan jenisnya,KOMPETITOR,Bintang 4,MercureJakartaCikini,positive,0.9562745690345764,Facilities & Amenities,Facilities & Amenities (0.97); Sustainability & Environmental Quality (0.65); Room Quality & Comfort (0.56)
Armis Pati Utama,2024,5,Salah satu tempat menginap yang menurut saya wajib kalian kunjungi bersih makanan nya enak bervariasi kolam renang yang ada di bagian atas hotel terlebih kebersihan kamar nya sangat di jaga terima kasih buat mas diki menjaga kebersihan kamar saya dengan baik,KOMPETITOR,Bintang 4,MercureJakartaCikini,positive,0.9995218515396118,"Cleanliness, Hygiene & Maintenance","Cleanliness, Hygiene & Maintenance (0.99); Service Quality (0.99); Facilities & Amenities (0.98)"
okta oktavia,2023,5,makanan nya enak dessernya oke banget staf mas puji di restonya ramah dan supel susana hotelnya nyaman kamarnya bersih rapi tidak sempit kebutalan saya reservasi 2 kamar dan menghubungkan pintu pokoknya recomend banget buat keluarga,KOMPETITOR,Bintang 4,MercureJakartaCikini,positive,0.9995493292808533,Staff Conduct & Hospitality,Staff Conduct & Hospitality (1.00); Facilities & Amenities (0.99); Service Efficiency & Responsiveness (0.99)
pepsap,2020,4,Mereka sering memiliki staf yang baik dan keramahan yang baik kamar-kamar juga sangat bersih dan makanan itu hebat mereka mendapat bar atap yang cukup baik dengan kolam renang kecil pilihan yang baik untuk bersantai setelah sebuah pertemuan maraton selama hari,KOMPETITOR,Bintang 4,MercureJakartaCikini,positive,0.9988956451416016,Facilities & Amenities,Facilities & Amenities (1.00); Staff Conduct & Hospitality (1.00); Service Quality (1.00)
Yogi Alkadri,2024,5,mas puji pelayanan yang ramah bisa menyajikan tamu dengan pelayanan yang terbaik sedikit saran untuk rumah menjaga mungkin untuk peralatan mandi harap di sediakan lengkap menurut saya di hari terkahir menginap 12 13 cukup di sediakan lengkap perlengkapan mandatinya harap konsisten terima kasih,KOMPETITOR,Bintang 4,MercureJakartaCikini,positive,0.9915326237678528,Service Quality,Service Quality (1.00); Staff Conduct & Hospitality (1.00); Guest Experience (0.99)
Christi anti,2019,4,kamar bersih kamar mandi luas dilengkapi dengan mandi air panas tidak ada fasilitas bak mandi baik-baik saja aircon baik lokasi baik dekat beberapa restoran dekat stasiun kereta gambir tapi jika Anda seorang tidur awal ada beberapa gangguan dari suara kereta karena hotel ini persis masuk depan kereta api saya tidak suka rasa makanan masuk bfast meskipun variasi baik-baik saja apakah Anda bepergian untuk bisnis atau rekreasi saya merekomendasikan hotel ini,KOMPETITOR,Bintang 4,MercureJakartaCikini,negative,0.6258605718612671,Facilities & Amenities,Facilities & Amenities (0.96); Service Quality (0.88); Room Quality & Comfort (0.73)
Fatma Yanti,2022,4,jujur kamarnya biasa saja kaya hotel2 pada umumnya makanan yaa lumayan sih tidak buruk lah lokasi sangat strategis di daerah cikini dekat stasiun banyak makanan dan jajanan mau ke mall juga banyak di sekitarnya ngga terlalu jauh kolam renang ada tapi belum pernah mencoba karena pandemi yang paling bikin agak laki-laki adalah angkatnya baru sering kesalahan,KOMPETITOR,Bintang 4,MercureJakartaCikini,positive,0.9625501036643982,Facilities & Amenities,Facilities & Amenities (0.97); Room Quality & Comfort (0.92); Service Quality (0.86)
Sandora Fitaloka,2024,4,tempatnya nyaman strategis pencuci mulutnya enak makan siangnya enak enak menuunya sangat bervariasi rekomendasi mas berisiko oke banget tidak salah ajak kami ke hotel mercu,KOMPETITOR,Bintang 4,MercureJakartaCikini,positive,0.9993084669113159,Facilities & Amenities,"Facilities & Amenities (0.98); Cleanliness, Hygiene & Maintenance (0.90); Service Quality (0.84)"
Virna Ina,2023,5,kamar bersih pelayanan oke tapi makan malam di hotel tgl 8 okt benar2 mengecewakan hotel setaraf mercure menyajikan indomie sbg salah satu menu makan malam stew daging sapi nya hambar dan hanya menyisakan bayi kentang tanpa daging sapi samasekali disaat saya datang jam 7 malam selain bayi stew ada menu pisang kukus dengan saus tomat bener2 kombinasi yang aneh belum cukup dengan itu salah satu menu makan malam adalah kentang kukus,KOMPETITOR,Bintang 4,MercureJakartaCikini,negative,0.9969298243522644,Service Quality,Service Quality (0.84); Guest Experience (0.83); Facilities & Amenities (0.79)
chandrawati santoso,2023,5,Hotel ini memiliki lokasi yang sempurna terutama jika Anda harus bekerja dan berbelanja pada saat yang sama Aku tinggal di sini untuk 5 hari pelatihan intensif dan masih makanan yang hebat tips saya tidak meminta untuk lantai 1 kamar mereka memiliki ruang pertemuan di sana jadi kadang-kadang sedikit bising ketika ada acara pernikahan,KOMPETITOR,Bintang 4,MercureJakartaCikini,positive,0.9981884360313416,Facilities & Amenities,Facilities & Amenities (0.95); Guest Experience (0.82); Service Quality (0.76)
Dyas Ciptaning,2023,5,06 04 2022 singgah ke sini di ruang rapat di lantai 1 ruangannya luas dan suhu ac nya saat makanannya enak enak untuk sarapan tadi coba dimsum dan bapau dan rasanya enak banget menu makan siang nya variasi daging tomyum ikan filet sayur brokoli dan mie sosis lezat semua udara kamar mandi aman dan tidak berbau pelayanan ramah ramah,KOMPETITOR,Bintang 4,MercureJakartaCikini,positive,0.9993624091148376,Facilities & Amenities,Facilities & Amenities (0.99); Guest Experience (0.98); Service Quality (0.97)
Aria Wardhana,2025,5,makanannya enak dan variatif,KOMPETITOR,Bintang 4,MercureJakartaCikini,positive,0.9993724226951599,Food & Beverage,Food & Beverage (0.87); Family & Group Friendly (0.83); Cultural & Heritage Experience (0.82)
Sagung Sawitri,2021,4,kamar tidur lebih kecil dari mercury gatot subroto untuk harga yang sama makanan bervariasi dan terlihat sangat lezat beberapa makanan rasa baik tapi beberapa tidak namun semua staf hotel menunjukkan keramahan dan kesediaan untuk membantu tamu menjaga pekerjaan yang baik orang,KOMPETITOR,Bintang 4,MercureJakartaCikini,positive,0.9970421195030212,Staff Conduct & Hospitality,Staff Conduct & Hospitality (1.00); Service Efficiency & Responsiveness (0.99); Service Quality (0.97)
Niko Bandoro,2019,3,letaknya sih strategis tapi resto yang ada di lobi tidak menarik kita makan banyak orang berlalu lalang kamar mandi berkaca tembus pandang kalau kembar dengan orang lain agak risi cahaya dari kamar mandi tembus ke ruang utama kamar menimbulkan siluet,KOMPETITOR,Bintang 4,MercureJakartaCikini,positive,0.894363284111023,Ambience & Design,Ambience & Design (0.61); Service Quality (0.53); Food & Beverage (0.50)
Yuni Sulistyaningrum,2025,5,hanya makan malam karena mendapat undangan untuk pesta ulang tahun jadi saya tidak bisa meninjau tentang kamar untuk makanan aperitif makanan utama dan penutup sangat lezat pemandangan sangat indah karena kita memiliki pesta masuk kolam renang area,KOMPETITOR,Bintang 4,MercureJakartaCikini,positive,0.9985485672950745,Food & Beverage,Food & Beverage (0.99); Facilities & Amenities (0.96); Guest Experience (0.91)
Sussy Rosse,2024,5,sangat momen terbaik tinggal dengan mercury cikini kami bahagia dengan keluarga saya dan mendapatkan layanan terbaik dari staf kolam renang yang bagus saya benar-benar gratfull untuk mendapatkan kamar cacing ke kereta pertama kali untuk kita terima kasih mercury saya pasti akan kembali lagi,KOMPETITOR,Bintang 4,MercureJakartaCikini,positive,0.9986659288406372,Facilities & Amenities,Facilities & Amenities (1.00); Guest Experience (1.00); Service Quality (0.99)
mirna novita,2024,5,makanannya enak seperti soto ayam puding ada popcorn gulali kesukaan anak2 kamarnya kamarnya bersih anak-anak ramah sarana hotelnya ada kelas memasak mas puji mba elma dan mba elsa terima kasih atas layanannya,KOMPETITOR,Bintang 4,MercureJakartaCikini,positive,0.9994805455207825,Service Quality,"Service Quality (0.99); Cleanliness, Hygiene & Maintenance (0.99); Family & Group Friendly (0.99)"
Osas,2025,5,Sangat menyenangkan untuk tinggal di sini staf membantu,KOMPETITOR,Bintang 4,MercureJakartaCikini,positive,0.9958277344703674,Guest Experience,"Guest Experience (0.96); Loyalty, Recommendation & Appreciation (0.68); Facilities & Amenities (0.65)"
Efendy Sukardi,2020,4,pengalaman menginap 3 malam di hari Rabu cikini bersama keluarga anak usia 2 tahun suasana hotel nuansa di kamar menyenangkan sarapan pagi variatif sangat bagus hotel layak anak karena ada ruangan bermain dan kelas memasak setiap hari minggu kolam renang view kota bisa melihat langsong kereta keamanan yang ramah dan sigap ukuran kamar kecil tarif kamar sedikit lebih tinggi kunci kamar duplikat dikembalikan ke resepsi ini oleh ob jadi harus minta ke resepsi ini untuk duplikatenya kamar dengan tarif sama sebagian ada pembuat kopi tapi sebgian lagi tidak ada,KOMPETITOR,Bintang 4,MercureJakartaCikini,positive,0.9980946183204651,Guest Experience,Guest Experience (0.96); Facilities & Amenities (0.93); Service Efficiency & Responsiveness (0.93)
Mira Silviana,2023,5,secara keseluruhan makanan variasi nya banyak saat makan siang pelayanan oke banget kami makan dan selesai lgsg dibereskan jadi meja langsung bersih pak puji juga melayani dengan baik saat makan siang kali ini ada pasta lalu sejenis tomyam salad soto stew daging sapi kue2 puding dan lainnya mantap lah,KOMPETITOR,Bintang 4,MercureJakartaCikini,positive,0.9990389347076416,Service Quality,"Service Quality (0.99); Food & Beverage (0.97); Cleanliness, Hygiene & Maintenance (0.97)"
Septian Siagian,2020,5,Lokasinya dekat dengan stasiun cikini kalau jalan kaki sekitar 5 menit seringnya disini untuk mengadakan rapat deket banget dengan kantor makanan yang disajikan bervariasi untuk rasa nya 98 maknyos kopi istirahatnya juga lumayan oya disini juga ada tempat olahraga dan kolam renang lumayan luas untuk mengolah raga pegawainya ramah dan ramah navigasi google mapnya juga mudah hanya saja jalan di depannya satu cara sejauh ini jadi bagus terimakasih mercure hotel,KOMPETITOR,Bintang 4,MercureJakartaCikini,positive,0.9995239973068237,Facilities & Amenities,Facilities & Amenities (0.99); Family & Group Friendly (0.90); Service Quality (0.84)
Rastaman Uye,2019,5,hotel baru yang cukup elegan di antara sejumlah hotel bintang 4 di jakarta pusat makanan beserta pelayanan cukup oke proses cek masuk tidak lama dan kamar masih segar dan wangi saya menginap di kamar 507 dengan upgrade gratis karena menurut resepsi hotel sedang hampir penuh bisa di rekomendasikan ke rekan kerja nanti,KOMPETITOR,Bintang 4,MercureJakartaCikini,positive,0.9987251162528992,Service Quality,Service Quality (0.97); Facilities & Amenities (0.97); Service Efficiency & Responsiveness (0.96)
Derry Goland,2024,3,saya menginap bersama klg waktu itu di kamar deuxe ada yang perlu diperbaiki dari segi pelayanan terkhusus resepsionis yang harus berkali kali dulu angkat telepon langsung kamar ketika saya angkat ada yang mau di tanyakan itupun jawaban nya tidak bersahabat seorang laki2 di restoran piring makan terlalu kecil yang biasa di pakai u piring sayur atau lauk dan pelayan yang di restoran kurang begitu baik dan kurang santun ketika mau koleb piring2 kotor tanpa ada izin omongan atau lgsung maafkan saya angkat di dpn orang baru dan makanan terakhir berat nya lebih bervariasi karena kebanyakan makan lg kecil2,KOMPETITOR,Bintang 4,MercureJakartaCikini,negative,0.9985917210578918,Facilities & Amenities,Facilities & Amenities (0.89); Food & Beverage (0.88); Guest Experience (0.84)
oscar pratama,2024,5,Tempat terbaik untuk menghabiskan waktu bersama keluarga di saat liburan kamar yang nyaman dengan fasilitas kolam renang dan gym yang dapat di gunakan bersama keluarga menikmati hidangan makan malam bersama kluarga di kafe restoran membuat suasana kumpul bersama keluarga menjadi makanan yang lengkap di sajikan sungguh terasa nikmat serta pelayanan terbaik dari bu elen dan pak ganjar yang sangat ramah dan sangat membantu slalu mempertahankan pelayanan terbaiknya dan rasa nyaman yang diberikan bagi para tamu hotel hotel mercure cikini memang pilihan terbaik,KOMPETITOR,Bintang 4,MercureJakartaCikini,positive,0.9994781613349915,Family & Group Friendly,Family & Group Friendly (1.00); Facilities & Amenities (0.99); Staff Conduct & Hospitality (0.99)
yulia kentarsih,2019,5,hotel nya masih baru dan segar pelayanan sejak check masuk sampai proses pembersihan kamar dan di restoran cukup cekatan terlihat staf nya cukup menguasai bidang nya dan kualitas makanan cukup enak saya menginap menggunakan online area pemesanan yang cukup oke di lantai atas dengan kolam renang yang bagus juga namun supermarket agak jauh,KOMPETITOR,Bintang 4,MercureJakartaCikini,positive,0.9991729855537415,Service Efficiency & Responsiveness,"Service Efficiency & Responsiveness (1.00); Cleanliness, Hygiene & Maintenance (1.00); Staff Conduct & Hospitality (0.99)"
Ridho Aaa,2022,5,kamar bersih udara bersih dan jernih fasilitas seusai protokol oke sarapan enak porsi cukup parkir tersedia ballroom pilih yang sesuai pelayanan pegawai baik ramah tidak cuek lingkungan cukup tenang saran pilih kamar yang lebih menjorok ke dalam belakang jika yang depan kadang suara knalpot kendaraan masih terdengar tapi tidak apa semua bagus,KOMPETITOR,Bintang 4,MercureJakartaCikini,positive,0.9986100196838379,Facilities & Amenities,Facilities & Amenities (0.99); Service Quality (0.98); Staff Conduct & Hospitality (0.96)
aray Andrani,2019,5,hotel baru dengan pelayanan yang sangat baik dan kualitas kamar juga bersih ditunjang dengan menu sarapan yang cukup bervariasi dengan nuansa indonesia fasilitas di lantai teratas ada kolam renang yang cukup luas dengan pemandangan luar yang romantis di malam hari mereka memiliki pusat kebugaran juga yang memadai di luar hotel banyak restoran yang bisa kita kunjungi bila bosan makan di dalam hotel menurut saya hotel ini dapat di rekomendasikan ke rekan dan keluarga yang akan menginap di daerah jakarta pusat,KOMPETITOR,Bintang 4,MercureJakartaCikini,positive,0.9992839694023132,Family & Group Friendly,Family & Group Friendly (1.00); Facilities & Amenities (0.99); Service Quality (0.99)
Christian Susanto Wibowo,2019,5,posisi sangat strategis banyak makanan di sekitar mudah akses ruang yang cukup dan uniknya dapat melihat kereta api lalu lalang tanpa bising mungkin karena desain kedapnya yang baik desain bagus modern minimalis fungsional makan pagi yang sangat fleksibel istri saya dengan 2 orang anak dan 1 balita gratis masukan cuma di bagian kecil detail interior kurang rapi dan algoritma angkat yang menurut saya agak malas,KOMPETITOR,Bintang 4,MercureJakartaCikini,positive,0.9977630376815796,Facilities & Amenities,Facilities & Amenities (0.62); Family & Group Friendly (0.57); Service Quality (0.45)
Hieronimus Supadma,2019,5,Sangat menyenangkan untuk tinggal di sini dengan keluarga saya kita bisa dengan mudah mendapatkan kuliner luar di jalan raya cikini dan menteng dekat hotel ini selama sekitar 10 menit hanya dengan taksi anak-anak saya suka kolam renang di lantai atas dan saya suka suasana ketika malam ruang istimewa sangat bersih dengan koridor wangi kita akan kembali lain kali ketika liburan masuk jakarta,KOMPETITOR,Bintang 4,MercureJakartaCikini,positive,0.9995792508125305,Facilities & Amenities,Facilities & Amenities (0.99); Family & Group Friendly (0.98); Service Quality (0.97)
Hanifa Yulita Mahira,2024,5,Jadi masuk cinta dengan hotel ini dari sarapan sampai kebersihan kamarnya bintang 5 deh tapi untuk kolamnya saat saya pergi kesana tidak terlalu bersih tapi secara keseluruhan saya suka semuanya oiya terimakasih juga untuk mas puji yang pelayanannya oke banget,KOMPETITOR,Bintang 4,MercureJakartaCikini,positive,0.9990494847297668,Service Quality,"Service Quality (1.00); Cleanliness, Hygiene & Maintenance (1.00); Facilities & Amenities (0.99)"
pradipta dirgantara,2020,4,strategis terletak masuk pusat jakarta mereka memiliki gym kecil dan kolam renang buffet adalah lezat dan beragam mencoba ruang konferensi tapi mikrofon tidak bekerja dengan baik toilet dan ruang doa yang cukup ramah staf terbatas tempat parkir,KOMPETITOR,Bintang 4,MercureJakartaCikini,positive,0.8775067925453186,Facilities & Amenities,"Facilities & Amenities (1.00); Location, Accessibility & Parking (0.95); Service Quality (0.93)"
Cindhi,2019,3,datang ke hotel ini untuk satu malam pelatihan itu sebenarnya memiliki fasilitas yang baik namun dibandingkan dengan hotel lain di kelas yang sama itu mungkin kehilangan keuntungan untuk kamar kecil dan makanan tidak tersedia dengan mudah terutama ketika ada banyak seminar berlangsung pada satu waktu restoran masuk khusus bukan favorit saya kurang variasi makanan juga ruang doa terletak di ruang bawah tanah tanpa fasilitas yang cukup esp masuk syarat kebersihan,KOMPETITOR,Bintang 4,MercureJakartaCikini,negative,0.9893789887428284,Facilities & Amenities,Facilities & Amenities (0.97); Guest Experience (0.59); Food & Beverage (0.59)
noviana fatikhatuz,2025,5,semua makannya enak,KOMPETITOR,Bintang 4,MercureJakartaCikini,positive,0.9983533620834351,Food & Beverage,"Food & Beverage (0.94); Facilities & Amenities (0.93); Loyalty, Recommendation & Appreciation (0.90)"
Henri H,2023,5,Baru pertama menginap di sini kesannya mantap lokasinya tengah kota deket taman ismail marzuki karyawannya ramah kamarnya nyaman fasilitas lengkap satu lagi sarapannya enak dianjurkan,KOMPETITOR,Bintang 4,MercureJakartaCikini,positive,0.9995306730270386,Facilities & Amenities,Facilities & Amenities (0.99); Room Quality & Comfort (0.96); Service Quality (0.96)
Amanda ADW,2025,5,layanan yang baik dan kualitas yang baik,KOMPETITOR,Bintang 4,MercureJakartaCikini,positive,0.9938702583312988,Service Quality,Service Quality (0.99); Facilities & Amenities (0.98); Service Efficiency & Responsiveness (0.98)
Irsyadul Ibad,2024,5,akses mudah namun parkir basement terbatas untuk mobil pelayanan bagus dan ramah lobby tepat berada didepan akses masuk dari jalan raya,KOMPETITOR,Bintang 4,MercureJakartaCikini,positive,0.9988652467727661,Service Efficiency & Responsiveness,"Service Efficiency & Responsiveness (0.96); Location, Accessibility & Parking (0.96); Facilities & Amenities (0.96)"
Dimas Prakasa,2025,3,hotelnya berada di pusat kota jakarta dekat contoh dengan stasiun cikini tinggal jalan setengan kilo hanya saja memang dikarenakan jalannya utamanya yang sempit benar2 membutuhnya kesabaran yang luar biasa jika kita menuju hotel ini terutama dijam padat untuk fasilitas hotelnya sudah baguss dan nyaman tempatnya terdapat atap bar yang bisa dibuat santai dengan pemandangan gedung jakarta serta kereta api,KOMPETITOR,Bintang 4,MercureJakartaCikini,positive,0.9991447925567627,Facilities & Amenities,"Facilities & Amenities (0.99); Service Quality (0.81); Location, Accessibility & Parking (0.80)"
Fernando Mongkau,2025,3,pelayanan tidak baik tidak ramah layanan kamar lambat respon pesan makanan lama diantar makanan mahal tidak enak daging sapinya keras banget tidak layak di konsumsi,KOMPETITOR,Bintang 4,MercureJakartaCikini,negative,0.9991316199302673,Guest Experience,Guest Experience (1.00); Facilities & Amenities (0.99); Check in/out Experience (0.91)
Grasbita Tifa,2019,5,hotel ini tergolong baru dengan konsep jakarta tempo doeloe yang sangat bersih dan kualitas kamar cukup mumpuni juga makanan sarapan yang cukup lezat staf tergolong cukup ramah namun elegan mereka bekerja profesional ternyata memang benar bahwa kolam renang dilantai atas memang bagus di mana pemandangan pada malam hari sangat romantis cocok untuk melepas lelah sambil santai di bar kekurangan penunjang hotel ini tidak ada apotek dan kurang dekat dengan swalayan di mana harus jalan ke dekat pom bensin di mana dapat menemukan swalayan kecil untuk kebutuhan selama menginap,KOMPETITOR,Bintang 4,MercureJakartaCikini,positive,0.9970552921295166,Facilities & Amenities,Facilities & Amenities (0.86); Service Quality (0.54); Staff Conduct & Hospitality (0.51)
Luqman Hakim,2024,5,datang untuk acara buka puasa bersama semua yang bisa kamu makan tapi menuunya kurang banyak variasi pelayanannya seh ramah dan makanan cepat di isi ulang hanya saja rasanya kurang berkesan terlalu umum seharusnya ditambah menu yang spesial,KOMPETITOR,Bintang 4,MercureJakartaCikini,positive,0.8081574440002441,Service Efficiency & Responsiveness,Service Efficiency & Responsiveness (0.98); Guest Experience (0.97); Service Quality (0.96)
Annisa Fadhila Rahma,2024,5,pusat kota jakarta bisa kita taklukan jika macet melanda tak perlu pusing jika anda melakukan perjalanan dinas atau liburan dan membutuhkan tempat untuk menginap mampirlah ke hotel mercury hotel cikini tempat sangat strategis dekat dengan stasiun cikini stasiun senen dan lokasi di pusat kota selain menyediakan kamar hotel mercury hotel cikini juga menyediakan ruang pertemuan besar tak perlu pusing jika anda akan merancang paket pertemuan di sini penjualan pemasaran yang ramah siap membantu anda ohya di atap juga ada kolam bolehlah sesekali berenang sambil menikmati pemandang melihat anda guys,KOMPETITOR,Bintang 4,MercureJakartaCikini,positive,0.9990770816802979,Facilities & Amenities,Facilities & Amenities (0.93); Service Efficiency & Responsiveness (0.88); Family & Group Friendly (0.82)
AR Project,2023,3,kamar banyak nyamuk lampu didalam kamar jg ada beberapa yang mati tidak berfungsi tidak diketuk atau dirawat rutin kaya udara baru minum refil jauh ac juga lumayan mantap hangat baru alias tidak dingin,KOMPETITOR,Bintang 4,MercureJakartaCikini,positive,0.9956087470054626,"Cleanliness, Hygiene & Maintenance","Cleanliness, Hygiene & Maintenance (0.91); Facilities & Amenities (0.90); Service Quality (0.83)"
Pendongeng Id,2025,5,Terimakasih Mercur Hotel Cikini atas pelayanan baiknya,KOMPETITOR,Bintang 4,MercureJakartaCikini,positive,0.9968469738960266,Service Quality,Service Quality (1.00); Guest Experience (0.93); Service Efficiency & Responsiveness (0.88)
yedida asteria,2020,4,pelayanannya baik dan ramah kamarnya nyaman terletak di tengah kota mudah dijangkau dengan kendaraan apa pun dekat dengan stasiun kereta api cikini makanan yang dihidangkan pun segar terdapat kolam renang di lantai paling atas yang dapat diakses oleh penginap tersedia ruangan rapat multifungsi untuk berbagai kegiatan,KOMPETITOR,Bintang 4,MercureJakartaCikini,positive,0.9994100332260132,Facilities & Amenities,Facilities & Amenities (0.99); Service Quality (0.99); Room Quality & Comfort (0.98)
Rizky,2025,5,Kamarnya cukup luas dengan TV pintar tersedia untuk menonton acara favorit Anda di Netflix YouTube restoran juga menyediakan makanan yang sangat nikmat,KOMPETITOR,Bintang 4,MercureJakartaCikini,positive,0.9989616870880127,Facilities & Amenities,Facilities & Amenities (1.00); Food & Beverage (0.88); Guest Experience (0.88)
Armanto “Arman” Joedono,2023,3,1 19 Agustus malam pukul 22 00 saya checkin untuk mengikuti acara dari menaker saat akan membuat salinan saya lihat di dasar teko agak kotor dan saya bermaksud membersihkannya dengan tangan saya amat terkejut karen plat konduktornya amat panas padahal teko kering tidak ada udara sama sekali 2 udara di kamar mandi tidak panas sama sekali sementara acara dan saat masuk kamar ac sudah dalam keadaan menyala dengan suhu terendah 2 pada pagi hari di acara di lantai 1 kopi yang disajikan sangat encer hampir saya bisa mengatakan itu bukan kopi melainkan udara panas yang disiram dengan kopi encer,KOMPETITOR,Bintang 4,MercureJakartaCikini,negative,0.9944013953208923,Check in/out Experience,Check in/out Experience (0.96); Booking & Reservation Experience (0.80); Guest Experience (0.80)
Hotelvid,2019,5,yang menjadi konsestrasi saya adalah bahwa hotel ini terletak di tempat yang sangat strategis sangat dekat kemana2 dekat dengan taman ismail marjuki rscm jalan surabaya dan beberapa keduataan asing tambah sangat dekat dengan stasiun cikini pelayanan disana pun sangat maksimal staf yang ramah dan makanan yang lezat lezat kamar hotel dengan jendela besar sangat membuat nyaman ketika berada di dalam kamar saya juga sangat suka dengan atap top bar di hotel ini berdampingan dengan atap top kolam sangat nyaman bersantai2 disana sangat merasa istimewa ketika bisa merasakan sebuah pelamayan khusus kelompok hotel yaitu khas hati dimana aku menginap di istimewa,KOMPETITOR,Bintang 4,MercureJakartaCikini,positive,0.9994298815727234,Staff Conduct & Hospitality,Staff Conduct & Hospitality (1.00); Facilities & Amenities (1.00); Service Quality (1.00)
Firman Wahyudi,2019,2,kamarnya kecil tidak sebanding harga dan untuk sarapan pilihannya sangat sedikit tidak ada menu ikan atau ayam menu utama hanya disediakan nasi goreng kentang kacang merah dan telur rasanya pun biasa saja hotel kecil kamar minim kolam kecil dan menu sarapan seadanya,KOMPETITOR,Bintang 4,MercureJakartaCikini,negative,0.8913020491600037,"Loyalty, Recommendation & Appreciation","Loyalty, Recommendation & Appreciation (1.00); Facilities & Amenities (1.00); Ambience & Design (1.00)"
Bettia Bermawi,2019,3,pengalaman sebagai peserta beberapa pelatihan atau rapat di mercu cikini lokasi strategis fasilitas bersih terawat staf yang ramah dan parkir yang berguna terbatas masih ada ruang perbaikan untuk sarana ruang pertemuan sistem tata suara dari ruang sebelah masih mengganggu toilet wanita di lantai g cubicle sempit hanya ada tempat pembuangan napkin sanitasi bukan tempat sampah hanya tersedia 1 tempat sampah di dekat wasfatel kualitas makanan standar kopi yang tidak termasuk dalam buffet diharapkan lebih terasa karena menggunakan merek yang cukup terkenal saya percaya pihak manajemen akan memperhatikan dan mencari solusi terbaik untuk sukses mercu cikini,KOMPETITOR,Bintang 4,MercureJakartaCikini,positive,0.92081218957901,"Location, Accessibility & Parking","Location, Accessibility & Parking (0.99); Facilities & Amenities (0.99); Service Quality (0.90)"
AGDINAL BRILLIANT,2018,5,hotel modern yang menyajikan makanan lezat dengan berbagai menu pilihan yang dapat memenuhi keinginan tamu kamar yang luas nyaman serta dapat memberikan kenyamanan bagi yang menginginkan istirahat ruang maksimum pertemuan yang saat untuk kegiatan kantor serta lokasi hotel yang sangat strategis membantu memudahkan kita dalam menjangkau lokasi,KOMPETITOR,Bintang 4,MercureJakartaCikini,positive,0.9992753863334656,Facilities & Amenities,Facilities & Amenities (1.00); Room Quality & Comfort (0.98); Guest Experience (0.95)
Faris Hafizh Makarim,2025,5,Tinggal di sini adalah keputusan terbaik yang pernah saya lakukan,KOMPETITOR,Bintang 4,MercureJakartaCikini,positive,0.9926072359085083,Guest Experience,Guest Experience (0.94); Facilities & Amenities (0.71); Room Quality & Comfort (0.69)
Rina A,2021,4,kamarnya gede banget luas banget restorannya tidak terlalu luas tapi makanannya enak enak banget dan memuaskan di depan hotel ini sering macet tapi masih oke sih deket banget dari stasiun cikini masih di tengah kota jakarta dan mudah dijangkau pemandangannya tidak terlalu bagus soalnya sekitarnya itu cuma gedung2 saja,KOMPETITOR,Bintang 4,MercureJakartaCikini,positive,0.9981470108032227,Facilities & Amenities,"Facilities & Amenities (0.36); Service Quality (0.35); Location, Accessibility & Parking (0.33)"
ceritaeka (Eka Situmorang-Sir),2019,5,suka banget sama lokasinya karena dekat dari mana mana dekat sama stasiun dekat ke sudirman dan kuningan juga dekat ke bioskop sama penjaja makanan buat sekolah pelayananya super ramah kamarnya bersih dan nyaman ada pengering rambut nya lho saya menginap di ruang istimewa dan bisa gratis minibar serta gratis mocktail di kolam renang yang wajib diintip adalah kolam renang di atapnya dari sini bisa terlihat pemandangan kota jakarta dari atas duduk sakit sakit sakit sambil perlahan melihat satu persatu lampu menyala itu suka sama sarapannya juga dari senangnya sama hotel ini saya sudah 2 kali menginap dan sepertinya akan seru ke sana lagi,KOMPETITOR,Bintang 4,MercureJakartaCikini,positive,0.9994872808456421,Facilities & Amenities,"Facilities & Amenities (1.00); Cleanliness, Hygiene & Maintenance (0.99); Room Quality & Comfort (0.99)"
Immanuel Rimarsta,2019,5,Saya suka dengan hotel ini karena strategis ditambah dekat dengan kereta api kebetulan saya kereta mania saya minta saat check masuk kamar dengan view kereta api yang kebetulan ayah saya juga menyukai dan pak roy memberikan kamar sesuai harapan walau kamar yang ada 2 tempat tidur proses check masuk cukup cepat walau hotel ramai grup kualitas makanan saat sarapan cukup bervariasi namun bihun dan nasi goreng agak banyak minyak semua enak dan croissant nya kapan waktu akan memilih hotel ini bersama keluarga,KOMPETITOR,Bintang 4,MercureJakartaCikini,positive,0.9990801811218262,Service Quality,Service Quality (0.98); Family & Group Friendly (0.97); Service Efficiency & Responsiveness (0.95)
Ichsan Nur Rochmad,2023,4,Ini hotel yang dikelola dengan baik meskipun itu adalah area kecil lokasi hotel ini tepat di area tersibuk apa yang saya suka tentang tempat ini adalah makanan meskipun itu sedikit hit dan rindu kadang-kadang saya pikir beberapa makanan milik kelas atas hotel taman sepeda motor di ruang bawah tanah Anda tidak perlu mendaftarkan piring Anda,KOMPETITOR,Bintang 4,MercureJakartaCikini,positive,0.9979506134986877,Facilities & Amenities,Facilities & Amenities (0.99); Food & Beverage (0.99); Service Quality (0.97)
SASKIA RANA KAYZIA,2025,5,kamarnya yang sangat bersih dan layanan yang baik membuat saya nyaman berada di hotel ini,KOMPETITOR,Bintang 4,MercureJakartaCikini,positive,0.9973207116127014,Room Quality & Comfort,Room Quality & Comfort (1.00); Service Quality (1.00); Facilities & Amenities (1.00)
Gracia Vidya,2019,5,liburan yang mengesankan bersama keluarga saat akhir pekan proses cek masuk menunggu sekitar 10 menit kualitas sarapan cukup lezat dan ada manajer incharge yang melakukan survei saat kami sarapan dimana pak rio jugq menanyakan mengenai seputar kamar kami pak barsel cukup komunikatif dalam pelayanan kami merasa diperhatikan kolam renang sangat oke dan melihat lokasi bagus makanan diluar hotel juga sangat banyak namun harus jalan sekitar 15 menit,KOMPETITOR,Bintang 4,MercureJakartaCikini,positive,0.998672366142273,Facilities & Amenities,Facilities & Amenities (1.00); Family & Group Friendly (0.99); Service Quality (0.99)
Timmy Ng,2023,4,Hotel ini memiliki lokasi yang baik salah satu kuliner Jakarta terbaik masuk daerah ini sarapan dan makan siang masuk restoran yang baik ada juga ruang kegiatan untuk anak masuk sudut lobi kolam renang masuk atap dengan pemandangan sekitar dan ada bar atap,KOMPETITOR,Bintang 4,MercureJakartaCikini,positive,0.9994756579399109,Food & Beverage,Food & Beverage (0.98); Facilities & Amenities (0.98); Family & Group Friendly (0.91)
Murniaseh Endah,2025,5,memuaskan dan makanan enak,KOMPETITOR,Bintang 4,MercureJakartaCikini,positive,0.9993329644203186,Food & Beverage,"Food & Beverage (0.90); Service Quality (0.90); Loyalty, Recommendation & Appreciation (0.89)"
Mulya S.,2023,1,bisa tidak password wifi tidak usah pakai email kayak hotel2 berbintang lainnya pakai kombinasi huruf dan angka bisa mudah buat yang kamarnya dipesenin orang lain misal panitia kegiatan ini sangat merepotkan,KOMPETITOR,Bintang 4,MercureJakartaCikini,negative,0.9904995560646057,Digital Connectivity & Technology,Digital Connectivity & Technology (0.67); Guest Experience (0.52); Management & Policy Issues (0.51)
airin work,2023,3,Wc kamar bau pesing kebagian kamar yang merokok area baunya selorong dan memang nempel banget sih di seprai kamar tapi ya resiko yang setuju pengunjung angkat beberapa x banyak yang gk di masker keamanan dan cari parkir terbilang sangat membantu,KOMPETITOR,Bintang 4,MercureJakartaCikini,negative,0.9380624294281006,"Location, Accessibility & Parking","Location, Accessibility & Parking (0.96); Guest Experience (0.82); Safety & Security (0.78)"
Nicke Ayu Claracitra,2019,5,hotel dengan kamar yang nyaman lokasi strategis di pusat kota jakarta kamarnya nggk terlalu luas tapi ditata apik layanan sangat baik pelayannya ramah dan membantu proses cek masuk dan cek keluar cepat dan mudah sayangnya tidak tersedia valley parkir atap kolam renang nya wajib coba,KOMPETITOR,Bintang 4,MercureJakartaCikini,positive,0.9994224309921265,Facilities & Amenities,Facilities & Amenities (0.99); Service Efficiency & Responsiveness (0.98); Check in/out Experience (0.98)
Maryanti C,2019,5,hotel yang cukup mumpuni dalam hal akomodasi dan fasilitas menu baru sarapan di hotel ini juga cukup lezat sesuai dengan standar hotel bintang 4 di jakarta hotel berlokasi dekat menteng cikini dimana banyak pilihan makan malam diluar dan dekat mall juga jika bosan makan di hotel pelayanan cukup cepat saat cek masuk maupun cek keluar walau kedua kali saya menginap hotel sedang penuh oleh tamu grup boleh mencoba jika ke jakarta karena suasana hotelnya nyaman ditunjang kamar dan seluruh area yang bersih,KOMPETITOR,Bintang 4,MercureJakartaCikini,positive,0.9992313385009766,Facilities & Amenities,Facilities & Amenities (0.99); Service Quality (0.99); Service Efficiency & Responsiveness (0.99)
Dinar Pratamaaji,2023,4,Kami memilih kamar istimewa dengan harapan yang sangat tinggi untuk kenyamanan tetapi ada sedikit kebingungan ketika kami tiba di hotel itu adalah satu setengah sore ketika kami memeriksa masuk resepsionis mengatakan kamar tidak siap belum sejak kami tiba 30 menit sebelumnya kami mengerti itu normal mereka meminta kami untuk menunggu di lobi dan menyarankan kami untuk menggunakan kartu istimewa kami mereka memberi kami sebelumnya dan menikmati teh sore gratis di restoran terdekat pertama kebingungan pelayan mengatakan kami hanya dapat menggunakan kartu istimewa pada 4: 7 malam oke itu tidak masalah besar bagi kami untuk jujur kemudian kami membeli beberapa makanan di,KOMPETITOR,Bintang 4,MercureJakartaCikini,negative,0.9804061651229858,Personalized & Special Services,Personalized & Special Services (0.99); Check in/out Experience (0.98); Room Quality & Comfort (0.95)
putu sukarini,2023,5,pelayanan dari pegawai yang nama nya rita bagian rumah menjaga sangat bagus baik dalam kebersihan kamar penyediaan peralatan km mandi kopi teh gula air mineral bagus kebersulihan km manti juga baik n hari dibersihkan termasuk penyediaan alat km mandi selain itu etika rita juga bagus ramah komunikatif hotel mercure cikini sangat layk untk dijadikan tempat nginap istirahat maupun tempat pelatihan,KOMPETITOR,Bintang 4,MercureJakartaCikini,positive,0.9991022348403931,"Cleanliness, Hygiene & Maintenance","Cleanliness, Hygiene & Maintenance (1.00); Staff Conduct & Hospitality (1.00); Facilities & Amenities (0.99)"
wildhan stoner,2019,4,tempatnya dekat dengan stasiun mudah dilihat keamanan resepsionisnya ramah2 makanannya jg lumayan enak cuma kurang variasi antara makan pagi siang sama malamnya kopi nya tidak enak menurut saya perlengkapan alat bantu di ruang pertemuan jg tidak lengkap seperti penunjuk tidak ada mic yang sering mati2 an juga kolam renang terlalu banyak kaporit bikin mata perih dan pedih padahal baru 15 menit usahakan pakai kaca mata renang yaa,KOMPETITOR,Bintang 4,MercureJakartaCikini,negative,0.9561699628829956,Facilities & Amenities,Facilities & Amenities (0.92); Service Quality (0.83); Food & Beverage (0.58)
Matha Official,2019,4,Hotel ini kamarnya cukup nyaman untuk pelayanan menu makanan cukup bervariasi tapi jika rasanya untuk lidah saya agak kurang saat seperti kurang enak tapi itu relatif tergantung kita masing-masing untuk ruang pertemuannya juga cukup nyaman,KOMPETITOR,Bintang 4,MercureJakartaCikini,positive,0.9976602792739868,Facilities & Amenities,Facilities & Amenities (0.99); Food & Beverage (0.97); Guest Experience (0.96)
Adie Db,2023,5,ucapan terima kasih dari kami timurjauh kepada pihak manajemen mercur hotel atas pelayanan selama kegiatan festival musik etnis internasional 2022 terspesial untuk mas puji semua tim luar biasa untuk menu2 uenaknya yang disajikan serta pelayanannya yang sangat komplit insya allah kami bisa kembali lagi,KOMPETITOR,Bintang 4,MercureJakartaCikini,positive,0.9974162578582764,Service Quality,Service Quality (0.99); Personalized & Special Services (0.98); Cultural & Heritage Experience (0.96)
RYudha,2021,5,langganan jika menginap di jakarta lokasi strategis di cikini staf yang ramah dan membantu kamar dan perlengkapan di dalamnya bagus menu resto juga nikmat jika mau ngopi dini atap boleh juga membuang kolam renang ada ruang pertemuan dan mushola di ruang bawah tanah secara keseluruhan bagus,KOMPETITOR,Bintang 4,MercureJakartaCikini,positive,0.9994440674781799,Staff Conduct & Hospitality,Staff Conduct & Hospitality (0.99); Facilities & Amenities (0.99); Service Quality (0.98)
Ade Orie,2020,5,semalam sudah merasakan istirahat di sini kamarnya bersih ruangan luas ac bisa atur sendiri untuk tingkat dingin pelayanan yang sangat ramah mulai dari masuk parkir sudah disambut bp satpam kemudian diarahkan ke tempat parkir tapi belum icip icip masakannya nih,KOMPETITOR,Bintang 4,MercureJakartaCikini,positive,0.9991313815116882,Service Quality,Service Quality (0.99); Staff Conduct & Hospitality (0.98); Service Efficiency & Responsiveness (0.98)
Ai J,2025,5,hotel yang nyaman makanan sangat enak bervariasi fasilitas yang lengkap dan letaknya yang strategis di cikini dengan tetap menerapkan protokol kesehatan,KOMPETITOR,Bintang 4,MercureJakartaCikini,positive,0.9993921518325806,Facilities & Amenities,Facilities & Amenities (0.99); Service Quality (0.93); Sustainability & Environmental Quality (0.90)
Simon In Bali,2025,1,Terrible lokasi kereta berjalan melewati setiap 15 menit malang melihat lobi kamar mengerikan dengan mini raja ukuran tempat tidur dan secara keseluruhan hanya bertanya-tanya mengapa merek mercury itu bahkan tidak lebih dekat seperti ibis pada yang terbaik whst tempat sampah dan untuk menambahkan penghinaan ke cedera tidak oat atau susu badam untuk masuk kopi dan alasan bodoh mengapa mereka tidak memiliki itu membeli saya sendiri di toko di jalan,KOMPETITOR,Bintang 4,MercureJakartaCikini,negative,0.9992320537567139,Facilities & Amenities,Facilities & Amenities (0.99); Check in/out Experience (0.86); Food & Beverage (0.86)
Nadia Yuniska,2020,5,Aku tinggal di sini untuk menghabiskan Malam Tahun Baru dengan keluarga kami suka tinggal masuk mercure sangat besar layanan dan aksi cepat ketika ada antrian panjang masuk restoran untuk sarapan mereka memecahkannya indah indah kolam renang dengan air hangat pemandangan yang bagus pasti akan kembali tinggal di mercure untuk liburan lain oh aku juga menyukai keunggulan gratis minibar check out sampai 4 pm,KOMPETITOR,Bintang 4,MercureJakartaCikini,positive,0.9993614554405212,Service Efficiency & Responsiveness,Service Efficiency & Responsiveness (1.00); Facilities & Amenities (1.00); Service Quality (1.00)
Adhika W Kumara,2024,5,lagi pengen leyeh leyeh santai badan juga lagi rada pegel ada poin semua yang belum kepake buku gas pada hari yang sama dan saya mendapatkan layanan kamar nyaman saya cek masuk jam 20 00 walaupun tumbuh tidak ada staf masih memberi saya biasanya hangat salam semua anggota manfaat saya merawat dengan baik semua komplen seperti mini bar juga tersedia segera kamar saya mendapatkan upgrade saya manfaat ke ruang istimewa sangat nyaman khusus terima kasih mas puji dan mba yah lupa tidak nanya untuk melayani sarapan sangat profesional hangat dan layanan yang sangat baik secara keseluruhan itu menyenangkan menghibur dan santai tinggal masuk hotel ini akan kembali segera,KOMPETITOR,Bintang 4,MercureJakartaCikini,positive,0.9919752478599548,Facilities & Amenities,Facilities & Amenities (0.98); Guest Experience (0.98); Service Quality (0.97)
Andreas Kurniawan,2019,5,datang kemari untuk makan di buffet lokasinya nyaman parkir juga relatif mudah dan staf sedia membantu kesan awal sudah sangat bagus makanan yang disajikan cukup beragam dan rasanya enak kamar juga nyaman bersih eesuai deh dengan kualitas mercuure sempat coba juga minum di atap pemandangan oke bagus banget kalau malam,KOMPETITOR,Bintang 4,MercureJakartaCikini,positive,0.9993098974227905,"Location, Accessibility & Parking","Location, Accessibility & Parking (1.00); Facilities & Amenities (0.99); Service Quality (0.99)"
Adiyatnika Raiden,2022,5,Salah satu hotel nyaman di tengah kota jakarta dekat dengan pusat kuliner di daerah cikini dekat juga dengan taman ismail marzuki kamarnya cukup nyaman pastrynya uenak puol makanan prasmanannya mayan enak juga akses mudah banget juga dekat dengan stasiun cikini,KOMPETITOR,Bintang 4,MercureJakartaCikini,positive,0.9995728135108948,Room Quality & Comfort,Room Quality & Comfort (0.95); Facilities & Amenities (0.95); Service Quality (0.87)
Ben you,2023,5,Saya selalu mencintai Hotel Mercury untuk layanan pelanggan dan tempat strategis saya datang ke sini untuk bepergian jakarta dan tempat ini adalah yang terbaik meskipun tempat parkir sempit tempat ini sangat menakjubkan saya benar-benar merekomendasikan Anda menjadi bagian dari anggota accor karena Anda dapat mendapatkan upgrade gratis yang cukup menakjubkan sejauh ini pengalaman saya masuk hotel ini sangat memuaskan,KOMPETITOR,Bintang 4,MercureJakartaCikini,positive,0.9994359612464905,Service Quality,"Service Quality (1.00); Location, Accessibility & Parking (1.00); Loyalty, Recommendation & Appreciation (0.99)"
Didit A Irwantoko,2018,4,Hotel yang baik makanan yang baik tapi layanan harus ditingkatkan tidak ada kain masuk toilet speaker lobi kamar terlalu keras meskipun saya telah meminta staf hotel tidak berubah tolong memperbaiki Anda mushola terlalu jangan kotor dan berdebu tolong memperbaiki layanan Anda,KOMPETITOR,Bintang 4,MercureJakartaCikini,negative,0.9824427366256714,Facilities & Amenities,Facilities & Amenities (1.00); Service Quality (0.99); Food & Beverage (0.99)
Ar project13,2023,2,AC tidak ada dingin2 nya lampu kamar byk yang tidak berfungsi tidak nyala karpet berdebu refil udara minum jauh cm ada dkt angkat kamar byk nyamuk,KOMPETITOR,Bintang 4,MercureJakartaCikini,negative,0.9984115362167358,Facilities & Amenities,Facilities & Amenities (0.92); Sustainability & Environmental Quality (0.77); Service Quality (0.69)
Andi NurHatijah,2020,5,Lokasinya strategis dekat ke pusat perbelanjaan gi pi thamrin dn tnh abang makananx enak2 variatif pelayananx oke malah sempt saat mau cek masuk ada masalah mana waktu itu kmrx lagi penuh2 alhamdulillah dselesaikn dengan baik sayang view dari kamar dn atapnya kurang bagus tapi secara keseluruhan merkuri ini pilhn tepat sih klo liburn ke jkt,KOMPETITOR,Bintang 4,MercureJakartaCikini,positive,0.9990831613540649,Service Quality,Service Quality (0.99); Facilities & Amenities (0.95); Service Efficiency & Responsiveness (0.94)
mustika anggiane putri,2024,5,hotel bersih nyaman view kota yang cantik makanannya enak semua variasi nya banyak banget makanannya lengkap menu indo menu barat jajanan tradisionalnya juga lengkap,KOMPETITOR,Bintang 4,MercureJakartaCikini,positive,0.9993532299995422,Facilities & Amenities,"Facilities & Amenities (0.96); Food & Beverage (0.91); Cleanliness, Hygiene & Maintenance (0.90)"
Eka Sutrisno,2020,5,menginap 2 malam tidak cukup hahahaha kamarnya keren dan nyaman banget pilihan menu sarapannya berganti ganti setiap hari jadi tidak bosen atapnya asik dengan pemandangan kota yang keren,KOMPETITOR,Bintang 4,MercureJakartaCikini,positive,0.9992713332176208,Facilities & Amenities,Facilities & Amenities (0.99); Room Quality & Comfort (0.99); Food & Beverage (0.93)
Loveria Sekarrini,2019,1,pelayanan sangat buruk kami anggota emas accor group tapi mendapatkan pelayanan yang sangat buruk sayang sekali untuk hotel bagus tapi pelayanan sangat buruk kamar hotel tidak dibersihkan tidak diinfookan bahwa kamar merokok tidak bisa upgrade kamar keluarga kami tidak bisa memeriksa masuk compliment vip tidak terlalu enak menu makan biasa saja intinya sangat2x mengecewakan,KOMPETITOR,Bintang 4,MercureJakartaCikini,negative,0.9993661046028137,Food & Beverage,Food & Beverage (0.99); Guest Experience (0.99); Pricing & Value for Money (0.89)
Osler Tjuandra,2021,5,Anda akan memeriksa masuk dengan Anda jika permintaan Anda telah terpenuhi yang saya hargai ada kali di tempat lain saya telah meminta sesuatu dan seseorang telah lupa kamar bersih tempat tidur bantal handuk bersih semua yang bersih satu-satunya hal kecil adalah karpet sedikit kotor itu tentang itu pasti akan kembali terima kasih,KOMPETITOR,Bintang 4,MercureJakartaCikini,positive,0.9839159846305847,Check in/out Experience,Check in/out Experience (0.95); Service Quality (0.93); Facilities & Amenities (0.91)
Sutiar Utomo,2017,4,Ketika kesini hotel ini baru beberapa bulan diresmikan karena mengusung nama mercure yang tidak diragukan untuk pelayanannya pelayan nya ramah menu makannya oke cocok dengan lidah orang indonesia lokasi strategis di daerah cikini dekat dengan raden saleh dan stasiun cikini koneksi internetnya lancar baik uang sidang maupun di kamar namun karena masih baru masih ada pekerja yang lebih mudik yang paling suka dari hotel ini adalah jam meja digital yang ada di kamar karena ternyata jam nya adalah jbl horizon yang bisa dikoneksikan ke handphone untuk mendengarkan musik atau radio,KOMPETITOR,Bintang 4,MercureJakartaCikini,positive,0.9987574815750122,Service Quality,Service Quality (0.96); Service Efficiency & Responsiveness (0.84); Digital Connectivity & Technology (0.83)
Krishna,2023,5,disayangkan area masuk kadang ada polusi udara bau dari gorong2 yang lokasinya tepat didepan pintu masuk jadi gimana gitu terutama yang indra pensiannya cukup sensitif kolam renangnya enak sepi tidak terlalu banyak kaporit,KOMPETITOR,Bintang 4,MercureJakartaCikini,positive,0.9947826266288757,Facilities & Amenities,"Facilities & Amenities (0.55); Location, Accessibility & Parking (0.53); Check in/out Experience (0.31)"
Kia Annisa,2023,4,Aku suka buffet makan siang mereka itu memiliki berbagai pilihan dari soto lamongan ke nachos pergi ke hotel ini untuk pertemuan dan cemilan untuk istirahat kopi adalah luar biasa lezat dimsum goreng makaroni schotel dan kue cokelat buffet sarapan mereka juga baik kamar kamar itu baik-baik saja,KOMPETITOR,Bintang 4,MercureJakartaCikini,positive,0.9991901516914368,Family & Group Friendly,Family & Group Friendly (0.99); Service Quality (0.98); Room Quality & Comfort (0.96)
Maulana Kusumadewi,2019,5,hotel favorit tiap kali ke jakarta karena lokasinya strategis kamarnya nyaman banget untuk ukuran kamar standar tapi desain interior tata ruang tata letak barang2 pemilihan interior dan barang kombinasiasinya bikin nyaman tapi sedikit yang tidakayangkan udara agak bau makanannya enak bisa dinikmati pasti akan kembali ke sini,KOMPETITOR,Bintang 4,MercureJakartaCikini,positive,0.9993166923522949,Facilities & Amenities,Facilities & Amenities (0.99); Room Quality & Comfort (0.90); Ambience & Design (0.89)
Maria Suitella,2025,5,makanan enak tempat nyaman atap dan kolam renang bagus fasilitas lengkap semua staf juga ramah tersenyum,KOMPETITOR,Bintang 4,MercureJakartaCikini,positive,0.9992642998695374,Facilities & Amenities,Facilities & Amenities (1.00); Service Quality (0.97); Room Quality & Comfort (0.97)
wathon kroncong 175,2025,5,tempatnya bagus dan nyaman,KOMPETITOR,Bintang 4,MercureJakartaCikini,positive,0.9993651509284973,Room Quality & Comfort,"Room Quality & Comfort (1.00); Facilities & Amenities (0.99); Cleanliness, Hygiene & Maintenance (0.90)"
2022 rolls,2025,5,kamar nya luas rapi dan bersih proses cek masuk dan pelayanan sangat cepat resepsionis nya mba misy ramah,KOMPETITOR,Bintang 4,MercureJakartaCikini,positive,0.9993077516555786,Service Efficiency & Responsiveness,"Service Efficiency & Responsiveness (1.00); Cleanliness, Hygiene & Maintenance (1.00); Facilities & Amenities (0.99)"
Teguh Ariyanto,2023,5,fasilitas lengkap kamar nyaman makanan secara keseluruhan enak banyak pilihan saladnya seger tidak ada antrian2 buat ambil makanan dan pelayanan ramah terutama untuk pak puji,KOMPETITOR,Bintang 4,MercureJakartaCikini,positive,0.9994668364524841,Facilities & Amenities,Facilities & Amenities (1.00); Room Quality & Comfort (0.99); Guest Experience (0.98)
A. Gunawan Wicaksono,2023,5,kebersihan kamar toilet kerapihan sangat baik mbak rita sebagai rumah tangga hotel sangat baik cekatan dan akomodatif untuk mengganti udara mineral handuk dan keperluan lainnya top,KOMPETITOR,Bintang 4,MercureJakartaCikini,positive,0.9975778460502625,"Cleanliness, Hygiene & Maintenance","Cleanliness, Hygiene & Maintenance (1.00); Service Quality (1.00); Service Efficiency & Responsiveness (1.00)"
Mentari Beauty,2024,5,lokasi stategis bisa di akses naik trans jakarta 5m dari tanah abang nanti turun saat depan mercuci cikini ada halte kamar nya luas rapi nyaman petugas membantu menu sarapan banyak dan enak oiya ada area bermain anak di lobi,KOMPETITOR,Bintang 4,MercureJakartaCikini,positive,0.9995477795600891,Facilities & Amenities,"Facilities & Amenities (0.99); Cleanliness, Hygiene & Maintenance (0.97); Service Efficiency & Responsiveness (0.96)"
Djadja Subagdja,2024,5,ruangannya nyaman bersih bagus tak jauh dari stasiun cikini dan beberapa tempat kuliner legendaris seperti gado gado boplo rumah makan ampera buryam cikini dll juga resto resto makanan arab sepanjang jalan raden saleh,KOMPETITOR,Bintang 4,MercureJakartaCikini,positive,0.999485969543457,Room Quality & Comfort,"Room Quality & Comfort (0.99); Cleanliness, Hygiene & Maintenance (0.99); Facilities & Amenities (0.95)"
ramza husmen,2023,5,layanan baru bagus makanan bervariasi kebersihan kamar bersih menyenangkan pembersihan kamar oleh rita org nya baik menanyakan apakah masih ada kekurangan atau kebutuhan kamar baik-baik saja dalam recuest mantap,KOMPETITOR,Bintang 4,MercureJakartaCikini,positive,0.9982560276985168,Guest Experience,"Guest Experience (1.00); Cleanliness, Hygiene & Maintenance (0.99); Check in/out Experience (0.99)"
Irine Clara Nurheman,2023,4,untuk standar kamar termasuk kecil dibandingkan mercuure lainnya dan untuk fasilitas seperti lemari sudah mulai pergi bautnya kursi oranye kotor sekali karpet juga agak berdebu dinding juga berdebu dan saya sempat rekam hordeng kamar mandi juga rusak tidak bisa menutup dan mandi sudah mulai bocor bagian selang dan semuanya sudah saya buat video saat mulai masuk tapi karena staf ramah tertutup oleh hal ini smg berikutnya bisa diperbaiki semuanya ya,KOMPETITOR,Bintang 4,MercureJakartaCikini,negative,0.9962749481201172,Facilities & Amenities,Facilities & Amenities (0.93); Staff Conduct & Hospitality (0.81); Service Quality (0.75)
Mirza Halim,2020,5,nyaman untuk menginap pemanas air berfungsi kamarnya juga bersih dan luas saluran tvnya juga banyak dan berbayar masakan di restorannya pun enak lokasi dekat dengan stasiun cikini jika ingin menggunakan krl di sekitarnya juga banyak makanan kaki lima,KOMPETITOR,Bintang 4,MercureJakartaCikini,positive,0.9994974136352539,Facilities & Amenities,"Facilities & Amenities (0.99); Cleanliness, Hygiene & Maintenance (0.97); Pricing & Value for Money (0.94)"
Ester Patipelohy,2018,5,Tempat tinggal yang bagus staf sangat baik dan rendah hati favorit saya adalah infinity kolam renang bar masih belum dibuka tapi terlihat menjanjikan fitness pusat dengan kualitas peralatan harga yang wajar dengan fasilitas hotel,KOMPETITOR,Bintang 4,MercureJakartaCikini,positive,0.9991668462753296,Staff Conduct & Hospitality,Staff Conduct & Hospitality (1.00); Service Quality (1.00); Service Efficiency & Responsiveness (0.99)
Riza Dzikirakbar,2020,5,kualitas kamar dan fasilitas penunjang cukup baik ditunjang oleh staf dan makanan yang sudah memadai dengan standar bintang 4 cukup bisa di rekomendasi kan bagi perusahaan untuk bertemu berskala sedang,KOMPETITOR,Bintang 4,MercureJakartaCikini,positive,0.9982792139053345,Facilities & Amenities,Facilities & Amenities (1.00); Room Quality & Comfort (0.98); Service Quality (0.98)
Nathissa Yona,2020,4,Tempat ini sangat strategis berjalan kaki jarak dari taman ismail marzuki pusat budaya masuk jakarta berjalan kaki jarak dari stasiun cikini di mana Anda dapat mendapatkan kereta langsung ke bogor atau jakarta kota tua hotel ini sangat ramah bisnis saya berasumsi sejak ada acara kantor institusi melibatkan sekelompok orang dan disediakan dengan makan malam masuk restoran kamar itu sendiri adalah modern minimalist baik kamar mandi dan kamar tidur dipisahkan oleh partisi kaca memungkinkan dua cara melihat antara kamar-kamar itu tetapi ada juga buta disediakan hanya masuk kasus Anda tinggal dengan rekan pekerja fitur favorit masuk kamar adalah j,KOMPETITOR,Bintang 4,MercureJakartaCikini,positive,0.99907386302948,Family & Group Friendly,Family & Group Friendly (1.00); Facilities & Amenities (0.99); Food & Beverage (0.99)
syaiful anwar,2025,5,hotelya yang bagus,KOMPETITOR,Bintang 4,MercureJakartaCikini,positive,0.9989000558853149,Service Quality,"Service Quality (0.99); Facilities & Amenities (0.93); Cleanliness, Hygiene & Maintenance (0.89)"
Fakhri Akmal Hidayat,2025,5,Hotel yang bagus dengan lokasi strategis,KOMPETITOR,Bintang 4,MercureJakartaCikini,positive,0.999222993850708,Service Quality,Service Quality (0.93); Facilities & Amenities (0.92); Sustainability & Environmental Quality (0.89)
Gusnaldi Chaniago,2024,5,lokasi strategis banyak makanan enak dekat dengan taman hiburan ismail marzuki pelayanan sgt ramah profesional dan memuaskan,KOMPETITOR,Bintang 4,MercureJakartaCikini,positive,0.9994648098945618,Service Quality,Service Quality (0.99); Guest Experience (0.98); Staff Conduct & Hospitality (0.98)
Tengku Muhammad Ihsan,2025,5,ruangannya dan bersih,KOMPETITOR,Bintang 4,MercureJakartaCikini,positive,0.9991971850395203,"Cleanliness, Hygiene & Maintenance","Cleanliness, Hygiene & Maintenance (1.00); Facilities & Amenities (0.99); Room Quality & Comfort (0.99)"
dalbit dalbit,2019,1,pertama selama saya tidak masuk di hotel baru kali ini dapat uang parkir padahal ambil ato uber yang drop ato jemput saya cuma sebentar dan tidak sampai1 menit apa yang perlu di kasus 5 ribu dengan lokasi masuk yang sempit kedua kamar saya sangat tidak sesuai dengan harapan saya dikarenakan kamar mandi yang lantangny berlumut kuning dan udara dingin yang sangat kecil tapi udara panasnya sangat deras dan kebanyakan tidak ada udara dingin dan tempat tidur tidak bersih 1malam saya baru tidur besok pagi badan saya bentol di punggung dan kaki dan akhirny pagi itu juga saya ke dokter kulit dan dokter kulit jika mengatakan ini akibatnya,KOMPETITOR,Bintang 4,MercureJakartaCikini,negative,0.9986352324485779,"Location, Accessibility & Parking","Location, Accessibility & Parking (0.99); Facilities & Amenities (0.96); Pricing & Value for Money (0.92)"
novan reza,2025,5,Tempat yang bagus untuk tinggal sebentar masuk jakarta,KOMPETITOR,Bintang 4,MercureJakartaCikini,positive,0.9963609576225281,Facilities & Amenities,"Facilities & Amenities (0.83); Cleanliness, Hygiene & Maintenance (0.82); Cultural & Heritage Experience (0.77)"
Mita Novyani,2025,5,Ruamgan sangat bersih staf ramah maknanan sarapan sangat enak dianjurkan bawa anak kecil ada anak kolam renang dan anak sudutnya,KOMPETITOR,Bintang 4,MercureJakartaCikini,positive,0.999481737613678,Service Quality,"Service Quality (1.00); Cleanliness, Hygiene & Maintenance (0.99); Staff Conduct & Hospitality (0.99)"
Aris Agus Pratama,2024,5,Saya dan keluarga mengenai di Jumat cikini untuk menghabiskan akhir pekan bersama ank dan istri disini pertama2 mendapat kan sambutan yang hangat dari tim fo dan bu vina atas bantuan ketika check masuk sangat lancar tanpa harus menunggu kamar pada saat itu lg ramai hotelnya dan ketika masuk kamar mendapat kamar yang bersih dan nyaman dengan tambahan kompliment kue dan untuk menu bufi sangat bervariasi dan enak2 terima untuk mercure cikini dan bu vina ank dan istri saya sangat bahagia,KOMPETITOR,Bintang 4,MercureJakartaCikini,positive,0.9986295700073242,Service Efficiency & Responsiveness,Service Efficiency & Responsiveness (1.00); Staff Conduct & Hospitality (1.00); Facilities & Amenities (1.00)
pascalis herastama,2020,3,kamar standar tetsedia fasilitas ruang pertemuan dari yang agak besar sedang hingga yang kecil rasa makanan menu utamanya kurang nendang bumbu2nya yang jagoan adalah cemilan hidangan pembuka dan penutupnya variatif dan rasanya enak,KOMPETITOR,Bintang 4,MercureJakartaCikini,positive,0.9969677329063416,Facilities & Amenities,Facilities & Amenities (0.97); Food & Beverage (0.70); Guest Experience (0.68)
Ahmad ansori Ahmad,2025,5,fasilitasnya baik pelayanan keamanan sangat memuaskan ramah ramah terutama pak arief dan pak yusuf,KOMPETITOR,Bintang 4,MercureJakartaCikini,positive,0.9993647933006287,Service Quality,Service Quality (1.00); Safety & Security (0.99); Facilities & Amenities (0.99)
Agna Andin,2023,5,area merokok di tambah kebersihan makanan harus di perhatikan menu makan relatif sama menginap di sini 4 hari menu makan sama semua setiap hari pagi nasi goreng soto pasti ada setiap pagi,KOMPETITOR,Bintang 4,MercureJakartaCikini,positive,0.9977216124534607,"Cleanliness, Hygiene & Maintenance","Cleanliness, Hygiene & Maintenance (1.00); Facilities & Amenities (0.99); Sustainability & Environmental Quality (0.92)"
Sandra Widjajahakim,2020,5,berada di jln cikini raya sebelah kanan karena jika mengikuti google map arah yang ditunjuk salah ukuran kamar hotel sedang sedang saja desain bagus nyaman kolam renang dan resto di lantai atas sangat bagus sayang matahari terbenam tertutup bangunan untuk menu sarapan banyak tapi untuk rasa agak kurang,KOMPETITOR,Bintang 4,MercureJakartaCikini,positive,0.9987608194351196,Facilities & Amenities,Facilities & Amenities (1.00); Ambience & Design (0.98); Food & Beverage (0.96)
Martin Gian Aritra,2019,4,kamar sangat nyaman sekali pelayanan baik lokasi sangat strategis disekitar juga banyak tempat kuliner parkiriran baik walau tidak terlalu luas harga yang lumayan mahal hehehe layanan 8 10 kamar 7 5 10 lokasi 8 10 parkir 6 5 10 makanan 7 10,KOMPETITOR,Bintang 4,MercureJakartaCikini,positive,0.998950183391571,"Location, Accessibility & Parking","Location, Accessibility & Parking (0.98); Facilities & Amenities (0.97); Room Quality & Comfort (0.96)"
Dwi Retno Mulyaningrum,2018,5,Rumah ini direnovasi dengan manajemen baru hotel beroperasi hampir setahun kamar masih terlihat baru tampilan kamar mandi dinding di samping tempat tidur adalah kaca jernih wali itu membuat kamar tampak lebih luas dari kenyataan saya suka suasana itu memiliki sebuah atap bar di lantai 8 akses mudah dari cikini raya jalan jika Anda tidak suka menu hotel di samping hotel ada restoran kuliner indonesia bumbu desa,KOMPETITOR,Bintang 4,MercureJakartaCikini,positive,0.9986894726753235,Facilities & Amenities,"Facilities & Amenities (0.99); Ambience & Design (0.99); Cleanliness, Hygiene & Maintenance (0.98)"
Bandung Sukma,2025,5,wih keren banget bestii saya baru pertama kali buat liburan di jakarta terus memesan di hotel ini sangat memuaskan bangett jujur ya dari mulai pelayanan hotel dan staf nya sangat ramah makanan nya pada enak enak banget lagi dari room service dan kamar nya sangat bersih dan ada taman bermain untuk anak anak juga lohh rekomen buat banget buat yang hobi wisatawan menginap di hotel ini mengapa pertanyaan buat ke tujuan dan pusat kota deket bangett terimakasih buat pelayanan baru kak,KOMPETITOR,Bintang 4,MercureJakartaCikini,positive,0.9993040561676025,Staff Conduct & Hospitality,Staff Conduct & Hospitality (0.99); Facilities & Amenities (0.99); Service Quality (0.99)
helen avrilia,2025,5,hotelnya bagus stafnya ramah semua makanan enak dan kamar kamar juga bersih dan nyaman,KOMPETITOR,Bintang 4,MercureJakartaCikini,positive,0.9993320107460022,Facilities & Amenities,"Facilities & Amenities (0.99); Cleanliness, Hygiene & Maintenance (0.99); Room Quality & Comfort (0.99)"
Anna Nurisma,2025,5,pengalaman menginap yang menyenangkan,KOMPETITOR,Bintang 4,MercureJakartaCikini,positive,0.9957717061042786,Guest Experience,Guest Experience (0.99); Room Quality & Comfort (0.93); Check in/out Experience (0.93)
Riandono Pramaputro,2022,2,Maaf untuk mengatakan bahwa saya kecewa dengan keramahan pada kunjungan pertama saya ke hotel ini kesan pertama saya lokasi hotel sangat strategis kamarnya bagus restoran itu bagus meskipun ukuran tidak cukup besar tetapi pada kedatangan kami keramahan staf kantor depan tidak baik ditambah dengan petugas concierge tidak responsif sehingga saya tim saya membawa tas kami sendiri ke kamar kami s permintaan saya untuk meminjam doa Mats juga tidak menanggapi baik tidak dikirimkan kepada kami untuk sarapan petugas restoran selalu meminta pemindaian dari peduli lind,KOMPETITOR,Bintang 4,MercureJakartaCikini,negative,0.9992497563362122,Facilities & Amenities,Facilities & Amenities (1.00); Staff Conduct & Hospitality (0.98); Guest Experience (0.97)
Wiwin Aulia,2024,5,Hari ulang tahun untuk paksu lokasinya strategis di pusat jakarta menu sarapan yang bervariasi dan enak2 smua dan terimakasih mercuure cikini hari ulang tahun cakenya terbaik lah,KOMPETITOR,Bintang 4,MercureJakartaCikini,positive,0.9989494681358337,Food & Beverage,Food & Beverage (0.74); Service Quality (0.43); Family & Group Friendly (0.39)
Renalda Bernard Mlay,2024,5,Ya kamar hotel tetap bersih sepanjang waktu staf sangat ramah profesional dan membantu saya telah memiliki pengalaman yang baik dan menerima layanan kamar yang sangat baik berkat Hezkiel pembantu rumah imam dan khoi sangat baik menghormati dan telah membersihkan kamar sangat baik saya pasti akan memilih mercure hotel cikini lain kali saya di sini terima kasihnypu musuh membuat saya tinggal nyaman terima kasih,KOMPETITOR,Bintang 4,MercureJakartaCikini,positive,0.9988529682159424,Staff Conduct & Hospitality,"Staff Conduct & Hospitality (1.00); Cleanliness, Hygiene & Maintenance (1.00); Guest Experience (0.99)"
ostiawan yudiantoro,2025,1,Kehujanan saat balik dar musholla ke ruang pertemuan,KOMPETITOR,Bintang 4,MercureJakartaCikini,neutral,0.9831536412239075,Religious & Halal Features,Religious & Halal Features (0.87); Guest Experience (0.83); Facilities & Amenities (0.82)
Johannes Lubis,2023,5,Mas puji penginapan di hotel mercure cikini sangat nyaman terutama di bawah atap ada kolam renang untuk sarapannya sangat lengkap semua menu adaa mantap,KOMPETITOR,Bintang 4,MercureJakartaCikini,positive,0.9995369911193848,Facilities & Amenities,Facilities & Amenities (1.00); Service Quality (0.98); Room Quality & Comfort (0.97)
valentina khasmara,2025,5,Pelayanannya bagus dan cepat tanggap,KOMPETITOR,Bintang 4,MercureJakartaCikini,positive,0.9992695450782776,Service Efficiency & Responsiveness,Service Efficiency & Responsiveness (1.00); Service Quality (1.00); Guest Experience (0.98)
Ria Tumimomor,2018,4,Hotel yang bagus terletak tidak jauh dari stasiun kereta cikini staf semua ramah dan membantu satu-satunya kekecewaan bagi saya bahwa menu sarapan hanya menawarkan beberapa varietas terutama pada kue jika Anda membawa orang tua kemudian menonton keluar untuk lantai kamar mandi karena cenderung sedikit licin setelah mandi tapi selain itu saya menemukan tinggal saya di sini adalah besar,KOMPETITOR,Bintang 4,MercureJakartaCikini,positive,0.9935644268989563,Staff Conduct & Hospitality,Staff Conduct & Hospitality (1.00); Service Efficiency & Responsiveness (1.00); Guest Experience (0.99)
Bernadheta Mareta,2024,5,kamarnya oke dan bersih pak puji pelayananannya baik dan ramah makanan nya enak2 tim nya baik2 dan sangat membantu tempat yang bagus untuk tinggal dengan keluarga,KOMPETITOR,Bintang 4,MercureJakartaCikini,positive,0.9977049231529236,"Cleanliness, Hygiene & Maintenance","Cleanliness, Hygiene & Maintenance (1.00); Room Quality & Comfort (1.00); Family & Group Friendly (1.00)"
Florence Natalia,2020,5,Lucunya saat lg mau pesen kue ternyata anak magang tapi masuk cara sopan dia mengatakan dia hanya seorang magang tapi dia akan menelepon seniornya untuk informasi lebih lanjut delegasi tamu dari seluruh dunia senang tinggal di sini sebenarnya juga lokasi utama karena dekat kfc 24 jam dengan mudah menemukan taksi atau transportasi umum lainnya makanan juga baik,KOMPETITOR,Bintang 4,MercureJakartaCikini,positive,0.9962157607078552,Guest Experience,Guest Experience (0.99); Facilities & Amenities (0.98); Staff Conduct & Hospitality (0.96)
ADI YADEY,2020,4,hotel standar seperti kebanyakan hotel akses di jalan besar pelayanan ramah dan baik kolam renang bagus atap dengan pemandangan jakarta fitness center ngak banget dan ngak recom menu makanan lumayan sarapan lumayan kadang enak kadang biasa saja tapi cukup bervariasi setiap hari layanan kamar lumayan belum cukup baik untuk kelengkapan kit kamar mandi jenis kamar lumayan untuk standar lobi ruang tunggu resepsi ini harga yang baik variasi dan standar fasilitas kamar oke dari lemari mini kulkas kotak simpan dan hanger dan bersih dekat dengan stasiun cikini tapi lumayan untuk ke mall bahkan dekat naik jauh atau taksi motor,KOMPETITOR,Bintang 4,MercureJakartaCikini,positive,0.998759388923645,Facilities & Amenities,Facilities & Amenities (0.97); Service Quality (0.92); Guest Experience (0.92)
mutiara tirta,2019,4,Untuk hotel yang hampir murah di jantung Jakarta Anda mendapatkan nilai setiap sen Anda membayar hotel adalah makanan bersih adalah fasilitas yang baik baik baik dan staf ramah lorong selalu terang yang membuat suasana hangat dan pasti tidak menakutkan satu-satunya masalah adalah kadang-kadang pipa menyebabkan bau buruk,KOMPETITOR,Bintang 4,MercureJakartaCikini,positive,0.999131977558136,Facilities & Amenities,Facilities & Amenities (1.00); Service Efficiency & Responsiveness (1.00); Staff Conduct & Hospitality (1.00)
Anisa Anatasya Putri,2024,5,Terima kasih kepada mercury cikini karena menyambut kami pelayanan nya keren makanan enak kolam renang keren di atap terima kasih untuk mas adnan dan mba nadia atas sambutan hangat nya dan membantu selama saya menginap akan segera kembali,KOMPETITOR,Bintang 4,MercureJakartaCikini,positive,0.9993380904197693,Facilities & Amenities,Facilities & Amenities (1.00); Guest Experience (1.00); Service Quality (1.00)
Bambang Herlambang (Bamz),2025,5,bagus hotelnya,KOMPETITOR,Bintang 4,MercureJakartaCikini,positive,0.9990455508232117,Service Quality,Service Quality (0.99); Facilities & Amenities (0.97); Room Quality & Comfort (0.91)
Fidela Rachelia (Rachel),2023,5,Saya awalnya dipesan kamar hotel untuk satu malam oleh perusahaan saya tetapi karena satu hal dan lain saya perlu memperpanjang tinggal saya untuk dua malam staf hotel semua begitu ramah dan akomodasi khusus berteriak ke mr indra untuk pergi keluar dari jalan untuk menemukan saya kamar ketika itu semua dipesan kebersihan kamar juga tak bercacat terima kasih pembantu rumah tangga layak untuk menyebutkan bahwa salah satu dari mereka adalah ms rita terima kasih miss,KOMPETITOR,Bintang 4,MercureJakartaCikini,positive,0.962035596370697,Staff Conduct & Hospitality,Staff Conduct & Hospitality (1.00); Service Efficiency & Responsiveness (1.00); Room Quality & Comfort (0.99)
Ela Nurlaelasari,2023,5,hotelnya nyaman restonya bagus pelyanannya baik mas aldi dengan istrinya membantu banget tempatnya strategis mudah dicari aksesnya mudah makasii ya,KOMPETITOR,Bintang 4,MercureJakartaCikini,positive,0.9993773102760315,Service Quality,Service Quality (0.98); Facilities & Amenities (0.98); Food & Beverage (0.97)
Diajenk Wie,2023,5,hotelnya bersih dekat dengan kuliner dn kolam renang cukuplah untuk ukuran anak menu sarapan bnyk pilihan dn enk kok pegawainya ramah,KOMPETITOR,Bintang 4,MercureJakartaCikini,positive,0.9994688630104065,Facilities & Amenities,Facilities & Amenities (1.00); Service Quality (0.98); Staff Conduct & Hospitality (0.98)
michaila Laurens,2022,1,pengalaman menginap di sini cukup mengecewakan saya menginap bersama keluarga dengan membawa anak usia 1 tahun permintaan sejak awal di kamar tidak ada area merokok tetapi malah di seberang kamar kami ada kamar yang merokok dan bau asap rokok sangat menyengat masuk ke kamar kami bau asap rokok yang menyengat membuat kami tidak nyaman lalu dalam kondisi pandemi kami meminta sarapan diantar ke kamar namun sudah menunggu selama 1 jam tapi sarapan tidak diantar juga sangat mengecewakan harap diperhatikan atas pelayanan hotel mercure cikini agar agar saya depannya bisa lebih baik,KOMPETITOR,Bintang 4,MercureJakartaCikini,negative,0.9991790652275085,Guest Experience,Guest Experience (0.96); Check in/out Experience (0.83); Booking & Reservation Experience (0.66)
Mayang Shita,2025,3,makanan dan kamar enak pelayanan kurang baik mohon mba nadia bisa lebih ramah,KOMPETITOR,Bintang 4,MercureJakartaCikini,negative,0.7473236918449402,Facilities & Amenities,Facilities & Amenities (0.86); Guest Experience (0.84); Food & Beverage (0.81)
Kayla Grace Adrienne Tan,2021,5,Mercur jakarta cikini hotel yang memiliki atmosfer yang nyaman berbeda dengan hotel lainnya staf nya ramah dan membantu kamar tidur dan kamar mandinya bersih perlengkapan mandinya disediakan lengkap sarapannya banyak pilihan dan rasanya enak kolam renangnya bersih dengan view kota jakarta suka sangat,KOMPETITOR,Bintang 4,MercureJakartaCikini,positive,0.9995239973068237,Facilities & Amenities,"Facilities & Amenities (1.00); Staff Conduct & Hospitality (1.00); Cleanliness, Hygiene & Maintenance (0.99)"
Deco Martundeng,2025,4,"Aku tidak bisa terhubung ke internet. Aku menelepon mereka tiga kali, tapi tidak datang sampai aku pergi ke resepsi.",KOMPETITOR,Bintang 4,MercureJakartaCikini,negative,0.9861931204795837,Check in/out Experience,Check in/out Experience (0.91); Guest Experience (0.85); Safety & Security (0.69)
Windy Rachma Jingga,2024,5,pengalaman yang sangat menyenangkan menginap di Jakarta cikini fasilitasnya lengkap pelayanannya juara stafnya stafnya juga ramah siap membantu apalagi tim saat anak saya mengikuti kelas memasak mbak fannie mbak shelly terima kasih mercurnya,KOMPETITOR,Bintang 4,MercureJakartaCikini,positive,0.9992781281471252,Facilities & Amenities,Facilities & Amenities (0.99); Service Quality (0.97); Family & Group Friendly (0.96)
Bram Azm,2023,4,yang kurang hanya menu makanannya saja yang kurang wah kalau dessert ya juara enak2 dan berkualitas dan yang parah adalah menuliskan label coco crunch sama sekali rasanya jauh dari enak mungkin kedepannya pihak restoran mengganti coco crunch asli atau namanya diganti sereal coklat saja agar para tamu tidak kecewa dengan kata kata coco crunch,KOMPETITOR,Bintang 4,MercureJakartaCikini,negative,0.991526186466217,Food & Beverage,Food & Beverage (0.53); Guest Experience (0.49); Management & Policy Issues (0.25)
kevin natasaputra,2025,1,Rese istri cek masuk buat wakilin padahal sudah mengkonfirmasi saja sengaja di persulit sangat tidak layak memperbaiki ke seberangnya saja novotel lebih oke jauh,KOMPETITOR,Bintang 4,MercureJakartaCikini,negative,0.9983349442481995,Check in/out Experience,Check in/out Experience (0.79); Guest Experience (0.71); Booking & Reservation Experience (0.70)
Safrul Kamil,2025,5,Sangat nyaman dan bagus,KOMPETITOR,Bintang 4,MercureJakartaCikini,positive,0.9991955161094666,Facilities & Amenities,"Facilities & Amenities (0.98); Room Quality & Comfort (0.95); Cleanliness, Hygiene & Maintenance (0.89)"
Ondy Chen,2025,5,menginap 1 malam disini pelayanan sangat baik kamar nyaman sarapannya lengkap dan enak,KOMPETITOR,Bintang 4,MercureJakartaCikini,positive,0.9993993043899536,Service Quality,Service Quality (1.00); Room Quality & Comfort (1.00); Facilities & Amenities (0.99)
Syintia Lmpg,2024,5,masyaallah nyaman banget bobo di mercure cikini kamar nya nyaman view nya bagus banget kalau malem2 makanan nya enak2 semua pelayanan ramah terbaik pokoknya,KOMPETITOR,Bintang 4,MercureJakartaCikini,positive,0.9995402097702026,Service Quality,Service Quality (0.99); Facilities & Amenities (0.96); Guest Experience (0.95)
Hary Dolly,2019,5,hotel bintang 4 yang strategis dekat stasiun cikini metropolitan xxi parkir nyaman kamar cukup nyaman standar udara hangat ada bersih wangi hanya saja lampu langit nya satu redup seperti nya mau mati kata teknik yang kami hubungi kamar nya bisa membuat merokok koridor kamar meningatkan saya dengan koridor kamar kapal titanic fasilitas lainnya ada gym kolam renang hal yang membingungkan kami tetap kena biaya untuk parkir,KOMPETITOR,Bintang 4,MercureJakartaCikini,positive,0.9560325145721436,Facilities & Amenities,"Facilities & Amenities (0.99); Location, Accessibility & Parking (0.97); Cleanliness, Hygiene & Maintenance (0.88)"
Dewi Kurniati,2023,4,kamar dan toilet yang bersih sarapan juga cukup bervariasi dan enak pelayanan room service oleh mba rita juga sangat cekatan dan membantu saya trima kasih,KOMPETITOR,Bintang 4,MercureJakartaCikini,positive,0.9991094470024109,"Cleanliness, Hygiene & Maintenance","Cleanliness, Hygiene & Maintenance (1.00); Service Quality (0.99); Staff Conduct & Hospitality (0.99)"
Rudi Permana,2023,5,pengalaman yang menyenangkan bisa menginap di hotel ini tempatnya nyaman makanannya enak2 terima kasih juga mas dan atas pelayanannya,KOMPETITOR,Bintang 4,MercureJakartaCikini,positive,0.9989926218986511,Facilities & Amenities,Facilities & Amenities (0.98); Guest Experience (0.98); Service Quality (0.97)
S. Artanto,2020,4,Saya pergi ke hotel ini setahun yang lalu untuk pertemuan saya pikir desain kamar ini unik saya menemukan jendela kaca besar terpisah kamar mandi dan kamar tidur tentu saja ada buta untuk menjaga privasi kami arsitektur kolam renang juga indah,KOMPETITOR,Bintang 4,MercureJakartaCikini,positive,0.9872950911521912,Facilities & Amenities,Facilities & Amenities (1.00); Ambience & Design (0.99); Room Quality & Comfort (0.95)
Yusuf Albanjari,2021,4,Bagus buat rapat kamar nyaman makanannya cukup enak cm di toilet pria urinirnya tipe tidak punya tabung siram buat bersihan buat muslim ini penting harus bersih disiram sebelum sholat,KOMPETITOR,Bintang 4,MercureJakartaCikini,positive,0.9967665672302246,Facilities & Amenities,Facilities & Amenities (0.91); Room Quality & Comfort (0.78); Religious & Halal Features (0.68)
eko joko,2023,5,Halo pak hezkiel terima kasih atas pelayanan pelayanannya makanannya enak dan variatif kamarnya bersih rapi pelayanan kamar jg sangat baik responsif secara keseluruhan baik semuanya,KOMPETITOR,Bintang 4,MercureJakartaCikini,positive,0.9992958307266235,"Cleanliness, Hygiene & Maintenance","Cleanliness, Hygiene & Maintenance (0.99); Guest Experience (0.99); Service Efficiency & Responsiveness (0.99)"
Ida Puji Rahayu Ningsih,2024,5,Terimakasih mercuyure cikini dan mas puji nama kita sama atas keramahannya dan juga pelayanan yang baik bbreakfast yang bnyk menu dan selalu enak membuat kami nyaman menginap di mercuyure pertahankan dan trus tingkatkan semua pelayanannya terima kasih mercuyure,KOMPETITOR,Bintang 4,MercureJakartaCikini,positive,0.9988299012184143,Food & Beverage,"Food & Beverage (1.00); Service Quality (1.00); Loyalty, Recommendation & Appreciation (1.00)"
ilyas novend,2024,5,pelayanan yang ramah dan sopan makanannya juga enak khususnya lontong sayur pada waktu sarapan kamarnya juga bersih dan rapi,KOMPETITOR,Bintang 4,MercureJakartaCikini,positive,0.9992734789848328,"Cleanliness, Hygiene & Maintenance","Cleanliness, Hygiene & Maintenance (1.00); Service Quality (1.00); Guest Experience (1.00)"
Kulkasterbang,2023,4,cek masuk harus menunggu lebih dari 3 jam karena kamar belum siap akhirnya dapat kompensasi dikasih upgrade cuman tipe dan luas kamar sepertinya sama saja beda di tv yang lebih besar saja dapat kamar yang agak berselancar dengan jalur rel fasilitas sarapan baik lokasi deket stasiun cikini gambir,KOMPETITOR,Bintang 4,MercureJakartaCikini,positive,0.9711505174636841,Facilities & Amenities,Facilities & Amenities (0.98); Guest Experience (0.83); Service Quality (0.83)
Aditya Sonihaya,2024,5,kamarnya oke yang cukup berkesan sih di daerah parkir sampingnya ada mushola yang ternyata cukup luas dan bersih adem alhamdulillah,KOMPETITOR,Bintang 4,MercureJakartaCikini,positive,0.9974378347396851,Room Quality & Comfort,"Room Quality & Comfort (0.96); Facilities & Amenities (0.94); Cleanliness, Hygiene & Maintenance (0.90)"
andrew tanoto,2018,4,Hotel butik 3 bintang dengan rasa profesional ini adalah tempat yang cocok untuk urusan bisnis atau hosting pertemuan perusahaan tidak begitu banyak liburan akhir pekan makanan yang layak dan kamar memiliki rasa kontemporer segar untuk itu,KOMPETITOR,Bintang 4,MercureJakartaCikini,positive,0.9991782307624817,Facilities & Amenities,Facilities & Amenities (0.99); Service Quality (0.98); Food & Beverage (0.97)
BAMS Ibeng,2023,4,nyaman untuk bertemu dan makanannya enak akses dari parkir ke lobi saja yang harus diingat ini tidak efektif padahal ada akses yang bisa digunakan,KOMPETITOR,Bintang 4,MercureJakartaCikini,positive,0.9983561635017395,Facilities & Amenities,"Facilities & Amenities (0.79); Location, Accessibility & Parking (0.72); Food & Beverage (0.52)"
Rhaditya Hanjani,2024,5,cikini ke gondang dia kuep liburan kekinian jangan lupa ke mercure aje ya sejauh ini hotel yang paling berkesan dengan pelayanannya yang paling hangat banged bikin meleleh view kolam renang yang menakjubkan banged view city light,KOMPETITOR,Bintang 4,MercureJakartaCikini,positive,0.9989842772483826,Service Quality,Service Quality (0.99); Facilities & Amenities (0.97); Guest Experience (0.93)
Beti Alodia,2024,5,makanan nya lumayan malam ini favorit ikan dan ayam bakar di bantuin pak ucup yang ramah saran jam untuk renang nya di tambah klo bisa sampai jam 8 malam,KOMPETITOR,Bintang 4,MercureJakartaCikini,positive,0.9979470372200012,Staff Conduct & Hospitality,Staff Conduct & Hospitality (0.97); Service Efficiency & Responsiveness (0.96); Service Quality (0.94)
Uli Sinaga,2023,5,kebersihan kamar dan ruangan lainnya baik karyawan ramah variasi makanan juga bagus hanya sangat tidak menyenangkan pada saat saya nginap 12 15 juli 2022 kolam renang lg di renovasi jadi tidak bisa digunakan,KOMPETITOR,Bintang 4,MercureJakartaCikini,negative,0.9971646666526794,Facilities & Amenities,"Facilities & Amenities (1.00); Cleanliness, Hygiene & Maintenance (1.00); Staff Conduct & Hospitality (0.99)"
Dr. Maya Surjadjaja,2023,3,sarapan makan siang n makan malam hampir sama kualitas n jumlah Aneka sambal bagus lakukan tepat waktu untuk makan jika tidak Anda akan menghadapi d dapur buffett kosong tidak lagi jaringan sebagai napkin dan peralatan ruang makan terlalu sibuk sebagian besar waktu,KOMPETITOR,Bintang 4,MercureJakartaCikini,positive,0.8743113279342651,Food & Beverage,Food & Beverage (0.98); Facilities & Amenities (0.97); Service Quality (0.96)
Hannisa Rahmaniar,2024,4,lokasi hotel sangat strategis dekat dengan beberapa lokasi wisata rumah sakit dan bisnis ada area bermain anak di lobi juga kolam renang taman terbatas,KOMPETITOR,Bintang 4,MercureJakartaCikini,positive,0.9993877410888672,Facilities & Amenities,Facilities & Amenities (0.99); Service Efficiency & Responsiveness (0.64); Guest Experience (0.58)
Deez Bij,2025,5,Tempat yang bagus untuk menikmati malam Jakarta,KOMPETITOR,Bintang 4,MercureJakartaCikini,positive,0.9967184662818909,Cultural & Heritage Experience,Cultural & Heritage Experience (0.84); Facilities & Amenities (0.84); Sustainability & Environmental Quality (0.77)
Ahmad Oktahar,2024,5,untuk di tengah kota deket dengan taman ismail marjuki pelayanan oke kebersihan oke lokasi lumayan oke oke juga terima kasih buat mas imron sebagai rumah menjaga yang membantu banget selama saya tinggal di sini sekali lg terima kasih oke banget,KOMPETITOR,Bintang 4,MercureJakartaCikini,positive,0.9993491768836975,Facilities & Amenities,"Facilities & Amenities (0.99); Cleanliness, Hygiene & Maintenance (0.99); Service Quality (0.99)"
Vellina Tambunan,2020,5,hotelnya bagus cuma kalau mingguan ramai banget hotelnya sering dipakai acara2 perusahaan gitu jadi setiap sarapan rame banget sampe susah cari tempat duduk karena emang tempat sarapannya terbatas,KOMPETITOR,Bintang 4,MercureJakartaCikini,positive,0.9864066243171692,Facilities & Amenities,Facilities & Amenities (0.55); Food & Beverage (0.49); Sustainability & Environmental Quality (0.44)
Ameil Rizky,2024,5,mendapatkan ruang dengan pemandangan kereta api untuk sesaat rasanya seperti i m masuk negara lain haha suka menu sarapan bahkan tidak memiliki banyak pilihan tetapi tidak buruk untuk rasa itu baik untuk membawa anak-anak Anda ke sini hotel memiliki kolam renang di atap mereka dan dapat melihat beberapa pemandangan dari sana tapi kolam renang tidak begitu besar dan bagi saya itu sedikit terlalu dangkal dari hotel Anda dapat berjalan ke taman ismail marzuki cikini stasiun juga metropolitan xxi sebenarnya hotel ini berada di lokasi yang baik di sekitar cikini dan menteng jadi tidak perlu khawatir tentang keseluruhan itu,KOMPETITOR,Bintang 4,MercureJakartaCikini,positive,0.9990705847740173,Facilities & Amenities,Facilities & Amenities (0.98); Family & Group Friendly (0.95); Service Quality (0.90)
muhammad fatih,2023,5,makanannya enak pelayanannya jg oke banget pesan mie ayam dibawa ke meja terima kasih ya trims buat mas puji lain kali kalau mau staycation mau nginep lg disini,KOMPETITOR,Bintang 4,MercureJakartaCikini,positive,0.9983890056610107,Service Quality,Service Quality (0.99); Staff Conduct & Hospitality (0.96); Service Efficiency & Responsiveness (0.94)
Ridwan Az Zahra,2023,5,kamar sih nyaman bersih pembersih kamar mba rita peralatan amunitis kamar mandi lengkap tpi sayang ekshousfen kamar mandi gk hidup kurang kedap suara karna agak bising lantaran dr rel kereta,KOMPETITOR,Bintang 4,MercureJakartaCikini,positive,0.9389268159866333,Facilities & Amenities,"Facilities & Amenities (0.98); Cleanliness, Hygiene & Maintenance (0.89); Service Quality (0.88)"
KORGMANIA TV,2023,5,Mas puji mercure jakarta cikini pelayanan nya bagus hotel nya kamar nya nyaman sarapan nya menu makanan nya cukup dan rasanya oke enak soto ayam nya menu nya lengkap ada anak menu meja sendiri sukses selalu,KOMPETITOR,Bintang 4,MercureJakartaCikini,positive,0.9995753169059753,Service Quality,Service Quality (1.00); Facilities & Amenities (0.99); Room Quality & Comfort (0.98)
Cody Lee,2023,5,Mercure Cinkini memiliki lokasi yang bagus dan tim yang luar biasa kamar-kamar masih modern meskipun berusia 5 tahun layanan yang sangat baik dan saya telah menerima pesan whatsapp dari resepsi meminta preferensi pribadi saya untuk kamar dan sarapan ini adalah satu-satunya accor hotel saya tinggal masuk yang menawarkan layanan yang luar biasa kebutuhan saya dihadiri dengan cepat khusus terima kasih untuk misy titik kontak pertama saya yang memberikan pengalaman pertama saya khusus sebutan adalah Deka federalick nandang dan nada yang membantu saya alamat banyak pertanyaan lokal rumah menjaga melakukan pekerjaan yang luar biasa menjaga kamar saya bersih dan tanpa noda tidak ada,KOMPETITOR,Bintang 4,MercureJakartaCikini,positive,0.9976274371147156,Guest Experience,Guest Experience (1.00); Personalized & Special Services (0.99); Check in/out Experience (0.99)
Dhinda Stiya,2019,5,Saya menginap di sini bersama keluarga saya keluarga saya sangat senang terlebih karena keluarga saya kebanyakan anak anak kecil hotel ini ternyata memiliki anak sudut yang bisa membuat keponakan saya nyaman dan atap kolamnya itu juga memiliki kolam anak yang membuat keponakan saya senang sekali pokoknya saya senang menginap di sini,KOMPETITOR,Bintang 4,MercureJakartaCikini,positive,0.9988685846328735,Facilities & Amenities,Facilities & Amenities (1.00); Guest Experience (0.97); Ambience & Design (0.96)
wey nugroho,2020,5,Di tengah hiruknya cikini hotel ini bisa jadi pilihan parkir cukuplah di nagian belakang dan basemen kita coba restonya saat makan malam dan masakannya enak semua kita coba bar atap meski kecil karena berbagi dengan kolam renang jg masih oke dua kali lipatnya,KOMPETITOR,Bintang 4,MercureJakartaCikini,positive,0.9993176460266113,"Location, Accessibility & Parking","Location, Accessibility & Parking (0.99); Food & Beverage (0.99); Facilities & Amenities (0.98)"
Muhardi Karijanto,2022,5,hotel kelas menengah yang nyaman lokasinya dekat stasiun cikini dan rscm prokes ditegakkan dengan baik menggunakan aplikasi peduli lindungi rumah menjaga memakai apd hazmat dan semua karyawan hotel sudah divaksinasi cocok buat acara kecil sampai sedang,KOMPETITOR,Bintang 4,MercureJakartaCikini,positive,0.9985295534133911,Facilities & Amenities,Facilities & Amenities (0.98); Service Quality (0.95); Family & Group Friendly (0.94)
Budi Suryono,2023,5,Pelayanan room service atas kamar yang saya inapi sangat bersih rapi sehingga nyaman untuk tidur dan menginap saudari rita sangat ramah sopan dan rajin dalam mengerjakan tugas tugasnya,KOMPETITOR,Bintang 4,MercureJakartaCikini,positive,0.9988787770271301,"Cleanliness, Hygiene & Maintenance","Cleanliness, Hygiene & Maintenance (1.00); Service Quality (0.99); Staff Conduct & Hospitality (0.99)"
Jimmy Vedder,2023,5,sekali lagi dan lagi staycation mercury jakarta cikini layanan keunggulan untuk semua kru ramah ramah ramah perawatan n cepat kamar nya modern bersih f b nya segar lezatt variatif pesan menyambut menyambut amenities begitu unik luv it begitu dianjurkan staycation di sini tinggi pekerjaan terima kasih lagi fúr nadia fannie tamu hubungan petugas misy reservasi irfan puji eka wira elsa resto adnan dicky resepsi resepsi lisa p sanjoyo general manager untuk layanan keunggulan luv it mohon maaf jika ada kesalahan dalam penulisan nama jabatan dll kesan review ini diharapkan dapat menjadi imbalan untuk mereka yang setia jabatan,KOMPETITOR,Bintang 4,MercureJakartaCikini,positive,0.9994493126869202,Service Quality,Service Quality (1.00); Family & Group Friendly (1.00); Facilities & Amenities (0.99)
Andrie Wijaya,2024,5,nyaman bersih fasilitas oke sarapan fariatif banyak pilihan masakannya enak tempat cukup strategis deket kemana mana mana,KOMPETITOR,Bintang 4,MercureJakartaCikini,positive,0.999478280544281,Facilities & Amenities,"Facilities & Amenities (0.99); Cleanliness, Hygiene & Maintenance (0.97); Service Quality (0.95)"
Djoni Irfandi,2019,5,Yang paling berkesan adl makanan di restonya yang enak2 hotel modern dengan kamar yang bagus bersih dan nyaman kolam renangnya ada di ruang atap pertemuan juga bagus sukak,KOMPETITOR,Bintang 4,MercureJakartaCikini,positive,0.9995847344398499,"Cleanliness, Hygiene & Maintenance","Cleanliness, Hygiene & Maintenance (0.99); Room Quality & Comfort (0.99); Facilities & Amenities (0.99)"
Martiana Sipahutar,2024,3,kamarnya luas itu memiliki stasiun kerja dan meja kopi hanya dua gantungan kain tersedia sehingga tidak dimaksudkan untuk tinggal lama itu begitu dekat dengan kereta api sehingga kebisingan dari kereta lewat diharapkan tampaknya pada saat-saat hotel ini bisa menjadi tuan rumah begitu banyak pertemuan bahwa ia juga berfungsi gymnya sebagai ruang pertemuan di lantai 8 yang membuat gym dipindahkan ke kamar lain dan hanya terbuka dari 8 pagi sampai 8 malam yang akan memulai pagi mereka pada 8 pagi kecuali selama akhir pekan yang hanya berarti Anda lebih baik tidak menggunakan gym sampai tidak ada lagi pertemuan mengambil alih ruang gym resto dapat,KOMPETITOR,Bintang 4,MercureJakartaCikini,positive,0.9865500926971436,Facilities & Amenities,Facilities & Amenities (0.98); Guest Experience (0.77); Service Efficiency & Responsiveness (0.72)
nila sandrawati Tanjung,2025,5,Top bangat terima kasih mas anggi,KOMPETITOR,Bintang 4,MercureJakartaCikini,positive,0.9968909621238708,"Loyalty, Recommendation & Appreciation","Loyalty, Recommendation & Appreciation (0.84); Service Quality (0.71); Sustainability & Environmental Quality (0.59)"
Elsa Rosa,2026,5,baik bersih ramah,KOMPETITOR,Bintang 4,MercureJakartaCikini,positive,0.9976376295089722,"Cleanliness, Hygiene & Maintenance","Cleanliness, Hygiene & Maintenance (0.97); Service Quality (0.96); Service Efficiency & Responsiveness (0.94)"
Hafizh Rahman,2024,5,kamarnya keren lokasi sangat strategis di tengah kota stafnya ramah sekali dri mulai cek masuk sarapan sampai cek keluar,KOMPETITOR,Bintang 4,MercureJakartaCikini,positive,0.9990723133087158,Check in/out Experience,Check in/out Experience (0.99); Staff Conduct & Hospitality (0.98); Service Efficiency & Responsiveness (0.97)
Indah Maulidya,2023,5,tinggal 2 malam pelayanan yang sangat baik mulai dari cek masuk hingga cek keluar kegiatan yang seru untuk tahun baru bersama anak anak saat sarapan pelayanannya mas puji layanan baik,KOMPETITOR,Bintang 4,MercureJakartaCikini,positive,0.9965677261352539,Service Quality,Service Quality (1.00); Check in/out Experience (1.00); Guest Experience (0.99)
Ari Wibowo,2022,4,lokasi mudah ditemukan makanan biasa saja kamar kebetulan dapat yang menenggelam agak mampet jadi ketika cuci tangan udara menggenang lumayan lama kemudian untuk akses pintu agak sulit karena kuncj tidak begitu responsif entah kenapa sejauh ini ya lumayan lah tapi mungkin lain kali tidak ke situ lagi,KOMPETITOR,Bintang 4,MercureJakartaCikini,positive,0.6632446646690369,Facilities & Amenities,Facilities & Amenities (0.63); Service Quality (0.59); Guest Experience (0.55)
Cynthia Sinardja,2019,5,Staff sangat ramah kamar dan kamar mandi sangat baik N pujian sangat enak untuk sarapan mungkin Anda bisa menambahkan bumbu untuk scramble telur tapi secara keseluruhan itu adalah kesenangan tinggal di hotel Anda,KOMPETITOR,Bintang 4,MercureJakartaCikini,positive,0.9985238909721375,Facilities & Amenities,Facilities & Amenities (1.00); Guest Experience (1.00); Staff Conduct & Hospitality (1.00)
Taufik Abdullah,2024,4,hotel yang cukup memadai untuk akomodasi lokasi strategis makanan enak kamar bersih wifi kuat dll,KOMPETITOR,Bintang 4,MercureJakartaCikini,positive,0.9993463158607483,Facilities & Amenities,"Facilities & Amenities (0.99); Cleanliness, Hygiene & Maintenance (0.97); Service Quality (0.97)"
Tri Dori,2020,5,Saya dan keluarga akan memilih hotel ini kembali saat berlibur di Jakarta tahun depan karena dari segi harga dan kualitas kamar berikut sarapan nya sangat saat ditunjang fasilitas yang cukup memadai terutama kolam renang,KOMPETITOR,Bintang 4,MercureJakartaCikini,positive,0.997748076915741,Facilities & Amenities,Facilities & Amenities (0.99); Pricing & Value for Money (0.99); Service Quality (0.99)
Anita Carolina,2023,2,memesan 2 kamar cek masuk jam 14 30an tapi 1 kamar baru siap jam 17lebih sarapan rasanya tidak enak dan tidak variatif kolam renang seperti bak mandi raksasa,KOMPETITOR,Bintang 4,MercureJakartaCikini,negative,0.9985026121139526,Booking & Reservation Experience,Booking & Reservation Experience (0.94); Facilities & Amenities (0.91); Check in/out Experience (0.86)
Hary Anto,2025,5,tempat dan pelayanan bagus,KOMPETITOR,Bintang 4,MercureJakartaCikini,positive,0.9992485642433167,Service Quality,Service Quality (1.00); Facilities & Amenities (0.99); Room Quality & Comfort (0.99)
Himma wanty,2025,5,kamar nyaman lalu lintas cukup ramai depan hotel makanan enak semuanya,KOMPETITOR,Bintang 4,MercureJakartaCikini,positive,0.999403715133667,Facilities & Amenities,Facilities & Amenities (0.97); Room Quality & Comfort (0.95); Service Quality (0.93)
Sarah Amalia,2023,5,makanan nya enak dan kamar nya bersih untuk makanan yang kurang banyak variasi di resto pelayanan mas puji nya baik selalu melayani dengan ramah tamah,KOMPETITOR,Bintang 4,MercureJakartaCikini,positive,0.9992828965187073,Service Quality,"Service Quality (1.00); Cleanliness, Hygiene & Maintenance (0.99); Staff Conduct & Hospitality (0.98)"
Fitrah Amalia,2023,3,sayang sekali saya memberi bintang 3 karena pengalaman saya di hotel ini tidak menyenangkan 1 saya menginap di hotel ini selama 4 hari 3 malam dalam rangka acara kantor suami saya karena mendapat kamar sendiri suami saya mengajak kami ikut ke hotel untuk menginap kebetulan anak2 kami sedang libur ramadhan pada hari ke 2 kami menginap sore hari saya dan anak2 kami bertiga suami bekerja berjalan2 tour hotel dari kolam renang turun kebawah lobi sambil menunggu adzan maghrib pada saat di lobi kami duduk2 di lobi bangku hanya sebentar tidak melihat barang apa pun di sana kecuali interior hotel krena mandi saya mau kekamar ank lalu kami ke,KOMPETITOR,Bintang 4,MercureJakartaCikini,negative,0.8058207035064697,Guest Experience,Guest Experience (0.74); Check in/out Experience (0.74); Religious & Halal Features (0.63)
Maghfiroh,2023,5,makanannya enak lebih enak dari yang mercur gatsu pelayanannya oke dari kolam renang bisa sambil melihat monas walo jauh sayang dpt kamar saat mendengar jalur jalur pendakian jadi pagi2 dibangun di kereta api,KOMPETITOR,Bintang 4,MercureJakartaCikini,positive,0.9992573857307434,Service Quality,Service Quality (0.98); Facilities & Amenities (0.97); Guest Experience (0.89)
Septiani Dian Arimukti,2019,4,Hotel ini menyajikan makanan dengan rasa yang baik dan kualitas tamu dapat memilih makanan Indonesia atau Barat juga sebelum jam 6 sore pergi ke lantai atas ke kolam renang dan jika Anda beruntung Anda akan mendapatkan dan pemandangan indah matahari terbenam dan Jakarta lanskap kota,KOMPETITOR,Bintang 4,MercureJakartaCikini,positive,0.9992347955703735,Facilities & Amenities,Facilities & Amenities (0.99); Service Quality (0.99); Food & Beverage (0.98)
Tri Galih Prasetya,2025,5,di pusat kota jakarta bersih menu sarapan oke hanya kamar kecil ukurannya,KOMPETITOR,Bintang 4,MercureJakartaCikini,positive,0.9782017469406128,"Cleanliness, Hygiene & Maintenance","Cleanliness, Hygiene & Maintenance (0.97); Service Quality (0.95); Food & Beverage (0.91)"
muhammad Rifky 0724,2023,5,Kamar yaa lumayanlah ada kolam renang di atap sambilan nobar piala dunia waktu itu hanya saja stafnya tidak ramah dan pada songong,KOMPETITOR,Bintang 4,MercureJakartaCikini,negative,0.7218186259269714,Facilities & Amenities,Facilities & Amenities (0.97); Guest Experience (0.88); Room Quality & Comfort (0.83)
Mena Salawati,2023,5,kamar nyaman dan bersih ruang rapat juga oke cuma ac terlalu dingin terima kasih atas layanan rumah menjaga mb rita yang ramah dan oke terima kasih,KOMPETITOR,Bintang 4,MercureJakartaCikini,positive,0.9982327222824097,"Cleanliness, Hygiene & Maintenance","Cleanliness, Hygiene & Maintenance (0.99); Service Quality (0.99); Facilities & Amenities (0.99)"
Kevin Geza,2025,5,resepsionis ramah banyak pilihan makanan kamar bagus lokasi strategis di pusat kota dekat dengan henti henti transportasi umum,KOMPETITOR,Bintang 4,MercureJakartaCikini,positive,0.9993606209754944,Food & Beverage,Food & Beverage (1.00); Facilities & Amenities (0.99); Guest Experience (0.99)
Test Test,2017,5,Hotel yang sangat baik kamar yang bagus bersih tempat tidurnya nyaman staf sangat ramah dan membantu putri kami jatuh sakit selama kita tinggal dan mereka membantu kami membawanya ke rumah sakit dan kembali sarapan baik dengan berbagai macam,KOMPETITOR,Bintang 4,MercureJakartaCikini,positive,0.9985529780387878,Facilities & Amenities,Facilities & Amenities (1.00); Staff Conduct & Hospitality (0.99); Room Quality & Comfort (0.99)
Samsuri herry,2021,4,Alhamdulillah tempat bagus di taman disediakan toilet yang bersih serta mushola yang sangat bagus dan bersih semoga hotel2 yang lain bisa mencontoh tapi sayangnya di basmant truk ada fasilitas internet atau wifi mohon diperhatikan trm ksh,KOMPETITOR,Bintang 4,MercureJakartaCikini,positive,0.9976267218589783,"Cleanliness, Hygiene & Maintenance","Cleanliness, Hygiene & Maintenance (0.96); Service Quality (0.90); Facilities & Amenities (0.90)"
Sun Dari,2025,5,pertma kami memilih untuk menginap pada hari rabu alhamdulillah nyaman pelayanan bagus ramah kamarnya bagus kebetulan kami memilih menghubungkan dan anak2 nyaman,KOMPETITOR,Bintang 4,MercureJakartaCikini,positive,0.9991275668144226,Service Quality,Service Quality (0.99); Room Quality & Comfort (0.99); Facilities & Amenities (0.99)
Shita Dewi,2024,3,Sayangnya kali ini pengalaman saya dengan hotel ini hanya begitu sehingga check masuk mengambil selamanya dan bahkan setelah proses yang sangat panjang check masuk sekali saya sampai ke lantai saya tidak bisa menggunakan kunci jadi saya harus kembali ke bawah untuk,KOMPETITOR,Bintang 4,MercureJakartaCikini,negative,0.9939190149307251,Guest Experience,Guest Experience (0.99); Check in/out Experience (0.99); Booking & Reservation Experience (0.76)
Chandra,2024,5,Aku datang ke Jakarta selama sebulan dan menginap di beberapa hotel di antaranya Hotel Mercuri cikini sangat baik fasilitas layanan manusia dan sarapan terbaik dibandingkan dengan Acor Novotel yang mirip masuk kelas jadi aku tinggal,KOMPETITOR,Bintang 4,MercureJakartaCikini,positive,0.9973288774490356,Service Quality,Service Quality (0.99); Facilities & Amenities (0.99); Service Efficiency & Responsiveness (0.99)
Maskoss,2023,5,Staff ramah sopan dan sangat membantu saat kami tiba sampai hotel memeriksa masuk kami telah banyak membantu mereka mewakili perusahaan dan aset untuk kamar perusahaan bersih dan luas pasti akan kembali lagi masuk masa depan,KOMPETITOR,Bintang 4,MercureJakartaCikini,positive,0.99887615442276,Staff Conduct & Hospitality,Staff Conduct & Hospitality (1.00); Facilities & Amenities (1.00); Service Quality (0.99)
Busan Passer,2019,5,lokasi mudah diakses karena dekat stasiun kereta cikini dan dilalui angkutan umum bis kopaja metromini layanan sangat baik dengan parameter tempat bersih wangi nyaman ditunjang fasilitas yang dapat memanjakan pengunjung yaitu makanan enak hiburan tv kabel dan wifi kuat tambah kolam renang untuk dewasa dan anak anak,KOMPETITOR,Bintang 4,MercureJakartaCikini,positive,0.9995982050895691,Service Quality,"Service Quality (1.00); Facilities & Amenities (1.00); Cleanliness, Hygiene & Maintenance (0.99)"
Atikah Zata Amani,2025,1,pemesanan lewat aplikasi datang pukul 14.00 dan sampai resepsionis katanya baru bisa cek masuk jam 3 sore dengan alasan akhir pekan kebetulan bawa balita yang sudah sembuh dan di luar juga gerimis jadi lumayan sebel akhirnya kita lihat jadwal cek masuk dari situs resmi mereka yang tertulis cek masuk jam 14.00 cek keluar jam 12.00 meskipun demikian petugas resepsionisnya tetap ngotot sampai akhirnya bilang mau kamar yang standar sih ada lah lah agi kita kaga minta kamar tertentu cuma minta cek bebas masuk kamarnya yang mana mah rincian kesan pertama yang kurang menyenangkan bagi tamu yang baru datang dari beberapa cabang mercure yang kita sudah coba nginap padang beng,KOMPETITOR,Bintang 4,MercureJakartaCikini,negative,0.993619978427887,Booking & Reservation Experience,Booking & Reservation Experience (0.72); Service Quality (0.62); Check in/out Experience (0.61)
Harry Alfredo,2025,1,hotel sih oke saja sering bertemu disini tapi semenjak pemasarannya tidak mau kembali daftar hitam parkir gratis dulu untuk acara kantor kaian tamu2 kita harus bayar juga lucu sih manajemen nyari uang tambahan dari parkir tamu hotel,KOMPETITOR,Bintang 4,MercureJakartaCikini,negative,0.9817936420440674,Guest Experience,"Guest Experience (0.91); Pricing & Value for Money (0.87); Location, Accessibility & Parking (0.84)"
Sza,2025,1,Check masuk pukul 1 pagi sangat lelah masuk ke kamar dengan bau asap aneh tapi tidak pergi repot untuk meminta untuk mengubah kamar dan menemukan keluar bahwa lantai kedua adalah merokok lantai mengapa resepsi memberikan tamu wanita dengan merokok kamar di mana kita membayar masuk harga tinggi ruang sarapan masuk terbuka pengaturan resepsi sangat buruk dan kamar hotel kotor,KOMPETITOR,Bintang 4,MercureJakartaCikini,negative,0.9989995360374451,Check in/out Experience,Check in/out Experience (1.00); Guest Experience (0.99); Booking & Reservation Experience (0.94)
Kurnia Jeje,2025,1,Pelayanan kurang baik ada tuh yang di resepsionis cowok tinggi kulit sawo matang belibet banget mentang2 saya cuman driver,KOMPETITOR,Bintang 4,MercureJakartaCikini,negative,0.9983171224594116,Guest Experience,Guest Experience (0.74); Check in/out Experience (0.63); Management & Policy Issues (0.36)
Hotma Siregar,2025,1,parkir malah di sarankan ke gedung lain,KOMPETITOR,Bintang 4,MercureJakartaCikini,negative,0.9968336224555969,"Location, Accessibility & Parking","Location, Accessibility & Parking (0.83); Safety & Security (0.72); Sustainability & Environmental Quality (0.69)"
Luthfia Kusuma Dewi,2022,1,secara fasilitas oke tapi saat menginap di sini kamar tidak dibersihkan pada pagi hari sampai malam sampah menumpuk di kamar tidak di ambil sampai aroma kamar tidak enak gelas tidak dibersihkan dari resepsionis mengatakan hal tsb kebijakan selama pandemi kamar dibersihkan 3 hari sekali yang menurut saya sepertinya aneh ya kamar hotel tidak dibersihkan beberapa hari padahal dari awal cek masuk kami tidak dibersihkan sama sekali hanya diberi tahu tentang opsi sarapan apakah memang kebijakannya pengunjung sendiri yang membawa2 sampah ke tempat pembuangan dan cuci gelas di dapur hotel,KOMPETITOR,Bintang 4,MercureJakartaCikini,negative,0.9986230134963989,Facilities & Amenities,Facilities & Amenities (0.97); Service Quality (0.81); Guest Experience (0.56)
Hendra Hendra,2022,1,terkecoh dengan lobi depan oke ini hotel bintang 3 saja bukan 4 1 hanya lobi depan yang oke dan resepsionis wanita yang ramah 2 kebersihan lantai karpet di kamar kotor warna bantal sudah berwarna kuning piiring kotor di atas meja depan kamar lama diambil membuat pemandangan tidak bersih dan kotor 3 makanan tidak bervariasi terbatas tidak enak tidak ada kue desert seperti minuman setiap hari sangat saja meskipun sudah baik protokol kesehatan nya karena adik saya sedang zoom tidak bisa di bawah sarapan minta sarapan bawaakan tidak bisa tinggal lebih dari sehari tidak dianjurkan,KOMPETITOR,Bintang 4,MercureJakartaCikini,negative,0.9988932013511658,Facilities & Amenities,"Facilities & Amenities (0.99); Cleanliness, Hygiene & Maintenance (0.99); Service Quality (0.98)"
Simon In Bali,2025,1,Terrible lokasi kereta berjalan melewati setiap 15 menit malang melihat lobi kamar mengerikan dengan mini raja ukuran tempat tidur dan secara keseluruhan hanya bertanya-tanya mengapa merek mercury itu bahkan tidak lebih dekat seperti ibis pada yang terbaik whst tempat sampah dan untuk menambahkan penghinaan ke cedera tidak oat atau susu badam untuk masuk kopi dan alasan bodoh mengapa mereka tidak memiliki itu membeli saya sendiri di toko di jalan,KOMPETITOR,Bintang 4,MercureJakartaCikini,negative,0.9992320537567139,Facilities & Amenities,Facilities & Amenities (0.99); Check in/out Experience (0.85); Food & Beverage (0.85)
Loveria Sekarrini,2019,1,pelayanan sangat buruk kami anggota emas accor group tapi mendapatkan pelayanan yang sangat buruk sayang sekali untuk hotel bagus tapi pelayanan sangat buruk kamar hotel tidak dibersihkan tidak diinfookan bahwa kamar merokok tidak bisa upgrade kamar keluarga kami tidak bisa memeriksa masuk compliment vip tidak terlalu enak menu makan biasa saja intinya sangat2x mengecewakan,KOMPETITOR,Bintang 4,MercureJakartaCikini,negative,0.9993661046028137,Food & Beverage,Food & Beverage (0.99); Guest Experience (0.99); Pricing & Value for Money (0.89)
dalbit dalbit,2019,1,pertama selama saya tidak masuk di hotel baru kali ini dapat uang parkir padahal ambil ato uber yang drop ato jemput saya cuma sebentar dan tidak sampai1 menit apa yang perlu di kasus 5 ribu dengan lokasi masuk yang sempit kedua kamar saya sangat tidak sesuai dengan harapan saya dikarenakan kamar mandi yang lantangny berlumut kuning dan udara dingin yang sangat kecil tapi udara panasnya sangat deras dan kebanyakan tidak ada udara dingin dan tempat tidur tidak bersih 1malam saya baru tidur besok pagi badan saya bentol di punggung dan kaki dan akhirny pagi itu juga saya ke dokter kulit dan dokter kulit jika mengatakan ini akibatnya,KOMPETITOR,Bintang 4,MercureJakartaCikini,negative,0.9986352324485779,"Location, Accessibility & Parking","Location, Accessibility & Parking (0.99); Facilities & Amenities (0.96); Pricing & Value for Money (0.92)"
Mulya S.,2023,1,bisa tidak password wifi tidak usah pakai email kayak hotel2 berbintang lainnya pakai kombinasi huruf dan angka bisa mudah buat yang kamarnya dipesenin orang lain misal panitia kegiatan ini sangat merepotkan,KOMPETITOR,Bintang 4,MercureJakartaCikini,negative,0.9904995560646057,Digital Connectivity & Technology,Digital Connectivity & Technology (0.67); Guest Experience (0.52); Management & Policy Issues (0.51)
michaila Laurens,2022,1,pengalaman menginap di sini cukup mengecewakan saya menginap bersama keluarga dengan membawa anak usia 1 tahun permintaan sejak awal di kamar tidak ada area merokok tetapi malah di seberang kamar kami ada kamar yang merokok dan bau asap rokok sangat menyengat masuk ke kamar kami bau asap rokok yang menyengat membuat kami tidak nyaman lalu dalam kondisi pandemi kami meminta sarapan diantar ke kamar namun sudah menunggu selama 1 jam tapi sarapan tidak diantar juga sangat mengecewakan harap diperhatikan atas pelayanan hotel mercure cikini agar agar saya depannya bisa lebih baik,KOMPETITOR,Bintang 4,MercureJakartaCikini,negative,0.9991790652275085,Guest Experience,Guest Experience (0.96); Check in/out Experience (0.83); Booking & Reservation Experience (0.66)
kevin natasaputra,2025,1,Rese istri cek masuk buat wakilin padahal sudah mengkonfirmasi saja sengaja di persulit sangat tidak layak memperbaiki ke seberangnya saja novotel lebih oke jauh,KOMPETITOR,Bintang 4,MercureJakartaCikini,negative,0.9983349442481995,Check in/out Experience,Check in/out Experience (0.79); Guest Experience (0.71); Booking & Reservation Experience (0.70)
Gea Hanin,2023,1,Pelayanan buruk mohon maaf hrs review google biar jadi evaluasi pegawai an elen bisa2nya nyolot ke pelanggam dan membanting laci pdhl dia tidak mengerti dengan apa yang dinginkan pelanggan tapi sok teong seumur hidup tinggal di hotel bintang 4 tidak pernah kaya gini pegawai ybs tidak ada kata maaf ke kami,KOMPETITOR,Bintang 4,MercureJakartaCikini,negative,0.9992653727531433,Guest Experience,Guest Experience (0.95); Staff Conduct & Hospitality (0.53); Check in/out Experience (0.51)
Rachmat,2023,1,pelayanan yang sangat kurang untuk pelayan tidak ramah dan kantor depan hanya 1 orang yang ramah yang lain tidak untuk makanan kurang enak pelayanan masalah hilang n menemukan ditanganin dengan sangat lama dan tidak anggota barang yang sesuai,KOMPETITOR,Bintang 4,MercureJakartaCikini,negative,0.9976327419281006,Guest Experience,Guest Experience (0.99); Facilities & Amenities (0.93); Food & Beverage (0.90)
mighty bhemo,2019,1,Hotel ini tidak dikelola baik pengalaman buruk untuk saya dan kelompok saya tebak harus menunggu hampir dua jam untuk memeriksa mereka mengatakan kamar tidak siap tapi sudah hampir 17 00 wib baik pak manajer hotel waktu check-in Anda seharusnya sekitar 12 00 sampai 14 00 kami sudah memesan dan membayar untuk kamar dan hampir 17 00 dan Anda mengatakan kamar kami tidak siap jadi sekarang semua orang di internet mengakui bahwa ini adalah jenis layanan Anda,KOMPETITOR,Bintang 4,MercureJakartaCikini,negative,0.9991441965103149,Booking & Reservation Experience,Booking & Reservation Experience (0.99); Guest Experience (0.97); Check in/out Experience (0.96)
Indra Dewantara,2021,1,Salah satu hotel yang saya harapkan dapat memberikan layanan prima tapi apa yang saya dapatkan tidak seperti yang diharapkan karena 1 pihak hotel memiliki kebijakan untuk tidak membersihkan kamar meskipun saya sudah meminta k resepsionis untuk dibersihkan sehingga saat kamar saya meninggalkan d pagi dengan kondisi berantakan dan sampah d tong sampah yang ada masih waktu yang sama saya kembali ke kamar d malam hari apa jenis layanan dude 2 pihak hotel memiliki kebijakan untuk tidak merefill air mineral d kamar pada hari berikutnya dengan alasan besar d kamar sudah disediakan tumbler untuk dapat diisi pada dispenser lantai yang ada dekat lift d kamar yang kita gunakan 3 ini yang paling parah sarapan,KOMPETITOR,Bintang 4,MercureJakartaCikini,negative,0.9984036087989807,Facilities & Amenities,Facilities & Amenities (0.38); Management & Policy Issues (0.35); Guest Experience (0.30)
Apri Yansyah,2020,1,pengalaman saya selama beristirahat 2 hari pelayanan nya kurang bagus dan tidak memuaskan di hotel lain sistem kerja nya itu 8 jam saya melihat ada karyawan yang bekerja nya hampir 12 jam kasian sekali karyawan itu mukanya sangat pucat karena kecapean,KOMPETITOR,Bintang 4,MercureJakartaCikini,negative,0.9987618923187256,Check in/out Experience,Check in/out Experience (0.92); Guest Experience (0.92); Service Quality (0.52)
moving bastante,2024,1,internet tidak bekerja rofftop bar tanpa pekerja atau ditutup 2 keluar dari 4 hari tinggal saya beberapa staf tidak membantu sama sekali Anda tidak dapat membayar layanan kamar di check out salah satu pengalaman terburuk masuk sebuah hotel mercury di seluruh dunia,KOMPETITOR,Bintang 4,MercureJakartaCikini,negative,0.99934321641922,Check in/out Experience,Check in/out Experience (0.99); Guest Experience (0.99); Food & Beverage (0.72)
ostiawan yudiantoro,2025,1,Kehujanan saat balik dar musholla ke ruang pertemuan,KOMPETITOR,Bintang 4,MercureJakartaCikini,neutral,0.9831536412239075,Religious & Halal Features,Religious & Halal Features (0.87); Guest Experience (0.83); Facilities & Amenities (0.82)
sugi pratiwi,2024,1,sangat amat mengecewakan untuk pelayanannya terutama bagian resepsi yang bertugas di hari minggu tanggal 19 November 2023 pukul 20 0 sangat tidak ramah dan tidak sopan menilai orang dari penampilan buruk,KOMPETITOR,Bintang 4,MercureJakartaCikini,negative,0.9994150400161743,Guest Experience,Guest Experience (1.00); Check in/out Experience (0.99); Booking & Reservation Experience (0.95)
Hani Hani,2022,1,menginap di hotel pada hari rabu 3 hari dapat kamar yang tidak memuaskan yaitu tidak bisa melihat pemandangan tidak boleh ramai tidak kedap suara sudah boking kolam renang jam 7 tapi belum dibuka ningguin lama di depan pintu kolam renang sampai adik saya masuk ke ruang gym lama2 datang satpam manegur lebih tepatnya nya mengejek tidak ramah bilang kalau mau kecolam renang ya harus boking dulu percuma disini jika belum boking rasanya keluarga saya dianggap remeh waktu mengambil makanan gofood juga tidak ramah mukak kayak menilai keluarga saya memang saya dari luar jakarta pakaian saya bukan gaun sederhana tapi saya lebih nyaman memakai baju yang jangan lihat,KOMPETITOR,Bintang 4,MercureJakartaCikini,negative,0.9993888139724731,Booking & Reservation Experience,Booking & Reservation Experience (0.77); Facilities & Amenities (0.74); Food & Beverage (0.72)
Ompick,2022,1,pelayanan jelek rombongan 8 kamar 2 malam 5 kamar sudah cek masuk duluan dan sudah bayar 5 kamar 3 kamar menyusul lha koq disuruh bayar full profit kami klasifikasi masuk restoran saja disuruh cek masuk aplikasi pedulind pdhl masuk hotel sudah concierge tidak respon antar koper ke kamar terpaksa bawa sendiri keamanan juga tidak ramah sekali saja dah tinggal di sini cari hotel lain lebih bagus banyak,KOMPETITOR,Bintang 4,MercureJakartaCikini,negative,0.9994540810585022,Check in/out Experience,Check in/out Experience (0.87); Pricing & Value for Money (0.75); Guest Experience (0.73)
Ardian nova,2022,1,semoga bisa melayani lebih baik lg karena pada saat pesan telor sudah dua kali memesan saat ke tiga kali kembali di bilang menutup dengan alasan lupa padahal kondisi tamu sepi terjadi jam ini 12 Juni 2021 semoga kedepan bisa lebih baik lagi kedepannya,KOMPETITOR,Bintang 4,MercureJakartaCikini,positive,0.798393726348877,Service Quality,Service Quality (0.97); Guest Experience (0.95); Booking & Reservation Experience (0.92)
ABDUH Fatahudin,2023,1,Tempat karantina kesehatan yang buruk 5 hari tanpa udara segar di kamar berac bahkan untuk olahraga dan sekedar berjemur saja tidak bisa,KOMPETITOR,Bintang 4,MercureJakartaCikini,negative,0.998855710029602,Facilities & Amenities,Facilities & Amenities (0.96); Guest Experience (0.86); Check in/out Experience (0.83)
Ainur Rofik,2020,1,Staff yang ngurusi acara di atas atap tidak ramah tidak ada senyuman dan keramahan sama sekali apa karena saya pakai kostum gojek baik-baik saja untuk semua tamu tolong,KOMPETITOR,Bintang 4,MercureJakartaCikini,negative,0.9976723790168762,Guest Experience,Guest Experience (0.96); Facilities & Amenities (0.82); Check in/out Experience (0.79)
Yunanto Kurnia,2023,1,buruk mknan buruk kamar madi sudah rusak baru di toilet tamu lampu dimatikan tidak direkomendasikan,KOMPETITOR,Bintang 4,MercureJakartaCikini,negative,0.9989797472953796,Facilities & Amenities,Facilities & Amenities (0.78); Management & Policy Issues (0.73); Guest Experience (0.70)
Reza Adrianto,2023,1,mengecewakan kostumer yang memesan ambil makanan saya menggunakan alamat dihotel mercure ternyata penipu pengorder fiktif,KOMPETITOR,Bintang 4,MercureJakartaCikini,negative,0.9991676807403564,Guest Experience,Guest Experience (0.91); Food & Beverage (0.84); Booking & Reservation Experience (0.75)
donnie khoe,2022,1,Ada2 saja musim liburan kolam renang tutup kalau tahu tutup saya tidak akan memesan disini,KOMPETITOR,Bintang 4,MercureJakartaCikini,negative,0.714293360710144,Facilities & Amenities,Facilities & Amenities (0.91); Pricing & Value for Money (0.64); Sustainability & Environmental Quality (0.57)
Wulan Istri,2024,1,Aku tidak akan pernah tinggal di sana lagi Aku berharap aku tidak akan pernah meninggalkan apa-apa di sana jadi aku tidak harus membuang hampir satu jam saya berdiri di sana tanpa menawarkan kursi untuk duduk,KOMPETITOR,Bintang 4,MercureJakartaCikini,negative,0.9248453378677368,Facilities & Amenities,Facilities & Amenities (0.92); Service Quality (0.89); Guest Experience (0.89)
Rahma Nasrul,2024,1,parkir basementnya curam banget beresiko bikin mobil baret2,KOMPETITOR,Bintang 4,MercureJakartaCikini,negative,0.9357134103775024,"Location, Accessibility & Parking","Location, Accessibility & Parking (0.76); Facilities & Amenities (0.59); Safety & Security (0.58)"
Budi tusmara,2024,1,Baik untuk kegiatan rapat kantor kementerian dan makanannya enak dan cocok dilidah,KOMPETITOR,Bintang 4,MercureJakartaCikini,positive,0.9992929697036743,Food & Beverage,Food & Beverage (0.99); Family & Group Friendly (0.90); Staff Conduct & Hospitality (0.85)
md darjanto,2024,1,hotelnya enak kemana2 deket,KOMPETITOR,Bintang 4,MercureJakartaCikini,positive,0.9993438124656677,Service Quality,Service Quality (0.95); Room Quality & Comfort (0.83); Guest Experience (0.83)
radit tetew,2019,1,santai mudah dan harmonis untuk pekerja2 yang mengadakan acara penting,KOMPETITOR,Bintang 4,MercureJakartaCikini,positive,0.888026773929596,Family & Group Friendly,Family & Group Friendly (0.99); Service Efficiency & Responsiveness (0.92); Room Quality & Comfort (0.87)
deli widjaya,2019,1,Hotel keren tapi susah parkirnya,KOMPETITOR,Bintang 4,MercureJakartaCikini,positive,0.9093261957168579,"Location, Accessibility & Parking","Location, Accessibility & Parking (0.92); Facilities & Amenities (0.86); Guest Experience (0.72)"
tri suhartanto,2022,1,pelayanan kurang memuaskan informasi tidak maksimal,KOMPETITOR,Bintang 4,MercureJakartaCikini,negative,0.99892657995224,Guest Experience,Guest Experience (0.89); Service Quality (0.63); Check in/out Experience (0.61)
Iman Permadi,2018,1,bantuan miskin ketidaknyamanan taman lot,KOMPETITOR,Bintang 4,MercureJakartaCikini,neutral,0.9965404868125916,Facilities & Amenities,Facilities & Amenities (0.88); Service Efficiency & Responsiveness (0.67); Ambience & Design (0.66)
SGFJ UNOFICCIAL,2023,1,kualitas pelayanannya sangat menjijikkan,KOMPETITOR,Bintang 4,MercureJakartaCikini,negative,0.9989686012268066,Guest Experience,Guest Experience (0.99); Service Quality (0.98); Facilities & Amenities (0.78)
Dhani Setiawan,2020,1,biasa saja,KOMPETITOR,Bintang 4,MercureJakartaCikini,negative,0.9925939440727234,"Cleanliness, Hygiene & Maintenance","Cleanliness, Hygiene & Maintenance (0.80); Facilities & Amenities (0.65); Pricing & Value for Money (0.54)"
albarr yusuf,2023,1,pelayanan lama,KOMPETITOR,Bintang 4,MercureJakartaCikini,negative,0.9963865280151367,Guest Experience,Guest Experience (0.73); Facilities & Amenities (0.67); Religious & Halal Features (0.64)
noviyanti juwita,2020,1,karyawan nya sombong sombong,KOMPETITOR,Bintang 4,MercureJakartaCikini,negative,0.9991748929023743,Management & Policy Issues,Management & Policy Issues (0.56); Religious & Halal Features (0.33); Booking & Reservation Experience (0.27)
Putra Gb,2019,1,macet gila,KOMPETITOR,Bintang 4,MercureJakartaCikini,negative,0.9990052580833435,Facilities & Amenities,Facilities & Amenities (0.80); Pricing & Value for Money (0.71); Religious & Halal Features (0.60)
Silvia Octavia,2019,1,Aku benci tempat ini.,KOMPETITOR,Bintang 4,MercureJakartaCikini,negative,0.9991920590400696,Guest Experience,Guest Experience (0.68); Pricing & Value for Money (0.67); Food & Beverage (0.57)
A F,2025,1,pengalaman saya di hotel kurang baik mulai dari bau kurang sedap dari lobi sampai kamar kamar sangat kecil dan kebersihan di bawah standar karpet dan gorden kurang bersih listrik mati 3 kali dan lampu terus berkedip dan sudah di perbaiki sarapan sangat biasa saja dan tidak cocok untuk orang arab sama sekali semuanya makanan asia pelayanannya lambat harga hotel lebih mahal dari pelayanan yang di berikan,KOMPETITOR,Bintang 4,MercureJakartaCikini,negative,0.9985860586166382,Facilities & Amenities,"Facilities & Amenities (0.99); Guest Experience (0.94); Cleanliness, Hygiene & Maintenance (0.88)"
Fitri Yunita,2025,2,Staff nya perlu benar2 di evaluasi kurang ramah kurang empati saya anggota accorplus baru di hari rabu ini saya mendapat pengalaman tidak menyenangkan paket makanan hanya boleh sampai pos resepsionis keamanan jg tidak membantu cuek2 saja hotel bintang 5 saja boleh paket di titip di resepsionis staf nya juga sepertinya sulit sekali untuk tersenyum duh tidak banget deh tidak direkomendasikan,KOMPETITOR,Bintang 4,MercureJakartaCikini,negative,0.9994279742240906,Guest Experience,Guest Experience (0.84); Safety & Security (0.83); Food & Beverage (0.73)
Sign Left,2025,2,Hotel ini kurang dipelihara lembaran adalah bed abu-abu tenggelam air panas tidak berjalan baik air kolam renang adalah menjijikkan mendung pilihan sarapan dan kualitas sangat buruk lebih cocok untuk hotel bintang tiga daripada hotel bintang empat area publik dipenuhi furnitur di seluruh tempat meninggalkan jalan yang sangat kecil dan selalu ada pertemuan pemerintah dengan peserta berantakan,KOMPETITOR,Bintang 4,MercureJakartaCikini,negative,0.9980416297912598,Facilities & Amenities,Facilities & Amenities (1.00); Guest Experience (0.84); Ambience & Design (0.69)
H R,2025,2,Furniture dan Fittings yang cukup rusak sarapan rata-rata dan toilet cukup kotor wifi juga cukup lambat,KOMPETITOR,Bintang 4,MercureJakartaCikini,negative,0.9875226616859436,Facilities & Amenities,Facilities & Amenities (0.99); Digital Connectivity & Technology (0.90); Service Quality (0.79)
Cerita Dina,2025,2,Ketidaksiapan staf menyiapkan ruang pertemuan jam 8 pagi baru dibersihkan,KOMPETITOR,Bintang 4,MercureJakartaCikini,negative,0.8660662770271301,Facilities & Amenities,Facilities & Amenities (0.90); Service Quality (0.65); Guest Experience (0.64)
Hermanto Waruwu,2025,2,sedikit kecewa dengan pelayanan di hotel pagi ini kemarin kantor depan nya sampain jika gymnya bisa dibuka lebih awal atas permintaan di fo udah usahain bangun jam 5 tapi malah pagi sama fonya jawabnya tidak bisa pak kita tetap buka jam 6 bjirlah jika tahu itu bagus gua lanjut tidur dan tidak perlu usaha buat bangun pagi terima kasih buat prank pagi ini anda sukses,KOMPETITOR,Bintang 4,MercureJakartaCikini,negative,0.9975551962852478,Guest Experience,Guest Experience (0.57); Service Quality (0.46); Personalized & Special Services (0.17)
Yusriani Abel,2023,2,saya menginap di mercu cikini pada tanggal 15 16 april 2022 pada saat kedatangan tidak ada sambutan dari staf keamanan di pintu masuk keamanan hanya berjaga di pos bahkan ketika melihat kedatangan kami terkesan cuek pada kami apa karena pada saat datang tidak menggunakan mobil perlengkapan seperti sikat gigi dan sendal tidak lengkap ketika kami meminta kelengkapan sangat lama sekali diantarkan bahkan kami sampai telepon 2x baru petugas mengantarkan sambungan telepon ke resepsionis tidak informatif hanya tertera sambungan 2424 untuk manajer di tugas yang sangat sangat sulit sekali dihubungi sehingga kami harus menggunakan handphone kami pribadi untuk meminta per jalan,KOMPETITOR,Bintang 4,MercureJakartaCikini,negative,0.998950183391571,Facilities & Amenities,Facilities & Amenities (0.92); Guest Experience (0.91); Check in/out Experience (0.79)
Vira Andalusita,2024,2,pelayanan housekeeping mengecewakan beda jauh sama tetangganya mercury harmoni amenities tidak lengkap tisu juga tidak direfill saat kamar dibersihkan besok bahkan lebih parah saya kembali ke kamar siang2 belum dibersihkan dan harus telepon resepsionis dulu mohon ditingkatkan karena dengan nama mercury ekspektasi saya cukup tinggi tapi pelayanannya tidak responsif begini,KOMPETITOR,Bintang 4,MercureJakartaCikini,negative,0.9993935823440552,Facilities & Amenities,Facilities & Amenities (0.99); Guest Experience (0.96); Check in/out Experience (0.82)
Firman Wahyudi,2019,2,kamarnya kecil tidak sebanding harga dan untuk sarapan pilihannya sangat sedikit tidak ada menu ikan atau ayam menu utama hanya disediakan nasi goreng kentang kacang merah dan telur rasanya pun biasa saja hotel kecil kamar minim kolam kecil dan menu sarapan seadanya,KOMPETITOR,Bintang 4,MercureJakartaCikini,negative,0.8913020491600037,"Loyalty, Recommendation & Appreciation","Loyalty, Recommendation & Appreciation (1.00); Facilities & Amenities (1.00); Ambience & Design (1.00)"
Ar project13,2023,2,AC tidak ada dingin2 nya lampu kamar byk yang tidak berfungsi tidak nyala karpet berdebu refil udara minum jauh cm ada dkt angkat kamar byk nyamuk,KOMPETITOR,Bintang 4,MercureJakartaCikini,negative,0.9984102249145508,Facilities & Amenities,Facilities & Amenities (0.92); Sustainability & Environmental Quality (0.77); Service Quality (0.69)
Riandono Pramaputro,2022,2,Maaf untuk mengatakan bahwa saya kecewa dengan keramahan pada kunjungan pertama saya ke hotel ini kesan pertama saya lokasi hotel sangat strategis kamarnya bagus restoran itu bagus meskipun ukuran tidak cukup besar tetapi pada kedatangan kami keramahan staf kantor depan tidak baik ditambah dengan petugas concierge tidak responsif sehingga saya tim saya membawa tas kami sendiri ke kamar kami s permintaan saya untuk meminjam doa Mats juga tidak menanggapi baik tidak dikirimkan kepada kami untuk sarapan petugas restoran selalu meminta pemindaian dari peduli lind,KOMPETITOR,Bintang 4,MercureJakartaCikini,negative,0.9992497563362122,Facilities & Amenities,Facilities & Amenities (1.00); Staff Conduct & Hospitality (0.98); Guest Experience (0.97)
Anita Carolina,2023,2,memesan 2 kamar cek masuk jam 14 30an tapi 1 kamar baru siap jam 17lebih sarapan rasanya tidak enak dan tidak variatif kolam renang seperti bak mandi raksasa,KOMPETITOR,Bintang 4,MercureJakartaCikini,negative,0.9985047578811646,Booking & Reservation Experience,Booking & Reservation Experience (0.94); Facilities & Amenities (0.91); Check in/out Experience (0.86)
Atik Tresnawati,2019,2,musholla panas kurang saat diletakkan dekat parkir tempat wudhu kurang memadai dan tidak dipisah antara wanita dan laki laki lokasi tempat wudhu sebagian tidak terlindungi sehingga jika hujan kemungkinan bisa basah saat berwudhu makanan terlalu banyak rempah kurang cocok di lidah,KOMPETITOR,Bintang 4,MercureJakartaCikini,negative,0.976033091545105,Facilities & Amenities,"Facilities & Amenities (0.98); Location, Accessibility & Parking (0.96); Religious & Halal Features (0.78)"
Adri R Sandi,2020,2,Anda akan membuat Anda berbeda ada banyak hotel yang menawarkan fasilitas kamar yang lebih baik dan harga yang lebih baik tetapi keramahan tulus Anda yang akan diingat saya membayar semua manfaat yang saya dapatkan karena saya selalu buku ruang istimewa sebagai gantinya saya dapat mendapatkan semua manfaat secara bebas karena saya adalah anggota accor tambah emas tetapi satu hal yang benar-benar mengecewakan saya adalah ketidaktahuan dari erick saya bertanya kepadanya mengapa saya tidak mendapatkan titik dari tinggal saya saya percaya saya menghabiskan beberapa uang di sana dia menjawab dia akan memeriksa tapi tebak apa tidak ada jawaban sampai sekarang tidak update satu hal lagi bahwa kue hanya di bawah harapan saya 4 bintang hotel dengan,KOMPETITOR,Bintang 4,MercureJakartaCikini,negative,0.9736643433570862,Facilities & Amenities,Facilities & Amenities (0.94); Pricing & Value for Money (0.93); Service Quality (0.87)
Syaeful Mukarom,2020,2,Saya memesan untuk perusahaan dan pada dasarnya untuk pelayanan kamar dan makanan cukup oke info dari pelanggan saya yang nilai saya jelek disini adalah pemasaran dan pelayanan dari kantor depan yang kurang ramah malah terlihat jutek sekelas jumat ini jelek banget untuk pemasaran juga sama terlihat tidak ramah bahkan untuk bukti pembayaran pun mungkin sampai hilang oleh mereka sehingga memaksa saya untuk foto kan bukti pembayaran yang saya pegang untung saya masih menyimpan ini adalah masukan untuk tim pemasaran jumat cikini untuk lebih baik lagi salam syaeful mukarom,KOMPETITOR,Bintang 4,MercureJakartaCikini,negative,0.9988611936569214,Facilities & Amenities,Facilities & Amenities (0.99); Guest Experience (0.98); Booking & Reservation Experience (0.98)
Sri Intan Novita,2019,2,Saya datang untuk bertemu teman saya yang sedang bertemu di sini saya memesan beberapa minuman dan saya minum di lounge nya di lobi sang pelayan yang memakai jas bertanya di mana saya berasal tinggal atau tidak dan lain setelah saya memesan minuman dia meminta dibayar langsung setelah minumnya jadi saya pikir saya sedang di Kfc,KOMPETITOR,Bintang 4,MercureJakartaCikini,negative,0.7576326131820679,Staff Conduct & Hospitality,Staff Conduct & Hospitality (0.89); Guest Experience (0.86); Booking & Reservation Experience (0.85)
Samuel Gabriel,2024,2,pembuat kopi yang disebut nespresso pecah pipa masuk kamar mandi bocor bfast di bawah rata-rata kamar bising tidak merekomendasikan sama sekali,KOMPETITOR,Bintang 4,MercureJakartaCikini,negative,0.9988180994987488,Food & Beverage,Food & Beverage (0.92); Guest Experience (0.58); Facilities & Amenities (0.58)
Badriyah Banjarbaru,2021,2,terjaga pukul 24:10 dini hari lalu tidak bisa lagi tidur karena terganggu suara diskotik yang terlalu kencang menembus masuk kamar berisik banget,KOMPETITOR,Bintang 4,MercureJakartaCikini,negative,0.9975661039352417,Sustainability & Environmental Quality,Sustainability & Environmental Quality (0.36); Religious & Halal Features (0.25); Booking & Reservation Experience (0.20)
dadi styawan,2018,2,Saya tidak mengerti jika ingin ke loby hotel dari tempat parkir harus keluar ke jalan raya jadi membayar parkir dua kali di pintu keluar mohon dari manajer kaji kembali,KOMPETITOR,Bintang 4,MercureJakartaCikini,negative,0.9932559728622437,Management & Policy Issues,Management & Policy Issues (0.40); Pricing & Value for Money (0.40); Complaint Handling & Service Recovery (0.24)
Jessicca Suryani Intan Selintang,2019,2,Pelayanannya masih perlu peningkatan terutama pelayanan drop off dan pick up jika memang tidak bisa sebaiknya diberikan informasi kepada pelanggan dan tidak tinggal saja,KOMPETITOR,Bintang 4,MercureJakartaCikini,positive,0.7186921834945679,Guest Experience,Guest Experience (0.85); Service Quality (0.83); Check in/out Experience (0.73)
Arifin M. Susanto,2019,2,resto terlalu sempit untuk kapasitas yang harus ditampung buffet penuh sesak pada habis,KOMPETITOR,Bintang 4,MercureJakartaCikini,negative,0.9988059997558594,Food & Beverage,Food & Beverage (0.75); Facilities & Amenities (0.58); Sustainability & Environmental Quality (0.35)
i.f.,2022,2,kamar sempit sarapan sederhana tidak malu sama harga,KOMPETITOR,Bintang 4,MercureJakartaCikini,positive,0.7703348398208618,Facilities & Amenities,Facilities & Amenities (0.98); Pricing & Value for Money (0.97); Guest Experience (0.96)
Wagiman Gandung,2020,2,lokasi terlalu kecil dari jalan raya sehingga membuat macet jika mau masuk ke hotel,KOMPETITOR,Bintang 4,MercureJakartaCikini,negative,0.8811553716659546,"Location, Accessibility & Parking","Location, Accessibility & Parking (0.68); Sustainability & Environmental Quality (0.63); Facilities & Amenities (0.62)"
Hemzo 1898 (Hemzo1898),2024,2,19 Agustus 2023 Ada 2 orang wassalam di kamar 205,KOMPETITOR,Bintang 4,MercureJakartaCikini,neutral,0.9989029169082642,Family & Group Friendly,"Family & Group Friendly (0.92); Guest Experience (0.87); Loyalty, Recommendation & Appreciation (0.80)"
Alan Budi Nugraha,2018,2,Tidak baik untuk bertemu terlambat untuk makanan mengisi dan kita mulai untuk bertemu pada 8 pagi tapi sistem suara itu belum siap,KOMPETITOR,Bintang 4,MercureJakartaCikini,negative,0.9886584877967834,Food & Beverage,Food & Beverage (0.86); Facilities & Amenities (0.73); Booking & Reservation Experience (0.72)
Salman Aldhobaib,2019,2,Lembaran dan bantal tidak bersih karpetnya memiliki noda bug datang dari lantai,KOMPETITOR,Bintang 4,MercureJakartaCikini,negative,0.9984258413314819,Facilities & Amenities,Facilities & Amenities (0.95); Pricing & Value for Money (0.50); Management & Policy Issues (0.46)
Dhadhung Suroso,2018,2,Untuk hotel berbintang 3 di ibukota butuh lebih baik lagi,KOMPETITOR,Bintang 4,MercureJakartaCikini,positive,0.9712499380111694,Service Quality,Service Quality (0.78); Facilities & Amenities (0.73); Sustainability & Environmental Quality (0.63)
Bima Agung,2019,2,makanan paginya kurang enak,KOMPETITOR,Bintang 4,MercureJakartaCikini,negative,0.998746395111084,Sustainability & Environmental Quality,Sustainability & Environmental Quality (0.73); Pricing & Value for Money (0.63); Religious & Halal Features (0.61)
Villa QFA,2018,2,pelayanannya kurang memuaskan,KOMPETITOR,Bintang 4,MercureJakartaCikini,negative,0.9987767338752747,Guest Experience,Guest Experience (0.91); Pricing & Value for Money (0.59); Management & Policy Issues (0.57)
Trisno Budiyanto,2018,2,tidak,KOMPETITOR,Bintang 4,MercureJakartaCikini,positive,0.6051464676856995,"Cleanliness, Hygiene & Maintenance","Cleanliness, Hygiene & Maintenance (0.80); Facilities & Amenities (0.77); Pricing & Value for Money (0.56)"
Fathan Syarif,2023,2,cek masuk lama sekale,KOMPETITOR,Bintang 4,MercureJakartaCikini,negative,0.9980898499488831,Religious & Halal Features,Religious & Halal Features (0.80); Safety & Security (0.74); Pricing & Value for Money (0.71)
Harpur,2019,2,Tidak cukup baik,KOMPETITOR,Bintang 4,MercureJakartaCikini,negative,0.9668963551521301,Food & Beverage,Food & Beverage (0.47); Management & Policy Issues (0.44); Pricing & Value for Money (0.42)
4 4you,2018,2,baik,KOMPETITOR,Bintang 4,MercureJakartaCikini,positive,0.9978957176208496,"Cleanliness, Hygiene & Maintenance","Cleanliness, Hygiene & Maintenance (0.93); Facilities & Amenities (0.91); Sustainability & Environmental Quality (0.80)"
Abdulmajeed,2025,2,Saya tinggal di sana semalam dan sudah oke untuk melanjutkan kegiatan,KOMPETITOR,Bintang 4,MercureJakartaCikini,neutral,0.9127058386802673,Guest Experience,Guest Experience (0.92); Facilities & Amenities (0.77); Check in/out Experience (0.75)
MG Q,2023,2,Lokasinya ramai lobinya seperti restoran dan aroma rempah rempah serta makanan lokal memenuhi tempat itu proses cek masuk lambat dan stafnya tidak profesional berpura pura sibuk dan aku tak acuh terhadap pelanggan di depan mereka menunggu kamar di kamar sangat buruk saya sudah melaporkannya ke resepsionis dua kali tapi manajer pemeliharaan tidak pernah datang,KOMPETITOR,Bintang 4,MercureJakartaCikini,negative,0.994884192943573,Facilities & Amenities,Facilities & Amenities (1.00); Food & Beverage (0.99); Guest Experience (0.94)
Saleh Salem,2020,2,tuhan baik baik saja,KOMPETITOR,Bintang 4,MercureJakartaCikini,negative,0.4851367473602295,"Cleanliness, Hygiene & Maintenance","Cleanliness, Hygiene & Maintenance (0.86); Religious & Halal Features (0.84); Sustainability & Environmental Quality (0.81)"
Dewi Syukriah,2025,3,Saya tinggal di Mercure Cikini sekitar 14 juta rupiah per malam termasuk sarapan tapi sayangnya pengalaman tidak cukup memenuhi harapan saya ketika saya memesan Tom yum untuk makan siang itu mengejutkan datang dengan jagung yang saya menemukan sedikit tidak biasa dan udang tidak sangat segar kamar saya juga bau seperti asap rokok meskipun saya telah meminta kamar non-merokok di atas itu suara dari kereta lewat di stasiun Cikini cukup terlihat kolam renang lebih kecil dari yang diharapkan dan hanya tentang pinggang dalam sehingga merasa lebih cocok untuk anak-anak gym adalah kompak,KOMPETITOR,Bintang 4,MercureJakartaCikini,negative,0.9982548356056213,Facilities & Amenities,Facilities & Amenities (0.97); Guest Experience (0.93); Check in/out Experience (0.83)
Deri Regiawan,2026,3,pada saat cek masuk sangat lama padahal ada petugas lain tidak ada inisiatif membantu kantor depan yang kewalahan menerima tamu pelayanan lamban pada proses cek masuk,KOMPETITOR,Bintang 4,MercureJakartaCikini,negative,0.9990118741989136,Guest Experience,Guest Experience (0.87); Check in/out Experience (0.73); Safety & Security (0.64)
Ricky Septiawan,2025,3,Saya memesan menginap di sini dan menyebutkan bahwa saya akan merayakan ulang tahun saya tetapi sayangnya tidak ada yang siap untuk mengakui itu ada juga kesalahan komunikasi yang menyebabkan pemesanan saya dibatalkan meskipun itu diperbaiki setelah saya secara pribadi menelepon layanan cetak hotel tersedia tetapi dikenakan biaya pada idr 6 0 per halaman secara keseluruhan tinggal itu baik-baik saja tapi saya merasa bahwa status keanggotaan saya tidak membawa banyak manfaat tambahan,KOMPETITOR,Bintang 4,MercureJakartaCikini,negative,0.9964603781700134,Booking & Reservation Experience,Booking & Reservation Experience (0.96); Pricing & Value for Money (0.90); Guest Experience (0.89)
Muhammad Iqbal Maulana,2025,3,pengalaman menginap di hari rabu selama 5 hari 1 makanan kurang bervariasi hampir setiap hari menu sama 2 cemilan juga tidak terlalu banyak cemilan rapat 3 pengalaman kurang ramah ketika minta diberitakan 4 yang paling kocak setara hotel bisa mati listrik kocak tidak punya genset 5 mindahin ruang rapat di tengah acara hari ke 4 acara penjualan terlalu kecewa melihat cela tidak diinformasikan sedari awal review lebih banyak ke,KOMPETITOR,Bintang 4,MercureJakartaCikini,negative,0.9979202151298523,Guest Experience,Guest Experience (0.98); Food & Beverage (0.97); Check in/out Experience (0.93)
Fajar Edisya Putera,2025,3,untuk kesan pertama sebelum tamu datang cukup baik tapi melihat menginap ada beberapa hal yang saya komplain 1 tidak ada keramahtamahan entah pegawai sedikit atau gimana hampir jarang terlihat pegawai di lobi saya bandingkan dengan atas ataupun liburan hotel sangat kurang mercute ini 2 termpat parkir motor cukup mem memandangi jauh lebih baik dari novotel cikini di dekatnya 3 ada kartu istimewa buat sore teh cuma saya tidak tahu ini setiap hari atau tidak saya tanya saya dapat resepsionis waktu memeriksa masuk dapat setiap hari tapi saat saya mencoba kartu ujian hak istimewa diambil terus tidak dikembalikan sangat tidak jelas 4 housekeeping mungkin sangat tertekan,KOMPETITOR,Bintang 4,MercureJakartaCikini,negative,0.7044681906700134,"Location, Accessibility & Parking","Location, Accessibility & Parking (0.99); Guest Experience (0.95); Facilities & Amenities (0.94)"
Heribertus Yudho Warsono,2025,3,1 kamar bau rokok 2 pelqyanan cekin lambat bafu bisa cekin jam 15 30,KOMPETITOR,Bintang 4,MercureJakartaCikini,negative,0.9906696081161499,Facilities & Amenities,Facilities & Amenities (0.99); Service Quality (0.93); Guest Experience (0.92)
Agus Purnomo,2024,3,lokasi hotel hanya 5 menit berjalan kaki stasiun kereta cikini banyak pilihan kuliner d sekitarnya kamar modern nyaman dan stylish walau tidak terlalu luas ruangan untuk bertemu jga tidak terlalu luas makanannya bervariasi dan cukup berselera lalu lintas di sekitar hotel padat sering macet di jalan raya cikini yang sempit kolam renang di atap bagus dan dianjurkan,KOMPETITOR,Bintang 4,MercureJakartaCikini,positive,0.9995405673980713,Facilities & Amenities,"Facilities & Amenities (0.96); Room Quality & Comfort (0.80); Location, Accessibility & Parking (0.62)"
Yakfi Mubarok,2025,3,staf layanan kurang bagus memasukan anggota accor saya dipersulit awalnya bilang bisa tetapi disarankan melalui pemasarannya saja agar dapat poin lebih agar bisa dimasukan ke kategori paket pertemuan saya memang buka kamar banyak tidak untuk paket pertemuan ternyata setelah selesai menginap menurut pemasaran tidak bisa masukan kode accor saya karena kata mereka bukan paket pertemuan saya sudah tahu itu bukan pertemuan sari awal lalu menghubungi staf saya alasan tidak bisa masuk menuur akuntansi mereka karena beda nama yang memesan dmn yang pemesanan adalah staf saya yang seharusnya secara teknis bisa saja masuk mereka masuk jadi saya sudah memilih hotel mercure ini dengan harapan ada manfaat ke anggota saya tetapi,KOMPETITOR,Bintang 4,MercureJakartaCikini,negative,0.9979177117347717,Service Quality,Service Quality (0.75); Guest Experience (0.69); Check in/out Experience (0.58)
thesuhu master,2023,3,kamarnya bersih nyaman namun sayang jumlah rumah yang disimpan mungkin kurang kamar saya sampai jam 5 sore belum dibersihkan untuk resto yang perlu ditingkatkan adalah mie kuah kental diganti saja mie ayam yang menjadi selera mayoritas orang indonesia nasi goreng terlalu basah jangan terlalu banyak sayuran tahu tekstur tahu aneh sosis rasanya dagingnya kurang untuk sarapan sebaiknya ada masak telur telur dadar mata sapi omelet dari sekian banyak pilihan tidak ada es krim pisang coklat keju pisang sepet pilihlah pisang kepok agak kuning secara keseluruhan untuk istirahat nyaman untuk makanan perlu ditingkatkan lagi,KOMPETITOR,Bintang 4,MercureJakartaCikini,negative,0.8946507573127747,Facilities & Amenities,"Facilities & Amenities (0.91); Cleanliness, Hygiene & Maintenance (0.91); Room Quality & Comfort (0.87)"
melinda k,2022,3,sayang sekali saya harus kasi bintang 3 karena berbeda dengan terakhir kali saya menginap di tahun 2019 mungkin saya kurang beruntung dapat kamar di 715 kamar tidak terlalu besar hanya saja kamar dan sprei bersih hanya saja di kamar mandi ada beberapa hal yang perlu diperhatikan ada beberapa noda karat di ruang limbah dan sudut sudut kamar mandi pun agak bau dan pengap saluran pembuangan udara di kamar mandi juga sepertinya agak tersumbat sehingga membutuhkan waktu yang cukup lama untuk menunggu udara surut untuk sarapan kurang terlalu bervariasi jika dibandingkan ketika saya menginap terakhir ditambahnya di sini lokasi sangat strategis dan staf hotel sangat ramah setiap mereka lewat pasti selalu menyapa,KOMPETITOR,Bintang 4,MercureJakartaCikini,negative,0.9832474589347839,Facilities & Amenities,Facilities & Amenities (0.86); Service Quality (0.76); Guest Experience (0.43)
Anggrah Purwadi,2023,3,fasilitas kamar cukuplah hanya saja tidak d menyediakan silet gula kolam renang ada d rofftop agak sedikit tidak terawat dispenser udara minum rusak lampu meja rusak,KOMPETITOR,Bintang 4,MercureJakartaCikini,negative,0.9806469678878784,Facilities & Amenities,Facilities & Amenities (0.99); Guest Experience (0.78); Food & Beverage (0.71)
Ramaditya Adinugraha,2022,3,Pros lokasi strategis pelayanan ramah kons 1 nomor telepon hotel sulit dihubungi 2 kami punya permintaan khusus untuk non-rokok kamar pada saat pemesanan melalui traveloka lalu membayar bulan dan tidak bisa dibatalkan saat tiba di hotel untuk memeriksa masuk kami baru mendapatkan informasi bahwa non-rokok kamar tidak tersedia karena hotel dalam kondisi penuh petugas resepsionis mengatakan tidak bisa menginformasikan kepada kami jika sudah ada non-rokok kamar yang tersedia untuk ditukar dan meminta kami yang melakukan pengecekan kepada resepsionis di pagi berikutnya atau di jam memeriksa keluar mengenai hal tersebut 3 ada di seprai sesuai foto noda,KOMPETITOR,Bintang 4,MercureJakartaCikini,positive,0.6845976710319519,Service Quality,Service Quality (0.94); Staff Conduct & Hospitality (0.91); Booking & Reservation Experience (0.91)
Sue Tee Gan,2023,3,5 malam masuk mercure cikini di sini adalah pendapat saya putusan nilai tinggal karena itu adalah lokasi yang sangat strategis dan sarapan buffet yang layak staf sangat ramah dan membantu peringatan dekat stasiun kereta api oleh karena itu Anda mungkin mendengar kereta lewat kapan saja hal-hal mereka dapat meningkatkan bukti suara tidak sangat baik Anda dapat mendengar bayi menangis di sebelah toilet tidak benar scrub mereka dapat memperbaiki masuk daerah ini tab air tidak bekerja dengan baik sebagai menyesuaikan aliran air menyebabkan air mengalir untuk menenggelamkan pintu toilet atas perlu dibakar sedikit menggosok pada hinge,KOMPETITOR,Bintang 4,MercureJakartaCikini,positive,0.5477492809295654,Facilities & Amenities,Facilities & Amenities (1.00); Staff Conduct & Hospitality (1.00); Guest Experience (1.00)
Niko Bandoro,2019,3,letaknya sih strategis tapi resto yang ada di lobi tidak menarik kita makan banyak orang berlalu lalang kamar mandi berkaca tembus pandang kalau kembar dengan orang lain agak risi cahaya dari kamar mandi tembus ke ruang utama kamar menimbulkan siluet,KOMPETITOR,Bintang 4,MercureJakartaCikini,positive,0.894363284111023,Ambience & Design,Ambience & Design (0.61); Service Quality (0.53); Food & Beverage (0.51)
Derry Goland,2024,3,saya menginap bersama klg waktu itu di kamar deuxe ada yang perlu diperbaiki dari segi pelayanan terkhusus resepsionis yang harus berkali kali dulu angkat telepon langsung kamar ketika saya angkat ada yang mau di tanyakan itupun jawaban nya tidak bersahabat seorang laki2 di restoran piring makan terlalu kecil yang biasa di pakai u piring sayur atau lauk dan pelayan yang di restoran kurang begitu baik dan kurang santun ketika mau koleb piring2 kotor tanpa ada izin omongan atau lgsung maafkan saya angkat di dpn orang baru dan makanan terakhir berat nya lebih bervariasi karena kebanyakan makan lg kecil2,KOMPETITOR,Bintang 4,MercureJakartaCikini,negative,0.9985917210578918,Facilities & Amenities,Facilities & Amenities (0.89); Food & Beverage (0.88); Guest Experience (0.84)
Cindhi,2019,3,datang ke hotel ini untuk satu malam pelatihan itu sebenarnya memiliki fasilitas yang baik namun dibandingkan dengan hotel lain di kelas yang sama itu mungkin kehilangan keuntungan untuk kamar kecil dan makanan tidak tersedia dengan mudah terutama ketika ada banyak seminar berlangsung pada satu waktu restoran masuk khusus bukan favorit saya kurang variasi makanan juga ruang doa terletak di ruang bawah tanah tanpa fasilitas yang cukup esp masuk syarat kebersihan,KOMPETITOR,Bintang 4,MercureJakartaCikini,negative,0.9893789887428284,Facilities & Amenities,Facilities & Amenities (0.97); Guest Experience (0.59); Food & Beverage (0.58)
EkoX69,2025,3,g ada yang ramah petugasnya mukanya nyebelin,KOMPETITOR,Bintang 4,MercureJakartaCikini,negative,0.9975752234458923,Guest Experience,Guest Experience (0.65); Service Quality (0.43); Religious & Halal Features (0.39)
AR Project,2023,3,kamar banyak nyamuk lampu didalam kamar jg ada beberapa yang mati tidak berfungsi tidak diketuk atau dirawat rutin kaya udara baru minum refil jauh ac juga lumayan mantap hangat baru alias tidak dingin,KOMPETITOR,Bintang 4,MercureJakartaCikini,positive,0.9956087470054626,"Cleanliness, Hygiene & Maintenance","Cleanliness, Hygiene & Maintenance (0.90); Facilities & Amenities (0.90); Service Quality (0.83)"
Armanto “Arman” Joedono,2023,3,1 19 Agustus malam pukul 22 00 saya checkin untuk mengikuti acara dari menaker saat akan membuat salinan saya lihat di dasar teko agak kotor dan saya bermaksud membersihkannya dengan tangan saya amat terkejut karen plat konduktornya amat panas padahal teko kering tidak ada udara sama sekali 2 udara di kamar mandi tidak panas sama sekali sementara acara dan saat masuk kamar ac sudah dalam keadaan menyala dengan suhu terendah 2 pada pagi hari di acara di lantai 1 kopi yang disajikan sangat encer hampir saya bisa mengatakan itu bukan kopi melainkan udara panas yang disiram dengan kopi encer,KOMPETITOR,Bintang 4,MercureJakartaCikini,negative,0.9944013953208923,Check in/out Experience,Check in/out Experience (0.96); Booking & Reservation Experience (0.80); Guest Experience (0.80)
Bettia Bermawi,2019,3,pengalaman sebagai peserta beberapa pelatihan atau rapat di mercu cikini lokasi strategis fasilitas bersih terawat staf yang ramah dan parkir yang berguna terbatas masih ada ruang perbaikan untuk sarana ruang pertemuan sistem tata suara dari ruang sebelah masih mengganggu toilet wanita di lantai g cubicle sempit hanya ada tempat pembuangan napkin sanitasi bukan tempat sampah hanya tersedia 1 tempat sampah di dekat wasfatel kualitas makanan standar kopi yang tidak termasuk dalam buffet diharapkan lebih terasa karena menggunakan merek yang cukup terkenal saya percaya pihak manajemen akan memperhatikan dan mencari solusi terbaik untuk sukses mercu cikini,KOMPETITOR,Bintang 4,MercureJakartaCikini,positive,0.92081218957901,"Location, Accessibility & Parking","Location, Accessibility & Parking (0.99); Facilities & Amenities (0.99); Service Quality (0.90)"
airin work,2023,3,Wc kamar bau pesing kebagian kamar yang merokok area baunya selorong dan memang nempel banget sih di seprai kamar tapi ya resiko yang setuju pengunjung angkat beberapa x banyak yang gk di masker keamanan dan cari parkir terbilang sangat membantu,KOMPETITOR,Bintang 4,MercureJakartaCikini,negative,0.9380624294281006,"Location, Accessibility & Parking","Location, Accessibility & Parking (0.96); Guest Experience (0.82); Safety & Security (0.78)"
Dimas Prakasa,2025,3,hotelnya berada di pusat kota jakarta dekat contoh dengan stasiun cikini tinggal jalan setengan kilo hanya saja memang dikarenakan jalannya utamanya yang sempit benar2 membutuhnya kesabaran yang luar biasa jika kita menuju hotel ini terutama dijam padat untuk fasilitas hotelnya sudah baguss dan nyaman tempatnya terdapat atap bar yang bisa dibuat santai dengan pemandangan gedung jakarta serta kereta api,KOMPETITOR,Bintang 4,MercureJakartaCikini,positive,0.9991447925567627,Facilities & Amenities,"Facilities & Amenities (0.99); Service Quality (0.81); Location, Accessibility & Parking (0.80)"
Fernando Mongkau,2025,3,pelayanan tidak baik tidak ramah layanan kamar lambat respon pesan makanan lama diantar makanan mahal tidak enak daging sapinya keras banget tidak layak di konsumsi,KOMPETITOR,Bintang 4,MercureJakartaCikini,negative,0.9991316199302673,Guest Experience,Guest Experience (1.00); Facilities & Amenities (0.99); Check in/out Experience (0.92)
pascalis herastama,2020,3,kamar standar tetsedia fasilitas ruang pertemuan dari yang agak besar sedang hingga yang kecil rasa makanan menu utamanya kurang nendang bumbu2nya yang jagoan adalah cemilan hidangan pembuka dan penutupnya variatif dan rasanya enak,KOMPETITOR,Bintang 4,MercureJakartaCikini,positive,0.9969677329063416,Facilities & Amenities,Facilities & Amenities (0.97); Food & Beverage (0.70); Guest Experience (0.68)
Dr. Maya Surjadjaja,2023,3,sarapan makan siang n makan malam hampir sama kualitas n jumlah Aneka sambal bagus lakukan tepat waktu untuk makan jika tidak Anda akan menghadapi d dapur buffett kosong tidak lagi jaringan sebagai napkin dan peralatan ruang makan terlalu sibuk sebagian besar waktu,KOMPETITOR,Bintang 4,MercureJakartaCikini,positive,0.8743113279342651,Food & Beverage,Food & Beverage (0.98); Facilities & Amenities (0.97); Service Quality (0.96)
Martiana Sipahutar,2024,3,kamarnya luas itu memiliki stasiun kerja dan meja kopi hanya dua gantungan kain tersedia sehingga tidak dimaksudkan untuk tinggal lama itu begitu dekat dengan kereta api sehingga kebisingan dari kereta lewat diharapkan tampaknya pada saat-saat hotel ini bisa menjadi tuan rumah begitu banyak pertemuan bahwa ia juga berfungsi gymnya sebagai ruang pertemuan di lantai 8 yang membuat gym dipindahkan ke kamar lain dan hanya terbuka dari 8 pagi sampai 8 malam yang akan memulai pagi mereka pada 8 pagi kecuali selama akhir pekan yang hanya berarti Anda lebih baik tidak menggunakan gym sampai tidak ada lagi pertemuan mengambil alih ruang gym resto dapat,KOMPETITOR,Bintang 4,MercureJakartaCikini,positive,0.9865500926971436,Facilities & Amenities,Facilities & Amenities (0.98); Guest Experience (0.77); Service Efficiency & Responsiveness (0.72)
Fitrah Amalia,2023,3,sayang sekali saya memberi bintang 3 karena pengalaman saya di hotel ini tidak menyenangkan 1 saya menginap di hotel ini selama 4 hari 3 malam dalam rangka acara kantor suami saya karena mendapat kamar sendiri suami saya mengajak kami ikut ke hotel untuk menginap kebetulan anak2 kami sedang libur ramadhan pada hari ke 2 kami menginap sore hari saya dan anak2 kami bertiga suami bekerja berjalan2 tour hotel dari kolam renang turun kebawah lobi sambil menunggu adzan maghrib pada saat di lobi kami duduk2 di lobi bangku hanya sebentar tidak melihat barang apa pun di sana kecuali interior hotel krena mandi saya mau kekamar ank lalu kami ke,KOMPETITOR,Bintang 4,MercureJakartaCikini,negative,0.8058522939682007,Check in/out Experience,Check in/out Experience (0.74); Guest Experience (0.74); Religious & Halal Features (0.63)
Shita Dewi,2024,3,Sayangnya kali ini pengalaman saya dengan hotel ini hanya begitu sehingga masuk memeriksa mengambil selamanya dan bahkan setelah proses yang sangat panjang dari masuk memeriksa sekali saya sampai ke lantai saya tidak bisa menggunakan kunci jadi saya harus kembali ke resepsionis sarapan juga begitu sayang karena hotel masuk lokasi yang baik meskipun sangat sibuk jalan,KOMPETITOR,Bintang 4,MercureJakartaCikini,negative,0.9559304714202881,Check in/out Experience,Check in/out Experience (0.99); Guest Experience (0.99); Booking & Reservation Experience (0.84)
Mayang Shita,2025,3,makanan dan kamar enak pelayanan kurang baik mohon mba nadia bisa lebih ramah,KOMPETITOR,Bintang 4,MercureJakartaCikini,negative,0.7473236918449402,Facilities & Amenities,Facilities & Amenities (0.86); Guest Experience (0.84); Food & Beverage (0.81)
Endrx Harjo,2023,3,dapatnya kamar kamar merokok masih bau rokok kamarnya tidak ada fasilitas sendal sempat ada yang salah kamar bisa buka pintu akses,KOMPETITOR,Bintang 4,MercureJakartaCikini,negative,0.8913522958755493,Guest Experience,Guest Experience (0.49); Sustainability & Environmental Quality (0.36); Management & Policy Issues (0.34)
Rizky Ikhsani,2022,3,memiliki pertemuan di sini secara keseluruhan itu tidak begitu buruk pengalaman untuk hotel dari tingkat ini fasilitas pertemuan 3 5 saya tidak suka proyektor itu sudah usang piksel yang terlalu besar dan tidak begitu jelas sisa fasilitas itu bagus Anda mendapatkan 2 mike Indonesia cemilan relatif bersih fasilitas parkir adalah terbatas suasana 3 5 gedung tidak benar-benar mengundang interior eklektik membantu meskipun partisi diatur ulang mempersulit sirkulasi masuk makanan lobi 2 5 Indonesia buffet untuk makan siang ada seblak soto betawi goreng ayam penutup dan salad,KOMPETITOR,Bintang 4,MercureJakartaCikini,positive,0.82635897397995,Facilities & Amenities,"Facilities & Amenities (1.00); Location, Accessibility & Parking (1.00); Guest Experience (0.99)"
FIRMAN MAULANA INDRA SAPUTRA,2020,3,untuk kamar standar dengan hotel yang lain nyaman buat istirahat cuma sayangnya waktu aku menginap tidak mendapatkan sarapan gratis apakah di hotel ini fasilitas sarapan gratis tidak ada,KOMPETITOR,Bintang 4,MercureJakartaCikini,positive,0.9245595335960388,Facilities & Amenities,Facilities & Amenities (0.79); Guest Experience (0.73); Pricing & Value for Money (0.65)
Armein Djalil,2019,3,Satu-satunya hal yang mengerikan tentang tempat ini adalah ketika Anda ingin berjalan memiliki kuliner atau wisata lainnya di sekitar tempat hampir setiap kendaraan yang melewati jalanan sebagian besar di sekitar jam sibuk tidak pernah peduli tidak ingin memperlambat mobil mereka sepeda motor untuk memberi kesempatan bagi pejalan kaki atau penyeberangan jalan untuk mencapai sisi di hotel cara yang mengerikan 1 hal lain tidak setiap tamu tamu yang ingin membeli hal hotel menyediakan sayangnya tidak ada minimarket terbuka 24 jam di dekatnya tidak ada masalah lain saya mendapat hotel ini adalah tempat yang nyaman seperti itu tetapi di atas semua ini yang paling sedih satu,KOMPETITOR,Bintang 4,MercureJakartaCikini,negative,0.9963131546974182,Facilities & Amenities,"Facilities & Amenities (0.64); Location, Accessibility & Parking (0.34); Guest Experience (0.34)"
ariyanti,2023,3,kemarin dapat kamar di lantai 2 bau rokok sekali kamarnya bener2 bau rokok yang tipe udah nempel banget dimana2 tempat tidur sheetnya juga agak kotor dan gatel2 sarapan makan siang makan malamnya sih lumayan enak ada live cookingnya juga minumannya tapi kurang variasi sih ada mini playground buat anak2 yang lumayan lah kalau bosan di kamar udah agak eco friendly hotelnya di kamarnya tidak ada minuman kemasan sekali pakai juga disediakan dispenser di setiap lorong,KOMPETITOR,Bintang 4,MercureJakartaCikini,negative,0.5203416347503662,Facilities & Amenities,Facilities & Amenities (0.80); Sustainability & Environmental Quality (0.74); Service Quality (0.55)
Ariadi Wibowo,2019,3,kualitas kamar biasa saja cukup nyaman ada fasilitas kolam renang di lantai paling atas tempat parkir terbatas keamanan cukup baik,KOMPETITOR,Bintang 4,MercureJakartaCikini,positive,0.9961526989936829,Facilities & Amenities,Facilities & Amenities (0.99); Room Quality & Comfort (0.97); Guest Experience (0.88)
mairina anggraeni,2022,3,Maaf aku sedikit kecewa bukan karena kamar tapi karena aku tinggal di sini setelah tamu lain dan tamu sedang merokok masuk kamar yang bukan kamar merokok hotel mencoba untuk menghilangkan bau tapi tidak bekerja keluar sangat baik setelah aku semprot dengan parfum saya bau cemburu memudar tapi masih bau coz itu tinggal masuk perabot dan tirai aku tidak mencoba untuk mengubah kamar karena aku meminta kamar dengan pintu konektor dan Anda dapat mendengar kereta lewat tidak terlalu keras tapi Anda bisa mendengarnya,KOMPETITOR,Bintang 4,MercureJakartaCikini,negative,0.9968005418777466,Facilities & Amenities,Facilities & Amenities (0.95); Guest Experience (0.93); Check in/out Experience (0.77)
Mentawai Holiday,2021,3,Harga tidak sebanding dengan fasilitas dan layanan yang didapatkan kami pesan kamar dengan harga 1 jt malam serasa menginap di hotel bintang 2,KOMPETITOR,Bintang 4,MercureJakartaCikini,negative,0.9876728653907776,Facilities & Amenities,Facilities & Amenities (0.99); Booking & Reservation Experience (0.96); Pricing & Value for Money (0.86)
Rian Hardiansyah Al Parman,2023,3,makanan enak hanya saja di hari pertama kita datang di tgl 16 untuk makan siang nasi sama sayurnya udah mau basi,KOMPETITOR,Bintang 4,MercureJakartaCikini,negative,0.671469509601593,Guest Experience,Guest Experience (0.72); Food & Beverage (0.70); Service Quality (0.63)
Sugeng Krisdwiyanto,2021,3,tempat parkirnya sempit ruang rapat bermasalah di sistem suaranya protokol kesehatan dilaksanakan dengan baik kamar tidak bisa dibersihkan karena alasan protokol kesehatan,KOMPETITOR,Bintang 4,MercureJakartaCikini,negative,0.9786894917488098,"Location, Accessibility & Parking","Location, Accessibility & Parking (0.95); Service Quality (0.91); Facilities & Amenities (0.69)"
Riyan Prasetiyo,2022,3,makanan enak tapi untuk yang mengambilkan makanan cuma satu orang jadi mengantrinya terlalu lama padahal banyak posisi menuunya seharusnya di setiap menu ada chef yang mrngambilkan jika memesan makanan terimaksih,KOMPETITOR,Bintang 4,MercureJakartaCikini,positive,0.9532848000526428,Service Quality,"Service Quality (0.82); Loyalty, Recommendation & Appreciation (0.65); Guest Experience (0.60)"
Agung subali,2022,3,Pelayanan kurang ramah dan petugas terbatas jadi tidak bisa melayani dengan baik khususnya saat sarapan pagi dan waktu cek masuk,KOMPETITOR,Bintang 4,MercureJakartaCikini,negative,0.9838308095932007,Guest Experience,Guest Experience (0.99); Check in/out Experience (0.97); Service Quality (0.93)
Ridha Esse,2019,3,kamarnya oke makanannya tidak variatif terus bolak balik nanya ke resepsionis buat minjem setrikaan selalu tidak ada lg banyak yang membuat,KOMPETITOR,Bintang 4,MercureJakartaCikini,negative,0.8293953537940979,Guest Experience,Guest Experience (0.93); Room Quality & Comfort (0.90); Service Quality (0.88)
Hollin Indriana,2023,3,sarapan buffet yang disajikan dingin untuk telur seharusnya dibuat segar jadi tetap panas penyajiannya,KOMPETITOR,Bintang 4,MercureJakartaCikini,positive,0.9195820093154907,Food & Beverage,Food & Beverage (0.82); Sustainability & Environmental Quality (0.66); Service Quality (0.65)
Ardika Ogi,2019,3,tempat parkir sempit petugas kurang sigap membantu tamu yang kesusahan parkir ditempat sempit ini harus bayar parkir untuk kebersihan tidak buruk lah area merokok di lobi kurang memadai tidak ada tempat duduk untuk bersantai tidak boleh duduk2 di lobi dpn sperti org upacara kalau dijogja ini seperti hotel bintang 3 padahal ini kota besar lho terima kasih,KOMPETITOR,Bintang 4,MercureJakartaCikini,negative,0.9285450577735901,"Location, Accessibility & Parking","Location, Accessibility & Parking (0.93); Service Quality (0.87); Pricing & Value for Money (0.64)"
Sukarti Iswaningsih,2022,3,pya pengalaman kurang menyenangkan bersama tim dari sisi pelayanan di repsionis dan belboy yang blom pernah kami alami selama menginap di hotel bintang lainnya,KOMPETITOR,Bintang 4,MercureJakartaCikini,negative,0.9980733394622803,Staff Conduct & Hospitality,Staff Conduct & Hospitality (0.93); Guest Experience (0.93); Personalized & Special Services (0.73)
Anthonio Bruce Tius,2019,3,view di luar hotel nya biasa saja mungkin karena terletak di pusat kota pelayanan hotel nya baik suasana hotelnya menyenangkan harga nya lumayan mahal juga sih letak nya juga strategis karena terletak di pusat kota jakarta cuma kalau parkir kendaraannya sedikit dan juga akses jalan nya sempit sehingga merepotkan untuk parkir kendaraannya,KOMPETITOR,Bintang 4,MercureJakartaCikini,positive,0.9874617457389832,"Location, Accessibility & Parking","Location, Accessibility & Parking (0.99); Facilities & Amenities (0.97); Pricing & Value for Money (0.90)"
Bunda Yanti,2024,3,kamar kecil makanan biasa sering kehabisan petugas tidak tanggap bosan menuunya,KOMPETITOR,Bintang 4,MercureJakartaCikini,positive,0.638988733291626,Guest Experience,Guest Experience (0.76); Food & Beverage (0.73); Facilities & Amenities (0.71)
Andre Yoga,2021,3,Aku sangat menyukai makanan terutama seafood tapi internet sangat buruk selalu digunakan perangkat pengikat atau modem sendiri di sini jadi jangan lupa bawa sendiri,KOMPETITOR,Bintang 4,MercureJakartaCikini,positive,0.9979593753814697,Sustainability & Environmental Quality,Sustainability & Environmental Quality (0.43); Food & Beverage (0.40); Guest Experience (0.33)
Muh Arief Hasbullah,2022,3,keamanan ada yang ramah juga tidak yang ramah juga setiap bulan keluar dari hotel tolong dong bantu terima kasih,KOMPETITOR,Bintang 4,MercureJakartaCikini,negative,0.9524361491203308,Safety & Security,Safety & Security (0.99); Guest Experience (0.88); Service Quality (0.79)
Herryanto Law,2018,3,agak bingung sih kartu akses hanya di kasih 1 bh pada saat minta 1 bh lg jam buka kartu kredit 300rb sbg jaminan atas semua pelayanan cukup baik,KOMPETITOR,Bintang 4,MercureJakartaCikini,positive,0.9556177854537964,Service Quality,Service Quality (1.00); Service Efficiency & Responsiveness (0.95); Facilities & Amenities (0.85)
Avi Andriane,2023,3,Kamarnya agak kecil staf resepsionis tidak ramah tapi staf kebersihan sangat membantu dan baik,KOMPETITOR,Bintang 4,MercureJakartaCikini,positive,0.6056581735610962,"Cleanliness, Hygiene & Maintenance","Cleanliness, Hygiene & Maintenance (0.99); Guest Experience (0.98); Facilities & Amenities (0.98)"
Vidyata Annisa,2019,3,lumayan bagus dan lokasinya sangat dekat stasiun cikini makanan cukup enak ruang pertemuan kecil kecil,KOMPETITOR,Bintang 4,MercureJakartaCikini,positive,0.9992007613182068,Facilities & Amenities,Facilities & Amenities (0.97); Service Quality (0.90); Guest Experience (0.85)
jonson Lie,2022,3,menu buka puasa disini kurang bervariasi dan rasanya biasa saja,KOMPETITOR,Bintang 4,MercureJakartaCikini,negative,0.7911521196365356,Food & Beverage,"Food & Beverage (0.95); Religious & Halal Features (0.88); Loyalty, Recommendation & Appreciation (0.75)"
Iwan Setiawan,2019,3,biasa saja hotelnya terlalu kecil untuk kelas bintang 4 sarapannya jg biasa saja,KOMPETITOR,Bintang 4,MercureJakartaCikini,negative,0.977452278137207,Food & Beverage,Food & Beverage (0.91); Service Quality (0.77); Facilities & Amenities (0.70)
alex wij,2024,3,lokasi strategis tidak punya parkir kendaraan yang memadai,KOMPETITOR,Bintang 4,MercureJakartaCikini,negative,0.6056080460548401,"Location, Accessibility & Parking","Location, Accessibility & Parking (0.89); Sustainability & Environmental Quality (0.68); Management & Policy Issues (0.59)"
AGUSTINUS LISE PIO,2020,3,Satpam dan penjaga pintunya tingkatkan keramahan setiap kali tamu turun dari mobil dan buka pintu depan hotel,KOMPETITOR,Bintang 4,MercureJakartaCikini,neutral,0.8688741326332092,Staff Conduct & Hospitality,Staff Conduct & Hospitality (1.00); Safety & Security (0.98); Service Efficiency & Responsiveness (0.95)
Muhamad Nasir,2018,3,hotel dengan lokasi strategis tapi untuk harga kamar bintang 4 termasuk mahal,KOMPETITOR,Bintang 4,MercureJakartaCikini,positive,0.8368545174598694,Pricing & Value for Money,Pricing & Value for Money (0.92); Facilities & Amenities (0.83); Sustainability & Environmental Quality (0.67)
gloris siombo,2019,3,bagus kamar luas karena saya berobat ke rscm kencana jadi dr banget gapake macet,KOMPETITOR,Bintang 4,MercureJakartaCikini,positive,0.9988620281219482,Facilities & Amenities,Facilities & Amenities (0.92); Service Quality (0.90); Room Quality & Comfort (0.87)
Darman Bebek,2022,3,nyaman areanyaa bersih agak macet didepan hotel smp kfc cikini,KOMPETITOR,Bintang 4,MercureJakartaCikini,positive,0.9990697503089905,Facilities & Amenities,"Facilities & Amenities (0.91); Service Quality (0.91); Cleanliness, Hygiene & Maintenance (0.91)"
Hartini Nur,2019,3,ruang pertemuannya kecil banget senggol2an ama meja bingung mau keluar ruangan,KOMPETITOR,Bintang 4,MercureJakartaCikini,negative,0.9985361099243164,Guest Experience,Guest Experience (0.88); Facilities & Amenities (0.79); Check in/out Experience (0.77)
mama adzki,2020,3,hotelnya sangat strategis dekat dengan stasiun cikini namun harganya sangat mahal,KOMPETITOR,Bintang 4,MercureJakartaCikini,positive,0.9840764403343201,Pricing & Value for Money,Pricing & Value for Money (0.89); Sustainability & Environmental Quality (0.79); Facilities & Amenities (0.71)
Joshua Partogi,2019,3,makanan tidak seperti kualitas hotel bintang 4 dan tidak begitu banyak pilihan semua yang lain masuk di sini baik meskipun,KOMPETITOR,Bintang 4,MercureJakartaCikini,negative,0.7375871539115906,Food & Beverage,Food & Beverage (0.83); Service Quality (0.78); Guest Experience (0.59)
Ceo jalan Lintas truck besar,2019,3,kebersihan lumayan terjaga dan sangat mudah akses menuju ke hotel,KOMPETITOR,Bintang 4,MercureJakartaCikini,positive,0.9983533620834351,"Cleanliness, Hygiene & Maintenance","Cleanliness, Hygiene & Maintenance (0.99); Service Quality (0.99); Facilities & Amenities (0.96)"
Mardimulyani Soetopo,2023,3,tempatnya kecil berisik kereta tapi lumayan bersih,KOMPETITOR,Bintang 4,MercureJakartaCikini,positive,0.9918747544288635,Service Quality,"Service Quality (0.96); Cleanliness, Hygiene & Maintenance (0.95); Room Quality & Comfort (0.90)"
Kurniawan Dipa,2020,3,tempat nya bersih makanannya juga enak nasi gorengnya maknyus,KOMPETITOR,Bintang 4,MercureJakartaCikini,positive,0.9992678761482239,"Cleanliness, Hygiene & Maintenance","Cleanliness, Hygiene & Maintenance (0.99); Facilities & Amenities (0.99); Room Quality & Comfort (0.98)"
Kartika Puspita Sari,2023,3,secara keseluruhan memiliki layanan yang baik silahkan meningkatkan kebersihan kamar mandi,KOMPETITOR,Bintang 4,MercureJakartaCikini,positive,0.986832857131958,Service Quality,"Service Quality (1.00); Facilities & Amenities (0.99); Cleanliness, Hygiene & Maintenance (0.99)"
Pascalis Jati,2023,3,fasilitas lumayan sayang petugasnya tidak ramah,KOMPETITOR,Bintang 4,MercureJakartaCikini,positive,0.8401117920875549,Facilities & Amenities,Facilities & Amenities (0.93); Guest Experience (0.75); Service Quality (0.70)
Paolo Cirelli,2019,3,Kamar yang baik bersih orang baik aku tidak mencoba makanan,KOMPETITOR,Bintang 4,MercureJakartaCikini,negative,0.941655158996582,"Cleanliness, Hygiene & Maintenance","Cleanliness, Hygiene & Maintenance (1.00); Facilities & Amenities (1.00); Guest Experience (0.99)"
tokokasur57,2019,3,tempatnya bersih dan dekat dengan tempat2 kongkow makan,KOMPETITOR,Bintang 4,MercureJakartaCikini,positive,0.9991520643234253,Facilities & Amenities,"Facilities & Amenities (0.99); Cleanliness, Hygiene & Maintenance (0.99); Service Quality (0.99)"
Rini Nov,2019,3,Tempat yang indah untuk menginap tapi selalu terlalu ramai sarapan,KOMPETITOR,Bintang 4,MercureJakartaCikini,positive,0.9547107219696045,Food & Beverage,Food & Beverage (0.90); Facilities & Amenities (0.88); Guest Experience (0.82)
Dina Suryandari,2020,3,area kolam renang tidak bersih airnya tidak bersih banyak perenang tidak memakai baju renang,KOMPETITOR,Bintang 4,MercureJakartaCikini,negative,0.9983848333358765,Facilities & Amenities,Facilities & Amenities (0.94); Religious & Halal Features (0.64); Sustainability & Environmental Quality (0.64)
MasDab Mawon,2018,3,deket stasiun dekat tim dan taman suropati ruangan luas lega harga terjangkau,KOMPETITOR,Bintang 4,MercureJakartaCikini,positive,0.9994413256645203,Facilities & Amenities,Facilities & Amenities (0.99); Family & Group Friendly (0.97); Ambience & Design (0.97)
Muhammad Arip,2023,3,lumayan bagus cuma kurang di makanan saja,KOMPETITOR,Bintang 4,MercureJakartaCikini,negative,0.7455711364746094,Sustainability & Environmental Quality,Sustainability & Environmental Quality (0.74); Food & Beverage (0.65); Pricing & Value for Money (0.54)
Donal Daniel,2020,3,terletak di jalan cikini dekat dengan kawasan menteng bisa jalan jalan di imam bonjol dekat dengan stasiun kereta api,KOMPETITOR,Bintang 4,MercureJakartaCikini,positive,0.9993808269500732,Facilities & Amenities,Facilities & Amenities (0.89); Sustainability & Environmental Quality (0.80); Religious & Halal Features (0.78)
Jessica Tj,2019,3,Hotelnya kecil tapi ruang pertemuannya selalu ramai,KOMPETITOR,Bintang 4,MercureJakartaCikini,positive,0.9954670667648315,Guest Experience,Guest Experience (0.84); Facilities & Amenities (0.78); Sustainability & Environmental Quality (0.77)
irlan hakim,2023,3,kolam renangnya kurang airnya jadi kurang dalam,KOMPETITOR,Bintang 4,MercureJakartaCikini,positive,0.8524184226989746,Facilities & Amenities,Facilities & Amenities (0.92); Sustainability & Environmental Quality (0.79); Religious & Halal Features (0.67)
HAFIDZ FIRDAUS ABDUL HAKIM,2018,3,dekat stasiun cikini sarapan baik banyak food court dekat hotel area parkir besar,KOMPETITOR,Bintang 4,MercureJakartaCikini,positive,0.9990614056587219,Facilities & Amenities,"Facilities & Amenities (0.97); Location, Accessibility & Parking (0.93); Service Quality (0.86)"
Indriana Permatasari,2019,3,Kamar dan layanan baik-baik saja tapi sarapan bisa ditingkatkan,KOMPETITOR,Bintang 4,MercureJakartaCikini,negative,0.9940229058265686,Facilities & Amenities,Facilities & Amenities (1.00); Guest Experience (1.00); Service Quality (1.00)
leo diputra,2019,3,hotel untuk bisnis lebih cocok hotel 3 5 bukan 4,KOMPETITOR,Bintang 4,MercureJakartaCikini,positive,0.9534562230110168,Facilities & Amenities,Facilities & Amenities (0.71); Pricing & Value for Money (0.59); Booking & Reservation Experience (0.55)
Novia Haviza,2022,3,Dipusat kota mudah di akses namun proses layanan counter cek masuk lambat,KOMPETITOR,Bintang 4,MercureJakartaCikini,neutral,0.9007150530815125,Facilities & Amenities,"Facilities & Amenities (0.92); Location, Accessibility & Parking (0.81); Guest Experience (0.73)"
Imam T.C,2019,3,sayangnya d tempat shalat tidak ada WCnya,KOMPETITOR,Bintang 4,MercureJakartaCikini,negative,0.7400464415550232,Religious & Halal Features,Religious & Halal Features (0.90); Facilities & Amenities (0.76); Service Quality (0.72)
Rully Andri,2020,3,makanan beragam kamar nyaman namun resto kecil,KOMPETITOR,Bintang 4,MercureJakartaCikini,positive,0.9973383545875549,Facilities & Amenities,Facilities & Amenities (0.90); Food & Beverage (0.84); Room Quality & Comfort (0.83)
Budi Susilo,2019,3,parkirnya kurang luas masa disuruh parkir di gedung seberang,KOMPETITOR,Bintang 4,MercureJakartaCikini,negative,0.9950476884841919,"Location, Accessibility & Parking","Location, Accessibility & Parking (0.91); Facilities & Amenities (0.69); Sustainability & Environmental Quality (0.62)"
Ipuel Fals,2023,3,bagus tolong kebersihan di toilet ingkatkan,KOMPETITOR,Bintang 4,MercureJakartaCikini,neutral,0.6777665019035339,Service Quality,"Service Quality (0.99); Cleanliness, Hygiene & Maintenance (0.99); Facilities & Amenities (0.96)"
Kurniawan Santoso,2020,3,Suara kereta nostalgia tapi sangat keras masuk beberapa kamar aku yakin,KOMPETITOR,Bintang 4,MercureJakartaCikini,negative,0.5248627662658691,Cultural & Heritage Experience,Cultural & Heritage Experience (0.72); Guest Experience (0.56); Facilities & Amenities (0.55)
cherie faried,2020,3,Suasananya nyaman bagus buat nginap,KOMPETITOR,Bintang 4,MercureJakartaCikini,positive,0.999383807182312,Room Quality & Comfort,Room Quality & Comfort (0.99); Facilities & Amenities (0.96); Guest Experience (0.94)
yanuardy rahmat m,2019,3,Baiklah tinggal makanan mengisi masuk restoran lambat,KOMPETITOR,Bintang 4,MercureJakartaCikini,negative,0.7079160213470459,Food & Beverage,Food & Beverage (0.92); Sustainability & Environmental Quality (0.75); Booking & Reservation Experience (0.71)
Eka Erniseptiani,2018,3,minimalis harga terjangkau 6 ruang pertemuan kecil2,KOMPETITOR,Bintang 4,MercureJakartaCikini,positive,0.9975842237472534,Pricing & Value for Money,Pricing & Value for Money (0.91); Facilities & Amenities (0.89); Guest Experience (0.78)
Suryadi Zidan,2019,3,kamarnya sempit makanannya kurang enak,KOMPETITOR,Bintang 4,MercureJakartaCikini,negative,0.9988962411880493,Facilities & Amenities,Facilities & Amenities (0.96); Guest Experience (0.85); Sustainability & Environmental Quality (0.71)
SYAHRIL ALAMSYAH,2022,3,Pelayanan cukup baik saat bukber,KOMPETITOR,Bintang 4,MercureJakartaCikini,positive,0.9196450710296631,Service Quality,Service Quality (0.99); Guest Experience (0.98); Booking & Reservation Experience (0.96)
Tri Aryono Hadi (Ari),2019,3,ruang pertemuan kecil menu restoran sangat bervariasi,KOMPETITOR,Bintang 4,MercureJakartaCikini,positive,0.9969117045402527,Facilities & Amenities,Facilities & Amenities (0.97); Food & Beverage (0.95); Guest Experience (0.86)
Shita Listyadewi,2019,3,restoran kecil tapi lokasi yang bagus dekat stasiun kereta api pendaki,KOMPETITOR,Bintang 4,MercureJakartaCikini,positive,0.9976603984832764,Food & Beverage,Food & Beverage (0.99); Facilities & Amenities (0.90); Service Quality (0.82)
Siti Lestari,2021,3,makanan kurang banyak pilihannya dan rasanya kurang,KOMPETITOR,Bintang 4,MercureJakartaCikini,negative,0.9901216626167297,Sustainability & Environmental Quality,Sustainability & Environmental Quality (0.80); Food & Beverage (0.79); Pricing & Value for Money (0.60)
Irwanto Al Ismith,2018,3,rata-rata untuk kepuasan tapi mengelilingi menu makanan jalanan lokal,KOMPETITOR,Bintang 4,MercureJakartaCikini,positive,0.9336791038513184,Check in/out Experience,"Check in/out Experience (0.87); Food & Beverage (0.84); Loyalty, Recommendation & Appreciation (0.78)"
Mai Nguyen,2019,3,Hotel rata-rata memeriksa masuk dan tidak memiliki dukungan sama sekali ke kamar saya,KOMPETITOR,Bintang 4,MercureJakartaCikini,negative,0.9986856579780579,Guest Experience,Guest Experience (0.96); Check in/out Experience (0.79); Service Quality (0.75)
teuku akmal kurniawan,2020,3,cuma bertemu doang disni tidak menginap,KOMPETITOR,Bintang 4,MercureJakartaCikini,neutral,0.501610517501831,Check in/out Experience,Check in/out Experience (0.99); Guest Experience (0.96); Cultural & Heritage Experience (0.75)
Ashley Gibbs,2020,3,Hotel rata-rata mercury fb memiliki beberapa kekurangan terutama sarapan,KOMPETITOR,Bintang 4,MercureJakartaCikini,negative,0.9674330353736877,Food & Beverage,Food & Beverage (0.99); Guest Experience (0.88); Facilities & Amenities (0.74)
yassinta ben,2019,3,Kamar kecil air bau sarapan adalah standar,KOMPETITOR,Bintang 4,MercureJakartaCikini,negative,0.9979733824729919,Guest Experience,Guest Experience (0.97); Facilities & Amenities (0.97); Food & Beverage (0.96)
gajah rachmat K,2018,3,Hotel 4 bintang dengan harga anggaran besar,KOMPETITOR,Bintang 4,MercureJakartaCikini,positive,0.9887789487838745,Pricing & Value for Money,Pricing & Value for Money (0.97); Service Quality (0.78); Facilities & Amenities (0.77)
Burhanuddin,2018,3,makanannya kurang menggugah selera,KOMPETITOR,Bintang 4,MercureJakartaCikini,negative,0.9796552062034607,Sustainability & Environmental Quality,Sustainability & Environmental Quality (0.78); Food & Beverage (0.63); Pricing & Value for Money (0.62)
Prabu Kresno,2019,3,hotel nyaman ditengah kawasan bisnis,KOMPETITOR,Bintang 4,MercureJakartaCikini,positive,0.999178946018219,Room Quality & Comfort,Room Quality & Comfort (0.90); Facilities & Amenities (0.89); Service Quality (0.87)
Sham Witwicki (Shambudy),2018,3,hotel standar tapi layanan yang baik,KOMPETITOR,Bintang 4,MercureJakartaCikini,negative,0.8643859624862671,Service Quality,Service Quality (1.00); Guest Experience (0.97); Facilities & Amenities (0.93)
Nona Camellia,2018,3,Kamar kecil untuk harga mahal tapi dekat di mana-mana,KOMPETITOR,Bintang 4,MercureJakartaCikini,positive,0.9732999801635742,Pricing & Value for Money,"Pricing & Value for Money (0.95); Facilities & Amenities (0.79); Location, Accessibility & Parking (0.77)"
meita laksmiati,2024,3,kamarnya kecil,KOMPETITOR,Bintang 4,MercureJakartaCikini,negative,0.9980929493904114,Facilities & Amenities,"Facilities & Amenities (0.93); Guest Experience (0.91); Cleanliness, Hygiene & Maintenance (0.80)"
Peony Tiger Indonesian Nature Explorer,2019,3,lokasi hotel strategis di daerah cikini,KOMPETITOR,Bintang 4,MercureJakartaCikini,positive,0.9993124008178711,Facilities & Amenities,Facilities & Amenities (0.81); Sustainability & Environmental Quality (0.78); Pricing & Value for Money (0.70)
feny defina,2025,3,susah parkirnya,KOMPETITOR,Bintang 4,MercureJakartaCikini,negative,0.9984779953956604,"Location, Accessibility & Parking","Location, Accessibility & Parking (0.92); Facilities & Amenities (0.74); Pricing & Value for Money (0.62)"
Etjih Tasriah,2019,3,kamar yang nyaman tapi ruang pertemuan terlalu kecil,KOMPETITOR,Bintang 4,MercureJakartaCikini,negative,0.7786585688591003,Facilities & Amenities,Facilities & Amenities (0.83); Guest Experience (0.76); Room Quality & Comfort (0.67)
Gomassage Jkt,2017,3,Baik dan oke banget untuk istirahat,KOMPETITOR,Bintang 4,MercureJakartaCikini,positive,0.9794749021530151,Room Quality & Comfort,Room Quality & Comfort (0.89); Religious & Halal Features (0.56); Guest Experience (0.41)
Tsani Chanel,2018,3,kamar hotel kecil tapi nyaman,KOMPETITOR,Bintang 4,MercureJakartaCikini,positive,0.9658945798873901,Room Quality & Comfort,Room Quality & Comfort (0.96); Facilities & Amenities (0.92); Service Quality (0.87)
Khairul Arifin Official,2018,3,parkir cukup leluasa terbatas,KOMPETITOR,Bintang 4,MercureJakartaCikini,positive,0.9986934065818787,Sustainability & Environmental Quality,"Sustainability & Environmental Quality (0.64); Facilities & Amenities (0.62); Location, Accessibility & Parking (0.58)"
Ismail Nasrul,2021,3,lahan parkirnya sempit,KOMPETITOR,Bintang 4,MercureJakartaCikini,negative,0.9755855202674866,"Location, Accessibility & Parking","Location, Accessibility & Parking (0.97); Facilities & Amenities (0.90); Sustainability & Environmental Quality (0.75)"
VYB,2023,3,parkirannya untuk sangat,KOMPETITOR,Bintang 4,MercureJakartaCikini,positive,0.9975184202194214,Facilities & Amenities,"Facilities & Amenities (0.98); Location, Accessibility & Parking (0.96); Service Quality (0.80)"
Ellen Halim,2018,3,sarapan adalah standar tidak layak untuk harga,KOMPETITOR,Bintang 4,MercureJakartaCikini,negative,0.9991391897201538,Food & Beverage,Food & Beverage (0.96); Pricing & Value for Money (0.94); Guest Experience (0.84)
Don anjelo,2021,3,Kamarnya kecil tidak seperti yang saya harapkan,KOMPETITOR,Bintang 4,MercureJakartaCikini,negative,0.9986498951911926,Guest Experience,Guest Experience (0.76); Facilities & Amenities (0.54); Pricing & Value for Money (0.49)
Eko Suwahyo,2022,3,bagus bersih,KOMPETITOR,Bintang 4,MercureJakartaCikini,positive,0.9988263249397278,"Cleanliness, Hygiene & Maintenance","Cleanliness, Hygiene & Maintenance (0.97); Service Quality (0.92); Sustainability & Environmental Quality (0.91)"
Badriatus Solichatin,2023,3,Sangat nyaman,KOMPETITOR,Bintang 4,MercureJakartaCikini,positive,0.9991685152053833,Room Quality & Comfort,"Room Quality & Comfort (0.96); Facilities & Amenities (0.93); Cleanliness, Hygiene & Maintenance (0.92)"
Eva Nurfarihah,2021,3,Rujak mangga nya enak,KOMPETITOR,Bintang 4,MercureJakartaCikini,positive,0.9981086254119873,Sustainability & Environmental Quality,Sustainability & Environmental Quality (0.91); Food & Beverage (0.90); Cultural & Heritage Experience (0.86)
erwin ibrahim,2018,3,bersih nyaman modern strategis,KOMPETITOR,Bintang 4,MercureJakartaCikini,positive,0.999409556388855,Room Quality & Comfort,"Room Quality & Comfort (0.96); Cleanliness, Hygiene & Maintenance (0.94); Facilities & Amenities (0.90)"
anggi sihotang,2023,3,lokasi strategis,KOMPETITOR,Bintang 4,MercureJakartaCikini,positive,0.9988529682159424,Facilities & Amenities,Facilities & Amenities (0.91); Sustainability & Environmental Quality (0.85); Safety & Security (0.75)
probo andrian,2018,3,makanan yang sangat standar,KOMPETITOR,Bintang 4,MercureJakartaCikini,negative,0.974780797958374,"Cleanliness, Hygiene & Maintenance","Cleanliness, Hygiene & Maintenance (0.68); Sustainability & Environmental Quality (0.65); Religious & Halal Features (0.61)"
Fahrudin,2018,3,lokasi yang sangat bagus dan bagus,KOMPETITOR,Bintang 4,MercureJakartaCikini,positive,0.9983428716659546,Facilities & Amenities,Facilities & Amenities (0.98); Sustainability & Environmental Quality (0.89); Ambience & Design (0.80)
Bambang Udoyono,2018,3,bersih rapi mudah diakses,KOMPETITOR,Bintang 4,MercureJakartaCikini,positive,0.9975416660308838,"Cleanliness, Hygiene & Maintenance","Cleanliness, Hygiene & Maintenance (0.97); Service Quality (0.90); Facilities & Amenities (0.86)"
Adzma Muhammad Putranto,2017,3,pandangan yang baik,KOMPETITOR,Bintang 4,MercureJakartaCikini,positive,0.9908457398414612,"Loyalty, Recommendation & Appreciation","Loyalty, Recommendation & Appreciation (0.88); Cleanliness, Hygiene & Maintenance (0.82); Sustainability & Environmental Quality (0.81)"
bangRubby,2021,3,karantina mandiri covid 19,KOMPETITOR,Bintang 4,MercureJakartaCikini,neutral,0.9986209869384766,Management & Policy Issues,Management & Policy Issues (0.71); Service Efficiency & Responsiveness (0.31); Safety & Security (0.29)
Father Doughter,2018,3,parkirnya sempit,KOMPETITOR,Bintang 4,MercureJakartaCikini,negative,0.9758532047271729,"Location, Accessibility & Parking","Location, Accessibility & Parking (0.97); Facilities & Amenities (0.95); Sustainability & Environmental Quality (0.74)"
Leo Ganteng,2020,3,Overrated jika saya boleh mengatakan,KOMPETITOR,Bintang 4,MercureJakartaCikini,negative,0.9191398620605469,Pricing & Value for Money,Pricing & Value for Money (0.48); Food & Beverage (0.36); Digital Connectivity & Technology (0.30)
Jusuf Oktobijantoro,2021,3,lokasi strategis dan,KOMPETITOR,Bintang 4,MercureJakartaCikini,positive,0.9989811778068542,Facilities & Amenities,Facilities & Amenities (0.97); Sustainability & Environmental Quality (0.94); Safety & Security (0.91)
Hasrat Muliadi,2024,3,bagus,KOMPETITOR,Bintang 4,MercureJakartaCikini,positive,0.9981029033660889,"Cleanliness, Hygiene & Maintenance","Cleanliness, Hygiene & Maintenance (0.91); Facilities & Amenities (0.89); Sustainability & Environmental Quality (0.82)"
Irfan Kurnia Pratama,2019,3,lumayan nyaman,KOMPETITOR,Bintang 4,MercureJakartaCikini,positive,0.9989961981773376,"Cleanliness, Hygiene & Maintenance","Cleanliness, Hygiene & Maintenance (0.89); Cultural & Heritage Experience (0.77); Family & Group Friendly (0.77)"
David Surya Wijaya,2020,3,Prlayanan bagus,KOMPETITOR,Bintang 4,MercureJakartaCikini,positive,0.9983698725700378,Service Quality,Service Quality (1.00); Guest Experience (0.99); Room Quality & Comfort (0.99)
Hito Acua,2019,3,hotel bintang 4,KOMPETITOR,Bintang 4,MercureJakartaCikini,positive,0.9970542192459106,Service Quality,"Service Quality (0.92); Facilities & Amenities (0.88); Cleanliness, Hygiene & Maintenance (0.86)"
hass d,2018,3,hotel yang bagus,KOMPETITOR,Bintang 4,MercureJakartaCikini,positive,0.9990485310554504,Service Quality,"Service Quality (0.95); Facilities & Amenities (0.91); Cleanliness, Hygiene & Maintenance (0.88)"
