User Name,Review Time,Rating,clean_text,Tipe,Kelas,Nama_Hotel,AI_Sentiment,AI_Sentiment_Score,AI_Primary_Theme,AI_All_Themes
Anggi Hasibuan,2025,5,Ke sini saat dwp lokasinya strategis jam 12 bahkan sudah bisa cek masuk sekitaran banyak mini pasar dan tmpat makan bagi saya yang kurang dari hotel ini hanya sarapan terlalu sedikit pilihannya,KOMPETITOR,Bintang 4,BestWesternKamalaJimbaran-bali,positive,0.9548497200012207,Facilities & Amenities,Facilities & Amenities (0.88); Guest Experience (0.62); Check in/out Experience (0.59)
Yohanes Valentino Susilo,2025,4,untuk hotel bintang 3 sudah bagus untuk kamar bersih memang cuma agk kurang di kedap suara saja karena kamar sebelah bisa terdengar untuk sarapan cukup enak cuma mungkin untuk bagian stasiun telur yang kdng ad chefny kadang tidak ada agak susa jika mau permintaan tapi secara keseluruhan enak,KOMPETITOR,Bintang 4,BestWesternKamalaJimbaran-bali,positive,0.9970058798789978,Service Quality,"Service Quality (0.98); Cleanliness, Hygiene & Maintenance (0.95); Facilities & Amenities (0.92)"
Wayan Mentoz,2025,5,Saya pesan kamar yang tipe deluxe kamarnya luas dan bersih pelayanan resepsionisnya ramah makanan untuk sarapan sangat bervariasi dan rasanya lumayan enak hotel sangat dekat dengan pusat perbelanjaan toko makanan jdi jangan takut klo malam kita kelaparan,KOMPETITOR,Bintang 4,BestWesternKamalaJimbaran-bali,positive,0.9991151690483093,Service Efficiency & Responsiveness,Service Efficiency & Responsiveness (1.00); Facilities & Amenities (1.00); Staff Conduct & Hospitality (1.00)
Joni Jee,2025,4,hotel nyaman hanya saja keamanan memeriksa nya agak kurang di bagian depan ketika tiba di sini tidak ada keamanan yang jaga di bagian depan untuk menghentikan kendaraan ketika mau masuk hotel sejauh ini suasana tenang kurang musik saja sih di lobi hotel ini letaknya saat di pinggir jalan dan tanjakan untuk informasi jalan ini paling rawan macet jadi hati hati dalam penyebrangan,KOMPETITOR,Bintang 4,BestWesternKamalaJimbaran-bali,positive,0.9832217693328857,Facilities & Amenities,"Facilities & Amenities (0.95); Location, Accessibility & Parking (0.90); Guest Experience (0.74)"
Foto Bali,2025,5,kamar bersih lokasi sangat strategis ada kolam renang besar buat orang dewasa n buat anak sangat dianjurkan kami akan kembali ke sini lagi masa lalu,KOMPETITOR,Bintang 4,BestWesternKamalaJimbaran-bali,positive,0.9992450475692749,Service Quality,Service Quality (1.00); Facilities & Amenities (1.00); Room Quality & Comfort (1.00)
Yan Budiana,2025,5,lokasi hotwl strategis dekat mana mana mana seperti gwk pantai melasti pandawa uluwatu padang padang cafe seafood dan bandara kamar luas cocok buat keluarga makanan lezat karyawan semua ramah ramah dan pelayanan baik pokoknya rekomendasi buat yang mau menginap pasti menikmati datang berikutnya lg area bersih kolam dekat dengan resto parkir bersih,KOMPETITOR,Bintang 4,BestWesternKamalaJimbaran-bali,positive,0.9996088147163391,Family & Group Friendly,Family & Group Friendly (1.00); Staff Conduct & Hospitality (1.00); Facilities & Amenities (0.99)
Rahayu Agustine,2025,3,hotel nya biasa saja pelayanan juga biasa saja lokasi pinggir jalan kamar lumayan nyaman kolam renang tersedia dekat restoran menu sarapan beragam tapi rasanya biasa saja ya kalau cm buat transit oke lah,KOMPETITOR,Bintang 4,BestWesternKamalaJimbaran-bali,positive,0.9192538857460022,Facilities & Amenities,Facilities & Amenities (0.99); Service Quality (0.94); Room Quality & Comfort (0.89)
Ricky Tjiam,2025,5,fo ramah kamar bersih hotel bersih lokasi di jalan jimbaran memang agak macet sepanjang jalan tempat makan semua,KOMPETITOR,Bintang 4,BestWesternKamalaJimbaran-bali,positive,0.9981299042701721,Service Quality,"Service Quality (0.95); Cleanliness, Hygiene & Maintenance (0.93); Room Quality & Comfort (0.92)"
bahay ahahaha,2025,4,ac nya 16 tapi panas banget hrs menunggu lama fo blgnya 10 15 menit tidak sesuai karena aku punya waktu hampir lebih dari satu jam,KOMPETITOR,Bintang 4,BestWesternKamalaJimbaran-bali,negative,0.9971821308135986,Service Quality,Service Quality (0.38); Religious & Halal Features (0.34); Booking & Reservation Experience (0.33)
Selvi 04,2025,5,Hotel terbaik deh selamat datang dan staf yang ramah kamar yang luas dan bersih menu sarapan yang banyak varian sangat direkomendasikan,KOMPETITOR,Bintang 4,BestWesternKamalaJimbaran-bali,positive,0.9993553757667542,Service Quality,Service Quality (1.00); Staff Conduct & Hospitality (0.99); Guest Experience (0.99)
Emmanuela Michelle,2025,5,pernah menginap di sini tahun lalu april saat lebaran dan 3 tahun lalu kamar oke budget hotel tapi sangat tepat bersih dianjurkan jika harga mentok sekitar 400 700k masi bernilai jika di atas itu kurang ya,KOMPETITOR,Bintang 4,BestWesternKamalaJimbaran-bali,positive,0.9811060428619385,Service Quality,"Service Quality (0.89); Pricing & Value for Money (0.89); Cleanliness, Hygiene & Maintenance (0.89)"
Eva Berty,2025,5,saya menginap selama 4 malam di best western kamala jimbaran pada tanggal 27 31 januari alhamdulillah pengalaman menginap saya sangat menyenangkan dengan layanan yang sangat baik dari seluruh staf hotel pelayanan yang ramah profesional dan penuh perhatian benar benar membuat saya merasa nyaman dan puas selama menginap di sini memang ada sedikit kendala saat check masuk sampai pukul 16:30 namun tim kantor depan menangani situasi ini dengan sangat baik dengan memberikan komplemen berupa upgrade kamar ke eksekutif di lantai dua saya sangat mengapresiasi solusi cepat dan keramahan yang ditunjukkan oleh tim hotel selain itu saya juga sangat menyukai lembab dan parfum shampoo serta gel mandi yang disediakan di kamar arom,KOMPETITOR,Bintang 4,BestWesternKamalaJimbaran-bali,positive,0.9961221814155579,Staff Conduct & Hospitality,Staff Conduct & Hospitality (0.98); Service Quality (0.97); Service Efficiency & Responsiveness (0.95)
Shafa Radizta Dewantara,2025,5,makanan nya enak sih kamar nya juga bagus layaknya itu,KOMPETITOR,Bintang 4,BestWesternKamalaJimbaran-bali,positive,0.998813271522522,Room Quality & Comfort,Room Quality & Comfort (0.99); Facilities & Amenities (0.99); Guest Experience (0.98)
Yolanda Prastiwi,2025,5,kamar oke banget dengan view gwk pelayanan cepat tanggap lokasi dekat gwk dan pantai kalau ke bali lagi ingin menginap di best western lagi,KOMPETITOR,Bintang 4,BestWesternKamalaJimbaran-bali,positive,0.9991818070411682,Service Efficiency & Responsiveness,Service Efficiency & Responsiveness (1.00); Service Quality (0.99); Room Quality & Comfort (0.98)
office center,2025,4,kamarnya luas dan ada balkonnya di luar hotel banyak yang menjual makanan lokasi tidak jauh dari gwk dan wisata wisata pantai harganya juga tidak terlalu mahal,KOMPETITOR,Bintang 4,BestWesternKamalaJimbaran-bali,positive,0.9990336894989014,Facilities & Amenities,Facilities & Amenities (1.00); Pricing & Value for Money (0.95); Service Efficiency & Responsiveness (0.93)
RJ Arje,2025,5,Lokasinya tidak jauh dari bandara namun jalan di dekatnya padat dan ramai sekali lobinya cukup lega layanan sejak turun dari mobil hingga cek masuk ramah dan menyenangkan kamarnya lega sekali ukurannya dan bersih seluruh linen putih bersih kamar mandinya juga bersih berfungsi ac normal dan dingin menu sarapan cukup bervariasi dan semuanya enak parkir di ruang bawah tanah ada yang tersedia,KOMPETITOR,Bintang 4,BestWesternKamalaJimbaran-bali,positive,0.9994392991065979,Facilities & Amenities,"Facilities & Amenities (0.99); Location, Accessibility & Parking (0.98); Service Efficiency & Responsiveness (0.94)"
Java Maukar,2025,5,saya memberikan penilaian 4 dari 5 bintang untuk hotel ini karena layanan yang diberikan sangat memuaskan kamar yang saya tempati bersih nyaman dan dilengkapi dengan fasilitas yang memadai staf hotel juga ramah responsif dan profesional dalam melayani kebutuhan tamu lokasinya strategis memudahkan akses ke berbagai tujuan menarik di sekitar hotel saya merekomendasikan hotel ini kepada siapa saja yang mencari akomodasi berkualitas dengan harga yang sepadan,KOMPETITOR,Bintang 4,BestWesternKamalaJimbaran-bali,positive,0.999005138874054,Service Efficiency & Responsiveness,Service Efficiency & Responsiveness (0.99); Facilities & Amenities (0.99); Staff Conduct & Hospitality (0.99)
Muhammad Fuadi,2025,5,Secara keseluruhan oke dekat dengan gwk bisa lebih senang jogging hanya saja perlu resepsionis yang berdiri di 24 jam,KOMPETITOR,Bintang 4,BestWesternKamalaJimbaran-bali,positive,0.9896256327629089,Service Quality,Service Quality (0.88); Guest Experience (0.87); Facilities & Amenities (0.84)
Wiwik Saptia Apriyani,2025,5,5 pokoknya dari segala aspek bagus karyawannya ramah kamarnya bagus dan bersih makanan resto enak2 dll bahkan pernah anak saya muntah di resto yang bersihin mereka saya tidak bisa bersihin makanya tiap kemana saja saya selalu tinggal di bw,KOMPETITOR,Bintang 4,BestWesternKamalaJimbaran-bali,positive,0.9982950091362,Facilities & Amenities,"Facilities & Amenities (0.99); Cleanliness, Hygiene & Maintenance (0.98); Staff Conduct & Hospitality (0.97)"
ros suryani,2025,5,kamarnya bersih luas dan nyaman lokasi strategis mau ke pantai di uluwatu hanya sekitar 20 menit depan hotel ada minimart ada es krim gaya gelato hanya 5 menit sarapannya enak banyak pilihan staf nya ramah terimakasihh semoga bisa berkunjung kembalii,KOMPETITOR,Bintang 4,BestWesternKamalaJimbaran-bali,positive,0.9994701743125916,Room Quality & Comfort,Room Quality & Comfort (0.99); Facilities & Amenities (0.99); Service Quality (0.96)
Devin,2025,5,tinggal 4 hari 3 malam disini staf nya sangat ramah kamarnya luas kamar mandi bagus dan lengkap dekat gwk fithub serta minimmarket 24 jam 10km ke uluwatu 10km ke kuta serasa di tengah tengah,KOMPETITOR,Bintang 4,BestWesternKamalaJimbaran-bali,positive,0.9995003938674927,Facilities & Amenities,Facilities & Amenities (0.99); Staff Conduct & Hospitality (0.98); Service Quality (0.97)
Mona Martinasari,2025,5,Saya suka menginap di best western kamala jimbaran pelayanannya ramah kamar bersih dan rapi sarapan lengkap sempat pesan makan malam juga enak porsi tidak pelit dan lokasi dekat sekali dengan objek wisata garuda wisnu kencana gwk bisa ditempuh dengan berjalan kaki aktivitas pendukung lainnya di sekitar hotel juga lengkap terima kasih,KOMPETITOR,Bintang 4,BestWesternKamalaJimbaran-bali,positive,0.9995744824409485,Service Quality,"Service Quality (0.97); Cleanliness, Hygiene & Maintenance (0.96); Facilities & Amenities (0.95)"
Winda Melinda,2025,5,senyaman itu sampai bikin aku ingin kembali lagi menginap disini pelayanan yang sangat ramah strategis juga tempatnya deket ke gwk mall pantai wajib masuk daftar hotel kalian kalau lagi di bali,KOMPETITOR,Bintang 4,BestWesternKamalaJimbaran-bali,positive,0.9984471201896667,Service Quality,Service Quality (0.99); Facilities & Amenities (0.99); Service Efficiency & Responsiveness (0.99)
Dwi Aris Munandar,2025,5,kamar luas dan bersih serta tersedia balkon kota view dan pool view ac berfungsi dengan baik kamar mandi dengan mandi air hangat dan dingin berfungsi dengan baik dilengkapi dengan amnesty tersedia ketel jug serta kopi teh gula krim staf ramah terima kasih u kak dea kantor depan,KOMPETITOR,Bintang 4,BestWesternKamalaJimbaran-bali,positive,0.9993595480918884,Facilities & Amenities,Facilities & Amenities (0.99); Service Quality (0.97); Room Quality & Comfort (0.97)
henky kuwanto,2025,4,lokasi strategis berada di jalan raya utama uluwatu dimana terdapat banyak keramaian pasar tempat makanan supermarket layanan cuci bangunan hotel terhitung bersih nyaman dan terlihat elegan kondisi tempat parkir cukup memadai staf resepsi menerima pemesanan dengan baik dan diberikan minuman selamat datang untuk kondisi parkir tidak ada staf yang mengatur dan memperhatikan juga pada saat keluar hotel dan masuk hotel tidak ada yang membantu untuk mengatur lalu lintas staf yang di dalam hotel juga jika bertemu tamu kurang menyapa menunjukkan keramahan ala bali juga di pagi hari kolam renang banyak pengunjung anak2 ada yang bermain sambil berteriak tidak dijaga oleh staf hotel sehingga mengganggu kenyamanan penghuni,KOMPETITOR,Bintang 4,BestWesternKamalaJimbaran-bali,positive,0.526776909828186,"Location, Accessibility & Parking","Location, Accessibility & Parking (0.96); Cleanliness, Hygiene & Maintenance (0.95); Service Quality (0.94)"
Toto Gunawan,2025,5,staf resepsionis hotelnya ramah dan pandai berkomunikasi dengan baik sehingga membuat tamu nyaman dan betah teringat akan keramahtamahan hotel terbaik barat kamala jimbaran ini kamarnya juga tergolong besar dan luas mantap saya berikan bintang 5 penuh,KOMPETITOR,Bintang 4,BestWesternKamalaJimbaran-bali,positive,0.9995168447494507,Staff Conduct & Hospitality,Staff Conduct & Hospitality (1.00); Service Quality (0.99); Room Quality & Comfort (0.99)
Flora Dorothy Simanjuntak,2025,5,layanan resepsi ramah sebelum kesana saya menelepon dulu buat menjaga kamar terhubung setidaknya pindah ke sana mengobati kemeswaan setelah kehilangan uang buku karena hotel yang tidak terlalu sudah di iklan ulasan saya sebelumnya,KOMPETITOR,Bintang 4,BestWesternKamalaJimbaran-bali,positive,0.9072995185852051,Service Quality,Service Quality (0.99); Staff Conduct & Hospitality (0.98); Facilities & Amenities (0.98)
Adrian Luis,2025,5,hotel dengan standar yang baik sudah bbrp kali nginap di sini selalu puas dengan layanannya deket gwk tentunya jika nginap di sini di seberang hotel ada warung sate lilit pak kartika nasi campur dan sate lilitnya enak lho padanan serasi dengan keberadaan hotel ini,KOMPETITOR,Bintang 4,BestWesternKamalaJimbaran-bali,positive,0.9995077848434448,Service Quality,Service Quality (0.99); Facilities & Amenities (0.98); Food & Beverage (0.98)
Ignatius Darma Juwono,2024,2,hotel yang berada di lokasi yang strategis dekat gwk tapi pelayanannya sangat tidak biasa dan membuat naik darah 1 kami hanya diberi satu kartu akses anda dapat meminta ekstra dengan deposit saya belum pernah mengalami yang seperti ini 2 saya menginap dengan seorang anak 5 tahun saat saya minta tambahan disebutkan bahwa hanya bisa menukar sehingga tidak dapat meminta ekstra 3 yang paling membuat kesal adalah saat saya meminta kamar dibersihkan saat saya masuk kamar masih belum dibersihkan 4 hari check keluar saya belum keluar kamar karena check keluar jam 12 tapi jam 10 sudah ditanya kapan akan keluar dengan alasan kamar perlu dibersihkan selain pengalaman di atas makanan juga tidak enak untuk pengalaman saya,KOMPETITOR,Bintang 4,BestWesternKamalaJimbaran-bali,negative,0.996959924697876,Service Quality,Service Quality (0.92); Guest Experience (0.84); Check in/out Experience (0.83)
gema fajrin,2025,5,lokasi hotel strategis sangat bagus pinggir jalan dekat pusat pembelanjaan dekat tempat wisata pelayanan disini juga bagus sangat bagus stafnya ramah dan sangat membantu melihat kamarnya langsung ke gwk sarapannya juga lengkap banget banyak variasi pokoknya mantap,KOMPETITOR,Bintang 4,BestWesternKamalaJimbaran-bali,positive,0.9995713829994202,Facilities & Amenities,Facilities & Amenities (0.99); Service Quality (0.98); Staff Conduct & Hospitality (0.98)
Yt premium,2025,5,kamar bersih pelayanan ramah dan cepat kolam renang bagus menu sarapan variatif lokasi strategis dekat dengan gwk dan banyak warung makan serta pasar mini,KOMPETITOR,Bintang 4,BestWesternKamalaJimbaran-bali,positive,0.9994468092918396,Service Efficiency & Responsiveness,Service Efficiency & Responsiveness (1.00); Service Quality (0.99); Facilities & Amenities (0.99)
Shaina Bareno,2024,5,Saya hampir tidak pernah meninjau hotel tapi untuk kali ini saya ingin mengapresiasi layanan dan kebersihan hotel terbaik barat Kamala jimbaran saat masuk ke taman suasana hotel sangat santai dan menenangkan dari mulai memeriksa masuk dengan dea dan komang mereka sangat membantu karena mau ada acara dan harus ganti baju juga membuat saya dibantu supaya bisa segera memeriksa masuk sambil menunggu proses pemeriksaan masuk saya duduk di restoran saya alergi garam gula dan msg sempat khawatir karena jarang restoran yang mau dan bisa menerima permintaan khusus tapi diana pelayan ramah dan sangat membantu bahkan sampai mengantar koki andre supaya bisa diskusi langsung dan hasil makanannya masha allah,KOMPETITOR,Bintang 4,BestWesternKamalaJimbaran-bali,positive,0.9963766932487488,Facilities & Amenities,"Facilities & Amenities (1.00); Service Quality (1.00); Cleanliness, Hygiene & Maintenance (1.00)"
bari sukarya,2025,5,kamarnya bersih nyaman pelayanannya ramah tanggap dan cekatan lokasinya strategis didepan hotel ada rumah makan halal dan lingkaran k,KOMPETITOR,Bintang 4,BestWesternKamalaJimbaran-bali,positive,0.9995158910751343,Service Efficiency & Responsiveness,Service Efficiency & Responsiveness (1.00); Facilities & Amenities (0.99); Room Quality & Comfort (0.99)
Yunita Simon,2025,4,lokasi nya cukup strategis di jalan utama di depan hotel ada tpt makan yang murah dan cukup enak untuk makanan sehari2 namanya warung campur campur kalau kamar nya hotel anggaran standar agak kurang nyaman untuk org bersih aneh,KOMPETITOR,Bintang 4,BestWesternKamalaJimbaran-bali,positive,0.9815593957901001,Facilities & Amenities,Facilities & Amenities (0.95); Food & Beverage (0.94); Pricing & Value for Money (0.84)
Lestari Dayu165,2024,5,nginep dihotel ini bener2 baguss wahh dan memberi kesann yang ingin kembali lagi kesana tidak cukup seharii ini nginep dsnii terima kasih u terbaik barat Kamala jimbaran hotel indah dengan keunggulan fasilitas kamar layanan kamar bersih dan rapi rumit,KOMPETITOR,Bintang 4,BestWesternKamalaJimbaran-bali,positive,0.9993041753768921,Service Quality,Service Quality (0.99); Guest Experience (0.99); Facilities & Amenities (0.99)
allan Lesmana,2021,5,liburan bersama keluarga kerja dan bisnis pun hotel ini bisa menjadi salah satu tempat pilihan yang rekomen lokasi berada di pinggir jalan utama dan dekat dengan tempat wisata tempat makan dan minimarket tempat parkir untuk hotel ini agak terbatas dan pada saat ini nginap masa pandemi keluar masuk mobil hanya ada satu jalan makanan sarapan lumayan enak dan lengkap dengan lokasi restoran yang dekat dengan kolam renang membuat suasana sarapan semakin banyak kamar keluarga kamar lumayan besar upgrade dari deluxe ke kamar keluarga dan lumayan bersih hanya saja tangan untuk mandi sudah agak kusam dan mestinya harus diganti dengan tangan baru staf sopan dan selalu tersenyum dan untuk masuk hotel keluar tidak ada pena,KOMPETITOR,Bintang 4,BestWesternKamalaJimbaran-bali,positive,0.9988865256309509,"Location, Accessibility & Parking","Location, Accessibility & Parking (0.99); Facilities & Amenities (0.99); Family & Group Friendly (0.98)"
Albert Wahyudi Nur,2024,5,best deal hotel area jimbaran semua saldo terutama fasilitas layanan serta sarapan nya cek masuk dilayani dengan baik begitu pula checkout nya angkat cepat kamar bersih udara panas dan hari pengering berfungsi normal diberikan akses kartu tambahan dengan deposit ekstra namun layak dapat melihat gwk,KOMPETITOR,Bintang 4,BestWesternKamalaJimbaran-bali,positive,0.9992634654045105,Facilities & Amenities,Facilities & Amenities (1.00); Check in/out Experience (0.99); Service Quality (0.98)
Azalia Vidya,2021,4,Saya sungguh sangat senang bermalam di hotel ini kondisi kamar yang baik dan nyaman lauk makan pagi kurang bervariasi tapi sereal sangat beragam pelayanan cukup baik kolam renang cukup baik hanya saja kurang luas pada saat saya sarapan pagi di lokasi luar ruangan banyak sekali lalat,KOMPETITOR,Bintang 4,BestWesternKamalaJimbaran-bali,positive,0.9961403012275696,Facilities & Amenities,Facilities & Amenities (0.99); Room Quality & Comfort (0.97); Service Quality (0.95)
Santika H Pyrena,2022,5,ini hotel bintang 4 guys terlalu bagus untuk layanan hotel bintang 3 diganti dong jangan bintang 3 proses cek masuk mudah staf ramah sekali kamar tidur dengan balkon yang asik dan super mewah perlengkapan kamar dan toilet lengkap sekali sarapan ala carte dengan berbagai menu pilihan kita bebas memilih rasanya pun enak kolam renang baru bersih sekali dan keren lokasi hotel dekat dengan mana2 depan ada lingkaran k jadi mau apa2 pun mudah,KOMPETITOR,Bintang 4,BestWesternKamalaJimbaran-bali,positive,0.9994770884513855,Facilities & Amenities,Facilities & Amenities (1.00); Staff Conduct & Hospitality (0.99); Service Quality (0.98)
Florentia Mulia,2025,5,strategis sarapan enak dan yang saya suka ada balkon akan tinggal di sini lagi pastinya klo ke bali minusnya cuma karena tidak ada gym sisanya oke banget spanya jg enak,KOMPETITOR,Bintang 4,BestWesternKamalaJimbaran-bali,positive,0.9993481040000916,Facilities & Amenities,Facilities & Amenities (0.96); Food & Beverage (0.91); Service Quality (0.84)
astri diantari,2025,5,liburan meskipun hanya semalam pasti ke hotel ini staf nya ramah spesial permintaan selalu terpenuhi berdasarkan tersedia juga kok hehe tapi hampir terpenuhi semua pokoknya tidak bosen untuk kembali kesini mr andriansyah macii untuk pelayanannya yang super duper pokoknya besar akan segera kembali,KOMPETITOR,Bintang 4,BestWesternKamalaJimbaran-bali,positive,0.9991102814674377,Service Quality,Service Quality (0.99); Staff Conduct & Hospitality (0.99); Facilities & Amenities (0.99)
Shakes Py,2024,5,lokasi sangat strategis dekat dengan gwk ada mobil penyewaan tersedia di hotel dengan tarif 90 0 untuk 24 jam kamar cukup nyaman untuk beristirahat dengan balkon memiliki pemandangan yang indah,KOMPETITOR,Bintang 4,BestWesternKamalaJimbaran-bali,positive,0.9993466734886169,Facilities & Amenities,"Facilities & Amenities (0.98); Location, Accessibility & Parking (0.89); Pricing & Value for Money (0.89)"
Miimii Miiemi,2020,2,kamar bersih dan nyaman tolong konfirmasi trlbh dahulu dengan pelanggan klo kamar yang dbooking sudah penuh atau jangan bilang masi trsedia tapi kenyataanny tidak ad karna saya buku kamar yang superking deluxe dengan balkon area tidak merokok dan full veiw malah saat checkin kehotel dibilang kamarny yang superking yang sudah saya pesan habis dan yang trsedia ganda buruk pdhl saya sudah buku dengan jaminan cc trus saat saya tanya kantor depan itu kamarny ad balkon adalah no smoking full view fo jwb full view no smoking room dan ad balcon tapi setiba saya dikamar hotel tr,KOMPETITOR,Bintang 4,BestWesternKamalaJimbaran-bali,negative,0.9923842549324036,Room Quality & Comfort,Room Quality & Comfort (0.96); Booking & Reservation Experience (0.94); Facilities & Amenities (0.94)
Rizal Arisona,2022,5,ini hotel paling tinggi dengan harga murah menurut saya 200rb per malam layanan resepsionis nya ramah kamar juga bersih wangi dapet kamar yang ada balkonnya bisa langsung lihat pemandangan jimbaran lokasinya 5 menit dari pintu masuk gwk request late checkout juga mudah kalau ke bali insyaallah menginap disini lagi,KOMPETITOR,Bintang 4,BestWesternKamalaJimbaran-bali,positive,0.9992328882217407,Facilities & Amenities,Facilities & Amenities (0.98); Service Quality (0.98); Staff Conduct & Hospitality (0.98)
Nita Sellya,2019,5,hotel baru dengan kenyamanan luar biasa letaknya di pinggir jalan besar yang selalu hidup tapi begitu pintu balkon ditutup nyaris tidak terdengar lagi suara jalan raya kamar eksekutif memiliki balkon dan ruang duduk terpisah dan bebas udara mineral botolan cukup hubungi resepsionis bila ingin dikirim tambahan sangat dekat dengan gwk jalan kaki 5 menit sampai gerbang gwk sudah banyak minimarket warung dan atm acnya dingin mandi makan kencang dan udara panasnya langsung keluar banyak colokan di kamar walaupun ada satu colokan yang selalu di jadi tidak mati kartu kunci kita cabut dari kotaknya peralatan kamar mandi lengkap wifinya juga cepat,KOMPETITOR,Bintang 4,BestWesternKamalaJimbaran-bali,positive,0.999196469783783,Facilities & Amenities,Facilities & Amenities (0.98); Service Efficiency & Responsiveness (0.91); Service Quality (0.85)
Komang Warsiki,2023,5,hotel bintang 4 serasa hotel bintang 5 parkir luas area publik sangat bersih dan terjaga dengan baik kamarnya sangat bersih dan rapi fasilitas dan persediaan tamu lengkap karyawan pembersih kamar yang lalu lalang di koridor melayani dengan baik dan sangat rekomen hotel ini ke teman teman,KOMPETITOR,Bintang 4,BestWesternKamalaJimbaran-bali,positive,0.9994940757751465,"Cleanliness, Hygiene & Maintenance","Cleanliness, Hygiene & Maintenance (1.00); Facilities & Amenities (1.00); Service Quality (0.98)"
Christhofer Anugrah Singgih Tio,2021,5,lokasi strategis dekat gwk ada minimarket cari makan juga banyak di sekitar hotel proses cek masuk cepat mudah tidak ribet untuk harga yang ditawarkan sangat berbaloi dengan yang di dapat kamar twin bed kasur nya seperti 2 kasur ratu bahkan di tipe kamar terendah ac sangat dingin di suhu rendah sekalipun kamar luas ada balkonnya tidak menemukan sisi minus selama menginap di hotel ini,KOMPETITOR,Bintang 4,BestWesternKamalaJimbaran-bali,positive,0.9989264607429504,Pricing & Value for Money,Pricing & Value for Money (0.99); Service Efficiency & Responsiveness (0.96); Facilities & Amenities (0.90)
Cahya Baroto,2024,5,terima kasih terbaik barat kamala jimbaran untuk bulan madu saya dan suami kamar yang dihias dengan cantik makan malam romantis dan rasa makanan yang enak sekali dan porsi gelas minuman jus besar sekali untuk ukuran hotel saat sarapan pagi,KOMPETITOR,Bintang 4,BestWesternKamalaJimbaran-bali,positive,0.9993600249290466,Facilities & Amenities,Facilities & Amenities (0.99); Food & Beverage (0.99); Service Quality (0.99)
dapur djawa,2024,5,Saat ini disini corona dapat tarif murah dengan fasilitas kamar yang mewah hehehhe kolam view kamar nya bagus banget parkir juga besar depan pasar dekat dengan tepat makan atau kebutuhan sehari-hari2 dekat kedonganan pokoknya oke lah karena corona pegawainya sedikit jadi sepi sekali tapi pengunjung tidak hanya sya sih,KOMPETITOR,Bintang 4,BestWesternKamalaJimbaran-bali,positive,0.9994394183158875,Facilities & Amenities,"Facilities & Amenities (0.99); Location, Accessibility & Parking (0.98); Pricing & Value for Money (0.95)"
Mia Sirath,2023,5,menginap di sini saat ini sangat dapat harga diskon yang ternyata melampaui harapan banget karena menginap saat ulang tahun pernikahan dikasih kamar raja dan balkon ukuran kamar luas tersedia pengering rambut gantungan baju banyak tersedia setrika atas permintaan kulkas teko udara rak penyimpanan luas bantal masing2 dapat 2 ini sangat penting sih buatku hahaha bersih dan nyaman dekat banget dari gwk dan tidak begitu jauh dari pantai jimbaran wifi kdg suka hilang muncul sinyal tv sempat hilang dari malam sampai pag secara keseluruhan sangat memuaskan menginap di sini terima kasih,KOMPETITOR,Bintang 4,BestWesternKamalaJimbaran-bali,positive,0.9983083009719849,Facilities & Amenities,Facilities & Amenities (0.99); Pricing & Value for Money (0.96); Service Quality (0.94)
Ria,2022,5,menginap sebelum pandemi bagi saya lokasi baru strategis dekat bila ingin mengunjungi gwk pantai pandawa melasti dan pantai2 lainnya di sekitar uluwatu di sekitarnya banyak tempat makan kolam renangnya menyenangkan di dekat kolam renang juga ada toilet dan ruang bilas ada parkir juga di bawah tanah sebagai catatan saat saya menginap di toilet duduknya ada sedikit kotoran menempel yang belum bersih saya coba membersihkan diri memang menempel jadi harus agak digosok kebersihan ditingkatkan ya saat saya menginap sarapan hanya sedikit variasi rasa mungkin dan variasi bisa ditingkatkan lain kali saya bisa kembali lagi secara keseluruhan puas terima kasih bw kamala jimbaran,KOMPETITOR,Bintang 4,BestWesternKamalaJimbaran-bali,positive,0.9978134632110596,"Location, Accessibility & Parking","Location, Accessibility & Parking (1.00); Facilities & Amenities (0.99); Cleanliness, Hygiene & Maintenance (0.83)"
Eka Nurhayati,2023,2,kamar cukup luas fasilitas kamar lengkap begitu juga dengan fasilitas proses cek masuk cepat dan staf juga cepat tanggap dari kamar saya saya saya bisa melihat patung gwk sayangnya ada beberapa kekurangan lantai di kamar berdebu tebal ketika menginjakkan kaki telapak kaki jadi hitam lantai kamar mandi pun kotor telepon tidak berfungsi setelah mengajukan keluhan petugas kebersihan datang begitu juga dengan petugas yang mengganti pesawat telepon,KOMPETITOR,Bintang 4,BestWesternKamalaJimbaran-bali,negative,0.6651665568351746,Facilities & Amenities,Facilities & Amenities (0.99); Service Efficiency & Responsiveness (0.75); Guest Experience (0.74)
I Gusti Agung Abijana,2023,5,Lokasinya strategis dekat dengan gwk untuk rekreasi sarapanya juga enak pelayan nya juga ramah ramah dan informatif kamarnya bagus dan nyaman sangat dianjurkan untuk menghabiskan liburan bersama keluarga waktu itu juga mendapatkan wifi yang stabil dan kenceng hehehe,KOMPETITOR,Bintang 4,BestWesternKamalaJimbaran-bali,positive,0.999188244342804,Facilities & Amenities,Facilities & Amenities (1.00); Staff Conduct & Hospitality (1.00); Family & Group Friendly (0.99)
Siska Oktania Anggraeni,2024,3,kecewa sama pelayanan disini saya biasanya orang yang ramah sekali setiap pergi kemanapun itu tapi sayang sekali ketika saya tinggal di sini dengan jangka waktu yang cukup lama dengan menggunakan fasilitas cuci pakaian gratis hotel setiap hari malah baju saya hilang dan menurut mereka tidak ada item tersebut dalam daftar cuci pakaian baru alasanya sudah cek CCTV dan tidak ada dari mereka mengambil cuci pakaian kotor di kamar saya yakali baju saya jalan sendiri dan jawabannya cuma minta maaf dan tidak ada item tersebut di cuci pakaian saya tidak masuk akal banget,KOMPETITOR,Bintang 4,BestWesternKamalaJimbaran-bali,negative,0.9990354776382446,Guest Experience,Guest Experience (0.93); Facilities & Amenities (0.92); Check in/out Experience (0.90)
ellen andraini,2023,5,Deket banget dengan gwk jadi saat kemaren ada acara bali countdown 2023 tinggal jalan kaki saja banyak penjual makanan dan minimmarket didepan hotel bisa request kamar merokok juga kamar luas kasur besar dan nyaman sarapan dhotel juga sangan terjangkau hanya 60k orang anak2 30k,KOMPETITOR,Bintang 4,BestWesternKamalaJimbaran-bali,positive,0.9991958737373352,Facilities & Amenities,Facilities & Amenities (0.97); Service Efficiency & Responsiveness (0.89); Pricing & Value for Money (0.88)
Lita Marbun,2025,2,adek cewe n suami boking 13 jam saat tutup tahun 2023 kmrn mrka datang dari aussie pelayanan emg lumayan tapi yang saya sorotin adl cara kerja keamanan adek n ipar saya menginap dsna hampir 2 mggu dengan harga tinggi musim yang lalu tidak main2 tapi saya gk liat keamanan yang standby mrka sllu menghilang n tiba2 nongol kyk hantu mobil tamu keluar masuk hotel gk ada keamanan yang bantuin pdhl jelas2 lokasi hotel di lokasi padat nlu macet krna di pasar slang tradisional omg kok bs2 hotel menempatkan keamanan2 yang kyk hantu yang yang,KOMPETITOR,Bintang 4,BestWesternKamalaJimbaran-bali,negative,0.9969176054000854,Service Quality,"Service Quality (0.90); Location, Accessibility & Parking (0.72); Safety & Security (0.69)"
tu tywi,2023,5,sangat sangat recomen hotel terbaik barat kamala jimbaran kamar nyaman dan luas kerbersihan kamar luar biasa dan fasilitas di dalam kamar juga lengkap handuknya bersih dan baru depan hotel bersih dan tertata rapi,KOMPETITOR,Bintang 4,BestWesternKamalaJimbaran-bali,positive,0.9995742440223694,Facilities & Amenities,"Facilities & Amenities (0.99); Room Quality & Comfort (0.99); Cleanliness, Hygiene & Maintenance (0.98)"
Seli Mahadewi,2025,5,akses istri sangat cepat,KOMPETITOR,Bintang 4,BestWesternKamalaJimbaran-bali,positive,0.9844397306442261,Service Efficiency & Responsiveness,Service Efficiency & Responsiveness (0.97); Facilities & Amenities (0.95); Service Quality (0.93)
Daniel Adiputra,2025,5,hotelnya bagus bersih ac nya dingin makanannya lumayan enak deket banget dengan gwk di sekitaran hotel banyak penjual makanan,KOMPETITOR,Bintang 4,BestWesternKamalaJimbaran-bali,positive,0.9994027614593506,"Cleanliness, Hygiene & Maintenance","Cleanliness, Hygiene & Maintenance (0.96); Facilities & Amenities (0.94); Service Quality (0.92)"
Femmy Santi,2024,5,hotel terbaik yang saya kunjungi di jimbaran pelayanan ramah kamar nyaman kolam renang oke banget bakal menginap di sini lagi jika kembali tq,KOMPETITOR,Bintang 4,BestWesternKamalaJimbaran-bali,positive,0.9991909861564636,Service Quality,Service Quality (1.00); Facilities & Amenities (0.99); Room Quality & Comfort (0.99)
Ning Mustika,2025,5,lokasi dekat gwk pelayanan ramah,KOMPETITOR,Bintang 4,BestWesternKamalaJimbaran-bali,positive,0.9992423057556152,Service Quality,Service Quality (0.98); Guest Experience (0.98); Staff Conduct & Hospitality (0.95)
Ajun Prawira,2025,5,keren banget view kamarku langsung patung gwk kamar hotelnya juga nyaman fasilitasnya lengkap dan menu sarapannya enak enak,KOMPETITOR,Bintang 4,BestWesternKamalaJimbaran-bali,positive,0.9995704293251038,Facilities & Amenities,Facilities & Amenities (0.99); Food & Beverage (0.95); Room Quality & Comfort (0.93)
Sri Hartinah Titin,2025,4,dekat dengan kampus udayana dan tempat wisata cuma saat masuk kamar lantai kamar kotor banget sampai2 telapak kaki hitam semua dan keset kamar kotor banget mungkin belum diganti saat kami cek masuk,KOMPETITOR,Bintang 4,BestWesternKamalaJimbaran-bali,negative,0.9972698092460632,Facilities & Amenities,"Facilities & Amenities (0.86); Check in/out Experience (0.71); Location, Accessibility & Parking (0.53)"
yanti,2023,3,menginap 2malam saya minta membersihkan kamar hr ke2 tangan tidak diganti cm dibentangkan saja peralatan mandi seperti sikat gg tidak dikasih yang baru lagi lantai cm dibersihkan sekedar saja,KOMPETITOR,Bintang 4,BestWesternKamalaJimbaran-bali,negative,0.9809237718582153,Facilities & Amenities,"Facilities & Amenities (0.97); Cleanliness, Hygiene & Maintenance (0.93); Guest Experience (0.87)"
Dharma Kurniawan,2023,5,hotel yang sangat bagus bersih dan pelayanan yang sangat baik saya sangat merekomendasikan hotel ini dekat kebanyak tempat wisata saya juga ingin mengucapkan terima kasih kepada bapak sultan saya sangat senang dengan pelayanan yang beliau berikan,KOMPETITOR,Bintang 4,BestWesternKamalaJimbaran-bali,positive,0.999029278755188,"Cleanliness, Hygiene & Maintenance","Cleanliness, Hygiene & Maintenance (0.99); Service Quality (0.99); Facilities & Amenities (0.99)"
Arty Pamungkas,2021,5,lokasi hotel strategis dekat dengan pusat perbelanjaan dan berada di depan Garuda Wisnu Kencana salah satu ikon pulau dewata fasilitas lengkap mulai dari restoran ruang pertemuan gym pusat kolam renang serta komputer publik yang bertempat di dekat lobi,KOMPETITOR,Bintang 4,BestWesternKamalaJimbaran-bali,positive,0.9987925291061401,Facilities & Amenities,Facilities & Amenities (1.00); Service Efficiency & Responsiveness (0.78); Digital Connectivity & Technology (0.77)
Budiono Sukses,2019,5,hotel bintang 4 di jimbaran bali dengan bangunan baru standar terbaik barat punya ratusan kamar termasuk junior suite kolam renangnya luas dan bagus pelayanan ramah tersedia ruang pertemuan kapasitas 100 paket dan 2 ruang pertemuan lain dengan kapasitas fleksibel terimakasih,KOMPETITOR,Bintang 4,BestWesternKamalaJimbaran-bali,positive,0.9995673298835754,Facilities & Amenities,Facilities & Amenities (0.98); Family & Group Friendly (0.97); Service Quality (0.97)
Widi Wiratanaya,2023,5,Yang paling di sukai dari hotel ini adalah kamar sangat bersih dan nyaman staf housekeeping energik dan ramah lokasi strategis kolam renang bagus restoran luas lobi dan area depan hotel megah sangat nilai untuk uang dan merekomendasikan hotel ini,KOMPETITOR,Bintang 4,BestWesternKamalaJimbaran-bali,positive,0.9995741248130798,Staff Conduct & Hospitality,"Staff Conduct & Hospitality (1.00); Cleanliness, Hygiene & Maintenance (1.00); Room Quality & Comfort (1.00)"
Syarief Amrullah,2020,5,hotel yang bagus dan nyaman di jimbaran setiap kamar ada balkonnya proses cek masuk cepat pelayanan ramah salam sama keamanan nya yang bawain koper sampai kamar sarapan lumayan kolam renangnya cukup luas parkirannya banyak hotel yang cocok untuk wisatawan menggunakan mobil yang akan mengeksplorasi gwk daerah uluwatu dan jimbaran didepan hotel banyak minimarket disekitar hotel radius 1 2 km ada trotoar jimbaran mall samasta food mall dan jimbaran food court menyarankan nginap disini karena kuta dan legiun macetnya parah,KOMPETITOR,Bintang 4,BestWesternKamalaJimbaran-bali,positive,0.9994907379150391,Facilities & Amenities,"Facilities & Amenities (0.97); Service Efficiency & Responsiveness (0.96); Location, Accessibility & Parking (0.93)"
Erie Erieya,2025,5,Staffnya baik sekali kamarnya saja sampai di upgrade ke junior suite semua staf disana ramah2 terbaik pokonya,KOMPETITOR,Bintang 4,BestWesternKamalaJimbaran-bali,positive,0.9991607666015625,Service Quality,Service Quality (0.99); Room Quality & Comfort (0.98); Staff Conduct & Hospitality (0.97)
Ronny Hamdani,2021,5,Pelayanannya ramah aku paling suka klo melihat personil hotel selalu tebar senyum dan mengangguk saat papasan view nya hijau selaras dengan posisinya yang berada di dataran tinggi dari kamar yang aku tempati bisa melihat patung gwk salah satu ikon nya bali kamar mandi sama kolam renang nya bersih di atas semua cukup nyaman saat tinggal di terbaik barat terima kasih o ya sarapan nya oke,KOMPETITOR,Bintang 4,BestWesternKamalaJimbaran-bali,positive,0.9993359446525574,Service Quality,Service Quality (1.00); Facilities & Amenities (1.00); Staff Conduct & Hospitality (1.00)
Wayan Tegteg,2023,5,rekomendasi hotel ini harga terjangkau jika di bandingkan dengan kenyamanan saat menginap kamar bersih dan terawat bangunan hotel ini juga terawat kamar bersih dan fasilitas tamu lengkap luar biasa,KOMPETITOR,Bintang 4,BestWesternKamalaJimbaran-bali,positive,0.99937504529953,"Cleanliness, Hygiene & Maintenance","Cleanliness, Hygiene & Maintenance (1.00); Pricing & Value for Money (1.00); Room Quality & Comfort (0.99)"
Elisa Lim,2024,2,Tempat parkir dilarang untuk mengisi daya mobil listrik mobil saya mencuci udara ev jika mau dikenakan biaya Rp 800 0 untuk mengisi daya sampai 100 apa yang dipotong off,KOMPETITOR,Bintang 4,BestWesternKamalaJimbaran-bali,neutral,0.874528169631958,Sustainability & Environmental Quality,Sustainability & Environmental Quality (0.81); Pricing & Value for Money (0.69); Religious & Halal Features (0.61)
Rully Suryani,2023,5,hotelnya bersih nyaman makanan lumayan enak ada kolam renang untuk anak2 bisa sekalian untuk liburan keluarga,KOMPETITOR,Bintang 4,BestWesternKamalaJimbaran-bali,positive,0.999325156211853,Facilities & Amenities,"Facilities & Amenities (1.00); Service Quality (0.98); Cleanliness, Hygiene & Maintenance (0.98)"
Alexander Jodi,2021,4,dilihat dari kolam renang nya bagus dan kamar hotel nya bagus namun masih ada sedikit kekurangan wifi tidak bisa di akses login wifi dan menunggu ruangannya dingin nya lumayan lama terimakasih,KOMPETITOR,Bintang 4,BestWesternKamalaJimbaran-bali,positive,0.9968674778938293,Facilities & Amenities,Facilities & Amenities (1.00); Service Quality (0.89); Guest Experience (0.87)
Avryo Artanugraha,2020,5,sangat baik dan pelayanannya ramah kamar bagus dan nyamann sarapan pun enak bisa ambil sepuasnya dan kolam berenangnya bagus dan luas makanan restoran hotelnya pun enak dan ada menu paket semua yang bisa Anda makan bbq terbaik lah,KOMPETITOR,Bintang 4,BestWesternKamalaJimbaran-bali,positive,0.999473512172699,Facilities & Amenities,Facilities & Amenities (1.00); Service Quality (1.00); Staff Conduct & Hospitality (0.99)
Rifqy Abdillah,2020,4,Tempat nyaman staf ramah akses mudah dan sangat dekat dengan gwk saya bisa melihat patung gwk dari kamar dan jalan kaki ke sana di sekitar banyak tempat makan kamar saya kadang ada semut meskipun cuma 12 tidak ada gym,KOMPETITOR,Bintang 4,BestWesternKamalaJimbaran-bali,positive,0.9982524514198303,Facilities & Amenities,Facilities & Amenities (1.00); Service Efficiency & Responsiveness (0.99); Guest Experience (0.98)
andi supriyatna (Andimon),2024,5,Hotel rekomendasi dan selalu menjadi pilihan pada saat liburan dimanapun terbaik barat Kamala jimbaran kamarnya bersih nyaman view nya langsung ke gwk patung sangat bagus aksesnya mudah sekali dan dekat ke objek wisata manapun hanya 3 menit ke gwk patung 15 menit ke pantai melasti dll hidangan sarapannya sangat lezat dan enak dan yang terpenting saya ingin mengungkapkan rasa syukur dan terima kasih banyak banyak kepada semua staf dari depan ke belakang rumah untuk kebaikan dan keramahan Anda kami sangat menikmati dan pasti kami akan kembali lagi baik dilakukan dan layak matur sukma terima kasih,KOMPETITOR,Bintang 4,BestWesternKamalaJimbaran-bali,positive,0.9995618462562561,Staff Conduct & Hospitality,Staff Conduct & Hospitality (0.99); Service Efficiency & Responsiveness (0.99); Family & Group Friendly (0.99)
Martha Damai Mayasari,2024,4,waktu promo berenang tambah bisa makan Kmarin saya kesini untuk kolam renangnya bagus dan bersih mulaipun dengan kamarmandi ruang gantinya makanan disini enak,KOMPETITOR,Bintang 4,BestWesternKamalaJimbaran-bali,positive,0.9995567202568054,"Cleanliness, Hygiene & Maintenance","Cleanliness, Hygiene & Maintenance (0.99); Facilities & Amenities (0.99); Service Quality (0.98)"
shinta purnamadewi,2024,5,enak banget nginep disni hotel bintang 4 tapi kamar nya serasa bintang 5 staf ny ramah semua dan diberikaan upgrade kamar gratis terima kasih,KOMPETITOR,Bintang 4,BestWesternKamalaJimbaran-bali,positive,0.9990261793136597,Staff Conduct & Hospitality,Staff Conduct & Hospitality (0.96); Service Quality (0.96); Guest Experience (0.90)
Be R,2024,5,Sangat nyaman staf nya ramah dan sarapan nya juga enak termasuk lengkap dan beragam juga jika di kasih kesempatan sih pasti akan kembali lagi,KOMPETITOR,Bintang 4,BestWesternKamalaJimbaran-bali,positive,0.9993570446968079,Facilities & Amenities,Facilities & Amenities (1.00); Staff Conduct & Hospitality (0.98); Service Quality (0.97)
Patrick Jaya,2024,3,lokasi yang sangat premium dekat kemana mana kamarnya agak jorok terutama balkonnya sangat berdebu dan yang parah sarapannya tidak bisa dimakan rasanya hambar,KOMPETITOR,Bintang 4,BestWesternKamalaJimbaran-bali,negative,0.9871653318405151,Facilities & Amenities,Facilities & Amenities (0.92); Pricing & Value for Money (0.88); Guest Experience (0.70)
Kar Mila tan,2025,5,hotel nya bersih mknan nya enak pelayanan nya ramah terbaik,KOMPETITOR,Bintang 4,BestWesternKamalaJimbaran-bali,positive,0.9990453124046326,Service Quality,"Service Quality (0.99); Cleanliness, Hygiene & Maintenance (0.98); Guest Experience (0.97)"
welly monroe,2025,5,pengalaman yang nyaman menginap d interval waktu menungu anak2 selesai bermain dari jungle play,KOMPETITOR,Bintang 4,BestWesternKamalaJimbaran-bali,positive,0.9827901124954224,Guest Experience,Guest Experience (0.99); Room Quality & Comfort (0.95); Facilities & Amenities (0.88)
Wenie Bong,2021,5,Hotel yang sangat strategis bersih pelayanan oke dekat dengan gwk saat buka buka jendela view nya bgus dan terlihat patung gwk recomend banget,KOMPETITOR,Bintang 4,BestWesternKamalaJimbaran-bali,positive,0.9993176460266113,Service Quality,Service Quality (0.98); Guest Experience (0.98); Facilities & Amenities (0.95)
Sri Mulyanti,2021,5,bagus fasilitasnya lengkap nyaman bersih kamarnya luas pelayanannya oke banget dianjurkan buat yang cari penginapan di bali khususnya daerah jimbaran,KOMPETITOR,Bintang 4,BestWesternKamalaJimbaran-bali,positive,0.9993153810501099,Facilities & Amenities,Facilities & Amenities (0.99); Service Quality (0.96); Room Quality & Comfort (0.95)
Dhe dhe Kho,2021,5,Pegawainya ramah hotelnya bersih nyaman tenang dekat dengan mini pasar yang menawarkan paket promo juga seneng tinggal di hotel ini dalam waktu yang cukup lama,KOMPETITOR,Bintang 4,BestWesternKamalaJimbaran-bali,positive,0.9983048439025879,Staff Conduct & Hospitality,Staff Conduct & Hospitality (1.00); Facilities & Amenities (0.99); Service Quality (0.99)
Muammar Mastura,2023,3,lokasi strategis view kamar yang saya gunakan kurang bagus ada peralatan yang bermasalah istirahat nyaman,KOMPETITOR,Bintang 4,BestWesternKamalaJimbaran-bali,negative,0.677968442440033,Facilities & Amenities,Facilities & Amenities (0.72); Guest Experience (0.69); Service Quality (0.39)
Ida Bagus Putu Surya Nanda,2023,4,lokasi mudah ditemukan dan kualitas tidur saya sangat nyenyak karena kasur dan bantalnya sangat empuk membuat liburan saya menjadi lebih tenang dan damai baik,KOMPETITOR,Bintang 4,BestWesternKamalaJimbaran-bali,positive,0.9992081522941589,Facilities & Amenities,Facilities & Amenities (1.00); Room Quality & Comfort (0.99); Service Quality (0.99)
Busan Passer,2021,5,hotel dengan lokasih strategis karena dekat dengan lokasi wisata serta mudah dijangkau karena berada di jalan utama dan yang utama layanan prima dengan tempat yang aman dan nyaman,KOMPETITOR,Bintang 4,BestWesternKamalaJimbaran-bali,positive,0.9994699358940125,Service Quality,Service Quality (0.99); Facilities & Amenities (0.99); Service Efficiency & Responsiveness (0.98)
Gathfan Zacky Wibowo,2025,5,hotel yang nyaman kamar bersih dan luas layanan sangat ramah dan bersahabat,KOMPETITOR,Bintang 4,BestWesternKamalaJimbaran-bali,positive,0.9991967082023621,Room Quality & Comfort,Room Quality & Comfort (0.99); Facilities & Amenities (0.99); Service Quality (0.99)
wayan budiana,2025,5,nyaman kamar luas dan lega cocok untuk keluarga pelayanan ramah parkir luas dan mau kemana mana dekat gwk pantai pandawa pantai melasti pura uluwatu pantai dreamland tanjung benoa cafe ikan bakar jimbaran dan kedonganan kamar bersih sarapan bagus ac keren dan wifi sangat bagus nilai uang dan staf wow luar biasa,KOMPETITOR,Bintang 4,BestWesternKamalaJimbaran-bali,positive,0.9995555281639099,Family & Group Friendly,"Family & Group Friendly (1.00); Facilities & Amenities (1.00); Location, Accessibility & Parking (0.99)"
Cintya Dewi,2024,5,merekomendasikan banget hotel terbaik barat Kamala jimbaran mulai dari pelayanannya yang sangat memuaskan bersih rapi dan memiliki fasilitas yang sangat lengkap amat di rekomendasikan untuk menginap di sini,KOMPETITOR,Bintang 4,BestWesternKamalaJimbaran-bali,positive,0.9992243051528931,Service Quality,"Service Quality (1.00); Cleanliness, Hygiene & Maintenance (1.00); Facilities & Amenities (1.00)"
Dode Govlog,2021,4,Hotelnya bagus cuma saat saya menginap di semua kamar tv nya sedang bermasalah jadi untuk yang suka menonton jadi agak kurang tapi overall oke,KOMPETITOR,Bintang 4,BestWesternKamalaJimbaran-bali,positive,0.966343343257904,Facilities & Amenities,Facilities & Amenities (0.83); Service Quality (0.79); Guest Experience (0.76)
Alexander Ginting,2024,5,Tidak perlu ragu untuk menginap semua fasilitasnya yang terbaik lah yang telah dilakukan selama waktu di bali,KOMPETITOR,Bintang 4,BestWesternKamalaJimbaran-bali,positive,0.998675525188446,Service Quality,Service Quality (0.99); Facilities & Amenities (0.98); Guest Experience (0.92)
Ash N.,2024,1,layanan pelanggan sangat buruk saya chat tidak dibalas hanya diread saja padahal saya menanyakan tentang bisa tidaknya permintaan khusus saya dipenuhi sampai saya harus tanyakan 2 kali pengalaman buruk bahkan sebelum menginap pikir 2 kali,KOMPETITOR,Bintang 4,BestWesternKamalaJimbaran-bali,negative,0.9994451403617859,Guest Experience,Guest Experience (0.99); Service Quality (0.88); Check in/out Experience (0.83)
Rickye Joe,2025,5,lokasi hotel dekat dengan gwk sarapan premium,KOMPETITOR,Bintang 4,BestWesternKamalaJimbaran-bali,positive,0.9993416666984558,Service Quality,Service Quality (0.91); Facilities & Amenities (0.90); Sustainability & Environmental Quality (0.87)
Iwan Reper,2024,5,5 bintang buat hotel barat terbaik bersih dan terawat toilet mangkuk bersih dan baik dipertahankan,KOMPETITOR,Bintang 4,BestWesternKamalaJimbaran-bali,positive,0.9993778467178345,"Cleanliness, Hygiene & Maintenance","Cleanliness, Hygiene & Maintenance (1.00); Service Quality (1.00); Facilities & Amenities (0.98)"
Elisabeth Sihombing,2024,5,overall bagus servisenya juga oke untuk sarapan enak cuman kurang pedas saja karena saya suka pedas tapi semuanya oke banget rekomendasi banget sih ini,KOMPETITOR,Bintang 4,BestWesternKamalaJimbaran-bali,positive,0.9964020252227783,Service Quality,Service Quality (0.99); Service Efficiency & Responsiveness (0.85); Facilities & Amenities (0.79)
Novie_ Hayuningtyas,2019,5,hotel baru yang recomended banget mandi ngucur deras air panas dinginnya bekerja dengan baik kamar bersih nyaman tidak ada kebisingan,KOMPETITOR,Bintang 4,BestWesternKamalaJimbaran-bali,positive,0.9988049268722534,Room Quality & Comfort,"Room Quality & Comfort (0.99); Service Quality (0.98); Cleanliness, Hygiene & Maintenance (0.98)"
Donny B,2023,5,kamar besar kolamnya bagus nilai untuk uang restoran bagus nyaman makanan enak kamarnya bersih2 kasurnya empuk tidak berisik,KOMPETITOR,Bintang 4,BestWesternKamalaJimbaran-bali,positive,0.9994792342185974,Facilities & Amenities,"Facilities & Amenities (1.00); Pricing & Value for Money (1.00); Cleanliness, Hygiene & Maintenance (0.99)"
Egy Ambara Kusuma,2023,5,kebersihan kamar luar biasa sangat terwat dengan baik lokasi sangat strategis staf sangat melayani dengan baik sangat rekomendasi hotel ini dengan harga yang terjangkau dspat pelayanan dan kamar yang baik,KOMPETITOR,Bintang 4,BestWesternKamalaJimbaran-bali,positive,0.9991649389266968,"Cleanliness, Hygiene & Maintenance","Cleanliness, Hygiene & Maintenance (1.00); Pricing & Value for Money (1.00); Service Quality (0.99)"
iwan maulana,2021,5,harga terjangkau bagus hotelnya sayang di kamar mandi untuk bilas di kolam renang tidak ada sabun sampo,KOMPETITOR,Bintang 4,BestWesternKamalaJimbaran-bali,negative,0.7970757484436035,Pricing & Value for Money,Pricing & Value for Money (0.99); Facilities & Amenities (0.99); Service Quality (0.93)
Wiwin Amalia,2020,5,lokasi strategis karena dekat dengan gwk jadi tidak perlu pusing soal transportasi jika tengah malam baru kembali ke hotel setelah menonton konser musik di gwk,KOMPETITOR,Bintang 4,BestWesternKamalaJimbaran-bali,positive,0.998755931854248,Service Efficiency & Responsiveness,"Service Efficiency & Responsiveness (0.95); Facilities & Amenities (0.91); Location, Accessibility & Parking (0.82)"
Chris Natalia,2024,4,secara keseluruhan bagus hotelnya cuma berada di kawasan macet tapi dekat dekat pantai pandawa balangan padang2,KOMPETITOR,Bintang 4,BestWesternKamalaJimbaran-bali,positive,0.9994137287139893,Service Quality,"Service Quality (0.91); Sustainability & Environmental Quality (0.85); Location, Accessibility & Parking (0.73)"
3C_081_ Kadek Ayu Ningsih Mustika Putri Wirawardani,2024,5,sarapan banyak berpariasi ada kolam renang kamar bersih wifi cepat dekat loksi pantai melasti dekat gwk,KOMPETITOR,Bintang 4,BestWesternKamalaJimbaran-bali,positive,0.9994045495986938,Facilities & Amenities,"Facilities & Amenities (1.00); Service Quality (0.98); Cleanliness, Hygiene & Maintenance (0.98)"
Heni Safitri,2022,5,kamar bersih staf ramah air panasnya sangat baik ac cepat dingin lokasi mudah diakses pinggir jalan besar,KOMPETITOR,Bintang 4,BestWesternKamalaJimbaran-bali,positive,0.9990482926368713,Facilities & Amenities,Facilities & Amenities (0.99); Room Quality & Comfort (0.99); Service Quality (0.99)
Fitria Cstahtalumajang,2025,5,Terima kasih atas keramahan luar biasa Anda kami suka dan kami benar-benar mencintai tinggal kami akan kembali lagi Terima kasih staf adalah friendly membantu hotel sempurna di Kuta Selatan,KOMPETITOR,Bintang 4,BestWesternKamalaJimbaran-bali,positive,0.9990361928939819,Service Quality,Service Quality (1.00); Staff Conduct & Hospitality (0.99); Guest Experience (0.99)
ANDI ILHAM,2020,5,siang bapak ibu saya teknisi angkat boleh saya tahu nomor whatsapp kepala tekniknya guna untuk mngjukan pnawaran kontrak servis dngn hrga yang mungkin lbih murah dari yang sudah ada terimakasih,KOMPETITOR,Bintang 4,BestWesternKamalaJimbaran-bali,neutral,0.9797011613845825,Pricing & Value for Money,"Pricing & Value for Money (0.80); Booking & Reservation Experience (0.58); Loyalty, Recommendation & Appreciation (0.50)"
Muhammad Adz-Dzahabie,2023,5,tempat yang sangat menyenangkan untuk berliburan lokasinya dekat dengan destinasi wisata hotelnya bersih rapi dan pelayanan yang memuaskan,KOMPETITOR,Bintang 4,BestWesternKamalaJimbaran-bali,positive,0.9994276165962219,Service Quality,"Service Quality (1.00); Cleanliness, Hygiene & Maintenance (1.00); Service Efficiency & Responsiveness (0.99)"
Geck Ayuwati,2021,5,Dari hotel bisa mengambil foto gwk dari kamar top pasilitas oke kolam karaoke anak2ku suka,KOMPETITOR,Bintang 4,BestWesternKamalaJimbaran-bali,positive,0.9990559220314026,Facilities & Amenities,Facilities & Amenities (0.99); Guest Experience (0.99); Service Quality (0.98)
Budi Joe,2022,5,biar bintang yang bicara tempat mudah dijangkau bersih bagus lah pokoknya apalagi lagi dapet harga promo murah banget dengan kwalitas hotel yang bagus,KOMPETITOR,Bintang 4,BestWesternKamalaJimbaran-bali,positive,0.9991956353187561,Pricing & Value for Money,"Pricing & Value for Money (0.97); Service Quality (0.94); Cleanliness, Hygiene & Maintenance (0.93)"
Tri Anggoro Mardiutomo,2020,5,menu sarapan atas markotop view balkon mantul langsung ke area kolam renang dan bisa melihat keindahan pagi hari ke arah gwk,KOMPETITOR,Bintang 4,BestWesternKamalaJimbaran-bali,positive,0.9993613362312317,Food & Beverage,Food & Beverage (0.97); Facilities & Amenities (0.94); Service Efficiency & Responsiveness (0.78)
mila rauf,2025,5,kamarnya luas bersih sarapan nya enak,KOMPETITOR,Bintang 4,BestWesternKamalaJimbaran-bali,positive,0.9993608593940735,"Cleanliness, Hygiene & Maintenance","Cleanliness, Hygiene & Maintenance (0.99); Facilities & Amenities (0.98); Service Quality (0.97)"
ruslan bip,2023,3,Parkiran bawah tanah sangat sempit mobil saya kena dinding lampu pecah seharusnya diberitahu bahwa bawah tanah parkir hanya untuk mobil kecil,KOMPETITOR,Bintang 4,BestWesternKamalaJimbaran-bali,negative,0.9964434504508972,"Location, Accessibility & Parking","Location, Accessibility & Parking (0.79); Management & Policy Issues (0.40); Facilities & Amenities (0.38)"
Putri Wijaya,2022,4,kamar bersih rapi pemandangan kamar patung gwk pelayanan baik restoran sepi karena pandemi prokes dijalankan sesuai aturan,KOMPETITOR,Bintang 4,BestWesternKamalaJimbaran-bali,positive,0.9962571859359741,"Cleanliness, Hygiene & Maintenance","Cleanliness, Hygiene & Maintenance (0.99); Service Quality (0.98); Room Quality & Comfort (0.96)"
Doddy Bewok,2025,5,pengalaman luar biasa selama menginap Terima kasih untuk tim dan khusus untuk Andriansyah untuk layanan yang baik,KOMPETITOR,Bintang 4,BestWesternKamalaJimbaran-bali,positive,0.9813847541809082,Service Quality,Service Quality (1.00); Guest Experience (0.99); Check in/out Experience (0.98)
Ayu Jatiani,2020,5,Pelayanan yang ramah cepat sarapan lumayan lengkap lokasi strategis pemandangan bagus dari kamarku terus menjaga layanan yang baik Anda,KOMPETITOR,Bintang 4,BestWesternKamalaJimbaran-bali,positive,0.9990522265434265,Service Efficiency & Responsiveness,Service Efficiency & Responsiveness (1.00); Service Quality (1.00); Guest Experience (1.00)
Putu Pertiwi,2022,5,tempat menginap yang dianjurkan fasilitas kamar berfungsi dengan baik bersih dan nyaman,KOMPETITOR,Bintang 4,BestWesternKamalaJimbaran-bali,positive,0.9991324543952942,Room Quality & Comfort,"Room Quality & Comfort (1.00); Cleanliness, Hygiene & Maintenance (1.00); Service Quality (0.99)"
Putu Ayu Anggrasari Wirawardani,2023,5,kamar bersih wangi pelayanan ramah sarapan enak dan variatif wifi kencaang lokasi strategis dekatgwk,KOMPETITOR,Bintang 4,BestWesternKamalaJimbaran-bali,positive,0.9995044469833374,Facilities & Amenities,"Facilities & Amenities (0.99); Cleanliness, Hygiene & Maintenance (0.99); Service Quality (0.99)"
Rifan Hidayat,2020,5,hotel dengan view yang sangat bagus cocok untuk tempat menginap bersama keluarga pelayanan ramah,KOMPETITOR,Bintang 4,BestWesternKamalaJimbaran-bali,positive,0.9992870688438416,Family & Group Friendly,Family & Group Friendly (1.00); Service Quality (0.99); Staff Conduct & Hospitality (0.98)
Hasna Naira Madiha Basari,2024,5,cocok banget buat berlibur keluarga lingkungan tenang saat untuk istirahat pelayanan baik kebersihan oke makanan enak cocok dilidah,KOMPETITOR,Bintang 4,BestWesternKamalaJimbaran-bali,positive,0.9993207454681396,Service Quality,"Service Quality (1.00); Facilities & Amenities (0.99); Cleanliness, Hygiene & Maintenance (0.99)"
Rangga Aurellio Giovanni,2021,5,lokasi strategis di jimbaran akses sewa motor mudah hotel baru dan sangat bersih sangat dekat dengan jimbaran trotoar secara keseluruhan sangat baik,KOMPETITOR,Bintang 4,BestWesternKamalaJimbaran-bali,positive,0.9994975328445435,Service Quality,"Service Quality (0.99); Cleanliness, Hygiene & Maintenance (0.99); Facilities & Amenities (0.99)"
Ketut Tungse,2023,5,kamar sangat bersih dan luas staf ramah cocok buat liburan bersama keluarga,KOMPETITOR,Bintang 4,BestWesternKamalaJimbaran-bali,positive,0.999239444732666,Family & Group Friendly,Family & Group Friendly (1.00); Facilities & Amenities (1.00); Room Quality & Comfort (0.99)
Kevin Huang,2019,5,kamar bersih resepsionis cepat respon dan lokasi enak dekat tempat makan mantap kolam renang nya bersih,KOMPETITOR,Bintang 4,BestWesternKamalaJimbaran-bali,positive,0.9991872906684875,Service Efficiency & Responsiveness,Service Efficiency & Responsiveness (1.00); Facilities & Amenities (1.00); Service Quality (0.99)
Dina Anggraeni Supriadi,2024,5,makanan nya enak dan terjangkau kolam renang nya besar cukup luas untuk olahraga renang dan hotel nya bersih,KOMPETITOR,Bintang 4,BestWesternKamalaJimbaran-bali,positive,0.9994029998779297,Facilities & Amenities,Facilities & Amenities (1.00); Pricing & Value for Money (0.99); Service Quality (0.98)
alexander fransiskus,2022,4,hotelnya enak dan bersih banget kolam renang bagus dan lokasi strategis,KOMPETITOR,Bintang 4,BestWesternKamalaJimbaran-bali,positive,0.99921715259552,Facilities & Amenities,"Facilities & Amenities (1.00); Cleanliness, Hygiene & Maintenance (0.99); Service Quality (0.99)"
davlog arts,2022,5,hotelnya bersih bagus ada kolam renangnya nya tempatnya nyaman,KOMPETITOR,Bintang 4,BestWesternKamalaJimbaran-bali,positive,0.999323844909668,Facilities & Amenities,"Facilities & Amenities (0.99); Service Quality (0.97); Cleanliness, Hygiene & Maintenance (0.97)"
Yusup Ivan,2024,5,Staff nya ramah layanan dan nilai untuk layanan wifi dan ac bagus kamar besar dan bersih akan kembali ke sini lagi,KOMPETITOR,Bintang 4,BestWesternKamalaJimbaran-bali,positive,0.9984582662582397,Service Quality,Service Quality (1.00); Service Efficiency & Responsiveness (1.00); Staff Conduct & Hospitality (1.00)
Amaliyatul Choyr Afiyah,2023,5,dianjurkan hotel masuk bali pelayanan karyawan hotel super dan sangat baik fasilitas hotel super nyaman dan bikin pengen balik lagi ke hotel terbaik barat kamala jimbaran,KOMPETITOR,Bintang 4,BestWesternKamalaJimbaran-bali,positive,0.9995521903038025,Service Quality,Service Quality (1.00); Facilities & Amenities (0.99); Staff Conduct & Hospitality (0.99)
Andi Mardianto,2021,5,hotelnya baru bersih semua sempurna hanya lantai teras perlu dibersihkan,KOMPETITOR,Bintang 4,BestWesternKamalaJimbaran-bali,positive,0.9930891394615173,Service Quality,"Service Quality (0.89); Cleanliness, Hygiene & Maintenance (0.81); Facilities & Amenities (0.67)"
Aries Haan,2025,5,bersih makan paginya enak ac kamar dingin,KOMPETITOR,Bintang 4,BestWesternKamalaJimbaran-bali,positive,0.9989141225814819,"Cleanliness, Hygiene & Maintenance","Cleanliness, Hygiene & Maintenance (0.99); Service Quality (0.96); Sustainability & Environmental Quality (0.89)"
mei bk,2019,5,kamar keren pelayanan keren makanan keren tidak ada kurangnya deh puas bngt ngabisin baru d sni internet lancar,KOMPETITOR,Bintang 4,BestWesternKamalaJimbaran-bali,positive,0.9990326166152954,Guest Experience,Guest Experience (0.99); Facilities & Amenities (0.99); Service Quality (0.99)
Eshie Hikmha,2019,5,untuk hotel dengan fasilitas mewah dan harga terjangkau cocok banget untuk kami yang dempetnya tidak terlalu bagus,KOMPETITOR,Bintang 4,BestWesternKamalaJimbaran-bali,positive,0.9989029169082642,Facilities & Amenities,Facilities & Amenities (0.99); Pricing & Value for Money (0.98); Room Quality & Comfort (0.70)
Eka Destarika Fajar,2023,5,lokasi di jalan uluwqti dekat dengan kawasan wisaya gwk banyak tempat makan diarea sekitar kamar sangat luas,KOMPETITOR,Bintang 4,BestWesternKamalaJimbaran-bali,positive,0.9994983673095703,Facilities & Amenities,Facilities & Amenities (0.94); Food & Beverage (0.87); Family & Group Friendly (0.74)
Glenn Ryan,2024,4,Secara keseluruhan lokasi bagus. Cukup strategis kamarnya.,KOMPETITOR,Bintang 4,BestWesternKamalaJimbaran-bali,positive,0.9983362555503845,Facilities & Amenities,Facilities & Amenities (1.00); Guest Experience (0.99); Room Quality & Comfort (0.99)
X PH 2_28_ Ni kadek senia pradewi,2025,5,akses wifi cepat,KOMPETITOR,Bintang 4,BestWesternKamalaJimbaran-bali,positive,0.9988227486610413,Service Efficiency & Responsiveness,Service Efficiency & Responsiveness (0.96); Digital Connectivity & Technology (0.90); Service Quality (0.89)
wendy mahibuddin,2019,4,hotelnya baru smuanya baru cari makan diluar juga mudah diseberang hotel ada warung campur2 dianjurkan banget,KOMPETITOR,Bintang 4,BestWesternKamalaJimbaran-bali,positive,0.9975003600120544,Food & Beverage,Food & Beverage (0.91); Facilities & Amenities (0.87); Sustainability & Environmental Quality (0.68)
Anthony Sudarsono,2024,1,ac panas telepon tidak nyala kamar lembab di suru ganti malah ngeyel resepsionisnya nyolot lagi capek,KOMPETITOR,Bintang 4,BestWesternKamalaJimbaran-bali,negative,0.9993867874145508,Facilities & Amenities,Facilities & Amenities (0.88); Guest Experience (0.85); Service Quality (0.85)
Nasrin Ishaq,2023,5,kamar yang sangat bagus pelayanan oke tempat nyaman n tenang,KOMPETITOR,Bintang 4,BestWesternKamalaJimbaran-bali,positive,0.9993240833282471,Room Quality & Comfort,Room Quality & Comfort (1.00); Guest Experience (0.99); Service Quality (0.99)
nandita dewanto,2020,4,Ada jam malam dong untuk kolam jangan kasih tamu naik basah2 angkat basah lantai basah jalanan basah,KOMPETITOR,Bintang 4,BestWesternKamalaJimbaran-bali,negative,0.9927010536193848,Facilities & Amenities,Facilities & Amenities (0.86); Service Quality (0.75); Sustainability & Environmental Quality (0.74)
D And,2024,5,seru pelayanan ramah bintang 5 semua staf ramah dan murah senyum wajib kembali sini lagi sih kalau ke bali,KOMPETITOR,Bintang 4,BestWesternKamalaJimbaran-bali,positive,0.9981250166893005,Service Quality,Service Quality (1.00); Guest Experience (0.99); Staff Conduct & Hospitality (0.99)
Toko Kantor Bandung,2023,5,sarapan harus di perbaiki masalah parkir keseluruhan nya sangat baik dan staf nya ramah,KOMPETITOR,Bintang 4,BestWesternKamalaJimbaran-bali,positive,0.9971638321876526,Staff Conduct & Hospitality,Staff Conduct & Hospitality (0.99); Facilities & Amenities (0.99); Food & Beverage (0.98)
oka permana,2020,4,hotel yang belokasi didaerah jimbaran sangat strategis karen lokasinya sangat dekat dengan objek wisata garuda wisnu kencana,KOMPETITOR,Bintang 4,BestWesternKamalaJimbaran-bali,positive,0.9991719722747803,"Loyalty, Recommendation & Appreciation","Loyalty, Recommendation & Appreciation (0.76); Sustainability & Environmental Quality (0.75); Service Efficiency & Responsiveness (0.75)"
Lala Sau,2024,5,sangat dianjurkan sih ini makanannya juga enak semua dan stafnya juga ramah pokoknya mantap lah,KOMPETITOR,Bintang 4,BestWesternKamalaJimbaran-bali,positive,0.9992246627807617,Staff Conduct & Hospitality,Staff Conduct & Hospitality (0.99); Service Quality (0.98); Service Efficiency & Responsiveness (0.97)
kanaya zhafira putri,2022,5,Suka banget kolam renangnya luas bersih nyaman tempat gantinya juga nyaman dan bersih,KOMPETITOR,Bintang 4,BestWesternKamalaJimbaran-bali,positive,0.9994723200798035,Facilities & Amenities,"Facilities & Amenities (1.00); Cleanliness, Hygiene & Maintenance (0.97); Room Quality & Comfort (0.94)"
Ryan Affandy,2021,5,Tempat nya oke menu sarapan nya kurang berfariasi mungkin karna covid juga,KOMPETITOR,Bintang 4,BestWesternKamalaJimbaran-bali,positive,0.862880289554596,Facilities & Amenities,Facilities & Amenities (0.88); Service Quality (0.73); Guest Experience (0.65)
krisna ariska,2024,5,hotel bersih pelayanan baik sarapan berpariasi wifi bagus,KOMPETITOR,Bintang 4,BestWesternKamalaJimbaran-bali,positive,0.9993174076080322,Service Quality,"Service Quality (1.00); Cleanliness, Hygiene & Maintenance (0.99); Guest Experience (0.99)"
Fenty Adonis,2024,5,sangat merekomendasikan dan akan memesan lg di hotel terbaik kamla barat,KOMPETITOR,Bintang 4,BestWesternKamalaJimbaran-bali,positive,0.998407781124115,"Loyalty, Recommendation & Appreciation","Loyalty, Recommendation & Appreciation (0.95); Booking & Reservation Experience (0.87); Service Quality (0.83)"
Jhon Siahay,2022,5,sangat sangat merekomendasikan google salah klo bilang mereka bintang 3 ini hotel bintang 4,KOMPETITOR,Bintang 4,BestWesternKamalaJimbaran-bali,positive,0.9954723715782166,Sustainability & Environmental Quality,"Sustainability & Environmental Quality (0.31); Pricing & Value for Money (0.30); Loyalty, Recommendation & Appreciation (0.27)"
wahyu widi,2020,4,hotelnya bagus dekat juga dengan kuliner jajanan kalau malam lapar,KOMPETITOR,Bintang 4,BestWesternKamalaJimbaran-bali,positive,0.9987395405769348,Facilities & Amenities,Facilities & Amenities (0.99); Food & Beverage (0.94); Service Quality (0.94)
Agung Nugroho,2024,4,Pelayanan bagus kamar estetik bersih tapi sayang kurang terjaga untuk pemeliharaan bangunan,KOMPETITOR,Bintang 4,BestWesternKamalaJimbaran-bali,positive,0.9799680709838867,Service Quality,Service Quality (1.00); Guest Experience (0.99); Facilities & Amenities (0.92)
Dave Wikan,2023,5,Pelayanan sangat memuaskan kamar bersih dan dekat dengan gwk,KOMPETITOR,Bintang 4,BestWesternKamalaJimbaran-bali,positive,0.999006450176239,Service Quality,Service Quality (1.00); Guest Experience (0.99); Room Quality & Comfort (0.99)
NiPutu Sudariati,2024,5,kamar bersih lokasi dekat gwk pantai pandawa pantai melasti sarapan enak,KOMPETITOR,Bintang 4,BestWesternKamalaJimbaran-bali,positive,0.9995051622390747,Service Quality,"Service Quality (1.00); Cleanliness, Hygiene & Maintenance (0.99); Facilities & Amenities (0.99)"
Cening Bagus,2023,4,Secara keseluruhan bagus masih terlihat baru tapi toilet bermasalah dan kursi toilet bocor juga terlihat kotor,KOMPETITOR,Bintang 4,BestWesternKamalaJimbaran-bali,negative,0.9091752171516418,Facilities & Amenities,Facilities & Amenities (0.81); Service Quality (0.64); Sustainability & Environmental Quality (0.52)
muhammad untung,2021,4,nyaman dan akses ke tempat wisata untuk daerah kuta selatan lebih dekat,KOMPETITOR,Bintang 4,BestWesternKamalaJimbaran-bali,positive,0.9991055130958557,Facilities & Amenities,Facilities & Amenities (0.99); Room Quality & Comfort (0.96); Service Quality (0.94)
Jasmine Masyitha Amelia,2022,5,kamarnya nyaman kolam renangnya bersih stafnya ramah,KOMPETITOR,Bintang 4,BestWesternKamalaJimbaran-bali,positive,0.9992042183876038,Facilities & Amenities,Facilities & Amenities (0.99); Room Quality & Comfort (0.99); Service Quality (0.98)
Ida Bagus Yudha Surya Pradipta,2022,5,Suasananya nyaman pelayannya ramah lokasi strategis dekat dengan gwk dianjurkan,KOMPETITOR,Bintang 4,BestWesternKamalaJimbaran-bali,positive,0.9994245767593384,Room Quality & Comfort,Room Quality & Comfort (0.99); Facilities & Amenities (0.95); Family & Group Friendly (0.92)
Seventh Bmw,2023,5,letak lokasi lumayan strategis pelayanan mantap pelayanan luar biasa kualitas makanan enak kenyamanan mantap,KOMPETITOR,Bintang 4,BestWesternKamalaJimbaran-bali,positive,0.9995298385620117,Service Quality,Service Quality (0.99); Guest Experience (0.98); Facilities & Amenities (0.98)
N,2021,5,hotelnya nyaman lokasi strategis view gwk,KOMPETITOR,Bintang 4,BestWesternKamalaJimbaran-bali,positive,0.9994394183158875,Room Quality & Comfort,Room Quality & Comfort (0.96); Facilities & Amenities (0.92); Guest Experience (0.89)
Arsyil ya,2022,5,tempat menginap yang dekat dengan gwk mudah di jangkau pelayanan bagus,KOMPETITOR,Bintang 4,BestWesternKamalaJimbaran-bali,positive,0.9994458556175232,Service Quality,Service Quality (1.00); Guest Experience (0.95); Service Efficiency & Responsiveness (0.91)
Enimaya Gusmita,2024,5,makanan sarapan nya enak enak banyak varian juga dan stafnya ramah ramah,KOMPETITOR,Bintang 4,BestWesternKamalaJimbaran-bali,positive,0.9992755055427551,Service Quality,Service Quality (0.92); Staff Conduct & Hospitality (0.90); Service Efficiency & Responsiveness (0.88)
Nitha Mir,2022,5,cuma nganter anak renang paket renang murah kolam bersih dan tempat ganti baju pun bersih,KOMPETITOR,Bintang 4,BestWesternKamalaJimbaran-bali,positive,0.9992685914039612,"Cleanliness, Hygiene & Maintenance","Cleanliness, Hygiene & Maintenance (0.98); Service Quality (0.96); Facilities & Amenities (0.96)"
Kharisma Putra,2022,5,Hotel bagus layanan bintang 5 teruskan pekerjaanmu yang baik,KOMPETITOR,Bintang 4,BestWesternKamalaJimbaran-bali,positive,0.9975311160087585,Service Quality,Service Quality (1.00); Guest Experience (0.98); Facilities & Amenities (0.91)
muhamad sobri,2021,1,Kamar nya biasa saja sarapan nya apa lagi untuk kelas bintang 4 kata nya,KOMPETITOR,Bintang 4,BestWesternKamalaJimbaran-bali,negative,0.9863852858543396,Facilities & Amenities,Facilities & Amenities (0.88); Guest Experience (0.86); Service Quality (0.86)
Bambang Eko Wardoyo,2020,4,bagi yang menyukai teknologi informatika dan gadget silahkan berkunjung kesini semua kebutuhannya anda bisa anda dapatkan,KOMPETITOR,Bintang 4,BestWesternKamalaJimbaran-bali,neutral,0.9844743013381958,Digital Connectivity & Technology,Digital Connectivity & Technology (0.98); Facilities & Amenities (0.90); Personalized & Special Services (0.27)
Clara Lavita Angelina,2020,4,Suasananya tenang kamarnya lumayan luas udara panas 24 jam,KOMPETITOR,Bintang 4,BestWesternKamalaJimbaran-bali,positive,0.9993516802787781,Facilities & Amenities,Facilities & Amenities (0.79); Room Quality & Comfort (0.75); Sustainability & Environmental Quality (0.60)
Musa T,2024,5,lokasi bagus ke gwk bisa jalan kaki staf ramah dan sopan,KOMPETITOR,Bintang 4,BestWesternKamalaJimbaran-bali,positive,0.9989426732063293,Staff Conduct & Hospitality,Staff Conduct & Hospitality (0.99); Service Quality (0.98); Facilities & Amenities (0.98)
Miqdad Mashabi,2024,5,kolam renang bersih ada kolam renang anak juga,KOMPETITOR,Bintang 4,BestWesternKamalaJimbaran-bali,positive,0.9984462857246399,"Cleanliness, Hygiene & Maintenance","Cleanliness, Hygiene & Maintenance (0.95); Sustainability & Environmental Quality (0.93); Service Quality (0.92)"
lucky lewier,2021,5,Hotel bagus ramah terus di pertahankan dan di tingkatkan,KOMPETITOR,Bintang 4,BestWesternKamalaJimbaran-bali,positive,0.9982149600982666,Service Quality,"Service Quality (0.99); Cleanliness, Hygiene & Maintenance (0.99); Room Quality & Comfort (0.97)"
Rahmat Saleh,2023,5,tempat bagus rapi karyawan ramah kamar bersih,KOMPETITOR,Bintang 4,BestWesternKamalaJimbaran-bali,positive,0.9987940788269043,"Cleanliness, Hygiene & Maintenance","Cleanliness, Hygiene & Maintenance (1.00); Facilities & Amenities (0.99); Service Quality (0.99)"
Iman Sulistiawan (Awan),2024,5,itu saja yang bisa saya berikan ulasan karena saya hanya mengambil tamu cek keluar,KOMPETITOR,Bintang 4,BestWesternKamalaJimbaran-bali,neutral,0.8511998057365417,Guest Experience,Guest Experience (0.99); Check in/out Experience (0.96); Service Quality (0.38)
Bali Channel,2018,5,tempat ini adalah hotel baru yang menjanjikan tempat menginap yang terbaik,KOMPETITOR,Bintang 4,BestWesternKamalaJimbaran-bali,positive,0.9937339425086975,Service Quality,Service Quality (0.97); Guest Experience (0.94); Room Quality & Comfort (0.92)
Rosita Damayanti,2021,4,sudah mengimplementasi protokol kesehatan tapi ac nya lama dinginnya,KOMPETITOR,Bintang 4,BestWesternKamalaJimbaran-bali,negative,0.7788777351379395,Management & Policy Issues,"Management & Policy Issues (0.59); Sustainability & Environmental Quality (0.59); Cleanliness, Hygiene & Maintenance (0.56)"
Juli Wardah,2021,5,seru banget ajak anak anak berenang di sini kolamnya luas dan bersih,KOMPETITOR,Bintang 4,BestWesternKamalaJimbaran-bali,positive,0.9992570281028748,"Cleanliness, Hygiene & Maintenance","Cleanliness, Hygiene & Maintenance (0.98); Facilities & Amenities (0.98); Sustainability & Environmental Quality (0.94)"
Arif Zainuddin,2025,5,kesan yang luar biasa dan menjadi rekomendasi ketika dinas liburan ke bali,KOMPETITOR,Bintang 4,BestWesternKamalaJimbaran-bali,positive,0.9539227485656738,Guest Experience,"Guest Experience (0.90); Cultural & Heritage Experience (0.85); Loyalty, Recommendation & Appreciation (0.83)"
Sutikno Yusie,2024,5,hotel yang cocok untuk keluarga dan bisnis dilengkapi kolam renang yang bagus,KOMPETITOR,Bintang 4,BestWesternKamalaJimbaran-bali,positive,0.9989978671073914,Facilities & Amenities,Facilities & Amenities (0.99); Family & Group Friendly (0.99); Service Quality (0.87)
Rahmat “Tahmat” Haryono,2024,5,mantap pelayanan sopan dan baik rekomendasi bagi yang ingin wisata daerah jimbaran,KOMPETITOR,Bintang 4,BestWesternKamalaJimbaran-bali,positive,0.9981829524040222,Service Quality,"Service Quality (1.00); Cleanliness, Hygiene & Maintenance (1.00); Service Efficiency & Responsiveness (0.99)"
Carl Sila Surya Soekanto,2022,4,kamar nya enak luas serta bersih,KOMPETITOR,Bintang 4,BestWesternKamalaJimbaran-bali,positive,0.9991803765296936,Room Quality & Comfort,"Room Quality & Comfort (0.99); Cleanliness, Hygiene & Maintenance (0.99); Facilities & Amenities (0.99)"
Wawan Dinawan,2020,5,Enaugh kamar oke makanan saja kurang variasi tapi enak makanannya,KOMPETITOR,Bintang 4,BestWesternKamalaJimbaran-bali,positive,0.9883713126182556,Facilities & Amenities,Facilities & Amenities (0.92); Room Quality & Comfort (0.89); Guest Experience (0.84)
Adrian Syah,2023,5,lumayan bagus kamarnya makanannya juga lumayan enak,KOMPETITOR,Bintang 4,BestWesternKamalaJimbaran-bali,positive,0.9993236064910889,Facilities & Amenities,Facilities & Amenities (0.99); Room Quality & Comfort (0.95); Ambience & Design (0.94)
Beny Ardiansyah,2024,5,Tetap tenang tenang serasa setenang air laut nya,KOMPETITOR,Bintang 4,BestWesternKamalaJimbaran-bali,positive,0.9991182684898376,Sustainability & Environmental Quality,"Sustainability & Environmental Quality (0.81); Religious & Halal Features (0.71); Loyalty, Recommendation & Appreciation (0.67)"
I Ketut Suana,2023,5,Hotel bagus dengan fasilitas dan staf ramah,KOMPETITOR,Bintang 4,BestWesternKamalaJimbaran-bali,positive,0.9989868998527527,Facilities & Amenities,Facilities & Amenities (1.00); Service Quality (0.99); Staff Conduct & Hospitality (0.99)
Bayu Wicoro Djati,2020,5,lokasi mudah dijangkau karena terletak agak di tengah kota cocok untuk bisnis transit,KOMPETITOR,Bintang 4,BestWesternKamalaJimbaran-bali,positive,0.9988977909088135,Facilities & Amenities,"Facilities & Amenities (0.95); Service Efficiency & Responsiveness (0.81); Location, Accessibility & Parking (0.71)"
Budiarta Kadek,2024,5,Kamarny bersih dan pelayanany bagus cpt respon pokokny matap lahh,KOMPETITOR,Bintang 4,BestWesternKamalaJimbaran-bali,positive,0.9985677003860474,"Cleanliness, Hygiene & Maintenance","Cleanliness, Hygiene & Maintenance (0.99); Service Efficiency & Responsiveness (0.99); Service Quality (0.99)"
eylisa yuhanita,2020,4,kamar bersih kamar mandi juga bersih kolam renang juga bersih pelayanan juga ramah,KOMPETITOR,Bintang 4,BestWesternKamalaJimbaran-bali,positive,0.9990409016609192,"Cleanliness, Hygiene & Maintenance","Cleanliness, Hygiene & Maintenance (1.00); Facilities & Amenities (1.00); Room Quality & Comfort (0.99)"
doni faan,2025,5,hotel yang sangat nyaman dengan kamae yang besar,KOMPETITOR,Bintang 4,BestWesternKamalaJimbaran-bali,positive,0.9992653727531433,Service Quality,Service Quality (0.97); Facilities & Amenities (0.96); Room Quality & Comfort (0.96)
Putra Only,2022,5,Baik bersih nyaman ramah pelayanan nya terus ditingkatkan lagi,KOMPETITOR,Bintang 4,BestWesternKamalaJimbaran-bali,positive,0.9982604384422302,Service Quality,"Service Quality (0.99); Cleanliness, Hygiene & Maintenance (0.99); Facilities & Amenities (0.98)"
Firdaus Notavia,2025,5,mantab,KOMPETITOR,Bintang 4,BestWesternKamalaJimbaran-bali,positive,0.9984986782073975,"Cleanliness, Hygiene & Maintenance","Cleanliness, Hygiene & Maintenance (0.98); Facilities & Amenities (0.82); Pricing & Value for Money (0.74)"
Michelle Fav,2023,5,tidurku paling nyenyak tidur nya berasa lebar indah,KOMPETITOR,Bintang 4,BestWesternKamalaJimbaran-bali,positive,0.9987832903862,Room Quality & Comfort,Room Quality & Comfort (0.75); Cultural & Heritage Experience (0.75); Ambience & Design (0.67)
Tung Pirnan,2025,4,dekat gwk,KOMPETITOR,Bintang 4,BestWesternKamalaJimbaran-bali,positive,0.9992407560348511,"Cleanliness, Hygiene & Maintenance","Cleanliness, Hygiene & Maintenance (0.88); Facilities & Amenities (0.86); Sustainability & Environmental Quality (0.75)"
catur joni firdaus official,2022,5,Tempat terbaik yang pernah nginap sini lagi kalau ke bali,KOMPETITOR,Bintang 4,BestWesternKamalaJimbaran-bali,positive,0.998708963394165,Facilities & Amenities,Facilities & Amenities (0.76); Guest Experience (0.75); Cultural & Heritage Experience (0.74)
咪Mimi咪mince,2025,5,lokasi bersih nyaman dan menyenangkan,KOMPETITOR,Bintang 4,BestWesternKamalaJimbaran-bali,positive,0.9991580247879028,Room Quality & Comfort,"Room Quality & Comfort (0.99); Facilities & Amenities (0.99); Cleanliness, Hygiene & Maintenance (0.96)"
Hadi Wiroyo,2021,4,Layanan pelanggan jika informasi yang cepat membingungkan pengunjung terlalu banyak basi jadi rumit,KOMPETITOR,Bintang 4,BestWesternKamalaJimbaran-bali,negative,0.9987743496894836,Guest Experience,Guest Experience (0.99); Check in/out Experience (0.71); Service Quality (0.68)
Ovi Herwanda,2019,3,hotel baru cukup bersih area parkir kecil,KOMPETITOR,Bintang 4,BestWesternKamalaJimbaran-bali,positive,0.9962096214294434,Service Quality,"Service Quality (0.98); Cleanliness, Hygiene & Maintenance (0.97); Sustainability & Environmental Quality (0.89)"
rudi susanto,2024,3,Yang terbaik Barat yang paling buruk sih dari grup terbaik Barat di daerah lain,KOMPETITOR,Bintang 4,BestWesternKamalaJimbaran-bali,negative,0.9883775115013123,Pricing & Value for Money,Pricing & Value for Money (0.19); Management & Policy Issues (0.18); Religious & Halal Features (0.15)
ice cream,2019,5,hotel elegan dan nyaman di jimbaran kolam menarik,KOMPETITOR,Bintang 4,BestWesternKamalaJimbaran-bali,positive,0.9994072914123535,Facilities & Amenities,Facilities & Amenities (0.96); Room Quality & Comfort (0.94); Ambience & Design (0.92)
Dhe Gombloh (Samsugas441),2023,4,hotel nyaman bagus bersih layanan jg bagus,KOMPETITOR,Bintang 4,BestWesternKamalaJimbaran-bali,positive,0.9991427659988403,Facilities & Amenities,"Facilities & Amenities (0.99); Service Quality (0.99); Cleanliness, Hygiene & Maintenance (0.98)"
Fathur Ishaq,2024,5,makanan nya enak2 layanan oke dan ramah2,KOMPETITOR,Bintang 4,BestWesternKamalaJimbaran-bali,positive,0.9988141059875488,Service Quality,Service Quality (0.99); Service Efficiency & Responsiveness (0.99); Guest Experience (0.99)
Sigi Wira,2021,5,Hotel yang indah klo dari atas bisa melihat gwk,KOMPETITOR,Bintang 4,BestWesternKamalaJimbaran-bali,positive,0.9983489513397217,Guest Experience,Guest Experience (0.95); Ambience & Design (0.90); Facilities & Amenities (0.88)
Sutikno Yusie,2021,5,Tempat yang bagus untuk menginap di Bali,KOMPETITOR,Bintang 4,BestWesternKamalaJimbaran-bali,positive,0.9971079230308533,Facilities & Amenities,"Facilities & Amenities (0.87); Cultural & Heritage Experience (0.87); Cleanliness, Hygiene & Maintenance (0.87)"
Teddie Hoyt,2020,4,Hotel yang bagus untuk menginap di daerah jimbaran dekat gwk garuda wisnu kencana,KOMPETITOR,Bintang 4,BestWesternKamalaJimbaran-bali,positive,0.9990329742431641,Facilities & Amenities,"Facilities & Amenities (0.81); Loyalty, Recommendation & Appreciation (0.78); Cleanliness, Hygiene & Maintenance (0.76)"
Yahya Ulum,2019,5,hotelnya bagus namun sarapan kurang beragam,KOMPETITOR,Bintang 4,BestWesternKamalaJimbaran-bali,negative,0.8956587314605713,Service Quality,Service Quality (0.87); Guest Experience (0.85); Facilities & Amenities (0.85)
Daisy Wenas,2025,5,sarapannya uenak,KOMPETITOR,Bintang 4,BestWesternKamalaJimbaran-bali,positive,0.9990649819374084,Food & Beverage,Food & Beverage (0.98); Service Quality (0.95); Cultural & Heritage Experience (0.87)
Nurul Hasanah,2024,5,Lokasinya mudah dicari pelayanannya bagus sekali,KOMPETITOR,Bintang 4,BestWesternKamalaJimbaran-bali,positive,0.9985973238945007,Service Quality,Service Quality (0.99); Facilities & Amenities (0.97); Guest Experience (0.93)
Aminah Naim,2023,5,bagus hotel baru dekat dengan gwk,KOMPETITOR,Bintang 4,BestWesternKamalaJimbaran-bali,positive,0.9973278045654297,Service Quality,Service Quality (0.88); Sustainability & Environmental Quality (0.84); Facilities & Amenities (0.80)
Hans Husain,2022,5,Hotel pelayanan ramah yang direkomendasikan,KOMPETITOR,Bintang 4,BestWesternKamalaJimbaran-bali,positive,0.9991359114646912,Service Quality,Service Quality (1.00); Guest Experience (0.99); Room Quality & Comfort (0.96)
astika andries,2024,5,tempatnya trategis sekali dekat dengan daerah pantai pantai terkenal,KOMPETITOR,Bintang 4,BestWesternKamalaJimbaran-bali,positive,0.9994539618492126,Facilities & Amenities,Facilities & Amenities (0.98); Cultural & Heritage Experience (0.87); Sustainability & Environmental Quality (0.86)
Balifta S,2024,5,mantap tinggal menuunya saja ya dienakin lagi,KOMPETITOR,Bintang 4,BestWesternKamalaJimbaran-bali,positive,0.9906280040740967,Food & Beverage,"Food & Beverage (0.88); Location, Accessibility & Parking (0.59); Pricing & Value for Money (0.59)"
Wayan Ariawan,2023,5,Banyak sekali bisa ilmu yang baik di hotel ini,KOMPETITOR,Bintang 4,BestWesternKamalaJimbaran-bali,positive,0.996749997138977,Service Quality,Service Quality (0.78); Sustainability & Environmental Quality (0.68); Guest Experience (0.65)
Desy ida ayu,2024,3,makanannya kurang enak koki,KOMPETITOR,Bintang 4,BestWesternKamalaJimbaran-bali,negative,0.9988651275634766,Food & Beverage,Food & Beverage (0.58); Sustainability & Environmental Quality (0.49); Management & Policy Issues (0.41)
Ed. Y. Neonbeni,2023,5,penginapan yang bagus,KOMPETITOR,Bintang 4,BestWesternKamalaJimbaran-bali,positive,0.9990963935852051,Service Quality,Service Quality (0.98); Room Quality & Comfort (0.98); Facilities & Amenities (0.96)
Virza Kurniawan,2019,4,nyaman dan bersih sarapannya lumayan,KOMPETITOR,Bintang 4,BestWesternKamalaJimbaran-bali,positive,0.9990850687026978,"Cleanliness, Hygiene & Maintenance","Cleanliness, Hygiene & Maintenance (0.98); Room Quality & Comfort (0.97); Facilities & Amenities (0.96)"
Khufidhotun Naili,2023,5,tempat menginap yang nyaman untuk keluarga,KOMPETITOR,Bintang 4,BestWesternKamalaJimbaran-bali,positive,0.9990185499191284,Family & Group Friendly,Family & Group Friendly (0.95); Room Quality & Comfort (0.87); Facilities & Amenities (0.85)
As Umar,2023,4,dapat menjadi pilihan sesuai dengan anggaran dan kebutuhan,KOMPETITOR,Bintang 4,BestWesternKamalaJimbaran-bali,neutral,0.5343897342681885,Pricing & Value for Money,Pricing & Value for Money (0.93); Facilities & Amenities (0.58); Sustainability & Environmental Quality (0.46)
Mine Inem,2023,4,tempat nya nyaman makanya jg enak,KOMPETITOR,Bintang 4,BestWesternKamalaJimbaran-bali,positive,0.9994040727615356,Room Quality & Comfort,Room Quality & Comfort (0.99); Facilities & Amenities (0.99); Sustainability & Environmental Quality (0.84)
Vincent Na,2024,5,mantap hotelnya,KOMPETITOR,Bintang 4,BestWesternKamalaJimbaran-bali,positive,0.9993612170219421,Service Quality,Service Quality (0.99); Facilities & Amenities (0.96); Guest Experience (0.95)
Firsa Legal,2023,5,bagus banget hotelnya,KOMPETITOR,Bintang 4,BestWesternKamalaJimbaran-bali,positive,0.999099850654602,Service Quality,Service Quality (0.97); Facilities & Amenities (0.95); Ambience & Design (0.85)
Hadijah Naim,2023,5,bagus hotel nya,KOMPETITOR,Bintang 4,BestWesternKamalaJimbaran-bali,positive,0.9980769157409668,Service Quality,Service Quality (0.98); Facilities & Amenities (0.95); Sustainability & Environmental Quality (0.85)
Alberto Gendhon,2021,5,nyaman dan tenang pelayanan baik,KOMPETITOR,Bintang 4,BestWesternKamalaJimbaran-bali,positive,0.9987571239471436,Service Quality,Service Quality (0.99); Guest Experience (0.98); Facilities & Amenities (0.96)
Gustrik Swastika,2020,3,Hotel lumayan bagus,KOMPETITOR,Bintang 4,BestWesternKamalaJimbaran-bali,positive,0.9989410042762756,Facilities & Amenities,"Facilities & Amenities (0.91); Sustainability & Environmental Quality (0.86); Cleanliness, Hygiene & Maintenance (0.86)"
bejo risoles “Mas Bejo risol” Risoles,2019,4,menyenangkan pelayanan yang bagus pokoknya mantap,KOMPETITOR,Bintang 4,BestWesternKamalaJimbaran-bali,positive,0.9992890357971191,Service Quality,Service Quality (1.00); Guest Experience (0.99); Service Efficiency & Responsiveness (0.91)
nofia antika,2024,5,Selanjutnya kalau ke bali harus menginap di sini lagi,KOMPETITOR,Bintang 4,BestWesternKamalaJimbaran-bali,positive,0.9834476709365845,Sustainability & Environmental Quality,"Sustainability & Environmental Quality (0.83); Cleanliness, Hygiene & Maintenance (0.77); Cultural & Heritage Experience (0.77)"
Sairi Zoneck 97,2020,4,luas banget tempat parkirnya,KOMPETITOR,Bintang 4,BestWesternKamalaJimbaran-bali,positive,0.9991863369941711,"Location, Accessibility & Parking","Location, Accessibility & Parking (0.93); Facilities & Amenities (0.88); Sustainability & Environmental Quality (0.86)"
David Ardyanto,2023,5,luar biasa semua itu bagus,KOMPETITOR,Bintang 4,BestWesternKamalaJimbaran-bali,positive,0.9976620674133301,Sustainability & Environmental Quality,"Sustainability & Environmental Quality (0.76); Facilities & Amenities (0.76); Loyalty, Recommendation & Appreciation (0.76)"
Purna Yudha,2020,5,tempatnya enak deket kemana mana,KOMPETITOR,Bintang 4,BestWesternKamalaJimbaran-bali,positive,0.9993101358413696,Room Quality & Comfort,Room Quality & Comfort (0.94); Facilities & Amenities (0.91); Service Quality (0.85)
Tommy Ertanto,2024,4,Sejauh ini baik tak ada masalah,KOMPETITOR,Bintang 4,BestWesternKamalaJimbaran-bali,positive,0.9894619584083557,Family & Group Friendly,"Family & Group Friendly (0.91); Facilities & Amenities (0.90); Cleanliness, Hygiene & Maintenance (0.89)"
kutus Kutus Sanga Sanga Maha Herbal,2020,5,tempatnya nyaman parkir luas dekat ke mana mana,KOMPETITOR,Bintang 4,BestWesternKamalaJimbaran-bali,positive,0.9994449019432068,"Location, Accessibility & Parking","Location, Accessibility & Parking (0.99); Facilities & Amenities (0.98); Room Quality & Comfort (0.96)"
Gonawan Christin,2025,5,staf nya d sini ramah2,KOMPETITOR,Bintang 4,BestWesternKamalaJimbaran-bali,positive,0.9709513783454895,Service Quality,Service Quality (0.98); Staff Conduct & Hospitality (0.97); Guest Experience (0.94)
richof dimas (richof),2020,3,tapi tapi ckup nyaman,KOMPETITOR,Bintang 4,BestWesternKamalaJimbaran-bali,negative,0.8601472973823547,Room Quality & Comfort,"Room Quality & Comfort (0.87); Facilities & Amenities (0.85); Cleanliness, Hygiene & Maintenance (0.79)"
RIVALDI SARAGIH,2022,5,penginapan yang sangat nyaman,KOMPETITOR,Bintang 4,BestWesternKamalaJimbaran-bali,positive,0.9986355900764465,Room Quality & Comfort,Room Quality & Comfort (0.99); Service Quality (0.97); Facilities & Amenities (0.94)
Rusdi Marpaung,2023,4,oke mantap,KOMPETITOR,Bintang 4,BestWesternKamalaJimbaran-bali,positive,0.9985983967781067,"Cleanliness, Hygiene & Maintenance","Cleanliness, Hygiene & Maintenance (0.92); Facilities & Amenities (0.83); Sustainability & Environmental Quality (0.76)"
suradi fathir,2023,5,Mantab lokasi strategis,KOMPETITOR,Bintang 4,BestWesternKamalaJimbaran-bali,positive,0.9991781115531921,Facilities & Amenities,Facilities & Amenities (0.94); Sustainability & Environmental Quality (0.86); Safety & Security (0.84)
Achyaar Achmad,2020,5,sangat nyaman dan pelayanan bagus,KOMPETITOR,Bintang 4,BestWesternKamalaJimbaran-bali,positive,0.999242901802063,Service Quality,Service Quality (0.99); Facilities & Amenities (0.99); Guest Experience (0.98)
Syam Putra,2024,5,kamar bersih dan nyaman,KOMPETITOR,Bintang 4,BestWesternKamalaJimbaran-bali,positive,0.9992526173591614,Room Quality & Comfort,"Room Quality & Comfort (1.00); Cleanliness, Hygiene & Maintenance (0.99); Facilities & Amenities (0.98)"
Andre Leonardo,2023,5,kamar bagus dan bersih,KOMPETITOR,Bintang 4,BestWesternKamalaJimbaran-bali,positive,0.9991984963417053,"Cleanliness, Hygiene & Maintenance","Cleanliness, Hygiene & Maintenance (1.00); Room Quality & Comfort (1.00); Facilities & Amenities (0.99)"
Purwanti,2024,5,view kurang tapi tempat strategis,KOMPETITOR,Bintang 4,BestWesternKamalaJimbaran-bali,positive,0.9582040905952454,Facilities & Amenities,"Facilities & Amenities (0.76); Location, Accessibility & Parking (0.63); Sustainability & Environmental Quality (0.55)"
nasda damis,2022,5,nyaman n tenang,KOMPETITOR,Bintang 4,BestWesternKamalaJimbaran-bali,positive,0.9958036541938782,"Cleanliness, Hygiene & Maintenance","Cleanliness, Hygiene & Maintenance (0.87); Room Quality & Comfort (0.87); Service Quality (0.77)"
budi suniarto,2023,5,nyaman menyenangkan,KOMPETITOR,Bintang 4,BestWesternKamalaJimbaran-bali,positive,0.9983298182487488,Facilities & Amenities,"Facilities & Amenities (0.85); Cleanliness, Hygiene & Maintenance (0.83); Family & Group Friendly (0.82)"
Isnanto Anto,2019,5,sangatlah memuaskan terima kasih,KOMPETITOR,Bintang 4,BestWesternKamalaJimbaran-bali,positive,0.9950920343399048,"Loyalty, Recommendation & Appreciation","Loyalty, Recommendation & Appreciation (0.87); Service Quality (0.78); Cultural & Heritage Experience (0.67)"
syarif arch,2024,5,bagus memulai tenang dan nyaman,KOMPETITOR,Bintang 4,BestWesternKamalaJimbaran-bali,positive,0.9987810254096985,Room Quality & Comfort,Room Quality & Comfort (0.96); Facilities & Amenities (0.87); Sustainability & Environmental Quality (0.84)
James Christian Saputra,2020,4,hotel bersih dan nyaman,KOMPETITOR,Bintang 4,BestWesternKamalaJimbaran-bali,positive,0.9993475079536438,Room Quality & Comfort,"Room Quality & Comfort (0.99); Cleanliness, Hygiene & Maintenance (0.98); Service Quality (0.98)"
Ruslan Rus,2025,5,tempatnya nyaman dan bagus,KOMPETITOR,Bintang 4,BestWesternKamalaJimbaran-bali,positive,0.9993347525596619,Room Quality & Comfort,Room Quality & Comfort (1.00); Facilities & Amenities (0.99); Guest Experience (0.89)
Yoesoef Hasyim,2021,5,kolamnya oke bersih,KOMPETITOR,Bintang 4,BestWesternKamalaJimbaran-bali,positive,0.9969370365142822,Facilities & Amenities,"Facilities & Amenities (0.99); Cleanliness, Hygiene & Maintenance (0.98); Service Quality (0.96)"
londo surabaya,2022,5,sangat bagus indah dan nyaman,KOMPETITOR,Bintang 4,BestWesternKamalaJimbaran-bali,positive,0.998940646648407,Facilities & Amenities,Facilities & Amenities (0.99); Room Quality & Comfort (0.97); Family & Group Friendly (0.90)
Tartono tono,2025,5,bagus,KOMPETITOR,Bintang 4,BestWesternKamalaJimbaran-bali,positive,0.9980923533439636,"Cleanliness, Hygiene & Maintenance","Cleanliness, Hygiene & Maintenance (0.91); Facilities & Amenities (0.89); Sustainability & Environmental Quality (0.82)"
Dewata Innovative,2022,5,hotel yang bagus,KOMPETITOR,Bintang 4,BestWesternKamalaJimbaran-bali,positive,0.9990472197532654,Service Quality,"Service Quality (0.95); Facilities & Amenities (0.92); Cleanliness, Hygiene & Maintenance (0.88)"
ye tia,2023,5,kamar bagus dan nyaman,KOMPETITOR,Bintang 4,BestWesternKamalaJimbaran-bali,positive,0.9993960857391357,Room Quality & Comfort,Room Quality & Comfort (1.00); Facilities & Amenities (0.99); Guest Experience (0.96)
Eka Serly,2021,5,tempat x nyaman pelayanan ramah,KOMPETITOR,Bintang 4,BestWesternKamalaJimbaran-bali,positive,0.9989105463027954,Facilities & Amenities,Facilities & Amenities (0.99); Room Quality & Comfort (0.99); Guest Experience (0.99)
David Tan,2023,4,bagus murah ramah,KOMPETITOR,Bintang 4,BestWesternKamalaJimbaran-bali,positive,0.9976497292518616,Pricing & Value for Money,"Pricing & Value for Money (0.93); Service Efficiency & Responsiveness (0.88); Cleanliness, Hygiene & Maintenance (0.87)"
Erwin Tan,2025,1,ac panas tidak ramah,KOMPETITOR,Bintang 4,BestWesternKamalaJimbaran-bali,negative,0.9992542862892151,Sustainability & Environmental Quality,Sustainability & Environmental Quality (0.52); Management & Policy Issues (0.48); Facilities & Amenities (0.45)
Wahyu Kasmaran,2020,2,nyaman jg lumayan,KOMPETITOR,Bintang 4,BestWesternKamalaJimbaran-bali,positive,0.9981293082237244,Room Quality & Comfort,"Room Quality & Comfort (0.92); Facilities & Amenities (0.89); Cleanliness, Hygiene & Maintenance (0.83)"
Rudy Ariyanto,2023,5,Pelayanan sangat baik dan ramah,KOMPETITOR,Bintang 4,BestWesternKamalaJimbaran-bali,positive,0.996220052242279,Guest Experience,Guest Experience (1.00); Service Quality (1.00); Staff Conduct & Hospitality (0.99)
Siti Maryam,2023,5,memuaskan,KOMPETITOR,Bintang 4,BestWesternKamalaJimbaran-bali,positive,0.9991829991340637,"Cleanliness, Hygiene & Maintenance","Cleanliness, Hygiene & Maintenance (0.94); Facilities & Amenities (0.88); Sustainability & Environmental Quality (0.88)"
Zahraeni Dwi,2024,5,hotel langganan setiap kejimbaran,KOMPETITOR,Bintang 4,BestWesternKamalaJimbaran-bali,positive,0.9957412481307983,"Loyalty, Recommendation & Appreciation","Loyalty, Recommendation & Appreciation (0.86); Booking & Reservation Experience (0.69); Pricing & Value for Money (0.60)"
Ema Jalanmesjid,2019,5,sopan ramah dan tempat berkualitas,KOMPETITOR,Bintang 4,BestWesternKamalaJimbaran-bali,positive,0.9985436201095581,Room Quality & Comfort,"Room Quality & Comfort (1.00); Cleanliness, Hygiene & Maintenance (0.99); Facilities & Amenities (0.98)"
Rr Mantiri,2025,5,Hotel masuk jimbaran bali yang direkomendasikan,KOMPETITOR,Bintang 4,BestWesternKamalaJimbaran-bali,positive,0.9966000914573669,Sustainability & Environmental Quality,"Sustainability & Environmental Quality (0.81); Service Quality (0.77); Cleanliness, Hygiene & Maintenance (0.77)"
Muhammad Nurman,2024,5,Banyak varian dan sangat bersih,KOMPETITOR,Bintang 4,BestWesternKamalaJimbaran-bali,positive,0.9989129304885864,"Cleanliness, Hygiene & Maintenance","Cleanliness, Hygiene & Maintenance (0.85); Sustainability & Environmental Quality (0.83); Religious & Halal Features (0.76)"
Darma Sandi,2024,5,area pecatu yang direkomendasikan,KOMPETITOR,Bintang 4,BestWesternKamalaJimbaran-bali,positive,0.997711181640625,Facilities & Amenities,"Facilities & Amenities (0.87); Safety & Security (0.71); Cleanliness, Hygiene & Maintenance (0.62)"
Warno Treido,2024,5,pokoknya inda makanya banya pengunjung,KOMPETITOR,Bintang 4,BestWesternKamalaJimbaran-bali,positive,0.9982421398162842,Guest Experience,Guest Experience (0.97); Cultural & Heritage Experience (0.49); Sustainability & Environmental Quality (0.49)
Indah Yuliati,2021,5,layanan oke banget,KOMPETITOR,Bintang 4,BestWesternKamalaJimbaran-bali,positive,0.9951171875,Service Quality,Service Quality (1.00); Guest Experience (0.94); Facilities & Amenities (0.90)
neng ziza,2021,4,bintang 4,KOMPETITOR,Bintang 4,BestWesternKamalaJimbaran-bali,positive,0.9806250333786011,"Cleanliness, Hygiene & Maintenance","Cleanliness, Hygiene & Maintenance (0.86); Facilities & Amenities (0.80); Sustainability & Environmental Quality (0.74)"
Persona,2021,5,berkelas,KOMPETITOR,Bintang 4,BestWesternKamalaJimbaran-bali,positive,0.9965062141418457,Facilities & Amenities,"Facilities & Amenities (0.90); Loyalty, Recommendation & Appreciation (0.89); Cleanliness, Hygiene & Maintenance (0.86)"
Sel Fian,2020,5,melihat nya bagus,KOMPETITOR,Bintang 4,BestWesternKamalaJimbaran-bali,positive,0.9857496023178101,Sustainability & Environmental Quality,"Sustainability & Environmental Quality (0.83); Cleanliness, Hygiene & Maintenance (0.82); Cultural & Heritage Experience (0.79)"
Alfred Raymond Hutapea,2021,5,tempat bagus dan strategis,KOMPETITOR,Bintang 4,BestWesternKamalaJimbaran-bali,positive,0.9990822076797485,Facilities & Amenities,Facilities & Amenities (0.99); Room Quality & Comfort (0.98); Ambience & Design (0.93)
Elisa Cindy Claudia Hutapea,2021,4,terbaik,KOMPETITOR,Bintang 4,BestWesternKamalaJimbaran-bali,positive,0.997250497341156,"Cleanliness, Hygiene & Maintenance","Cleanliness, Hygiene & Maintenance (0.94); Facilities & Amenities (0.91); Sustainability & Environmental Quality (0.82)"
Handdy Winantha,2025,1,repsesionis sangat tidak ramah,KOMPETITOR,Bintang 4,BestWesternKamalaJimbaran-bali,negative,0.9994407296180725,Guest Experience,Guest Experience (0.66); Pricing & Value for Money (0.49); Digital Connectivity & Technology (0.48)
Alan Stenly,2021,5,mewah murah meriah,KOMPETITOR,Bintang 4,BestWesternKamalaJimbaran-bali,positive,0.9985546469688416,Pricing & Value for Money,"Pricing & Value for Money (0.94); Facilities & Amenities (0.72); Loyalty, Recommendation & Appreciation (0.50)"
Adya sonny,2021,5,nyaman,KOMPETITOR,Bintang 4,BestWesternKamalaJimbaran-bali,positive,0.9834949374198914,"Cleanliness, Hygiene & Maintenance","Cleanliness, Hygiene & Maintenance (0.72); Sustainability & Environmental Quality (0.65); Guest Experience (0.59)"
16-075 Ach. choirul Umam,2023,5,tempat yang nyaman,KOMPETITOR,Bintang 4,BestWesternKamalaJimbaran-bali,positive,0.9989414811134338,Room Quality & Comfort,Room Quality & Comfort (0.98); Facilities & Amenities (0.94); Guest Experience (0.87)
heri ferdinan,2021,5,nyaman bersih,KOMPETITOR,Bintang 4,BestWesternKamalaJimbaran-bali,positive,0.9983658194541931,"Cleanliness, Hygiene & Maintenance","Cleanliness, Hygiene & Maintenance (0.94); Service Quality (0.92); Room Quality & Comfort (0.91)"
virdy varlucy watdi,2020,5,Pelayanannya oke,KOMPETITOR,Bintang 4,BestWesternKamalaJimbaran-bali,positive,0.9984582662582397,Service Quality,"Service Quality (1.00); Guest Experience (0.98); Cleanliness, Hygiene & Maintenance (0.95)"
Hery Daniel Wang,2020,5,bagus tidak kecewa la,KOMPETITOR,Bintang 4,BestWesternKamalaJimbaran-bali,positive,0.9981811046600342,"Cleanliness, Hygiene & Maintenance","Cleanliness, Hygiene & Maintenance (0.88); Sustainability & Environmental Quality (0.81); Facilities & Amenities (0.80)"
WYN YASA,2023,5,jaga kesehatan sangat penting,KOMPETITOR,Bintang 4,BestWesternKamalaJimbaran-bali,positive,0.9909862875938416,"Cleanliness, Hygiene & Maintenance","Cleanliness, Hygiene & Maintenance (0.97); Sustainability & Environmental Quality (0.87); Loyalty, Recommendation & Appreciation (0.59)"
itok kaswara,2020,5,Tempat bagusnya,KOMPETITOR,Bintang 4,BestWesternKamalaJimbaran-bali,positive,0.9982819557189941,Room Quality & Comfort,Room Quality & Comfort (0.95); Facilities & Amenities (0.95); Sustainability & Environmental Quality (0.86)
FIBER OPTIK,2025,4,jozz pokoknya,KOMPETITOR,Bintang 4,BestWesternKamalaJimbaran-bali,positive,0.997931957244873,"Cleanliness, Hygiene & Maintenance","Cleanliness, Hygiene & Maintenance (0.87); Facilities & Amenities (0.83); Sustainability & Environmental Quality (0.70)"
diya ningsih,2022,5,bagus,KOMPETITOR,Bintang 4,BestWesternKamalaJimbaran-bali,positive,0.9981029033660889,"Cleanliness, Hygiene & Maintenance","Cleanliness, Hygiene & Maintenance (0.91); Facilities & Amenities (0.89); Sustainability & Environmental Quality (0.82)"
Louis Herman,2020,5,tempat sangat strategis,KOMPETITOR,Bintang 4,BestWesternKamalaJimbaran-bali,positive,0.9990383386611938,Facilities & Amenities,Facilities & Amenities (0.95); Safety & Security (0.87); Sustainability & Environmental Quality (0.84)
jondi milet,2020,3,lumayan bisa buat buat bersantai,KOMPETITOR,Bintang 4,BestWesternKamalaJimbaran-bali,positive,0.9952842593193054,Facilities & Amenities,Facilities & Amenities (0.93); Food & Beverage (0.78); Family & Group Friendly (0.78)
Ardian Tan,2020,4,kamar bersih,KOMPETITOR,Bintang 4,BestWesternKamalaJimbaran-bali,positive,0.9989538192749023,Room Quality & Comfort,"Room Quality & Comfort (0.99); Service Quality (0.99); Cleanliness, Hygiene & Maintenance (0.98)"
Guna Parna Motor Rent Motorbike,2022,5,baru dan bersih,KOMPETITOR,Bintang 4,BestWesternKamalaJimbaran-bali,positive,0.9962306618690491,"Cleanliness, Hygiene & Maintenance","Cleanliness, Hygiene & Maintenance (1.00); Sustainability & Environmental Quality (0.96); Service Quality (0.89)"
Haikal Al Blitarian,2020,3,tempat yang nyaman dekat gwk,KOMPETITOR,Bintang 4,BestWesternKamalaJimbaran-bali,positive,0.9994174242019653,Facilities & Amenities,Facilities & Amenities (0.83); Room Quality & Comfort (0.81); Family & Group Friendly (0.77)
junaldi adinata,2021,5,bersih enak,KOMPETITOR,Bintang 4,BestWesternKamalaJimbaran-bali,positive,0.9973196387290955,"Cleanliness, Hygiene & Maintenance","Cleanliness, Hygiene & Maintenance (0.93); Service Quality (0.93); Food & Beverage (0.90)"
Very Wahyudi,2019,4,bersih n saat,KOMPETITOR,Bintang 4,BestWesternKamalaJimbaran-bali,positive,0.9025084972381592,"Cleanliness, Hygiene & Maintenance","Cleanliness, Hygiene & Maintenance (0.99); Sustainability & Environmental Quality (0.94); Service Quality (0.93)"
Linda Rizka,2022,5,tempatnya keren,KOMPETITOR,Bintang 4,BestWesternKamalaJimbaran-bali,positive,0.9992910623550415,Facilities & Amenities,Facilities & Amenities (0.97); Cultural & Heritage Experience (0.92); Room Quality & Comfort (0.92)
wa ready,2019,4,lumayan nyaman,KOMPETITOR,Bintang 4,BestWesternKamalaJimbaran-bali,positive,0.9989961981773376,"Cleanliness, Hygiene & Maintenance","Cleanliness, Hygiene & Maintenance (0.89); Cultural & Heritage Experience (0.77); Family & Group Friendly (0.77)"
Puput Putri,2023,5,baik,KOMPETITOR,Bintang 4,BestWesternKamalaJimbaran-bali,positive,0.997885525226593,"Cleanliness, Hygiene & Maintenance","Cleanliness, Hygiene & Maintenance (0.93); Facilities & Amenities (0.91); Sustainability & Environmental Quality (0.80)"
Rifki Sandi,2021,5,sejauh ini bagus,KOMPETITOR,Bintang 4,BestWesternKamalaJimbaran-bali,positive,0.9977700710296631,"Cleanliness, Hygiene & Maintenance","Cleanliness, Hygiene & Maintenance (0.90); Facilities & Amenities (0.84); Sustainability & Environmental Quality (0.84)"
ali muhsin,2023,5,mantap,KOMPETITOR,Bintang 4,BestWesternKamalaJimbaran-bali,positive,0.9991816878318787,"Cleanliness, Hygiene & Maintenance","Cleanliness, Hygiene & Maintenance (0.93); Facilities & Amenities (0.89); Sustainability & Environmental Quality (0.75)"
Mido Rasa,2023,5,nyaman,KOMPETITOR,Bintang 4,BestWesternKamalaJimbaran-bali,positive,0.9836785197257996,"Cleanliness, Hygiene & Maintenance","Cleanliness, Hygiene & Maintenance (0.72); Sustainability & Environmental Quality (0.65); Guest Experience (0.60)"
Thopan Jehadun,2023,5,bagus,KOMPETITOR,Bintang 4,BestWesternKamalaJimbaran-bali,positive,0.9981029033660889,"Cleanliness, Hygiene & Maintenance","Cleanliness, Hygiene & Maintenance (0.91); Facilities & Amenities (0.89); Sustainability & Environmental Quality (0.82)"
onny sophjan tjahyono,2021,5,bagus,KOMPETITOR,Bintang 4,BestWesternKamalaJimbaran-bali,positive,0.9981029033660889,"Cleanliness, Hygiene & Maintenance","Cleanliness, Hygiene & Maintenance (0.91); Facilities & Amenities (0.90); Sustainability & Environmental Quality (0.82)"
Pradana K. Yudha,2022,5,mantap,KOMPETITOR,Bintang 4,BestWesternKamalaJimbaran-bali,positive,0.9991816878318787,"Cleanliness, Hygiene & Maintenance","Cleanliness, Hygiene & Maintenance (0.93); Facilities & Amenities (0.89); Sustainability & Environmental Quality (0.75)"
helmi,2022,5,bagus,KOMPETITOR,Bintang 4,BestWesternKamalaJimbaran-bali,positive,0.9981029033660889,"Cleanliness, Hygiene & Maintenance","Cleanliness, Hygiene & Maintenance (0.91); Facilities & Amenities (0.90); Sustainability & Environmental Quality (0.82)"
adrian sumardi,2021,4,bersih,KOMPETITOR,Bintang 4,BestWesternKamalaJimbaran-bali,positive,0.9989256262779236,"Cleanliness, Hygiene & Maintenance","Cleanliness, Hygiene & Maintenance (0.96); Service Quality (0.92); Sustainability & Environmental Quality (0.86)"
Agoes Cahyo,2021,5,mentap,KOMPETITOR,Bintang 4,BestWesternKamalaJimbaran-bali,neutral,0.8781191110610962,Facilities & Amenities,"Facilities & Amenities (0.82); Management & Policy Issues (0.72); Cleanliness, Hygiene & Maintenance (0.68)"
Fauzan Rayendra Sakti,2018,5,desain interior berkelas,KOMPETITOR,Bintang 4,BestWesternKamalaJimbaran-bali,positive,0.9992579817771912,Room Quality & Comfort,Room Quality & Comfort (0.94); Ambience & Design (0.89); Family & Group Friendly (0.79)
I Gede Agus Astrawan,2021,5,bagus,KOMPETITOR,Bintang 4,BestWesternKamalaJimbaran-bali,positive,0.9981029033660889,"Cleanliness, Hygiene & Maintenance","Cleanliness, Hygiene & Maintenance (0.91); Facilities & Amenities (0.90); Sustainability & Environmental Quality (0.82)"
CEIN96 _,2021,5,terbaik,KOMPETITOR,Bintang 4,BestWesternKamalaJimbaran-bali,positive,0.9972440004348755,"Cleanliness, Hygiene & Maintenance","Cleanliness, Hygiene & Maintenance (0.94); Facilities & Amenities (0.91); Sustainability & Environmental Quality (0.82)"
CV SURYAJAYA ENGINE,2022,4,bagus,KOMPETITOR,Bintang 4,BestWesternKamalaJimbaran-bali,positive,0.9981029033660889,"Cleanliness, Hygiene & Maintenance","Cleanliness, Hygiene & Maintenance (0.91); Facilities & Amenities (0.90); Sustainability & Environmental Quality (0.82)"
niluhanggitadewi niluhanggitadewi,2020,4,bagus,KOMPETITOR,Bintang 4,BestWesternKamalaJimbaran-bali,positive,0.9981029033660889,"Cleanliness, Hygiene & Maintenance","Cleanliness, Hygiene & Maintenance (0.91); Facilities & Amenities (0.90); Sustainability & Environmental Quality (0.82)"
sugihono saputra,2022,4,nyaman,KOMPETITOR,Bintang 4,BestWesternKamalaJimbaran-bali,positive,0.9836785197257996,"Cleanliness, Hygiene & Maintenance","Cleanliness, Hygiene & Maintenance (0.72); Sustainability & Environmental Quality (0.65); Guest Experience (0.60)"
Irfan irfandani,2021,5,Ah mantap,KOMPETITOR,Bintang 4,BestWesternKamalaJimbaran-bali,positive,0.9986187219619751,"Cleanliness, Hygiene & Maintenance","Cleanliness, Hygiene & Maintenance (0.92); Facilities & Amenities (0.84); Sustainability & Environmental Quality (0.73)"
imaGe Solution,2019,5,bersih,KOMPETITOR,Bintang 4,BestWesternKamalaJimbaran-bali,positive,0.9989256262779236,"Cleanliness, Hygiene & Maintenance","Cleanliness, Hygiene & Maintenance (0.96); Service Quality (0.92); Sustainability & Environmental Quality (0.86)"
andreas aprivianto,2020,4,lumayan enak,KOMPETITOR,Bintang 4,BestWesternKamalaJimbaran-bali,positive,0.9990443587303162,"Cleanliness, Hygiene & Maintenance","Cleanliness, Hygiene & Maintenance (0.90); Food & Beverage (0.86); Sustainability & Environmental Quality (0.82)"
Toto Iswan,2024,5,keren sih,KOMPETITOR,Bintang 4,BestWesternKamalaJimbaran-bali,positive,0.9990874528884888,"Cleanliness, Hygiene & Maintenance","Cleanliness, Hygiene & Maintenance (0.90); Sustainability & Environmental Quality (0.84); Facilities & Amenities (0.84)"
BJL ONE,2021,5,cermat,KOMPETITOR,Bintang 4,BestWesternKamalaJimbaran-bali,positive,0.9992371797561646,"Cleanliness, Hygiene & Maintenance","Cleanliness, Hygiene & Maintenance (0.85); Facilities & Amenities (0.81); Pricing & Value for Money (0.66)"
Sony Artama,2023,5,luar biasa,KOMPETITOR,Bintang 4,BestWesternKamalaJimbaran-bali,positive,0.993762195110321,"Cleanliness, Hygiene & Maintenance","Cleanliness, Hygiene & Maintenance (0.72); Cultural & Heritage Experience (0.72); Sustainability & Environmental Quality (0.71)"
David Wijaya,2021,5,nyaman,KOMPETITOR,Bintang 4,BestWesternKamalaJimbaran-bali,positive,0.9836785197257996,"Cleanliness, Hygiene & Maintenance","Cleanliness, Hygiene & Maintenance (0.72); Sustainability & Environmental Quality (0.65); Guest Experience (0.60)"
Ani Ani,2020,5,enak,KOMPETITOR,Bintang 4,BestWesternKamalaJimbaran-bali,positive,0.9968541264533997,"Cleanliness, Hygiene & Maintenance","Cleanliness, Hygiene & Maintenance (0.91); Food & Beverage (0.88); Facilities & Amenities (0.84)"
M Reza P Rusyandi,2019,5,mantap oke,KOMPETITOR,Bintang 4,BestWesternKamalaJimbaran-bali,positive,0.9989742040634155,"Cleanliness, Hygiene & Maintenance","Cleanliness, Hygiene & Maintenance (0.91); Facilities & Amenities (0.82); Sustainability & Environmental Quality (0.76)"
Nana Wahyuni,2023,5,tempat yang nyaman,KOMPETITOR,Bintang 4,BestWesternKamalaJimbaran-bali,positive,0.9989420771598816,Room Quality & Comfort,Room Quality & Comfort (0.98); Facilities & Amenities (0.94); Guest Experience (0.87)
Mr Ica,2019,5,mantab,KOMPETITOR,Bintang 4,BestWesternKamalaJimbaran-bali,positive,0.9984967708587646,"Cleanliness, Hygiene & Maintenance","Cleanliness, Hygiene & Maintenance (0.98); Facilities & Amenities (0.82); Pricing & Value for Money (0.74)"
Anza WP,2021,5,Kerren abis,KOMPETITOR,Bintang 4,BestWesternKamalaJimbaran-bali,positive,0.9954301118850708,Facilities & Amenities,"Facilities & Amenities (0.88); Cleanliness, Hygiene & Maintenance (0.86); Pricing & Value for Money (0.68)"
Ni Made Rahayu Wulandari,2025,5,menyenangkan,KOMPETITOR,Bintang 4,BestWesternKamalaJimbaran-bali,positive,0.9993436932563782,"Cleanliness, Hygiene & Maintenance","Cleanliness, Hygiene & Maintenance (0.85); Cultural & Heritage Experience (0.83); Sustainability & Environmental Quality (0.78)"
Septiana magie,2019,5,seru bermalam di sini,KOMPETITOR,Bintang 4,BestWesternKamalaJimbaran-bali,positive,0.9940576553344727,Guest Experience,Guest Experience (0.94); Service Quality (0.92); Facilities & Amenities (0.83)
Alvin Renaldy,2020,5,tempatnya enakk,KOMPETITOR,Bintang 4,BestWesternKamalaJimbaran-bali,positive,0.9991590976715088,Facilities & Amenities,"Facilities & Amenities (0.96); Room Quality & Comfort (0.91); Cleanliness, Hygiene & Maintenance (0.79)"
Alvian Alvian,2020,5,penuh kenangan,KOMPETITOR,Bintang 4,BestWesternKamalaJimbaran-bali,positive,0.9968621730804443,Cultural & Heritage Experience,"Cultural & Heritage Experience (0.82); Sustainability & Environmental Quality (0.56); Cleanliness, Hygiene & Maintenance (0.52)"
I Komang Oka Wirawan,2019,5,hotel dan akomodasi,KOMPETITOR,Bintang 4,BestWesternKamalaJimbaran-bali,positive,0.6979745626449585,Facilities & Amenities,Facilities & Amenities (0.99); Staff Conduct & Hospitality (0.66); Booking & Reservation Experience (0.65)
Ferawati Arka,2020,5,Hotel yang bagus,KOMPETITOR,Bintang 4,BestWesternKamalaJimbaran-bali,positive,0.9992639422416687,Service Quality,Service Quality (0.94); Facilities & Amenities (0.94); Sustainability & Environmental Quality (0.90)
Gatal officiall,2019,5,krena mengasikan,KOMPETITOR,Bintang 4,BestWesternKamalaJimbaran-bali,neutral,0.7284955978393555,Pricing & Value for Money,Pricing & Value for Money (0.88); Facilities & Amenities (0.86); Guest Experience (0.82)
Hanifah Pusparini,2023,5,menyenangkan,KOMPETITOR,Bintang 4,BestWesternKamalaJimbaran-bali,positive,0.9993441700935364,"Cleanliness, Hygiene & Maintenance","Cleanliness, Hygiene & Maintenance (0.85); Cultural & Heritage Experience (0.83); Sustainability & Environmental Quality (0.78)"
Wahyu Rafael,2023,5,terimakasih,KOMPETITOR,Bintang 4,BestWesternKamalaJimbaran-bali,positive,0.9949139356613159,"Loyalty, Recommendation & Appreciation","Loyalty, Recommendation & Appreciation (0.86); Cleanliness, Hygiene & Maintenance (0.67); Sustainability & Environmental Quality (0.56)"
Ngurah Juniadi,2019,5,hotel modern,KOMPETITOR,Bintang 4,BestWesternKamalaJimbaran-bali,positive,0.9985063672065735,Facilities & Amenities,"Facilities & Amenities (0.92); Cleanliness, Hygiene & Maintenance (0.86); Ambience & Design (0.82)"
Tapaul Rozi,2022,5,top bangetsz,KOMPETITOR,Bintang 4,BestWesternKamalaJimbaran-bali,positive,0.9975937008857727,"Cleanliness, Hygiene & Maintenance","Cleanliness, Hygiene & Maintenance (0.81); Sustainability & Environmental Quality (0.78); Facilities & Amenities (0.78)"
Viktor Kim,2026,1,Saya memesan hotel ini untuk 5 malam tetapi saya menulis ulasan setelah hanya satu malam untuk mencegah orang lain tertipu oleh peringkat tinggi dan memesan hotel yang menjijikkan ini hotel ini tua dan kamarnya kumuh kotor dan berjamur tetapi yang terburuk adalah kedap suara sama sekali tidak ada Anda akan mendengar semuanya ayam jantan berkokok di luar lalu lintas tetangga di lantai atas langkah kaki dan percakapan di luar pintu lokasi juga mengerikan meskipun ada trotoar berjalan kaki tidak mungkin karena banyaknya mobil dan sepeda motor benar benar tidak mungkin untuk bernapas ini adalah lingkungan lokal sama sekali bukan lingkungan wisata,KOMPETITOR,Bintang 4,BestWesternKamalaJimbaran-bali,negative,0.9993971586227417,Booking & Reservation Experience,Booking & Reservation Experience (0.87); Guest Experience (0.84); Facilities & Amenities (0.83)
ARMANDO HISUAN,2025,5,kamar nyaman fasilitas memadai untuk tamu menyebutkan tempat tidur yang nyaman kamar yang bersih balkon di beberapa kamar dan harga yang terjangkau stafnya ramah dalam banyak kasus layanan yang ramah disebutkan dalam banyak ulasan yang merupakan nilai tambah yang besar lokasinya berpotensi meskipun tidak berada di tepi pantai seperti resor mewah yang langsung berada di atas pasir banyak tamu mengatakan lokasinya cukup strategis untuk berkeliling hal ini memberi Anda fleksibilitas hanya tinggal di resor alih pantai tepi pantai,KOMPETITOR,Bintang 4,BestWesternKamalaJimbaran-bali,positive,0.9992102384567261,Facilities & Amenities,Facilities & Amenities (1.00); Staff Conduct & Hospitality (0.98); Room Quality & Comfort (0.96)
Sanjay,2025,5,kamarnya bersih pelayanannya luar biasa dan sarapannya enak lokasinya strategis untuk menjelajahi uluwatu dan jimbaran serta dekat dengan pantai dan restoran stafnya sangat ramah raymond sang manajer sangat membantu dengan saran restoran dan objek wisata,KOMPETITOR,Bintang 4,BestWesternKamalaJimbaran-bali,positive,0.99953293800354,Service Quality,Service Quality (0.99); Facilities & Amenities (0.99); Room Quality & Comfort (0.98)
Anthony Marijnissen,2025,4,kami memulai perjalanan kami dengan menginap beberapa malam di hotel terbaik baratnya lumayan tidak terlalu mewah tapi juga tidak buruk saya memberi nilai 4 dari 5 sarapannya disajikan dengan baik kolam renangnya bersih dan kamar kamarnya rapi dan nyaman ikuti kami di tiktok untuk tips perjalanan lainnya Anthony Stef,KOMPETITOR,Bintang 4,BestWesternKamalaJimbaran-bali,positive,0.9992942810058594,Facilities & Amenities,Facilities & Amenities (1.00); Service Quality (0.99); Room Quality & Comfort (0.99)
BON PLAN VOYAGEURS,2025,5,Hotel ini berlokasi ideal bagi mereka yang mencari area ramai dengan banyak toko dan restoran harganya terjangkau dan sarapannya sederhana namun memuaskan,KOMPETITOR,Bintang 4,BestWesternKamalaJimbaran-bali,positive,0.9993119239807129,Pricing & Value for Money,Pricing & Value for Money (0.99); Food & Beverage (0.99); Facilities & Amenities (0.96)
Santy Mira Tania,2025,4,Hotel ini berlokasi di tempat yang bagus dan layanan pelanggannya juga baik tapi tidak semua stafnya hebat makanannya lumayan tapi tidak terlalu lezat kami ingin kembali ke hotel ini lagi,KOMPETITOR,Bintang 4,BestWesternKamalaJimbaran-bali,positive,0.990997314453125,Facilities & Amenities,Facilities & Amenities (1.00); Guest Experience (1.00); Service Quality (1.00)
Maximilian Becker,2025,4,pengalaman standar di hotel standar saya menginap di sana selama dua malam dan Anda juga tahu apa yang akan Anda dapatkan jadi hotel ini memenuhi harapan kami bersenang senang makanannya lumayan sarapannya lumayan dan staf sarapannya sangat ramah namun Anda masih bisa merasakan nuansa barat dan itu merusak pengalaman menginap Anda di bali jika Anda mencari gaya hidup bali Anda harus pergi ke tempat lain jika Anda menyukai jaringan hotel barat saya bisa merekomendasikan terbaik barat Kamala laba hotel karena memang untuk itulah hotel ini,KOMPETITOR,Bintang 4,BestWesternKamalaJimbaran-bali,positive,0.7361769080162048,Facilities & Amenities,Facilities & Amenities (0.91); Staff Conduct & Hospitality (0.90); Food & Beverage (0.87)
Adamismasterr_r,2025,5,Saya menikmati liburan saya di Bali di hotel ini lokasinya juga sangat bagus pelayanan karyawan dan suasananya sempurna jika saya kembali ke Bali lagi saya akan memilih hotel ini lagi,KOMPETITOR,Bintang 4,BestWesternKamalaJimbaran-bali,positive,0.9991828799247742,Facilities & Amenities,Facilities & Amenities (1.00); Service Quality (0.99); Service Efficiency & Responsiveness (0.99)
AlejandroSPB,2025,5,hotel yang luar biasa dalam segala hal sarapannya bintang 5 kamarnya luas dan ada balkon saya sangat merekomendasikannya,KOMPETITOR,Bintang 4,BestWesternKamalaJimbaran-bali,positive,0.9992741942405701,Facilities & Amenities,Facilities & Amenities (0.99); Service Quality (0.96); Room Quality & Comfort (0.95)
Luca,2025,5,hotel yang luar biasa saya diberikan semua layanan yang tersedia untuk anggota terbaik internasional barat saya adalah anggota berlian pilih staf yang luar biasa hotel mewah internasional terbaik di bali,KOMPETITOR,Bintang 4,BestWesternKamalaJimbaran-bali,positive,0.9986128807067871,Service Quality,Service Quality (0.97); Facilities & Amenities (0.93); Guest Experience (0.88)
chavez andreas,2025,5,Tempat ini sangat bagus tapi jalannya sangat ramai sehingga agak berbahaya tapi secara keseluruhan hotel ini memiliki fasilitas makan malam sarapan kamar tidur yang sempurna saya harap dapat menginap di sana lagi sebagai informasi hotel ini sangat dekat dengan gwk,KOMPETITOR,Bintang 4,BestWesternKamalaJimbaran-bali,positive,0.9986553192138672,Facilities & Amenities,Facilities & Amenities (1.00); Food & Beverage (0.98); Guest Experience (0.91)
Sabaiii,2025,5,hotel ini melebihi semua harapan sangat nyaman dengan seprai yang sangat bersih dan kamar yang bersih tanpa cela kamarnya luas dan memiliki balkon besar pilihan sarapannya sangat baik staf hotelnya luar biasa benar benar profesional saya berharap bisa kembali lagi,KOMPETITOR,Bintang 4,BestWesternKamalaJimbaran-bali,positive,0.9992796778678894,Service Quality,"Service Quality (1.00); Room Quality & Comfort (1.00); Cleanliness, Hygiene & Maintenance (1.00)"
Kimm Nm,2025,1,melihat kue tersungsung dari balik kulkas mini saya harus membuatnya tidur saya memberi tahu resepsionis ketika saya turun untuk sarapan mereka yang sangat kurang dan dia bersikap seolah-olah tidak mendengar saya meminta untuk tinggal satu hari lagi untuk penerbangan pulang awal darurat dan diberitahu bahwa kamar kami sudah habis terjual hah Anda tidak memberi kesempatan kepada tamu yang sedang menginap dulu saya melihat banyak ulasan buruk di sini sekarang tentang kue saya tidak akan tinggal jika saya melihat komentar komentar itu,KOMPETITOR,Bintang 4,BestWesternKamalaJimbaran-bali,negative,0.9981179237365723,Guest Experience,Guest Experience (0.97); Check in/out Experience (0.92); Booking & Reservation Experience (0.89)
Rxi_ n,2025,5,Pelayanannya bagus sarapannya sangat enak dan lezat kamarnya cukup luas untuk harganya dan saya ingin mengucapkan terima kasih kepada Laura dan bota mereka sangat baik mereka memiliki senyum yang indah yang membuat anda ingin selalu memilikinya dan kami juga akan kembali aku mencintaimu dari ryan,KOMPETITOR,Bintang 4,BestWesternKamalaJimbaran-bali,positive,0.9990191459655762,Facilities & Amenities,Facilities & Amenities (1.00); Guest Experience (1.00); Service Quality (0.99)
Junhao Huang,2025,3,layanan dan kamarnya lumayan cara saja untuk staf tidak dapat berkomunikasi dengan baik sesuai ekspektasi waktu dan saya akhirnya harus bekerja di sekitar waktu saya karena kurangnya komunikasi di pihak mereka diberitahu oleh staf pria jam pijat dimulai pukul 14 00 pergi ke sana pada jam 230 malam keesokan harinya untuk diberitahu oleh staf lain bahwa saya perlu memesan setidaknya satu jam sebelumnya hal ini bisa saja diinformasikan lebih awal pada malam sebelumnya dan pijatannya di bawah standar dan ditampar dengan biaya layanan kejutan sebesar 21 dan lebih baik keluar dari hotel untuk itu,KOMPETITOR,Bintang 4,BestWesternKamalaJimbaran-bali,negative,0.9930839538574219,Facilities & Amenities,Facilities & Amenities (1.00); Service Quality (0.98); Booking & Reservation Experience (0.98)
Ida Ngurah,2025,3,saya menginap di sini hanya 1 malam saat transit ke kota lain di bali staf di depan ramah lobi cukup untuk duduk dan bersantai lokasinya luar biasa dekat dengan taman gwk kamarnya cukup nyaman saya memesan tempat tidur kembar untuk kamar bebas asap rokok karena tempat tidur tunggal tidak tersedia wi nya oke pancuran udara panasnya oke ac nya kurang dingin meskipun suhunya 16 derajat seprai dan mandi bersih mereka menyediakan 2 botol udara 600ml gratis bagian terbaiknya adalah aroma sabun mandinya sangat menyenangkan sarapannya lumayan tidak banyak pilihan tetapi cukup untuk pagi namun kecepatan mereka untuk mengisi ulang makanan cukup lambat saya harus meminta staf untuk sarapannya,KOMPETITOR,Bintang 4,BestWesternKamalaJimbaran-bali,positive,0.9992107152938843,Facilities & Amenities,Facilities & Amenities (1.00); Service Quality (0.99); Staff Conduct & Hospitality (0.98)
G I,2025,5,saya sangat menikmati masa inap saya di sini sulit untuk memastikannya saat memesan kamar secara online karena terkadang hotel terlihat sangat berbeda dengan aslinya dan ulasan yang baik tidak selalu menjadi jaminan namun terbaik Western Kamala hotel di jimbaran ternyata lebih baik dari yang saya harapkan dan saya pun memperpanjang masa inap saya hotelnya terasa berkelas dengan jalan masuk yang mewah lobi dan kamar kamar kamar yang indah foto yang ditampilkan di internet akurat dan bahkan semuanya terlihat sedikit lebih baik di aslinya sesuatu yang jarang terjadi saya disambut oleh staf yang profesional dan sangat ramah dan diantar ke kamar yang luas dan bersih kamarnya dengan pemandangan kota yang indah,KOMPETITOR,Bintang 4,BestWesternKamalaJimbaran-bali,positive,0.9989739656448364,Facilities & Amenities,Facilities & Amenities (0.95); Service Quality (0.73); Guest Experience (0.39)
Иван Антоненко,2025,5,hotel bergaya eropa yang bagus staf resepsionis selalu membantu kamarnya cukup bersih rapi dan bergaya kasurnya nyaman saya mendapat kamar di lantai 6 dengan pemandangan patung wisnu dan garuda ada sedikit suara bising dari jalan tetapi tidak terlalu mengganggu saya menyukai semuanya lokasinya bagus,KOMPETITOR,Bintang 4,BestWesternKamalaJimbaran-bali,positive,0.9994912147521973,Facilities & Amenities,"Facilities & Amenities (0.99); Cleanliness, Hygiene & Maintenance (0.99); Service Quality (0.99)"
Julia,2025,3,agak berisik karena berada di jalan utama sarapannya khas asia hangat dan penyajiannya agak kurang stafnya sedikit tapi membantu hotel ini memiliki garasi parkir bawah tanah yang sangat bagus karena mobil tidak kepanasan ada beberapa restoran dan toko lokal di dekatnya kami dapat melihat dua kamar secara spontan di lokasi pada larut malam dan langsung memesanannya nilainya sepadan dengan harga,KOMPETITOR,Bintang 4,BestWesternKamalaJimbaran-bali,positive,0.9989784955978394,Facilities & Amenities,"Facilities & Amenities (0.99); Service Quality (0.97); Location, Accessibility & Parking (0.97)"
Rav Randhawa,2025,3,Lokasinya strategis saya mampir sebentar untuk beristirahat sebelum berangkat ke bandara dan ini pilihan yang murah dengan harga yang sepadan saya sangat kecewa dengan spa tempat tidurnya yang baru sangat berisik sehingga mengganggu pengalaman relaksasi saya mendapatkan pijat bali selama 60 menit dan perawatannya ternyata tidak 60 menit malah lebih singkat kamarnya penuh nyamuk jadi saya digigit hampir sepanjang perawatan dan terapinya sepertinya saya tidak ingin berada di sana hotelnya bagus tapi saya mungkin akan mencoba spa lain untuk pijat di tempat lain di luar hotel,KOMPETITOR,Bintang 4,BestWesternKamalaJimbaran-bali,negative,0.9967579245567322,Pricing & Value for Money,Pricing & Value for Money (0.99); Facilities & Amenities (0.99); Guest Experience (0.88)
Ray,2025,5,Jika ada yang memilih hotel dengan pelayanan yang baik dan ramah hotel ini salah satu yang terbaik pilihlah harga lokasi semuanya sempurna,KOMPETITOR,Bintang 4,BestWesternKamalaJimbaran-bali,positive,0.9993284940719604,Staff Conduct & Hospitality,Staff Conduct & Hospitality (1.00); Service Efficiency & Responsiveness (1.00); Service Quality (1.00)
Hans Hinterhuber,2025,4,hotel kelas menengah yang bagus tepat di jalan utama uluwatu kamarnya sangat bagus bersih dan berperabot lengkap sarapannya bernuansa asia namun dengan adanya kedai es krim hotel ini juga melayani tamu eropa namun perlu diingat bahwa kebisingan jalan dapat terdengar jelas di dalam kamar disarankan untuk menggunakan penyumbat telinga bagi yang berkulit sensitif,KOMPETITOR,Bintang 4,BestWesternKamalaJimbaran-bali,positive,0.9954894185066223,Facilities & Amenities,"Facilities & Amenities (0.99); Cleanliness, Hygiene & Maintenance (0.91); Service Quality (0.90)"
Saj Singh,2025,5,hotel ini layak mendapatkan 5 bintang secara keseluruhan tapi bukan karena kesalahan hotel jalan utama di luarnya ramai dari pagi sampai larut malam anda tidak dapat mendengarnya dari hotel tetapi berjalan keluar menuju hotel sangat ramai oleh karena itu saya anggota 4 bintang untuk lokasinya namun ini adalah pilihan terbaik di daerah ini sarapan pagi sungguh luar biasa dengan banyaknya variasi yang ditawarkan dan anda dapat menikmatinya sepuasnya jadi sangat terjangkau kami menginap di lantai 6 dan jika anda memilih sisi yang tepat anda akan disambut oleh pemandangan selatan yang luas anda dapat melihat hingga pantai kuta kolam renangnya juga sangat bersih tangan gratis di resepsionis,KOMPETITOR,Bintang 4,BestWesternKamalaJimbaran-bali,positive,0.9994000196456909,Facilities & Amenities,Facilities & Amenities (0.86); Service Quality (0.83); Pricing & Value for Money (0.76)
Mr D Man,2025,4,hotel tampak bagus dan nilai bagus untuk harga ac kamar kurang dingin semprotan toilet bocor dan juga berisik sekali dari jalan utama terdengar semuanya mengecewakan juga anda menawarkan balkon dengan pemandangan indah namun tidak menyediakan meja dan kursi di balkon untuk duduk dan bersantai jadi itu hanya ruang terbuang yang tidak digunakan siapa pun selain itu jangan izinkan parkir bus depan di luar hotel pada malam hari karena menghalangi pintu masuk dan papan petunjuk serta berbahaya untuk keluar karena tidak terlihat lalu lintas yang datang apakah anda lebih mengutamakan bus daripada keselamatan tamu,KOMPETITOR,Bintang 4,BestWesternKamalaJimbaran-bali,negative,0.9966176152229309,Pricing & Value for Money,"Pricing & Value for Money (1.00); Facilities & Amenities (0.99); Location, Accessibility & Parking (0.99)"
Ciskek Bronis,2025,3,ac nya panas saya naikkan ke 16 tapi rasanya seperti 23 pancuran airnya tidak gerimis hanya satu aliran udara resepsionisnya kurang ramah tidak ada senyum atau sapaan sarapannya sangat terbatas dan kurang enak dengan harga yang sama anda bisa mendapatkan hotel yang lebih baik di bali,KOMPETITOR,Bintang 4,BestWesternKamalaJimbaran-bali,negative,0.985444962978363,Pricing & Value for Money,Pricing & Value for Money (0.93); Guest Experience (0.92); Facilities & Amenities (0.91)
natasha trohina,2025,5,hotel yang sangat bagus prasmanan sarapan yang luar biasa kamar kamar yang luas dan nyaman pembersihan harian staf yang ramah kami pasti akan kembali,KOMPETITOR,Bintang 4,BestWesternKamalaJimbaran-bali,positive,0.9991275668144226,Facilities & Amenities,Facilities & Amenities (1.00); Staff Conduct & Hospitality (0.99); Service Quality (0.99)
Melani SW,2026,5,nyaman dan hanya memiliki pengalaman positif di sini,KOMPETITOR,Bintang 4,BestWesternKamalaJimbaran-bali,positive,0.8964144587516785,Facilities & Amenities,Facilities & Amenities (0.94); Room Quality & Comfort (0.93); Service Quality (0.91)
Saskia Schiefner,2025,2,kami membayar setara dengan 100 untuk dua malam dan hotel ini jelas tidak sepadan 1 terlalu berisik karena jendelanya tidak kedap suara 2 kamarnya berbau apak 3 lantainya kotor sekali anda tidak bisa berjalan tanpa alas kaki tanpa kaki hitam 4 makanannya sangat berminyak dan rasanya sama sekali tidak enak untuk harga 5 ada kue di kamar dengan harga dan bintang seperti itu apa pun bentuknya saya berharap sesuatu yang berbeda,KOMPETITOR,Bintang 4,BestWesternKamalaJimbaran-bali,negative,0.9969075322151184,Pricing & Value for Money,Pricing & Value for Money (0.92); Facilities & Amenities (0.87); Food & Beverage (0.60)
Camille,2025,5,kami menginap selama seminggu dan pengalamannya sangat nyaman kamar dan seprai sangat bersih tidak ada jamur di kamar mandi atau bau aneh ada layanan kebersihan setiap hari resepsionis dan staf sangat membantu dan akomodatif mereka memiliki toko kopi kecil di lantai bawah secara keseluruhan pengalaman yang sangat menyenangkan untuk momen perjalanan tips dan rekomendasi asia lainnya ikuti perjalanan saya di instagram soma salva dan tiktok waktu travelfairy,KOMPETITOR,Bintang 4,BestWesternKamalaJimbaran-bali,positive,0.9992013573646545,"Cleanliness, Hygiene & Maintenance","Cleanliness, Hygiene & Maintenance (1.00); Facilities & Amenities (1.00); Service Quality (0.99)"
Sihu,2025,4,kamarnya cukup bagus untuk mendapatkan pancuran untuk menyalakan dan mengubah suhu rusak dan kepala pancurannya kurang bagus tapi itu satu masalah lain yang kami alami di sana lokasinya juga cukup berisik karena berada di pinggir jalan besar tapi secara keseluruhan tempat ini nyaman untuk menginap,KOMPETITOR,Bintang 4,BestWesternKamalaJimbaran-bali,positive,0.9798913598060608,Facilities & Amenities,"Facilities & Amenities (0.99); Location, Accessibility & Parking (0.87); Room Quality & Comfort (0.86)"
Rick T,2025,4,jika menginap di bali selatan hotel ini terletak di tengah tengah sehingga anda dapat menjangkau daerah mana pun dalam radius 8 kilometer kamar kamarnya luas dan nyaman bahkan kolam renangnya pun cukup bagus sarapan prasmanannya sangat beragam yang cukup mengejutkan secara keseluruhan saya memberi nilai hotel ini 4 3 5 sangat direkomendasikan untuk daerah ini,KOMPETITOR,Bintang 4,BestWesternKamalaJimbaran-bali,positive,0.9995606541633606,Room Quality & Comfort,Room Quality & Comfort (0.99); Facilities & Amenities (0.99); Family & Group Friendly (0.85)
Adinda Windy,2025,5,senang sekali menginap di best western kamala jimbaran kamarnya bersih dan luas meskipun kedap suaranya kurang baik kami bukan orang yang mudah terbangun jadi itu bukan masalah stafnya ramah dan membantu menu sarapannya lumayan dengan banyak pilihan salam untuk staf yang memastikan semuanya berjalan lancar bahkan ketika rombongan cek masuk sedang ramai saat kami datang menginap dan seluruh pengalamannya sepadan dengan harga yang kami bayar,KOMPETITOR,Bintang 4,BestWesternKamalaJimbaran-bali,positive,0.9990252256393433,Staff Conduct & Hospitality,Staff Conduct & Hospitality (1.00); Service Efficiency & Responsiveness (0.99); Service Quality (0.99)
Eduardo Rotama,2025,1,menginap di sini semalam tapi sayangnya kebersihannya buruk saat saya tiba di kamar ada kue kecil lewat di tempat tidur mereka menawarkan saya untuk pindah ke kamar tapi kemudian di kamar baru ada kue kecil lain lewat di kamar mandi namun ukuran kamarnya bagus semoga mereka bisa meningkatkan kualitas kebersihannya,KOMPETITOR,Bintang 4,BestWesternKamalaJimbaran-bali,negative,0.7328736186027527,Guest Experience,Guest Experience (0.74); Service Quality (0.62); Check in/out Experience (0.59)
Анастасия Валиахметова,2025,5,ini hotel yang bagus dengan harga terjangkau untuk daerah ini sempurna jika anda bepergian dengan sepeda lokasinya di pulau tengah dan mudah diakses dari mana saja kamarnya nyaman dan bersih dan sarapannya lengkap tempat yang luar biasa,KOMPETITOR,Bintang 4,BestWesternKamalaJimbaran-bali,positive,0.9995299577713013,Pricing & Value for Money,Pricing & Value for Money (1.00); Facilities & Amenities (1.00); Room Quality & Comfort (0.99)
Mikita Lalwani,2025,4,hotel ramah anggaran dengan layanan prima stafnya sangat ramah dan penuh perhatian sehingga membuat pengalaman menginap menyenangkan lokasi hotel sangat menguntungkan bagi mereka yang tertarik menjelajahi klub klub lokal karena beberapa tempat populer berada di dekatnya kecuali yang berada di seminyak hal ini menjadikannya tempat yang nyaman untuk menikmati kehidupan malam yang semarak sambil tetap nyaman sesuai anggaran Anda,KOMPETITOR,Bintang 4,BestWesternKamalaJimbaran-bali,positive,0.9991434812545776,Staff Conduct & Hospitality,Staff Conduct & Hospitality (1.00); Service Quality (1.00); Service Efficiency & Responsiveness (1.00)
Alina Barth,2025,3,Air di toilet terus mengalir yang terutama terasa di malam hari suara suara dari luar juga terdengar seperti anjing dan ayam jantan udara tidak mengalir di satu titik di kamar mandi TV pintar juga akan bagus selain itu kamarnya sangat bersih dan perabotannya bagus namun saya tidak akan menginap di sana lagi pilihan sarapannya cukup beragam,KOMPETITOR,Bintang 4,BestWesternKamalaJimbaran-bali,positive,0.6504244208335876,Facilities & Amenities,"Facilities & Amenities (1.00); Cleanliness, Hygiene & Maintenance (0.98); Service Quality (0.97)"
Sharon Prasad,2025,4,Pelayanannya sangat baik saya sangat menikmati masa saya di hotel ini bernilai setiap sen,KOMPETITOR,Bintang 4,BestWesternKamalaJimbaran-bali,positive,0.9984525442123413,Service Quality,Service Quality (1.00); Guest Experience (1.00); Pricing & Value for Money (0.99)
Melissa Breuer,2025,5,kami menikmati masa inap yang sangat menyenangkan di best western kamala hotel kamar halaman hotel dan kolam renangnya sangat bersih stafnya sangat sopan dan membantu sarapannya lengkap dan bervariasi dengan menu khusus harian termasuk buah segar dan omelet lokasinya sangat ramai kami dengan senang hati merekomendasikan hotel ini,KOMPETITOR,Bintang 4,BestWesternKamalaJimbaran-bali,positive,0.999542236328125,"Cleanliness, Hygiene & Maintenance","Cleanliness, Hygiene & Maintenance (0.99); Facilities & Amenities (0.99); Staff Conduct & Hospitality (0.99)"
Ilayda Bilgin,2025,1,pengalaman menginap yang buruk obat penyelamat jiwa hilang pelayanan buruk kondisi kamar yang tidak layak saya tinggal di hotel ini selama tiga malam dan meskipun secara umum pengalaman menginapnya baik saja ada sesuatu yang sangat mengganggu saya tidak pernah membayangkan ada orang yang akan mengambil obat saya saya saya mengandalkan obat penyelamat jiwa yang harus saya minum setiap hari dan selama menginap saya menemukan setengah botolnya hilang ini sangat meresahkan saya segera menelepon saya resepsionis dan mereka bilang saya akan berbicara dengan layanan kamar tetapi karena petugas kebersihan sudah turun kesehar saya harus menunggu kabar terbaru dengan resal dan cemas saya untuk berbicara langsung dengan resepsionis saya menjelaskan bahwa,KOMPETITOR,Bintang 4,BestWesternKamalaJimbaran-bali,negative,0.9992650151252747,Guest Experience,Guest Experience (0.70); Check in/out Experience (0.49); Facilities & Amenities (0.42)
Tan Giok Ann,2024,5,hotelnya indah stafnya sangat ramah dan membantu mereka semua penuh perhatian dan bersedia mengobrol serta tertawa bersama kamarnya sangat bersih luas dan tertata rapi pemandangan belakangnya sangat tenang tidak ada suara dari kamar lain layanan tata graha sangat baik dan bersedia mengakomodasi semua kebutuhan kami layanan kamar cepat dan makanannya enak internetnya juga kencang saya pasti akan kembali terima kasih atas pengalaman menginap yang menyenangkan,KOMPETITOR,Bintang 4,BestWesternKamalaJimbaran-bali,positive,0.9994068145751953,Service Efficiency & Responsiveness,"Service Efficiency & Responsiveness (1.00); Cleanliness, Hygiene & Maintenance (1.00); Facilities & Amenities (1.00)"
Ömer Ünaldı,2025,5,pintu masuk hotel dan kamar kamarnya bersih dan rapi kamar mandinya bagus kamarnya luas kami menginap selama 2 malam letaknya sangat dekat dengan taman gwk anda bisa berjalan kaki ke sana harga untuk 2 orang 2 malam 2415 tl 71 usd,KOMPETITOR,Bintang 4,BestWesternKamalaJimbaran-bali,positive,0.999313235282898,"Cleanliness, Hygiene & Maintenance","Cleanliness, Hygiene & Maintenance (1.00); Facilities & Amenities (0.99); Service Quality (0.98)"
Akbar Maharsha P,2024,4,kamarnya sangat bersih dan luas staf dan pelayanannya ramah ada kolam renang yang bagus kekurangannya ketika kamar minta dibersihkan sprei tidak diganti bukankah itu standar lalu kedap suara kamarnya kurang jadi suara orang berjalan dan mengobrol di lorong hotel sangat terdengar tapi secara keseluruhan dengan harga segitu sangat oke dan direkomendasikan,KOMPETITOR,Bintang 4,BestWesternKamalaJimbaran-bali,positive,0.9980247020721436,Facilities & Amenities,"Facilities & Amenities (1.00); Staff Conduct & Hospitality (0.99); Cleanliness, Hygiene & Maintenance (0.99)"
Tim Elliott,2024,1,hotelnya bersih dan cukup luas dan kolam renangnya bagus ac nya juga sangat bagus meskipun anda dilarang menyalakannya saat meninggalkan kamar konyol ada beberapa masalah serius dengan layanannya mereka meninggalkan dua botol air kecil di kamar anda per hari yang bisa dengan mudah dihabiskan oleh satu orang sebelum sarapan lalu mereka menolak untuk memberikannya lagi mereka menagih anda untuk membeli lebih banyak botol air dari restoran layak di lantai bawah air kerannya tidak minum jadi mereka tidak tahu bahwa manusia membutuhkan banyak udara setiap hari untuk bertahan hidup,KOMPETITOR,Bintang 4,BestWesternKamalaJimbaran-bali,negative,0.990410566329956,Facilities & Amenities,Facilities & Amenities (1.00); Guest Experience (0.89); Service Quality (0.83)
Valeriya Greyskop,2024,4,kamarnya nyaman dan cukup luas seprai dan perlengkapan kamar mandi dalam kondisi baik staf hotel ramah kemarin saat sarapan seorang karyawan hotel datang ke saya untuk menanyakan apakah saya puas dengan semuanya dan saya menyampaikan bahwa akan lebih baik jika ada lebih banyak pilihan vegan untuk sarapan hasilnya keesokan harinya sarapannya hanya terdiri dari 4 hidangan vegan bukan 2 pemandangan kamar yang sangat indah di pagi hari pemandangan gunung berapi dan pegunungan terlihat jelas saya mengurangi satu bintang untuk kebersihan kamar saat saya memeriksa masuk lantai kamar dan balkon kotor meskipun setelah dibersihkan keesokan harinya semuanya baik saja ayam jantan memang berkokok seperti yang,KOMPETITOR,Bintang 4,BestWesternKamalaJimbaran-bali,positive,0.9944684505462646,Staff Conduct & Hospitality,Staff Conduct & Hospitality (0.99); Facilities & Amenities (0.99); Room Quality & Comfort (0.95)
Tanisha Karthik,2025,5,sangat menikmati masa inap kami di tempat ini lokasinya tidak hanya di daerah yang sangat bagus tapi stafnya juga sopan dan membantu kami bahkan mendapat peningkatan kamar karena harus menunggu memeriksa masuk pemandangan dari kamar juga sangat indah,KOMPETITOR,Bintang 4,BestWesternKamalaJimbaran-bali,positive,0.999116837978363,Staff Conduct & Hospitality,Staff Conduct & Hospitality (1.00); Facilities & Amenities (0.99); Service Efficiency & Responsiveness (0.99)
Daphnie Lie,2025,2,kelebihan tempat parkir yang luas staf yang ramah dan respon yang cepat kekurangan insulasi suara kurang benar benar setipis kertas suara dari kamar sebelah terdengar jelas dalam definisi tinggi bahkan suara pengering rambut pun terdengar jelas koneksi internet lambat kurang bersih untuk ukuran hotel bintang 4 yang pernah saya inapi ada bekas luka kuku di kamar mandi dan banyak partikel kecil di lantai telepon di kamar tidak berfungsi kami harus menghubungi pihak hotel melalui ponsel,KOMPETITOR,Bintang 4,BestWesternKamalaJimbaran-bali,negative,0.9904836416244507,Service Efficiency & Responsiveness,Service Efficiency & Responsiveness (0.97); Facilities & Amenities (0.94); Service Quality (0.91)
jati riyadi,2025,5,minggu lalu saya melakukan perjalanan bisnis ke Bali dan saya memilih hotel ini karena dekat dengan tempat pertemuan secara keseluruhan sangat puas karena kamarnya besar dan bersih sarapannya enak dan stafnya ramah sangat direkomendasikan,KOMPETITOR,Bintang 4,BestWesternKamalaJimbaran-bali,positive,0.9994725584983826,Room Quality & Comfort,Room Quality & Comfort (0.99); Service Quality (0.98); Facilities & Amenities (0.98)
Ryan Cartwright,2025,5,Saya menginap di sini 4 sampai 5 kali setahun saat berkunjung ke bali stafnya sangat sopan dan akomodatif terhadap segala permintaan kamar selalu bersih dan dibersihkan setiap hari tempat tidurnya sangat nyaman dan anak saya suka kolam renang besar di tengah hotel tidak pernah mengecewakan terima kasih kepada stafnya dan sampai jumpa di perjalanan saya berikutnya,KOMPETITOR,Bintang 4,BestWesternKamalaJimbaran-bali,positive,0.9993519186973572,Staff Conduct & Hospitality,Staff Conduct & Hospitality (1.00); Service Efficiency & Responsiveness (0.99); Facilities & Amenities (0.99)
Ratna Indirani,2025,5,pengalaman menginap yang luar biasa di best western kamala jimbaran semuanya sangat lancar mulai dari cek masuk perpanjangan sampai cek keluar ketika saya lupa memperpanjang masa inap staf membantu saya memperpanjangnya tanpa perlu pindah ke kamar lain,KOMPETITOR,Bintang 4,BestWesternKamalaJimbaran-bali,positive,0.9980363249778748,Check in/out Experience,Check in/out Experience (1.00); Guest Experience (0.99); Service Efficiency & Responsiveness (0.97)
SL Koh,2025,5,staf yang ramah dan membantu di bagian resepsi ini sarapan dan tata graha sarapannya bervariasi karena koki selalu menghadirkan menu baru setiap hari berjalan kaki 10 menit dan Anda akan tiba di trotoar jimbaran tempat makanannya murah dan lezat tempat menginap yang tepat jika Anda berada di daerah jimbaran,KOMPETITOR,Bintang 4,BestWesternKamalaJimbaran-bali,positive,0.9993663430213928,Staff Conduct & Hospitality,Staff Conduct & Hospitality (1.00); Facilities & Amenities (1.00); Food & Beverage (1.00)
Mihriban Kara,2025,4,hotelnya sangat bagus dan bersih stafnya ramah banyak tempat parkir gratis dan banyak toko di seberang jalan tips kami pesan kamar di ujung dengan balkon ayam tetangga pasti akan membangunkan anda jadi mungkin sebaiknya pilih kamar tanpa balkon di tengah depan jika anda ingin tidur lebih lama dari jam 6 pagi,KOMPETITOR,Bintang 4,BestWesternKamalaJimbaran-bali,positive,0.9987934827804565,Facilities & Amenities,"Facilities & Amenities (1.00); Location, Accessibility & Parking (0.99); Booking & Reservation Experience (0.99)"
troy arrington,2025,2,Astaga bantal saya baunya sangat menyengat badannya bau sekali atau menjijikkan sudah dua kali diganti tapi tetap saja baunya menyengat tidak bisa tidur bahkan harus menutupi bantal dengan tangan sayang sekali padahal hotelnya bagus pemandangannya bagus dan lokasinya dekat rumah tadinya mau pulang dan bawa bantal saya agar bisa tidur bicara kalian harus mencuci seluruh bantal sesekali jangan hanya sarungnya saja karena tidak dapat diterima bahkan hotel bintang satu pun punya bau menyengat seperti itu ih menjijikkan,KOMPETITOR,Bintang 4,BestWesternKamalaJimbaran-bali,negative,0.9967016577720642,Facilities & Amenities,"Facilities & Amenities (0.67); Ambience & Design (0.50); Location, Accessibility & Parking (0.45)"
Igor Bajan,2025,5,staf hotel sangat ramah makanannya sangat lezat semua bagian hotel sangat bersih hotelnya lengkap kering dan beraroma harum dari hotel akses jalan singkat ke taman nasional gwk pantai melasti pantai jimbaran dan pantai kuta ini adalah hotel terbaik yang pernah saya gunakan di bali saya memberi hotel ini bintang enam dari lima,KOMPETITOR,Bintang 4,BestWesternKamalaJimbaran-bali,positive,0.999440610408783,Service Quality,Service Quality (0.99); Facilities & Amenities (0.99); Staff Conduct & Hospitality (0.99)
A. West,2023,3,hotel ini dekat dengan masjid dan jalan yang sangat ramai lupa tidur nyenyak jika telinga anda sensitif kolam renangnya dingin karena tidak terkena sinar matahari saat ini sama seperti kamar kami kami menginap di bulan Agustus akibatnya kami merasa lembap di kamar tangan kami juga tidak tersedia di tepi kolam renang kebersiaan sangat buruk dan toilet dudukan seharusnya sudah diganti sejak lama secara keseluruhan harganya terjangkau dan tidak ada keluhan lain menginap tidak lebih dari satu atau dua malam sebelum menemukan hotel yang lebih baik,KOMPETITOR,Bintang 4,BestWesternKamalaJimbaran-bali,positive,0.9909911155700684,Pricing & Value for Money,Pricing & Value for Money (0.99); Facilities & Amenities (0.98); Service Quality (0.89)
Lorenzo M,2025,4,hotelnya berlokasi strategis dengan pesona yang indah udara minum disediakan setiap hari stafnya ramah sangat bersih dengan sarapan yang lezat satu lagi kekurangannya empat ayam jantan ini berteriak siang dan malam saya belum pernah melihat ini makan Kfc,KOMPETITOR,Bintang 4,BestWesternKamalaJimbaran-bali,positive,0.9932504892349243,Facilities & Amenities,Facilities & Amenities (1.00); Service Quality (0.99); Staff Conduct & Hospitality (0.99)
Max Kirkman,2025,2,terlalu sering terjadi pemadaman listrik hari ini kami mengalami 3 kali pemadaman listrik padahal baru siang kemarin juga mengalami 3 kali pemadaman listrik generator langsung menyala ac menyala cepat wifi dan kabel tv membutuhkan waktu lama untuk menyala kembali terkadang 1 jam ac tidak bertenaga membutuhkan waktu 30 menit hingga 1 jam untuk mendinginkan ruangan saat Anda masuk makanannya biasa saja mie dan nasinya kering dan rasanya kurang khas sekali lagi mereka tidak memiliki burger daging sapi mereka memiliki sandwich ayam dan rasanya lumayan roti burgernya agak kebesaran tapi itu bukan keluhan itu lebih ke komentar penyajian hidangan tapi soal hidangan nasi ayamnya,KOMPETITOR,Bintang 4,BestWesternKamalaJimbaran-bali,negative,0.9785938262939453,Digital Connectivity & Technology,Digital Connectivity & Technology (0.98); Food & Beverage (0.97); Facilities & Amenities (0.89)
Jonathan Wapelhorst,2024,3,Lingkungannya tidak terlalu bagus tapi lokasinya di uluwatu warungnya bagus tepat di depan semuanya sangat bersih dan kolam renangnya bagus satu lagi kekurangannya adalah pengalaman buruk dengan spa kami menelepon 3 kali sebelumnya untuk memastikan ketersediaan pijat untuk 2 orang mereka bilang ya dan kami harus datang sekarang untuk pijat akhirnya kami menunggu selama 30 menit terapis pijat datang dan berkata beberapa menit lagi saja berbohong klien mereka meminta 60 menit lagi dan mereka setuju sehingga mengacaukan waktu kami dan mereka akan membuat kami menunggu lebih dari 1 jam ini merusak rencana kami dan pihak hotel tidak melakukan apa pun sangat tidak profesional,KOMPETITOR,Bintang 4,BestWesternKamalaJimbaran-bali,negative,0.8512617945671082,Facilities & Amenities,Facilities & Amenities (0.97); Check in/out Experience (0.88); Service Quality (0.87)
Adam O'Mahony,2024,1,tidak sesuai standar terbaik barat pada umumnya pengalaman yang mengerikan ini adalah hotel paling menjijikkan yang kami alami dalam dua bulan perjalanan memesan kamar double bebas rokok dan saya diberi pilihan kamar double bebas rokok atau kamar twin bebas rokok sangat tidak adil tidak ada yang dibersihkan kami memesan kamar twin dan harus meminta untuk dibersihkan karena ada noda kari dan noda udara yang jelas tidak dicuci Anda dapat melihat di foto tangan untuk kolam renang sepertinya juga belum pernah dicuci lihat juga foto terakhir hal terburuknya adalah kami bangun karena serangga kecil merayap di wajah kami kami menginap di kamar 632 di lantai 6,KOMPETITOR,Bintang 4,BestWesternKamalaJimbaran-bali,negative,0.9989268183708191,Booking & Reservation Experience,Booking & Reservation Experience (0.98); Guest Experience (0.96); Facilities & Amenities (0.96)
Alisha,2023,4,pengalaman menginap yang sangat menyenangkan dengan staf yang ramah dan penuh perhatian kamarnya luas dengan kamar mandi yang luas area kolam renang yang indah tetapi perlu lebih banyak kursi berjemur lalu lintas di luar hotel bisa sangat padat sepanjang hari siang atau malam secara keseluruhan pengalaman menginap yang sangat menyenangkan,KOMPETITOR,Bintang 4,BestWesternKamalaJimbaran-bali,positive,0.9982749223709106,Staff Conduct & Hospitality,Staff Conduct & Hospitality (1.00); Facilities & Amenities (1.00); Service Quality (1.00)
Christian Garcia,2025,5,hotel bersih dengan staf yang sangat ramah sarapan prasmanan lebih ditujukan untuk wisatawan asia tapi pilihan barat juga tersedia lokasinya sangat strategis tepat di pusat uluwatu dengan semuanya dapat dicapai dengan berjalan kaki 25 30 menit satu kekurangannya adalah jalan utama yang mudah ramai,KOMPETITOR,Bintang 4,BestWesternKamalaJimbaran-bali,positive,0.9990076422691345,Service Quality,Service Quality (0.84); Staff Conduct & Hospitality (0.79); Facilities & Amenities (0.79)
Kelsey Pearce,2024,5,hotelnya cantik kamarnya sangat bersih dan lengkap kulkas mini ketel ac dan juga pilihan untuk memesan layanan kamar kolam renangnya besar dan bersih dan makanan juga tersedia di restoran utama stafnya sangat perhatian dan hotelnya sangat terjangkau,KOMPETITOR,Bintang 4,BestWesternKamalaJimbaran-bali,positive,0.9995600581169128,Facilities & Amenities,"Facilities & Amenities (1.00); Cleanliness, Hygiene & Maintenance (0.98); Service Quality (0.96)"
Kolegaev Alexey,2025,3,oh mari kita mulai pertama kali saya ingin mengatakan bahwa stafnya ramah dan benar-benar berusaha menyelesaikan beberapa masalah tetapi sangat kurang kedap suara dari satu sisi kamar Anda dapat mendengar ayam jantan berkokok di jalan dari sisi lain moped datang di jalan utama jika Anda orang yang sensitif terhadap tidur maka lupa tidur nyenyak di hotel ini internet praktis tidak ada kecepatan 100 300kb adalah kecepatan maksimum yang akan Anda dapatkan staf mencoba menyelesaikan masalah ini pada akhirnya mereka tidak dapat melakukan apa pun jika Anda memiliki pekerjaan yang berhubungan dengan internet segera mencari tempat lain ayam sarapan semacam ini paket untuk makan siang atau orang yang memulai hari mereka dengan sayap,KOMPETITOR,Bintang 4,BestWesternKamalaJimbaran-bali,negative,0.9490582346916199,Staff Conduct & Hospitality,Staff Conduct & Hospitality (0.90); Service Quality (0.76); Guest Experience (0.74)
Madame Tell,2024,5,Pelayanannya luar biasa bravo untuk semua staf hotel yang ramah lokasinya luar biasa di jalan utama uluwatu dan 10 menit jalan kaki ke trotoar mall kamar tamu perlu direnovasi dengan gaya yang lebih modern,KOMPETITOR,Bintang 4,BestWesternKamalaJimbaran-bali,positive,0.998027503490448,Staff Conduct & Hospitality,Staff Conduct & Hospitality (0.98); Service Quality (0.98); Facilities & Amenities (0.97)
José Antonio Rubio Lorca,2024,5,semuanya luar biasa kamarnya luas dan tempat tidur modernnya besar dan nyaman kamar mandinya luas dan staf modernnya sangat ramah untuk sarapan variasinya banyak satu yang lain yang ingin saya tingkatkan adalah kualitas hidangan penutupnya,KOMPETITOR,Bintang 4,BestWesternKamalaJimbaran-bali,positive,0.9993122816085815,Facilities & Amenities,Facilities & Amenities (1.00); Service Quality (0.99); Room Quality & Comfort (0.99)
Mar Tin,2025,5,kami menginap di kamar di lantai 6 semuanya sangat bersih tempat tidurnya sangat nyaman dan TV nya juga dilengkapi saluran HBO dengan film bagus berbahasa inggris secara keseluruhan kami menikmati masa inap yang menyenangkan dengan staf yang sangat ramah,KOMPETITOR,Bintang 4,BestWesternKamalaJimbaran-bali,positive,0.9992551207542419,Facilities & Amenities,"Facilities & Amenities (1.00); Service Quality (0.99); Cleanliness, Hygiene & Maintenance (0.98)"
Kunal Sood,2025,5,Hotel ini sangat terjangkau dan terletak di jalan utama Uluwatu Keunggulannya adalah layanan tersianya 24 jam sehari 7 hari seminggu dan berjarak kurang dari 50 meter semuanya bersih dan stafnya sangat ramah kamarnya bagus dan cukup luas untuk pasangan,KOMPETITOR,Bintang 4,BestWesternKamalaJimbaran-bali,positive,0.9995552897453308,Service Quality,Service Quality (1.00); Service Efficiency & Responsiveness (1.00); Facilities & Amenities (1.00)
Amanda Leon,2024,1,masalah terbesarnya adalah musik keras yang mulai diputar minggu pagi pukul 8 pagi dan tidak berhenti sampai kita memeriksa keluar sangat tidak sopan mereka tidak mengecilkan musik setelah kami menghubungi resepsionis intinya mereka hanya menyuruh kami untuk mengatasi kebisingan mereka tidak menawarkan perubahan kamar atau apa pun kami tidak bisa tidur nyenyak kamar juga tidak dilengkapi tangan risiko ditanggung sendiri,KOMPETITOR,Bintang 4,BestWesternKamalaJimbaran-bali,negative,0.9992141723632812,Check in/out Experience,Check in/out Experience (0.99); Guest Experience (0.96); Complaint Handling & Service Recovery (0.82)
Naomi Whitney,2023,5,sejujurnya hotelnya bagus terawat dengan sangat baik bersih dll kami bersenang senang satu hal yang perlu diperhatikan kami memasang tanda jangan diganggu dan kami pun pergi saat kami hendak pergi ada staf yang bertanya apakah kami ingin kamar kami dibersihkan kami menolak dan dia mengerti ketika kami kembali kamar kami sudah diisi ulang air handuk dll hal ini belum pernah terjadi di hotel lain dnd artinya jangan diketuk jangan masuk agak kesal karena tanda tersebut tidak pernah diabaikan di hotel lain staf perlu dilatih,KOMPETITOR,Bintang 4,BestWesternKamalaJimbaran-bali,positive,0.9598996043205261,Service Quality,"Service Quality (0.99); Cleanliness, Hygiene & Maintenance (0.98); Guest Experience (0.90)"
Adiii,2024,1,pengalaman saya sangat buruk saya memesan kamar merokok 2 bulan sebelumnya dan sudah mengkonfirmasi saya 3 kali tapi ketika saya tiba di sana mereka mengatakan kamar sudah penuh dan mereka tidak bisa mengembalikan uang saya meskipun itu kesalahan mereka dan kemudian kamarnya buruk pancuran bocor kloset toilet rusak dan ac tidak berfungsi telepon kamar juga tidak berfungsi dan ketika saya memberi tahu mereka tentang itu mereka mengatakan itu karena mereka kekurangan staf tanpa permintaan maaf sekali lagi hotel seperti apa ini,KOMPETITOR,Bintang 4,BestWesternKamalaJimbaran-bali,negative,0.9992658495903015,Facilities & Amenities,Facilities & Amenities (0.96); Booking & Reservation Experience (0.95); Check in/out Experience (0.82)
Fida C,2025,5,Tempat menginap yang tepat jika anda sedang dalam perjalanan bisnis atau liburan anda bisa meminta kamar di bagian belakang lebih jauh dari jalan utama jika anda menginginkan tempat yang lebih tenang hotel ini mudah diakses dan terletak di jimbaran lokasi yang strategis antara ulu dan bandara,KOMPETITOR,Bintang 4,BestWesternKamalaJimbaran-bali,positive,0.9988958835601807,Facilities & Amenities,"Facilities & Amenities (0.69); Location, Accessibility & Parking (0.64); Service Efficiency & Responsiveness (0.50)"
Sonia Morenolg,2025,5,kami sangat menyukai keramahan staf hotel kami tidak sengaja membuat kesalahan tanggal reservasi dan resepsionis segera menyelesaikan masalah tersebut memberikan solusi yang tepat bagian terbaiknya adalah sarapan prasmanan yang menurut kami luar biasa banyak pilihan hidangan yang berbeda semuanya lezat koki mendampingi kami menjelaskan berbagai hidangan dan sangat ramah pengalaman kami sangat menyenangkan,KOMPETITOR,Bintang 4,BestWesternKamalaJimbaran-bali,positive,0.9988827109336853,Staff Conduct & Hospitality,Staff Conduct & Hospitality (1.00); Guest Experience (1.00); Booking & Reservation Experience (1.00)
Jesika Rumenda,2025,4,harga sepadan dengan kualitasnya kamar deluxe yang bersih dan luas terletak di jalan utama jimbaran uluwatu sehingga cukup mudah untuk berkeliling jimbaran dan uluwatu dari sini stafnya sangat membantu mereka menyediakan tempat parkir untuk sekitar 10 12 mobil namun ac di kamar saya perlu sedikit perawatan secara keseluruhan pengalaman menginap yang menyenangkan,KOMPETITOR,Bintang 4,BestWesternKamalaJimbaran-bali,positive,0.9987590312957764,Pricing & Value for Money,Pricing & Value for Money (0.99); Guest Experience (0.99); Facilities & Amenities (0.99)
A M,2025,3,kamarnya cukup rapi tapi agak berisik kedap suaranya buruk suara sepeda dan orang lain yang berbicara terdengar jelas sepanjang waktu bawalah penyumbat telinga jika anda mudah terbangun,KOMPETITOR,Bintang 4,BestWesternKamalaJimbaran-bali,negative,0.9920471906661987,Facilities & Amenities,"Facilities & Amenities (0.97); Service Quality (0.84); Cleanliness, Hygiene & Maintenance (0.73)"
Shane,2025,5,nilai uang yang anda keluarkan di sini tidak tertandingi kami merayakan ulang tahun pernikahan dan mereka memberi kami kue di kamar saat kedatangan terima kasih untuk itu kamarnya indah dan stafnya luar biasa,KOMPETITOR,Bintang 4,BestWesternKamalaJimbaran-bali,positive,0.9989198446273804,Service Quality,Service Quality (1.00); Guest Experience (1.00); Pricing & Value for Money (0.99)
Анна Смоляк,2024,1,ini hotel terburuk di bali pipa ledengnya jebol balkonnya runtuh dan mereka memaksa kami membayar mengancam akan memanggil polisi semua orang merokok di kamar di lantai tiga sulit bernapas mereka menulis tagihan 300 untuk memperbaiki balkon mereka yang rusak di selembar kertas dengan pensil ayam jantan berkokok dari jam 3 pagi penduduk setempat berteriak teriak dan minum minum di kamar sampai jam 3 pagi ada satu kilogram debu di bawah tempat tidur jangan pernah ke sini lagi,KOMPETITOR,Bintang 4,BestWesternKamalaJimbaran-bali,negative,0.9994407296180725,Food & Beverage,Food & Beverage (0.82); Pricing & Value for Money (0.77); Guest Experience (0.75)
Fernanda Enzelina,2025,5,Salah satu hotel sempurna di daerah jimbaran harga terjangkau dengan pemandangan indah dari balkon dan juga dekat dengan pantai yang indah semua staf ramah dan terima kasih telah mengakui saya sebagai anggota terbaik berlian barat pilih saya sangat menikmati semua manfaat dan fasilitasnya semoga suatu hari nanti bisa menginap di sini lagi,KOMPETITOR,Bintang 4,BestWesternKamalaJimbaran-bali,positive,0.9994745850563049,Staff Conduct & Hospitality,"Staff Conduct & Hospitality (1.00); Facilities & Amenities (1.00); Loyalty, Recommendation & Appreciation (0.99)"
felix saputra,2025,2,Lokasinya strategis dekat dengan kebutuhan bisnis seprai dan tempat tidur kurang bersih ada noda di mana mana mana saat check masuk pintunya terbuka dan banyak kamar yang seperti itu malam pertama ada yang mencoba masuk ke kamar yang memiliki akses untungnya pintunya saya kunci ganda lampu lorong perlu lebih banyak langit langit yang rendah seharusnya lebih terang,KOMPETITOR,Bintang 4,BestWesternKamalaJimbaran-bali,negative,0.8009694814682007,Facilities & Amenities,Facilities & Amenities (0.99); Check in/out Experience (0.87); Service Quality (0.84)
Balou on Tour,2024,5,hotelnya sangat bagus kami menginap dengan sangat menyenangkan stafnya ramah dan pijatnya enak lokasinya sangat sentral dan anda bisa pergi ke mana mana mana dengan mudah menggunakan skuter kolam renangnya indah tapi selalu teduh jadi kami hanya menggunakannya sekali kami harus mengganti skuter kami dengan yang lebih kecil di hari kedua kami bahkan tidak bisa mendaki bukit dengan baik dengan skuter itu,KOMPETITOR,Bintang 4,BestWesternKamalaJimbaran-bali,positive,0.7969852685928345,Facilities & Amenities,Facilities & Amenities (1.00); Service Efficiency & Responsiveness (0.99); Staff Conduct & Hospitality (0.99)
Chindy Heryadi,2025,4,kamarnya sangat nyaman layanan dan sarapannya sangat baik tempat tidur dan seprai sangat hangat semuanya sangat bagus dekat dengan nusa dua dan uluwatu,KOMPETITOR,Bintang 4,BestWesternKamalaJimbaran-bali,positive,0.9994031190872192,Facilities & Amenities,Facilities & Amenities (1.00); Room Quality & Comfort (1.00); Guest Experience (0.99)
Anwar Rahman,2025,5,ini adalah hotel yang sangat bagus untuk menginap saya menikmati makanan dan kamar yang nyaman di sini balkonnya bagus untuk menghirup udara segar di pagi hari di bali,KOMPETITOR,Bintang 4,BestWesternKamalaJimbaran-bali,positive,0.9992721676826477,Facilities & Amenities,Facilities & Amenities (1.00); Room Quality & Comfort (0.99); Guest Experience (0.96)
Nurul Amun,2024,1,1 lebih cocok disebut terburuk barat 2 kamar kotor teras kurang bersih lantai kamar kotor 3 kamar mandi kotor bagian pembuangan sampah 4 seprai banyak noda kotor 5 pintu tidak bisa dikunci saya cek masuk malam hari dan mengeluh pintu tidak bisa dikunci lalu jawab maaf malam ini tidak ada kunci pintu dulu ya besok pagi baru dibetulkan maaf bagaimana saya bisa tidur nyenyak jika tidak ada kunci kamar apakah ini standar hotel terbaik barat 6 waktu masuk ada kue hehehe mungkin menginap di sini bonus kue 7 pintu penghubung dengan kamar sebelah juga tidak bisa dikunci 8 saya sudah dan lewat pesan perjalanan ada tambahan sudah,KOMPETITOR,Bintang 4,BestWesternKamalaJimbaran-bali,negative,0.9985823631286621,Check in/out Experience,Check in/out Experience (0.73); Guest Experience (0.54); Facilities & Amenities (0.51)
Earl Gabriel,2023,5,kamarnya luas dan bersih 2 botol udara disediakan tapi ketika saya meminta udara lagi mereka menolaknya saya terpaksa memesan udara di gojek layanan kamar juga tidak tersedia sebelum pukul 11.00 selain itu hotel ini berada di lokasi yang bagus dan ditata dengan sangat baik,KOMPETITOR,Bintang 4,BestWesternKamalaJimbaran-bali,positive,0.9802595973014832,Facilities & Amenities,"Facilities & Amenities (0.99); Service Quality (0.99); Cleanliness, Hygiene & Maintenance (0.98)"
Egikganz 23,2024,5,staf yang ramah kamar bersih dan rapi kamar tidur juga terasa segar saat kami cek masuk tangan hewan dan dekorasi bunga sangat menyambut kedatangan kami sederhana namun pengalaman yang tak terlupakan,KOMPETITOR,Bintang 4,BestWesternKamalaJimbaran-bali,positive,0.9988369345664978,"Cleanliness, Hygiene & Maintenance","Cleanliness, Hygiene & Maintenance (1.00); Facilities & Amenities (1.00); Guest Experience (1.00)"
Tomi Satryatomo,2023,5,nilai yang luar biasa untuk lokasi layanan dan kualitas kamarnya proses cek masuk cepat dan lancar kamar bersih dan cukup luas sebuah restoran tradisional indonesia terletak tepat di seberang hotel sangat direkomendasikan,KOMPETITOR,Bintang 4,BestWesternKamalaJimbaran-bali,positive,0.9992966651916504,Facilities & Amenities,Facilities & Amenities (1.00); Service Quality (1.00); Service Efficiency & Responsiveness (1.00)
Marilyn Hand,2024,4,bagus resepsionis putu ramah dan membantu punya sentuhan pribadi karena ia mengingat saya dari kunjungan terakhir saya di bulan Maret pelayan rina ramah dan memberikan pelayanan yang baik makan siang dan makan malam di restoran lebih baik daripada sarapan umpan balik dapat membuat ruangan lebih kedap suara terima kasih,KOMPETITOR,Bintang 4,BestWesternKamalaJimbaran-bali,positive,0.9987167119979858,Guest Experience,Guest Experience (1.00); Staff Conduct & Hospitality (0.99); Service Quality (0.99)
Olivia,2024,5,lokasi bagus pelayanan bagus kamar perlu ditingkatkan terutama perlengkapan mandi handuknya perlu diganti pintu balkon perlu diberi insulasi untuk meredam kebisingan dari jalan,KOMPETITOR,Bintang 4,BestWesternKamalaJimbaran-bali,positive,0.9955084323883057,Facilities & Amenities,"Facilities & Amenities (1.00); Service Quality (0.99); Cleanliness, Hygiene & Maintenance (0.99)"
Muhammad Ali,2024,5,hotelnya luar biasa saya sangat menikmati masa inap saya stafnya sangat ramah terlatih dengan baik dan kooperatif terhadap para tamu sarapannya sangat beragam saya pasti akan kembali lagi,KOMPETITOR,Bintang 4,BestWesternKamalaJimbaran-bali,positive,0.9992828965187073,Service Quality,Service Quality (0.99); Staff Conduct & Hospitality (0.98); Guest Experience (0.97)
sami laouirine,2025,2,hotelnya cukup bagus bersih dan lebih profesional daripada hotel liburan koridornya sangat bising di malam hari sehingga kami tidak bisa beristirahat setelah beraktivitas sehari-hari,KOMPETITOR,Bintang 4,BestWesternKamalaJimbaran-bali,negative,0.7774879932403564,Facilities & Amenities,"Facilities & Amenities (0.98); Service Quality (0.98); Cleanliness, Hygiene & Maintenance (0.98)"
Ignacio Errea,2025,5,kami mengalami beberapa masalah dengan reservasi kami dan stafnya dapat menangani dan menyelesaikannya terima kasih atas hal ini kamarnya sangat bagus dan kolam renang serta area lobinya indah 100 direkomendasikan,KOMPETITOR,Bintang 4,BestWesternKamalaJimbaran-bali,positive,0.9991762042045593,Booking & Reservation Experience,Booking & Reservation Experience (1.00); Facilities & Amenities (1.00); Guest Experience (1.00)
Harri Kangur,2024,2,hotel dan kamarnya sendiri tampak bagus tapi pintu balkon yang tipis tidak menghalangi kebisingan lalu lintas yang mengerikan dari jalan utama di sebelahnya jalan utama di bali penuh dengan suara sepeda motor yang berisik setiap beberapa detik tujuan utama sebuah akomodasi adalah menyediakan tempat tidur membangun hotel di sebelah jalan utama dan tidak mengisolasiinya dari kebisingan adalah keputusan yang sangat bodoh,KOMPETITOR,Bintang 4,BestWesternKamalaJimbaran-bali,negative,0.9948791265487671,Facilities & Amenities,Facilities & Amenities (0.99); Ambience & Design (0.76); Guest Experience (0.52)
Highlight Travel,2024,2,kamarnya lumayan bagus tapi pelayanannya kurang baik saya tidak ingin membantu menurunkan koper dari mobil meskipun ada staf pria di depan yang hanya menatapnya lokasinya sangat buruk karena macet parah keluar dari mobil sangat sulit karena tidak ada staf hotel yang membantu saya keluar ke jalan intinya pelayanan staf di depan sangat buruk,KOMPETITOR,Bintang 4,BestWesternKamalaJimbaran-bali,negative,0.998160183429718,"Location, Accessibility & Parking","Location, Accessibility & Parking (0.97); Guest Experience (0.96); Facilities & Amenities (0.92)"
Wenaldy Pangestu,2025,4,terletak tepat di sebelah jalan utama sehingga lalu lintas selalu padat kamar mandi dan toilet perlu lebih dirawat tetapi selain itu kamar bersih dan rapi,KOMPETITOR,Bintang 4,BestWesternKamalaJimbaran-bali,positive,0.9989230036735535,"Cleanliness, Hygiene & Maintenance","Cleanliness, Hygiene & Maintenance (0.98); Facilities & Amenities (0.96); Service Quality (0.88)"
Yanelis Gonzalez,2025,4,hotel ini berlokasi strategis untuk berkeliling pulau kamar kamarnya luas tapi kebersiaan perlu ditingkatkan secara signifikan staf layanannya ramah dan membantu tetapi kurang profesional,KOMPETITOR,Bintang 4,BestWesternKamalaJimbaran-bali,negative,0.6427980661392212,Staff Conduct & Hospitality,Staff Conduct & Hospitality (0.99); Facilities & Amenities (0.98); Guest Experience (0.95)
Andi Zakiah Safitri,2025,1,Saya meminta untuk memperpanjang satu malam tapi resepsi menjual kamar tidur saya tanpa konfirmasi dari saya,KOMPETITOR,Bintang 4,BestWesternKamalaJimbaran-bali,negative,0.9732481837272644,Guest Experience,Guest Experience (0.99); Booking & Reservation Experience (0.86); Personalized & Special Services (0.75)
Olga Petrova,2021,3,hotelnya bagus harga dan kualitasnya sepadan kami menginap hampir sebulan stafnya sangat ramah namun ada beberapa kesan yang kurang menyenangkan 1 kualitas kebersannya kurang memuaskan sudut sudutnya berdebu ada sarang laba laba ada lapisan debu tebal di bawah tempat tidur pasir berjatuhan dari pakaian saya dan tidak ada yang membersihkannya 2 kolam renang kurang bersih dalam gelap di bawah cahaya lampu Anda bisa melihat banyaknya kotoran yang mengambang di sana 3 restorannya adalah titik terlemahannya sangat monoton jika Anda hanya mengunjungi restoran ketika tidak ada pelanggan Anda harus menunggu lebih dari 30 menit untuk pesanan Anda setengah dari menu Anda hilang saat sarapan,KOMPETITOR,Bintang 4,BestWesternKamalaJimbaran-bali,negative,0.9415680766105652,Facilities & Amenities,Facilities & Amenities (0.91); Pricing & Value for Money (0.73); Staff Conduct & Hospitality (0.50)
Grigorii,2025,4,kamarnya bagus tapi saya tidak menemukan cara mematikan lampu di balkon lokasinya jelas di tempat tidur tidak ada yang dekat dengan tempat itu mungkin hanya taman hiburan kolam renangnya tutup,KOMPETITOR,Bintang 4,BestWesternKamalaJimbaran-bali,positive,0.6264716982841492,Facilities & Amenities,Facilities & Amenities (0.95); Service Quality (0.80); Guest Experience (0.79)
Adji M. Akmal,2023,5,kamar bersih luas dengan balkon menawarkan pemandangan bukit yang indah terutama di pagi hari saya harus mengurangi 1 bintang karena masalah pada sakelar mandi sudah dilaporkan saat masalah terjadi tetapi seharusnya sudah diperbaiki oleh staf sebelum memberikan kamar kepada tamu secara keseluruhan saya sangat menikmati masa inap saya di sini pasti akan kembali dalam waktu dekat dibutuhkan 1 bintang kembali diberikan untuk layanan staf yang luar biasa membantu saya membawa barang yang saya lupa ambil saat cek keluar,KOMPETITOR,Bintang 4,BestWesternKamalaJimbaran-bali,positive,0.997840166091919,Service Quality,Service Quality (0.98); Guest Experience (0.88); Facilities & Amenities (0.82)
Alexander Liandres,2024,5,Saya hanya bisa mengatakan hal hal baik tentang hotel ini saya terutama ingin memuji stafnya semua orang selalu bersemangat membantu putu seorang wanita muda yang sangat ramah di bagian resepsionis selalu berhasil menemukan solusi yang tepat untuk setiap permintaan baik itu tentang skuter mengubah reservasi menyimpan barang barang saya atau mengatur keberangkatan malam saya malam ini selalu ada untuk saya sebuah akungan jempol dan rekomendasi yang jelas dari saya,KOMPETITOR,Bintang 4,BestWesternKamalaJimbaran-bali,positive,0.9985117316246033,Staff Conduct & Hospitality,"Staff Conduct & Hospitality (1.00); Facilities & Amenities (0.99); Loyalty, Recommendation & Appreciation (0.99)"
Trie M Indrianty,2023,5,menginap 4 malam di sini dan sungguh luar biasa kamarnya besar dan bersih menurut saya harganya jauh lebih murah daripada kamar yang saya dapatkan mungkin karena promosi atau entahlah dan sangat sepadan dan ada restoran lokal dekat hotel,KOMPETITOR,Bintang 4,BestWesternKamalaJimbaran-bali,positive,0.9980158805847168,Pricing & Value for Money,Pricing & Value for Money (0.99); Facilities & Amenities (0.98); Service Quality (0.95)
Yessica Yanuar,2020,4,kamar bersih dan luas pengalaman cek masuk saya menyenangkan di sini hotel ini sangat dekat dengan gwk jadi anda hanya perlu berjalan kaki beberapa menit saja lokasinya cukup strategis dekat dengan kafe dan tempat makan meskipun anda masih belum bisa berkendara kekurangannya adalah fasilitasnya hanya kolam renang dan biasanya macet di depan hotel karena dekat persimpangan secara keseluruhan saya menikmati menginap 2 malam di sini oh ya jika anda ingin pijat tapi tidak ingin terjebak macet anda bisa mencoba spa di hotel ini promosi bagus dan pijatnya juga enak sangat nyaman tinggal turun tangga dan pesan saya waktu anda,KOMPETITOR,Bintang 4,BestWesternKamalaJimbaran-bali,positive,0.9993906021118164,Facilities & Amenities,Facilities & Amenities (0.99); Check in/out Experience (0.98); Service Quality (0.95)
Bastien,2024,4,hotel yang bagus untuk liburan singkat di bali selatan kamar bersih dan mendapat upgrade gratis kolam renangnya juga bagus sarapannya bisa ditingkatkan pilihannya sangat mendasar,KOMPETITOR,Bintang 4,BestWesternKamalaJimbaran-bali,positive,0.9993257522583008,Facilities & Amenities,Facilities & Amenities (1.00); Service Quality (1.00); Room Quality & Comfort (0.99)
Anindita Pramesti,2023,5,Untuk harga hotel ini benar benar sepadan bantal dan tempat tidurnya luar biasa saya tidur nyenyak semua orang sopan dan membantu banyak tempat makan dan pasar minim di dekat hotel saya menikmati masa inap saya di sini sebagai tamu,KOMPETITOR,Bintang 4,BestWesternKamalaJimbaran-bali,positive,0.9992703795433044,Facilities & Amenities,Facilities & Amenities (1.00); Pricing & Value for Money (1.00); Staff Conduct & Hospitality (0.99)
Wira TPT,2025,5,kamarnya bagus bersih makanannya juga enak bukan hanya makanan murah biasa makanannya ada rasanya perlu sedikit perbaikan pada sarapan prasmanan beberapa makanan kurang rasa makanan barat berbeda dengan makanan ala carte yang mereka buat,KOMPETITOR,Bintang 4,BestWesternKamalaJimbaran-bali,positive,0.991786777973175,Facilities & Amenities,"Facilities & Amenities (0.96); Cleanliness, Hygiene & Maintenance (0.95); Service Quality (0.78)"
Dio,2022,4,Tidak terlalu banyak layanan atau fasilitas selama saya menginap di sini spa dekat sarapannya juga bukan prasmanan jadi agak mahal dibandingkan yang lain tetapi makanan baratnya enak ada kolam renang di dalamnya kamarnya juga bagus tetapi saat musim berangin suara jendelanya mengganggu variasi kamarnya tidak banyak jadi masih lebih baik daripada yang terbaik barat yang menyediakan lebih banyak variasi seperti kolam renang pribadi,KOMPETITOR,Bintang 4,BestWesternKamalaJimbaran-bali,positive,0.9922562837600708,Service Quality,Service Quality (0.79); Facilities & Amenities (0.78); Pricing & Value for Money (0.72)
Yanti Soenarto,2022,4,hotel ini dinilai sangat bernilai fasilitas kamarnya lengkap untuk hotel bintang 3 termasuk pengering rambut dan brankas yang perlu diperhatikan adalah dari area parkir yang akses publiknya gratis kami bisa langsung masuk kamar tanpa perlu cek masuk,KOMPETITOR,Bintang 4,BestWesternKamalaJimbaran-bali,positive,0.9987971782684326,Facilities & Amenities,"Facilities & Amenities (1.00); Location, Accessibility & Parking (0.99); Service Quality (0.98)"
Ariesta Arma,2024,5,pilihan terbaik di jimbaran lokasi fasilitas dan harga kamarnya bagus tempat tidurnya nyaman sangat bersih stafnya ramah dekat dengan hampir semua tempat wisata yang ingin anda kunjungi di jimbaran makanannya lezat dan harga terjangkau pelayanannya juga baik dan ramah tempat menginap yang sangat direkomendasikan,KOMPETITOR,Bintang 4,BestWesternKamalaJimbaran-bali,positive,0.9994646906852722,Facilities & Amenities,"Facilities & Amenities (1.00); Pricing & Value for Money (1.00); Cleanliness, Hygiene & Maintenance (1.00)"
Kamila Hrubá,2025,3,ya ampun hotelnya bersih kamarnya standar banget stafnya ramah banget tapi sarapannya kami sudah sering bepergian tapi hotel seperti ini saya rasa bukan cuma tempat makan turis tiongkok ya apa ada pilihan untuk memasak telur dll yang bertingkah sangat kasar sampai kehilangan selera makan saya mengerti bisnis tetaplah bisnis saya menyedihkan,KOMPETITOR,Bintang 4,BestWesternKamalaJimbaran-bali,negative,0.9966322779655457,Guest Experience,Guest Experience (0.90); Facilities & Amenities (0.89); Staff Conduct & Hospitality (0.81)
Haubert Yauwenas,2019,3,Saya pergi ke sana untuk menghadiri pernikahan saudara perempuan saya hotelnya sangat bagus dan mewah kami memiliki spa pribadi dan kolam renang infinity layanan 7 10 agak berdebu fasilitas 7 10 sesuai dengan harga yang Anda berikan akses mudah bagi penyandang disabilitas sarapan 7 10 pilihan yang beragam tidak ada yang istimewa suasana 7 10 tempat yang nyaman untuk beristirahat di malam hari sangat tenang banyak bus wisata,KOMPETITOR,Bintang 4,BestWesternKamalaJimbaran-bali,positive,0.9978844523429871,Facilities & Amenities,Facilities & Amenities (0.99); Service Quality (0.93); Pricing & Value for Money (0.78)
Johnny Albert Mozes Rantung,2024,5,Saya senang menginap di sini stafnya perhatian membantu kamarnya bagus dan saya mendapatkan pemandangan terbaik dan saya pasti akan kembali lagi sangat direkomendasikan terima kasih untuk mba rina atas pelayanannya yang luar biasa dia membantu saya membawakan menu layanan kamar tadi malam karena kode qr tidak tersedia di tv saya sangat menghargainya terima kasih bw kamala jimbaran atas keramahannya,KOMPETITOR,Bintang 4,BestWesternKamalaJimbaran-bali,positive,0.9989413619041443,Service Quality,Service Quality (0.99); Staff Conduct & Hospitality (0.99); Guest Experience (0.99)
Sherly S,2019,1,stafnya sangat ramah kamarnya bersih sarapannya lumayan namun dindingnya sangat tipis saya bisa mendengar apa yang sedang dilakukan tamu di sebelah benar benar mendengar semuanya untungnya ketika saya mendengar hiburan gratis dari kamar sebelah anak anak sudah tidur bisa mendengar orang orang mengobrol di koridor suara ayam dan anjing di pagi hari jika Anda ingin tidur nyenyak ini bukan hotel yang saya rekomendasikan,KOMPETITOR,Bintang 4,BestWesternKamalaJimbaran-bali,positive,0.7188903093338013,Facilities & Amenities,Facilities & Amenities (0.80); Staff Conduct & Hospitality (0.79); Service Quality (0.78)
Kris Eleven Nuari Marpaung,2019,4,pertama saya suka dekorasi lobinya saya menginap di kamar eksekutif deluxe dengan pemandangan kolam renang kamarnya indah sayangnya kamar saya tidak memiliki bak mandi sarapannya lebih dari cukup tapi saya beri nilai 6 5 untuk nasi gorengnya karena nasi gorengnya kurang segar dan rasanya biasa saja saya paling suka jus mangga dan jeruknya maaf saya tidak mengingatnya tapi teman saya yang mengingatnya makanya saya tidak mengunggah fotoonya,KOMPETITOR,Bintang 4,BestWesternKamalaJimbaran-bali,positive,0.9987789988517761,Facilities & Amenities,Facilities & Amenities (0.90); Ambience & Design (0.85); Service Quality (0.84)
Annette De wet,2024,4,kami tiba setelah tengah malam sesuai rencana kamar kami panas tanpa ac mereka memindahkan kami kemudian di kamar baru pancurannya tidak berfungsi petunjuk cara mencapai resepsionis sangat tidak jelas tertera di kartu di dinding saya harus ke sana dari lantai 6 dua kali harus meminta bantuan seorang pria muda yang sangat ramah untuk memperbaikinya kami tidur pukul 2:30 pagi mereka memberi kami voucher sarapan harap periksa kamar Anda sebelum tamu datang,KOMPETITOR,Bintang 4,BestWesternKamalaJimbaran-bali,negative,0.9965996146202087,Guest Experience,Guest Experience (0.69); Service Quality (0.63); Check in/out Experience (0.52)
Helena Mcshane,2024,5,pertama kali menginap di best western dan sangat menyenangkan pelayanannya sangat baik untuk pegawainya sangat ramah sarapannya lezat lobi dan kolam renangnya nyaman saya suka minibarnya pasti akan memilih hotel ini lagi,KOMPETITOR,Bintang 4,BestWesternKamalaJimbaran-bali,positive,0.9994623064994812,Service Quality,Service Quality (1.00); Facilities & Amenities (0.99); Food & Beverage (0.99)
Dady M,2024,5,kamar dan fasilitasnya bagus begitu pula layanan terbaik dari tim fo terima kasih dan apresiasi atas perhatiannya saran tambahan untuk staf fnb mungkin lebih memperhatikan adonan dan tekstur croissant dan sosis juga perlu pilihan lain omelet keju saya rasa sebaiknya dicampur dengan telur tapi kentang tumisnya enak,KOMPETITOR,Bintang 4,BestWesternKamalaJimbaran-bali,positive,0.9992390871047974,Facilities & Amenities,"Facilities & Amenities (1.00); Service Quality (1.00); Loyalty, Recommendation & Appreciation (1.00)"
Joanne Wagiran,2020,5,kami menggunakan ruang rapat mereka dan memesan paket rapat setengah hari termasuk istirahat kopi dan makan siang makanannya luar biasa jauh melebihi harapan kami sangat senang dan puas dengan pelayanan mereka juga tempat yang bagus orang orang yang hebat makanan yang enak rating 5 bintang untuk mereka,KOMPETITOR,Bintang 4,BestWesternKamalaJimbaran-bali,positive,0.999090313911438,Service Quality,Service Quality (0.99); Booking & Reservation Experience (0.98); Facilities & Amenities (0.98)
Marc Laborbe,2025,5,sudah lima tahun saya menginap di sini dan saya masih terkesan dengan nilai uang yang dikeluarkan hotel ini lokasi yang sempurna,KOMPETITOR,Bintang 4,BestWesternKamalaJimbaran-bali,positive,0.9945658445358276,Pricing & Value for Money,Pricing & Value for Money (0.98); Service Quality (0.95); Guest Experience (0.85)
Adrian Panata,2025,5,kamarnya sangat luas dan layak satu masalah lainnya adalah lantainya agak berminyak tapi bukan masalah besar secara keseluruhan harganya sangat terjangkau,KOMPETITOR,Bintang 4,BestWesternKamalaJimbaran-bali,positive,0.998515784740448,Pricing & Value for Money,Pricing & Value for Money (0.99); Facilities & Amenities (0.98); Room Quality & Comfort (0.85)
Sahrul Joko Prayogi,2025,4,hotelnya bagus saya tidak tahu apakah teman saya telah menghubungi hotel untuk merayakan ulang tahun saya lebih awal hotel dapat menyediakannya kamarnya juga bagus tetapi kamar mandinya terlihat menakutkan tetapi secara keseluruhan hotelnya terlihat terlalu tua tetapi saya tidak tahu apakah konsepnya atau hotelnya Anda perawatannya rendah layanan saat sarapan seperti di restoran cepat saji tidak seperti di hotel mungkin hotel dapat menambah lebih banyak staf untuk memberikan pengalaman yang tidak terlupakan saya percaya bahwa hotel ini bisa menjadi lebih baik,KOMPETITOR,Bintang 4,BestWesternKamalaJimbaran-bali,positive,0.8612458109855652,Facilities & Amenities,Facilities & Amenities (0.96); Food & Beverage (0.92); Guest Experience (0.92)
indah Ongko,2019,4,saya menginap di best western kamala jimbaran di kamar superior dengan sarapan selama 1 malam lokasi dekat dengan garuda wisnu kencana gwk uluwatu dan jimbaran terlalu jauh dari kuta bali transportasi agak sulit dibandingkan dengan daerah kuta seminyak jika anda menggunakan taksi online agak sulit dan harus menunggu 10 15 menit anda bisa menyewa mobil menyewa sepeda motor atau meminta pihak hotel untuk memanggilkan taksi pemandangan dari kamar dengan harga yang bagus seperti itu anda bisa melihat orang-orang lift seharusnya ada petugas keamanan untuk kartu jika tidak memiliki kartu anda bisa tetap menuju kamar tamu restoran kunjungan saya pada tanggal 28 Mei pilihannya tidak banyak mocktail tidak tersedia jus,KOMPETITOR,Bintang 4,BestWesternKamalaJimbaran-bali,positive,0.9984245300292969,Facilities & Amenities,Facilities & Amenities (0.89); Service Quality (0.83); Pricing & Value for Money (0.80)
Egy ambara,2024,5,departemen housekeeping merupakan salah satu pusat pendukung utama di hotel karena menghasilkan pendapatan utama bagi hotel mereka menyiapkan kamar yang merupakan salah satu sumber pendapatan utama staf hotel yang ramah kamar yang bersih rapi dan nyaman merupakan bagian dari deskripsi pekerjaan mereka,KOMPETITOR,Bintang 4,BestWesternKamalaJimbaran-bali,positive,0.9985827207565308,Room Quality & Comfort,"Room Quality & Comfort (1.00); Cleanliness, Hygiene & Maintenance (1.00); Staff Conduct & Hospitality (0.99)"
Hiren Shanghvi,2024,5,kamar yang luas dan bagus kasur paling nyaman yang pernah saya tiduri selama perjalanan saya di bali sarapannya sangat enak dan banyak pilihan menu vegetarian sangat saya rekomendasikan tempat ini kepada semua yang berencana untuk menginap di sekitar jimbaran,KOMPETITOR,Bintang 4,BestWesternKamalaJimbaran-bali,positive,0.999428927898407,Room Quality & Comfort,Room Quality & Comfort (0.99); Facilities & Amenities (0.98); Family & Group Friendly (0.93)
Or Cohen,2025,5,kamarnya bersih nyaman dan tertata rapi dengan semua fasilitas yang dibutuhkan stafnya sangat ramah dan penuh perhatian selalu siap membantu dengan senyuman,KOMPETITOR,Bintang 4,BestWesternKamalaJimbaran-bali,positive,0.9983916878700256,Facilities & Amenities,Facilities & Amenities (0.99); Room Quality & Comfort (0.99); Staff Conduct & Hospitality (0.97)
Daniel D.,2024,2,standar bw yang biasa tidak sepenuhnya terpenuhi di sini semuanya masih bisa diterima yang sama sekali tidak bisa diterima adalah kebersihan dan kebersihan di ruang sarapan yang sangat kotor sarapan sampai jam 10 pagi jam 9 20 tidak ada yang tersisa foto,KOMPETITOR,Bintang 4,BestWesternKamalaJimbaran-bali,negative,0.9982635378837585,"Cleanliness, Hygiene & Maintenance","Cleanliness, Hygiene & Maintenance (1.00); Facilities & Amenities (0.99); Food & Beverage (0.91)"
Farah Diba,2021,5,tempat ini relatif baru kata orang orang baru 2 tahun jadi kamarnya bagus dan luas harganya terjangkau mereka juga mengikuti protokol kesehatan selama pandemi ini terakhir lokasinya tidak terlalu jauh dari bandara,KOMPETITOR,Bintang 4,BestWesternKamalaJimbaran-bali,positive,0.9985074400901794,Room Quality & Comfort,Room Quality & Comfort (1.00); Facilities & Amenities (0.99); Pricing & Value for Money (0.99)
Christina,2023,3,kamar untuk 1 atau 2 malam lumayan pintu balkon tidak bisa dibuka kamar agak bau tidak ada udara segar dan lantai tidak dibersihkan secara profesional sehingga berdebu di mana mana kebersihan secara keseluruhan bisa ditingkatkan,KOMPETITOR,Bintang 4,BestWesternKamalaJimbaran-bali,negative,0.9966597557067871,Facilities & Amenities,"Facilities & Amenities (0.83); Cleanliness, Hygiene & Maintenance (0.72); Service Quality (0.72)"
Moeladi Mandiri,2024,4,Salah satu staf yang bertugas di lounge bf pagi ini menanyakan nomor kamar sambil menunduk sedang melakukan sesuatu tanpa melihat saya saya saya tidak menjawab jadi ketika dia menoleh ke arah saya karena saya kesal saya menjawab dengan gerakan jari setelah beberapa saat saya menguji staf sekali lagi dengan mengatakan saya membutuhkan udara panas untuk kopi yang saya bawa sendiri tetapi staf menjawab kopi dapat dimasukkan ke mesin dan udara panasnya ada sambil menunjuk dan tidak ingin melayani permintaan saya saya heran hotel sekelas terbaik barat menempatkan orang yang arogan dan tidak berdaya seperti ini di daerah yang berhadapan dengan tamu hotel,KOMPETITOR,Bintang 4,BestWesternKamalaJimbaran-bali,negative,0.9938498139381409,Food & Beverage,Food & Beverage (0.87); Guest Experience (0.80); Service Quality (0.74)
Mariia Nasluzova,2024,5,sarapan prasmanan sayuran salad telur buah kopi dari mesin kopi panekuk dan wafel saya menyewa sepeda seharga 90 0 rubel per hari kamar dibersihkan setiap hari tersedia meja dan kursi yang penting bagi mereka yang bekerja tersedia ruang makan ber ac yang juga cocok untuk bekerja hotel yang ramah terima kasih,KOMPETITOR,Bintang 4,BestWesternKamalaJimbaran-bali,positive,0.9962373971939087,Facilities & Amenities,Facilities & Amenities (0.98); Service Quality (0.98); Family & Group Friendly (0.97)
Nikki Kaneda,2020,5,Saya sangat berterima kasih kepada staf hotel atas semua yang telah mereka lakukan untuk kami selama menginap mereka sangat tulus dan membantu khususnya puti dia membuat kami merasa aman ketika kami tiba di hotel tepat setelah ditakut takakuti oleh sopir taksi yang mencoba mengancam kami saya kehilangan uang tunai 350 secara tidak sengaja di dalam mobil dan mereka menyimpannya di dalam amplop untuk saya ketika saya menceritakan kejadian tersebut sungguh penyelamat tidak hanya membantu kami melewati masa sulit setiap staf di restoran ini sangat ramah staf hrd datang untuk memastikan semuanya memuaskan dan koki eksekutif datang untuk menikmati sarapan prasmanan yang luar biasa untuk mendengarkan pendapat kami jika saya kembali ke daerah ini saya,KOMPETITOR,Bintang 4,BestWesternKamalaJimbaran-bali,positive,0.9904116988182068,Staff Conduct & Hospitality,"Staff Conduct & Hospitality (0.99); Loyalty, Recommendation & Appreciation (0.99); Service Efficiency & Responsiveness (0.98)"
sexy55576,2023,5,Saya suka tempat ini karena dua alasan layanannya luar biasa dan banyak pilihan sarapan prasmanan stafnya ramah dan fasilitasnya bersih saya sangat merekomendasikannya,KOMPETITOR,Bintang 4,BestWesternKamalaJimbaran-bali,positive,0.9994551539421082,Food & Beverage,Food & Beverage (1.00); Service Quality (1.00); Facilities & Amenities (1.00)
Kitty Dark (黒猫),2021,4,bangunannya tua dan usang jadi beberapa bagiannya terlihat jelas keran wastafelnya longgar lol kolam renangnya luas sarapannya lumayan dan mengingat harganya yang terjangkau tempat ini cocok untuk menginap stafnya ramah dan membantu,KOMPETITOR,Bintang 4,BestWesternKamalaJimbaran-bali,positive,0.9989259839057922,Facilities & Amenities,Facilities & Amenities (1.00); Pricing & Value for Money (0.99); Staff Conduct & Hospitality (0.98)
Вероника Сорокина,2025,1,jangan tergila gila ulasan hotel ini mengerikan saya akan mulai dengan menjelaskan bagian terburuknya agar semua orang bisa melihatnya hotel ini bukan hotel melainkan motel pinggir jalan kamarnya sangat kotor dan sekali pun tidak higienis saya lampirkan semua fotonya bahkan tempat sabunnya berjamur kok bisa begitu saya harap mereka setidaknya menggantinya saya rasa harganya tidak sama seperti itu kami meminta untuk pindah kamar berkeliling beberapa lantai dan melihat sekitar 5 7 kamar dan semuanya mengerikan kamar gelap berjamur tua sangat kotor dan mengerikan pada hari pertama kami meminta pengembalian uang dan pindah mereka mengabaikan agen kami selama dua,KOMPETITOR,Bintang 4,BestWesternKamalaJimbaran-bali,negative,0.9959761500358582,Pricing & Value for Money,Pricing & Value for Money (0.64); Guest Experience (0.55); Booking & Reservation Experience (0.30)
Ðionisis Kourásis,2024,4,pengalaman yang sangat menyenangkan lokasinya 10 10 dari pusat jimbaran agak jauh dari pantai satu objek wisata yang dekat dengan hotel adalah taman budaya garuda wisnu kencana yang wajib dikunjungi,KOMPETITOR,Bintang 4,BestWesternKamalaJimbaran-bali,positive,0.9989323019981384,Cultural & Heritage Experience,Cultural & Heritage Experience (0.98); Facilities & Amenities (0.72); Guest Experience (0.72)
Danz Pra,2019,5,menginap di suite de luxe semalam stafnya sangat membantu kamar saya luas dan saya bisa menikmati pemandangan kolam renang saat itu sarapannya enak saya makan sosis dan omelet pasti akan kembali lagi ke sana,KOMPETITOR,Bintang 4,BestWesternKamalaJimbaran-bali,positive,0.9992982149124146,Facilities & Amenities,Facilities & Amenities (1.00); Service Efficiency & Responsiveness (0.99); Service Quality (0.98)
Sukadana Chanel,2024,5,akomodasi modern dengan pemandangan indah dari kamar saya staf housekeeping sangat ramah dan membantu perlengkapan tamu di kamar agak rumit dan toiletnya sangat bersih,KOMPETITOR,Bintang 4,BestWesternKamalaJimbaran-bali,positive,0.9991205334663391,Facilities & Amenities,Facilities & Amenities (1.00); Staff Conduct & Hospitality (0.99); Service Efficiency & Responsiveness (0.98)
Bli Gio,2024,5,pengalaman menginap yang luar biasa di hotel dengan suasana yang luar biasa kamar bersih makanan lezat dan pemandangan terbaik akses mudah ke mana staf yang ramah akan segera kembali,KOMPETITOR,Bintang 4,BestWesternKamalaJimbaran-bali,positive,0.9990297555923462,Facilities & Amenities,Facilities & Amenities (1.00); Service Quality (0.99); Guest Experience (0.99)
Im ShaShaSha,2025,4,kamarnya luas cukup baik untuk menginap singkat harganya oke tapi ac nya rusak begitu pula layanan dan mandi nya sepertinya stafnya tidak pernah benar benar memeriksa atau mereka membiarkannya begitu saja dan tidak peduli,KOMPETITOR,Bintang 4,BestWesternKamalaJimbaran-bali,negative,0.996274471282959,Facilities & Amenities,Facilities & Amenities (1.00); Pricing & Value for Money (0.98); Guest Experience (0.97)
E -,2025,5,kamar bersih dan luas sarapannya cukup enak dekat minimmarket supermarket ada juga tempat es krim pasti akan kembali lagi,KOMPETITOR,Bintang 4,BestWesternKamalaJimbaran-bali,positive,0.9994986057281494,Facilities & Amenities,"Facilities & Amenities (0.99); Cleanliness, Hygiene & Maintenance (0.99); Service Quality (0.99)"
suthari vinay,2025,5,lokasi sangat bagus dan stafnya ramah terutama kepala koki menyukai makanannya dan kamarnya besar dan bersih layak untuk ditinggali dan ingin berkunjung lagi,KOMPETITOR,Bintang 4,BestWesternKamalaJimbaran-bali,positive,0.9994081258773804,Facilities & Amenities,"Facilities & Amenities (1.00); Staff Conduct & Hospitality (1.00); Cleanliness, Hygiene & Maintenance (1.00)"
I Gusti Putu Balarama Raditya,2024,5,best western kamala jimbaran adalah salah satu hotel terbaik di jimbaran hotel bintang 4 ini menyediakan wifi gratis saya berkunjung ke sini untuk mengikuti seminar di ruang pertemuannya sangat nyaman dan tersedia istirahat kopi dan canapé yang lezat restorannya luas dan makanannya juga lezat,KOMPETITOR,Bintang 4,BestWesternKamalaJimbaran-bali,positive,0.999528169631958,Facilities & Amenities,Facilities & Amenities (1.00); Food & Beverage (0.99); Service Quality (0.97)
Agung Ayu,2024,3,stafnya baik sarapannya bervariasi kolam renangnya besar mudah untuk menemukan makanan dan pantai tapi kebersihannya tidak bagus jika Anda berjalan di kamar tanpa sandal sehingga banyak debu di lantai mangkuk toilet bocor seprai di kamar kusut seperti tidak perlu diganti dengan yang baru,KOMPETITOR,Bintang 4,BestWesternKamalaJimbaran-bali,positive,0.942707896232605,Facilities & Amenities,Facilities & Amenities (0.99); Service Quality (0.92); Guest Experience (0.63)
Steve William,2025,1,Tolong ajari stafmu untuk lebih sopan nama ronie resepsionis kami menginap di sana tidak gratis kami yang bayar kamar dia bersikap seolah kami tidak menginap di sana gratis,KOMPETITOR,Bintang 4,BestWesternKamalaJimbaran-bali,negative,0.969285786151886,Guest Experience,Guest Experience (0.91); Pricing & Value for Money (0.88); Service Quality (0.86)
Shefka Mokosuli,2023,4,pilihan sarapan untuk orang indonesia atau penduduk lokal roti untuk orang asing tidak kamar bagus tapi akan ada polusi suara dekat gwk catatan agak jauh dari kuta dan seminyak dll tapi lokasinya di tengah tempat wisata 30 menit untuk naik seminyak kuta dll 30 menit untuk turun uluwatu pandawa melasti,KOMPETITOR,Bintang 4,BestWesternKamalaJimbaran-bali,positive,0.9990043044090271,Food & Beverage,Food & Beverage (0.92); Facilities & Amenities (0.91); Sustainability & Environmental Quality (0.75)
Ted Lim,2024,4,ini hotel yang ramah anggaran sarapan prasmanannya terjangkau layanan cuci pakaian nya buruk mereka tidak mencuci pakaian hanya menyemprotkan parfum saya sarankan untuk menggunakan cuci pakaian terdekat,KOMPETITOR,Bintang 4,BestWesternKamalaJimbaran-bali,negative,0.9879133105278015,Pricing & Value for Money,Pricing & Value for Money (0.99); Facilities & Amenities (0.98); Guest Experience (0.89)
Maarten,2024,5,kami menginap di kamar suite yang luas bersih dan nyaman staf hotelnya juga sangat ramah dan sangat membantu harganya terjangkau,KOMPETITOR,Bintang 4,BestWesternKamalaJimbaran-bali,positive,0.9986851811408997,Room Quality & Comfort,Room Quality & Comfort (0.99); Facilities & Amenities (0.99); Service Efficiency & Responsiveness (0.99)
Shan Farook,2025,5,Hotel ini adalah pilihan terbaik yang pernah kami buat pelayanannya luar biasa dan stafnya sangat membantu sangat merekomendasikan hotel ini,KOMPETITOR,Bintang 4,BestWesternKamalaJimbaran-bali,positive,0.9988300204277039,Service Quality,Service Quality (1.00); Guest Experience (0.99); Service Efficiency & Responsiveness (0.98)
Анна Щербаченко,2024,5,pantai berjarak 20 menit berjalan kaki stafnya sangat ramah dan penuh perhatian sarapan prasmanannya sangat lezat dan bisa memesan makanan ke kamar anda,KOMPETITOR,Bintang 4,BestWesternKamalaJimbaran-bali,positive,0.9984928369522095,Service Efficiency & Responsiveness,Service Efficiency & Responsiveness (1.00); Service Quality (1.00); Staff Conduct & Hospitality (0.99)
Meder R,2024,1,kamarnya terang dan besar tetapi kotor dan balkonnya sangat berdebu seprai dan handuknya sangat tua dan harus diganti,KOMPETITOR,Bintang 4,BestWesternKamalaJimbaran-bali,negative,0.9983129501342773,Facilities & Amenities,Facilities & Amenities (0.97); Ambience & Design (0.57); Guest Experience (0.54)
Indrayana Pratama,2024,4,Lokasinya hanya lebih dekat ke garuda wisnu kencana dan agak dekat dengan uluwatu prasmanannya biasa saja kebetulan saya mendapat kamar yang sangat besar dan itu bagus,KOMPETITOR,Bintang 4,BestWesternKamalaJimbaran-bali,positive,0.9962884187698364,Facilities & Amenities,Facilities & Amenities (0.98); Room Quality & Comfort (0.96); Service Quality (0.95)
Intan Lee,2021,5,Pelayanan bagus staf sangat ramah dan membantu kamarnya bagus untuk hotel bintang 3 harganya terjangkau lokasi bagus bisa ditempuh dengan berjalan kaki ke banyak restoran dan toko,KOMPETITOR,Bintang 4,BestWesternKamalaJimbaran-bali,positive,0.9991191029548645,Staff Conduct & Hospitality,Staff Conduct & Hospitality (1.00); Service Quality (1.00); Facilities & Amenities (1.00)
livvy Bardoe,2021,5,hotelnya sangat bagus dan stafnya sangat ramah dari petugas kebersihan staf dapur hingga resepsionis selalu ada senyum ramah dari semua orang semua ini sangat berarti bagi kami selama 15 hari menginap,KOMPETITOR,Bintang 4,BestWesternKamalaJimbaran-bali,positive,0.9990512728691101,Facilities & Amenities,"Facilities & Amenities (1.00); Staff Conduct & Hospitality (1.00); Cleanliness, Hygiene & Maintenance (0.99)"
rieska harliauwan,2025,5,penginapan yang bagus kamar bersih hanya ada sedikit masalah dengan keran mandi tapi secara keseluruhan sangat bagus dan juga terjangkau,KOMPETITOR,Bintang 4,BestWesternKamalaJimbaran-bali,positive,0.9968174695968628,"Cleanliness, Hygiene & Maintenance","Cleanliness, Hygiene & Maintenance (0.99); Room Quality & Comfort (0.99); Facilities & Amenities (0.99)"
Selvi Ch,2024,5,luar biasa kamar besar bagus dan bersih sarapan enak ac dingin wifi bagus terutama manajemen dan stafnya sangat ramah dan pelayanannya lokasi bagus dan harga bagus sepadan anda harus menginap di hotel ini,KOMPETITOR,Bintang 4,BestWesternKamalaJimbaran-bali,positive,0.9991344809532166,Pricing & Value for Money,"Pricing & Value for Money (1.00); Facilities & Amenities (1.00); Cleanliness, Hygiene & Maintenance (0.99)"
Joshua Iskandar,2025,3,Pastikan kamu makan sebelum jam 11 malam jika tidak kamu tidak akan mendapatkan makanan dari hotel ini bahkan untuk peralatan pembuatannya pun tidak akan dapat setelah jam 11 malam ya hotel bintang 3 khas,KOMPETITOR,Bintang 4,BestWesternKamalaJimbaran-bali,positive,0.9944280385971069,Facilities & Amenities,Facilities & Amenities (0.90); Service Quality (0.75); Food & Beverage (0.67)
Victoria,2025,5,Hotelnya bagus banget harganya terjangkau dan pelayanannya bagus kolam renangnya keren banget,KOMPETITOR,Bintang 4,BestWesternKamalaJimbaran-bali,positive,0.9995393753051758,Pricing & Value for Money,Pricing & Value for Money (0.99); Facilities & Amenities (0.99); Service Quality (0.99)
iqbal akil,2024,5,suka hotel ini dekat dengan gwk dan pasar tradisional jasa sarapannya juga enak kamarnya bersih dan kamar mandinya memiliki mandi yang bagus pasti akan merekomendasikan hotel ini kepada teman dan keluarga,KOMPETITOR,Bintang 4,BestWesternKamalaJimbaran-bali,positive,0.9993590712547302,Facilities & Amenities,"Facilities & Amenities (1.00); Service Quality (1.00); Cleanliness, Hygiene & Maintenance (1.00)"
Judo Sabiro,2023,5,Suka sekali dekat banyak minimmarket air panas dan aliran air yang mereka membuat masa menginap dan tak lupa kolam renang cukup besar untuk berolahraga,KOMPETITOR,Bintang 4,BestWesternKamalaJimbaran-bali,positive,0.9994444251060486,Facilities & Amenities,Facilities & Amenities (1.00); Guest Experience (0.95); Family & Group Friendly (0.87)
Madura S,2023,5,Tidak ada keluhan terbaik barat adalah yang terbaik kita bisa masuk kapan saja ini tambah dari wisatawan kamarnya sangat bersih dan rapi mrg sarapan mereka punya banyak pilihan karena saya vegan saya mendapat lebih banyak pilihan makanan vegetarian yang mengejutkan itu di tengah kota juga jarak berjalan kaki ke taman garuda wisnu layak dipesan,KOMPETITOR,Bintang 4,BestWesternKamalaJimbaran-bali,positive,0.9993719458580017,"Cleanliness, Hygiene & Maintenance","Cleanliness, Hygiene & Maintenance (1.00); Service Quality (1.00); Facilities & Amenities (1.00)"
Febria Dyan,2024,5,layanan terbaik yang pernah ada sambutan yang sangat hangat dari seluruh tim terima kasih khusus kepada aan dan hidup atas kerja keras kalian mendekorasi kamar saya memesan 3 kamar untuk ulang tahun suami saya dan akhirnya semuanya berjalan lancar pasti akan segera kembali ke resor yang damai ini sangat dekat dengan taman budaya garuda wisnu kencana dekat dengan restoran dan pantai sekali lagi terima kasih atas keramahannya yang luar biasa,KOMPETITOR,Bintang 4,BestWesternKamalaJimbaran-bali,positive,0.9986932873725891,Service Quality,Service Quality (1.00); Staff Conduct & Hospitality (1.00); Guest Experience (1.00)
Agus Bngst,2024,5,kamar tidur dan kamar mandi bersih fasilitas dan perlengkapan tamu lengkap dan juga menyediakan barang pinjaman tamu setrika dan papan setrika bagus,KOMPETITOR,Bintang 4,BestWesternKamalaJimbaran-bali,positive,0.9982587695121765,Facilities & Amenities,"Facilities & Amenities (1.00); Cleanliness, Hygiene & Maintenance (0.98); Service Quality (0.98)"
Jaco Pratama,2019,5,Saya suka lokasinya tidak terlalu jauh dari kota saya dan dekat dengan gwk stafnya sangat ramah dan kamarnya sangat bersih saya tinggal di lantai 5 dan pemandangannya sangat keren lihat ini,KOMPETITOR,Bintang 4,BestWesternKamalaJimbaran-bali,positive,0.9994818568229675,Facilities & Amenities,"Facilities & Amenities (1.00); Cleanliness, Hygiene & Maintenance (1.00); Service Quality (1.00)"
Adrian Kun,2020,4,pemandangannya bagus dan kamarnya nyaman agak kecil untuk hotel sebagus ini mungkin perlu diperluas agar lebih nyaman,KOMPETITOR,Bintang 4,BestWesternKamalaJimbaran-bali,positive,0.998262345790863,Facilities & Amenities,Facilities & Amenities (0.98); Ambience & Design (0.96); Room Quality & Comfort (0.84)
Novie Ang,2019,5,kamarnya sangat bersih dan luas tempat tidur kembar berukuran 120 cm kamarnya sangat bersih stafnya ramah dan membantu pasti akan kembali lagi,KOMPETITOR,Bintang 4,BestWesternKamalaJimbaran-bali,positive,0.9994851350784302,Facilities & Amenities,Facilities & Amenities (0.97); Room Quality & Comfort (0.95); Staff Conduct & Hospitality (0.95)
wayan suastika,2024,5,hotel yang bagus desain modern kamar besar dengan standar layanan tinggi kamar bersih dan ruangan yang luas membuat saya senang,KOMPETITOR,Bintang 4,BestWesternKamalaJimbaran-bali,positive,0.9991773962974548,Service Quality,"Service Quality (1.00); Room Quality & Comfort (0.99); Cleanliness, Hygiene & Maintenance (0.99)"
Dexterite Makeup Artist,2025,5,lokasi sempurna dekat gwk dan trotoar mall jimbaran akses taksi online cukup mudah hanya sedikit macet di jam sibuk,KOMPETITOR,Bintang 4,BestWesternKamalaJimbaran-bali,positive,0.9990389347076416,Facilities & Amenities,Facilities & Amenities (0.95); Service Efficiency & Responsiveness (0.82); Service Quality (0.82)
Bella Chyntia Novitasari,2019,5,hotel ini dapat dicapai dengan berjalan kaki ke garuda wisnu kencana beberapa tipe kamar juga menawarkan pemandangan patung gwk hotelnya nyaman kolam renangnya sangat tidak terintegrasi dan wajib berfoto di sana,KOMPETITOR,Bintang 4,BestWesternKamalaJimbaran-bali,positive,0.9928091764450073,Facilities & Amenities,Facilities & Amenities (0.99); Guest Experience (0.73); Cultural & Heritage Experience (0.65)
Ben Weber,2024,3,resepsionisnya sangat tidak membantu dan tidak mungkin menyewa skuter di sana selebihnya hotelnya sendiri sangat bagus dan lengkap,KOMPETITOR,Bintang 4,BestWesternKamalaJimbaran-bali,negative,0.9416951537132263,Facilities & Amenities,Facilities & Amenities (0.93); Guest Experience (0.83); Service Quality (0.75)
Khushbu Mehta,2023,5,lokasi terletak dua menit dari taman gwk tepat di jalan utama banyak tempat mudah diakses hanya dengan menyewa sepeda banyak toko swalayan kafe dan tempat makan di sekitar sini stafnya sopan dan ramah ketika saya datang ke kamar rasanya seperti hotel ini masih cukup baru jadi kamarnya terawat dengan sangat baik kamar kami sangat luas tempat tidur kamar mandi ac tv semuanya berfungsi nyaman kami juga menggunakan kolam renang di sini kolam renang menyenangkan sarapannya memiliki pilihan terbatas untuk vegetarian seharusnya bisa lebih banyak pilihan secara keseluruhan kami menikmati 3 hari menginap yang nyaman di sini,KOMPETITOR,Bintang 4,BestWesternKamalaJimbaran-bali,positive,0.999562680721283,Staff Conduct & Hospitality,Staff Conduct & Hospitality (1.00); Facilities & Amenities (0.99); Service Quality (0.99)
Rahmat Hartawan,2024,3,Saya sudah menginap di banyak hotel bintang 4 dan sejujurnya menurut saya hotel ini hanya cocok untuk hotel bintang 3 saja kelebihannya adalah lokasi hotel yang tidak terlalu ramai seperti di daerah kuta,KOMPETITOR,Bintang 4,BestWesternKamalaJimbaran-bali,positive,0.8744686245918274,Facilities & Amenities,"Facilities & Amenities (0.50); Location, Accessibility & Parking (0.50); Booking & Reservation Experience (0.36)"
Micha Kap,2025,4,untuk harga segitu kamarnya bersih dan nyaman banget dengan pemandangan jimberan yang indah penginapan yang sempurna jika kamu lagi di uluwatu jimberan,KOMPETITOR,Bintang 4,BestWesternKamalaJimbaran-bali,positive,0.9995326995849609,Room Quality & Comfort,Room Quality & Comfort (0.99); Facilities & Amenities (0.99); Pricing & Value for Money (0.99)
Jang Misil,2024,5,tempat yang luar biasa dengan keramahan yang tinggi ketika saya tiba di hotel ini saya langsung jatuh cinta semua properti membuat kami merasa nyaman selama menginap di best western kamala jimbaran terima kasih kepada bapak aan atas pelayanannya yang baik,KOMPETITOR,Bintang 4,BestWesternKamalaJimbaran-bali,positive,0.9993676543235779,Service Quality,Service Quality (1.00); Facilities & Amenities (1.00); Guest Experience (0.98)
Puput Handayani,2024,5,Suka banget sama best western kamala resort jimbaran karyawannya ramah dan penuh semangat terima kasih banyak terutama untuk aan fo dan ibu silvi hrd mereka sangat membantu suportif dan menyenangkan diajak ngopi bersama terima kasih semuanya saya pasti akan menginap lagi di best western kamala,KOMPETITOR,Bintang 4,BestWesternKamalaJimbaran-bali,positive,0.9994645714759827,Family & Group Friendly,Family & Group Friendly (1.00); Staff Conduct & Hospitality (0.99); Service Quality (0.97)
christoph k,2023,1,Saya memesan untuk teman saya dan dia tidak tahu persis berapa lama dia akan tinggal saya harus memesan ulang untuk beberapa hari staf hotel membuat drama tentang pemesanan ulang bahkan teman saya memberikan kartu kredit dan paspornya tetapi mereka menelepon saya sampai jam 10 malam dan dari jam 7 pagi sampai jam 10 pagi untuk membayar langsung bahkan tamu itu ada di rumah dan mereka memiliki kartu kredit mereka atas permintaan mereka bertanya kepada gm dan supervisor dan nama staf yang bekerja tentu saja ini f tidak memberi tahu apa pun bahkan kamarnya tidak oke saya merekomendasikan orientasi pelanggan yang tidak baik,KOMPETITOR,Bintang 4,BestWesternKamalaJimbaran-bali,negative,0.9780386090278625,Booking & Reservation Experience,Booking & Reservation Experience (0.94); Pricing & Value for Money (0.79); Guest Experience (0.75)
S Jh,2019,3,ayam dan anjing dari toko bahan bangunan di sebelahnya berisik siang dan malam sehingga menyulitkan banyak orang berbicara keras di lorong kebersihan lantai dan tata graha agak kurang memadai area kolam renang sangat kecil selain itu layanan dan pilihan makanannya bagus,KOMPETITOR,Bintang 4,BestWesternKamalaJimbaran-bali,positive,0.9168723225593567,Facilities & Amenities,"Facilities & Amenities (0.99); Service Quality (0.97); Cleanliness, Hygiene & Maintenance (0.96)"
Yejin Lee,2019,3,ayam berkokok sepanjang hari dan anjing anjing berkicau dan orang orang tionghoa ada di mana mana mana dengan riuh mereka selalu menggunakan pengeras suara saya tidak bisa tidur di malam hari fasilitas lainnya biasa saja kualitasnya lumayan untuk harga,KOMPETITOR,Bintang 4,BestWesternKamalaJimbaran-bali,negative,0.9090187549591064,Pricing & Value for Money,Pricing & Value for Money (0.98); Facilities & Amenities (0.95); Service Quality (0.83)
Reno As,2021,5,Saya mengunjungi hotel ini selama pandemi covid 19 dan ternyata menjadi pengalaman terbaik saya lokasinya dekat gwk setiap pagi saya jogging di dekat gwk hotel yang lumayan dengan makanan dan pelayanan yang fantastis sangat dianjurkan,KOMPETITOR,Bintang 4,BestWesternKamalaJimbaran-bali,positive,0.9988594055175781,Service Quality,Service Quality (0.99); Facilities & Amenities (0.98); Guest Experience (0.97)
bayu bagus,2024,5,disarankan kamar bersih staf housekeeping ramah seperti keluarga juga pemandangan indah dari lantai atas,KOMPETITOR,Bintang 4,BestWesternKamalaJimbaran-bali,positive,0.999100923538208,Family & Group Friendly,"Family & Group Friendly (1.00); Cleanliness, Hygiene & Maintenance (1.00); Service Quality (1.00)"
Candra Dewi,2024,5,permainan yang bagus untuk menginap bersama keluarga kamar bersih staf ramah ac bagus sprei dan tangan bersih kamar sangat nyaman untuk saya yang suka barang,KOMPETITOR,Bintang 4,BestWesternKamalaJimbaran-bali,positive,0.9993571639060974,Facilities & Amenities,Facilities & Amenities (1.00); Family & Group Friendly (1.00); Guest Experience (1.00)
Jill Z,2023,5,sangat merekomendasikan hotel yang luar biasa bersih dan tenang dikelilingi oleh restoran mudah untuk pergi ke pantai dengan skuter,KOMPETITOR,Bintang 4,BestWesternKamalaJimbaran-bali,positive,0.9989309906959534,Facilities & Amenities,"Facilities & Amenities (0.99); Cleanliness, Hygiene & Maintenance (0.99); Service Quality (0.99)"
Nico Odolf Yordanius,2025,5,Pelayanan dan keramahannya bagus kamarnya bersih dan lokasi hotelnya di jalan utama terima kasih atas waktu tambahannya untuk memeriksa keluar,KOMPETITOR,Bintang 4,BestWesternKamalaJimbaran-bali,positive,0.9991152882575989,Facilities & Amenities,"Facilities & Amenities (1.00); Cleanliness, Hygiene & Maintenance (1.00); Service Quality (0.99)"
Don Wall,2019,5,hotelnya cantik kamarnya bagus sarapannya juga enak lokasinya agak jauh dari kuta jadi perlu merencanakan perjalanan jika mau aktivitas yang bisa ditempuh dengan berjalan kaki tapi untuk yang agak jauh dari keramaian hotel ini ideal,KOMPETITOR,Bintang 4,BestWesternKamalaJimbaran-bali,positive,0.9987025260925293,Facilities & Amenities,Facilities & Amenities (0.98); Room Quality & Comfort (0.92); Service Quality (0.64)
Inten Glover,2024,4,lokasi terbaik di jimbaran hanya 5 menit jalan kaki ke patung besar gwk makanannya biasa saja tidak banyak variasi harganya juga terjangkau,KOMPETITOR,Bintang 4,BestWesternKamalaJimbaran-bali,positive,0.9988656044006348,Pricing & Value for Money,Pricing & Value for Money (0.97); Facilities & Amenities (0.91); Cultural & Heritage Experience (0.86)
Kodie U.S,2021,5,Saya sangat terkesan dengan layanan dan fasilitas yang ditawarkan dengan harga terjangkau di daerah ini kamar yang tenang dan nyaman serta daerah publik yang terawat kebersihannya dengan baik,KOMPETITOR,Bintang 4,BestWesternKamalaJimbaran-bali,positive,0.9990187883377075,"Cleanliness, Hygiene & Maintenance","Cleanliness, Hygiene & Maintenance (1.00); Facilities & Amenities (1.00); Room Quality & Comfort (1.00)"
Affan Rizvi,2022,5,lokasinya bagus bersih fasilitas lengkap dan stafnya ramah kamarnya luas dan modern sangat direkomendasikan,KOMPETITOR,Bintang 4,BestWesternKamalaJimbaran-bali,positive,0.9994452595710754,Facilities & Amenities,"Facilities & Amenities (1.00); Cleanliness, Hygiene & Maintenance (0.98); Service Efficiency & Responsiveness (0.97)"
Vie,2024,5,kamar bersih sarapan enak ac dingin dan wifi sangat bagus harga dan stafnya wow luar biasa,KOMPETITOR,Bintang 4,BestWesternKamalaJimbaran-bali,positive,0.9986180067062378,Facilities & Amenities,"Facilities & Amenities (0.99); Cleanliness, Hygiene & Maintenance (0.99); Pricing & Value for Money (0.99)"
陳冠維,2025,1,Saya menginap dua malam dan pulang malam harinya ternyata kamarnya tidak dibersihkan sama sekali benar benar berlebihan,KOMPETITOR,Bintang 4,BestWesternKamalaJimbaran-bali,negative,0.9991911053657532,Guest Experience,Guest Experience (0.81); Booking & Reservation Experience (0.72); Pricing & Value for Money (0.68)
Alexander Valtsev,2023,4,Tempatnya bagus saya tinggal di sana selama lebih dari tiga minggu kekurangan kualitas makanan buruk dan ada jamur di beberapa kamar,KOMPETITOR,Bintang 4,BestWesternKamalaJimbaran-bali,positive,0.9806931614875793,Facilities & Amenities,Facilities & Amenities (0.99); Guest Experience (0.94); Sustainability & Environmental Quality (0.76)
Dedek Mahendra,2024,5,pengalaman menginap yang menyenangkan di best western kamala jimbaran makanannya sangat enak dan kamarnya bersih,KOMPETITOR,Bintang 4,BestWesternKamalaJimbaran-bali,positive,0.9993465542793274,"Cleanliness, Hygiene & Maintenance","Cleanliness, Hygiene & Maintenance (0.99); Guest Experience (0.99); Service Quality (0.98)"
Emil Iksanov,2024,5,hotelnya bagus suasananya nyaman interiornya segar pemandangan indah dari lantai 4,KOMPETITOR,Bintang 4,BestWesternKamalaJimbaran-bali,positive,0.9993509650230408,Room Quality & Comfort,Room Quality & Comfort (0.99); Facilities & Amenities (0.97); Service Quality (0.95)
Sandra frilia,2019,5,hotelnya bagus bersih stafnya ramah hotelnya nyaman untuk bersantai dekat dengan gwk jadi asyik untuk menginap bersama keluarga teman atau rombongan,KOMPETITOR,Bintang 4,BestWesternKamalaJimbaran-bali,positive,0.999370276927948,Facilities & Amenities,Facilities & Amenities (0.99); Family & Group Friendly (0.99); Service Quality (0.99)
Santiago Garea,2025,5,semuanya hebat sangat bersih sarapan lengkap staf sangat ramah,KOMPETITOR,Bintang 4,BestWesternKamalaJimbaran-bali,positive,0.9984402060508728,"Cleanliness, Hygiene & Maintenance","Cleanliness, Hygiene & Maintenance (1.00); Facilities & Amenities (1.00); Service Quality (1.00)"
Made jati,2024,5,hotel yang bagus dengan pemandangan indah dari lantai atas kamar yang luas dan kebersihan yang sempurna,KOMPETITOR,Bintang 4,BestWesternKamalaJimbaran-bali,positive,0.9994353652000427,"Cleanliness, Hygiene & Maintenance","Cleanliness, Hygiene & Maintenance (1.00); Service Quality (0.99); Room Quality & Comfort (0.99)"
Zeynep Dincer,2019,3,hotelnya baru dan sangat bagus kamarnya nyaman tapi pelayanannya sangat lambat dan sarapannya kurang enak,KOMPETITOR,Bintang 4,BestWesternKamalaJimbaran-bali,positive,0.6117714047431946,Facilities & Amenities,Facilities & Amenities (0.95); Food & Beverage (0.87); Guest Experience (0.87)
Archie,2023,4,hotelnya bagus pilihan teraman jika kamu cari hotel bagus di dekat daerah uluwatu unggasan,KOMPETITOR,Bintang 4,BestWesternKamalaJimbaran-bali,positive,0.9994295239448547,Facilities & Amenities,Facilities & Amenities (0.74); Service Quality (0.69); Sustainability & Environmental Quality (0.61)
Milky. cake,2025,5,hotel yang bagus lokasi bagus dan staf yang hangat saat mengantar tamu saya ke sana,KOMPETITOR,Bintang 4,BestWesternKamalaJimbaran-bali,positive,0.9981614947319031,Facilities & Amenities,Facilities & Amenities (1.00); Service Quality (1.00); Staff Conduct & Hospitality (0.99)
yazid Sidik,2019,5,hotel baru di kawasan jimbaran terdiri dari 120 kamar mulai dari kamar superior seluas 32 meter persegi tersedia ruang pertemuan ruang kelas dan ruang pertemuan untuk menampung hingga 120 orang,KOMPETITOR,Bintang 4,BestWesternKamalaJimbaran-bali,neutral,0.9411572813987732,Facilities & Amenities,Facilities & Amenities (0.98); Service Efficiency & Responsiveness (0.80); Family & Group Friendly (0.77)
Haris Santana SSi,2025,5,hotel nyaman dekat gwk bali hanya beberapa menit dari lokasi hotel ke gwk sangat direkomendasikan,KOMPETITOR,Bintang 4,BestWesternKamalaJimbaran-bali,positive,0.9993264675140381,Facilities & Amenities,"Facilities & Amenities (0.94); Service Quality (0.84); Cleanliness, Hygiene & Maintenance (0.84)"
Carolina Bastian,2021,4,lokasi pelayanan bagus selama masa corona ini staf mereka memang terbatas tapi mereka terus berusaha memberikan pelayanan terbaik kepada para tamu,KOMPETITOR,Bintang 4,BestWesternKamalaJimbaran-bali,positive,0.9983219504356384,Service Quality,Service Quality (0.97); Guest Experience (0.96); Facilities & Amenities (0.84)
Gregory Gerard,2019,5,Wow mengejutkan sekali untuk hotel dengan harga ini kamarnya luas dan nyaman interiornya apik dan bersih sangat dianjurkan untuk perjalanan bisnis,KOMPETITOR,Bintang 4,BestWesternKamalaJimbaran-bali,positive,0.9951823353767395,Facilities & Amenities,"Facilities & Amenities (1.00); Room Quality & Comfort (1.00); Cleanliness, Hygiene & Maintenance (0.98)"
Miss Ciel,2023,1,malam tanpa tidur terburuk yang pernah ada tidak ada suara peredam sama sekali ayam jantan berkokok di siang hari lalu anjing menggonggong dengan sangat keras sepanjang malam orang merokok di resepsionis di lobi,KOMPETITOR,Bintang 4,BestWesternKamalaJimbaran-bali,negative,0.9988889098167419,Service Quality,"Service Quality (0.91); Service Efficiency & Responsiveness (0.73); Cleanliness, Hygiene & Maintenance (0.72)"
nikita r,2023,1,kedap suara di kamar sangat buruk bahkan di lantai 6 pun suara ayam jantan dan anjing masih terdengar seakan akan mereka ada di dalam kamar,KOMPETITOR,Bintang 4,BestWesternKamalaJimbaran-bali,negative,0.9988861680030823,Sustainability & Environmental Quality,Sustainability & Environmental Quality (0.39); Religious & Halal Features (0.25); Facilities & Amenities (0.25)
Thomas De Rome,2019,2,hotelnya sangat bising dekat dengan jalan raya sarapannya biasa saja satu satunya kelebihannya adalah harga dan lokasinya yang dekat dengan pantai selatan,KOMPETITOR,Bintang 4,BestWesternKamalaJimbaran-bali,positive,0.792351484298706,Pricing & Value for Money,Pricing & Value for Money (0.99); Facilities & Amenities (0.92); Food & Beverage (0.85)
Arvydas Sabockis,2025,5,penginapan yang luar biasa stafnya membantu,KOMPETITOR,Bintang 4,BestWesternKamalaJimbaran-bali,positive,0.9605787992477417,Service Quality,Service Quality (1.00); Guest Experience (0.99); Staff Conduct & Hospitality (0.90)
Asih Wahyuni,2024,5,pemesanan mudah resepsionis ramah pelayanan baik makanan untuk sarapan mungkin akan ditingkatkan nanti,KOMPETITOR,Bintang 4,BestWesternKamalaJimbaran-bali,positive,0.9959731698036194,Guest Experience,Guest Experience (0.99); Booking & Reservation Experience (0.99); Staff Conduct & Hospitality (0.99)
Peter Webb,2025,1,mengurangi tekanan udara pdam jimbaran hotel seperti ini seharusnya tidak terlalu banyak turis di bali,KOMPETITOR,Bintang 4,BestWesternKamalaJimbaran-bali,negative,0.7804093956947327,Sustainability & Environmental Quality,Sustainability & Environmental Quality (0.90); Facilities & Amenities (0.89); Guest Experience (0.73)
Юлия Дейнека,2024,5,semuanya luar biasa hotelnya bagus dan stafnya ramah kamarnya bersih dan nyaman,KOMPETITOR,Bintang 4,BestWesternKamalaJimbaran-bali,positive,0.9990121126174927,Facilities & Amenities,Facilities & Amenities (1.00); Room Quality & Comfort (0.99); Staff Conduct & Hospitality (0.99)
Ben,2019,3,kamar bersih sarapannya beragam dan kualitasnya rata rata stafnya agak terbatas tapi staf yang ada sangat ramah,KOMPETITOR,Bintang 4,BestWesternKamalaJimbaran-bali,positive,0.9982028007507324,"Cleanliness, Hygiene & Maintenance","Cleanliness, Hygiene & Maintenance (0.99); Room Quality & Comfort (0.96); Facilities & Amenities (0.96)"
Anita Kok,2020,5,terawat dengan indah staf yang ramah bersih bernuansa pedesaan kamar kamar yang indah dengan balkon kolam renang singkatnya tempat menginap yang luar biasa tempat untuk kembali,KOMPETITOR,Bintang 4,BestWesternKamalaJimbaran-bali,positive,0.9987591505050659,"Cleanliness, Hygiene & Maintenance","Cleanliness, Hygiene & Maintenance (1.00); Service Quality (0.99); Staff Conduct & Hospitality (0.99)"
Amy Masmir,2022,5,hotel yang bagus dengan semua yang Anda butuhkan karena pandemi mereka telah menurunkan tarif penerbitan dan memanjakan kami dengan kamar yang ditingkatkan terima kasih,KOMPETITOR,Bintang 4,BestWesternKamalaJimbaran-bali,positive,0.9962204098701477,Facilities & Amenities,Facilities & Amenities (0.99); Guest Experience (0.98); Pricing & Value for Money (0.98)
anggraini desiana,2019,3,kamarnya bagus tapi pelayanannya sangat lambat perlu lebih banyak staf sarapannya kurang enak,KOMPETITOR,Bintang 4,BestWesternKamalaJimbaran-bali,negative,0.9755648374557495,Guest Experience,Guest Experience (0.95); Facilities & Amenities (0.94); Food & Beverage (0.87)
Nanang Kosim,2025,5,Saya sangat senang menginap di sini terima kasih banyak atas keramahan anda dan an andrianyah pelayanannya bagus dan stafnya ramah,KOMPETITOR,Bintang 4,BestWesternKamalaJimbaran-bali,positive,0.9988399147987366,Service Quality,Service Quality (1.00); Guest Experience (1.00); Staff Conduct & Hospitality (1.00)
Elan Wesya,2024,5,hotel yang bagus dengan fasilitas modern kebersihan kamar tamu juga bagus,KOMPETITOR,Bintang 4,BestWesternKamalaJimbaran-bali,positive,0.9990398287773132,Facilities & Amenities,Facilities & Amenities (0.99); Room Quality & Comfort (0.98); Service Quality (0.98)
Aishwarya Shreyas,2019,4,Pelayanannya sangat baik dan kamarnya juga cukup bagus tapi bukan tempat yang cocok untuk makanan vegetarian atau India,KOMPETITOR,Bintang 4,BestWesternKamalaJimbaran-bali,negative,0.8860664963722229,Service Quality,Service Quality (1.00); Facilities & Amenities (1.00); Guest Experience (0.99)
Samasar Official,2024,5,harga terjangkau dan ramah staf housekeepingnya sangat perhatian kamarnya sangat bersih dan rapi,KOMPETITOR,Bintang 4,BestWesternKamalaJimbaran-bali,positive,0.999147891998291,"Cleanliness, Hygiene & Maintenance","Cleanliness, Hygiene & Maintenance (1.00); Pricing & Value for Money (1.00); Service Efficiency & Responsiveness (1.00)"
Tisa Azura Dewi,2024,5,hotelnya bagus sarapannya juga enak dan kamarnya bersih banget,KOMPETITOR,Bintang 4,BestWesternKamalaJimbaran-bali,positive,0.9993189573287964,"Cleanliness, Hygiene & Maintenance","Cleanliness, Hygiene & Maintenance (0.99); Room Quality & Comfort (0.98); Food & Beverage (0.98)"
Yans zendrato,2020,5,hotel baru di jimbaran sejauh ini kamarnya bagus sarapannya sangat enak stafnya ramah dan lokasinya dekat gwk,KOMPETITOR,Bintang 4,BestWesternKamalaJimbaran-bali,positive,0.999376118183136,Room Quality & Comfort,Room Quality & Comfort (0.99); Staff Conduct & Hospitality (0.98); Facilities & Amenities (0.98)
ita setiyani,2023,5,kamar besar bersih dan rapi saya bisa kamar yang ada balkonnya kolam renangnya bagus aksesnya di jalan yang sering macet,KOMPETITOR,Bintang 4,BestWesternKamalaJimbaran-bali,positive,0.9990630745887756,"Cleanliness, Hygiene & Maintenance","Cleanliness, Hygiene & Maintenance (1.00); Facilities & Amenities (1.00); Room Quality & Comfort (0.99)"
Kurniawan ain,2025,5,kamar bagus dan lokasi strategis dekat politeknik bali,KOMPETITOR,Bintang 4,BestWesternKamalaJimbaran-bali,positive,0.9994722008705139,Room Quality & Comfort,Room Quality & Comfort (0.99); Facilities & Amenities (0.98); Guest Experience (0.95)
Dewi Marheni,2024,5,tiga kali saya merasa properti ini luar biasa kamarnya sangat bersih stafnya ramah terutama staf housekeeping,KOMPETITOR,Bintang 4,BestWesternKamalaJimbaran-bali,positive,0.9980350136756897,"Cleanliness, Hygiene & Maintenance","Cleanliness, Hygiene & Maintenance (0.99); Service Quality (0.99); Guest Experience (0.98)"
Facundo Medina,2025,5,hotelnya bagus sarapannya enak terima kasih banyak,KOMPETITOR,Bintang 4,BestWesternKamalaJimbaran-bali,positive,0.9990748167037964,Service Quality,Service Quality (0.99); Guest Experience (0.97); Food & Beverage (0.97)
Antonia Agatha,2022,5,Pelayanannya luar biasa teman saya menelepon resepsionis untuk meminjam gunting dan mereka mengantarkannya dalam hitungan menit,KOMPETITOR,Bintang 4,BestWesternKamalaJimbaran-bali,positive,0.9926310777664185,Service Quality,Service Quality (1.00); Guest Experience (0.99); Service Efficiency & Responsiveness (0.99)
Yenny Yenny,2020,4,kamarnya cukup luas ada juga kolam renang kecil untuk anak anak,KOMPETITOR,Bintang 4,BestWesternKamalaJimbaran-bali,positive,0.9918145537376404,Facilities & Amenities,Facilities & Amenities (0.99); Guest Experience (0.87); Service Efficiency & Responsiveness (0.81)
Maria Guarnizo,2025,5,Saya telah menginap di beberapa akomodasi di Bali dan ini tanpa diragukan lagi adalah yang terbaik,KOMPETITOR,Bintang 4,BestWesternKamalaJimbaran-bali,positive,0.9974367022514343,Service Quality,Service Quality (0.84); Facilities & Amenities (0.72); Room Quality & Comfort (0.61)
Dewa Ayuyuni,2024,5,harga makanannya bagus dan sangat enak hotelnya bagus dan stafnya ramah,KOMPETITOR,Bintang 4,BestWesternKamalaJimbaran-bali,positive,0.9989610910415649,Staff Conduct & Hospitality,Staff Conduct & Hospitality (0.99); Pricing & Value for Money (0.99); Facilities & Amenities (0.98)
Iputu Juliartana,2024,5,hotel yang indah dengan pelayanan yang sangat baik kebersihan yang baik dan kamar yang sangat bagus,KOMPETITOR,Bintang 4,BestWesternKamalaJimbaran-bali,positive,0.9985758066177368,Service Quality,"Service Quality (1.00); Cleanliness, Hygiene & Maintenance (1.00); Room Quality & Comfort (1.00)"
Man Jumadi,2024,5,menginap di hotel ini sangat nyaman kamarnya sangat bersih,KOMPETITOR,Bintang 4,BestWesternKamalaJimbaran-bali,positive,0.9994307160377502,Room Quality & Comfort,"Room Quality & Comfort (0.99); Cleanliness, Hygiene & Maintenance (0.99); Service Quality (0.98)"
Oscar Ekadinata,2025,5,sesuai dengan harga kamar bersih cukup besar dan terasnya bagus,KOMPETITOR,Bintang 4,BestWesternKamalaJimbaran-bali,positive,0.999340832233429,Facilities & Amenities,Facilities & Amenities (0.98); Pricing & Value for Money (0.95); Service Quality (0.95)
Bryan Martin,2022,5,tempat yang bagus untuk berenang dan bersantai tersedia tiket harian yang sudah termasuk makanan minuman dan handuk,KOMPETITOR,Bintang 4,BestWesternKamalaJimbaran-bali,positive,0.995868980884552,Facilities & Amenities,Facilities & Amenities (0.97); Food & Beverage (0.96); Service Efficiency & Responsiveness (0.73)
Komang Suricky,2024,5,hotel mewah dengan desain modern kamar sangat bersih dan kamar tidur sangat nyaman,KOMPETITOR,Bintang 4,BestWesternKamalaJimbaran-bali,positive,0.9993212223052979,Room Quality & Comfort,"Room Quality & Comfort (1.00); Cleanliness, Hygiene & Maintenance (0.99); Facilities & Amenities (0.98)"
Soni Artama,2024,5,kamar nyaman kebersihan kamar tamu sangat baik sangat direkomendasikan,KOMPETITOR,Bintang 4,BestWesternKamalaJimbaran-bali,positive,0.9978283047676086,Room Quality & Comfort,"Room Quality & Comfort (1.00); Cleanliness, Hygiene & Maintenance (0.99); Guest Experience (0.99)"
Ayuk Saputri,2024,5,kamar bersih sarapan enak dan pelayanan bagus stafnya sangat ramah,KOMPETITOR,Bintang 4,BestWesternKamalaJimbaran-bali,positive,0.998761773109436,Service Quality,"Service Quality (1.00); Cleanliness, Hygiene & Maintenance (1.00); Facilities & Amenities (1.00)"
Sandry Vangogh,2021,5,Saya suka layanan terbaik barat dengan kamar yang bersih bagus tetap menjadi layanan terbaik dekat dengan taman garuda wisnu kencana,KOMPETITOR,Bintang 4,BestWesternKamalaJimbaran-bali,positive,0.9994276165962219,Service Quality,Service Quality (1.00); Guest Experience (0.99); Room Quality & Comfort (0.99)
01_Ni Kadek Rina Yuliantari,2024,5,tempatnya bagus sarapannya variatif dan rasanya enak,KOMPETITOR,Bintang 4,BestWesternKamalaJimbaran-bali,positive,0.999377965927124,Facilities & Amenities,Facilities & Amenities (0.98); Room Quality & Comfort (0.97); Food & Beverage (0.92)
kadek krisna,2024,5,hotelnya bagus dan bersih saya sangat senang menginap di hotel ini,KOMPETITOR,Bintang 4,BestWesternKamalaJimbaran-bali,positive,0.9991304278373718,"Cleanliness, Hygiene & Maintenance","Cleanliness, Hygiene & Maintenance (1.00); Facilities & Amenities (1.00); Service Quality (1.00)"
Cucu Ilman,2020,5,terima kasih sudah mengizinkan saya memeriksa masuk lebih awal semua staf di resepsionis dan restoran sangat ramah membutuhkan variasi untuk sarapan,KOMPETITOR,Bintang 4,BestWesternKamalaJimbaran-bali,positive,0.996030867099762,Staff Conduct & Hospitality,Staff Conduct & Hospitality (0.98); Guest Experience (0.97); Check in/out Experience (0.97)
Praharsha Kannam,2025,5,bernilai uang dengan harga terbaik,KOMPETITOR,Bintang 4,BestWesternKamalaJimbaran-bali,positive,0.9978469610214233,Pricing & Value for Money,Pricing & Value for Money (0.98); Facilities & Amenities (0.77); Sustainability & Environmental Quality (0.73)
Madiawati 99,2024,5,hotel yang bagus sarapan prasmanannya enak dan stafnya membantu,KOMPETITOR,Bintang 4,BestWesternKamalaJimbaran-bali,positive,0.9992222785949707,Service Quality,Service Quality (0.99); Food & Beverage (0.98); Facilities & Amenities (0.98)
kadek Jemblunk,2024,5,staf pelayanannya baik kamar dan kebersiaan sangat bagus sesuai dengan harganya,KOMPETITOR,Bintang 4,BestWesternKamalaJimbaran-bali,positive,0.9985888600349426,Pricing & Value for Money,Pricing & Value for Money (0.99); Facilities & Amenities (0.99); Room Quality & Comfort (0.99)
Yury Roslik,2021,4,Saya menginap beberapa malam dan merasa puas rasio harga kualitasnya saat ini,KOMPETITOR,Bintang 4,BestWesternKamalaJimbaran-bali,positive,0.9939531683921814,Guest Experience,Guest Experience (0.96); Check in/out Experience (0.96); Pricing & Value for Money (0.96)
Seca Debra,2019,3,hotelnya modern tapi jalan di depan hostelnya macet banget susah banget cari taksi,KOMPETITOR,Bintang 4,BestWesternKamalaJimbaran-bali,negative,0.994342565536499,"Location, Accessibility & Parking","Location, Accessibility & Parking (0.85); Sustainability & Environmental Quality (0.72); Facilities & Amenities (0.72)"
Yohanna Nathania,2025,1,Hotel ini benar-benar membutuhkan manajemen baru dan renovasi,KOMPETITOR,Bintang 4,BestWesternKamalaJimbaran-bali,positive,0.7585209608078003,Facilities & Amenities,"Facilities & Amenities (0.96); Cleanliness, Hygiene & Maintenance (0.94); Management & Policy Issues (0.92)"
Fred Scuttle,2024,5,sarapan dapat ditingkatkan tapi staf sangat baik,KOMPETITOR,Bintang 4,BestWesternKamalaJimbaran-bali,positive,0.993839681148529,Service Quality,Service Quality (0.99); Food & Beverage (0.99); Guest Experience (0.92)
papadimz,2022,5,dekat dengan gwk tidak jauh dari bandara dekat dengan minimarket 24 jam kolam renang yang bagus dan dalam untuk anak anak dan dewasa,KOMPETITOR,Bintang 4,BestWesternKamalaJimbaran-bali,positive,0.999468982219696,Facilities & Amenities,Facilities & Amenities (1.00); Family & Group Friendly (0.98); Service Efficiency & Responsiveness (0.88)
Ketut Surichard,2024,5,sempurna hotel modern kamar bagus dan bersih hotelnya nyaman,KOMPETITOR,Bintang 4,BestWesternKamalaJimbaran-bali,positive,0.9992154836654663,Room Quality & Comfort,"Room Quality & Comfort (1.00); Facilities & Amenities (0.99); Cleanliness, Hygiene & Maintenance (0.99)"
Radet 046,2024,5,kamarnya bersih dan nyaman dan karyawannya juga ramah,KOMPETITOR,Bintang 4,BestWesternKamalaJimbaran-bali,positive,0.999138355255127,Room Quality & Comfort,"Room Quality & Comfort (1.00); Facilities & Amenities (0.99); Cleanliness, Hygiene & Maintenance (0.99)"
Arthur Kug,2022,5,kami sangat menikmatinya 100 layak dikunjungi liburan yang aktif dan hampir tanpa bahaya,KOMPETITOR,Bintang 4,BestWesternKamalaJimbaran-bali,positive,0.9989691972732544,Safety & Security,Safety & Security (0.94); Guest Experience (0.93); Check in/out Experience (0.93)
Ike Agustuti,2021,5,lokasi strategis dekat fasilitas umum pasar mudah cari makan kamar bagus dan luas,KOMPETITOR,Bintang 4,BestWesternKamalaJimbaran-bali,positive,0.9994564652442932,Facilities & Amenities,Facilities & Amenities (0.98); Room Quality & Comfort (0.95); Food & Beverage (0.94)
Esther Sim,2024,3,kamar menghadap langsung ke jalan kebisingan lalu lintas sepeda motor sepanjang malam,KOMPETITOR,Bintang 4,BestWesternKamalaJimbaran-bali,positive,0.9506335258483887,Facilities & Amenities,Facilities & Amenities (0.85); Guest Experience (0.84); Ambience & Design (0.63)
K,2024,1,Hotel yang mengerikan acaranya tidak berfungsi toiletnya bar tutup jam 21 lari dari tempat seperti ini,KOMPETITOR,Bintang 4,BestWesternKamalaJimbaran-bali,negative,0.9992536902427673,Facilities & Amenities,Facilities & Amenities (0.93); Guest Experience (0.92); Food & Beverage (0.88)
SACHIN gupta,2025,1,pelayanan sangat buruk properti lama mereka tidak menyediakan udara,KOMPETITOR,Bintang 4,BestWesternKamalaJimbaran-bali,negative,0.999492883682251,Guest Experience,Guest Experience (0.99); Service Quality (0.98); Facilities & Amenities (0.93)
Krisna Diantha Akassa,2023,5,pilihan terbaik di jimbaran lokasi suasana fasilitas dan harga saya tidak pernah ragu untuk kembali,KOMPETITOR,Bintang 4,BestWesternKamalaJimbaran-bali,positive,0.9994812607765198,Facilities & Amenities,Facilities & Amenities (1.00); Pricing & Value for Money (0.99); Ambience & Design (0.98)
Herni Vitriani,2023,1,hampir 30 orang menunggu kamar sampai jam 15 22 dengan belum siap,KOMPETITOR,Bintang 4,BestWesternKamalaJimbaran-bali,negative,0.9981381893157959,Facilities & Amenities,Facilities & Amenities (0.77); Guest Experience (0.69); Pricing & Value for Money (0.68)
Richard Samuel,2025,4,pengalaman yang menyenangkan menginap di hotel ini,KOMPETITOR,Bintang 4,BestWesternKamalaJimbaran-bali,positive,0.9861801266670227,Guest Experience,"Guest Experience (0.99); Service Quality (0.86); Cleanliness, Hygiene & Maintenance (0.85)"
Teuku M Akbar,2024,2,kamarnya bagus tapi sarapannya paling buruk mentenga beku,KOMPETITOR,Bintang 4,BestWesternKamalaJimbaran-bali,negative,0.9981428384780884,Facilities & Amenities,Facilities & Amenities (0.95); Guest Experience (0.94); Pricing & Value for Money (0.83)
doni suryantoro,2019,3,Tidak ada telur saat sarapan dan variasi makanannya terbatas suara dari kamar sebelah terdengar,KOMPETITOR,Bintang 4,BestWesternKamalaJimbaran-bali,negative,0.9807917475700378,Facilities & Amenities,Facilities & Amenities (0.91); Sustainability & Environmental Quality (0.66); Guest Experience (0.65)
Yunianto Kwa,2020,4,ini hotel yang bagus saya bisa melihat garuda wishnu kencana dari balkon,KOMPETITOR,Bintang 4,BestWesternKamalaJimbaran-bali,positive,0.9979546070098877,Guest Experience,Guest Experience (0.98); Facilities & Amenities (0.97); Service Quality (0.96)
Ci tra,2022,5,hotel staycation di daerah jimbaran sarapannya enak dengan harga terjangkau selama pandemi,KOMPETITOR,Bintang 4,BestWesternKamalaJimbaran-bali,positive,0.9994518160820007,Pricing & Value for Money,Pricing & Value for Money (0.94); Food & Beverage (0.93); Service Quality (0.86)
Сергей Сорокин,2024,5,kamar selalu bersih dan staf sangat kooperatif,KOMPETITOR,Bintang 4,BestWesternKamalaJimbaran-bali,positive,0.99832683801651,Service Efficiency & Responsiveness,"Service Efficiency & Responsiveness (0.99); Cleanliness, Hygiene & Maintenance (0.99); Service Quality (0.99)"
Mei Mei Porwanto,2022,5,luar biasa sangat merekomendasikan lokasi bagus akses mudah ke tempat makan,KOMPETITOR,Bintang 4,BestWesternKamalaJimbaran-bali,positive,0.9987565279006958,Food & Beverage,"Food & Beverage (0.98); Facilities & Amenities (0.97); Loyalty, Recommendation & Appreciation (0.95)"
A. Gani,2019,4,kamar oke lokasi oke sarapan perlu perbaikan serius,KOMPETITOR,Bintang 4,BestWesternKamalaJimbaran-bali,positive,0.8930821418762207,Facilities & Amenities,Facilities & Amenities (0.99); Guest Experience (0.98); Room Quality & Comfort (0.95)
Channel Aries,2020,4,bersih tapi wifi lambat dan tidak ada wifi publik gratis anda harus masuk terlebih dahulu,KOMPETITOR,Bintang 4,BestWesternKamalaJimbaran-bali,negative,0.9339102506637573,Service Quality,"Service Quality (0.94); Cleanliness, Hygiene & Maintenance (0.91); Sustainability & Environmental Quality (0.80)"
Neil Gill,2022,5,kamar bersih dan bagus sangat modern dan ramah staf,KOMPETITOR,Bintang 4,BestWesternKamalaJimbaran-bali,positive,0.9989491105079651,Room Quality & Comfort,"Room Quality & Comfort (1.00); Facilities & Amenities (0.99); Cleanliness, Hygiene & Maintenance (0.99)"
Daniel Tjahyono,2020,5,hotel nyaman kamar bersih menu sarapannya enak,KOMPETITOR,Bintang 4,BestWesternKamalaJimbaran-bali,positive,0.9992157220840454,Facilities & Amenities,"Facilities & Amenities (0.99); Cleanliness, Hygiene & Maintenance (0.99); Service Quality (0.98)"
Ong Andi Yusuf,2019,4,kamar bersih dan lobi terbuka yang bagus namun makanannya perlu ditingkatkan,KOMPETITOR,Bintang 4,BestWesternKamalaJimbaran-bali,positive,0.9859125018119812,Facilities & Amenities,"Facilities & Amenities (0.99); Cleanliness, Hygiene & Maintenance (0.98); Service Quality (0.96)"
mario tomage,2021,4,kekurangan staf karena covid tapi kamarnya bagus dan tidak mahal,KOMPETITOR,Bintang 4,BestWesternKamalaJimbaran-bali,negative,0.9538572430610657,Facilities & Amenities,Facilities & Amenities (0.99); Room Quality & Comfort (0.98); Service Quality (0.97)
Yusril Pezin,2024,5,Hotel ini sangat bagus dan sarapannya sangat baik,KOMPETITOR,Bintang 4,BestWesternKamalaJimbaran-bali,positive,0.9986143112182617,Food & Beverage,Food & Beverage (1.00); Service Quality (1.00); Facilities & Amenities (0.99)
Abby Go-Yap,2019,5,hotel yang sangat bagus dan bernilai uang,KOMPETITOR,Bintang 4,BestWesternKamalaJimbaran-bali,positive,0.9969910383224487,Pricing & Value for Money,Pricing & Value for Money (0.98); Service Quality (0.95); Facilities & Amenities (0.93)
Maria ML,2025,4,lokasi bagus sekitar 20 menit dari bandara bali,KOMPETITOR,Bintang 4,BestWesternKamalaJimbaran-bali,positive,0.9986328482627869,Facilities & Amenities,"Facilities & Amenities (0.95); Service Efficiency & Responsiveness (0.88); Cleanliness, Hygiene & Maintenance (0.85)"
Tony Wu (Tony),2024,4,jaringan hotel yang sangat bagus dengan fasilitas dan layanan yang baik,KOMPETITOR,Bintang 4,BestWesternKamalaJimbaran-bali,positive,0.9975850582122803,Service Quality,Service Quality (0.99); Facilities & Amenities (0.99); Service Efficiency & Responsiveness (0.96)
Adi Saputra,2024,5,Pelayanan bagus kamar bagus hotel bersih dan rapi,KOMPETITOR,Bintang 4,BestWesternKamalaJimbaran-bali,positive,0.999096155166626,Service Quality,"Service Quality (1.00); Cleanliness, Hygiene & Maintenance (1.00); Room Quality & Comfort (1.00)"
peter J,2019,5,pilihan bagus untuk hotel yang tidak terlalu mahal kecuali sarapannya,KOMPETITOR,Bintang 4,BestWesternKamalaJimbaran-bali,positive,0.9982588887214661,Food & Beverage,Food & Beverage (1.00); Pricing & Value for Money (0.98); Service Quality (0.93)
Nathan Soesanto,2024,5,lokasi bagus pelayanan bagus sarapan enak dan tempat nyaman,KOMPETITOR,Bintang 4,BestWesternKamalaJimbaran-bali,positive,0.999144434928894,Service Quality,Service Quality (1.00); Facilities & Amenities (1.00); Room Quality & Comfort (0.99)
Adi 1908,2024,5,Dekorasi kamar dan toilet kamar tamu sangat bersih dan rapi,KOMPETITOR,Bintang 4,BestWesternKamalaJimbaran-bali,positive,0.9990441203117371,"Cleanliness, Hygiene & Maintenance","Cleanliness, Hygiene & Maintenance (1.00); Facilities & Amenities (1.00); Guest Experience (0.98)"
Yenny Hartono,2020,5,tempatnya bagus makanannya enak jus jeruk dan nanasnya,KOMPETITOR,Bintang 4,BestWesternKamalaJimbaran-bali,positive,0.9992178678512573,Facilities & Amenities,Facilities & Amenities (0.99); Food & Beverage (0.95); Room Quality & Comfort (0.84)
Bean ny,2024,5,terbaik untuk jangkauannya sangat dekat dengan gwk dekat dengan pertokoan staf yang ramah,KOMPETITOR,Bintang 4,BestWesternKamalaJimbaran-bali,positive,0.9990361928939819,Service Quality,Service Quality (0.97); Facilities & Amenities (0.96); Service Efficiency & Responsiveness (0.95)
Joni Widi,2024,5,kamar nyaman bersih bagus rekomendasi,KOMPETITOR,Bintang 4,BestWesternKamalaJimbaran-bali,positive,0.9993159770965576,Room Quality & Comfort,"Room Quality & Comfort (0.98); Cleanliness, Hygiene & Maintenance (0.97); Facilities & Amenities (0.92)"
dea christiaan,2024,5,sangat nyaman staf ramah dan membantu kamar bersih,KOMPETITOR,Bintang 4,BestWesternKamalaJimbaran-bali,positive,0.998948872089386,Facilities & Amenities,"Facilities & Amenities (0.99); Staff Conduct & Hospitality (0.99); Cleanliness, Hygiene & Maintenance (0.99)"
hedi julian,2025,5,terima kasih banyak kepada bapak aan atas bantuannya yang sangat luar biasa,KOMPETITOR,Bintang 4,BestWesternKamalaJimbaran-bali,positive,0.9933819770812988,Service Quality,"Service Quality (0.88); Loyalty, Recommendation & Appreciation (0.66); Service Efficiency & Responsiveness (0.64)"
Giri Teguh Ardiansyah,2025,4,bersih dan istimewa teruskan,KOMPETITOR,Bintang 4,BestWesternKamalaJimbaran-bali,positive,0.9990046620368958,"Cleanliness, Hygiene & Maintenance","Cleanliness, Hygiene & Maintenance (1.00); Sustainability & Environmental Quality (0.98); Service Quality (0.96)"
norita hutasoit,2025,5,merekomendasikan,KOMPETITOR,Bintang 4,BestWesternKamalaJimbaran-bali,positive,0.9985063672065735,"Cleanliness, Hygiene & Maintenance","Cleanliness, Hygiene & Maintenance (0.92); Facilities & Amenities (0.87); Safety & Security (0.79)"
Ikhsan Nur Rosid,2021,5,Saya menikmati masa inap saya stafnya baik dan penuh perhatian,KOMPETITOR,Bintang 4,BestWesternKamalaJimbaran-bali,positive,0.9984642267227173,Service Quality,Service Quality (0.99); Service Efficiency & Responsiveness (0.95); Guest Experience (0.94)
Eris Rismawati Utami,2024,5,Semuanya bagus terutama lokasinya pasti akan kembali lagi,KOMPETITOR,Bintang 4,BestWesternKamalaJimbaran-bali,positive,0.9985787868499756,Facilities & Amenities,Facilities & Amenities (0.99); Service Quality (0.92); Sustainability & Environmental Quality (0.89)
Eko Fitrianto,2020,5,tempatnya bagus terima kasih atas keramahtamahannya dri pak ferdinand sebagai fbm nya,KOMPETITOR,Bintang 4,BestWesternKamalaJimbaran-bali,positive,0.9974005222320557,Service Quality,Service Quality (0.95); Guest Experience (0.95); Staff Conduct & Hospitality (0.92)
Lyna Panjaitan,2022,4,datang saja untuk paket berenang kolam renang dan lingkungan yang bagus,KOMPETITOR,Bintang 4,BestWesternKamalaJimbaran-bali,positive,0.9969522953033447,Facilities & Amenities,Facilities & Amenities (0.99); Sustainability & Environmental Quality (0.99); Guest Experience (0.91)
Mun Ching -,2025,4,tidak terlalu jauh dari bandara dan tidak terlalu jauh dari pantai jimbaran,KOMPETITOR,Bintang 4,BestWesternKamalaJimbaran-bali,positive,0.9971464276313782,Facilities & Amenities,"Facilities & Amenities (0.96); Cleanliness, Hygiene & Maintenance (0.93); Location, Accessibility & Parking (0.90)"
Saiful Anwar IWG F&B,2025,4,jarak ruang dan kamar sangat bersih dan rapi,KOMPETITOR,Bintang 4,BestWesternKamalaJimbaran-bali,positive,0.9993064403533936,"Cleanliness, Hygiene & Maintenance","Cleanliness, Hygiene & Maintenance (1.00); Facilities & Amenities (0.98); Service Quality (0.95)"
Geles Lluna,2019,4,hotelnya bagus dan bersih sarapannya enak,KOMPETITOR,Bintang 4,BestWesternKamalaJimbaran-bali,positive,0.9992573857307434,Facilities & Amenities,"Facilities & Amenities (0.99); Cleanliness, Hygiene & Maintenance (0.99); Service Quality (0.99)"
Dewa Aditya,2024,5,kebersihannya bagus kamarnya bersih banget harganya sesuai dengan kualitasnya,KOMPETITOR,Bintang 4,BestWesternKamalaJimbaran-bali,positive,0.9991639852523804,Pricing & Value for Money,Pricing & Value for Money (0.98); Service Quality (0.98); Room Quality & Comfort (0.89)
Cindy Karnita,2024,5,tempat menginap yang nyaman dan stafnya juga baik,KOMPETITOR,Bintang 4,BestWesternKamalaJimbaran-bali,positive,0.998923122882843,Facilities & Amenities,Facilities & Amenities (0.99); Service Quality (0.99); Room Quality & Comfort (0.99)
I wayan Eka suryana,2024,5,kamar hotel yang bagus bersih dan segar,KOMPETITOR,Bintang 4,BestWesternKamalaJimbaran-bali,positive,0.9989205598831177,"Cleanliness, Hygiene & Maintenance","Cleanliness, Hygiene & Maintenance (0.99); Room Quality & Comfort (0.98); Service Quality (0.98)"
Fenddy Chen,2025,1,telepon tidak diangkat staf tidak siap di lobi,KOMPETITOR,Bintang 4,BestWesternKamalaJimbaran-bali,negative,0.999154806137085,Guest Experience,Guest Experience (0.82); Facilities & Amenities (0.78); Service Quality (0.77)
Eric Wijanta,2020,4,Hotel bersih dekat dengan patung gwk yang terkenal,KOMPETITOR,Bintang 4,BestWesternKamalaJimbaran-bali,positive,0.999016523361206,Service Quality,"Service Quality (0.99); Cleanliness, Hygiene & Maintenance (0.96); Sustainability & Environmental Quality (0.96)"
Michael William Susanto,2023,5,kamar bagus lokasi bagus harga bagus,KOMPETITOR,Bintang 4,BestWesternKamalaJimbaran-bali,positive,0.9992102384567261,Guest Experience,Guest Experience (0.96); Pricing & Value for Money (0.96); Facilities & Amenities (0.95)
Ngelah kak Kak ajak ngorto,2024,5,kamar tidur yang nyaman dan kamar yang sangat bersih,KOMPETITOR,Bintang 4,BestWesternKamalaJimbaran-bali,positive,0.9985789060592651,Room Quality & Comfort,"Room Quality & Comfort (1.00); Cleanliness, Hygiene & Maintenance (0.99); Facilities & Amenities (0.98)"
Gik Ne,2024,5,kamar tidur yang nyaman dan kamar yang sangat bersih,KOMPETITOR,Bintang 4,BestWesternKamalaJimbaran-bali,positive,0.9985789060592651,Room Quality & Comfort,"Room Quality & Comfort (1.00); Cleanliness, Hygiene & Maintenance (0.99); Facilities & Amenities (0.98)"
Graham Hindle,2023,5,harga sangat terjangkau dan sangat bersih serta terorganisir,KOMPETITOR,Bintang 4,BestWesternKamalaJimbaran-bali,positive,0.9987483024597168,"Cleanliness, Hygiene & Maintenance","Cleanliness, Hygiene & Maintenance (0.98); Pricing & Value for Money (0.96); Service Efficiency & Responsiveness (0.95)"
Thalaq 2dan3,2025,5,terbaik luar biasa,KOMPETITOR,Bintang 4,BestWesternKamalaJimbaran-bali,positive,0.9895147085189819,Sustainability & Environmental Quality,"Sustainability & Environmental Quality (0.74); Cleanliness, Hygiene & Maintenance (0.73); Facilities & Amenities (0.66)"
Darma Setiawan,2019,3,Butuh waktu 30 menit untuk memeriksa masuk grup 3 kamar,KOMPETITOR,Bintang 4,BestWesternKamalaJimbaran-bali,neutral,0.9281463623046875,Guest Experience,Guest Experience (0.78); Booking & Reservation Experience (0.72); Safety & Security (0.69)
mbg,2025,5,lokasi bagus dekat gwk,KOMPETITOR,Bintang 4,BestWesternKamalaJimbaran-bali,positive,0.9993557333946228,Facilities & Amenities,Facilities & Amenities (0.91); Sustainability & Environmental Quality (0.86); Service Efficiency & Responsiveness (0.85)
Indah Sari,2024,5,kebersihan bagus staf bagus pelayanan bagus kamar bagus makanan enak internet bagus lokasi bagus,KOMPETITOR,Bintang 4,BestWesternKamalaJimbaran-bali,positive,0.9991976618766785,Service Quality,"Service Quality (1.00); Cleanliness, Hygiene & Maintenance (1.00); Facilities & Amenities (0.99)"
olwan cardenas,2025,5,pelayanan prima,KOMPETITOR,Bintang 4,BestWesternKamalaJimbaran-bali,positive,0.9992730021476746,Service Quality,"Service Quality (1.00); Service Efficiency & Responsiveness (0.98); Cleanliness, Hygiene & Maintenance (0.98)"
brand game,2024,1,harganya sangat mahal levelnya tidak sesuai,KOMPETITOR,Bintang 4,BestWesternKamalaJimbaran-bali,negative,0.9992714524269104,Pricing & Value for Money,Pricing & Value for Money (0.76); Food & Beverage (0.43); Religious & Halal Features (0.36)
Peter Bonthuis,2024,4,pelayanannya bagus tapi kadang kadang agak berisik,KOMPETITOR,Bintang 4,BestWesternKamalaJimbaran-bali,positive,0.9876135587692261,Service Quality,Service Quality (0.99); Guest Experience (0.88); Facilities & Amenities (0.69)
Ni Kadek Dwi Utari,2024,5,kamar bersih dekat gwk pemandangan bagus,KOMPETITOR,Bintang 4,BestWesternKamalaJimbaran-bali,positive,0.9990843534469604,Service Quality,"Service Quality (0.96); Cleanliness, Hygiene & Maintenance (0.96); Facilities & Amenities (0.93)"
Diah Prabandani,2022,4,Pelayanannya bagus untuk pelanggannya selamat hari raya kuningan suksama,KOMPETITOR,Bintang 4,BestWesternKamalaJimbaran-bali,positive,0.9989669322967529,Service Quality,Service Quality (1.00); Guest Experience (1.00); Staff Conduct & Hospitality (0.91)
Ria Aryanti,2024,5,kebersihan baik staf baik pelayanan baik kamar bagus makanan enak internet bagus lokasi bagus,KOMPETITOR,Bintang 4,BestWesternKamalaJimbaran-bali,positive,0.9985889792442322,"Cleanliness, Hygiene & Maintenance","Cleanliness, Hygiene & Maintenance (1.00); Service Quality (1.00); Facilities & Amenities (1.00)"
Magnuss Kārkliņš,2024,5,Hotelnya lumayan pasti akan menginap lagi,KOMPETITOR,Bintang 4,BestWesternKamalaJimbaran-bali,positive,0.9989894032478333,Facilities & Amenities,Facilities & Amenities (0.84); Pricing & Value for Money (0.83); Guest Experience (0.81)
Dekk Ayuuu,2024,5,kebersihan baik pelayanan baik kamar bagus lokasi bagus,KOMPETITOR,Bintang 4,BestWesternKamalaJimbaran-bali,positive,0.9990602135658264,Service Quality,"Service Quality (1.00); Cleanliness, Hygiene & Maintenance (1.00); Room Quality & Comfort (1.00)"
Pedal On Metal,2024,3,kamar yang menghadap jalan sangat bising,KOMPETITOR,Bintang 4,BestWesternKamalaJimbaran-bali,negative,0.9752715229988098,Guest Experience,Guest Experience (0.73); Sustainability & Environmental Quality (0.63); Facilities & Amenities (0.59)
Diby Neihla,2023,5,internetnya cepat dan sarapannya enak variatif,KOMPETITOR,Bintang 4,BestWesternKamalaJimbaran-bali,positive,0.9993202686309814,Service Efficiency & Responsiveness,Service Efficiency & Responsiveness (0.97); Facilities & Amenities (0.96); Digital Connectivity & Technology (0.96)
Michael Chai (Mickey),2019,3,hotel baru saja dibuka tetapi pms belum beroperasi penuh,KOMPETITOR,Bintang 4,BestWesternKamalaJimbaran-bali,negative,0.8432848453521729,Management & Policy Issues,Management & Policy Issues (0.84); Personalized & Special Services (0.63); Service Quality (0.58)
Tommy Wijaya,2020,5,hotel budget bagus dengan pelayanan bagus,KOMPETITOR,Bintang 4,BestWesternKamalaJimbaran-bali,positive,0.9990512728691101,Service Quality,Service Quality (1.00); Pricing & Value for Money (0.98); Guest Experience (0.95)
samuel narthawie,2023,3,hotel yang bagus di uluwatu bali,KOMPETITOR,Bintang 4,BestWesternKamalaJimbaran-bali,positive,0.9992495179176331,Service Quality,Service Quality (0.93); Sustainability & Environmental Quality (0.86); Facilities & Amenities (0.80)
Liong Fonsin,2020,3,hotel tanpa kamar kebugaran,KOMPETITOR,Bintang 4,BestWesternKamalaJimbaran-bali,negative,0.9988405108451843,Facilities & Amenities,Facilities & Amenities (0.74); Sustainability & Environmental Quality (0.63); Guest Experience (0.62)
Sagung Sawitri,2019,4,ruang pertemuan bagus luas,KOMPETITOR,Bintang 4,BestWesternKamalaJimbaran-bali,positive,0.9992914199829102,Facilities & Amenities,Facilities & Amenities (0.95); Room Quality & Comfort (0.88); Guest Experience (0.83)
Eric Yusup,2018,5,hotel terbaik kamar terbaik makanan terbaik harga terbaik,KOMPETITOR,Bintang 4,BestWesternKamalaJimbaran-bali,positive,0.998665452003479,Pricing & Value for Money,Pricing & Value for Money (0.98); Facilities & Amenities (0.91); Guest Experience (0.87)
MARCO VAN GEERTSOM,2019,4,tempat makan siang yang menyenangkan untuk berlibur sangat dekat dengan gwk,KOMPETITOR,Bintang 4,BestWesternKamalaJimbaran-bali,positive,0.99891197681427,Food & Beverage,Food & Beverage (0.86); Family & Group Friendly (0.84); Guest Experience (0.79)
IB. Setya,2023,4,Cukup bagus untuk hotel bintang tiga,KOMPETITOR,Bintang 4,BestWesternKamalaJimbaran-bali,positive,0.9980798959732056,Service Quality,"Service Quality (0.91); Sustainability & Environmental Quality (0.80); Loyalty, Recommendation & Appreciation (0.74)"
Nere Wayan,2024,5,Jemput tamu kami untuk pelajaran di Berlin,KOMPETITOR,Bintang 4,BestWesternKamalaJimbaran-bali,neutral,0.996839165687561,Guest Experience,Guest Experience (0.98); Check in/out Experience (0.97); Booking & Reservation Experience (0.69)
Indira Putri,2024,5,stafnya ramah dan makanannya enak,KOMPETITOR,Bintang 4,BestWesternKamalaJimbaran-bali,positive,0.9984486103057861,Staff Conduct & Hospitality,Staff Conduct & Hospitality (0.99); Service Quality (0.98); Facilities & Amenities (0.95)
Rendy Budiman,2019,5,stafnya ramah mereka bahkan memberi saya upgrade ke suite,KOMPETITOR,Bintang 4,BestWesternKamalaJimbaran-bali,positive,0.9745982885360718,Service Quality,Service Quality (0.95); Staff Conduct & Hospitality (0.95); Facilities & Amenities (0.95)
Michael,2025,5,hotel favorit saya di jimbaran,KOMPETITOR,Bintang 4,BestWesternKamalaJimbaran-bali,positive,0.9980893731117249,Facilities & Amenities,"Facilities & Amenities (0.92); Loyalty, Recommendation & Appreciation (0.87); Guest Experience (0.85)"
Frisca Amelia Pradikta,2025,5,terbaik terima kasih mas aan,KOMPETITOR,Bintang 4,BestWesternKamalaJimbaran-bali,positive,0.9955366849899292,"Loyalty, Recommendation & Appreciation","Loyalty, Recommendation & Appreciation (0.89); Service Quality (0.82); Cleanliness, Hygiene & Maintenance (0.71)"
rama dhanti,2020,5,kamar sangat bagus dan bersih,KOMPETITOR,Bintang 4,BestWesternKamalaJimbaran-bali,positive,0.9990832805633545,Room Quality & Comfort,"Room Quality & Comfort (1.00); Cleanliness, Hygiene & Maintenance (1.00); Facilities & Amenities (0.98)"
Yudi Priyono,2020,4,Hotel di atas bukit aku suka itu,KOMPETITOR,Bintang 4,BestWesternKamalaJimbaran-bali,positive,0.9985033273696899,Facilities & Amenities,Facilities & Amenities (0.96); Guest Experience (0.96); Sustainability & Environmental Quality (0.94)
Jenina Lontoh,2023,4,kamar besar dan terletak di jalan utama menuju uluwatu,KOMPETITOR,Bintang 4,BestWesternKamalaJimbaran-bali,positive,0.9978450536727905,Facilities & Amenities,"Facilities & Amenities (0.96); Loyalty, Recommendation & Appreciation (0.88); Guest Experience (0.80)"
Maximus Aldo Mahardika,2019,5,hotel bagus dengan harga terjangkau,KOMPETITOR,Bintang 4,BestWesternKamalaJimbaran-bali,positive,0.9992002844810486,Pricing & Value for Money,Pricing & Value for Money (0.96); Service Quality (0.91); Facilities & Amenities (0.88)
Latif Furqon,2020,5,terima kasih bwkj kami bersenang senang,KOMPETITOR,Bintang 4,BestWesternKamalaJimbaran-bali,positive,0.9969215989112854,"Loyalty, Recommendation & Appreciation","Loyalty, Recommendation & Appreciation (0.85); Booking & Reservation Experience (0.69); Cleanliness, Hygiene & Maintenance (0.69)"
Irma Nurmaliah,2025,5,sempurna,KOMPETITOR,Bintang 4,BestWesternKamalaJimbaran-bali,positive,0.9970372915267944,"Cleanliness, Hygiene & Maintenance","Cleanliness, Hygiene & Maintenance (0.91); Facilities & Amenities (0.84); Sustainability & Environmental Quality (0.80)"
Rina Agustiyani,2025,5,Ini pohon terbaik,KOMPETITOR,Bintang 4,BestWesternKamalaJimbaran-bali,positive,0.9980646967887878,Sustainability & Environmental Quality,"Sustainability & Environmental Quality (0.89); Cleanliness, Hygiene & Maintenance (0.82); Facilities & Amenities (0.74)"
Denny C,2020,3,lingkungan yang bising tidak bisa tidur nyenyak,KOMPETITOR,Bintang 4,BestWesternKamalaJimbaran-bali,negative,0.9993032217025757,Facilities & Amenities,Facilities & Amenities (0.74); Sustainability & Environmental Quality (0.70); Pricing & Value for Money (0.60)
Ben Vrolijk,2024,5,layanan terbaik dan pembersihan sempurna,KOMPETITOR,Bintang 4,BestWesternKamalaJimbaran-bali,positive,0.9988975524902344,"Cleanliness, Hygiene & Maintenance","Cleanliness, Hygiene & Maintenance (1.00); Service Quality (1.00); Service Efficiency & Responsiveness (0.99)"
KIAGUS ZAINAL ARIFIN,2020,4,fasilitas bagus dan pelayanan bagus,KOMPETITOR,Bintang 4,BestWesternKamalaJimbaran-bali,positive,0.9992825388908386,Service Quality,Service Quality (0.99); Facilities & Amenities (0.98); Service Efficiency & Responsiveness (0.97)
Filbert B,2020,5,hotel yang bagus dan terjangkau,KOMPETITOR,Bintang 4,BestWesternKamalaJimbaran-bali,positive,0.9986028075218201,Facilities & Amenities,Facilities & Amenities (0.96); Pricing & Value for Money (0.96); Service Quality (0.95)
Giri Chandra,2024,5,hotel terbaik di dunia,KOMPETITOR,Bintang 4,BestWesternKamalaJimbaran-bali,positive,0.998397171497345,Service Quality,Service Quality (0.95); Facilities & Amenities (0.93); Sustainability & Environmental Quality (0.90)
Alexa Florian,2020,4,sarapan bersih dan lezat,KOMPETITOR,Bintang 4,BestWesternKamalaJimbaran-bali,positive,0.9971007704734802,"Cleanliness, Hygiene & Maintenance","Cleanliness, Hygiene & Maintenance (1.00); Service Quality (0.97); Sustainability & Environmental Quality (0.97)"
Mohammad Rizky Sugiono,2023,5,sarapannya enak istri bagus,KOMPETITOR,Bintang 4,BestWesternKamalaJimbaran-bali,positive,0.9987925291061401,Food & Beverage,"Food & Beverage (0.96); Service Quality (0.95); Loyalty, Recommendation & Appreciation (0.92)"
우구부부,2021,4,harganya terjangkau tapi jangan makan nasinya,KOMPETITOR,Bintang 4,BestWesternKamalaJimbaran-bali,negative,0.9217092990875244,Pricing & Value for Money,Pricing & Value for Money (0.95); Religious & Halal Features (0.79); Facilities & Amenities (0.75)
De Gus,2024,5,Sangat bagus,KOMPETITOR,Bintang 4,BestWesternKamalaJimbaran-bali,positive,0.992965817451477,"Cleanliness, Hygiene & Maintenance","Cleanliness, Hygiene & Maintenance (0.89); Sustainability & Environmental Quality (0.89); Facilities & Amenities (0.85)"
steve supit,2019,5,hotel yang bagus dan bersih,KOMPETITOR,Bintang 4,BestWesternKamalaJimbaran-bali,positive,0.9992087483406067,"Cleanliness, Hygiene & Maintenance","Cleanliness, Hygiene & Maintenance (0.99); Service Quality (0.99); Room Quality & Comfort (0.97)"
Linda Pamela,2023,5,hotel bagus di bali,KOMPETITOR,Bintang 4,BestWesternKamalaJimbaran-bali,positive,0.9989631175994873,Sustainability & Environmental Quality,"Sustainability & Environmental Quality (0.94); Service Quality (0.94); Cleanliness, Hygiene & Maintenance (0.92)"
Yoke Pelupessy,2020,4,Sangat bagus,KOMPETITOR,Bintang 4,BestWesternKamalaJimbaran-bali,positive,0.992965817451477,"Cleanliness, Hygiene & Maintenance","Cleanliness, Hygiene & Maintenance (0.89); Sustainability & Environmental Quality (0.89); Facilities & Amenities (0.85)"
manny townson,2025,5,hotel yang bagus,KOMPETITOR,Bintang 4,BestWesternKamalaJimbaran-bali,positive,0.9990472197532654,Service Quality,"Service Quality (0.95); Facilities & Amenities (0.92); Cleanliness, Hygiene & Maintenance (0.88)"
Agus Waluyo,2021,5,Sangat bagus,KOMPETITOR,Bintang 4,BestWesternKamalaJimbaran-bali,positive,0.992965817451477,"Cleanliness, Hygiene & Maintenance","Cleanliness, Hygiene & Maintenance (0.89); Sustainability & Environmental Quality (0.89); Facilities & Amenities (0.85)"
Lapak Pedia,2019,5,Tempat terbaik untuk beristirahatkan tubuhmu,KOMPETITOR,Bintang 4,BestWesternKamalaJimbaran-bali,positive,0.9951678514480591,Facilities & Amenities,Facilities & Amenities (0.86); Room Quality & Comfort (0.62); Sustainability & Environmental Quality (0.58)
Jarot Djody,2025,5,hotel yang bagus,KOMPETITOR,Bintang 4,BestWesternKamalaJimbaran-bali,positive,0.9990472197532654,Service Quality,"Service Quality (0.95); Facilities & Amenities (0.92); Cleanliness, Hygiene & Maintenance (0.88)"
Rifki Aryanto,2023,5,akomodasi yang direkomendasikan,KOMPETITOR,Bintang 4,BestWesternKamalaJimbaran-bali,positive,0.9697099924087524,Facilities & Amenities,"Facilities & Amenities (0.78); Loyalty, Recommendation & Appreciation (0.62); Sustainability & Environmental Quality (0.62)"
Paolo Tanzi,2022,3,sarapannya harus lebih baik,KOMPETITOR,Bintang 4,BestWesternKamalaJimbaran-bali,positive,0.9964565634727478,Service Quality,Service Quality (0.98); Food & Beverage (0.95); Pricing & Value for Money (0.93)
Nadia Calleriza,2024,5,nilai yang bagus untuk tempat ini,KOMPETITOR,Bintang 4,BestWesternKamalaJimbaran-bali,positive,0.9983500242233276,Pricing & Value for Money,Pricing & Value for Money (0.95); Facilities & Amenities (0.92); Cultural & Heritage Experience (0.85)
Sultan Playboy,2025,5,bagus,KOMPETITOR,Bintang 4,BestWesternKamalaJimbaran-bali,positive,0.9981029033660889,"Cleanliness, Hygiene & Maintenance","Cleanliness, Hygiene & Maintenance (0.91); Facilities & Amenities (0.90); Sustainability & Environmental Quality (0.82)"
Ana Supriyanto,2024,5,Pelayanan yang baik suasana yang baik,KOMPETITOR,Bintang 4,BestWesternKamalaJimbaran-bali,positive,0.9865575432777405,Service Quality,Service Quality (1.00); Guest Experience (1.00); Room Quality & Comfort (0.99)
Colguides,2019,5,suka kamar hotelnya,KOMPETITOR,Bintang 4,BestWesternKamalaJimbaran-bali,positive,0.9775428771972656,Guest Experience,Guest Experience (0.93); Room Quality & Comfort (0.87); Sustainability & Environmental Quality (0.85)
Adyo Asaputra Kadarisman -,2023,5,sempurna,KOMPETITOR,Bintang 4,BestWesternKamalaJimbaran-bali,positive,0.9970322847366333,"Cleanliness, Hygiene & Maintenance","Cleanliness, Hygiene & Maintenance (0.91); Facilities & Amenities (0.84); Sustainability & Environmental Quality (0.80)"
Aspiration Elman,2025,5,Biarkan bintang berbicara,KOMPETITOR,Bintang 4,BestWesternKamalaJimbaran-bali,neutral,0.9712509512901306,Pricing & Value for Money,Pricing & Value for Money (0.63); Sustainability & Environmental Quality (0.62); Personalized & Special Services (0.61)
Etha Octarayana,2024,5,kamar bersih dan rapi,KOMPETITOR,Bintang 4,BestWesternKamalaJimbaran-bali,positive,0.9990628361701965,"Cleanliness, Hygiene & Maintenance","Cleanliness, Hygiene & Maintenance (1.00); Room Quality & Comfort (0.99); Service Quality (0.97)"
Aam Awaludin,2025,5,hotel yang nyaman dan bagus,KOMPETITOR,Bintang 4,BestWesternKamalaJimbaran-bali,positive,0.9990522265434265,Facilities & Amenities,Facilities & Amenities (0.97); Service Quality (0.97); Room Quality & Comfort (0.96)
Michael Tanardi,2024,4,"Oke, oke.",KOMPETITOR,Bintang 4,BestWesternKamalaJimbaran-bali,neutral,0.7123894095420837,"Cleanliness, Hygiene & Maintenance","Cleanliness, Hygiene & Maintenance (0.86); Facilities & Amenities (0.79); Sustainability & Environmental Quality (0.70)"
David L Liem,2019,1,Jangan pernah pergi ke sana,KOMPETITOR,Bintang 4,BestWesternKamalaJimbaran-bali,positive,0.573991596698761,Facilities & Amenities,Facilities & Amenities (0.87); Sustainability & Environmental Quality (0.78); Religious & Halal Features (0.78)
Eryna Egi,2025,5,tempat bagus pelayanan bagus,KOMPETITOR,Bintang 4,BestWesternKamalaJimbaran-bali,positive,0.998898983001709,Service Quality,Service Quality (1.00); Room Quality & Comfort (0.97); Facilities & Amenities (0.97)
MAHA HERBAL Kutus Kutus Sanga Sanga,2018,5,Baru hadir dengan desain modern,KOMPETITOR,Bintang 4,BestWesternKamalaJimbaran-bali,positive,0.9641011953353882,Facilities & Amenities,"Facilities & Amenities (0.68); Sustainability & Environmental Quality (0.68); Cleanliness, Hygiene & Maintenance (0.67)"
Me and My Familly,2025,4,bagus,KOMPETITOR,Bintang 4,BestWesternKamalaJimbaran-bali,positive,0.9981029033660889,"Cleanliness, Hygiene & Maintenance","Cleanliness, Hygiene & Maintenance (0.91); Facilities & Amenities (0.90); Sustainability & Environmental Quality (0.82)"
Arya Adie Kusuma,2023,5,Bagus sekali,KOMPETITOR,Bintang 4,BestWesternKamalaJimbaran-bali,positive,0.9765998721122742,"Cleanliness, Hygiene & Maintenance","Cleanliness, Hygiene & Maintenance (0.92); Facilities & Amenities (0.89); Sustainability & Environmental Quality (0.79)"
oksal gunawan,2023,5,lemah,KOMPETITOR,Bintang 4,BestWesternKamalaJimbaran-bali,negative,0.6469550728797913,Facilities & Amenities,Facilities & Amenities (0.47); Pricing & Value for Money (0.45); Religious & Halal Features (0.27)
Hendy Satria,2022,5,hotel dengan pemandangan indah,KOMPETITOR,Bintang 4,BestWesternKamalaJimbaran-bali,positive,0.9988929629325867,Facilities & Amenities,Facilities & Amenities (0.93); Sustainability & Environmental Quality (0.91); Ambience & Design (0.83)
Danang PUTRA,2024,5,keren mayan,KOMPETITOR,Bintang 4,BestWesternKamalaJimbaran-bali,positive,0.9978650212287903,"Cleanliness, Hygiene & Maintenance","Cleanliness, Hygiene & Maintenance (0.83); Sustainability & Environmental Quality (0.78); Facilities & Amenities (0.72)"
Stephan,2021,5,Tarifnya sangat bagus,KOMPETITOR,Bintang 4,BestWesternKamalaJimbaran-bali,positive,0.9990203380584717,Pricing & Value for Money,"Pricing & Value for Money (0.97); Service Quality (0.95); Cleanliness, Hygiene & Maintenance (0.87)"
Rima Salpizben,2024,5,suka itu,KOMPETITOR,Bintang 4,BestWesternKamalaJimbaran-bali,positive,0.9577877521514893,"Cleanliness, Hygiene & Maintenance","Cleanliness, Hygiene & Maintenance (0.92); Facilities & Amenities (0.84); Cultural & Heritage Experience (0.79)"
Nur Hayati,2022,5,Sangat dekat dengan gwk,KOMPETITOR,Bintang 4,BestWesternKamalaJimbaran-bali,positive,0.9988864064216614,Facilities & Amenities,"Facilities & Amenities (0.82); Cleanliness, Hygiene & Maintenance (0.82); Sustainability & Environmental Quality (0.75)"
Domi W,2024,4,hotel yang bagus,KOMPETITOR,Bintang 4,BestWesternKamalaJimbaran-bali,positive,0.9990485310554504,Service Quality,"Service Quality (0.95); Facilities & Amenities (0.92); Cleanliness, Hygiene & Maintenance (0.88)"
Bagus Suriawan,2022,5,anggaran anggaran kantor hi hi hi,KOMPETITOR,Bintang 4,BestWesternKamalaJimbaran-bali,neutral,0.9922175407409668,Management & Policy Issues,Management & Policy Issues (0.23); Pricing & Value for Money (0.15); Sustainability & Environmental Quality (0.14)
Acep R,2019,4,tempat yang bagus dekat gwk,KOMPETITOR,Bintang 4,BestWesternKamalaJimbaran-bali,positive,0.9987554550170898,Facilities & Amenities,"Facilities & Amenities (0.91); Cleanliness, Hygiene & Maintenance (0.82); Sustainability & Environmental Quality (0.80)"
Luhtu Setia17,2024,5,semuanya hebat,KOMPETITOR,Bintang 4,BestWesternKamalaJimbaran-bali,positive,0.9985731840133667,"Cleanliness, Hygiene & Maintenance","Cleanliness, Hygiene & Maintenance (0.88); Sustainability & Environmental Quality (0.87); Facilities & Amenities (0.82)"
Eduard Ubas,2023,5,bagus,KOMPETITOR,Bintang 4,BestWesternKamalaJimbaran-bali,positive,0.9981029033660889,"Cleanliness, Hygiene & Maintenance","Cleanliness, Hygiene & Maintenance (0.91); Facilities & Amenities (0.90); Sustainability & Environmental Quality (0.82)"
Mitchell Macquarie,2025,5,sesuai dengan harga,KOMPETITOR,Bintang 4,BestWesternKamalaJimbaran-bali,positive,0.9650232195854187,Pricing & Value for Money,Pricing & Value for Money (0.94); Sustainability & Environmental Quality (0.55); Cultural & Heritage Experience (0.44)
Rini Muchtar,2023,5,bagus,KOMPETITOR,Bintang 4,BestWesternKamalaJimbaran-bali,positive,0.9981029033660889,"Cleanliness, Hygiene & Maintenance","Cleanliness, Hygiene & Maintenance (0.91); Facilities & Amenities (0.89); Sustainability & Environmental Quality (0.82)"
yuanita laya,2023,5,bagus,KOMPETITOR,Bintang 4,BestWesternKamalaJimbaran-bali,positive,0.9981029033660889,"Cleanliness, Hygiene & Maintenance","Cleanliness, Hygiene & Maintenance (0.91); Facilities & Amenities (0.90); Sustainability & Environmental Quality (0.82)"
Wayan Purna,2020,5,bagus,KOMPETITOR,Bintang 4,BestWesternKamalaJimbaran-bali,positive,0.9981029033660889,"Cleanliness, Hygiene & Maintenance","Cleanliness, Hygiene & Maintenance (0.91); Facilities & Amenities (0.89); Sustainability & Environmental Quality (0.82)"
Pete Samphas,2020,5,bagus dan bersih,KOMPETITOR,Bintang 4,BestWesternKamalaJimbaran-bali,positive,0.9990599751472473,"Cleanliness, Hygiene & Maintenance","Cleanliness, Hygiene & Maintenance (1.00); Sustainability & Environmental Quality (0.96); Facilities & Amenities (0.93)"
Yenarto Journey,2020,5,bagus,KOMPETITOR,Bintang 4,BestWesternKamalaJimbaran-bali,positive,0.9981029033660889,"Cleanliness, Hygiene & Maintenance","Cleanliness, Hygiene & Maintenance (0.91); Facilities & Amenities (0.89); Sustainability & Environmental Quality (0.82)"
Sabila Esfandiar,2020,5,bagus,KOMPETITOR,Bintang 4,BestWesternKamalaJimbaran-bali,positive,0.9981029033660889,"Cleanliness, Hygiene & Maintenance","Cleanliness, Hygiene & Maintenance (0.91); Facilities & Amenities (0.90); Sustainability & Environmental Quality (0.82)"
eka bonita purba,2020,5,bagus,KOMPETITOR,Bintang 4,BestWesternKamalaJimbaran-bali,positive,0.9981029033660889,"Cleanliness, Hygiene & Maintenance","Cleanliness, Hygiene & Maintenance (0.91); Facilities & Amenities (0.90); Sustainability & Environmental Quality (0.82)"
gaby patricia,2019,5,bagus,KOMPETITOR,Bintang 4,BestWesternKamalaJimbaran-bali,positive,0.9981029033660889,"Cleanliness, Hygiene & Maintenance","Cleanliness, Hygiene & Maintenance (0.91); Facilities & Amenities (0.90); Sustainability & Environmental Quality (0.82)"
Lukman Arifin,2020,5,hotel yang bagus,KOMPETITOR,Bintang 4,BestWesternKamalaJimbaran-bali,positive,0.9990485310554504,Service Quality,"Service Quality (0.95); Facilities & Amenities (0.92); Cleanliness, Hygiene & Maintenance (0.88)"
Ray RBM,2023,5,sesuai dengan harga,KOMPETITOR,Bintang 4,BestWesternKamalaJimbaran-bali,positive,0.9650232195854187,Pricing & Value for Money,Pricing & Value for Money (0.94); Sustainability & Environmental Quality (0.55); Cultural & Heritage Experience (0.44)
Benkell Beckham,2019,5,melihat dengan indah,KOMPETITOR,Bintang 4,BestWesternKamalaJimbaran-bali,positive,0.9982025623321533,Facilities & Amenities,Facilities & Amenities (0.86); Cultural & Heritage Experience (0.85); Sustainability & Environmental Quality (0.84)
INyoman Sudika,2022,5,hotel yang bagus,KOMPETITOR,Bintang 4,BestWesternKamalaJimbaran-bali,positive,0.9990485310554504,Service Quality,"Service Quality (0.95); Facilities & Amenities (0.92); Cleanliness, Hygiene & Maintenance (0.88)"
Defi Permatasari,2019,4,pelayanan yang baik,KOMPETITOR,Bintang 4,BestWesternKamalaJimbaran-bali,positive,0.9949618577957153,Service Quality,Service Quality (1.00); Guest Experience (0.99); Service Efficiency & Responsiveness (0.95)
Ida Ayu,2024,5,stafnya ramah,KOMPETITOR,Bintang 4,BestWesternKamalaJimbaran-bali,positive,0.9911656975746155,Service Quality,Service Quality (0.97); Staff Conduct & Hospitality (0.97); Guest Experience (0.94)
Santo Imam Santoso,2020,5,pelayanan yang baik,KOMPETITOR,Bintang 4,BestWesternKamalaJimbaran-bali,positive,0.9949618577957153,Service Quality,Service Quality (1.00); Guest Experience (0.99); Service Efficiency & Responsiveness (0.95)
Aidilla ulyanisya,2020,5,hotel yang bagus,KOMPETITOR,Bintang 4,BestWesternKamalaJimbaran-bali,positive,0.9990485310554504,Service Quality,"Service Quality (0.95); Facilities & Amenities (0.92); Cleanliness, Hygiene & Maintenance (0.88)"
Bali traveling chanel,2021,5,tempat yang sangat bagus,KOMPETITOR,Bintang 4,BestWesternKamalaJimbaran-bali,positive,0.9986526966094971,Facilities & Amenities,"Facilities & Amenities (0.98); Room Quality & Comfort (0.98); Cleanliness, Hygiene & Maintenance (0.92)"
Taekwondo Kids School,2025,5,tempat yang bagus,KOMPETITOR,Bintang 4,BestWesternKamalaJimbaran-bali,positive,0.9981616139411926,Facilities & Amenities,"Facilities & Amenities (0.98); Room Quality & Comfort (0.97); Cleanliness, Hygiene & Maintenance (0.92)"
TAPS Ngamatareu,2020,3,agak berantakan,KOMPETITOR,Bintang 4,BestWesternKamalaJimbaran-bali,negative,0.991071879863739,Management & Policy Issues,Management & Policy Issues (0.47); Pricing & Value for Money (0.46); Food & Beverage (0.38)
Valerie Lengkoan,2025,5,direkomendasikan,KOMPETITOR,Bintang 4,BestWesternKamalaJimbaran-bali,positive,0.9911506175994873,"Cleanliness, Hygiene & Maintenance","Cleanliness, Hygiene & Maintenance (0.92); Facilities & Amenities (0.87); Safety & Security (0.85)"
