User Name,Review Time,Rating,clean_text,Tipe,Kelas,Nama_Hotel,AI_Sentiment,AI_Sentiment_Score,AI_Primary_Theme,AI_All_Themes
Titi Hardiman,2025,5,Kami menikmati menginap kami gym besar dan dilengkapi dengan baik lokasi strategis karena jarak berjalan kaki ke banyak tempat makan ketika kamar anak-anak mandi saya adalah masalah teknisi datang dan benar-benar diperbaiki itu kamar nyaman staf layanan baik,KOMPETITOR,Bintang 4,NovotelSolo,positive,0.9986880421638489,Facilities & Amenities,Facilities & Amenities (1.00); Service Quality (1.00); Room Quality & Comfort (0.99)
Royal Foster,2025,5,Saya memiliki pengalaman yang luar biasa tinggal di Novotel Solo dari saat saya tiba layanan luar biasa staf benar-benar hangat ramah dan selalu siap untuk membantu dengan senyum kamarnya luas bersih dan sangat nyaman tempat tidur sempurna untuk tidur malam yang hebat dan semua merasa modern dan baik dipelihara fasilitas termasuk kolam renang dan gym juga sangat baik dan menambahkan banyak untuk keseluruhan tinggal apa yang benar-benar berdiri keluar adalah seberapa cepat dan perhatian tim adalah setiap permintaan ditangani dengan cepat dan profesional staf benar-benar pergi di atas dan melampaui sebuah teriakan khusus keluar ke anggota tim penjualan,KOMPETITOR,Bintang 4,NovotelSolo,positive,0.9988157749176025,Facilities & Amenities,Facilities & Amenities (1.00); Service Quality (0.99); Service Efficiency & Responsiveness (0.99)
Rizly Sativa Andani,2026,5,malam di hotel novotel solo lokasi nya sangat strategis dengan pusat kota maupun kuliner untuk pelayananannya saya beri bintang 5 kepada staf yang ada di hotel novotel super baikk dan ramah terhadap para tamu yang menginap bahkan jika kami memiliki kesulitan bagi staf menjelaskan dengan detail dan membuat informasi tersampaikan dengan baik dan jelas tentunya untuk kerapian dan kebersihan kamar sudah tidak perlu di ragukan kembali bersih ac nya dingin hihi untuk kamar mandi juga tidak ada masalah dnegan udara nya kencang dan bersih terima kasih kepada staf hotel novotel solo semoga kedepannya selalu memberikan pelayanan yang baik semoga kedepannya dan semoga selalu kedepannya,KOMPETITOR,Bintang 4,NovotelSolo,positive,0.9993391633033752,Staff Conduct & Hospitality,"Staff Conduct & Hospitality (1.00); Cleanliness, Hygiene & Maintenance (1.00); Service Quality (1.00)"
Frans Riyanto,2025,5,Lokasinya sangat strategis sarapan cukup bervariasi ada masalah plafon bocor di kamar mandi tapi dari pihak novotel cukup respon mengecek dan menginformasikan kamar akan dipindah sesuai tipe pesanan kolam renang bersih dan cukup luas untuk ukuran perkotaan secara keseluruhan saya puas untuk kali pertama menginap di hotel ini,KOMPETITOR,Bintang 4,NovotelSolo,positive,0.9990098476409912,Service Quality,Service Quality (0.99); Service Efficiency & Responsiveness (0.99); Facilities & Amenities (0.99)
Dina Riana,2025,5,Natal makan malamnya oke harga terjangkau pilihan makanan lengkap temanya cukup natal usulan jika bisa disediakan susu buat sambil minum kopi dan teh pelayanan oke banget staf ramah dan melayani dengan baik,KOMPETITOR,Bintang 4,NovotelSolo,positive,0.9993882179260254,Staff Conduct & Hospitality,Staff Conduct & Hospitality (0.99); Food & Beverage (0.99); Pricing & Value for Money (0.99)
Rds TV (Ardys Channel),2025,5,jangkauan dari stasiun kereta sangat mudah pelayanan sangat baik fasilitas cukup lengkap dan kebersihan bagus sangat baik petugas an dina rizki sangat ramah dan sangat membantu ob sangat ramah dan baik terimakasih atas layanannya,KOMPETITOR,Bintang 4,NovotelSolo,positive,0.9994683861732483,Facilities & Amenities,"Facilities & Amenities (1.00); Cleanliness, Hygiene & Maintenance (0.99); Service Efficiency & Responsiveness (0.99)"
Indra Dewi,2025,5,langganan menginap di novotel solo sudah bertahun tahun selalu disediakan minuman yang ramah yang menyegarkan pelayanan selalu memuaskan kamar wangi dan bersih ada kamar keluarga dengan tempat tidur yang besar cocok untuk ber 3 pelayanan restoran juga baik menu selalu berganti setiap hari kolam renangnya juga enak ada 2 tempat di kanan dan kiri kolam ramah anak dengan kedalaman sesuai untuk anak parkir luas sayangnya tidak ada vallet parkir secara keseluruhan oke banget pelayanan di novotel lokasi strategis di tengah kota,KOMPETITOR,Bintang 4,NovotelSolo,positive,0.9995588660240173,Family & Group Friendly,Family & Group Friendly (0.87); Facilities & Amenities (0.85); Service Quality (0.82)
Santi Dewi,2025,4,lokasi strategis kamar cukup bersih ac dingin tapi sayang hari ini tgl 1 november 2025 ada kejadian kurang enak saat c keluar kami rombongan mengambil 3 kamar kebetulan 1 kamar di lt 4 n 1 kamar di 821 sudah keluar c lebih awal dari saya kunci sudah mrk serahkan dan mrk diperkenankan meninggalkan hotel 2 jam berselang saya c keluar dilayani oleh mbak f kunci saya serahkan dan setoran kunci tambahan saya minta kmd mbak f mengatakan bahwa tadi kamar 821 belum byr oreo yang ada di kamar saya msh berpikir positif dulu siapa tahu teman saya lupa dalam hal ini aneh saya tanya saat 8 mmg,KOMPETITOR,Bintang 4,NovotelSolo,negative,0.8182300925254822,Booking & Reservation Experience,Booking & Reservation Experience (0.59); Service Quality (0.57); Check in/out Experience (0.56)
Grace Natalia,2025,5,memiliki tinggal yang luar biasa di Novotel hotel solo kamarnya bersih nyaman dan baik dipelihara membuat kunjungan saya benar-benar santai lokasi hotel juga nyaman dan mudah untuk mengakses sebutan khusus untuk yasmin di resepsi dia sangat membantu ramah dan profesional sepanjang menginap saya keramahan hangat dan bantuan benar-benar membuat perbedaan dan meninggalkan kesan besar sangat merekomendasikan hotel ini untuk siapa pun yang mengunjungi solo layanan besar besar tinggal,KOMPETITOR,Bintang 4,NovotelSolo,positive,0.999225378036499,Facilities & Amenities,"Facilities & Amenities (0.99); Cleanliness, Hygiene & Maintenance (0.96); Staff Conduct & Hospitality (0.95)"
Rasmiati Suwarno,2025,5,Alhamdulillah 2 hari menginap di novotel solo kemana2 jangkauan dekat menghindari kemacetan karena lokasi sgt strategis di tengah kota tidak capek pagi ini berkenalan dengan mbak mungkin staf fb pelayanan bagus semua ramah dengan senyum khas solonya,KOMPETITOR,Bintang 4,NovotelSolo,positive,0.99937903881073,Service Quality,Service Quality (0.98); Service Efficiency & Responsiveness (0.96); Staff Conduct & Hospitality (0.93)
adinda putri kusuma,2025,5,sarapan enak semua banyak variasi jg lengkap semua ada sangat nyaman tinggal di sini pelayanan sangat bagus ramah dan duduk set makasi kak ria dan destira,KOMPETITOR,Bintang 4,NovotelSolo,positive,0.9993426203727722,Facilities & Amenities,Facilities & Amenities (0.99); Guest Experience (0.99); Service Quality (0.99)
Hapsari Andarini,2025,5,sudah 2 kali menginap di sini alhamdulillah disini nyaman servis oke untuk sarapan lengkap enak enak menu pelayanan oke sukses buat novotel solo,KOMPETITOR,Bintang 4,NovotelSolo,positive,0.9993133544921875,Service Quality,Service Quality (0.98); Facilities & Amenities (0.93); Room Quality & Comfort (0.92)
B.,2025,5,Tempat yang bagus untuk menginap selalu kembali kesini kalau libur lebaran dan natal tempat makannya enak dan rumah sakitnya top teruskan pekerjaan baik,KOMPETITOR,Bintang 4,NovotelSolo,positive,0.999351441860199,Facilities & Amenities,Facilities & Amenities (0.98); Guest Experience (0.95); Service Quality (0.94)
opanlo,2025,5,kamarnya enak dan bersih bikin tidur malam jadi nyenyak banget sarapannya sih tidak main pilihannya super banyak dan rasanya nagih dari makanan tradisional sampai yang kekinian suasana pagi di restorannya juga asik bikin mood langsung bagus sejak awal hari,KOMPETITOR,Bintang 4,NovotelSolo,positive,0.999471127986908,"Cleanliness, Hygiene & Maintenance","Cleanliness, Hygiene & Maintenance (0.98); Room Quality & Comfort (0.97); Facilities & Amenities (0.95)"
Anggoro Pangestu,2025,5,hotel mudah dijangkau dekat dengan fasilitas umum menu sarapan lengkap pelayanan ramah dan cekatan trmks novotel mb dina atas pelayanannya,KOMPETITOR,Bintang 4,NovotelSolo,positive,0.9994730353355408,Service Efficiency & Responsiveness,Service Efficiency & Responsiveness (1.00); Staff Conduct & Hospitality (1.00); Service Quality (0.99)
Denice Frank,2025,4,terletak di pusat kota bangunan solo agak lama dan sederhana pelayanan ramah dan baik lobi cukup luas dengan hiasan lampu kandelier ada pianoonya juga di lobi kolam renang dan bar ada di lantai 1 kamarnya juga oke parkiriran cukup luas yang aku suka dari novotel ini seninya ada gambar yang cukup tradisional pokoknya nuansa jawa nya cukup kental,KOMPETITOR,Bintang 4,NovotelSolo,positive,0.9995707869529724,Service Quality,Service Quality (0.99); Staff Conduct & Hospitality (0.99); Facilities & Amenities (0.99)
OKTIRA KARNISTRI,2025,5,lokasi strategis dekat kemana2 kamarnya nyaman pegawainya ramah2 apalagi mbak felicia selanjutnya kalau ke solo tinggal di sini lagi terima kasih novotel solo,KOMPETITOR,Bintang 4,NovotelSolo,positive,0.9994943141937256,Staff Conduct & Hospitality,Staff Conduct & Hospitality (0.99); Service Quality (0.98); Service Efficiency & Responsiveness (0.98)
Faizah Nurcholish,2025,5,selama 8 hari menginap di novotel solo pengalaman saya begitu sangat menyenangkan dengan layanan yang bintang 5 ambience dan suasana kamar yang tenang sehingga sangat cocok untuk istirahat setelah sehari-hari berkegiatan sarapan yang beragam dengan menu yang berganti setiap harinya jadi engga bosen dan selalu menunggu menu besoknya terimakasih novotel solo,KOMPETITOR,Bintang 4,NovotelSolo,positive,0.9994285702705383,Service Quality,Service Quality (0.99); Facilities & Amenities (0.98); Room Quality & Comfort (0.93)
Alva Nessa,2025,5,Hari Sabtu tgl 6 Desember saya ada acara di novotel hotel solo hotelnya bagus bersih pegawainya banyak yang ramah acara keluarga ulang tahun romantis diner di novotel hotel solo merupakan pilihan yang tepat dari dekorasi dan menu yang disajikan bagus dan memuaskan terimakasih kak ria dan kak rizki pelayanan romantis dinner bagus sopan dan ramah,KOMPETITOR,Bintang 4,NovotelSolo,positive,0.9991146922111511,"Cleanliness, Hygiene & Maintenance","Cleanliness, Hygiene & Maintenance (1.00); Ambience & Design (1.00); Staff Conduct & Hospitality (1.00)"
Sandy Wijaya,2025,4,kamar kamar keluarga sangat luas dan lega pelayanan bagus cuma parkirannya yang kurang akses ke parkir agak merepotkan terutama saat sedang hujan mau lewat ibis gaya juga kena hujan semoga ada perbaikan,KOMPETITOR,Bintang 4,NovotelSolo,positive,0.993748664855957,Facilities & Amenities,"Facilities & Amenities (0.98); Service Quality (0.96); Location, Accessibility & Parking (0.95)"
Kian Christabel,2025,5,Kami sayangnya ditempatkan di lantai tepat di bawah tingkat mereka merenovasi tapi tanggapan mereka terhadap keluhan kami adalah topnotch kami telah pindah ke kamar yang lebih bersih dan lebih tenang dan saya juga harus menambahkan bahwa layanan laundry luar biasa kami baru-baru ini telah menjadi bagian dari kegiatan yang telah membuat sepatu kami penuh lumpur dan mereka telah mencuci dan telah mengirimnya kepada kami hanya beberapa jam kemudian Mba ayi adalah wanita laundry yang sangat ramah yang membawa sepatu kami kembali dan saya hanya ingin menunjukkan apresiasi saya kepadanya dan staf hotel ini juga sangat dianjurkan oleh saya pergi,KOMPETITOR,Bintang 4,NovotelSolo,positive,0.9785199761390686,Service Quality,Service Quality (1.00); Facilities & Amenities (0.99); Guest Experience (0.98)
NOVIE RAVIE,2025,5,keren sih pelayanan okeyy sarapan enak2 kamar bersih staf spesial n kak mungkin super ramah bngt biglove,KOMPETITOR,Bintang 4,NovotelSolo,positive,0.9992498755455017,Service Quality,"Service Quality (0.99); Guest Experience (0.99); Cleanliness, Hygiene & Maintenance (0.98)"
Gendat,2025,5,sarapan pagi enak semua pelayanan juga sangat bagus ada menu tradisionalnya juga dibantu kak laila yang ramah,KOMPETITOR,Bintang 4,NovotelSolo,positive,0.9992786049842834,Service Quality,Service Quality (0.99); Facilities & Amenities (0.98); Guest Experience (0.97)
Dinar Nurafni Febianti,2025,5,lokaai hotel strategis fasilitas kamar juga lengkap palagi untuk makan baik pada saat sarapan maupun makan malam jaminan pasti sangat baik sesuai standar dari accor sukses selalu,KOMPETITOR,Bintang 4,NovotelSolo,positive,0.9993553757667542,Facilities & Amenities,Facilities & Amenities (0.99); Service Quality (0.98); Food & Beverage (0.96)
Amaliya Nur Azizah,2025,5,Makan malam romantis disini sangat nyaman dan gemess banget dekorasinya bagus sangat sangat merekomendasikan untuk pasangan pasangan dan pelayanannya sangat ramah baik semuanya terutama mb mei dan teman sangat ramah menyambut kami terimakasih novotel sudah mewujudkan makan malam romantis kami,KOMPETITOR,Bintang 4,NovotelSolo,positive,0.9994007349014282,Family & Group Friendly,Family & Group Friendly (1.00); Facilities & Amenities (0.98); Ambience & Design (0.97)
Michael Prasetyo,2025,5,pergi ke sana dengan keluarga besar pengalaman besar dan layanan besar lokasi hotel adalah yang terbaik lurus masuk pusat kota dekat dengan jalan utama salamet riyadi jadi dapat menikmati mobil gratis hari di sana,KOMPETITOR,Bintang 4,NovotelSolo,positive,0.9995369911193848,Facilities & Amenities,Facilities & Amenities (1.00); Family & Group Friendly (1.00); Service Quality (0.99)
Daru Pre1200,2025,5,pelayanan ramah banget dekorasi romantis dinnernya cantik banget baguss estetika terimakasih buat mba ria yang sudah motoin banyak bgtt wajib naik gaji terimakasih juga buat staf yang sudah membantu makan malam kami hari ini memiliki hari yang hebat,KOMPETITOR,Bintang 4,NovotelSolo,positive,0.9987934827804565,Service Quality,Service Quality (0.98); Staff Conduct & Hospitality (0.97); Guest Experience (0.96)
Ray Forisa,2025,3,nginep disini saat keluar kantor hotelnya oke sebenernya eh sialnya dpt lantai yang merokok 2 3 dari lorongnya ada sudah baunya ampun masuk kamar juga kuat banget bau rokoknya itu ac dan ventilasinya kayanya tidak dibersihin saat ac nya nyala lgsg bau rokoknya nyebar iseng2 nanya ke yang dpt kamar non merokok katanya masi kecium samar2 hadeh,KOMPETITOR,Bintang 4,NovotelSolo,negative,0.9984839558601379,Facilities & Amenities,Facilities & Amenities (0.68); Service Quality (0.46); Check in/out Experience (0.41)
Muhamad Ridlo,2025,5,Salah satu hotel terbaik saya tinggal tmptnya nyaman kemana2 dekat kota terbaik terima kasih untuk anggun mey dan tim fnb buat layanan terbaik di restorannya dan housekeeping yang sudah beri layanan yang bagus dan sangat ramah pelayanannya pasti balik lgi kalonada perjalanan ke solo lagi,KOMPETITOR,Bintang 4,NovotelSolo,positive,0.9992750287055969,Staff Conduct & Hospitality,Staff Conduct & Hospitality (1.00); Service Quality (0.99); Service Efficiency & Responsiveness (0.99)
siska rani,2025,5,hotel nya super bersih makanan sarapan nya enak2 variatif menginap 1 minggu kamar setiap hari di bersihkan petugas selalu hanya mengisi udara minum dan hanya mengisi tisu tangan di ganti 2 hari sekali,KOMPETITOR,Bintang 4,NovotelSolo,positive,0.9989884495735168,Service Quality,"Service Quality (0.98); Cleanliness, Hygiene & Maintenance (0.98); Service Efficiency & Responsiveness (0.98)"
agus mandira,2025,5,untuk garis besar bagus untuk masukan maaf sebelumnya di dalam mushola udaranya pengap untuk di beri wewangian untuk pelayanan ramah cekatan buat mbak dina dan mas rizki terima kasih,KOMPETITOR,Bintang 4,NovotelSolo,positive,0.9862256050109863,Guest Experience,Guest Experience (1.00); Check in/out Experience (1.00); Staff Conduct & Hospitality (0.99)
endang priyanti,2025,4,lokasi strategis kamar bagus dan bersih pelayanan ramah dan santun hanya saja untuk makanannya tidak konsisten dalam segi rasa kadang enak kadang kurang enak,KOMPETITOR,Bintang 4,NovotelSolo,positive,0.7049712538719177,Facilities & Amenities,"Facilities & Amenities (0.98); Cleanliness, Hygiene & Maintenance (0.96); Guest Experience (0.95)"
triwilda marthalinda,2025,5,Pelayanan nya sangat bagus kamarnya bersih dn nyaman makanan nya juga sangat enak bertemu dengan salah satu staf bernama kak mey orangnya sangat baik dan ramah,KOMPETITOR,Bintang 4,NovotelSolo,positive,0.9993460774421692,Facilities & Amenities,Facilities & Amenities (1.00); Room Quality & Comfort (1.00); Service Quality (1.00)
Rudi Gunawan,2025,5,bismillah setelah saya kemaren mengikuti manasik umroh dihotel novotel solo saya sgt merasa nyaman dan puas tempatnya luas lingkungan sejuk enak dan nyaman dekat kolam renang dan pelayanan sgt bagus untuk miniatur ka bah nya juga bagus parkir luas pokokya alhamdulillah semua sgt nyaman sekali selamat biro ameraa smg jaya dan barokah juga tambah sukses,KOMPETITOR,Bintang 4,NovotelSolo,positive,0.9994547963142395,Facilities & Amenities,"Facilities & Amenities (0.99); Location, Accessibility & Parking (0.99); Service Quality (0.94)"
sagimin min,2025,5,Terimakasih Mba Chichi pelayanan yang luar biasa dari kami cek masuk sampai sekarang dengan sigap melayani dan memperhatikan setiap hal kecil yang diperlukan mungkin kami sedikit merepotkan tapi kami akan memastikan untuk bekerja sama lebih lama lagi karena pelayanan terbaik yang telah kami dapatkan sekali lagi Terimakasih,KOMPETITOR,Bintang 4,NovotelSolo,positive,0.9962777495384216,Service Quality,Service Quality (1.00); Service Efficiency & Responsiveness (0.99); Guest Experience (0.97)
fabian ravael,2025,5,tempatnya sangat strategis dan untuk kamar bersih rapi dan wangi makanan sudah enak bagus semua pelayanan luar biasa sangat ramah dan sabar dibantu dengan kak diska pilihan menu sangat banyak masa lalu sesuai dengan kami,KOMPETITOR,Bintang 4,NovotelSolo,positive,0.9995107650756836,Facilities & Amenities,"Facilities & Amenities (1.00); Cleanliness, Hygiene & Maintenance (1.00); Service Quality (0.99)"
Zaina Nadia,2025,5,pengalaman yang sangat menyenangkan di novotel soloo lokasinya deket sama tempat oleh batik dan juga keratonn kebetulan menginap saat hari minggu ada cfd kamarnya bersih dan luas wangi harum waktu sarapan sangat ramai tapi stafnya sigap refil makanan bervariasi makanan dan gerai juga lengkap terimakasih mbak fitria membantu kita waktu sarapan dan menjelaskan saat sudah ada salah paham waktu di depan resto selanjutnya jika ada kesempatan lagi akan liburan dan menginap ke novotel solo lagi semogai tetap konsisten untuk hal baiknya yaa lihat u soloo,KOMPETITOR,Bintang 4,NovotelSolo,positive,0.9990123510360718,Service Quality,Service Quality (0.93); Service Efficiency & Responsiveness (0.93); Staff Conduct & Hospitality (0.92)
om chunq,2025,5,bagus untuk kami komunitas bermalam dihotel ini pelayanannya baik bersama mba mei salam pemilik tiggo indonesia,KOMPETITOR,Bintang 4,NovotelSolo,positive,0.9991106390953064,Service Quality,Service Quality (1.00); Family & Group Friendly (0.99); Guest Experience (0.99)
Ilham Firmansyah,2025,5,resto nya bagus nuansa nusantara tapi ada kesan modernnya dapet view kolam renang mau order makan sambil berenang juga bisa stafnya baik dan sopan makanan nya juga lumayan terjangkau untuk sekelas hotel bintang,KOMPETITOR,Bintang 4,NovotelSolo,positive,0.999237060546875,Staff Conduct & Hospitality,"Staff Conduct & Hospitality (0.99); Service Efficiency & Responsiveness (0.99); Cleanliness, Hygiene & Maintenance (0.99)"
Seminar Budiadi,2025,5,layanan terbaik bagus ramah dan baik hati apa lagi kak ninggruum waktu itu saya di bantu untuk cariikan referensi makanan terdekat langsung di kasih tau mana tempat nya orang nya juga kuantit imut dan lucu pokoknya terbaik selamanya pelayanan nya,KOMPETITOR,Bintang 4,NovotelSolo,positive,0.9990816116333008,Service Quality,Service Quality (1.00); Guest Experience (1.00); Service Efficiency & Responsiveness (0.99)
Hendra Wijayanto,2025,5,semuanya sempurna mulai dapat upgrade kamar gratis tempat gym yang nyaman dan lengkap sarapan pagi yang lengkap dan enak serta pelayanan yang sangat ramah selama menginap,KOMPETITOR,Bintang 4,NovotelSolo,positive,0.9993621706962585,Facilities & Amenities,Facilities & Amenities (1.00); Service Efficiency & Responsiveness (1.00); Service Quality (0.99)
Michel Cristanto,2025,5,makan malam natal di sini layanan menyenangkan banyak pilihan makanan penutup sedikit kurang meskipun tapi secara keseluruhan pengalaman yang hebat,KOMPETITOR,Bintang 4,NovotelSolo,positive,0.9989456534385681,Service Quality,Service Quality (0.99); Guest Experience (0.98); Facilities & Amenities (0.98)
Agatha .S.M. Pamungkas,2025,1,lokasinya saja sih yang oke makanan kurang banget saat kami adakan acara oke2 saja sih tapi saat sarapan sayur capchaynya seperti asam sudah basi kami makan di jam 8:30 pagi dan paling parah handuknya sih sudah harus sangat peremajaan karena sangat keterlaluan bentuk handuknya sudah tidak layak untuk hotel bintang 4 dengan nama besar kita pilih hotel ini karena dekat dengan stasiun kereta api,KOMPETITOR,Bintang 4,NovotelSolo,negative,0.989520788192749,Facilities & Amenities,"Facilities & Amenities (0.80); Location, Accessibility & Parking (0.63); Service Quality (0.62)"
Fatmalia Khoirunnisa,2025,5,sangat direkomendasikan kamar luas sarapan enak menu resto andrawina juga enak wajib dicoba banget lokasi dan akses dekat dengan salam riyadi mba felicia sebagai staf juga sangat membantu,KOMPETITOR,Bintang 4,NovotelSolo,positive,0.999489426612854,Facilities & Amenities,Facilities & Amenities (0.99); Food & Beverage (0.99); Guest Experience (0.97)
M. Irfan Budi Santoso,2025,5,kebersihan kamar oke pelayanan restorasi dari mbak may mantap karena mau mencarikan jamu kunir yang sudah habis menjadi ada terima kasih,KOMPETITOR,Bintang 4,NovotelSolo,positive,0.9941388368606567,"Cleanliness, Hygiene & Maintenance","Cleanliness, Hygiene & Maintenance (0.99); Service Quality (0.98); Room Quality & Comfort (0.97)"
Sampan S,2025,5,Dari kamar 202 sangat puas sarapanya bagus tinggal 10hari pelayananya oke slalu di sambut dan di layani oleh kak mungkin terimakasih novotel dan kak mungkin nanti kami kembali lagi untuk tinggal lebih lama,KOMPETITOR,Bintang 4,NovotelSolo,positive,0.9986358284950256,Service Efficiency & Responsiveness,Service Efficiency & Responsiveness (0.99); Service Quality (0.99); Staff Conduct & Hospitality (0.99)
Luthfi Prabowo,2025,5,Mba mungkin salah satu pegawai di resto novotel yang sangat ramah dan membantu pelayanan di restoonya sangat baik makanannya enak enak,KOMPETITOR,Bintang 4,NovotelSolo,positive,0.9947227239608765,Service Quality,Service Quality (0.98); Staff Conduct & Hospitality (0.98); Guest Experience (0.95)
Annisa Rahma Saptia,2025,4,Makan malam romantis disini rekomen karena pelayanan nyaa sangat ramah menurut saya untuk makanan mungkin tergantung selera masing masing ya untuk dekor nyaa jugaa baguss fre bunga dan ada foto yang di cetak dari pihak hotel,KOMPETITOR,Bintang 4,NovotelSolo,positive,0.9990476965904236,Facilities & Amenities,Facilities & Amenities (0.99); Service Quality (0.98); Service Efficiency & Responsiveness (0.97)
Diela Raditya,2025,2,selain hanya lokasi yang oke hotel ini akan saya hindari di masa depan sangat lambat respon komplain sekarang balesnya bisa besok banyak pecahan kaca dikamar lah angkat sudah mau rusak lah komplain jg responnya lama whatsapp reservasi ditanya jika yang lebih cepat bisa watsapp kemana katanya hanya bisa ke mereka cape banget menyesal menginap disini udah lah mau istirahat karena anak lg sakit jadi ngomel melulu,KOMPETITOR,Bintang 4,NovotelSolo,negative,0.9992871880531311,Booking & Reservation Experience,Booking & Reservation Experience (0.84); Facilities & Amenities (0.78); Guest Experience (0.65)
Nur Huda Sakti,2025,5,pelayanannya baik kak mungkin sangat ramah makanannya beragam kamar bersih,KOMPETITOR,Bintang 4,NovotelSolo,positive,0.99863201379776,Service Quality,"Service Quality (1.00); Guest Experience (0.99); Cleanliness, Hygiene & Maintenance (0.99)"
aziza viquisa,2026,5,Sangat nyaman sangat seru makanan enak sekali mbak arimbi di bagian resepsionis sangat baik dan membantu,KOMPETITOR,Bintang 4,NovotelSolo,positive,0.9988619089126587,Facilities & Amenities,Facilities & Amenities (1.00); Guest Experience (0.99); Staff Conduct & Hospitality (0.97)
Martin Arlt,2025,5,pelayanannya ramah dan profesional dari mas rey setiap detail diperhatikan mulai dari penyambutan penyajian menu hingga rekomendasi minuman yang cocok hidangan yang disajikan juga sangat memuaskan mulai dari appetizer yang ringan hidangan utama dengan cita rasa lezat dan presentasi menawan hingga dessert manis yang jadi penutup sempurna,KOMPETITOR,Bintang 4,NovotelSolo,positive,0.9988577365875244,Service Quality,Service Quality (1.00); Staff Conduct & Hospitality (1.00); Service Efficiency & Responsiveness (1.00)
Rezky Siryan,2025,5,Pelayanan nya ramah makanannya beragam di bantu selama sarapan sama kak mey,KOMPETITOR,Bintang 4,NovotelSolo,positive,0.9992011189460754,Service Quality,Service Quality (0.99); Guest Experience (0.99); Staff Conduct & Hospitality (0.98)
diyah permata,2025,5,bfastnya enak mas risiko fnb service resto sangat membantu mencari tmp duduk dan menjelaskan jenis makanan yang ada,KOMPETITOR,Bintang 4,NovotelSolo,positive,0.9977349042892456,Food & Beverage,Food & Beverage (0.97); Guest Experience (0.94); Staff Conduct & Hospitality (0.88)
Polykrates ria,2025,5,Baguss sangat kreatif sekali tim hotel novotel mendekor romantis makan malam untuk acara kejutan istri saya makananpun enak dan harganya terjangkau sukses terus untuk novotel solo dan sangat dianjurkan untuk bahkan romantis dengan pasangan,KOMPETITOR,Bintang 4,NovotelSolo,positive,0.9994707703590393,Pricing & Value for Money,Pricing & Value for Money (1.00); Food & Beverage (0.99); Ambience & Design (0.98)
Andrea Gideon,2025,1,Tidak mencerminkan hotel bintang 4 sangaat menyesal pilih hotel ini lama banget pelayanannya jam 15 35 kamar belum siap dan minta menunggu 45 menit sebelum sepertinya menginap atau saya merekomendasikan klo ada bintang dibawah satu untuk pelayanan sepertinya saya pilih dibawah satu,KOMPETITOR,Bintang 4,NovotelSolo,negative,0.996151864528656,Booking & Reservation Experience,Booking & Reservation Experience (0.50); Guest Experience (0.48); Check in/out Experience (0.43)
Irvan Mardiana,2025,5,menu makanan di restonya cukup berpariasi pelayanannya baik juga terutama mba ria suplr orangnya cuman 1 permintaan tolong keju parut nya disediakan agar untuk mentoping nya mantaps besar,KOMPETITOR,Bintang 4,NovotelSolo,positive,0.999329686164856,Service Quality,Service Quality (0.99); Food & Beverage (0.99); Staff Conduct & Hospitality (0.99)
nani sukaryani,2025,5,kamar bagus tapi untuk sarana wudhu yang perlu ditambah pelayanan sangat baik mey salah satu pelayan yang sangat ramah sopan memudahkan untuk memberikan informasi terbaik bagi kami lokasi sangat mudah dijangkau ditengahkota dengan akses yang dibutuhkan sangat membantu,KOMPETITOR,Bintang 4,NovotelSolo,positive,0.9989280104637146,Facilities & Amenities,Facilities & Amenities (1.00); Staff Conduct & Hospitality (1.00); Service Efficiency & Responsiveness (0.99)
ahmad baehaqi,2025,5,berkesan sekali menginap di novotel rekomendasi sekali bagi yang mau ke solo terima masih untuk keramahan nya terutama mas risiko yang yang sudah memberikan pelayanan terbaik buat tamu nya,KOMPETITOR,Bintang 4,NovotelSolo,positive,0.9984425902366638,Service Quality,Service Quality (0.99); Guest Experience (0.98); Staff Conduct & Hospitality (0.98)
Brian Azeri,2025,4,kelebihan lokasi strategis secara keseluruhan lumayan oke kamar bersih cukup luas ada smart tv kekurangan pelit odol wifi kurang stabil makanan sarapan rasa biasa dan kurang variatif,KOMPETITOR,Bintang 4,NovotelSolo,positive,0.9949963092803955,Facilities & Amenities,"Facilities & Amenities (0.99); Room Quality & Comfort (0.93); Cleanliness, Hygiene & Maintenance (0.92)"
Mysegifranilohe,2025,5,Hotel lama jaman dulu kala yaa oke lah lokasi strategis saat bf menuunya minimalis benar hahahaa untuk harga hotel yang lumayan tinggi tapi bf nya terlalu sederhana tapi ada mesin kopi nya enak cm itu bukan yang bikin semangat buat turun sarapan,KOMPETITOR,Bintang 4,NovotelSolo,positive,0.960772693157196,Food & Beverage,Food & Beverage (0.90); Pricing & Value for Money (0.82); Facilities & Amenities (0.65)
Faizza Alfa,2025,5,hotelnya baguss coba makan malam disini layak banget pelayanan ramah dan makanan enak semua kali lain pengen menginap di hotelnya,KOMPETITOR,Bintang 4,NovotelSolo,positive,0.9990801811218262,Staff Conduct & Hospitality,Staff Conduct & Hospitality (0.99); Service Quality (0.99); Service Efficiency & Responsiveness (0.97)
Heru Pramono,2025,4,Lokasi hotel kota sangat baik dengan stasiun kereta api di dekatnya kamar kami luas dan staf sangat membantu secara keseluruhan itu adalah nilai besar untuk uang saran untuk perbaikan 1 tempat tidur terlalu sulit mempertimbangkan untuk menggantikannya dengan king koil kasur 2 tanda air di kamar mandi kaca 3 sofa masuk kamar juga terlalu keras dan tampak tua memperbarui penutup sofa akan menjadi ide yang baik interior kamar dan fasilitas perlu renovasi 4 interior terlihat tua,KOMPETITOR,Bintang 4,NovotelSolo,negative,0.8146085143089294,Pricing & Value for Money,Pricing & Value for Money (1.00); Facilities & Amenities (0.99); Staff Conduct & Hospitality (0.95)
Joshua Christian,2025,1,Sarapan terlalu buruk orang mesin kopi mati kompor telur mati masakan keasinan untuk saya seperti 2 bintang sarapan dengan akomodasi 4 bintang tidak masalah dengan kamar hanya sarapan adalah cara terlalu buruk,KOMPETITOR,Bintang 4,NovotelSolo,negative,0.994818389415741,Guest Experience,Guest Experience (0.76); Food & Beverage (0.68); Facilities & Amenities (0.66)
Tiara,2025,5,senang sekali menginap di sini kurang lebih seminggu rumah sakitnya oke banget dari semua hotel yang pernah saya kunjungi pekerjaan baik novotel solo,KOMPETITOR,Bintang 4,NovotelSolo,positive,0.9986749291419983,Service Quality,Service Quality (0.97); Facilities & Amenities (0.89); Room Quality & Comfort (0.85)
Fenti Yusnia,2025,5,Secara umum baik hanya bbrp rasa kadang keasinan suasana resto nyaman mau pilih luar apa indoor semua nyaman pelayanan pelayan keren pelayanan kak mungkin nyaman untuk saya yang baru pertama menginap disini sukses terus untuk novotel di semua cabang ya,KOMPETITOR,Bintang 4,NovotelSolo,positive,0.9993693232536316,Service Quality,Service Quality (0.99); Facilities & Amenities (0.99); Staff Conduct & Hospitality (0.96)
Luffy Dono,2025,5,pelayanannya sangat top gercep ramah ramah sekali makanannya juga enak sedikit masukan saja variasinya ditambah lagi,KOMPETITOR,Bintang 4,NovotelSolo,positive,0.9988119602203369,Service Quality,Service Quality (0.99); Guest Experience (0.99); Staff Conduct & Hospitality (0.97)
erlita titian,2025,5,good service makanan sarapan jg enak2 aku nemu jamu enak disini padahal susah banget cari jamu enak terima kasih buat kak mei yang sudah membantu saat sarapan,KOMPETITOR,Bintang 4,NovotelSolo,positive,0.9987863898277283,Guest Experience,Guest Experience (0.96); Service Quality (0.96); Staff Conduct & Hospitality (0.83)
Dinar Fildzah,2025,5,Selalu tinggal di novotel setiap keluar kota pelayanan tidak pernah mengecewakan apalagi setiap sarapan makanannya selalu enak dan pelayanan resto nya juga selalu cekatann,KOMPETITOR,Bintang 4,NovotelSolo,positive,0.9994807839393616,Service Quality,Service Quality (0.99); Service Efficiency & Responsiveness (0.99); Guest Experience (0.97)
TriMargi Nw,2025,5,Pelayanan kak mungkin di restoran baik dalam berkomunikasi dengan pelanggan komunikatif mencoba lebih dekat untuk menu semuanya enak,KOMPETITOR,Bintang 4,NovotelSolo,positive,0.9984654188156128,Guest Experience,Guest Experience (1.00); Service Quality (0.99); Staff Conduct & Hospitality (0.98)
Kesiyah Kesiyah,2025,1,pembagian kamar kegiatan bimtek tidak efektif pukul 19.30 harus sudah masuk kembali ke ruangan di rundown waktu istirahat sholat dan makan tercantum 17 30 19 30 pukul 19.00 masih ngantri untuk mendapatkan kunci kamar,KOMPETITOR,Bintang 4,NovotelSolo,neutral,0.9369466304779053,Guest Experience,Guest Experience (0.74); Check in/out Experience (0.61); Food & Beverage (0.54)
irhas hasbiullah,2025,5,layanan sempurna cek di sederhana di lift sebelah kanan masih ada logo kamar merokok untuk lantai 2 dan 3 tapi lift kiri sudah tertutup,KOMPETITOR,Bintang 4,NovotelSolo,positive,0.7308317422866821,Service Quality,Service Quality (0.99); Check in/out Experience (0.94); Facilities & Amenities (0.94)
anneliese,2025,5,staf yang baiknya ramah ramah sekali bintang 5 nginap dinovotel pengalaman yang menyenangkan dari segi makanan maupun kamarny bersih wangi nyaman terbaik,KOMPETITOR,Bintang 4,NovotelSolo,positive,0.9993793964385986,Staff Conduct & Hospitality,"Staff Conduct & Hospitality (1.00); Service Quality (1.00); Cleanliness, Hygiene & Maintenance (0.99)"
Teguh Siswanto,2025,5,Saya tinggal masuk novotel solo selama lebih dari 4 kali selama perjalanan bisnis saya masuk surakarta selama 5 tahun terakhir lokasi adalah salah satu alasan saya untuk tinggal meskipun makanan yang disajikan selama sarapan tidak banyak saya masih suka tinggal masuk novotel karena kamar sangat indah dan menyenangkan jika saya bertanya apa yang paling masalah yang harus diselesaikantthotel adalah sarapan dan makanan variasi,KOMPETITOR,Bintang 4,NovotelSolo,positive,0.9985767602920532,Facilities & Amenities,Facilities & Amenities (0.90); Food & Beverage (0.84); Room Quality & Comfort (0.76)
Sus Anti,2025,5,pelayanan sangat memuaskan baru turun mobil langsung dibawakan dan disimpankan karena belum bisa cek masuk fasilitas lengkap nyaman barang barang saat keluar kamar kamar kamar kamar kamar bersih rapi nyaman baik kamar ruang pertemuan resto lobi toilet lokasi mudah dicari untuk makanan minuman yang disediakan sesuai bahasa walaupun beda kabupaten sukses selalu novotel solo,KOMPETITOR,Bintang 4,NovotelSolo,positive,0.9990479350090027,Facilities & Amenities,"Facilities & Amenities (0.99); Service Quality (0.98); Cleanliness, Hygiene & Maintenance (0.90)"
Analita,2025,5,Pelayanan mba felicia dan mba mungkin di bagian resto sangat baik nasi goreng live masakan enak varian cukup masukan tolong ditambah makanan tradisional solo seperti selad solo nasi liwat,KOMPETITOR,Bintang 4,NovotelSolo,positive,0.9992021918296814,Service Quality,Service Quality (0.99); Guest Experience (0.98); Food & Beverage (0.91)
Annis Dwi Anggraheni,2025,5,pelayanan istimewa staf sangat ramah masakan enak semua pelayanan di resto juga sangat ramah istilah untuk pengalaman yang menyenangkan,KOMPETITOR,Bintang 4,NovotelSolo,positive,0.9992465972900391,Food & Beverage,Food & Beverage (0.99); Staff Conduct & Hospitality (0.99); Guest Experience (0.99)
maharani athina,2025,5,lokasi strategis depan hotel banyak warung kopi kekinian pelayanan ramah sarapan lumayan banyak pilihan jg,KOMPETITOR,Bintang 4,NovotelSolo,positive,0.9994691014289856,Food & Beverage,Food & Beverage (1.00); Service Quality (0.96); Facilities & Amenities (0.95)
Eva Nur laila,2025,5,Alhamdulillah hotel yang nyaman makanan jg enak tambah sedikit ditambahi menu masakan mgkin ya terimakasih,KOMPETITOR,Bintang 4,NovotelSolo,positive,0.9982296824455261,Facilities & Amenities,Facilities & Amenities (0.93); Room Quality & Comfort (0.87); Food & Beverage (0.84)
Khanza Humaira,2025,5,Pelayanan sangat ramah dan makanannya enak dan komplit recomen banget bermalam di novotel solo dengan kaka ria,KOMPETITOR,Bintang 4,NovotelSolo,positive,0.9994640946388245,Service Quality,Service Quality (0.99); Staff Conduct & Hospitality (0.98); Facilities & Amenities (0.98)
Akbar Dwi Setiawan,2025,5,hotel nya rekomendet sarapan juga oke bintang lah pokoknya apalagi pelayanan karyawan mbk mungkin mantab sopan,KOMPETITOR,Bintang 4,NovotelSolo,positive,0.9991679191589355,Staff Conduct & Hospitality,"Staff Conduct & Hospitality (0.99); Service Quality (0.99); Cleanliness, Hygiene & Maintenance (0.98)"
wiwien widyastutie,2025,5,pelayanan ramah kamar bersih dan dekat dengan tmpt kulineran layaknya bakal balik lg,KOMPETITOR,Bintang 4,NovotelSolo,positive,0.9988910555839539,Guest Experience,"Guest Experience (1.00); Service Quality (1.00); Cleanliness, Hygiene & Maintenance (1.00)"
Asep Loop,2025,5,selama tinggal disini sejauh ini sangat nyaman makanan juga enak enak apalagi minumannya yang bervariasi dan di hias dengan cantik,KOMPETITOR,Bintang 4,NovotelSolo,positive,0.9990025162696838,Facilities & Amenities,Facilities & Amenities (0.99); Food & Beverage (0.98); Room Quality & Comfort (0.97)
Amel Septia,2025,5,Dari kemendikdasmen saya tinggal selama 1 bulan senang tinggal disini karena seperti rumah sendiri dan disini penuh kenyang karena makanan nya enak enak dan puas dengan semuanya,KOMPETITOR,Bintang 4,NovotelSolo,positive,0.9992263317108154,Guest Experience,Guest Experience (0.96); Service Quality (0.91); Room Quality & Comfort (0.91)
Layli Prasojo,2025,2,16 Agustus saya menjemput tamu kantor yang menginap di novotel jam 09 00 headset saya merk huawei tertinggal di meja depan resepsi 09 30 saya kembali lagi sudah tidak ada sudah saya tinggalkan nomor kontak saya namun sampai hari ini tidak ada kabar apapun dari pihak hotel,KOMPETITOR,Bintang 4,NovotelSolo,negative,0.9426145553588867,Digital Connectivity & Technology,Digital Connectivity & Technology (0.62); Guest Experience (0.61); Service Quality (0.53)
Ardina Stevani,2025,5,Hotel strategis pelayanan ramah komunikatif sarapan cukup baik dan bisa lebih ditingkatkan lgi,KOMPETITOR,Bintang 4,NovotelSolo,positive,0.9992257356643677,Service Quality,Service Quality (0.99); Guest Experience (0.98); Service Efficiency & Responsiveness (0.96)
Ika Medika,2025,5,kamar hotelnya luas dan dingin tebak pengalaman eksekutif mbak felicia sangat membantu dalam mengakomodir saran dan masukan stay next akan ke sini lagi,KOMPETITOR,Bintang 4,NovotelSolo,positive,0.9993768334388733,Guest Experience,Guest Experience (1.00); Check in/out Experience (0.99); Facilities & Amenities (0.99)
Handi Christian,2025,5,untuk pelayanan sangat bagus sangat puas makanan rasa sudah cocok enak semua pelayanan dengan kak ria terimakasih,KOMPETITOR,Bintang 4,NovotelSolo,positive,0.9992890357971191,Service Quality,Service Quality (0.99); Guest Experience (0.96); Food & Beverage (0.86)
Novita Sari,2025,5,Alhamdulillah selama menginap di hotel novotel layanan makanan sajian serta fasilitas sangat memuaskan sikap pelayan restoran yang sangat ramah dan komunikasi yang baik serta sopan terimakasih novotel terima kasih untuk layanannya mbak may di restoran,KOMPETITOR,Bintang 4,NovotelSolo,positive,0.9985886216163635,Staff Conduct & Hospitality,Staff Conduct & Hospitality (1.00); Service Quality (0.99); Service Efficiency & Responsiveness (0.99)
Nabilah Huwaida,2025,5,Pelayanannya bagus karyawannya ramah dengan mba mungkin kamar bersih,KOMPETITOR,Bintang 4,NovotelSolo,positive,0.9989161491394043,Service Quality,"Service Quality (1.00); Cleanliness, Hygiene & Maintenance (0.99); Guest Experience (0.99)"
Irfandi Fano,2025,5,kamarnya nyaman sarapan enak suka semua dengan makanannya pelayanannya ramah terimakasih bang ricky terutama mba mungkin atas kenyamanan dan layanannya yang nyaman terimakasih banyak,KOMPETITOR,Bintang 4,NovotelSolo,positive,0.999242901802063,Room Quality & Comfort,Room Quality & Comfort (0.99); Facilities & Amenities (0.99); Service Quality (0.99)
Riska Nurhayati,2025,5,Overall bagus sih desain nya tertata rapi makanan nya enak semua wort itu sangat buat surprise dinner cinta banget buat pelayanannya deh terlebih buat kak rey drive awal sampai akhir ramah banget terima kasih novotel dan cowoku hehe,KOMPETITOR,Bintang 4,NovotelSolo,positive,0.9995458722114563,"Cleanliness, Hygiene & Maintenance","Cleanliness, Hygiene & Maintenance (0.99); Service Quality (0.99); Ambience & Design (0.97)"
Bila Bil,2025,5,kamar sangat nyaman bersih pegawai responsif dan ramah bernama mba felicia top mantap,KOMPETITOR,Bintang 4,NovotelSolo,positive,0.9994468092918396,Room Quality & Comfort,Room Quality & Comfort (0.99); Staff Conduct & Hospitality (0.98); Guest Experience (0.98)
Maya Reyya,2025,5,bertemu ibu mungkin terima kasih atas pelayanan nya selama menginap di hotel ini semua nya sudah sangat baik dan memuaskan semoga bisa dipertahankan,KOMPETITOR,Bintang 4,NovotelSolo,positive,0.9982131719589233,Service Quality,"Service Quality (0.99); Guest Experience (0.99); Cleanliness, Hygiene & Maintenance (0.96)"
Lia,2025,5,Makan malam romantis disini bagus banget stafnya semuanya membantu dekorasinya bagus makanan minumannya enak enak semua terimakasih mas raja atas pelayanannya yang sangat baik sukses selalu novotel solo,KOMPETITOR,Bintang 4,NovotelSolo,positive,0.9993568062782288,Service Quality,Service Quality (0.99); Food & Beverage (0.99); Staff Conduct & Hospitality (0.98)
Tuah Saconk,2025,5,lokasi hotel yang strategis memudahkan mau kemana mana jadi lebih dekat lalu keramahan dari para staf serta mungkin manajer yang menghampiri kami menanyakan kenyamanan kami itu yang membuat top,KOMPETITOR,Bintang 4,NovotelSolo,positive,0.9982879757881165,Staff Conduct & Hospitality,Staff Conduct & Hospitality (0.99); Facilities & Amenities (0.98); Service Efficiency & Responsiveness (0.97)
Hendra Prasetia,2025,5,3 hari menginap kamar dan layanan oke sarapan perlu variatif lagi semoga sukses novotel solo terima kasih atas pelayanan primanya cc mbak mey,KOMPETITOR,Bintang 4,NovotelSolo,positive,0.9934478402137756,Service Quality,Service Quality (0.99); Room Quality & Comfort (0.89); Facilities & Amenities (0.89)
Elma,2025,5,tempat yang baik dan buat mas resiko fb service dan para staf yang lain terima kasih buat pelayanannya semoga selalu memberikan yang terbaik,KOMPETITOR,Bintang 4,NovotelSolo,positive,0.9921565055847168,Service Quality,Service Quality (0.95); Facilities & Amenities (0.91); Room Quality & Comfort (0.81)
rahayu kurnianti,2025,5,Pelayanan bagus dengan mba may menu sarapan nya juga enak2 dan tempat nya nyaman dekat dengan kolam renang sehingga anak2 bisa sambil main,KOMPETITOR,Bintang 4,NovotelSolo,positive,0.9994540810585022,Service Quality,Service Quality (1.00); Facilities & Amenities (0.99); Guest Experience (0.99)
Tita Anggraini,2025,5,menginap disini 4 hari overalla kamarnya luas sarapan nya oke juga banyak hidup memasak pertahankan terus,KOMPETITOR,Bintang 4,NovotelSolo,positive,0.9991914629936218,Facilities & Amenities,Facilities & Amenities (0.99); Room Quality & Comfort (0.95); Guest Experience (0.95)
Sutini Sutini,2025,5,hotel strategis dipusat kota kamarnya bersih nyaman ditempati ac dingin handuk putih bersih kolam renang ada 2 karena bersebelahan dengan ibis gaya,KOMPETITOR,Bintang 4,NovotelSolo,positive,0.9995602965354919,Facilities & Amenities,"Facilities & Amenities (0.96); Service Quality (0.96); Cleanliness, Hygiene & Maintenance (0.94)"
susanti etnawati,2025,5,5 hari di novotel solo oke rekomendasi layanana fasilitas juga oke terutama menu sarapan yang beragam dapat dilihat sesuai selera pelayanan dari restoran juga ramah dan sangat membantu hehe dilayanin sama mbak mey terimakasih lokasi ditengah kota memudahkan juga untuk akses kemana saja,KOMPETITOR,Bintang 4,NovotelSolo,positive,0.9991132616996765,Facilities & Amenities,Facilities & Amenities (1.00); Service Efficiency & Responsiveness (0.99); Staff Conduct & Hospitality (0.99)
Fitri Aminatul Azizah,2025,5,menginap di kamar tipe kembar walaupun merokok tapi tidak terlalu berbau asap kamarnya cukup luas bersih dan nyaman,KOMPETITOR,Bintang 4,NovotelSolo,positive,0.9988080263137817,Room Quality & Comfort,"Room Quality & Comfort (0.99); Cleanliness, Hygiene & Maintenance (0.99); Facilities & Amenities (0.96)"
Zibang Alam,2025,5,Pelayanan sangat bagus banget dilayani dengan kak ria terimakasih km dari maluku utara tinggal sampai tgl 4 acara olahraga pelari untuk makanan sangat cocok sangat enak,KOMPETITOR,Bintang 4,NovotelSolo,positive,0.9991363883018494,Service Quality,Service Quality (0.99); Guest Experience (0.99); Facilities & Amenities (0.91)
nana witjaksono,2025,5,Pelayanannya memuaskan makanan dan kamar sudah sesuai yang diharapkan komunikasi mbak mungkin untuk pelayanan di resto sangat baik,KOMPETITOR,Bintang 4,NovotelSolo,positive,0.9959503412246704,Service Quality,Service Quality (0.99); Facilities & Amenities (0.99); Food & Beverage (0.98)
Abdul Hamid,2025,4,Mngkin disediakan makanan tambahan selain makanan berat saat makan malam atau lainnya pencuci mulut minum bisa ditambah juga selain es dari udara putih,KOMPETITOR,Bintang 4,NovotelSolo,positive,0.9648181200027466,Facilities & Amenities,"Facilities & Amenities (0.89); Food & Beverage (0.88); Cleanliness, Hygiene & Maintenance (0.60)"
Akun Malaysia,2025,5,Saya tinggal kamar 518 ac nya dingin kamar bersih nyaman sarapan di restoran enak dan pelayanannya ramah terima kasih pak ricky atas motivasi dan semangatnya untuk bertanding,KOMPETITOR,Bintang 4,NovotelSolo,positive,0.9993507266044617,Staff Conduct & Hospitality,Staff Conduct & Hospitality (0.99); Room Quality & Comfort (0.99); Guest Experience (0.99)
Staff 390,2025,5,Sangat bagus tiap hari ke solo selalu menginap di sini dekat mana mana mana dan sarapannya sesuai dengan selera saya dan anak2 pelayanan sangat rendah hati dan cepat dengan kak mungkin terimakasih sudah membantu saya saat sarapan,KOMPETITOR,Bintang 4,NovotelSolo,positive,0.9993763566017151,Service Efficiency & Responsiveness,Service Efficiency & Responsiveness (0.99); Staff Conduct & Hospitality (0.99); Service Quality (0.98)
Rifanabila Syahira,2025,5,kamar nya bersih recomended banget nginap disini kamar nya luas pelayanan baik felisia,KOMPETITOR,Bintang 4,NovotelSolo,positive,0.9994625449180603,Service Quality,"Service Quality (0.99); Room Quality & Comfort (0.97); Cleanliness, Hygiene & Maintenance (0.97)"
Kav Nai,2025,5,sarapan di novotel solo sangat lezat dengan menu pilihan yang beragam dan cita rasa yang memuaskan stafnya juga sangat ramah dan sigap membuat pengalaman menginap terasa hangat dan menyenangkan,KOMPETITOR,Bintang 4,NovotelSolo,positive,0.9993176460266113,Staff Conduct & Hospitality,Staff Conduct & Hospitality (1.00); Service Efficiency & Responsiveness (0.99); Food & Beverage (0.99)
Linda Goh,2025,5,sarapan di novotel solo benar benar memuaskan makanannya enak dan lengkap pelayanan dari para stafnya juga luar biasa ramah dan membantu membuat suasana jadi nyaman sejak pagi,KOMPETITOR,Bintang 4,NovotelSolo,positive,0.99947589635849,Staff Conduct & Hospitality,Staff Conduct & Hospitality (0.99); Facilities & Amenities (0.98); Guest Experience (0.98)
Adrian Kurniadi,2025,5,tempatnya bersih tenang staf nya semua ramah2 tengkiiuu,KOMPETITOR,Bintang 4,NovotelSolo,positive,0.9991453886032104,Service Quality,"Service Quality (0.99); Cleanliness, Hygiene & Maintenance (0.99); Room Quality & Comfort (0.98)"
adin mega,2025,5,kamarr nyaman bersih wangi setiap ke solo pasti nginap di novotell restorannya jg bersih makanannya enak semua pelayanannya baik dan stafnya ramah ramah terimakasih kak may,KOMPETITOR,Bintang 4,NovotelSolo,positive,0.9994375109672546,Room Quality & Comfort,"Room Quality & Comfort (0.98); Facilities & Amenities (0.98); Cleanliness, Hygiene & Maintenance (0.97)"
Andre Christanto,2025,5,Saya review untuk restonya terima kasih untuk kak ria tim buat pengalaman bbq nya yang unik bbq di piring makanannya enak2 porsinya banyak,KOMPETITOR,Bintang 4,NovotelSolo,positive,0.998868465423584,Service Quality,"Service Quality (0.96); Staff Conduct & Hospitality (0.95); Loyalty, Recommendation & Appreciation (0.94)"
Silvi Meida,2025,5,makanan beragam pelayanan baik dibantu kak mungkin dalam memilih menu,KOMPETITOR,Bintang 4,NovotelSolo,positive,0.9974368810653687,Service Quality,Service Quality (0.98); Guest Experience (0.91); Facilities & Amenities (0.90)
Andri F. Kurniawan,2025,5,tempat menginap yang nyaman layanan yang menyenangkan staf ramah harga sesuai lokasi strategis,KOMPETITOR,Bintang 4,NovotelSolo,positive,0.99930739402771,Facilities & Amenities,Facilities & Amenities (0.99); Service Quality (0.98); Room Quality & Comfort (0.98)
Rahma Zhafirah,2025,5,sarapannya banyak pilihan kamarnya nyaman bersih dibantu dilayanin sama mba mungkin juga yang baik bangett,KOMPETITOR,Bintang 4,NovotelSolo,positive,0.9993295669555664,Service Quality,"Service Quality (0.98); Facilities & Amenities (0.97); Cleanliness, Hygiene & Maintenance (0.96)"
Dhea Novia,2025,5,kamarnya nyaman hanya untuk sinknya agak terlalu tinggi dan mandi udara terlalu besar jadi udara lumayan bikin sakit badan selain itu nyaman dan sangan membantu,KOMPETITOR,Bintang 4,NovotelSolo,positive,0.9967670440673828,Facilities & Amenities,Facilities & Amenities (0.89); Room Quality & Comfort (0.73); Service Quality (0.52)
Mafatichul Faaulina,2025,4,lokasinya strategis sangat keluar hotel lgsg jalanan mobil gratis hari solo yang tidak terlalu seru sangat banyak atraksi berbagai macam pedagang mudah klo mau kmn2 dekat tapi ada sedikit kurang di bagian layanan ketika kami cek keluar pulang ke malang kami baru sadar guling kami ketinggalan tapi sudah 8 jam setelah cek keluar yaitu pagi jam 10an cek keluarnya kami setelah cek keluar tidak lgsg pulang tapi masih jalan2 beli oleh2 dan ke mall di solo baru baru kembali ke malang sore dan baru ingat kalau guling ketinggalan jam 18 sore kami mencoba telepon hotel meskipun agak sulit2 telepon baru ada yang angkat itupun,KOMPETITOR,Bintang 4,NovotelSolo,positive,0.981869637966156,Check in/out Experience,"Check in/out Experience (0.74); Location, Accessibility & Parking (0.72); Guest Experience (0.70)"
linda fatmawati,2025,5,Karena pengalaman menginap yang dulu menyenangkan jadi untuk kali ini kita tinggal cation lagi di novotel solo pelayanannya ramah sukses untuk tim novotel dimana saja,KOMPETITOR,Bintang 4,NovotelSolo,positive,0.9973757266998291,Service Quality,Service Quality (0.96); Guest Experience (0.95); Check in/out Experience (0.87)
Mahendra Hatmoko,2025,4,Kami menghargai betapa baiknya perawatan dan bersihnya semua adalah area kolam renang adalah indah beberapa pembaruan ke perlengkapan akan membuat pengalaman lebih baik,KOMPETITOR,Bintang 4,NovotelSolo,positive,0.9993647933006287,"Cleanliness, Hygiene & Maintenance","Cleanliness, Hygiene & Maintenance (1.00); Facilities & Amenities (1.00); Service Quality (1.00)"
Henry Sinaga,2025,5,tempatnya strategis di pusat kota sangat mudah di jangkau,KOMPETITOR,Bintang 4,NovotelSolo,positive,0.999362051486969,Facilities & Amenities,"Facilities & Amenities (0.93); Location, Accessibility & Parking (0.80); Sustainability & Environmental Quality (0.80)"
Mudjoko Mudjoko,2025,5,sarapan sudah okee makanan sudah enak bagus semua pelayanan luar biasa sangat ramah dan sabar dibantu dengan kak ria terima kasih joss menu luar biasa pilihan menu sangat banyak masa lalu sesuai dengan kami,KOMPETITOR,Bintang 4,NovotelSolo,positive,0.9992043375968933,Service Quality,Service Quality (0.99); Staff Conduct & Hospitality (0.99); Service Efficiency & Responsiveness (0.98)
Asih Parman,2025,5,sarapan oke kebersihan mbak mungkin pelayan bagus terimakasih novotel,KOMPETITOR,Bintang 4,NovotelSolo,positive,0.9938943982124329,Service Quality,"Service Quality (0.99); Cleanliness, Hygiene & Maintenance (0.96); Guest Experience (0.96)"
KYEISA AJENG . M,2025,5,hotel yang sangat indah nyaman untuk menginap makanan enak selalu ingin kembali lagi ke sini pelayanan juga sangat baik saat sarapan pagi staf smua sangat membantu dan ramah jika ada waktu pasti akan kembali ke sini,KOMPETITOR,Bintang 4,NovotelSolo,positive,0.9991859793663025,Facilities & Amenities,Facilities & Amenities (1.00); Staff Conduct & Hospitality (0.99); Service Quality (0.98)
Ibnu Alwan,2025,5,hotelnya nyaman dan bersih semua stafnya ramah sarapan juga beragam beragam dan enak,KOMPETITOR,Bintang 4,NovotelSolo,positive,0.9992247819900513,Facilities & Amenities,"Facilities & Amenities (0.99); Cleanliness, Hygiene & Maintenance (0.99); Staff Conduct & Hospitality (0.98)"
triyani ns,2025,5,pertama kali makan malam romantis makanannya enak dekorasinya bagus dan pelayanannya untuk kak ria dan rey juga memuaskan terimakasih kak sudah dibantu,KOMPETITOR,Bintang 4,NovotelSolo,positive,0.9994916915893555,Facilities & Amenities,Facilities & Amenities (0.99); Guest Experience (0.98); Ambience & Design (0.97)
endhar setya,2025,5,kamarnya bagus nyaman rapi bersih untuk sarapannya banyak pilihan rasanya mantap,KOMPETITOR,Bintang 4,NovotelSolo,positive,0.9993894100189209,Facilities & Amenities,"Facilities & Amenities (1.00); Room Quality & Comfort (0.99); Cleanliness, Hygiene & Maintenance (0.98)"
Dimas Subekti,2025,5,Dibantu dan dilayani dengan sangat baik disambut dengan sangat baik jg sarapan jadi menikmati ditawarkan bbrp makanan dan minuman ada sehat jc dan jamu jg rasa nya jg enak semua suasana jg menikmati sangat informatif spot wisata cerita terima kasih ria pekerjaan yang baik dan gadis baik debest,KOMPETITOR,Bintang 4,NovotelSolo,positive,0.9986752867698669,Service Quality,Service Quality (1.00); Facilities & Amenities (0.99); Staff Conduct & Hospitality (0.99)
Putri Permata Sakti,2025,5,hotelnya bagus kamarnya nyaman dan bersih pelayanannya ramah menu sarapannya banyak dan enak,KOMPETITOR,Bintang 4,NovotelSolo,positive,0.9992865920066833,Facilities & Amenities,"Facilities & Amenities (1.00); Room Quality & Comfort (0.99); Cleanliness, Hygiene & Maintenance (0.99)"
Opang Gaming,2025,5,Servis makan malam romantisnya baguss makananya enak semuanya harganya masih terjangkau pokoknya terbaik lahh,KOMPETITOR,Bintang 4,NovotelSolo,positive,0.9995514750480652,Service Quality,Service Quality (0.99); Pricing & Value for Money (0.97); Service Efficiency & Responsiveness (0.85)
GARENA FIRE FREE,2025,5,Saya tetap acnya dingin bersih aman dan nyaman sarapannya enak dan suasana nya nyaman terima kasih bang ricky dan tim atas pelayanan nya,KOMPETITOR,Bintang 4,NovotelSolo,positive,0.9994663596153259,Service Quality,"Service Quality (0.99); Facilities & Amenities (0.99); Cleanliness, Hygiene & Maintenance (0.99)"
Vin,2025,5,Sangat berkesan menginap di sini saya datang lebih awal tetap dilayani dengan baik kamar saya sangat nyaman bersih dan wangi menu sarapan pagi yang sangat komplit dan rasanya enak pelayanannya sangat baik dan super ramah terutama kak felicia sangat rinci dalam menjelaskan manfaat anggota accor dan saya tertaik untuk bergabung anggota sukses terus untuk novotel solo,KOMPETITOR,Bintang 4,NovotelSolo,positive,0.9993683695793152,Guest Experience,Guest Experience (0.99); Facilities & Amenities (0.99); Service Quality (0.98)
Nuraini,2025,5,variasi menu sarapan cukup hanya bubur ayam bubur terlalu cair berair dan asin pelayanan di resto baik mba mungkin,KOMPETITOR,Bintang 4,NovotelSolo,positive,0.9853797554969788,Food & Beverage,Food & Beverage (0.83); Service Quality (0.78); Guest Experience (0.56)
Yola Saputra,2025,5,hotelnya sangat bersihh nuansa jawa gituu makanan di sarapan nya juga banyak varian dan enak enak stafnya ramah sekali dan sangat membantu terimakasih novotell,KOMPETITOR,Bintang 4,NovotelSolo,positive,0.9994303584098816,"Cleanliness, Hygiene & Maintenance","Cleanliness, Hygiene & Maintenance (0.98); Staff Conduct & Hospitality (0.98); Food & Beverage (0.97)"
Siti Mariam,2025,5,untuk pelayanan nya baik saya dilayani oleh mbak mey daat sarapan dan untuk pelayanan lainnya seperti permintaan setrika dll sangat baik,KOMPETITOR,Bintang 4,NovotelSolo,positive,0.9976345300674438,Service Quality,Service Quality (1.00); Guest Experience (0.99); Facilities & Amenities (0.99)
Teejay Lawrenson,2025,5,menginap di novotel solo adalah benar-benar luar biasa hotel ini menakjubkan dengan berbagai restoran yang menawarkan sesuatu untuk semua orang seluruh tempat merasa eksklusif namun menyambut apa yang benar-benar membuat menginap kami berkesan adalah staf luar biasa semua orang yang kami berinteraksi dengan sangat ramah dan membantu sebuah teriakan khusus untuk kania dia adalah waitrees dia adalah permata mutlak begitu manis jenis dan tulus membantu kami memiliki begitu menyenangkan mengobrol dengannya dan dia memastikan semuanya berjalan lancar untuk kami sangat direkomendasikan untuk siapa pun mencari liburan mewah dan tak terlupakan masuk solo,KOMPETITOR,Bintang 4,NovotelSolo,positive,0.9991185069084167,Staff Conduct & Hospitality,Staff Conduct & Hospitality (1.00); Food & Beverage (1.00); Guest Experience (0.99)
Anastasya Sheila,2025,3,Pelayanan oke kamar oke tapi mungkin di bagian sarapan tolong di perbaiki masa bubur pakai sambel ijo kan tidak cocok terus masakannya kurang enak maaf juga menuunya dikit banget ya kalah sama hotel lainnya pdhl harganya juga mahal hotel sini hehehe,KOMPETITOR,Bintang 4,NovotelSolo,negative,0.9948359727859497,Service Quality,Service Quality (0.98); Facilities & Amenities (0.92); Guest Experience (0.90)
David Mei,2025,5,Pelayanan sangat luar biasa ramah dan baik disambut dengan baik dan dilayannya jg dengan baik minuman dan makanan yang disajikan tidak mengecewakan enak semua sarapan jg sangat puas semua tempat bersih dan nyaman terima kasih novotel pelayanannya sangat baik dipertahankan ya,KOMPETITOR,Bintang 4,NovotelSolo,positive,0.9988545179367065,Food & Beverage,Food & Beverage (1.00); Facilities & Amenities (1.00); Guest Experience (1.00)
Charisma Rahmat Pamungkas,2025,5,Ini adalah hotel sempurna Aku akan mengatakan meskipun terletak di sebuah bangunan tua tapi semua fasilitas mendapat pemeliharaan yang baik makanan rasa baik kamar bersih dan bau baik meskipun butuh waktu yang cukup lama untuk AC untuk mendinginkan kamar bahkan ketika pembesar set pada maksimum semua masuk semua itu memiliki nilai besar untuk uang,KOMPETITOR,Bintang 4,NovotelSolo,positive,0.9983127117156982,Facilities & Amenities,"Facilities & Amenities (1.00); Cleanliness, Hygiene & Maintenance (0.99); Service Quality (0.99)"
Qatarina Aurelya,2025,5,hotel bagus fasilitas lengkap sarapannya oke air dikasi di air jug tapi tidak ada dispenser sehingga jika mau mengisi ulang udara harus telepon ke resepsionis dan lama sekali diantarnya,KOMPETITOR,Bintang 4,NovotelSolo,positive,0.9895488023757935,Facilities & Amenities,Facilities & Amenities (0.99); Service Quality (0.92); Food & Beverage (0.82)
Danish mirza Azharan,2025,5,untuk pelayanan nyaa bagus karyawan nya gercep dan peka terhadap sekitar dan situasi dan untuk makanan nya enak pelayanan nyaa baik ka anggun,KOMPETITOR,Bintang 4,NovotelSolo,positive,0.9993951320648193,Service Quality,Service Quality (0.99); Staff Conduct & Hospitality (0.99); Guest Experience (0.98)
fn blurry,2025,5,hotel nya nyaman sarapan makanan nya enak minus nya mandi di kamar mandi keluar udara nya kecil,KOMPETITOR,Bintang 4,NovotelSolo,positive,0.9875267148017883,Facilities & Amenities,Facilities & Amenities (0.99); Guest Experience (0.91); Service Quality (0.90)
mahera indah,2025,5,pertama kali menginap di novotel hotelnya bagus klasik jawa gtuu kamarnya bersih wangi pengalaman sarapan di resto juga enak enak menu kopinya terbaik,KOMPETITOR,Bintang 4,NovotelSolo,positive,0.9994271993637085,"Cleanliness, Hygiene & Maintenance","Cleanliness, Hygiene & Maintenance (0.99); Guest Experience (0.99); Food & Beverage (0.99)"
Anusha S P,2025,5,Pengunjung dan staf hotel dan restoran sangat baik dan menyesuaikan pilihan makanan kami.,KOMPETITOR,Bintang 4,NovotelSolo,positive,0.998299777507782,Food & Beverage,Food & Beverage (1.00); Guest Experience (0.99); Service Quality (0.99)
Ghavranda Saputra,2025,5,untuk pelayanan sudah bagus sangat ramah sangat membantu dan memuaskan pelayanan kak ria terima kasih kak makanan dan minuman sudah okee mantap,KOMPETITOR,Bintang 4,NovotelSolo,positive,0.9990726709365845,Service Quality,Service Quality (0.99); Guest Experience (0.99); Food & Beverage (0.99)
Anthony Cahyadi,2025,5,lokasi baru strategis di tengah kota solo untuk kesan pertama nya sangat hangat sekali di sambut oleh staf staf yang ramah dan komunikatif kamar nya bersih nyaman dan super lega kolam renangnya bersih makanan nya pun sangat bervariatif dan enak semua secara keseluruhan saya dan keluarga sangat puas dan akan kembali lagi untuk perjalanan kedua berikutnya pekerjaan baik,KOMPETITOR,Bintang 4,NovotelSolo,positive,0.999479353427887,Facilities & Amenities,Facilities & Amenities (1.00); Staff Conduct & Hospitality (1.00); Room Quality & Comfort (1.00)
naufalzz zahran,2025,5,tinggal di kamar 220 kamarnya sangat nyaman bersih sarapan nya enak dan suasana resto nyaman dekat dengan kolam terimakasih pak ricky atas pelayanan nya,KOMPETITOR,Bintang 4,NovotelSolo,positive,0.9995821118354797,"Cleanliness, Hygiene & Maintenance","Cleanliness, Hygiene & Maintenance (0.99); Service Quality (0.98); Facilities & Amenities (0.97)"
Joanna Anindyanari,2025,5,Layanan adalah top notch dan layanan sarapan adalah besar kamarnya juga super nyamaan pasti akan merekomendasikan untuk mencoba dan tinggal di sini ketika masuk soloo,KOMPETITOR,Bintang 4,NovotelSolo,positive,0.9985190033912659,Facilities & Amenities,Facilities & Amenities (1.00); Service Quality (1.00); Food & Beverage (1.00)
Sekar Mayang Arum,2025,5,tempatnya nyaman banget pelayanannya kak mei ramah sekali sarapan nya enak banget,KOMPETITOR,Bintang 4,NovotelSolo,positive,0.9994158744812012,Facilities & Amenities,Facilities & Amenities (0.99); Guest Experience (0.99); Staff Conduct & Hospitality (0.97)
Supri Yanto,2025,5,lokasi hotelnya strategis ada acara di solo nginep di novotel hotelnya bersih menu sarapannya enak masukan saja menu ditambah lagi,KOMPETITOR,Bintang 4,NovotelSolo,positive,0.9994387030601501,Service Quality,"Service Quality (0.97); Cleanliness, Hygiene & Maintenance (0.96); Facilities & Amenities (0.93)"
Teguh Winari,2025,5,tinggal satu malam di kamar 516 pelayanan ramah tempat dan view nya sangat bagus ada juga kolam renang cocok biat tinggal cation sendiri maupun bersama keluarga resto nya juga dianjurkan dilayani sepenuh hati sama mbk mei terbaik pokoknya,KOMPETITOR,Bintang 4,NovotelSolo,positive,0.9995856881141663,Family & Group Friendly,Family & Group Friendly (0.99); Facilities & Amenities (0.99); Service Quality (0.98)
Moses Prakoso setiawan,2025,5,Pelayanan baik sangat menyenangkan dan cekatan terima kasih kk ria sudah dibantu sarapan enak semuanya mantap,KOMPETITOR,Bintang 4,NovotelSolo,positive,0.9992552399635315,Service Efficiency & Responsiveness,Service Efficiency & Responsiveness (1.00); Service Quality (1.00); Guest Experience (1.00)
Rury Handayani,2025,5,sudah sering tinggal di novotel solo dari dulu hingga saat ini kamar nyaman bersih pelayanan bagus staf ramah sarapan pagi enak,KOMPETITOR,Bintang 4,NovotelSolo,positive,0.9992954730987549,Service Quality,"Service Quality (0.99); Room Quality & Comfort (0.98); Cleanliness, Hygiene & Maintenance (0.98)"
Fadhila Dhaneswara,2025,5,Saya memiliki pengalaman yang hebat di sini staf sangat membantu dan ramah sarapan baik lokasi hotel adalah strategis,KOMPETITOR,Bintang 4,NovotelSolo,positive,0.9980782270431519,Food & Beverage,Food & Beverage (1.00); Service Quality (1.00); Service Efficiency & Responsiveness (1.00)
Denny James,2025,5,sangat memuaskan dengan sarapan yang variasi dan staf yang sangat membantu serta fasilitas yang bagus,KOMPETITOR,Bintang 4,NovotelSolo,positive,0.9989482760429382,Food & Beverage,Food & Beverage (0.99); Facilities & Amenities (0.99); Service Quality (0.99)
Achmad Siswanto,2025,5,hotel yang sangat nyaman untuk liburan di tempat solo yang sangat strategis di jantung kota lebih tepatnya dekat dengan kuliner sate pak manto dari segi pelayanan staf secara keseluruhan ramah semua terutama staf di restoran menu sarapan pagi baru lengkap cocok dengan lidah saya dan sampai sampai anak saya menambah porsinya terima kasih hotel solo novotel,KOMPETITOR,Bintang 4,NovotelSolo,positive,0.9994907379150391,Staff Conduct & Hospitality,Staff Conduct & Hospitality (1.00); Service Quality (0.99); Service Efficiency & Responsiveness (0.98)
luckeysa ceo,2025,5,Pelayanannya bagus bangett dapet kejutan manis 17 disini benar vibesnya romantis dan elegan dekorasi dan makanannya bagus enakk pokoknya bintanya 10,KOMPETITOR,Bintang 4,NovotelSolo,positive,0.9993476271629333,Service Quality,Service Quality (1.00); Guest Experience (1.00); Facilities & Amenities (0.99)
angga putra,2025,5,Pengalaman yang bagus makan malam romantis di sini menu enak sudah lengkap dan dekorasi harga terjangkau,KOMPETITOR,Bintang 4,NovotelSolo,positive,0.9992551207542419,Pricing & Value for Money,Pricing & Value for Money (0.97); Food & Beverage (0.96); Facilities & Amenities (0.95)
Ari Prihatmono,2025,5,sarapan oke tunggu cek masuk lama mungkin lagi musim liburan,KOMPETITOR,Bintang 4,NovotelSolo,negative,0.7984037399291992,Food & Beverage,Food & Beverage (0.89); Booking & Reservation Experience (0.79); Service Quality (0.72)
Nirma Silvia Wati,2025,5,pengalaman staycation yang luar biasa stafnya ramah pelayanannya sangat baik,KOMPETITOR,Bintang 4,NovotelSolo,positive,0.9976509213447571,Guest Experience,Guest Experience (1.00); Service Quality (0.99); Check in/out Experience (0.99)
Andari HS,2025,5,di atas semua nyaman cm kemarin cek masuk nya agak lama sarapannya standar menyenangkan,KOMPETITOR,Bintang 4,NovotelSolo,positive,0.9989054203033447,Facilities & Amenities,Facilities & Amenities (1.00); Check in/out Experience (0.98); Guest Experience (0.98)
Saputra Shearen,2025,1,untuk hotel nya bagus dengan nuansa jawa dan juga untuk makanan minuman nya saya acungi jempol tapi sangat menyayangkan saya risih ketika dimintain review bagus dengan memaksa untuk review itu kan penilaian dari diri saya bukan paksaan mohon diperbaiki sikap nya ya kak boleh saya mohon maaf jika aga risih untuk staf nya jika memaksa minta review dengan memaksa agar dibaguskan atas nama mereka,KOMPETITOR,Bintang 4,NovotelSolo,negative,0.9906817674636841,Food & Beverage,Food & Beverage (0.95); Guest Experience (0.71); Staff Conduct & Hospitality (0.68)
Desy Achrisya,2025,5,Palayanan hotel oke makanannya juga enak mba mungkin sangat membantu akan balik lagi untuk tinggal di sini,KOMPETITOR,Bintang 4,NovotelSolo,positive,0.9970182180404663,Service Quality,Service Quality (1.00); Facilities & Amenities (1.00); Food & Beverage (0.99)
Arip Ripan,2025,5,merasakan nyaman dihotel yang benar benar nyaman dari sarapan kamar dan pelayanan tamu baru kali ini di care banget sama pelayan padahal baru rame walau rame pelayanan tetap top terima kasih atas pekerjaan Tuhan mas reihan,KOMPETITOR,Bintang 4,NovotelSolo,positive,0.9988242983818054,Guest Experience,Guest Experience (0.99); Service Quality (0.98); Facilities & Amenities (0.96)
Brigita Advenia,2025,3,waktu cek masuk saya cuma dikasih 1 kamar kunci malam ini saya turun naik tanpa bawa kunci karena keluarga saya tidur di kamar jadi tidak mungkin dong saya cabut kamar kunciya lalu saya minta duplikat kunci malam ini sama shift jaga resepsi malam ini dijawab saya kasih kunci untuk kelistrikan sama buat naik saja soalnya ini kamarnya tidak ada deposit jujur saya sudah memiliki kue di sini kok malah nyalahin saya tidak ada deposit waktu saya cek masuk saja tidak di mintakan deposit jika saya turun malam ini dengan membawa dompet atau cc saya lempar dah anda membuat deposit daripada saya di kasih sikap tidak enak kaya gitu yang salah resepsi,KOMPETITOR,Bintang 4,NovotelSolo,negative,0.9969162940979004,Check in/out Experience,Check in/out Experience (0.84); Food & Beverage (0.81); Booking & Reservation Experience (0.78)
kusnul agustiana,2025,5,kamar oke makanan oke pelayanan oke layanan pelanggan cepat tanggap pelayanan mas rey ramah sopan dan ramah pertahankan novotel solo,KOMPETITOR,Bintang 4,NovotelSolo,positive,0.9990732669830322,Service Efficiency & Responsiveness,"Service Efficiency & Responsiveness (1.00); Cleanliness, Hygiene & Maintenance (1.00); Guest Experience (1.00)"
windy parasmita,2025,5,Suka dengan menu2 sarapannya penyuka protein disini full protein servis disni memuaskan oke banget mungkin ramahh cantik,KOMPETITOR,Bintang 4,NovotelSolo,positive,0.9994540810585022,Service Quality,Service Quality (0.99); Food & Beverage (0.89); Family & Group Friendly (0.83)
Maria Ulfah,2025,5,Hotel yang bagus langganan kami sejak putri kami umur 2 tahun dan sekarang sudah umur 13 tahun dianjurkan banget untuk keluarga,KOMPETITOR,Bintang 4,NovotelSolo,positive,0.9982874989509583,"Loyalty, Recommendation & Appreciation","Loyalty, Recommendation & Appreciation (0.97); Service Quality (0.93); Family & Group Friendly (0.86)"
Galih Restu,2025,5,kamar sangat nyaman dan pelayanannya sangat baik mbak felicia sudah menjelakan anggota manfaat terimakasih,KOMPETITOR,Bintang 4,NovotelSolo,positive,0.9990861415863037,Room Quality & Comfort,Room Quality & Comfort (0.99); Service Quality (0.99); Guest Experience (0.98)
DELPI 10,2025,5,Saya tinggal di kamar 221 kamarnya ac nya dingin bersih dan nyaman dan sarapannya enak terima kasih bang ricky pelayanannya,KOMPETITOR,Bintang 4,NovotelSolo,positive,0.9992916584014893,Room Quality & Comfort,Room Quality & Comfort (0.99); Guest Experience (0.99); Facilities & Amenities (0.99)
permadi siregar,2025,5,hotel nya nyaman dan bersih kamar nya juga rapi dan wangi dan staf nya ramah2 selama saya lama tinggal staf yang selalu bantu saya ketika sarapan mbak kania yang selalu menawarkan saya omlet ketika sarapan krna istri saya suka omlet,KOMPETITOR,Bintang 4,NovotelSolo,positive,0.9993026256561279,Staff Conduct & Hospitality,"Staff Conduct & Hospitality (0.99); Facilities & Amenities (0.99); Cleanliness, Hygiene & Maintenance (0.99)"
Stella Anita,2025,5,kamar dan fasilitasnya okee dan makanan nya enak enak bikin betah pokonya karena nyaman wangi bagus estetika,KOMPETITOR,Bintang 4,NovotelSolo,positive,0.9995239973068237,Facilities & Amenities,Facilities & Amenities (0.99); Room Quality & Comfort (0.97); Guest Experience (0.94)
deasy ardhini,2025,5,Pelayan ramah atas nama mas riski dari magang smk semoga sukses selalu,KOMPETITOR,Bintang 4,NovotelSolo,positive,0.9958821535110474,Staff Conduct & Hospitality,Staff Conduct & Hospitality (0.96); Guest Experience (0.92); Service Quality (0.92)
Nadra Harahap,2025,5,Pelayanannya ramah spesial mba mei lokasi deket kmana2 secara keseluruhan okeh deh,KOMPETITOR,Bintang 4,NovotelSolo,positive,0.9992424249649048,Service Quality,Service Quality (0.99); Guest Experience (0.99); Staff Conduct & Hospitality (0.98)
Yoke Sarah Asafita,2025,5,makanannya enak natal dinner disini nyaman banget,KOMPETITOR,Bintang 4,NovotelSolo,positive,0.9991835951805115,Facilities & Amenities,Facilities & Amenities (0.99); Room Quality & Comfort (0.93); Family & Group Friendly (0.90)
Subdit Pengawasan Pengendalian Sarana KA,2025,5,Pelayanannya baik pilihan makanan untuk sarapannya cukup beragam dan enak,KOMPETITOR,Bintang 4,NovotelSolo,positive,0.9980826377868652,Service Quality,Service Quality (0.99); Guest Experience (0.97); Food & Beverage (0.96)
Temple Naga,2025,5,Pelayanannya ramah cepat tanggap kalau ke solo pasti akan kembali menginap disini,KOMPETITOR,Bintang 4,NovotelSolo,positive,0.9990781545639038,Service Efficiency & Responsiveness,Service Efficiency & Responsiveness (1.00); Service Quality (0.99); Guest Experience (0.99)
Amos Ew,2025,5,hotel yang nyaman pelayanan yang ramah dari mulai cek masuk cek keluar terutama saat bfast kami di layani dng sangat baik sangat ramah oleh mba ria semoga perjalanan bisnis kami di solo masih bisa kamar lg di novotel solo,KOMPETITOR,Bintang 4,NovotelSolo,positive,0.9987664222717285,Check in/out Experience,Check in/out Experience (0.99); Service Quality (0.99); Staff Conduct & Hospitality (0.99)
aisyah fahmaa,2025,5,pelayanannya okee makanan sarapannya enak dan komplit,KOMPETITOR,Bintang 4,NovotelSolo,positive,0.9991059899330139,Service Quality,Service Quality (0.99); Facilities & Amenities (0.98); Guest Experience (0.97)
Suhaib Faqoth,2025,5,tempat sangat strategis dekat dengan wisata untuk pelayanan bagus menu breakfest lengkap,KOMPETITOR,Bintang 4,NovotelSolo,positive,0.9993725419044495,Service Quality,Service Quality (0.99); Facilities & Amenities (0.95); Food & Beverage (0.95)
Ani Cheta,2025,5,hotel bintang 4 dengan pelayanan sesuai kelasnya kamarnya nyaman dan makanan di resto enak terima kasih,KOMPETITOR,Bintang 4,NovotelSolo,positive,0.9993977546691895,Service Quality,Service Quality (1.00); Room Quality & Comfort (0.99); Facilities & Amenities (0.99)
Bosnia Gazza,2025,5,untuk makanan sudah oke enak cocok apalagi pelayanan sangat mantap dibantu kak ria sangat ramah terimakasih,KOMPETITOR,Bintang 4,NovotelSolo,positive,0.9992974996566772,Service Quality,Service Quality (0.99); Service Efficiency & Responsiveness (0.97); Staff Conduct & Hospitality (0.95)
ria novita,2025,5,rekomendasi hotel untuk menginap di solo wajib banget mampir ke novotel karena lokasinya terjangkau kemana mana mana makanan sarapan enak dan variatif stafnya ramah2 poll dan sangat sangat cekatan dalam membantu tamu kamarnya nyaman banget buat istirahat bersih dan fasilitasnya lengkap layak untuk dipesan,KOMPETITOR,Bintang 4,NovotelSolo,positive,0.9995741248130798,Staff Conduct & Hospitality,Staff Conduct & Hospitality (0.99); Service Efficiency & Responsiveness (0.99); Service Quality (0.97)
Adisty Kirana,2025,5,sarapan pagi beragam dan rasa makanan enak kamar nyaman tempat yang bagus untuk menginap,KOMPETITOR,Bintang 4,NovotelSolo,positive,0.9985747337341309,Room Quality & Comfort,Room Quality & Comfort (0.99); Facilities & Amenities (0.98); Guest Experience (0.94)
shelvi kharisma,2025,5,sarapanya enak restonya nyaman banyak pilihanya pelayananya bagus terimakasih mey atas pelayanannya membantu sekalii,KOMPETITOR,Bintang 4,NovotelSolo,positive,0.9994308352470398,Service Quality,Service Quality (0.99); Facilities & Amenities (0.98); Food & Beverage (0.93)
Yopy Anid14,2025,5,Pelayanan sangat baik sarapan sangat baik kamar nya bersih dan nyaman mbk mei,KOMPETITOR,Bintang 4,NovotelSolo,positive,0.9973886609077454,Service Quality,Service Quality (1.00); Guest Experience (1.00); Room Quality & Comfort (1.00)
Laily Bintang Sembilan,2025,5,seru menyenangkan terkesan dengan seragam dan keramahan karyawan hotelnya solo banget trimakasih semuanya,KOMPETITOR,Bintang 4,NovotelSolo,positive,0.9978112578392029,Staff Conduct & Hospitality,Staff Conduct & Hospitality (1.00); Service Quality (0.99); Service Efficiency & Responsiveness (0.97)
demm hammz,2025,5,sarapan perlu penambahan menu yang anak-anak ramah pelayanan resto oke mantap pic resto n mei,KOMPETITOR,Bintang 4,NovotelSolo,positive,0.9968550205230713,Service Quality,Service Quality (0.99); Guest Experience (0.94); Staff Conduct & Hospitality (0.91)
PPLH Bali,2025,5,Novotel keren kamarnya luas air mineral dan bodycare juga guna ulang tidak menggunakan sekali pakai makanannya juga enak,KOMPETITOR,Bintang 4,NovotelSolo,positive,0.9993268251419067,Facilities & Amenities,Facilities & Amenities (1.00); Service Efficiency & Responsiveness (0.99); Room Quality & Comfort (0.98)
Endah Dwi Hastuti,2025,5,Alhamdulillah pelayanan bagus menu makan enak terima kasih mas riski,KOMPETITOR,Bintang 4,NovotelSolo,positive,0.9990490078926086,Service Quality,Service Quality (0.99); Guest Experience (0.97); Staff Conduct & Hospitality (0.91)
Nhie Rysky,2025,5,pelayanan bagus makanan juga enak anak saya tidurnya nyenyak sampai sampai ngga mau pulang terimakasih kak mungkin sudah membantu di restonya,KOMPETITOR,Bintang 4,NovotelSolo,positive,0.9987829327583313,Service Quality,Service Quality (0.99); Guest Experience (0.94); Service Efficiency & Responsiveness (0.92)
FAIQOH RIFATULMUNA,2025,5,sangat memuaskan dan nyaman kamar bersih dan nyaman terimakasih mas rey atas pelayanan staf oke,KOMPETITOR,Bintang 4,NovotelSolo,positive,0.9994170665740967,Room Quality & Comfort,Room Quality & Comfort (1.00); Service Quality (0.99); Facilities & Amenities (0.99)
daffa akbar putro purnomo,2025,5,sarapan dan ruang pertemuan nya bagus sarapan ya banyak pilihan makananya Enakk restonya bersih dan nyman staf restonya ramah dan ramah saya pesan kopi di bar dibantu oleh mba mungkin oke banget servicenya,KOMPETITOR,Bintang 4,NovotelSolo,positive,0.9994268417358398,Service Quality,"Service Quality (0.98); Food & Beverage (0.98); Cleanliness, Hygiene & Maintenance (0.98)"
diska indah mahera,2025,5,hotel di tengah kota dekat kemana hotel nya bersih nyaman pelayananya sangat joss mantap sarapan jg nyaman terimakasih kak ria sudah dibantu dengan baik,KOMPETITOR,Bintang 4,NovotelSolo,positive,0.9995808005332947,Service Quality,"Service Quality (0.99); Facilities & Amenities (0.99); Cleanliness, Hygiene & Maintenance (0.98)"
Wahyu Priyono,2025,5,pelayanan sangat puas menyenangkan dilayani dengan baik makanan dan minuman enak semuanya cocok terima kasih kak ria sudah membantu,KOMPETITOR,Bintang 4,NovotelSolo,positive,0.9993213415145874,Food & Beverage,Food & Beverage (0.99); Guest Experience (0.99); Service Quality (0.98)
Yosephinadya Enggar P,2025,2,Sebenernya tidak ingin mengeluhkan ini tapi karena menurut kami ada kesalahan fatal ya jdi semuanya komplen akhirnya kami harus sampaikan kepada kluarga saya mengadakan acara syukur atas pernikahan kakak dan saya sbg gambarnya sangat tidak menyenangkan pada saat tm penjualan yang bersangkutan tidak dapat hadir dan saya maklumi asal pada saat acara nanti bisa sesuai dengan yang di tm kan tapi kok di hari saat acara dimulai dan tamu mulai mengambil buffet beberapa orang vendor termasuk band malah ikut bubar dan mengambil buffet sedangkan dari saat tes penjualan makanan bersangkutan pastikan kalau mreka menyiapkan makanan untuk vendor di acara akhir saat,KOMPETITOR,Bintang 4,NovotelSolo,negative,0.997072696685791,Guest Experience,"Guest Experience (0.77); Loyalty, Recommendation & Appreciation (0.65); Complaint Handling & Service Recovery (0.63)"
Rangga BOB,2025,5,Saya ingin masuk di kamar518 kamarnya bersih pelayanan ramah sarapan di restoran enak terimaksih bg ricky atas pelayannya,KOMPETITOR,Bintang 4,NovotelSolo,positive,0.9992200136184692,Service Quality,"Service Quality (0.99); Guest Experience (0.99); Cleanliness, Hygiene & Maintenance (0.98)"
Handy Kusnadi,2025,2,Hotel tidak memungkinkan saya untuk mengubah jadwal karena saya memiliki masalah mendesak diberitahu dua hari sebelum kedatangan hotel memiliki kolam renang yang bagus dan taman bermain anak hotel terlihat cukup tua sudah ketika memeriksa masuk kamar kami tidak benar-benar bersih palsu bulu mata dan jarum ditemukan di karpet beruntung tidak menyakitkan anak saya sarapan adalah di bawah harapan hotel tiga bintang sebelumnya saya memiliki rasa sarapan yang lebih baik,KOMPETITOR,Bintang 4,NovotelSolo,negative,0.9687312245368958,Facilities & Amenities,Facilities & Amenities (0.99); Service Quality (0.94); Guest Experience (0.87)
Nurul Qomariyah,2025,5,Pelayanannya bagus artinya enak kolam mbk may manis,KOMPETITOR,Bintang 4,NovotelSolo,positive,0.9990007281303406,Service Quality,Service Quality (1.00); Guest Experience (1.00); Check in/out Experience (0.98)
Puji Ariani,2025,5,pelayanan ramah makanannya enak dan kamarnya nyaman jadi ingin kesini lagi,KOMPETITOR,Bintang 4,NovotelSolo,positive,0.9991938471794128,Facilities & Amenities,Facilities & Amenities (0.99); Service Quality (0.99); Room Quality & Comfort (0.99)
Rahmi bekti utami,2025,5,pelayanan ramah sarapan makan siang makan malam juga enak kamar nyaman mba mey sangat membantu,KOMPETITOR,Bintang 4,NovotelSolo,positive,0.9994163513183594,Guest Experience,Guest Experience (0.99); Room Quality & Comfort (0.99); Service Quality (0.99)
Muhammad Yoga Mulyana,2025,5,Terima kasih Felicia sudah di temani ngobrol dan menjelaskan dengan jelas manfaat anggota accor novotel selalu menjadi pilihan ketika saya ke solo,KOMPETITOR,Bintang 4,NovotelSolo,positive,0.9970569610595703,"Loyalty, Recommendation & Appreciation","Loyalty, Recommendation & Appreciation (0.92); Facilities & Amenities (0.91); Guest Experience (0.87)"
Abd Rahim,2025,5,sarapan dengan variasi yang menarik rasa sesuai selera pelayanan dari staf resto yang ramah dan nyaman sangat senang bisa berkunjung ke hotel ini terima kasih,KOMPETITOR,Bintang 4,NovotelSolo,positive,0.9985300302505493,Staff Conduct & Hospitality,Staff Conduct & Hospitality (0.99); Service Quality (0.98); Guest Experience (0.97)
Anindita TJ,2025,3,hotel tua sejak saya sd sampai sudah beranak 2 hotel ini ngga ada perubahan desainnya tetap hampir sama kecuali kamar sisanya hanya perubahan minor point jual terbaik hotel ini lokasi dan harga yang yang tidak terlalu mahal untuk lokasi sebagus ini kolam renang bergabung dengan hotel ibis disebelah paham sih masih satu grup tapi masa iya kolam renang sekecil itu digunakan penghuni 2 hotel,KOMPETITOR,Bintang 4,NovotelSolo,positive,0.996641993522644,Pricing & Value for Money,Pricing & Value for Money (0.99); Facilities & Amenities (0.89); Family & Group Friendly (0.86)
August Tiara,2025,5,Suka banget di sini ada kamar bermain buat anak2 bermain banyak banget mainannya dan bisa sambil menonton juga aku kmrin main sama anak aku sambil menunggu checkin fasilitasnya jg lengkap bgd disini semua stafnya jg membantu bgd dan yang pastinya kamarnya luas dan bersih bgd,KOMPETITOR,Bintang 4,NovotelSolo,positive,0.999454915523529,Facilities & Amenities,Facilities & Amenities (0.99); Service Quality (0.97); Service Efficiency & Responsiveness (0.97)
Cicik,2025,5,sarapan banyak varian komplit mungkin komunikatif menawarkan menuunya layanan terbaik,KOMPETITOR,Bintang 4,NovotelSolo,positive,0.9964240193367004,Service Quality,Service Quality (0.95); Food & Beverage (0.92); Family & Group Friendly (0.81)
Yuli Setyorini,2025,5,pengalaman sarapan yang selalu membuatku kembali dan selalu merindukannya terimakasih banyak untuk menikah uwuh ya kak ria terimakasih kak bagas untuk pelayanannya dan keramahannya,KOMPETITOR,Bintang 4,NovotelSolo,positive,0.9983159303665161,Service Quality,Service Quality (0.98); Guest Experience (0.93); Food & Beverage (0.91)
Heni Isniyati,2025,5,hotel nyaman kamar bersih makanan enak pelayanan baik dan ramah,KOMPETITOR,Bintang 4,NovotelSolo,positive,0.9986807703971863,Room Quality & Comfort,"Room Quality & Comfort (0.99); Facilities & Amenities (0.99); Cleanliness, Hygiene & Maintenance (0.99)"
Feronica Dewayani,2025,5,Perhotelan Novotel sangat bagus hotel tengah kota yang mau kemana mana mana dekat sarapan nya enak klo ke solo pingin balik lagi tinggal cation di novote terima kasih u novotell,KOMPETITOR,Bintang 4,NovotelSolo,positive,0.9994150400161743,Service Quality,"Service Quality (0.89); Facilities & Amenities (0.84); Loyalty, Recommendation & Appreciation (0.81)"
Dar Sono,2025,5,catatan untuk pembenahan dan pembersihan kamar masih kurang saat istirahat siang belum dibenahi,KOMPETITOR,Bintang 4,NovotelSolo,negative,0.9349523782730103,"Cleanliness, Hygiene & Maintenance","Cleanliness, Hygiene & Maintenance (1.00); Facilities & Amenities (0.98); Service Quality (0.93)"
Ryan Beryan,2025,5,menginap di hotel novotel solo sangat nyaman sekali kamar bersih rapi wangi pelayanan ramah dan masih banyak lagi terimakasih novotel,KOMPETITOR,Bintang 4,NovotelSolo,positive,0.9994328618049622,Room Quality & Comfort,"Room Quality & Comfort (0.98); Cleanliness, Hygiene & Maintenance (0.97); Service Quality (0.96)"
Arya Dewa,2025,5,menginap di kamar 306 ikut acara petro kimia pelayanan ramah sarapan enak dan bervariasi pelayanan ramah terima kasih pak ricky atas keramahan tamahanya di pertahankan,KOMPETITOR,Bintang 4,NovotelSolo,positive,0.9994204044342041,Service Quality,Service Quality (0.99); Staff Conduct & Hospitality (0.99); Guest Experience (0.99)
Herman Wanto,2025,5,Satu kata dari sidoarjo kamar bermainyanan menu makan semua sangat memuaskan mbak mungkin yang sgt ramah tama senyum sopan santun penuh baik,KOMPETITOR,Bintang 4,NovotelSolo,positive,0.9989750385284424,Guest Experience,Guest Experience (1.00); Service Quality (1.00); Staff Conduct & Hospitality (0.99)
Kurnia Ambar,2025,5,kamar bersih layanan juga baik makanan enak alhamdulillah tidak kelaparan disini mas rey,KOMPETITOR,Bintang 4,NovotelSolo,positive,0.9989383816719055,"Cleanliness, Hygiene & Maintenance","Cleanliness, Hygiene & Maintenance (1.00); Facilities & Amenities (0.99); Room Quality & Comfort (0.99)"
rossy heriancy,2025,4,bersih snack coffee break enak sesuai lidah surabaya untuk menu makanan standar hotel pada umumnya,KOMPETITOR,Bintang 4,NovotelSolo,positive,0.997829258441925,Service Quality,"Service Quality (0.93); Food & Beverage (0.92); Cleanliness, Hygiene & Maintenance (0.91)"
IRVAN MARDIANA,2025,5,Pelayanan teteh mungkin luar biasa Nusaena orsngnya ramah hotelnya nyaman menu makanan di restoranannya kumplit,KOMPETITOR,Bintang 4,NovotelSolo,positive,0.9994165897369385,Service Quality,Service Quality (1.00); Facilities & Amenities (1.00); Staff Conduct & Hospitality (0.98)
rrosidin829,2025,5,Stay kamar 620 ac dingin kamar nya bersih pelayanan nya ramah sarapan di sarapan enak terimakasih bang ricky atas keramah tamah nya,KOMPETITOR,Bintang 4,NovotelSolo,positive,0.999510645866394,Service Quality,"Service Quality (0.99); Cleanliness, Hygiene & Maintenance (0.99); Guest Experience (0.98)"
Devi Kartika,2025,5,Pelayanan baik cepat dan kamar bersih terbaik hotel di solo,KOMPETITOR,Bintang 4,NovotelSolo,positive,0.9991161227226257,"Cleanliness, Hygiene & Maintenance","Cleanliness, Hygiene & Maintenance (1.00); Service Efficiency & Responsiveness (1.00); Service Quality (1.00)"
Windi Rostiani,2025,4,ditengah kota dekat dengan berbagai tempat yang strategis sayangnya gym nya terpisah agak jauh nebeng ke hotel sebelahnya,KOMPETITOR,Bintang 4,NovotelSolo,positive,0.996762752532959,Facilities & Amenities,"Facilities & Amenities (0.86); Service Quality (0.68); Location, Accessibility & Parking (0.60)"
Andri Tri Wicaksono,2025,5,menu indonesia foo sarapannya sesuai banget dengan saya pelayanan dan kecepatan tim resto sangat bagus meja bersih senang bisa berkunjung ke sini semoga sukses,KOMPETITOR,Bintang 4,NovotelSolo,positive,0.9991686344146729,Service Efficiency & Responsiveness,Service Efficiency & Responsiveness (1.00); Service Quality (1.00); Staff Conduct & Hospitality (1.00)
Alief Noera,2025,5,kamar yang bagus bersih dan rapi sarapan enak staf sangat membantu dan responsif rekomendasi hotel untuk di solo,KOMPETITOR,Bintang 4,NovotelSolo,positive,0.9988435506820679,"Cleanliness, Hygiene & Maintenance","Cleanliness, Hygiene & Maintenance (1.00); Service Efficiency & Responsiveness (0.99); Facilities & Amenities (0.99)"
Rakha Aditya,2025,5,stay kamar 219 kamarnya bagus bersih resepsionis dan restoran pelayanan sangat baik sarapan enak terimakasih bang ricky pelayanan nya,KOMPETITOR,Bintang 4,NovotelSolo,positive,0.9982775449752808,"Cleanliness, Hygiene & Maintenance","Cleanliness, Hygiene & Maintenance (0.99); Food & Beverage (0.99); Service Quality (0.99)"
Elisa Tabera,2025,5,sarapan sangat puas rasa makanan dan minuman enak semua pelayanan jg sangat ramah dan ditawarkan teh kopi terimakasih kka ria untuk pelayananya,KOMPETITOR,Bintang 4,NovotelSolo,positive,0.9991735816001892,Food & Beverage,Food & Beverage (0.98); Guest Experience (0.97); Service Quality (0.97)
Yusuf Gunawan,2025,5,makanan sudah enak prlayananya bagus sangat ramah semua sudah oke dibantu dengan kak ria sangat ramah dan baik kak ria sangat ramah dan direkomendasikan untuk posisi dari kamar 2 terima kasih kak ria,KOMPETITOR,Bintang 4,NovotelSolo,positive,0.9993694424629211,Service Quality,Service Quality (0.99); Facilities & Amenities (0.98); Guest Experience (0.97)
Irwan Suliyono,2025,5,Alhamdulillah aman dan nyaman terima kasih atas pelayanan yang luar biasa dari mas riski,KOMPETITOR,Bintang 4,NovotelSolo,positive,0.9955854415893555,Service Quality,Service Quality (0.98); Safety & Security (0.97); Guest Experience (0.86)
Maricha Saputri,2025,5,hotelnya nyaman interiornya klasik dan warisan suka banget dengan vibes menginap di sini,KOMPETITOR,Bintang 4,NovotelSolo,positive,0.9991170763969421,Cultural & Heritage Experience,Cultural & Heritage Experience (0.98); Room Quality & Comfort (0.97); Facilities & Amenities (0.97)
Amalia Putri Marlawati,2025,5,Tempat yang bagus untuk tinggal layanan yang baik terima kasih mbak may untuk pelayananya,KOMPETITOR,Bintang 4,NovotelSolo,positive,0.995857298374176,Service Quality,Service Quality (1.00); Guest Experience (1.00); Facilities & Amenities (0.96)
ay sugiyanto,2025,5,Wow keren novotel nyaman resto nya enak2 kami pihak keluarga yang lagi pesta pernikahan wo dari novotel keren habis dan pelayanan resto nya memuaskan saya kasih rating nilai 100 dan saya jadi berpikir untuk menjadi anggota yang ditawarkan dari pihak novotel,KOMPETITOR,Bintang 4,NovotelSolo,positive,0.9992836117744446,Service Quality,"Service Quality (0.99); Family & Group Friendly (0.96); Loyalty, Recommendation & Appreciation (0.85)"
WRS NURWIDODO,2025,5,pelayanan sudah baik baik dari menu pelayanan hotel maupun room service,KOMPETITOR,Bintang 4,NovotelSolo,positive,0.9960296154022217,Service Quality,Service Quality (1.00); Food & Beverage (0.95); Staff Conduct & Hospitality (0.93)
angga lima,2025,5,untuk mba bisa pelayan cukup baik dan ramah fasilitas lengkap dan kebersihan nya terjaga dengan baik,KOMPETITOR,Bintang 4,NovotelSolo,positive,0.9986501336097717,"Cleanliness, Hygiene & Maintenance","Cleanliness, Hygiene & Maintenance (1.00); Facilities & Amenities (0.99); Service Efficiency & Responsiveness (0.99)"
Rahmadhani Tri Hapsari,2025,5,Pelayannya ramah fasilitas lengkap untuk resto makanannya enak banget untuk bisa semangat terus,KOMPETITOR,Bintang 4,NovotelSolo,positive,0.9994063377380371,Facilities & Amenities,Facilities & Amenities (1.00); Staff Conduct & Hospitality (0.98); Service Quality (0.97)
Tri Suhartantyo,2025,5,Meninap di kamar 206 kamar bersih ac dingin sarapan enak palayanan ramah banyak variasi staf nya di temani ngobrol terima kasih pak ricky,KOMPETITOR,Bintang 4,NovotelSolo,positive,0.9995459914207458,Facilities & Amenities,Facilities & Amenities (0.99); Guest Experience (0.99); Service Quality (0.97)
siti umayah,2025,5,fasilitasnya oke kamar bersih lokasi strategis di tengah kota pelayanan cepat,KOMPETITOR,Bintang 4,NovotelSolo,positive,0.9993463158607483,Service Quality,Service Quality (0.99); Facilities & Amenities (0.98); Room Quality & Comfort (0.97)
Iin Zainidah,2025,5,Terima kasih Mei dan Fitra atas layanan sarapan pagi nya untuk rasa parasit makanannya oke cocok,KOMPETITOR,Bintang 4,NovotelSolo,positive,0.9969527721405029,Service Quality,Service Quality (0.99); Guest Experience (0.99); Facilities & Amenities (0.97)
Deffi Erna,2025,5,lokasi strategis kamar luas dan bersih menu bfast banyak,KOMPETITOR,Bintang 4,NovotelSolo,positive,0.9994705319404602,Facilities & Amenities,"Facilities & Amenities (1.00); Food & Beverage (0.99); Cleanliness, Hygiene & Maintenance (0.99)"
Susanti Mahira,2025,5,keramahan nya sangat baik dan berkesan menu sarapan lengkap dan lokasi strategis di kota tengah solo terima kasih atas pelayanan mas salim yang membuat momen menginap di novotel berenang,KOMPETITOR,Bintang 4,NovotelSolo,positive,0.9991878867149353,Service Quality,Service Quality (1.00); Facilities & Amenities (0.99); Food & Beverage (0.99)
Fitroh Resmi,2025,5,makanannya bervariatif kamarnya nyaman bersih dan lokasinya strategis,KOMPETITOR,Bintang 4,NovotelSolo,positive,0.9994275569915771,"Cleanliness, Hygiene & Maintenance","Cleanliness, Hygiene & Maintenance (0.98); Room Quality & Comfort (0.98); Facilities & Amenities (0.97)"
Hanif Ansori,2025,5,Lokasinya strategis di tengah kota kamarnya nyaman sarapan ya enak makanannya tempatnya nyaman stafnya ramah ramah dan pelayanannya cepat,KOMPETITOR,Bintang 4,NovotelSolo,positive,0.9993392825126648,Service Efficiency & Responsiveness,Service Efficiency & Responsiveness (0.99); Facilities & Amenities (0.99); Staff Conduct & Hospitality (0.98)
Heru Tri Prabowo,2025,5,memiliki akses langsung ke hotel ibis berada di pusat kota dan tidak jauh ke sate pak manto,KOMPETITOR,Bintang 4,NovotelSolo,positive,0.9986981153488159,Facilities & Amenities,Facilities & Amenities (0.97); Service Efficiency & Responsiveness (0.94); Service Quality (0.87)
Sabjan Badio,2025,5,stafnya sangat membantu dan ramah saya bahkan dapat hadiah menikah jahe terima kasih mbak felicia atas keramahannya,KOMPETITOR,Bintang 4,NovotelSolo,positive,0.9989179372787476,Staff Conduct & Hospitality,Staff Conduct & Hospitality (0.98); Service Quality (0.96); Facilities & Amenities (0.95)
TK Putra Sentana Rembang_Kab Rembang,2025,5,petugas hotel ramah2 cepat tanggap fasilitas kamar maupun ruang pertemuan lengkap dan nyaman,KOMPETITOR,Bintang 4,NovotelSolo,positive,0.9992727637290955,Facilities & Amenities,Facilities & Amenities (0.99); Service Efficiency & Responsiveness (0.99); Staff Conduct & Hospitality (0.98)
della afiani,2025,5,menyenangkan sekali berkesan staf baik sambutan cemilan yang enak,KOMPETITOR,Bintang 4,NovotelSolo,positive,0.9958279728889465,Service Quality,Service Quality (0.99); Guest Experience (0.99); Staff Conduct & Hospitality (0.99)
Indra Nusa mandiri utama,2025,5,Tinggal di kamar 219 selama sehari sarapan enak kamar bersih pelayanan ramah dan suasana di resto asik terima kasih pak ricky keramahtamahan nya,KOMPETITOR,Bintang 4,NovotelSolo,positive,0.9995694756507874,Staff Conduct & Hospitality,Staff Conduct & Hospitality (0.99); Guest Experience (0.99); Service Quality (0.99)
Yuniar Sri Murdasih,2025,5,Pelayanan bagus sarapan byk menu makanan enak,KOMPETITOR,Bintang 4,NovotelSolo,positive,0.9991439580917358,Service Quality,Service Quality (1.00); Guest Experience (0.99); Staff Conduct & Hospitality (0.91)
zihann heka,2025,5,restoran baru oke sangat bagus makananya enak banyak menuunya dan minumanenya bervariatif untuk pelayanan di resto sangat ramah servisenya okee,KOMPETITOR,Bintang 4,NovotelSolo,positive,0.9992097616195679,Service Quality,Service Quality (0.99); Service Efficiency & Responsiveness (0.92); Staff Conduct & Hospitality (0.89)
tintin wulandari,2025,5,Novotel solo oke recomended bersih pelayanan ramah makanan cocok di lidah kita tempat makan dekat kolam renang pokoknya oke,KOMPETITOR,Bintang 4,NovotelSolo,positive,0.9993484616279602,Service Quality,"Service Quality (0.99); Cleanliness, Hygiene & Maintenance (0.99); Staff Conduct & Hospitality (0.97)"
Ningrum KESLAN,2025,5,lumayan strategis makanan enak cuma kudu variasiin lagi ada indomi sudut yaa,KOMPETITOR,Bintang 4,NovotelSolo,positive,0.9970338344573975,Food & Beverage,Food & Beverage (0.65); Ambience & Design (0.58); Sustainability & Environmental Quality (0.52)
dony maxima,2025,5,Makan malam Natal dinovotel terbaik makanannya enak enak ada musik live,KOMPETITOR,Bintang 4,NovotelSolo,positive,0.9991004467010498,Cultural & Heritage Experience,Cultural & Heritage Experience (0.84); Food & Beverage (0.79); Service Quality (0.76)
Asyrafi Khaizur yusqi,2025,5,tinggal dikamar no 423 ac dingin kamarnya bersih sarapan enak tempat nyaman dan terimakasih bang ricky atas pelayanannya,KOMPETITOR,Bintang 4,NovotelSolo,positive,0.9994275569915771,Service Quality,Service Quality (0.98); Facilities & Amenities (0.98); Room Quality & Comfort (0.98)
Lora Septriani,2025,5,sarapannya cukup variatif dan enak terima kasih novotel kakak may,KOMPETITOR,Bintang 4,NovotelSolo,positive,0.9989000558853149,Food & Beverage,Food & Beverage (0.88); Family & Group Friendly (0.63); Staff Conduct & Hospitality (0.62)
muhammad miftah farid,2025,5,Bagus sekali untuk pelayanan saat sarapan bagus bersama mba may,KOMPETITOR,Bintang 4,NovotelSolo,positive,0.998836100101471,Guest Experience,Guest Experience (0.99); Service Quality (0.99); Food & Beverage (0.99)
Fauzan Arhab,2025,5,pelayanan nya ramah dan lokasi hotel nya dekat dengan stasiun solo balapan,KOMPETITOR,Bintang 4,NovotelSolo,positive,0.9994091987609863,Service Quality,Service Quality (1.00); Facilities & Amenities (0.99); Staff Conduct & Hospitality (0.99)
David Candra,2025,5,pelayanannya baik makanan enak terima kasih mbak mey,KOMPETITOR,Bintang 4,NovotelSolo,positive,0.9987138509750366,Service Quality,Service Quality (0.99); Guest Experience (0.99); Staff Conduct & Hospitality (0.93)
Galuh Yuanita Maira,2025,5,kamar bersih dan enak pelayanannya baik ramah dan cepat makanannya enak felicia,KOMPETITOR,Bintang 4,NovotelSolo,positive,0.9991188645362854,"Cleanliness, Hygiene & Maintenance","Cleanliness, Hygiene & Maintenance (1.00); Service Efficiency & Responsiveness (1.00); Facilities & Amenities (1.00)"
Titi Puntiah,2025,4,terima kasih mb mungkin untuk pelayanannya semoga sllu memberi pelayanan terbaik,KOMPETITOR,Bintang 4,NovotelSolo,positive,0.9978969097137451,Service Quality,"Service Quality (0.97); Guest Experience (0.76); Loyalty, Recommendation & Appreciation (0.70)"
Farid Aditama,2025,5,pelayanan mas rey sangat memuaskan jago foto juga pokoknya wajib di coba,KOMPETITOR,Bintang 4,NovotelSolo,positive,0.999067485332489,Service Quality,Service Quality (0.99); Guest Experience (0.93); Check in/out Experience (0.91)
Markus Ridani,2025,5,Hotel yang bagus dengan desain klasik layanan yang baik dari lokasi staf dekat pusat kota,KOMPETITOR,Bintang 4,NovotelSolo,positive,0.9988570213317871,Service Quality,Service Quality (1.00); Facilities & Amenities (0.99); Ambience & Design (0.99)
wibi irianto,2025,5,Pengalaman pertama datang ke kota solo saya menginap di novotel dan pada saat sarapan sungguh pelayanan yang sangat baik makanannya juga bervariasi,KOMPETITOR,Bintang 4,NovotelSolo,positive,0.9974908828735352,Service Quality,Service Quality (1.00); Staff Conduct & Hospitality (0.97); Food & Beverage (0.96)
sumarsih eny,2025,5,sudah cukup bagus dari segi pelayanan dan kebersihan sama makanan sudah bagus enak,KOMPETITOR,Bintang 4,NovotelSolo,positive,0.9979835748672485,"Cleanliness, Hygiene & Maintenance","Cleanliness, Hygiene & Maintenance (1.00); Service Quality (1.00); Facilities & Amenities (0.99)"
Yuniar Intan,2025,5,Pelayanan sangat baik bintang 5 kak mungkin sangat ramah dan hangat,KOMPETITOR,Bintang 4,NovotelSolo,positive,0.99679034948349,Service Quality,Service Quality (1.00); Guest Experience (1.00); Staff Conduct & Hospitality (0.99)
Rafif Ghufron H,2025,5,Pelayanan dengan mba ria buagus pol ramah banget cantik juga wkwk mba nya jago banget buat video sama ngefotoin juga buat dekorasi sudah tidak komen rasa makanan nya juga luar biasa,KOMPETITOR,Bintang 4,NovotelSolo,positive,0.9989125728607178,Service Quality,Service Quality (0.99); Guest Experience (0.99); Staff Conduct & Hospitality (0.98)
Ahong Ganteng,2025,5,sarapanya oke makananya enak untuk minumanenya juga banyak pilihan layananenya oke terimakasih kak mungkin sudah membantu saya saat sarapan yang terbaik,KOMPETITOR,Bintang 4,NovotelSolo,positive,0.9986131191253662,Facilities & Amenities,Facilities & Amenities (0.97); Service Quality (0.97); Service Efficiency & Responsiveness (0.79)
Arifin Purwoko,2025,5,makanan enak pelayanan baik di restoran jga ramah ramah pelayanan mba ria sama mas bagas juga sangat baik terima kasih novotel,KOMPETITOR,Bintang 4,NovotelSolo,positive,0.9993191957473755,Service Quality,Service Quality (0.99); Staff Conduct & Hospitality (0.98); Food & Beverage (0.98)
Mahyuzar majid reuby,2025,5,Pelayanan sangat baik pengalaman tamu eksekutif mba felicia menyapa n komunikatif,KOMPETITOR,Bintang 4,NovotelSolo,positive,0.996397852897644,Service Quality,Service Quality (1.00); Guest Experience (1.00); Check in/out Experience (1.00)
suciii rndianaa,2025,5,sarapan nya nyaman untuk hidangan nya juga oke kamar bersih sangat2 nyaman apa lagi soal layanan trmksh kak may,KOMPETITOR,Bintang 4,NovotelSolo,positive,0.999197781085968,Service Quality,"Service Quality (0.99); Facilities & Amenities (0.99); Cleanliness, Hygiene & Maintenance (0.99)"
Kharismatul Azizah,2025,5,Suka banget vibesnya smart tv oke pelayanan juga ramah banget terutama kak felicia,KOMPETITOR,Bintang 4,NovotelSolo,positive,0.9993539452552795,Staff Conduct & Hospitality,Staff Conduct & Hospitality (0.98); Service Quality (0.96); Guest Experience (0.95)
Agus nitinegoro,2025,5,lokasi strategis mewah pelayanan ramah pokoknya nyaman dan berkualitas,KOMPETITOR,Bintang 4,NovotelSolo,positive,0.999474823474884,Service Quality,Service Quality (1.00); Facilities & Amenities (0.99); Guest Experience (0.99)
Yohannes Richard,2025,5,makan malam romantis yang berkesan dekorasi pelayanan dan makannya sempurna terimakasih kak ria dan tim,KOMPETITOR,Bintang 4,NovotelSolo,positive,0.9985712766647339,Ambience & Design,Ambience & Design (0.99); Service Quality (0.99); Guest Experience (0.99)
ACH. Tanzilur,2025,5,Pelayanan sangat bagus dan sangat sopan terutama dengan kakak mungkin orangnya sangat sopan,KOMPETITOR,Bintang 4,NovotelSolo,positive,0.9978651404380798,Service Quality,"Service Quality (1.00); Guest Experience (1.00); Cleanliness, Hygiene & Maintenance (0.99)"
Euis Sukaesih,2025,5,sarapanya bagus pelayanannya baik terimakasih teh mungkin sudah membantu saya saat sarapan,KOMPETITOR,Bintang 4,NovotelSolo,positive,0.9985021352767944,Service Quality,Service Quality (1.00); Guest Experience (0.99); Food & Beverage (0.97)
auliana putri,2025,5,pelayanannya sangat memuaskan kamarnya nyaman terima kasih buat mbak felicia sudah dibantu,KOMPETITOR,Bintang 4,NovotelSolo,positive,0.9990460276603699,Room Quality & Comfort,Room Quality & Comfort (0.98); Service Quality (0.98); Guest Experience (0.98)
Agus Susanto,2025,5,akses mudah karyawan hotel ramah menu masakan enak di seluruh negeri,KOMPETITOR,Bintang 4,NovotelSolo,positive,0.9975278973579407,Food & Beverage,Food & Beverage (0.96); Facilities & Amenities (0.96); Staff Conduct & Hospitality (0.95)
ali Fahrudin,2025,5,Mantab lokasi strategis pelayanan memuaskan terutama di sarapan dilayani mbak mey,KOMPETITOR,Bintang 4,NovotelSolo,positive,0.9994584918022156,Service Quality,Service Quality (1.00); Food & Beverage (0.99); Facilities & Amenities (0.99)
kikie wijaya,2025,5,makan malam romantis yang memuaskan dianjurkan sih pelayanan jg oke dari mas tama,KOMPETITOR,Bintang 4,NovotelSolo,positive,0.9986207485198975,Service Quality,Service Quality (1.00); Food & Beverage (0.99); Guest Experience (0.99)
Wandani Wibawa,2025,5,enak banget ini hotel sarapan banyak pilihan lokasi di pusat kota kamar bersih dan luas pelayanan oke kolam renang bagus dan enak untuk berenang fasilitas seperti aula pertemuan nyaman luas cocok untuk tinggal lama makanan bervariasi ketika sarapan lobi nyaman luas,KOMPETITOR,Bintang 4,NovotelSolo,positive,0.9994544386863708,Facilities & Amenities,"Facilities & Amenities (1.00); Service Quality (1.00); Cleanliness, Hygiene & Maintenance (1.00)"
Fransisca Ayu,2025,5,kamarnya nyaman sii menurutku bersih sarapanya sejauh ini begitu baik lah fasilitasnya juga oke,KOMPETITOR,Bintang 4,NovotelSolo,positive,0.9987706542015076,Room Quality & Comfort,Room Quality & Comfort (1.00); Facilities & Amenities (0.99); Service Quality (0.99)
Munirotul Ayini,2025,5,kamar bersih fasilitas lengkap makanannya juga oke sukses selalu,KOMPETITOR,Bintang 4,NovotelSolo,positive,0.9993765950202942,"Cleanliness, Hygiene & Maintenance","Cleanliness, Hygiene & Maintenance (0.99); Facilities & Amenities (0.98); Room Quality & Comfort (0.98)"
Rafie Rafieatha,2025,5,pelayanan ramah banget makanannya lengkap dan bikin bahagia bisa terimakasih sudah ramah sukses selalu yaa,KOMPETITOR,Bintang 4,NovotelSolo,positive,0.9993355870246887,Service Quality,Service Quality (0.97); Guest Experience (0.95); Staff Conduct & Hospitality (0.92)
Mohammad Dimas,2025,5,Pelayanan sangat baik luar biasa ramah dibantu dengan sarapan baik jg tidak terlalu banyak terima kasih ria,KOMPETITOR,Bintang 4,NovotelSolo,positive,0.9863001704216003,Service Quality,Service Quality (1.00); Guest Experience (1.00); Staff Conduct & Hospitality (0.99)
sartika primasiwi,2025,5,Pelayanannya bagus kamar oke sarapan enak,KOMPETITOR,Bintang 4,NovotelSolo,positive,0.9990822076797485,Service Quality,Service Quality (1.00); Guest Experience (1.00); Facilities & Amenities (0.99)
ika yunita,2025,5,bervariasi restoran bersih dan sangat luas pelayanan ramahh staf sangat rendah hati bisa untuk acara keluarga maupun bisnis lokasi di kota jadi deket kalau mau kemana setiap kesolo pasti nginep di dinovotel,KOMPETITOR,Bintang 4,NovotelSolo,positive,0.9994145631790161,Family & Group Friendly,Family & Group Friendly (0.99); Service Quality (0.99); Facilities & Amenities (0.99)
Vorel Pancaputra,2025,5,hotelnya nyaman bersih pelayanan bagus makanan jg enak pengalaman yang baik,KOMPETITOR,Bintang 4,NovotelSolo,positive,0.9987425208091736,Facilities & Amenities,Facilities & Amenities (1.00); Service Quality (1.00); Guest Experience (1.00)
Bagus Rossy,2025,5,pelayanannya ramah kamarnya bagus sarapannya enak rekomendasi banget hotelnya juga di pusat kota aksesnya mudah,KOMPETITOR,Bintang 4,NovotelSolo,positive,0.9993908405303955,Service Quality,Service Quality (0.99); Facilities & Amenities (0.99); Staff Conduct & Hospitality (0.98)
ade emilda,2025,5,kamarnya oke nyaman penerangan cukup bisa untuk mendukung yang mau bekerja di kamar,KOMPETITOR,Bintang 4,NovotelSolo,positive,0.997329592704773,Room Quality & Comfort,Room Quality & Comfort (0.99); Facilities & Amenities (0.97); Guest Experience (0.87)
Risyaringga Restu wibawa,2025,5,Saya pesan ala carte di resto sambil menunggu kamar saya makanannya enak dan pelayananya oke di layanan oleh kak may terimakasih kak,KOMPETITOR,Bintang 4,NovotelSolo,positive,0.9979984164237976,Service Quality,Service Quality (0.99); Food & Beverage (0.97); Staff Conduct & Hospitality (0.95)
Dimas Subekti,2025,5,sarapan pagi ini enak semua layanan restoran yang baik bersih dan nyaman pekerjaan yang baik terima kasih ria,KOMPETITOR,Bintang 4,NovotelSolo,positive,0.9984031319618225,"Cleanliness, Hygiene & Maintenance","Cleanliness, Hygiene & Maintenance (1.00); Service Quality (1.00); Staff Conduct & Hospitality (1.00)"
Decya Windri,2025,5,pelayanannya baik makanannya enak kamarnya bersih,KOMPETITOR,Bintang 4,NovotelSolo,positive,0.999118983745575,"Cleanliness, Hygiene & Maintenance","Cleanliness, Hygiene & Maintenance (1.00); Service Quality (1.00); Guest Experience (0.99)"
239_ Galuh Candra,2025,5,pelayanannya ramah termasuk kak mey kamarnya nyaman juga,KOMPETITOR,Bintang 4,NovotelSolo,positive,0.9992432594299316,Room Quality & Comfort,Room Quality & Comfort (0.99); Staff Conduct & Hospitality (0.99); Guest Experience (0.99)
Kriss Vetta,2025,5,Sangat nyaman ramah untuk para stafnya apa lagi dari kak mungkin sangat sangat menyenangkan jadi makin betah terus2an,KOMPETITOR,Bintang 4,NovotelSolo,positive,0.9991427659988403,Staff Conduct & Hospitality,Staff Conduct & Hospitality (0.99); Guest Experience (0.98); Facilities & Amenities (0.97)
Usup Ucup,2025,5,pelayanan bagus sekali jod pokoknya bikin betah dibantu kak dengan kak ria dan sangat nyaman terimakasih kak ria,KOMPETITOR,Bintang 4,NovotelSolo,positive,0.999292254447937,Service Quality,Service Quality (1.00); Guest Experience (0.94); Service Efficiency & Responsiveness (0.90)
Basid Rochmad,2025,5,fasilitas bagus makanan enak pelayan jga ramah dengan bagas mas sangat membantu,KOMPETITOR,Bintang 4,NovotelSolo,positive,0.9988160133361816,Facilities & Amenities,Facilities & Amenities (0.99); Staff Conduct & Hospitality (0.99); Guest Experience (0.99)
Citra Pratiwi,2025,5,Tempat yang menyenangkan bagus rapi bersih dan nyaman pelayanan memuaskan mey dan semuanya,KOMPETITOR,Bintang 4,NovotelSolo,positive,0.9992340803146362,"Cleanliness, Hygiene & Maintenance","Cleanliness, Hygiene & Maintenance (1.00); Facilities & Amenities (1.00); Room Quality & Comfort (0.99)"
noviira Haryokusumo,2025,5,menginap masuk solo di novotel lokasi strategis masuk tengah kota fasilitas bintang 4 layanan mencari banyak cemilan soto triwindu nasi liwet pasar kopi kontemporer gede pak manto satay warung kita bakso kadipolo bebek somay dll untuk hotel bintang 4 itu ramah saku dibandingkan dengan hotel masuk jogja di mana harga mencekik lebih baik untuk tinggal masuk solo daripada masuk jogja,KOMPETITOR,Bintang 4,NovotelSolo,positive,0.9995028972625732,Facilities & Amenities,Facilities & Amenities (0.99); Pricing & Value for Money (0.96); Food & Beverage (0.93)
Joko Priatin,2025,5,untuk pelayanan di hotel Sdr Dimas sangat cekatan dan penuh tanggung jawab,KOMPETITOR,Bintang 4,NovotelSolo,positive,0.9985771179199219,Service Quality,Service Quality (0.95); Service Efficiency & Responsiveness (0.95); Staff Conduct & Hospitality (0.95)
Ary Wicaksono,2025,5,pesan makan malam romantis pelayanannya sungguh memuaskan orangnya juga ramah ramah sopan murah senyum terbaik lah pokoknya,KOMPETITOR,Bintang 4,NovotelSolo,positive,0.9994262456893921,Service Quality,Service Quality (0.99); Staff Conduct & Hospitality (0.99); Guest Experience (0.99)
sasaa,2025,5,Secara keseluruhan itu bagus terima kasih novotel solo sukses selalu,KOMPETITOR,Bintang 4,NovotelSolo,positive,0.9967482089996338,Service Quality,"Service Quality (0.95); Loyalty, Recommendation & Appreciation (0.85); Sustainability & Environmental Quality (0.85)"
Viola Tyas Nadila Putri,2025,5,untuk makanannya enak semua kamarnya nyaman,KOMPETITOR,Bintang 4,NovotelSolo,positive,0.9992853999137878,Facilities & Amenities,"Facilities & Amenities (1.00); Cleanliness, Hygiene & Maintenance (0.98); Guest Experience (0.98)"
Tiswanto,2025,5,untuk semua pelayanan baik itu kamar pertemuan makanan dan pelayanan pegawai y jg bagus,KOMPETITOR,Bintang 4,NovotelSolo,positive,0.9982103109359741,Facilities & Amenities,Facilities & Amenities (1.00); Food & Beverage (0.99); Service Quality (0.99)
Has-Man,2025,5,Pelayanan mas reihan sangat baik di resto ruang rapat dan cemilan nya juga oke dianjurkan untuk tempat rapat dan kegiatan lainnya,KOMPETITOR,Bintang 4,NovotelSolo,positive,0.9990511536598206,Food & Beverage,Food & Beverage (1.00); Service Quality (1.00); Staff Conduct & Hospitality (0.98)
Maskota Baskoro,2025,5,Apakah memang tidak ada kamar mandi di luar dekat parkir atas atau ada kamar mandi di luar tapi di parkir bawah maaf ini hanya pertanyaan dari sopir terima kasih,KOMPETITOR,Bintang 4,NovotelSolo,negative,0.8862611651420593,"Location, Accessibility & Parking","Location, Accessibility & Parking (0.94); Check in/out Experience (0.71); Facilities & Amenities (0.52)"
Mardi Ismail,2025,5,layanan dan pelayanan dari ti m novohotel solo sangat luar biasa terimakasih mbak mai dan tim,KOMPETITOR,Bintang 4,NovotelSolo,positive,0.9983664155006409,Service Quality,Service Quality (0.99); Guest Experience (0.96); Service Efficiency & Responsiveness (0.94)
Inndartono Tono,2025,5,restoran sangat bersih pelayanan dan makanan enak pelayanan mas bagas juga baik,KOMPETITOR,Bintang 4,NovotelSolo,positive,0.9981202483177185,"Cleanliness, Hygiene & Maintenance","Cleanliness, Hygiene & Maintenance (1.00); Service Quality (0.99); Guest Experience (0.98)"
Ratihangga 9096,2025,5,kamarnya bersih dan nyaman pelayanannya sangat baik sarapan pagi sudah sangat baik,KOMPETITOR,Bintang 4,NovotelSolo,positive,0.9990589022636414,Facilities & Amenities,Facilities & Amenities (1.00); Room Quality & Comfort (1.00); Service Quality (1.00)
mala 126,2025,5,Baik lokasi strategis dan makanan punya banyak varian,KOMPETITOR,Bintang 4,NovotelSolo,positive,0.99891197681427,Facilities & Amenities,Facilities & Amenities (0.97); Food & Beverage (0.94); Sustainability & Environmental Quality (0.84)
Seika,2025,5,pelayanan staf dan karyawan ramah dan letak hotel strategis di kota solo,KOMPETITOR,Bintang 4,NovotelSolo,positive,0.99905925989151,Staff Conduct & Hospitality,Staff Conduct & Hospitality (1.00); Facilities & Amenities (1.00); Guest Experience (1.00)
Rizka Amalia,2025,5,Pelayanannya bagus makan malam romantis disini juga layak bgtt,KOMPETITOR,Bintang 4,NovotelSolo,positive,0.9989637136459351,Service Quality,Service Quality (1.00); Guest Experience (0.99); Food & Beverage (0.98)
Anik Susilowati,2025,5,lumayan nyamannya untuk kamarnya viewnyan juga bagus pelayanannya baik mey,KOMPETITOR,Bintang 4,NovotelSolo,positive,0.9994389414787292,Room Quality & Comfort,Room Quality & Comfort (0.99); Service Quality (0.99); Facilities & Amenities (0.99)
Nenden Rosmiati,2025,5,tempatnya nyaman cocok untuk keluarga dan lokasinya sangat strategis,KOMPETITOR,Bintang 4,NovotelSolo,positive,0.9993348717689514,Facilities & Amenities,Facilities & Amenities (0.99); Room Quality & Comfort (0.99); Family & Group Friendly (0.98)
Lepeners,2025,3,hotel novotel solo hotel dengan lokasi strategis tengah kota tepi jalan salamet riyadi hotel dengan bangunan bertingkat cukup menjulang hotel ini lokasi tak jauh dengan sami luwes,KOMPETITOR,Bintang 4,NovotelSolo,positive,0.9989088773727417,Religious & Halal Features,Religious & Halal Features (0.82); Ambience & Design (0.81); Facilities & Amenities (0.77)
Nur Janah,2025,5,novotel emang terbaik pelayanan ramah apa lagi di restoranannya makanan enak fasilitas lengkap kamar juga nyaman terima kasih novotel selalu jadi tempat ternyaman buat istirahat,KOMPETITOR,Bintang 4,NovotelSolo,positive,0.9995684027671814,Service Quality,Service Quality (1.00); Facilities & Amenities (1.00); Room Quality & Comfort (0.99)
handi Susetyo,2025,5,Pelayanan di resto keren cepat makan dan minum enak2 semua ramah2 mas farhan dan mbk ria,KOMPETITOR,Bintang 4,NovotelSolo,positive,0.9994044303894043,Service Efficiency & Responsiveness,Service Efficiency & Responsiveness (0.99); Service Quality (0.99); Staff Conduct & Hospitality (0.99)
huda prima,2025,5,senang sekali menginap di sini pelayanan sangat baik,KOMPETITOR,Bintang 4,NovotelSolo,positive,0.9973223805427551,Service Quality,Service Quality (1.00); Guest Experience (0.99); Room Quality & Comfort (0.95)
sukma mw,2025,4,pelayanan nya oke menu sarapan nya juga enak enak dan dibantu sama ka may yang pelayanan nya oke,KOMPETITOR,Bintang 4,NovotelSolo,positive,0.9987383484840393,Service Quality,Service Quality (0.98); Guest Experience (0.92); Food & Beverage (0.91)
Karim,2025,5,tldr hotel adalah top notch tapi jangan mau naik becak depan novotel saya cuma pp dekat ke taman sriwedari dipatok 150 rb ngotot pantas saja bapaknya diam saja saat saya tanya tarifnya saat mau berangkat tadinya kasian mau tapi gajadi becaknya yang merah waktu itu kalau deket2 mahnya jalan kaki saja geng sekarang terkait hotel saya berharap novotel solo tidak akan merubah konsep hotel mereka menjadi terlalu modern karena konsep interior dan kualitas pelayanan yang mereka suguhkan sejak 20an hingga saat ini sangat konsisten aroma hotelnya pun masih sama memberikan perasaan nostalgik paling tidak bagi saya,KOMPETITOR,Bintang 4,NovotelSolo,negative,0.9700877666473389,Service Quality,Service Quality (0.98); Facilities & Amenities (0.91); Room Quality & Comfort (0.80)
RIZKA DWI RAMADHANI,2025,5,makanya enakk dan banyak pilihan makananya restonya baguss pelayanan restonya ramah baikk terimakasih kak mungkin sudah membantu saya saat sarapan servicenya oke,KOMPETITOR,Bintang 4,NovotelSolo,positive,0.9994397759437561,Service Quality,Service Quality (0.99); Guest Experience (0.97); Staff Conduct & Hospitality (0.94)
Bonardo,2025,4,Hotel ini cukup tua terletak masuk tengah kota dekat beberapa lokasi dan tempat makan semua tempat parkir terbuka kamar AC tidak dingin beberapa bagian pegangan pintu rusak beberapa bagian kamar tidak baik dipertahankan tirai tidak bersih tempat tidur dan bantal cukup baik air kamar mandi kuat dan pemanas bekerja dengan baik,KOMPETITOR,Bintang 4,NovotelSolo,negative,0.9682518839836121,Facilities & Amenities,"Facilities & Amenities (0.82); Location, Accessibility & Parking (0.71); Service Quality (0.26)"
devi rahma yulita,2025,5,Recommended hotelnya bersih pelayanannya sangat ramah dan ramah,KOMPETITOR,Bintang 4,NovotelSolo,positive,0.9990457892417908,Service Quality,Service Quality (1.00); Staff Conduct & Hospitality (0.99); Service Efficiency & Responsiveness (0.99)
selni lamang,2025,5,Pelayanan sangat bagus dan makanannya enak pelayan kak mey sangat ramah,KOMPETITOR,Bintang 4,NovotelSolo,positive,0.9988242983818054,Service Quality,Service Quality (1.00); Guest Experience (0.98); Staff Conduct & Hospitality (0.98)
Siti Kholimah,2025,5,kamar nyaman tpi mngkin soal pelayanan kurang gercep ya mngkin seperti itu,KOMPETITOR,Bintang 4,NovotelSolo,negative,0.581894040107727,Guest Experience,Guest Experience (0.97); Facilities & Amenities (0.94); Service Quality (0.89)
Ricki Ramadhan,2025,5,Pelayanan teteh mungkin baik ramah orng menu baru di resto nya enak komplit,KOMPETITOR,Bintang 4,NovotelSolo,positive,0.9982983469963074,Service Quality,Service Quality (0.99); Guest Experience (0.98); Staff Conduct & Hospitality (0.98)
"Sugiarto, ST.,MT",2025,5,Pelayanan ruang dan menu makanan oke semua salam mbak mungkin pelayanannya ramah,KOMPETITOR,Bintang 4,NovotelSolo,positive,0.9980058073997498,Facilities & Amenities,Facilities & Amenities (1.00); Food & Beverage (0.99); Guest Experience (0.99)
Meilina Retno,2025,5,kamar nyaman dan bagus makanan di resto enak,KOMPETITOR,Bintang 4,NovotelSolo,positive,0.9991870522499084,Facilities & Amenities,Facilities & Amenities (1.00); Room Quality & Comfort (0.99); Ambience & Design (0.99)
Ranti Novianti_529,2025,5,Pelayanannya prima terutama mbak mungkin sangat ramah,KOMPETITOR,Bintang 4,NovotelSolo,positive,0.9987323880195618,Service Quality,Service Quality (1.00); Guest Experience (0.99); Service Efficiency & Responsiveness (0.98)
Leni nuraeni,2025,5,Terima kasih Bu May atas keramahnnya sarapan limayan enak tapi roti rotian mohon untuk memperbaiki anda,KOMPETITOR,Bintang 4,NovotelSolo,positive,0.9846786260604858,Guest Experience,Guest Experience (0.98); Service Quality (0.98); Staff Conduct & Hospitality (0.91)
Coco Vandela,2025,5,lobby nya luas kamar bersih dan lega dinner dan bfast nya enak banget lokasi strategis di jantung kota solo,KOMPETITOR,Bintang 4,NovotelSolo,positive,0.9995542168617249,Facilities & Amenities,"Facilities & Amenities (1.00); Cleanliness, Hygiene & Maintenance (1.00); Food & Beverage (1.00)"
Masitah Masduki,2025,5,menawarkan makanan lokal yang bervariasi masuk restoran mereka risiko dan dina menyambut kami hangat,KOMPETITOR,Bintang 4,NovotelSolo,positive,0.9488494396209717,Food & Beverage,Food & Beverage (0.97); Safety & Security (0.96); Guest Experience (0.93)
ary wibowo,2025,5,sarapan pagi ini sangat menikmati dilayani dengan baik oleh kak ria sarapan jadi nyaman makanan dan minuman jg okee,KOMPETITOR,Bintang 4,NovotelSolo,positive,0.9993916749954224,Service Quality,Service Quality (1.00); Food & Beverage (0.99); Service Efficiency & Responsiveness (0.99)
Firdaus Adzan,2025,5,makanannya enak pelayanannya bagus mas salim dan mbak mungkin ramah banget,KOMPETITOR,Bintang 4,NovotelSolo,positive,0.999268114566803,Service Quality,Service Quality (0.99); Service Efficiency & Responsiveness (0.96); Guest Experience (0.96)
Nancy Eka Putri,2025,5,hotelnya bersih pelayanan cepat dan ramah terbaik,KOMPETITOR,Bintang 4,NovotelSolo,positive,0.9992701411247253,Service Efficiency & Responsiveness,"Service Efficiency & Responsiveness (1.00); Service Quality (1.00); Cleanliness, Hygiene & Maintenance (0.99)"
Danny Fajar,2025,5,hotelnya keseluruhan nyaman dan pelayanan cepat tanggap dengan bu felicia,KOMPETITOR,Bintang 4,NovotelSolo,positive,0.9994022846221924,Service Efficiency & Responsiveness,Service Efficiency & Responsiveness (1.00); Facilities & Amenities (0.99); Staff Conduct & Hospitality (0.99)
Syafril Umar Rofiq,2025,5,Novotel solo selalu menjadi prioritas saat menginap di kota ini hotel ini adalah kenangan bertahun-tahun lalu saat bulan madu ke solo keramahannya selalu sama layanan top notch kondisi kamar dan hotel terawat dengan lokasi baiknya di tengah kota memudahkan akses ke seluruh sudut kota,KOMPETITOR,Bintang 4,NovotelSolo,positive,0.9994292855262756,Service Quality,Service Quality (1.00); Facilities & Amenities (1.00); Room Quality & Comfort (0.99)
Muhammad Surya Firdaus,2025,5,pelayanan baik ramah layanan yang baik untuk sarapan,KOMPETITOR,Bintang 4,NovotelSolo,positive,0.9971388578414917,Guest Experience,Guest Experience (1.00); Service Quality (1.00); Staff Conduct & Hospitality (0.99)
Sadam Daruri,2025,5,bagus pelayanan dan kenyamanan bersama mba may,KOMPETITOR,Bintang 4,NovotelSolo,positive,0.9989223480224609,Family & Group Friendly,Family & Group Friendly (1.00); Service Quality (1.00); Safety & Security (0.99)
Jhon Randy,2025,5,kamarnya nyamann sarapan oke restonya baguss makanannya banyak pilihan layanan restonya baik dan bagus terimakasih kak mungkin servicenya oke,KOMPETITOR,Bintang 4,NovotelSolo,positive,0.9993719458580017,Service Quality,Service Quality (0.98); Room Quality & Comfort (0.94); Food & Beverage (0.93)
Eliza Sholeha,2025,5,stafnya rata2 ramah hotelnya bersih sarapannya enak di bantu oleh staf restoran mbak ria,KOMPETITOR,Bintang 4,NovotelSolo,positive,0.9994636178016663,"Cleanliness, Hygiene & Maintenance","Cleanliness, Hygiene & Maintenance (0.99); Service Quality (0.98); Staff Conduct & Hospitality (0.96)"
Divagya Ahyaita,2025,5,Pelayanannya ramah dan bagus untuk kamarnya nyaman banget,KOMPETITOR,Bintang 4,NovotelSolo,positive,0.9994089603424072,Guest Experience,Guest Experience (1.00); Room Quality & Comfort (1.00); Staff Conduct & Hospitality (0.99)
Andromeda A.T.W,2025,3,mohon maaf jika saya boleh jujur ini novotel terburuk yang saya pernah masuk dari beberapa novotel di jawa tengah jawa timur dan bali menurut saya mohon maaf saya rasa saya perlu sekali perbaikan dari kebersihan kamar dengan debu sehingga batuk batuk saat tidur angkat yang kacau panelnya sehingga kesan hotel tidak terawat tampak lahan standby ketika mobil menunggu untuk memeriksa masuk pelayanan satpam yang tidak ada tanggap ketika saya ingin memeriksa masuk padahal ada lahan yang diberikan cum2 pembatas jadi harus muter berkali bahan masukan yang harus banyak sekali perbaikan saya memberikan masukan karena ini accour kelompok sekali sekali pr novotel solo ini saya harap seg,KOMPETITOR,Bintang 4,NovotelSolo,negative,0.9977007508277893,Guest Experience,Guest Experience (0.77); Facilities & Amenities (0.71); Service Quality (0.55)
Eno Niilam,2025,5,pelayanan dari mba mey baik makanan kurang cocok untuk lidah sumatera,KOMPETITOR,Bintang 4,NovotelSolo,negative,0.7398860454559326,Guest Experience,Guest Experience (0.99); Service Quality (0.98); Check in/out Experience (0.85)
cailendra budi atmaka,2025,5,restoran nyaman ada indoor outdoor sarapan lengkap ada makanan khas solo makanannya enak semua pelayanan bagus ramah dengan kakak mungkin,KOMPETITOR,Bintang 4,NovotelSolo,positive,0.9994296431541443,Service Quality,Service Quality (0.99); Facilities & Amenities (0.99); Guest Experience (0.96)
Mutiara Hati Klaten,2025,5,Pelayanan ramah menu sarapan makan lengkap kak mey,KOMPETITOR,Bintang 4,NovotelSolo,positive,0.9989820122718811,Guest Experience,Guest Experience (0.99); Service Quality (0.99); Staff Conduct & Hospitality (0.99)
ama fatma,2025,5,Semua pelayanan sangat ramah dan memuaskan menu yang disediakan juga bervariasi,KOMPETITOR,Bintang 4,NovotelSolo,positive,0.9991326928138733,Facilities & Amenities,Facilities & Amenities (0.99); Service Quality (0.99); Guest Experience (0.99)
oom nunuh,2025,5,Kamar nya bersih dan pelayanan nya cukup bagus mungkin,KOMPETITOR,Bintang 4,NovotelSolo,positive,0.9989050626754761,Service Quality,"Service Quality (0.99); Cleanliness, Hygiene & Maintenance (0.99); Guest Experience (0.99)"
Ari Sastia sasa,2025,5,Hotel nya bagus pelayanan nya bagus kamar nya bagus letaknya nya strategis di tengah kota,KOMPETITOR,Bintang 4,NovotelSolo,positive,0.9993997812271118,Service Quality,Service Quality (1.00); Facilities & Amenities (0.99); Room Quality & Comfort (0.96)
Octa Rizal,2025,5,sarapan luar biasa pelayanan mungkin baik dan sopan hotelnya keren banget,KOMPETITOR,Bintang 4,NovotelSolo,positive,0.9964028596878052,"Cleanliness, Hygiene & Maintenance","Cleanliness, Hygiene & Maintenance (1.00); Service Quality (0.99); Guest Experience (0.99)"
Ismawati Hanggoro,2025,4,Semua bagus pelayanannya sangat baik dengan mbak felicia terimakasih,KOMPETITOR,Bintang 4,NovotelSolo,positive,0.9985254406929016,Service Quality,Service Quality (0.99); Guest Experience (0.99); Service Efficiency & Responsiveness (0.93)
Maria Jaga,2025,5,sarapannya enak pelayanan mba mey ramah,KOMPETITOR,Bintang 4,NovotelSolo,positive,0.9992157220840454,Guest Experience,Guest Experience (0.99); Food & Beverage (0.99); Service Quality (0.98)
Andreanus Fandy,2025,5,pelayanan ramah sarapan lengkap cc mei,KOMPETITOR,Bintang 4,NovotelSolo,positive,0.9991912245750427,Service Quality,Service Quality (0.98); Guest Experience (0.98); Staff Conduct & Hospitality (0.96)
nunung ppns,2025,5,menu2nya klo pagi baik klo siang gk seberapa,KOMPETITOR,Bintang 4,NovotelSolo,positive,0.9501504898071289,Food & Beverage,Food & Beverage (0.89); Service Quality (0.73); Pricing & Value for Money (0.69)
Ratningsih Ratna,2025,5,pelayanan bagus makanan cocok dilidah tempat nyaman,KOMPETITOR,Bintang 4,NovotelSolo,positive,0.9991044402122498,Service Quality,Service Quality (1.00); Guest Experience (0.99); Facilities & Amenities (0.98)
Rian Budi,2025,5,kali ini mengantarkan tamu rental mobil untuk berkeliling di kota solo menginap di novotel mempermudah akses ke berkeliling kota solo karena lokasinya yang strategis,KOMPETITOR,Bintang 4,NovotelSolo,positive,0.9969508647918701,Guest Experience,"Guest Experience (0.92); Location, Accessibility & Parking (0.91); Facilities & Amenities (0.89)"
Nimbus.,2025,4,Layanan sangat bagus pilihan sarapan banyak tapi saluran Westafel bermasalah,KOMPETITOR,Bintang 4,NovotelSolo,positive,0.6067716479301453,Service Quality,Service Quality (1.00); Facilities & Amenities (1.00); Guest Experience (0.99)
Rinoen Bawani,2025,5,Dari kamar dn makanan sudah oke semuanya,KOMPETITOR,Bintang 4,NovotelSolo,positive,0.9949291944503784,"Cleanliness, Hygiene & Maintenance","Cleanliness, Hygiene & Maintenance (0.99); Facilities & Amenities (0.98); Room Quality & Comfort (0.98)"
insan setiyawan,2025,5,Hotel Yang strategis berada di dijantung kota solo,KOMPETITOR,Bintang 4,NovotelSolo,positive,0.998543381690979,Facilities & Amenities,"Facilities & Amenities (0.77); Sustainability & Environmental Quality (0.76); Loyalty, Recommendation & Appreciation (0.74)"
Surya DS Galeri Official,2025,5,pelayanan oleh mba rahmah yang sangat ramah dan sangat informatif tempatnya vintege untuk keren sangat dianjurkan,KOMPETITOR,Bintang 4,NovotelSolo,positive,0.9980058073997498,Guest Experience,Guest Experience (0.99); Service Quality (0.99); Staff Conduct & Hospitality (0.99)
Farriq,2025,5,Lok strategis staf ramah ramah kamar bersih nyaman,KOMPETITOR,Bintang 4,NovotelSolo,positive,0.9992222785949707,Room Quality & Comfort,Room Quality & Comfort (0.99); Service Quality (0.98); Facilities & Amenities (0.98)
moh pandoyo,2025,5,hotel di tengah kota solo dekat dengan berbagai tempat strategis kuliner dan wisata dekat sate pak manto dekat stasiun balapan samping jalan protokol salam riyadi pelayanan bagus ada kolam renang,KOMPETITOR,Bintang 4,NovotelSolo,positive,0.9995961785316467,Service Quality,Service Quality (0.99); Facilities & Amenities (0.98); Food & Beverage (0.95)
kezia katarina dwi kristinawati,2025,5,cocok bawa keluarga anak2 kecil bisa berenang,KOMPETITOR,Bintang 4,NovotelSolo,positive,0.9984555244445801,Family & Group Friendly,"Family & Group Friendly (0.97); Cleanliness, Hygiene & Maintenance (0.89); Sustainability & Environmental Quality (0.84)"
mahardian rahmadi,2025,5,hotel lama dengan perawatan yang baik lokasi sebagai ditengah kota dekat dengan lokasi mobil hari gratis pusat makanan pasar malam kamarnya luas dan nyaman layanan responsif pusat kebugaran sangat luas banyak alat untuk latihan kardio maupun kekuatan berat badan,KOMPETITOR,Bintang 4,NovotelSolo,positive,0.9994871616363525,Facilities & Amenities,Facilities & Amenities (1.00); Service Quality (0.99); Service Efficiency & Responsiveness (0.99)
XI_36 Iola Alfiya Rifda,2025,5,layanan yang baik juga sarapan yang enak dibantu dengan mba mey,KOMPETITOR,Bintang 4,NovotelSolo,positive,0.9985978007316589,Service Quality,Service Quality (1.00); Facilities & Amenities (1.00); Guest Experience (0.99)
Muntafi'ah,2025,5,luar biasa mas rey asik deh terima kasih atas pelayanannya,KOMPETITOR,Bintang 4,NovotelSolo,positive,0.9982056617736816,Service Quality,"Service Quality (0.97); Guest Experience (0.92); Loyalty, Recommendation & Appreciation (0.84)"
Dibyo A Utomo,2025,5,Kamar yang bagus bersih dan wangi aku ingin tahu apa parfum hotel itu menggunakan masuk koridor,KOMPETITOR,Bintang 4,NovotelSolo,positive,0.9663754105567932,"Cleanliness, Hygiene & Maintenance","Cleanliness, Hygiene & Maintenance (0.97); Service Quality (0.94); Room Quality & Comfort (0.93)"
Endah Herlina,2025,5,staf yang ramah makanan enak kamar yang nyaman,KOMPETITOR,Bintang 4,NovotelSolo,positive,0.9993170499801636,Room Quality & Comfort,Room Quality & Comfort (0.99); Facilities & Amenities (0.99); Service Quality (0.99)
Rita Sasongko,2025,5,makanannya enak dan pelayanannya bagus mbak mungkin nya ramah restonya susasanya nyaman,KOMPETITOR,Bintang 4,NovotelSolo,positive,0.9993962049484253,Service Quality,Service Quality (0.99); Staff Conduct & Hospitality (0.97); Service Efficiency & Responsiveness (0.96)
Marcel Pamungkas,2025,5,sangat bagus dari segi layanan dekor dan makanan,KOMPETITOR,Bintang 4,NovotelSolo,positive,0.9989731311798096,Service Quality,Service Quality (1.00); Facilities & Amenities (0.99); Food & Beverage (0.98)
MIchidmaa Ch,2025,5,Itu bagus dan bersih itu adalah hotel terbaik masuk daerah dengan kolam renang dan segalanya,KOMPETITOR,Bintang 4,NovotelSolo,positive,0.9993917942047119,Facilities & Amenities,"Facilities & Amenities (1.00); Cleanliness, Hygiene & Maintenance (1.00); Service Quality (1.00)"
Qiaa 06,2025,5,makanan enak dan staf ramah variasi makanan sudah cukup apalagi ada makanan khas dari solo,KOMPETITOR,Bintang 4,NovotelSolo,positive,0.9993813037872314,Service Efficiency & Responsiveness,Service Efficiency & Responsiveness (0.99); Service Quality (0.98); Staff Conduct & Hospitality (0.98)
Suryanto agung,2025,5,Layanan kami harus dipertahankan kalu bisa ditingkatkan lagi,KOMPETITOR,Bintang 4,NovotelSolo,positive,0.9470660090446472,Facilities & Amenities,Facilities & Amenities (0.89); Service Quality (0.87); Guest Experience (0.79)
Dhanti Rama,2025,5,hotelnya bersih dan pelayanannya ramah sekali,KOMPETITOR,Bintang 4,NovotelSolo,positive,0.9992320537567139,Service Quality,"Service Quality (0.99); Cleanliness, Hygiene & Maintenance (0.99); Staff Conduct & Hospitality (0.99)"
devon Matita,2025,5,kamarnya nyaman sarapan variasinya banyak,KOMPETITOR,Bintang 4,NovotelSolo,positive,0.9994423985481262,Facilities & Amenities,Facilities & Amenities (0.98); Room Quality & Comfort (0.95); Guest Experience (0.92)
Harley Quinn,2025,5,bagus sekali pelayanan dan bagus banget hotelnya,KOMPETITOR,Bintang 4,NovotelSolo,positive,0.9990106821060181,Service Quality,Service Quality (1.00); Guest Experience (0.99); Staff Conduct & Hospitality (0.98)
Holy Glora,2025,5,fasilitas bagus lokasi strategis dan nyaman tinggal dengan teman dan keluarga,KOMPETITOR,Bintang 4,NovotelSolo,positive,0.9993435740470886,Family & Group Friendly,Family & Group Friendly (0.99); Facilities & Amenities (0.99); Service Quality (0.93)
Yuli Nurhalima Niapele,2025,5,Hotel ini sangat direkomendasikan bagi mereka yang mencari liburan ketika mereka tiba masuk solo layanan yang baik terutama satu staf yang namanya mungkin,KOMPETITOR,Bintang 4,NovotelSolo,positive,0.9973059892654419,Service Quality,Service Quality (1.00); Facilities & Amenities (0.80); Service Efficiency & Responsiveness (0.79)
Naa Vianna,2025,2,mau pesan kamar harganya ngga masuk akal masa 17 jetie memperbaiki di alila yaa mungkin ngantuk yang posting pegawainya,KOMPETITOR,Bintang 4,NovotelSolo,negative,0.9979908466339111,Pricing & Value for Money,Pricing & Value for Money (0.76); Booking & Reservation Experience (0.68); Guest Experience (0.66)
hanny meiriza,2025,5,hotel favorit yang selalu saya datangi setiap ke solo lokasi strategis fasilitasnya juga lengkap sarapan enak,KOMPETITOR,Bintang 4,NovotelSolo,positive,0.9992066025733948,Facilities & Amenities,Facilities & Amenities (0.99); Service Quality (0.94); Food & Beverage (0.90)
Iwan Ardiansyah,2025,5,untuk pelayanan novotel solo lumayan bagus terimakasih mbak ria semoga sukses selalu,KOMPETITOR,Bintang 4,NovotelSolo,positive,0.9970456957817078,Service Quality,Service Quality (0.99); Guest Experience (0.83); Service Efficiency & Responsiveness (0.80)
Cicik Ida,2025,5,penginapannya nyaman bagus sarapan nya enak pelayanan nya ramah mungkin,KOMPETITOR,Bintang 4,NovotelSolo,positive,0.9990090131759644,Facilities & Amenities,Facilities & Amenities (0.98); Service Quality (0.98); Guest Experience (0.96)
Eka M,2025,2,ada patung di kamar yang menurut saya tidak sopan bahkan mungkin tidak senonoh furnitur di kamar mandi sudah tua dan kurang terawat penataan mandi tidak nyaman untuk dijangkau aliran udara menimbulkan bunyi kayak alarm saya tau perawatan hotel tidak murah namun paling tidak memberikan kenyamanan pelanggan saat dikamar saran bebaskan kamar dan semua ruangan dari patung2 percayalah pelanggan sekarang lebih menyukai desain minimalis modern sederhana namun elegan tidak perlu patung2,KOMPETITOR,Bintang 4,NovotelSolo,negative,0.9793420433998108,Facilities & Amenities,Facilities & Amenities (0.44); Pricing & Value for Money (0.34); Management & Policy Issues (0.32)
Novera Selvia Ulina,2025,5,kemarin kesini saat malam natal ditraktir untuk menginap karena tidak pulang kampung hehe hotelnya bagus banget kemarin dapatnya di ruang eksekutif jika tidak salah yang lantai 7 sebagai pengalaman pertama untuk menginap sendiri tidak ada masalah apa arah nya jelas karena cuman semalam saja yang sempat di eksplorasi hanya bagian kolam saja ada tempat gym juga cuman tidak sempat ke sana ada pengering rambut jahit kit dan kit lainnya jadi sebenarnya cukup lengkap tempat sarapan juga jika menginap gini aku selalu menyenangkan suka bagian ini hehe menu menu variatif makanan berat tradisional kuliner kue dan buah dan sebagainya dan yang aku suka kopi bagian nya pilihan kopi nya macam macam macam,KOMPETITOR,Bintang 4,NovotelSolo,positive,0.9973695278167725,Facilities & Amenities,Facilities & Amenities (0.97); Service Quality (0.88); Guest Experience (0.86)
Yoshie Kesuma Diniaty Rambe,2025,4,kamar bersih fasilitas juga lengkap top deh,KOMPETITOR,Bintang 4,NovotelSolo,positive,0.9994495511054993,Facilities & Amenities,"Facilities & Amenities (0.99); Room Quality & Comfort (0.98); Cleanliness, Hygiene & Maintenance (0.97)"
Anorti Ika Wijaya,2025,5,Layanan yang sangat baik kamar yang bagus salah satu hotel terbaik masuk kota dengan staf yang baik,KOMPETITOR,Bintang 4,NovotelSolo,positive,0.9982690811157227,Service Quality,Service Quality (1.00); Room Quality & Comfort (1.00); Guest Experience (1.00)
Quinten,2025,1,Minggu pukul 6 pagi seorang pria dengan megaphone muncul masuk di depan hotel berteriak keras dan membangunkan kami turun ke resepsi untuk melihat apa yang terjadi di sana aku diberitahu itu dari hotel dan normal dari jam 6 sampai 9 pagi,KOMPETITOR,Bintang 4,NovotelSolo,negative,0.9682665467262268,Check in/out Experience,Check in/out Experience (0.89); Guest Experience (0.84); Cultural & Heritage Experience (0.48)
soraya kusuma Putri,2025,5,Pelayanannya oke semua karyawannya ramah,KOMPETITOR,Bintang 4,NovotelSolo,positive,0.9986685514450073,Service Quality,Service Quality (1.00); Staff Conduct & Hospitality (0.99); Guest Experience (0.98)
SUGIYANTO DWH,2025,5,Restoran makanan bagus enak pilihan makananya banyak pelayanan yang ramah memuaskan terimakasih kak mei atas servisenya,KOMPETITOR,Bintang 4,NovotelSolo,positive,0.9991471767425537,Service Quality,Service Quality (0.99); Guest Experience (0.97); Staff Conduct & Hospitality (0.96)
Full Senyum,2025,5,senang menginap disini pelayanan oke kamar bagus dan bersih sarapan enak,KOMPETITOR,Bintang 4,NovotelSolo,positive,0.9993041753768921,Service Quality,"Service Quality (1.00); Guest Experience (1.00); Cleanliness, Hygiene & Maintenance (1.00)"
wikara dwi saputra,2025,5,Hotel bagus rekomendasi untuk teman2 yang bisa berkunjung ke solo menginap di sini,KOMPETITOR,Bintang 4,NovotelSolo,positive,0.998374342918396,Service Quality,"Service Quality (0.73); Cleanliness, Hygiene & Maintenance (0.67); Loyalty, Recommendation & Appreciation (0.65)"
dimas ardy,2025,5,pelayanan memuaskan makanan di resto cukup lengkap,KOMPETITOR,Bintang 4,NovotelSolo,positive,0.9990171194076538,Service Quality,Service Quality (0.99); Food & Beverage (0.90); Guest Experience (0.89)
Aqifa Pebrianti,2025,5,Secara keseluruhan sudah baik tingkatkan pelayanan,KOMPETITOR,Bintang 4,NovotelSolo,positive,0.9950968623161316,Service Quality,"Service Quality (0.99); Guest Experience (0.90); Cleanliness, Hygiene & Maintenance (0.88)"
Rahman Antam,2025,5,hotel nyaman dekat pusat kota dan kuliner,KOMPETITOR,Bintang 4,NovotelSolo,positive,0.9992449283599854,Food & Beverage,Food & Beverage (0.97); Facilities & Amenities (0.95); Cultural & Heritage Experience (0.88)
Anisa larasati,2025,5,Pelayanan baik terimakasih untuk kak mayka,KOMPETITOR,Bintang 4,NovotelSolo,positive,0.9970347881317139,Service Quality,"Service Quality (0.99); Guest Experience (0.93); Loyalty, Recommendation & Appreciation (0.91)"
gunawanpeh 919,2025,5,sarapan alhamdulillah komplit untuk pelayanan jempol 3 dengan mbak mei,KOMPETITOR,Bintang 4,NovotelSolo,positive,0.9985150694847107,Service Quality,Service Quality (0.98); Guest Experience (0.95); Staff Conduct & Hospitality (0.93)
Gabriella Tirza,2025,5,Novotel Sangt okee cocok dengan pelaynanya bgus sarapn jg enak mantap terima kasih kk ria,KOMPETITOR,Bintang 4,NovotelSolo,positive,0.9994012117385864,Service Quality,Service Quality (0.98); Staff Conduct & Hospitality (0.97); Facilities & Amenities (0.93)
Siwi Mawar,2025,5,restoran nya bagus sarapanya juga enak banyak variasiinyaa makanya juga oke pelayanannya bagus dan saya sarapan dibantu dengan kak mungkin pelayanannya oke,KOMPETITOR,Bintang 4,NovotelSolo,positive,0.9993796348571777,Service Quality,Service Quality (0.98); Food & Beverage (0.93); Guest Experience (0.86)
Santi Irawati,2025,3,hotelnya sudah terkesan tua dan perlu diremajakan pintu angkat kamar mandi furnitur dan juga berbaring keluar kamar terkesan kuno di dekat tv ada seperti binatang kecil entah itu binatang apa bunyi ac juga cukup berisik pengalaman menginap jadi terasa kurang nyaman lokasi di pusat kota dan cukup dekat ke tempat tempat wisata di solo proses cek masuk dan cek keluar cepat dan tidak bertele agak sulit mencari parkir karena penuh,KOMPETITOR,Bintang 4,NovotelSolo,negative,0.9296492338180542,"Location, Accessibility & Parking","Location, Accessibility & Parking (0.99); Check in/out Experience (0.98); Facilities & Amenities (0.97)"
Lumiandcloud _,2025,5,Semua baik servis baik makanan enak terima kasih novotel,KOMPETITOR,Bintang 4,NovotelSolo,positive,0.9348952770233154,Service Quality,Service Quality (1.00); Guest Experience (0.99); Food & Beverage (0.98)
Oktavian wicaksono,2025,4,tingkatkan lagi pelayan dan fasilitasnya bila ada yang rusak segera di benahi,KOMPETITOR,Bintang 4,NovotelSolo,neutral,0.45555153489112854,Facilities & Amenities,Facilities & Amenities (0.99); Staff Conduct & Hospitality (0.94); Complaint Handling & Service Recovery (0.93)
Atien Gendhis,2025,5,Pelayanan baik bertemu dengan mbak Mei dijamu dengan baik,KOMPETITOR,Bintang 4,NovotelSolo,positive,0.98897385597229,Service Quality,Service Quality (1.00); Guest Experience (1.00); Staff Conduct & Hospitality (0.97)
Mayudaning Cecya,2025,5,kamar nyaman dan menu sarapan enak enak enak,KOMPETITOR,Bintang 4,NovotelSolo,positive,0.9989997744560242,Facilities & Amenities,Facilities & Amenities (1.00); Room Quality & Comfort (0.99); Guest Experience (0.97)
endah tejaningsih,2025,5,Mba mungkin cantik supel dan melayani kami sangat ramah,KOMPETITOR,Bintang 4,NovotelSolo,positive,0.9406691193580627,Staff Conduct & Hospitality,Staff Conduct & Hospitality (0.99); Service Efficiency & Responsiveness (0.97); Guest Experience (0.96)
Ratna Vidia,2025,5,Pelayanan nya bagus dengan ka mei menu nya restorantnya enak,KOMPETITOR,Bintang 4,NovotelSolo,positive,0.9989093542098999,Service Quality,Service Quality (1.00); Guest Experience (0.98); Facilities & Amenities (0.97)
Paddy Purdoyo Karim,2025,5,Restoran Andrawina tampaknya meningkat banyak Terima kasih Ms. Ria Devi untuk menyapa kami setiap pagi selama waktu sarapan,KOMPETITOR,Bintang 4,NovotelSolo,positive,0.9959210157394409,Guest Experience,"Guest Experience (0.99); Food & Beverage (0.99); Loyalty, Recommendation & Appreciation (0.92)"
Erwin Maulana,2025,5,kamarnya bersih wangi dan lokasinya strategis,KOMPETITOR,Bintang 4,NovotelSolo,positive,0.9992294311523438,"Cleanliness, Hygiene & Maintenance","Cleanliness, Hygiene & Maintenance (0.99); Room Quality & Comfort (0.99); Service Quality (0.98)"
Agus RH,2025,5,mbak mungkin sangat membantu mau mengusahakan tambahan tempat tidur yang kehabisan tadi malam,KOMPETITOR,Bintang 4,NovotelSolo,neutral,0.9174426794052124,Facilities & Amenities,Facilities & Amenities (0.77); Service Efficiency & Responsiveness (0.76); Booking & Reservation Experience (0.71)
virgiyanti fajeri,2025,5,pelayanan yang diberikan sangat baik fasilitas lengkap,KOMPETITOR,Bintang 4,NovotelSolo,positive,0.9967412352561951,Service Quality,Service Quality (0.99); Facilities & Amenities (0.97); Service Efficiency & Responsiveness (0.90)
reza_bagoes,2025,5,fasilitas oke dan pelayanan dari cek masuk sampai cek keluar juga oke,KOMPETITOR,Bintang 4,NovotelSolo,positive,0.9395166635513306,Check in/out Experience,Check in/out Experience (0.99); Service Quality (0.99); Facilities & Amenities (0.99)
Lazarus Irwan Babon,2025,5,Layanan yang baik semua oke mantap jos untuk pelayanan nya jg mantap terima kasih kak ria,KOMPETITOR,Bintang 4,NovotelSolo,positive,0.9991229176521301,Service Quality,Service Quality (0.99); Service Efficiency & Responsiveness (0.95); Facilities & Amenities (0.94)
Yuli Fatmawati,2025,4,fasilitas dan pelayanan sudah sangat baik,KOMPETITOR,Bintang 4,NovotelSolo,positive,0.9958470463752747,Service Quality,Service Quality (0.99); Facilities & Amenities (0.98); Guest Experience (0.92)
NURSALEHUDDIN N AMIN,2025,5,Pelayanan dari emba ria sangat ramah dan untuk kopi cappucino mantaf,KOMPETITOR,Bintang 4,NovotelSolo,positive,0.9946200847625732,Guest Experience,Guest Experience (1.00); Staff Conduct & Hospitality (1.00); Service Quality (1.00)
Bahrin H Dulmanan,2025,5,sarapan oke pelayanan sangat mantap di bantu oleh mei,KOMPETITOR,Bintang 4,NovotelSolo,positive,0.9991469383239746,Service Quality,Service Quality (1.00); Guest Experience (0.99); Food & Beverage (0.97)
Wening Idayanti,2025,5,211 kak mungkin oke pelayanan sipp makanan enak,KOMPETITOR,Bintang 4,NovotelSolo,positive,0.9939302206039429,Service Quality,Service Quality (0.99); Guest Experience (0.99); Check in/out Experience (0.95)
Misbahul Arifin,2025,5,novotel solo adalah salah satu hotel bintang 4 yang terletak di pusat kota solo menawarkan berbagai fasilitas modern dan pelayanan berkualitas berikut ulasannya 1 fasilitas novotel solo dilengkapi dengan fasilitas lengkap seperti kolam renang spa gym dan restoran hotel ini juga menyediakan ruang pertemuan dan ballroom yang cocok untuk berbagai acara bisnis atau perayaan kamar kamarnya dilengkapi dengan fasilitas modern seperti layar televisi datar wifi gratis dan minibar 2 kualitas pelayanan pelayanan di novotel solo umumnya mendapatkan ulasan positif staf hotel dikenal ramah profesional dan sigap dalam melayani kebutuhan tamu mulai dari proses cek masuk yang sampai cepat responsif terhadap permintaan semua dengan baik dijalankan memastikan kenyamanan selama berist,KOMPETITOR,Bintang 4,NovotelSolo,positive,0.9986887574195862,Facilities & Amenities,Facilities & Amenities (1.00); Service Quality (1.00); Guest Experience (0.94)
Catherine Larasati,2025,5,menikmati menginap di hotel makanan baik dan kamar yang sangat baik,KOMPETITOR,Bintang 4,NovotelSolo,positive,0.9973668456077576,Room Quality & Comfort,Room Quality & Comfort (0.99); Guest Experience (0.98); Food & Beverage (0.98)
Sundus Assegaf,2025,5,Pelayanan oke untuk sarapan jg enak,KOMPETITOR,Bintang 4,NovotelSolo,positive,0.997895359992981,Service Quality,Service Quality (1.00); Facilities & Amenities (0.99); Guest Experience (0.99)
segaf assegaf,2025,5,Malam malam romantis Novotel Hotel Solo layanan yang baik terima kasih Pak salim untuk melayani masuk malam malam malam romantis saya,KOMPETITOR,Bintang 4,NovotelSolo,positive,0.9956763386726379,Service Quality,Service Quality (1.00); Guest Experience (0.97); Facilities & Amenities (0.94)
Pramesthis 1234,2025,5,sarapan dan layanan mb mey oke,KOMPETITOR,Bintang 4,NovotelSolo,positive,0.9610106348991394,Food & Beverage,Food & Beverage (0.99); Service Quality (0.99); Facilities & Amenities (0.98)
Siti Khalimah,2025,5,pelayanan dengan mungkin bagus dan ramah melayani dengan sangat baik apa yang diinginkan,KOMPETITOR,Bintang 4,NovotelSolo,positive,0.992732584476471,Guest Experience,Guest Experience (0.99); Service Quality (0.99); Service Efficiency & Responsiveness (0.98)
Achmad Ari Wibowo,2025,5,pada tanggal 25 27 Juni saya menginap di hotel novotel solo dan pengalaman saya sangat memuaskan hotel ini benar benar layak mendapat status bintang 4 dengan berbagai fasilitas dan layanan yang ditawarkannya kamar saya sangat nyaman dan bersih dekorasiinya sederhana modern namun masih terkesan elegan memberikan suasana yang mewah namun tetap nyaman tempat tidur ukuran tunggal sangat empuk dan memastikan tidur nyenyak setiap malam fasilitas di kamar seperti layar televisi layar datar minibar dan perlengkapan mandi lengkap juga sangat memadai layanan staf hotel sangat ramah dan profesional proses cek masuk dan cek keluar berlangsung cepat dan efisien fasilitas hotel ini dilengkapi dengan kolam renang outdoor yang indah spa,KOMPETITOR,Bintang 4,NovotelSolo,positive,0.9992150068283081,Facilities & Amenities,Facilities & Amenities (1.00); Service Quality (0.96); Room Quality & Comfort (0.95)
D. Ayu Arselia,2025,5,acara keterlibatan di novotel solo warisan banget budaya banget,KOMPETITOR,Bintang 4,NovotelSolo,positive,0.6530341506004333,Cultural & Heritage Experience,"Cultural & Heritage Experience (1.00); Guest Experience (0.90); Loyalty, Recommendation & Appreciation (0.87)"
Zunaidah Said,2025,5,Sangat baik selera dan en riski dan ibu dina sangat baik untuk menarik perhatian kita,KOMPETITOR,Bintang 4,NovotelSolo,positive,0.9980908036231995,Food & Beverage,Food & Beverage (0.99); Family & Group Friendly (0.94); Sustainability & Environmental Quality (0.93)
GSX RIDER INDONESIA,2025,5,pelayanan yang bagus dan menyenangkan terimakasih mba mey,KOMPETITOR,Bintang 4,NovotelSolo,positive,0.998766303062439,Service Quality,Service Quality (0.99); Guest Experience (0.97); Service Efficiency & Responsiveness (0.92)
tolha ramadhani,2025,5,Jooss pokoknya apalagi pelayanan kak felicia,KOMPETITOR,Bintang 4,NovotelSolo,positive,0.9992167949676514,Service Quality,Service Quality (0.98); Facilities & Amenities (0.97); Guest Experience (0.96)
Karya Yani,2025,5,sangat asyik pelayanan dinovotel resepsi adalah pun ramah2,KOMPETITOR,Bintang 4,NovotelSolo,positive,0.999043881893158,Guest Experience,Guest Experience (0.99); Staff Conduct & Hospitality (0.98); Service Quality (0.98)
titis retnoningrum,2025,5,sarapan di dekat kolam renang suasananya dingin seppoi2,KOMPETITOR,Bintang 4,NovotelSolo,positive,0.9992731213569641,Facilities & Amenities,Facilities & Amenities (0.96); Food & Beverage (0.88); Sustainability & Environmental Quality (0.80)
Daniel Rogarta,2025,5,Pelayanan makan malam romantis luar biasa dan istimewa,KOMPETITOR,Bintang 4,NovotelSolo,positive,0.9940333962440491,Personalized & Special Services,Personalized & Special Services (0.99); Service Quality (0.99); Guest Experience (0.98)
warno kiran,2025,5,Sangat cocok untuk berlibur bersama keluarga dan teman,KOMPETITOR,Bintang 4,NovotelSolo,positive,0.9981593489646912,Family & Group Friendly,"Family & Group Friendly (1.00); Cultural & Heritage Experience (0.94); Loyalty, Recommendation & Appreciation (0.87)"
Arif Susilo,2025,5,sarapanya baik pelayananya baik ramah terimakasih kak mei,KOMPETITOR,Bintang 4,NovotelSolo,positive,0.9985334873199463,Service Quality,"Service Quality (1.00); Staff Conduct & Hospitality (0.99); Cleanliness, Hygiene & Maintenance (0.98)"
Deb Ziba,2025,5,seneng banget karena klo mau ke salam riyadi deket pwol bisa menikmati kota solo malam hari,KOMPETITOR,Bintang 4,NovotelSolo,positive,0.9976822137832642,Cultural & Heritage Experience,Cultural & Heritage Experience (0.90); Service Efficiency & Responsiveness (0.88); Facilities & Amenities (0.88)
William Chiu,2025,5,Secara keseluruhan saya oke hotel ini terawat dengan baik lokasi strategis front desk cepat tanggap kamar bersih bantal banyak wifi oke hanya saran sandal itu wajib ada yang lain bisa di simpan dan mandi kamar mandi bisa di pemeliharaan biar lebih puas dapat kucuran udara nya restoran kru nya banyak yang membantu nasi goreng dan pemandangan kolam renang nya menyenagkan cukup lengkap makanan nya dan beragam dengan lokal solo dan barat tern makanan,KOMPETITOR,Bintang 4,NovotelSolo,positive,0.9993144273757935,"Cleanliness, Hygiene & Maintenance","Cleanliness, Hygiene & Maintenance (1.00); Facilities & Amenities (0.99); Service Quality (0.98)"
khoirul anam,2025,5,pelayanan ramah kamar bagus,KOMPETITOR,Bintang 4,NovotelSolo,positive,0.9991101622581482,Guest Experience,Guest Experience (1.00); Service Quality (0.99); Room Quality & Comfort (0.99)
Maria Veliana Guwul,2025,5,terima kasih hotelnya sangat strategis dan harganya juga terjangkau dan dianjurkan deh hotelnya,KOMPETITOR,Bintang 4,NovotelSolo,positive,0.9991956353187561,Pricing & Value for Money,"Pricing & Value for Money (0.99); Facilities & Amenities (0.91); Loyalty, Recommendation & Appreciation (0.90)"
Efiana Pase,2025,5,hotel bersih nyaman makanan enak,KOMPETITOR,Bintang 4,NovotelSolo,positive,0.998948872089386,Service Quality,"Service Quality (0.98); Cleanliness, Hygiene & Maintenance (0.97); Facilities & Amenities (0.97)"
Retno Ayu Palupi,2025,5,makanannya enak pelayanan nya ramah untuk lokasinya strategis 9 10,KOMPETITOR,Bintang 4,NovotelSolo,positive,0.9992714524269104,Service Quality,Service Quality (0.99); Guest Experience (0.96); Facilities & Amenities (0.96)
Arifatun Nikmah,2025,5,Pelayanan dan sarapan sangat dianjurkan untuk dicoba,KOMPETITOR,Bintang 4,NovotelSolo,positive,0.9973368048667908,Food & Beverage,Food & Beverage (1.00); Guest Experience (1.00); Facilities & Amenities (1.00)
Sintia Nursifa,2025,5,makanan di restoran enak enak dan memuaskan pelayanannya ramah dan kamarnya bersih,KOMPETITOR,Bintang 4,NovotelSolo,positive,0.9993314743041992,"Cleanliness, Hygiene & Maintenance","Cleanliness, Hygiene & Maintenance (1.00); Food & Beverage (1.00); Service Quality (1.00)"
Gesang Margesang,2025,5,menyenangkan pelayanan bagus ramah nyaman smoga bertahan novotel solo,KOMPETITOR,Bintang 4,NovotelSolo,positive,0.9992942810058594,Service Quality,Service Quality (0.99); Guest Experience (0.98); Facilities & Amenities (0.98)
Hasyyati ZM,2025,5,fasilitas oke dan pelayanannya ramah terima kasih mas reihan,KOMPETITOR,Bintang 4,NovotelSolo,positive,0.999058187007904,Service Quality,Service Quality (0.98); Facilities & Amenities (0.97); Service Efficiency & Responsiveness (0.97)
Yenis mia Ludina35,2025,5,lokasi strategis kamar oke makanan oke,KOMPETITOR,Bintang 4,NovotelSolo,positive,0.9990474581718445,Facilities & Amenities,Facilities & Amenities (0.98); Room Quality & Comfort (0.96); Guest Experience (0.92)
Hamid Afeef,2025,5,Ria adalah gadis yang sangat baik layanan yang baik keterampilan keramahan baik kami berharap dia sukses,KOMPETITOR,Bintang 4,NovotelSolo,positive,0.9893918037414551,Guest Experience,Guest Experience (1.00); Service Quality (1.00); Service Efficiency & Responsiveness (1.00)
Hilma Ayunina,2025,5,Terima kasih Novotel dan Mas Bagas atas bantuannya semuanya jadi lancar,KOMPETITOR,Bintang 4,NovotelSolo,positive,0.9906736016273499,Service Quality,Service Quality (0.84); Service Efficiency & Responsiveness (0.84); Staff Conduct & Hospitality (0.79)
Firdiansyah Eka,2025,5,kamar nyaman dan lokasi strategis,KOMPETITOR,Bintang 4,NovotelSolo,positive,0.9993423819541931,Room Quality & Comfort,Room Quality & Comfort (1.00); Facilities & Amenities (0.99); Guest Experience (0.94)
anang hari,2025,5,Pelayanan cepat sarapan oke lengkap,KOMPETITOR,Bintang 4,NovotelSolo,positive,0.9991258978843689,Service Quality,Service Quality (0.99); Guest Experience (0.99); Facilities & Amenities (0.98)
Cery Dewanto,2025,4,overall oke kamar bersih bagus cantik nyaman staf kantor depan ramah sigap ada 2 kolam yang bisa dipakai makanan oke tinggal ditambah variasinya ada staf trainee di lobi lebih baik diberi seragam saja agar terlihat lebih tepat tapi mereka sigap bagus mainan anak di kolam tolong diperbaiki hal sepele yang mengganggu staf resto menerapkan standar ganda dimana boleh bawa makan di kolam a tapi tidak boleh di kolam b dengan alasan nanti ada tamu hotel sebelah padahal tamu hotel sebelah juga bisa ke kolam mana saja menginap bayar tapi kaya rasanya ngemis makanan secuil buat anak hahaha,KOMPETITOR,Bintang 4,NovotelSolo,positive,0.743723452091217,Family & Group Friendly,Family & Group Friendly (0.94); Facilities & Amenities (0.93); Staff Conduct & Hospitality (0.92)
husnul hayyah,2025,5,pelayanan di resepsionis cukup cepat tidak berbelit langsung dikasih kunci ekstra untuk listrik jadi tidak perlu minta2 dulu buat kunci ekstra saat sarapan opsi sarapannya banyak bangeet paling suka karena ada bagian jajanan tradisional ada jamu n jus segar tapi yang paling oke sih lokasinya dari solo balapan kalau mau jalan kaki juga bisa cuma sekitar 1km saja kota tengah deh mau lari pagi juga ada dua stadion deket sini n semuanya berjalan kaki,KOMPETITOR,Bintang 4,NovotelSolo,positive,0.9993793964385986,Service Quality,Service Quality (0.99); Service Efficiency & Responsiveness (0.98); Facilities & Amenities (0.97)
Alfrisco Rachman Iqbal,2025,5,pelayanan keseluruhan hotel top bagus,KOMPETITOR,Bintang 4,NovotelSolo,positive,0.9989578723907471,Service Quality,Service Quality (0.99); Facilities & Amenities (0.98); Guest Experience (0.97)
Suryaning Dewanti,2025,5,di antara semua hotel yang pernah saya menginap dan review novotel surakarta adalah hotel yang bagi saya pribadi sangat luar biasa nyaman desain kamarnya lucu dan unik pemilihan warna untuk karpet kombinasi dengan warna sofa serta ruangannya cantik sekali sehingga mendukung untuk kenyamanan mata selain itu tempat tidur dan bantalnya juga sangat nyaman tidak terlalu kempes pengaturan udara hangatnya pun stabil dan nyaman kamar juga sangat tenang tidak ada suara suara berisik dari luar kamar sistem kedap ruangannya pun bagus ditambah pengaturan lampu yang sangat nyaman tidak terlalu redup terletak di pusat kota jadi ketempat manapun dekat dan tidak jauh dari tempat tempat tempat kuliner,KOMPETITOR,Bintang 4,NovotelSolo,positive,0.9993643164634705,Facilities & Amenities,Facilities & Amenities (0.99); Ambience & Design (0.99); Room Quality & Comfort (0.99)
Jessica Nurfitri,2025,5,lokasi di tengah kota kamar nyaman,KOMPETITOR,Bintang 4,NovotelSolo,positive,0.9994169473648071,Room Quality & Comfort,Room Quality & Comfort (0.99); Guest Experience (0.93); Facilities & Amenities (0.93)
sulikah ika,2025,5,kamar nyaman pelayanan ramah,KOMPETITOR,Bintang 4,NovotelSolo,positive,0.9988151788711548,Room Quality & Comfort,Room Quality & Comfort (1.00); Guest Experience (0.99); Service Quality (0.99)
Wahyuning Sayekti,2025,5,Staffnya membantu semua mba ningrum terimakasih ya,KOMPETITOR,Bintang 4,NovotelSolo,positive,0.9980397820472717,Service Quality,"Service Quality (0.71); Service Efficiency & Responsiveness (0.69); Loyalty, Recommendation & Appreciation (0.65)"
Wawan Rafiko,2025,5,Pelayanannya baik dan ramah dengan kak ria,KOMPETITOR,Bintang 4,NovotelSolo,positive,0.998944103717804,Service Quality,Service Quality (0.99); Staff Conduct & Hospitality (0.99); Guest Experience (0.99)
Sis Wan11to,2025,5,kamar rapi wangi bersih cocok buat liburan ya,KOMPETITOR,Bintang 4,NovotelSolo,positive,0.999037504196167,"Cleanliness, Hygiene & Maintenance","Cleanliness, Hygiene & Maintenance (0.99); Service Quality (0.97); Room Quality & Comfort (0.96)"
Dwi Asih Handayani,2024,4,Saya memesan melalui pemasaran hotel cukup cepat respon view restoran ke kolam renang menu sarapan variatif saya suka menu makanan tradisional indonesia lokasi hotel strategis kamar bersih nyaman dingin ada sofa tempat tidur jg sayangnya memang tidak disediakan sleeper harus permintaan karena mengurangi plastik tapi itu oke saya dukung gerakan ini tas cuci kena muatan ya hati2 jika ada yang mau ambil karena memang dari bahan kain seperti untuk gerakan ramah lingkungan waktu saya menginap sedang ada renovasi ada pekerja yang naik gondola gedung yang bergelombang di sisi jendela kamar saya sehingga kurang nyaman untuk buka tirai di meja ambalan deket tv ada bbrp sem,KOMPETITOR,Bintang 4,NovotelSolo,positive,0.9987479448318481,"Cleanliness, Hygiene & Maintenance","Cleanliness, Hygiene & Maintenance (0.99); Service Efficiency & Responsiveness (0.99); Sustainability & Environmental Quality (0.99)"
Liliana Kusumawati,2025,5,superiornya kamarnya nyaman banget kamar mandi tidak besar tapi bersih dan fasilitasnya nya lengkap yang saya suka adalah ada sabun cuci tangan sederhana tapi menurut saya penting sekali keramahan nya bagus sekali seluruh stafnya ramah dan membantu sarapannya oke bukan yang bervariasi banget tapi sudah cukup untuk sarapan lokasinya deket dari mana2 deket supermarket minimmarket henti bst salam riyadi jadi mau ke mana2 naik transportasi umum juga oke banget,KOMPETITOR,Bintang 4,NovotelSolo,positive,0.9994456171989441,Facilities & Amenities,Facilities & Amenities (1.00); Staff Conduct & Hospitality (0.99); Service Efficiency & Responsiveness (0.99)
teter sutejo,2025,5,fasilitas oke tempatnya juga oke lokasinya mantap dekat dengan stasiun solobalapan jalan kaki saja bisa kok kualitas kamar bagus cuma agak ada bau apek dari sofa mungkin cuma di kamar saya saja yang begini parkir luas akses mudah,KOMPETITOR,Bintang 4,NovotelSolo,positive,0.9920955300331116,Facilities & Amenities,"Facilities & Amenities (0.99); Location, Accessibility & Parking (0.98); Room Quality & Comfort (0.96)"
Yuniar Kustiani,2025,5,nyaman bersih pelayanan ramah,KOMPETITOR,Bintang 4,NovotelSolo,positive,0.999273955821991,Service Quality,"Service Quality (0.99); Guest Experience (0.98); Cleanliness, Hygiene & Maintenance (0.97)"
Siti “Oen” Unsiya,2025,5,makanan enak bersih nyaman pules bonok di sini,KOMPETITOR,Bintang 4,NovotelSolo,positive,0.9991175532341003,"Cleanliness, Hygiene & Maintenance","Cleanliness, Hygiene & Maintenance (0.99); Facilities & Amenities (0.96); Room Quality & Comfort (0.96)"
Fitri Hardiyanti,2025,5,pelayanan ramah fasilitas oke,KOMPETITOR,Bintang 4,NovotelSolo,positive,0.9989004135131836,Service Quality,Service Quality (0.99); Guest Experience (0.96); Facilities & Amenities (0.93)
Pringgo Rino,2025,5,sudah sangat baik dan pelayanannya oke,KOMPETITOR,Bintang 4,NovotelSolo,positive,0.9986853003501892,Service Quality,Service Quality (0.99); Service Efficiency & Responsiveness (0.97); Guest Experience (0.95)
Ahmad NA,2025,5,Terima kasih kak felicia dan tim atas pelayanannya,KOMPETITOR,Bintang 4,NovotelSolo,positive,0.9836930632591248,Service Quality,"Service Quality (0.95); Loyalty, Recommendation & Appreciation (0.79); Staff Conduct & Hospitality (0.74)"
gabrielle,2025,4,kamarnya nyaman melihat kota luas dengan jendela yang besar tv sudah di penuhi prime video gratis netflix gratis dan youtube juga dll minusnyaa klo aku remote tv nya lemot jadi harus benar2 ngepoint ke tv baru bisa berinteraksi juga ada beberapa nomor layanan hotel yang tidak bisa di hubungi gym fasilitas cukup bagus sedikit alat yang rusak sayangnya lokasi dekat dengan mall minimarket dan beberapa lokasi yang bagus kolam ada dua lokasi dan luas satu lokasi ada kolam anak dan dewasa cukup okey aku sukaa minusnya cuma dikitt koo rekom untuk hotel ini hehe d,KOMPETITOR,Bintang 4,NovotelSolo,positive,0.9978715181350708,Facilities & Amenities,Facilities & Amenities (0.98); Service Quality (0.89); Family & Group Friendly (0.86)
Farid Hadinugroho,2025,5,cek masuk malam ini agak sedikit ribet sprtnya yah karena aplikasi accor lg masalah di hp berharap dengan pergi menunjukkan akan mendapatkan harga yang sesuai dengan aplikasi berharapnya sih akan di bantu untuk masuk melalui website di hotel tapi ternyata malahan yang ditawarkan adalah harga publish diskon 10 dengan alasan website lg masalah dari pusat sejak kmrn sambil berpikir kasus test coba lwt website di hape betul masalah atau mmg hanya aplikasi hp yang masalah tara ternyata di website bisa booking dengan harga accor anggota hah stlh lumayan panjang dan lelah mau kuliah online kaget juga yah serta sekelas hotel gni kok tidak membantu malah merasa mau dikerjain,KOMPETITOR,Bintang 4,NovotelSolo,negative,0.995716392993927,Pricing & Value for Money,Pricing & Value for Money (0.78); Check in/out Experience (0.75); Digital Connectivity & Technology (0.59)
Hidayat Farhan,2025,5,lokasi strategis tidak terlalu macet ruang sidang cukup luas kamar nyaman sayang makanan perlu ditingkatkan masakannya terutama pada saat menu buka dan sahur kebetulan saya menginap saat bulan ramadhan 1445,KOMPETITOR,Bintang 4,NovotelSolo,positive,0.9989896416664124,Facilities & Amenities,Facilities & Amenities (0.98); Room Quality & Comfort (0.87); Service Quality (0.78)
Hariadian,2025,5,Sangat menyenangkan nginap di novotel solo nih suasana hangat sapaan akrab dan ramah tamah begitu baik,KOMPETITOR,Bintang 4,NovotelSolo,positive,0.99921715259552,Guest Experience,Guest Experience (0.99); Service Quality (0.99); Staff Conduct & Hospitality (0.99)
Ririn Prayoga,2025,5,pelayanan ramah hotel nyaman,KOMPETITOR,Bintang 4,NovotelSolo,positive,0.9991098046302795,Service Quality,Service Quality (0.99); Guest Experience (0.97); Staff Conduct & Hospitality (0.96)
Andri,2025,3,kamar oke bersih bagus tidak ada kendala sarapan ini jadi jadi saja ya kurang ada menu khas solo layanan ini nih mulai dari satpam depan kurang menghargai tamu bulak balik keluar masuk mobil disebrangin engga parkiririn engga saat lagi ada bis nyuruh berdoa tapi tidak dikasih arah kebanyakan ngobrol deket gerbang satpamnya perlu sekolah layanan lagi staf resepsionis oklah dikasih salam kolam renang punya novotel kurang bersih lebih bersih punya ibis lift jadul ya,KOMPETITOR,Bintang 4,NovotelSolo,negative,0.94867342710495,Service Quality,Service Quality (0.96); Staff Conduct & Hospitality (0.91); Facilities & Amenities (0.90)
Hesti Indri,2025,5,makanan enak fasilitas semua oke,KOMPETITOR,Bintang 4,NovotelSolo,positive,0.9987525939941406,Facilities & Amenities,Facilities & Amenities (0.98); Service Quality (0.95); Service Efficiency & Responsiveness (0.84)
Dhaniarisa Putri,2024,5,kamar superior cukup luas dan fasilitas lengkap interior super cakep aminities jg lengkap tapi ada beberapa catatan seperti sendal kamar hanya dengan permintaan kolam renang ada 2 punya novotel dan ibis tapi yang novotel agak menakutkan ya dan malah kolam ibis yang dekat resto baru sekali catatannya untuk kolam renang silahkan tangan bersih dan kotor ditaruh di keranjang gitu jangan bak sampah makanan sangat bervariasi dan setiap hari membuat enak apalagi nasi goreng yang langsung digoreng jus segar dan saladnya juara cuma beberapa kali telor tidak dianter tapi beberapa yang lain dianter jadi 2 jam pesen sendiri terus pelayanan cepat dan baik mengangkat nya suka,KOMPETITOR,Bintang 4,NovotelSolo,positive,0.9986214637756348,Facilities & Amenities,"Facilities & Amenities (0.99); Cleanliness, Hygiene & Maintenance (0.94); Food & Beverage (0.85)"
Heidy Safira,2025,1,hotel terburuk pernah pernah dua kali menginap di novotel solo selalu kamar belum siap dan harus menunggu lama sekali setelah berapa tahun saya kira ada perbaikan eh tahu sama saja sudah sengaja datang sore jam 4 ada waktu luang dua jam dari waktu memeriksa ternyata seperti diduga waktu memeriksa masuk kamarnya belum siap padahal saya cuma pesan satu kamar dua kamar sudah pesan dari sebulan sebelumnya sudah membayar juga tanpa permintaan seperti itu saja pelayanannya lama akhirnya saya dapat kamar setelah dua puluh menit itu juga karena saya mengeluh dan tunggui terus di resepsionis manajer tidak turun tangan sama sekali padahal suasana hotel penuh mengeluh jika saya nurut dan menunggu begitu saja mungkin,KOMPETITOR,Bintang 4,NovotelSolo,negative,0.9977787137031555,Booking & Reservation Experience,Booking & Reservation Experience (0.92); Check in/out Experience (0.84); Guest Experience (0.83)
manika 91919,2025,5,Semuanya oke makanannya oke,KOMPETITOR,Bintang 4,NovotelSolo,positive,0.9938826560974121,"Cleanliness, Hygiene & Maintenance","Cleanliness, Hygiene & Maintenance (0.89); Food & Beverage (0.87); Facilities & Amenities (0.87)"
a khalisa,2025,3,semuanya oke dari staf sarapan kolam renang lokasi semua oke tidak mengeluh cuma masalah di kamarku menginap d kamar 717 sofa sudah tidak layak pakai karna amblas karpet sangat bau apek dan berdebu saya kesusahn tidur karena punya alergi debu bangun pagi dalam keadaan pilek bahkan ibu saya yang tidur d kamar sebelah besok masuk igd krna asma kambuh novotel favorit saya dari kecil padahal mungkin jika memang pemeliharaan karpet susah dan mahal tanpa karpet lebih baik semoga menjadi masukan untuk memperbaiki kembali kebersihan kamarnya,KOMPETITOR,Bintang 4,NovotelSolo,negative,0.9869177937507629,Facilities & Amenities,Facilities & Amenities (0.96); Guest Experience (0.79); Service Quality (0.64)
Gabrielle Sjarif,2025,4,Hotel yang terletak dengan baik dan hotel yang bagus menginap masuk pasti menyukai gaya dan suasana hotel diminta untuk menghubungkan kamar dan resepsionis memberikan tanpa masalah satu-satunya kelemahan adalah kamar tidak sangat baik dipelihara kami membandingkan kedua kamar kami memesan dan menemukan banyak perbedaan kamar lain lebih baik dipelihara daripada kamar lain misalnya di kamar lain ada pintu kaca untuk menutup lemari tapi ketika kita melihat lemari di kamar lain tidak ada pintu kaca menutupi itu ke atas contoh lain kamar lain memiliki sofa nyaman dan plumper daripada,KOMPETITOR,Bintang 4,NovotelSolo,negative,0.512775719165802,Facilities & Amenities,Facilities & Amenities (0.98); Ambience & Design (0.82); Booking & Reservation Experience (0.80)
Dini Candra D,2025,5,nyaman dan vibes jogja sekali,KOMPETITOR,Bintang 4,NovotelSolo,positive,0.9990473389625549,Room Quality & Comfort,Room Quality & Comfort (0.88); Cultural & Heritage Experience (0.82); Service Quality (0.79)
anggoro wahyudi,2025,5,fasilitas dan pelayanannya terbaik,KOMPETITOR,Bintang 4,NovotelSolo,positive,0.9994033575057983,Service Quality,Service Quality (0.99); Facilities & Amenities (0.99); Service Efficiency & Responsiveness (0.97)
Soca Adyuta,2025,5,Jawa dan antik lokasi strategis dekat dengan mobil hari gratis pelayanan ramah untuk mengangkatnya perlu upgrade,KOMPETITOR,Bintang 4,NovotelSolo,positive,0.9986811280250549,Facilities & Amenities,Facilities & Amenities (0.97); Guest Experience (0.97); Staff Conduct & Hospitality (0.95)
Rini Rica,2025,5,Di atas semua adalah kamar layanan yang baik staf semua baik membantu,KOMPETITOR,Bintang 4,NovotelSolo,positive,0.9969825148582458,Service Quality,Service Quality (1.00); Room Quality & Comfort (1.00); Facilities & Amenities (1.00)
Nuning Yuniarti,2025,5,bagus menu sarapannya jg enak2 bersih rapi cm kamar koq ndak disediain sandal yaa mana saat ndak bawa sandal apa cm kamar saya yang kelupaan ya udahlah gpp secara keseluruhan ndak nyesel nginep disini saat ada kirab budaya jadi ramai cr makan malam disekitar jg byk,KOMPETITOR,Bintang 4,NovotelSolo,positive,0.9988414645195007,"Cleanliness, Hygiene & Maintenance","Cleanliness, Hygiene & Maintenance (0.99); Service Quality (0.99); Facilities & Amenities (0.96)"
Nanang Setiawan,2025,4,lokasi strategis ditengah kota solo,KOMPETITOR,Bintang 4,NovotelSolo,positive,0.9990862607955933,Facilities & Amenities,Facilities & Amenities (0.92); Pricing & Value for Money (0.85); Safety & Security (0.85)
Nafisah Assegaf,2025,5,layanan kamar terbaik nya enakk nyaman di pertahainin yah,KOMPETITOR,Bintang 4,NovotelSolo,positive,0.9990803003311157,Service Quality,Service Quality (1.00); Guest Experience (0.99); Room Quality & Comfort (0.99)
Iis Rachman,2025,5,kamar baguuss sarapan oke buryamnya uenak,KOMPETITOR,Bintang 4,NovotelSolo,positive,0.9993228912353516,Room Quality & Comfort,Room Quality & Comfort (0.98); Service Quality (0.96); Guest Experience (0.95)
sis wanto,2025,5,Menu sarapan sangat baik layanan terbaik dari tim FB Terima kasih banyak,KOMPETITOR,Bintang 4,NovotelSolo,positive,0.9977050423622131,Service Quality,Service Quality (1.00); Food & Beverage (0.99); Guest Experience (0.98)
abu tsurayya,2025,5,kamar bersih karyawan ramah makanan sangat bervariasi hanya masalah parkir mobil saja yang mesti muter ke hotel tetangga selebihnya asyik h q q selamat tahun baru,KOMPETITOR,Bintang 4,NovotelSolo,positive,0.9984094500541687,"Cleanliness, Hygiene & Maintenance","Cleanliness, Hygiene & Maintenance (0.99); Service Quality (0.99); Facilities & Amenities (0.99)"
bode rahtomo,2025,5,kamar nyaman enak cuma untuk makanan di resto menurut saya agak kurang ya waktu di bar juga sama untuk pelayanan staf ramah ramah baik,KOMPETITOR,Bintang 4,NovotelSolo,positive,0.9776918888092041,Service Quality,Service Quality (0.97); Staff Conduct & Hospitality (0.96); Facilities & Amenities (0.95)
Budi Santoso,2025,1,Saat libur panjang kemarin saya salah buku tanggal via traveloka yang seharusnya tanggal 9 10 Mei tetapi kesalahan ke 27 28 Mei dan saya baru sadar saat sampai dilokasi hotel untuk cek masuk sekitar pukul 16.00 itu juga diberitahu resepsionis yang bertugas akhrnya kembali ke mobil dan mencari hotel lain karena memang sudah penuh di hr trsbt mencoba mengajukan permohonan pengembalian uang melalui traveloka dan hotel saya sudah meminta bantuan sampai tlpn 3x karena mmg kebijakan di buku hotel tersebut ternyata tidak dapat pengembalian uang dan di reset harapan saya pihak hotel dapat berempati untuk mengabulkan pengembalian tersebut,KOMPETITOR,Bintang 4,NovotelSolo,negative,0.9830241203308105,Booking & Reservation Experience,Booking & Reservation Experience (0.47); Complaint Handling & Service Recovery (0.37); Pricing & Value for Money (0.30)
nurrohmah abduljamil,2025,5,kebetulan kegiatan kantor sejauh ini hotelnya nyaman dan pilihan makanan banyak buat sarapan dan saat acara dengan karakteristik kota solo menu makanan agak manis buat saya yang org jawa timuran tapi sejauh ini bisa jadi alternatif pilihan menginap dikota solo dekat dengan stasiun dan pusat kota,KOMPETITOR,Bintang 4,NovotelSolo,positive,0.9986364245414734,Facilities & Amenities,Facilities & Amenities (0.99); Food & Beverage (0.92); Room Quality & Comfort (0.91)
ulfa herfiansyah,2025,4,Kami rombongann makanan habis tidak ada uang untuk semua bagus hanya pelayan harus lebih ramah dan makanan baru dari memperbaiki,KOMPETITOR,Bintang 4,NovotelSolo,negative,0.8642807006835938,Guest Experience,Guest Experience (1.00); Staff Conduct & Hospitality (0.99); Food & Beverage (0.99)
Alfinnissa 09,2025,1,mohon untuk dibenahi aturan yang tidak masuk rasional kita pengemudi online suruh lepas atribut waktu anter pesanan pelanggan sedang atribut itu sop kita dalam bekerja dan andaikata kustomer jika kasih rating kita tidak menggunakan atribut emang pihak manajemen mau menanggung,KOMPETITOR,Bintang 4,NovotelSolo,negative,0.9932156205177307,Management & Policy Issues,Management & Policy Issues (0.68); Guest Experience (0.62); Booking & Reservation Experience (0.45)
Saphira Evani,2025,4,Saya menginap di hotel ini selama satu malam untuk berlibur lobby hotel yang megah memberikan kesan pertama yang mewah staf sangat ramah dan pelayanan cek masuk cepat dan efisien kamar yang luas dan bersih dengan fasilitas lengkap seperti televisi layar datar ac minibar dan wifi gratis tempat tidur sangat nyaman memastikan tidur yang nyenyak,KOMPETITOR,Bintang 4,NovotelSolo,positive,0.9992838501930237,Staff Conduct & Hospitality,Staff Conduct & Hospitality (1.00); Service Efficiency & Responsiveness (1.00); Facilities & Amenities (1.00)
Lala Lily,2025,5,Sepanjang koridor yang saya tempat i wangi dan bersih,KOMPETITOR,Bintang 4,NovotelSolo,positive,0.9986498951911926,"Cleanliness, Hygiene & Maintenance","Cleanliness, Hygiene & Maintenance (0.99); Service Quality (0.96); Room Quality & Comfort (0.93)"
nira,2025,5,vibesnya oke bgtt dan pelayanannya ramah,KOMPETITOR,Bintang 4,NovotelSolo,positive,0.9992555975914001,Staff Conduct & Hospitality,Staff Conduct & Hospitality (0.99); Service Quality (0.99); Guest Experience (0.99)
Nabila,2025,5,sangat memuaskan felicia,KOMPETITOR,Bintang 4,NovotelSolo,positive,0.9984636306762695,"Cleanliness, Hygiene & Maintenance","Cleanliness, Hygiene & Maintenance (0.86); Facilities & Amenities (0.85); Service Quality (0.82)"
Arka Widya Udaka,2024,4,meskipun novotel solo bukan hotel baru tapi secara umum kondisinya bagus terawat resepsi ramah membantu ruang kamar cukup luas untuk kamar standar bersih untuk hotel fasilitas a l alat cukur kumis buds katun swing kit yang merupakan standar untuk hotel bintang 4 tidak tersedia di kamar mandi jadi harus ingat ke rumah menjaga sarapan makan pagi enak beragam millai dari menu lokal s d d barat lokasi strategis ditengah kota dekat dengan museum batik danar hingga istana mangkunegara pasar gede pasar triwindu pasar pasar layang stasiun ka solo balapan toko roti orion pasar klewer pusat grosir solo pgs serta macam2 tempat,KOMPETITOR,Bintang 4,NovotelSolo,positive,0.9992409944534302,Facilities & Amenities,"Facilities & Amenities (1.00); Cleanliness, Hygiene & Maintenance (1.00); Service Quality (0.99)"
Jian Almansyah,2025,5,sarapan tadi pagi oke semua staf bantu,KOMPETITOR,Bintang 4,NovotelSolo,neutral,0.9919737577438354,Service Quality,Service Quality (0.89); Food & Beverage (0.89); Service Efficiency & Responsiveness (0.86)
Muhammad Fatoni,2025,5,Pelayanan cukup baik ramah,KOMPETITOR,Bintang 4,NovotelSolo,positive,0.9841189384460449,Service Quality,Service Quality (0.99); Guest Experience (0.99); Staff Conduct & Hospitality (0.96)
Zaenal Sakse,2025,2,proses cek masuk sering telat tgl 4 mei 24 saya cek masuk jam 14 20 kamar belum siap jadi jika dihitung jam 14 00 waktu cek masuk kamar telat hampir sejam kedua kasur di kamar 415 yang kembar pingirnya kurang keras saat tidur jam 2 15 dini hari tubuh saya meluncur ke bawah dan jatuh dengan posisi lutut membentur lantai saya kemudian mengeluh ke manajer duti saudara fauzan sekitar jam 05 45 setelah dia berkomunikasi dengan atasannya novotel tidak mau memberikan kompensasi biaya rongten padahal bisa saja lutut saya kembali novotel hanya mau membayar biaya transportasi ke rs terdekat yang berarti plg cuma 20 0 an,KOMPETITOR,Bintang 4,NovotelSolo,negative,0.9979851245880127,Pricing & Value for Money,Pricing & Value for Money (0.72); Management & Policy Issues (0.67); Check in/out Experience (0.56)
kuswanto,2025,4,Sudah baik semua rekomen buat kalian yang mau tinggal,KOMPETITOR,Bintang 4,NovotelSolo,positive,0.8779798746109009,Guest Experience,"Guest Experience (0.82); Cleanliness, Hygiene & Maintenance (0.74); Loyalty, Recommendation & Appreciation (0.69)"
roni fahroni,2025,5,Saya tinggal di Novotel Solo 3 4 Juni untuk perjalanan bisnis bersama keluarga hotel dengan lokasi tengah kota dan fasilitas lengkap mudah kemana2 kamar hotel oke makanan nikmatya oke banyak variasi menu banyak hotel ramah anak2 ada 2 kolam renang dan anak sudut akhir pekan saja,KOMPETITOR,Bintang 4,NovotelSolo,positive,0.9995168447494507,Facilities & Amenities,Facilities & Amenities (0.99); Family & Group Friendly (0.97); Service Quality (0.96)
Brezto A Dewantara,2025,5,pemandangan bagus untuk hotelnya,KOMPETITOR,Bintang 4,NovotelSolo,positive,0.9992590546607971,Facilities & Amenities,Facilities & Amenities (0.94); Ambience & Design (0.93); Sustainability & Environmental Quality (0.86)
Widiyanti Purbaningsih,2024,5,superior family room lumayan luas wlpn dari luar bangunannya sudah terkesan lama tapi interiornya baru lokasinya strategis ditengah kota solo kalau minggu pagi bisa cfd swalayannya pun deket bisa jalan kaki bnyk resto dan cafe buat nongkrong yang kejangkau jalan kaki untung kolamnya ternyata ada 2 pintu keluar bisa belok kanan maupun kiri kmrn salah belok yang kiri kolamnya kurang terawat kursinya kurang yang jagapun g mau ada ternyata dikolam yang satunya klo renang lebih bagus yang belok kanan kolam lebih terawat ada peluncurannya juga sarapannya sejauh ini staycation keseluruhan paling enak dari dari,KOMPETITOR,Bintang 4,NovotelSolo,positive,0.9982637763023376,Facilities & Amenities,"Facilities & Amenities (0.72); Service Quality (0.64); Location, Accessibility & Parking (0.63)"
FD Kusnoaji,2025,4,tempatnya strategis di tengah kota solo bangunan cukup megah dengan hiasan ornamen jawa yang antik kamar cukup nyaman hanya ada beberapa peralatan yang sudah tua secara keseluruhan oke dan dianjurkan,KOMPETITOR,Bintang 4,NovotelSolo,positive,0.9970032572746277,Facilities & Amenities,Facilities & Amenities (0.96); Room Quality & Comfort (0.90); Cultural & Heritage Experience (0.60)
Andan Widi Saputra,2025,5,semuanya bagus lokasi dekat kota,KOMPETITOR,Bintang 4,NovotelSolo,positive,0.9990799427032471,Facilities & Amenities,"Facilities & Amenities (0.99); Sustainability & Environmental Quality (0.95); Cleanliness, Hygiene & Maintenance (0.92)"
Oky Nur Setyani,2025,5,terletak di pusat kota resepsionis melayani dengan baik meskipun belum waktu cek masuk kami tetap diberikan informasi mengenai ketersediaan kamar kamar juga baik luas bersih restoran ketersediaan menu variatif enak pelayanan juga baik dan ramah terima kasih novotel,KOMPETITOR,Bintang 4,NovotelSolo,positive,0.9994485974311829,Facilities & Amenities,"Facilities & Amenities (0.99); Service Efficiency & Responsiveness (0.99); Cleanliness, Hygiene & Maintenance (0.99)"
shony heriyono,2025,5,Pelayanan restoran oke buka 24 jam,KOMPETITOR,Bintang 4,NovotelSolo,positive,0.9948699474334717,Service Quality,Service Quality (1.00); Facilities & Amenities (0.98); Guest Experience (0.97)
Angeline Aprilna,2025,1,kita tinggal lama di sini 5 malam dan cukup kecewa sudah pasti tahun depan tidak akan menginap di hotel ini lagi kamar oke tapi di bawah ini sama sekali pengalaman yang tidak menyenangkan 1 kolam jorok sangat buruk hari pertama anak saya terluka kaki nya di dalam kolam 2 tambahan tempat tidur kita bayar 350rb malam bagian tengah tambahan tempat tidur melengkung masa di kasih kasur rusak selama 3 malam 3 saat melakukan pembayaran tambahan tempat tidur untuk bingung kita ambil berapa malam mengapa tidak ada di sistem hampir salah biaya dari 3 malam jadi 4 malam 4 pela buruk saat kita sampai di hotel malam hari sekitar jam 10 malam lalu menggendong anak tidur kebetulan jg mertua,KOMPETITOR,Bintang 4,NovotelSolo,negative,0.9993626475334167,Facilities & Amenities,Facilities & Amenities (0.85); Guest Experience (0.70); Pricing & Value for Money (0.62)
puchi,2024,4,hotel dengan suasana lama dan baru vibe nya hotel lama tapi kamarnya sudah baru hasil renovasi sepertinya semua pelayanan baik layaknya standar layanan sarapan novotel nya perlu upgrade gerak cepat saat tamu datang belum tersedia alat makan rasa makanan oke masih cocok dengan selera lokal hanya disajikan tidak panas kue nya jg perlu ditingkatkan secara keseluruhan jadi jadi lah ya teruskan pekerjaan yang baik,KOMPETITOR,Bintang 4,NovotelSolo,positive,0.9876835942268372,Service Quality,Service Quality (0.99); Facilities & Amenities (0.99); Service Efficiency & Responsiveness (0.96)
Arif Hidayat,2025,4,Aku tinggal di sini selama dua malam bulan lalu lokasi kamarnya bagus layanan bagus tapi sayang sarapan tidak cukup baik karena mereka menyajikan menu yang sama dua hari berturut-turut masuk jadi akan membuat Anda merasa bosan karena Anda makan menu yang sama jika tinggal lebih dari satu hari,KOMPETITOR,Bintang 4,NovotelSolo,negative,0.9524189233779907,Facilities & Amenities,Facilities & Amenities (0.99); Service Quality (0.99); Guest Experience (0.96)
tiara ayupramesti,2025,5,belum nginep sana romantis dinner nya hm,KOMPETITOR,Bintang 4,NovotelSolo,positive,0.9768823385238647,Food & Beverage,Food & Beverage (0.80); Service Quality (0.66); Cultural & Heritage Experience (0.63)
Fahmi,2025,5,Rakor pjpsda pt i pln np brantas tw ii 2025,KOMPETITOR,Bintang 4,NovotelSolo,neutral,0.998843789100647,Pricing & Value for Money,Pricing & Value for Money (0.93); Management & Policy Issues (0.72); Religious & Halal Features (0.58)
chrisna suryani,2025,5,Tidak pernah kecewa dengan novotel baik kebersihan kamar pelayanan dan sarapan yang beragam walau di daerah kuliner tetap tidak mau ketinggalan coba sarapan nya pilihan lokasi yang strategi mantul ps harus mencoba nasi goreng nya endulitaa,KOMPETITOR,Bintang 4,NovotelSolo,positive,0.9994482398033142,"Cleanliness, Hygiene & Maintenance","Cleanliness, Hygiene & Maintenance (1.00); Facilities & Amenities (1.00); Service Quality (1.00)"
Aggnes Teja,2025,5,Hotel yang dekat mana mana mana ada musim dingin ada warung kopi juga ada angkringan ada pijat refleksi di depannya kalau minggu pagi ada mobil hari gratis ada gramedia juga ada supermarket luwes juga pokoknya dekat mana mana mana,KOMPETITOR,Bintang 4,NovotelSolo,positive,0.999067485332489,Facilities & Amenities,"Facilities & Amenities (0.99); Service Efficiency & Responsiveness (0.92); Location, Accessibility & Parking (0.90)"
Satriyo Adi,2025,5,cukup menarik dikategorilan sebagai hotel lama karena masih memegang interior jawa jaman dulu dengan musik jawa tradisional layanan masih dengan kualitas tinggi ala sekolah lama lokasi sangat strategis dekat dengan tempat kuliner pokoke enak dah,KOMPETITOR,Bintang 4,NovotelSolo,positive,0.9988162517547607,Service Quality,Service Quality (0.99); Facilities & Amenities (0.98); Cultural & Heritage Experience (0.89)
Nick Choi,2025,3,tua tapi berharga akan lebih baik jika beberapa poin ditingkatkan 1 suite kamar hanya 1 2jt 2 kamar nyaman 3 sarapan adalah menyesatkan 4 meja tidak cukup bersih 5 tidak tersenyum ketika memeriksa masuk,KOMPETITOR,Bintang 4,NovotelSolo,negative,0.9985305070877075,Facilities & Amenities,Facilities & Amenities (0.99); Pricing & Value for Money (0.97); Guest Experience (0.87)
Pinsara De Silva,2025,5,Mey sangat baik memberikan layanan yang baik,KOMPETITOR,Bintang 4,NovotelSolo,positive,0.9882519841194153,Service Quality,Service Quality (1.00); Guest Experience (0.99); Service Efficiency & Responsiveness (0.94)
Happy Mayorita,2025,5,Tidak ada harapan ketika saya datang ke properti ini karena saya hanya memeriksa masuk untuk tujuan bisnis masuk solo meskipun saya membawa keluarga saya bersama tetapi dari saat saya melangkah ke lobi sampai saya memeriksa keluar saya disambut dengan layanan yang sangat hati-hati dan hati-hati masuk pengalaman ruang makan yang sempurna sebagai makanan dikirim masuk kurang dari 45 menit dan harga benar-benar wajar pengalaman sarapan adalah besar kolam renang adalah tenang dan baik disimpan semuanya sempurna bahkan staf menempatkan ekstra perawatan dan menjadi sangat perhatian untuk bayi saya 4 bulan itu meleleh hati saya pasti,KOMPETITOR,Bintang 4,NovotelSolo,positive,0.9982922673225403,Service Efficiency & Responsiveness,Service Efficiency & Responsiveness (1.00); Service Quality (1.00); Check in/out Experience (1.00)
Salma,2023,3,lokasi surakarta di tengah perkotaan surakarta ambience hotel ini tergolong bukan hotel yang modern ya terlihat jelas dari interiornya beberapa masih seperti hotel tradisional ambiencenya selama cek masuk nyaman wangi dan tentram kamar kamar hotelnya tidak terlalu menarik seperti kamar jaman dulu kamar mandinya pun dari mulai tembok pakai model keramik dulu saya kurang suka kesannya horor pelayanan baik sekali mas mba nya ramah saya sempat pergi juga disana dan saya titip kan ke resepsionisnya mereka terima dan amanah untuk mengembalikan ke saya pelayanan kafe saat sarapan sedikit mengecewakan jadi pada saat saya menginap di sana juga sedang ada kunjungan dari pemerintah atau,KOMPETITOR,Bintang 4,NovotelSolo,positive,0.9786852598190308,Service Quality,Service Quality (0.96); Staff Conduct & Hospitality (0.93); Check in/out Experience (0.89)
Sugeng Wiyono,2025,4,Secara keseluruhan hotel ini menawarkan lokasi yang bagus kamar bersih dan nyaman serta fasilitas yang sangat baik namun ada beberapa aspek yang dapat ditingkatkan terutama keramahan staf malam salah satu sorotan adalah musik gamelan hidup masuk pagi dan kehadiran toko souvenir di dalam ruang hotel pemandangan kota dari kamar-kamar itu menyenangkan meskipun sedikit tercemar oleh pemandangan gudang di belakang hotel yang dapat mengganggu,KOMPETITOR,Bintang 4,NovotelSolo,positive,0.9970032572746277,Facilities & Amenities,"Facilities & Amenities (1.00); Cleanliness, Hygiene & Maintenance (0.99); Staff Conduct & Hospitality (0.98)"
mayophia angels2,2025,5,makanan enak pelayanan oke,KOMPETITOR,Bintang 4,NovotelSolo,positive,0.9986894726753235,Service Quality,Service Quality (1.00); Guest Experience (0.96); Staff Conduct & Hospitality (0.92)
Rufi Luvi,2025,4,bersih tapi kasurnya aga sempit kalau buat berdua yang dulux depan hotel ada swalayan,KOMPETITOR,Bintang 4,NovotelSolo,positive,0.9668786525726318,Service Quality,"Service Quality (0.91); Cleanliness, Hygiene & Maintenance (0.80); Facilities & Amenities (0.73)"
awan nugroho,2024,5,hotel ini memiliki beberapa keunggulan dan kekurangan yang dapat Anda pertimbangkan berikut adalah beberapa poin yang ulasan hotel novotel di kota solo adalah hotel bintang empat yang terletak di pusat kota dekat dengan pusat perbelanjaan pasar tradisional dan tempat wisata hotel ini menawarkan kamar yang luas dan kontemporer dengan fasilitas seperti ac layar televisi datar minibar dan brankas hotel ini juga memiliki pusat bisnis ruang rapat dan balai kota yang cocok untuk berbagai acara tamu hotel dapat menikmati kolam renang luar ruangan pusat kebugaran restoran dan bar staf hotel ramah dan membantu dan memberikan layanan kamar dan concierge hotel ini ramah lingkungan dan ramah anak anak beberapa kekurangan hotel ini,KOMPETITOR,Bintang 4,NovotelSolo,positive,0.9955558180809021,Facilities & Amenities,Facilities & Amenities (1.00); Guest Experience (0.94); Family & Group Friendly (0.85)
Adam Bakhtiar,2024,4,meskipun kami hanya menghabiskan satu malam tapi itu adalah pengalaman yang hebat fasilitas yang baik dan layanan yang sangat baik masuk pagi kami menikmati musik tradisional jawa masuk lobi sambil menunggu keluarga saya priof untuk sarapan lokasi yang bagus sarapan pasti akan kembali lagi ke hotel ini suatu hari hotel ini juga anak-anak ramah terutama masuk kolam renang,KOMPETITOR,Bintang 4,NovotelSolo,positive,0.9989922642707825,Facilities & Amenities,Facilities & Amenities (1.00); Service Quality (1.00); Guest Experience (0.99)
Rima Ari susanti,2024,5,kamarnya bersih penataannya membuat nyaman dan rumah kamar mandi juga bersih handuk dan keset disediakan kecuali sandal oleh permintaan ada kulkas kecil lemari yang cukup ruang meja dan kursi yang nyaman tempat parkir cukup luas kolam renangnya jg cukup luas yang paling penting pelayanannya ramah banget setiap bertemu staf pasti disapa dengan tersenyum lebar ingin kembali ke sini lagi jika harus tinggal di solo,KOMPETITOR,Bintang 4,NovotelSolo,positive,0.9994475245475769,"Cleanliness, Hygiene & Maintenance","Cleanliness, Hygiene & Maintenance (1.00); Facilities & Amenities (1.00); Service Quality (0.99)"
Akun Incognito,2024,3,kami tiba pada malam hari 08:00 pm dan memesan kamar non merokok namun saat pertama masuk kami mencium bau rokok petugas sudah datang menyemprot pengharum di sudut ruangan namun kami khawatir bau akan muncul lagi saya menelepon resepsionis dan meminta kamar ganti namun mereka tidak dapat memindahkan kami dengan alasan seluruh kamar sudah penuh nyatanya saat besok pagi kami melihat banyak kamar yang kosong jika ingin pakaian cuci sepertinya harus memberi informasi kepada petugas sebab pakaian kotor yang telah kami masukkan ke kantong cuci dengan uang cuci di atasnya sesuai tarif tidak diproses saat kami meninggalkan kamar mereka hanya melakukan perapi,KOMPETITOR,Bintang 4,NovotelSolo,negative,0.991510272026062,Booking & Reservation Experience,Booking & Reservation Experience (0.94); Check in/out Experience (0.79); Guest Experience (0.74)
ay ha,2025,5,untuk sarapan nya enak dan lumayan bervariasi dan melihat nya yang enak,KOMPETITOR,Bintang 4,NovotelSolo,positive,0.9985604882240295,Food & Beverage,Food & Beverage (0.88); Family & Group Friendly (0.74); Service Quality (0.72)
Rizka Ayu Fardani,2023,4,menginap di sini dalam rangka bimtek yang diselenggarakan kemnaker lokasi mudah dijangkau dari pusat kota kamar nyaman walaupun kartu akses yang bisa dipakai hanya 1 kamar cukup luas ada sofa dan sidetable nya kamar mandi bersih walaupun fasilitas hanya disediakan untuk 1 orang yang menginap sekamar berdua pintu kamar mandi agak seret di ujung dan putaran mandi agak menyulitkan saya pada awalnya tersedia pengering rambut di kamar mandi pertemuan kamar cukup luas akses mudah baik melalui lift maupun tangga tersedia di dekat kamar rapat maupun lobi toilet walopun saat saya ke toilet keretau ini diganggu mahluk halus atau emangannya bermasalah,KOMPETITOR,Bintang 4,NovotelSolo,positive,0.9989091157913208,Facilities & Amenities,Facilities & Amenities (0.98); Guest Experience (0.93); Service Quality (0.92)
T E. S.,2025,3,kamar sudah tua bercak hitam dimana2 di lantai kamar dan kamar mandi sudah waktunya pembaruan lantai angkat sudah waktunya ganti 14 30 kamar belum siap saluran tv nasional tidak lengkap cuma grup mn saja sarapan biasa saja rasa dibawah ekspektasi,KOMPETITOR,Bintang 4,NovotelSolo,negative,0.9968551397323608,Facilities & Amenities,Facilities & Amenities (0.87); Guest Experience (0.53); Food & Beverage (0.51)
Jeki Sri harmoko,2025,5,menu sarapan komplit pelayanan bagus,KOMPETITOR,Bintang 4,NovotelSolo,positive,0.9993213415145874,Service Quality,Service Quality (1.00); Food & Beverage (0.99); Guest Experience (0.97)
Komang Anggun Saraswati,2025,5,bagus cepat dan bersih nyaman,KOMPETITOR,Bintang 4,NovotelSolo,positive,0.9992430210113525,"Cleanliness, Hygiene & Maintenance","Cleanliness, Hygiene & Maintenance (0.99); Service Quality (0.98); Service Efficiency & Responsiveness (0.98)"
ratnavilla Rahayu,2024,5,tempatnya strategis dekat dengan stasiun pelayanan kamarnya bagus kbtulan dlantai 5 view nya menghadap gunung dapet pemandangan matahari makanannya bervariasi rasanya jga lumayan untuk housekeepingnya jga oke area renangnya jga bisa untuk anak2,KOMPETITOR,Bintang 4,NovotelSolo,positive,0.9622560143470764,Facilities & Amenities,Facilities & Amenities (0.98); Service Quality (0.92); Guest Experience (0.91)
pranata,2025,5,ruang nyaman dan makanan lezat mei,KOMPETITOR,Bintang 4,NovotelSolo,positive,0.9983178377151489,Facilities & Amenities,Facilities & Amenities (1.00); Room Quality & Comfort (0.99); Ambience & Design (0.98)
Nurul Fajriah,2025,5,tempatnya strategis aksesnya mudah kemana mana mana mana mana serius cek saja gmaps mudah banget kalau mau ke tempat legenda atau resto legenda di solo kamar hotel yang bersih dan juga nyaman untuk sarapan juga enak tapi alangkah baiknya jika menu khas solonya lebih bervariasi hehe staf hotel dan restonya juga ramaah pokoknya jadi salah satu rekomendasi hotel di solo,KOMPETITOR,Bintang 4,NovotelSolo,positive,0.9993970394134521,Room Quality & Comfort,Room Quality & Comfort (0.94); Service Quality (0.93); Facilities & Amenities (0.90)
Maria Magdalena,2025,4,lokasi strategis di tengah kota dekat berbagai tempat makan hotelnya bersih pelayanannya jg bagus mungkin yang perlu ditingkatkan jika mau masuk keluar hotel tidak ada satpam yang membantu,KOMPETITOR,Bintang 4,NovotelSolo,positive,0.9983362555503845,Service Quality,"Service Quality (0.99); Facilities & Amenities (0.98); Cleanliness, Hygiene & Maintenance (0.95)"
teeyess collate,2025,5,lokasi dekat dengan cs kak mungkin supel dan care,KOMPETITOR,Bintang 4,NovotelSolo,positive,0.9926196932792664,Service Efficiency & Responsiveness,"Service Efficiency & Responsiveness (0.79); Cleanliness, Hygiene & Maintenance (0.75); Facilities & Amenities (0.75)"
soesi S Djono,2025,5,Hotel lama lokasi strategis kebersihan kamar perlu ditingkatkan byk debu di kolong fo perlu lebih ramah dan membantu tinggal april ini lumayan tinggal desember kmrn jam 5 sore kamar belum siap terlalu buruk untuk novotel,KOMPETITOR,Bintang 4,NovotelSolo,negative,0.9210164546966553,Facilities & Amenities,"Facilities & Amenities (0.99); Cleanliness, Hygiene & Maintenance (0.98); Sustainability & Environmental Quality (0.95)"
Imam Mashudi,2025,5,makanan enak dan higienis restoran bagus pelayanan mantap,KOMPETITOR,Bintang 4,NovotelSolo,positive,0.9991598129272461,Service Quality,"Service Quality (1.00); Cleanliness, Hygiene & Maintenance (0.99); Service Efficiency & Responsiveness (0.98)"
Mus 'ab,2024,5,hotel dengan pelayanan prima patut dikunjungi ketika berkunjung ke solo petugas ramah komunikatif dan cekatan dalam membantu pelanggan staf di bagian makanan juga cekatan dalam menyediakan makanan yang habis segera diisi enak dan cocok dilidah semua hidangannya kamar luas nyaman dan bersih serta tidak pengap ketika awal masuk kamar padahal di hotel lain biasa ketika mau masuk kamar pasti sedikit pengap terima kasih atas pelayanan yang telah diberikan penghormatan terbaik,KOMPETITOR,Bintang 4,NovotelSolo,positive,0.999107301235199,Staff Conduct & Hospitality,Staff Conduct & Hospitality (1.00); Facilities & Amenities (1.00); Service Quality (0.99)
Theodores Eko Rachmatdiono,2025,5,Hotel bagus layak harganya tapi tolong perbaiki kamar AC,KOMPETITOR,Bintang 4,NovotelSolo,positive,0.9365833401679993,Pricing & Value for Money,Pricing & Value for Money (0.98); Facilities & Amenities (0.94); Guest Experience (0.80)
dewi handadari,2025,4,sudah 3 kali menginap untuk keperluan kantor biasanya sarapannya enak tapi kemarin saat sahur bener2 minimalis cuma ada roti puding dengan rasa alakadar buah baru semangka pepaya sosis telur dan menu prasmanan standar mie daging dan cah jagung muda rawon yang isinya daging 2 suwir bukan 1 iris dan telur asin 1 12 bagian sandal dan fasilitas juga sekarang harus mengubungi pihak hotel alhamdulillah sih kamar nya bersih dlu dan nyaman,KOMPETITOR,Bintang 4,NovotelSolo,positive,0.996941864490509,Facilities & Amenities,"Facilities & Amenities (0.93); Cleanliness, Hygiene & Maintenance (0.81); Service Quality (0.81)"
Yusuf Khair,2025,5,hotel yang dipadu padankan dengan suasana kuno dan modern resepsi sangat ramah cekatan dan responsif seluruh pegawai hotel sangat ramah dan suasana hangat kamar sangat dingin dan fasilitas hangat tidak perlu diragukan lagi hanya saja menu sarapan yang kurang variatif hotel yang ngangenin,KOMPETITOR,Bintang 4,NovotelSolo,positive,0.9982755184173584,Facilities & Amenities,Facilities & Amenities (0.98); Service Efficiency & Responsiveness (0.97); Staff Conduct & Hospitality (0.96)
Nugroho Haris,2025,5,tempat menginap yang nyaman dan tenang di tengah kota solo kamar bersih dan nyaman sarapan paginya enak,KOMPETITOR,Bintang 4,NovotelSolo,positive,0.9993508458137512,Facilities & Amenities,"Facilities & Amenities (0.99); Room Quality & Comfort (0.99); Cleanliness, Hygiene & Maintenance (0.99)"
Serana_,2025,5,pelayanan ramah restonya bersih,KOMPETITOR,Bintang 4,NovotelSolo,positive,0.9992220401763916,Service Quality,"Service Quality (0.99); Cleanliness, Hygiene & Maintenance (0.99); Guest Experience (0.98)"
Stephanie Avila,2025,3,Saya bermalam dihtl ini 1 malam 10 11 Februari 24 untuk kamar ya emang hotel lama gorden sobek2 jg tidak diganti terkesan menyedihkan lalu pakaian suami saya tertinggal emang kaos nya tapi ada nilai sentimenilnya bagi kami saat sampai sby kami tersadar segera menelepon hotel besoknya dikabari bhw tidak ada pdhl kami yakin kaos ditaruh kursi dan saat itu emang ada asisten housekeeping yang lagi bersih2 kamar depan jika pihak hotel berada baik seharusnya dengan mudahnya mengecek staf yang sdg bertugas karena tidak mgknnya kaos minggat keluar kamar,KOMPETITOR,Bintang 4,NovotelSolo,negative,0.9839402437210083,Service Quality,"Service Quality (0.79); Service Efficiency & Responsiveness (0.68); Cleanliness, Hygiene & Maintenance (0.61)"
bambang handana,2024,4,Saat tinggal dihotel sedang renovasi pengecatan hotel hotel dengan bangunan lama dalam lokasi ada dua hotel kamar lmyn luas cm y agak berdebu slh satu ranjang ada yang patah kakinya untuk lokasi memang bagus dkt dengan akses ke tmpt wisata dan kuliner seperti soto triwindu dan pasar triwindu jg pasar gede pasar kembang dsb mmg hotel ini sudah waktunya banyak meningkatkan dari segi bangunan dan dalam kamarnya semoga dengan naiknya pariwisata di solo semakin baik oia menu sarapan dan lengkap sesuai dengan bintang lidah baru rasa ya kurang kalau buat saya semakin maju novotel disaat gempuran hotel di solo semakin banyak dengan fasilitas,KOMPETITOR,Bintang 4,NovotelSolo,positive,0.9921240210533142,Facilities & Amenities,"Facilities & Amenities (0.90); Location, Accessibility & Parking (0.84); Food & Beverage (0.81)"
Hartina Nugrahani,2023,5,Saya sekeluarga saya suami dan 2 anak sd menginap 1 malam di novotel solo reservasi melalui website dengan memilih kamar keluarga tanpa sarapan kami sampai di hotel pukul 10 pagi konfirmasi pemesanan lalu kami menitipkan koper sebelum memeriksa masuk petugas resepsionis ramah dan sangat membantu lalu kami berjalan2 keliling solo saat memeriksa masuk kami dapat kamar nomor 823 di lantai teratas view kota solo terlihat dari kamar bersih tangan bersih bersih spray dan linen bersih semua peralatan dalam keadaan normal tanpa kerusakan cuma satu saja puteran keran mandi berat buat saya dan anak air hangat mengalir lancar dengan menunggu beberapa menit untuk jadi,KOMPETITOR,Bintang 4,NovotelSolo,positive,0.9865243434906006,Booking & Reservation Experience,Booking & Reservation Experience (0.98); Service Efficiency & Responsiveness (0.98); Family & Group Friendly (0.98)
Ari Sigit,2025,4,pelayanan ramah baik keamanan cs tempat makan dll kamar sesuai dengan kelas dan anggaran yang dikeluarkan,KOMPETITOR,Bintang 4,NovotelSolo,positive,0.9949027299880981,Pricing & Value for Money,Pricing & Value for Money (0.99); Service Quality (0.98); Facilities & Amenities (0.98)
Erlina Diyahk,2025,5,tempatnya mudah dijangkau pelayanan bagus kamar bersih dan luas makanan enak2 dan bervariasi suka nasi gorengnya semua jenis buburnya cocok untuk acara pertemuan dan liburan keluarga,KOMPETITOR,Bintang 4,NovotelSolo,positive,0.999534010887146,Facilities & Amenities,Facilities & Amenities (1.00); Family & Group Friendly (1.00); Service Quality (1.00)
Haldoko Koko,2025,4,kamar bagus bersih walau hotel tua minus kan saya buku kamar paket perawatan ibu ya masih dikasih kamar di lantai merokok hehehe kedua tolong petugas loby keamanan perhatiin depan lobi itu kan jalannya sempit kalau ada mobil berhenti lama otomatia antrian panjang sabtu 18 mei 2024 ada orang nyaris baku hantam lho terus keamanan bilang parkir penuh suruh parkir di p3 ditanya ancer ancer yang jelas cuma bilang belok kiri di lampu merah makanan kurang sip hotel accor yang lain sarapanya lebih baik,KOMPETITOR,Bintang 4,NovotelSolo,negative,0.9877709150314331,"Location, Accessibility & Parking","Location, Accessibility & Parking (0.90); Safety & Security (0.78); Service Quality (0.73)"
Abdiel Marvega Shindutirta,2025,5,Tempat yang tenang masuk di tengah jalan Slamet Riadi yang ramai lokasi yang bagus tidak berdebat dengan itu hal terbaik jika Anda mengunjungi hotel ini pada hari Minggu adalah Anda dapat menikmati mobil hari gratis sepanjang jalan Slamet Riadi meskipun hotel sedikit tua saya mungkin mengatakan bahwa pemeliharaan berjalan baik Anda dapat menemukan usia tua tetapi masih bersih layanan selalu bagus staf s baik membantu jumlah pilihan makanan besar tapi saya mungkin mengatakan kualitas hanya oke tapi nasi goreng segar layak untuk mencoba review umum makanan tujuh lima sepuluh suasana sembilan sepuluh layanan sembilan sepuluh kebersihan,KOMPETITOR,Bintang 4,NovotelSolo,positive,0.9990750551223755,"Cleanliness, Hygiene & Maintenance","Cleanliness, Hygiene & Maintenance (1.00); Facilities & Amenities (0.99); Service Quality (0.99)"
Rian Rinaldi,2024,5,kamar yang kami telah membutuhkan beberapa perbaikan seperti lantai kayu n sofa tetapi secara keseluruhan itu memuaskan staf sangat ramah dan responsif termasuk ketika kami memiliki kebocoran dari AC outlet itu tidak membutuhkan lebih dari 5 menit untuk para insinyur untuk datang n memperbaiki masalah saya benar-benar mencintai keramahan mereka dua jempol ke atas,KOMPETITOR,Bintang 4,NovotelSolo,positive,0.9965433478355408,Staff Conduct & Hospitality,Staff Conduct & Hospitality (1.00); Service Efficiency & Responsiveness (1.00); Facilities & Amenities (1.00)
Anugrah Teknik,2025,5,nyaman dan pelayanannya ramah,KOMPETITOR,Bintang 4,NovotelSolo,positive,0.9993513226509094,Service Quality,Service Quality (0.99); Facilities & Amenities (0.98); Service Efficiency & Responsiveness (0.98)
Imae Imaey,2024,5,kamarnya lumayan besar kami sekeluarga berlima pun masih cukup dan luas udara hangat langsung dari pancuran apa itu namanya ya itulah pkoknya hehehe pertama kali datang ada masalah dengan kunci kamar tapi petugas hotel slalu gercep trm kasih atas servisnya untuk tamu seperti kami makanannya bwanyak macamnya dan enak enak semua kolamnya samping resto jadi menikmati sarapan dengan pemandangan indah tq novotel solo kali lain akan kembali lg hotel yang dianjurkan untuk liburan keluarga tq,KOMPETITOR,Bintang 4,NovotelSolo,positive,0.9994238615036011,Service Quality,Service Quality (0.98); Staff Conduct & Hospitality (0.98); Service Efficiency & Responsiveness (0.95)
Iwan Candra,2025,5,pelayanan bagus makanannya berbariasi dan rasanya enak terutama nasi gorengnya mantap rasanya hotelnya dan kamarnya bersih hotelnya sangat nyaman tempatnya strategis kali lain akan nginap disini lagi,KOMPETITOR,Bintang 4,NovotelSolo,positive,0.9995114803314209,Service Quality,"Service Quality (1.00); Facilities & Amenities (0.99); Cleanliness, Hygiene & Maintenance (0.99)"
Imam Wicaksono,2023,1,Saya psan 4 kamar untuk keluarga pada 9 Mei 22 sblm c masuk saya konfirmasi dan sdah bisa c masuk ketika datang proses c masuk lama sekali kami baru bisa masuk kamar pukul 14 45 45 menit menunggu di lobi kamar 316 dan 318 udara masuk melalui jendela saat hujan menggenang sampai ke bawah kasur semua fasilitas di kamar barang Anda membutuhkan penyegaran agar kamar tidak terlihat menggunakan sarapan pagi saya tanya melalui tlp jam berapa siap disantap jawab pukul 06 saat resto sdah buka dan mulai didatangi pengunjung menu2 buffe dingin semua saya tidak jadi makan nasi goreng yang sedang di masak agar pagi,KOMPETITOR,Bintang 4,NovotelSolo,negative,0.977209210395813,Facilities & Amenities,Facilities & Amenities (0.89); Check in/out Experience (0.69); Service Quality (0.61)
sigma citta,2025,5,pelayanan baik kamar nyaman dan bersih,KOMPETITOR,Bintang 4,NovotelSolo,positive,0.9988465309143066,"Cleanliness, Hygiene & Maintenance","Cleanliness, Hygiene & Maintenance (1.00); Room Quality & Comfort (1.00); Facilities & Amenities (0.99)"
Faruq el,2025,5,mantan sipp dah dengan mbak felicia,KOMPETITOR,Bintang 4,NovotelSolo,neutral,0.8028960227966309,"Loyalty, Recommendation & Appreciation","Loyalty, Recommendation & Appreciation (0.72); Sustainability & Environmental Quality (0.59); Cleanliness, Hygiene & Maintenance (0.56)"
Nurningsih Purnamawati,2025,5,resto nya enak pelayanannya okee terbaik,KOMPETITOR,Bintang 4,NovotelSolo,positive,0.9986125230789185,Service Quality,Service Quality (0.99); Food & Beverage (0.94); Guest Experience (0.94)
Thallyta Kharenina Wibowo,2025,5,hotel dengan lokasi yang sangat strategis di pusat kota solo masih eksis hingga saat ini sejak saya kecil pelayanan dan pengalaman menginap di sini selalu menyenangkan,KOMPETITOR,Bintang 4,NovotelSolo,positive,0.9989007711410522,Facilities & Amenities,Facilities & Amenities (0.99); Guest Experience (0.99); Staff Conduct & Hospitality (0.98)
bambang supriyanto,2025,5,suasana yang hangat ramah,KOMPETITOR,Bintang 4,NovotelSolo,positive,0.9975740313529968,Room Quality & Comfort,Room Quality & Comfort (0.98); Guest Experience (0.96); Family & Group Friendly (0.93)
Neni Wardana,2023,5,lokasinya sih yang paling juara mudah aksesnya dan deket kemana mana klo mau cari makan ke alamama sate pak manto bakso kadipolo cukup jalan kaki saat cek masuk menunggu lama tapi karena kami memang datang jam 1 hampir 45 menit baru dikasih kunci itupun setelah kami tanyakan lagi ada deposit 200rb saat cek masuk dan bisa diambil kembali saat cek keluar untuk kamarnya oke lah meskipun suara ac agak berisik dan korden terlihat kotor sikat gigi juga hanya 1 agak biasanya dimana mana disediakan 2 untung bawa sendiri karena kami hanya membayar tambahan sarapan 100rb dan paket menunya lumayan banyak pilihan rasanya,KOMPETITOR,Bintang 4,NovotelSolo,positive,0.9962798953056335,Service Quality,"Service Quality (0.96); Facilities & Amenities (0.95); Location, Accessibility & Parking (0.91)"
Yusa Novi,2025,5,Kamar bersih dari debu kamar mandi kering disediakan handuk besar tv berfungsi dengan baik saluran dapat diakses ac senyap tidak berisik tempat tidur bersih tidak ada noda disediakan mini bar sarapan gratis buat dua anak di bawah 16 tahun masukan 1 mandi yang membuat mandi pada mampet setelah saya membersihkan udara bisa tidak sempurna 2 parkir di tempat parkir,KOMPETITOR,Bintang 4,NovotelSolo,positive,0.9856213927268982,Facilities & Amenities,"Facilities & Amenities (0.99); Service Quality (0.98); Location, Accessibility & Parking (0.98)"
audy tirta,2024,2,lokasi tepat dipusat kota tim layanan pelanggan yang baik tapi tidak seperti novotel di kota negara lain yang di solo ini sudah tua perlu banyak update contohnya saya terpaksa meminta ganti kamar karena mau masuk kamar saja kuncinya rusak hahahaha setelah dipindah kekamar baru slot pintu jg tidak ada patah tempat tisu toilet hilang penahannya c mon accor benar-benar,KOMPETITOR,Bintang 4,NovotelSolo,negative,0.5008582472801208,Service Quality,Service Quality (0.99); Guest Experience (0.86); Facilities & Amenities (0.77)
FYASKA,2025,4,tahun ini aku solo coba tinggal di novotel solo pertama masuk mayan sih lokasinya dengan jalan utama jln slamet riyadi suasana bagus klasik cmn kurang luas ya untuk bf kurang variasi dan biasa saja menu baru tapi dibandingkan dengan aston aku lebih suka di novotel lebih nyaman kolam renang lebih bagus tempat bf juga nyaman oiya mungkin harus masuk untuk siaran tv kabelnya yang bagus donk kok masih buram dan kurang jernih overall aku nyaman dengan hotel ini bisa jadi pilihan klo aku solo,KOMPETITOR,Bintang 4,NovotelSolo,positive,0.9983422756195068,Facilities & Amenities,Facilities & Amenities (0.96); Food & Beverage (0.91); Ambience & Design (0.80)
Adin,2024,5,Aku pesan kamar keluarga hotelnya mewah tapi kamarnya tidak banyak jadi wajar saja selalu dijual keluar hotel ini juga sering dipakai pejabat dan artis katanya menu sarapannya enak aku tidak sarapan disini sih aku mendapatkan harga 834k dapet minuman selamat datang juga jika mau check masuk sebelum jam 2 bisa dengan syarat harus daftar jadi anggota ini gratis ya ada kolam juga di belakang,KOMPETITOR,Bintang 4,NovotelSolo,positive,0.9574977159500122,Food & Beverage,Food & Beverage (0.97); Facilities & Amenities (0.94); Pricing & Value for Money (0.90)
Muhamad Rois,2024,4,beberapa kali menginap di novotel makananya enak tapi terakhir menginap rasanya b saja dan stafnya nya juga banyak yang baru stafnya nya fo resto dll ramah2 komplimen untuk anggota sangat lengkap disini ada cemilan balungan ketek atau apa ya itu itu enak banget keripik singkong pedas manis secara keseluruhan di sini saya nyaman tapi untuk menu sarapan mungkin bisa ditingkatkan rasanya da mie ayam saya lebih suka ayam saya wonogiri daripada ayam saya krispi atau apalah itu namanya,KOMPETITOR,Bintang 4,NovotelSolo,positive,0.9988629817962646,Staff Conduct & Hospitality,Staff Conduct & Hospitality (0.97); Family & Group Friendly (0.97); Facilities & Amenities (0.95)
Kikita Yoshehana,2024,4,kamar cukup bersih walaupun bangunan dan interior sudah cukup tua dan sepertinya perlu pengecatan ulang layanan baik karyawan hotel juga ramah sarapan cukup variatif banyak makanan tradisional dan rasanya enak menu favorit saya adalah nasi goreng yang dimasak sesuai pesanan mengejutkan sangat lezat akses dari hotel ke mana mana juga dekat,KOMPETITOR,Bintang 4,NovotelSolo,positive,0.9988331198692322,"Cleanliness, Hygiene & Maintenance","Cleanliness, Hygiene & Maintenance (1.00); Staff Conduct & Hospitality (1.00); Facilities & Amenities (1.00)"
Listy Pamungkas,2023,3,kau angkat sudah usur pintu sering sulit ditutup di lt 3 kunci kamar bermasalah sempat bolak balik ke lobi lebih dari 2 kali sofa di dalam kamar bentuknya normal tapi dipakai duduk jeblos semua di dua kamar lt 3 dan lt 8 untung kasurnya masih bagus di kamar tidak ada buku petunjuk fasilitas yang ada di hotel cara menggunakan telepon bahkan di pesawat telepon tidak ada petunjuk kode pesawat ke kamar layanan operator meja depan cek masuk sudah jam 16 tahun tapi masih menunggu lamaa alhamdulillah makanannya bagus,KOMPETITOR,Bintang 4,NovotelSolo,negative,0.9872012138366699,Facilities & Amenities,Facilities & Amenities (0.68); Service Quality (0.66); Check in/out Experience (0.59)
Purple Dulu,2025,5,fasilitas lengkap banget mantap,KOMPETITOR,Bintang 4,NovotelSolo,positive,0.9994637370109558,Service Quality,Service Quality (0.97); Facilities & Amenities (0.95); Service Efficiency & Responsiveness (0.84)
Maulida Afifah,2025,5,tempatnya strategis aksesnya mudah kemana mana mana kamar hotel yang bersih dan juga nyaman pelayanannya sangat ramah untuk menu restu juga enak pokoknya jadi salah satu rekomendasi hotel di solo,KOMPETITOR,Bintang 4,NovotelSolo,positive,0.9994753003120422,Facilities & Amenities,Facilities & Amenities (1.00); Room Quality & Comfort (1.00); Service Efficiency & Responsiveness (0.99)
Budi Triswanto,2024,4,Saya menginap untuk perjalanan bisnis untuk satu malam pada tanggal 29 Oktober 2023 secara keseluruhan novotel solo sangat baik namun sepertinya perlu perbaikan lagi mandi dan udara panas kurang optimal saat memeriksa masuk dinihari dan lelah berkendara dari jakarta mandi udara panas adalah mimpi sayangnya udara kurang panas,KOMPETITOR,Bintang 4,NovotelSolo,negative,0.9383002519607544,Facilities & Amenities,Facilities & Amenities (0.97); Check in/out Experience (0.89); Guest Experience (0.81)
Aditya,2025,5,kamarnya luas dan bersih merasa sangat nyaman disini pelayanan ramah akan menjadi pilihan lagi saat ke solo,KOMPETITOR,Bintang 4,NovotelSolo,positive,0.9993603825569153,Facilities & Amenities,Facilities & Amenities (0.99); Room Quality & Comfort (0.99); Guest Experience (0.99)
Ferina wiji astuti,2025,5,Mereka pasti memiliki tinggal yang menyenangkan di sini hotel yang sangat baik terletak masuk di tengah jantung Solo keramahan mereka 10 keluar dari 10 mereka memiliki banyak makanan yang beragam untuk menikmati selama sarapan dan disajikan berbeda setiap hari,KOMPETITOR,Bintang 4,NovotelSolo,positive,0.9994107484817505,Service Quality,Service Quality (0.99); Facilities & Amenities (0.98); Guest Experience (0.98)
Lya Lya,2023,4,layanan kurang memuaskan satpam yang kurang sigap saat mau parkir saya datang tidak ada bel boy jadi harus dipanggil dulu dan itu pun satpam yang membantu kami room service yang tidak 24 jam agak merepotkan untuk yang datang malam san belum makan malam menelfon penerima rumah menjaga pun sulit lama sekali sampai beberapa kali telepon baru ada petugas yang mengangkat telepon makanannya enak enak kamar bersih petugas di tempat prasmanan ramah itu saja yang perlu diperbaiki terima kasih,KOMPETITOR,Bintang 4,NovotelSolo,negative,0.7761809825897217,Staff Conduct & Hospitality,Staff Conduct & Hospitality (0.80); Guest Experience (0.60); Service Quality (0.59)
Fadhila Alfany,2025,5,lokasi strategis jalan jalan ke landmark kota solo deket harga murah kalau tidak saat hari liburan nasional setiap pagi selalu disediakan teh panas maupun dingin di lobi hotel rabu pagi ada hiburan gamelan khas solo yang tentunya menghibur pengunjung jika ke solo pasti saya akan datang lagi cuma minusnya ada kamar dengan smart tv dan ada juga yang masih tv biasa seharusnya untuk harga segitu semua sudah bisa smart tv dan akses gratis netflix,KOMPETITOR,Bintang 4,NovotelSolo,positive,0.9986586570739746,Facilities & Amenities,Facilities & Amenities (0.81); Pricing & Value for Money (0.75); Cultural & Heritage Experience (0.73)
Fransiska Agatha,2024,5,semuanya baik layanan kamar dan lokasinya jg strategis makanan sarapan beraneka ragam dan viewnya ada yang ke kolam renang parkirannya agak ngepas sih tapi masih muat secara keseluruhan baik semuanya,KOMPETITOR,Bintang 4,NovotelSolo,positive,0.9990267753601074,Facilities & Amenities,"Facilities & Amenities (1.00); Location, Accessibility & Parking (1.00); Service Quality (0.97)"
Ulin Sittara,2024,5,kolam renang ada 2 pilihan sisi barat atau utara namun lebih bagus yang yang sisi utara hanya saja kolamnya jadi satu dengan ibus anggaran tapi tidak masalah karena kita tetap bisa dapt handul khusus berenang dari hotelnya wangi dan bersih walaupun termasuk hotel senior kamae cukup luas,KOMPETITOR,Bintang 4,NovotelSolo,positive,0.9992372989654541,Pricing & Value for Money,"Pricing & Value for Money (0.96); Service Quality (0.89); Cleanliness, Hygiene & Maintenance (0.89)"
achmad sohedin,2025,5,nyaman kamar bersih ac dingin makanan enak pelayanan oke banget ramah acara perpusnas lancar tanpa hambatan ruangan enak sampai kedinginan,KOMPETITOR,Bintang 4,NovotelSolo,positive,0.9994799494743347,Service Quality,Service Quality (0.98); Facilities & Amenities (0.97); Service Efficiency & Responsiveness (0.97)
taurina arifiani,2024,5,minggu lalu saya menginap di hotel ini bersama rombongan kantor kebetulan saya mendapatkan kamar di lantai 2 dengan nomor 2 ketika saya masuk kamar berbau rokok karena sesak akhirnya saya semprot seluruh ruangan dengan minyak wangi teman menyarankan saya menelepon pihak hotel untuk pindah kamar namun saya pergi karena sudah lelah ingin istirahat namun yang saya suka kamar tetap bersih dan rapi kamar mandi juga bersih pemanas air menyala dengan baik sarapan sangat bervariatif nasgor nya enak mie ayam crispy nya jg enak pengalaman yang cukup menyenangkan bisa bermalam di sini,KOMPETITOR,Bintang 4,NovotelSolo,positive,0.9992013573646545,"Cleanliness, Hygiene & Maintenance","Cleanliness, Hygiene & Maintenance (0.99); Facilities & Amenities (0.97); Service Quality (0.95)"
Elena Vionita Lay,2025,5,Layanan sangat bagus dan sarapan sangat bagus.,KOMPETITOR,Bintang 4,NovotelSolo,positive,0.9983062744140625,Service Quality,Service Quality (1.00); Facilities & Amenities (1.00); Guest Experience (1.00)
Kurnia aiz,2023,5,masuk fakta hampir semua masuk novotel solo aku suka mereka 5 5 maaf sebagian foto di camdig belum sempat pindah menyusul waktu masuk bisa sambutan hangat sambil menunggu kamar bisa duduk santai di lobi yang nyaman dan elegan banget bahkan membuat foto2 cocok banget sayangnya sendirian mau minta difotoin malu hha di dekat ruang pertemuan ada banyak pajangan khas jawa nuansa wayang dan ukiran kayu yang menarik banget tapi sayangnya nemu sofa yang terlihat sangat banyak saat lg iseng jalan2 keliling sekitar ruang rapat di lantai 2 selain memakai lift ada tangga melingkar yang cantik banget cocok jg buat kalian yang suka foto2 lanjut,KOMPETITOR,Bintang 4,NovotelSolo,positive,0.9974531531333923,Facilities & Amenities,Facilities & Amenities (0.93); Family & Group Friendly (0.86); Ambience & Design (0.82)
Ochi Hardi,2023,3,lokasi oke di tengah kota cek masuk cepat dan mulai dari satpam bell boy dan semua nya ramah2 dan membantu bangunan sudah cukup kuno parkir cukup luas walaupun di luar ruangan untuk kamar cukup oke walaupun kuno dari dinding yang sudah mengelupas jendela yang kotor sofa yang tidak enak seprs terkesan lusuh dan berdebu suami dan anak bangun2 badannya merasa gatal dan banyak semut lantai baru juga seperti tidak di sapu makanan cukup banyak variasi goreng oke yang lain biasa saja rasanya,KOMPETITOR,Bintang 4,NovotelSolo,negative,0.9422770142555237,"Location, Accessibility & Parking","Location, Accessibility & Parking (0.99); Staff Conduct & Hospitality (0.99); Facilities & Amenities (0.99)"
Ibnu Raharjo,2024,4,pertama kali kesini dalam rangka buka bersama dengan tim kantor perusahaan pelayanan ramah tempat strategis berada di tengah kota solo untuk makanan berbuka sangan enak bumbu terasa dan banyak pilihan sayang sekali untuk fasilitas mushola kecil hanya bisa di gunakan kisaran 8 orang apabila setelah berbuka dan mau meninaikan ibadah sholat maghrib antri banyak,KOMPETITOR,Bintang 4,NovotelSolo,positive,0.989170253276825,Staff Conduct & Hospitality,Staff Conduct & Hospitality (0.99); Service Quality (0.99); Family & Group Friendly (0.98)
Ismayanti Ainun Lestari 15,2025,5,Pelayananny bagus dan baik ka may,KOMPETITOR,Bintang 4,NovotelSolo,positive,0.9989604949951172,Guest Experience,Guest Experience (0.99); Service Quality (0.99); Service Efficiency & Responsiveness (0.98)
jarkasih jarkasih,2025,5,untuk pelayaran sudah baik,KOMPETITOR,Bintang 4,NovotelSolo,positive,0.9592702388763428,Sustainability & Environmental Quality,"Sustainability & Environmental Quality (0.71); Loyalty, Recommendation & Appreciation (0.71); Facilities & Amenities (0.71)"
Yudha,2024,4,menginap di novotel solo dan saya sangat puas dengan pengalaman saya di sana pertama tama staf hotel sangat ramah dan membantu mereka dengan senang hati menjawab pertanyaan saya dan memberikan rekomendasi tempat makan di sekitar hotel kamar tempat saya menginap sangat nyaman dan bersih saya suka desainnya yang modern dan fasilitas yang disediakan seperti layar TV datar minibar dan brankas tempat tidur juga sangat nyaman sehingga saya bisa tidur dengan nyenyak setiap malam sarapan di restoran hotel juga sangat lezat mereka menyajikan berbagai pilihan makanan mulai dari hidangan tradisional hingga hidangan internasional saya benar-benar menikmati pilihan makanan yang disediakan dan kualitasnya pun sangat baik tambahan fasilitas seperti kolam renang dan pusat,KOMPETITOR,Bintang 4,NovotelSolo,positive,0.9994111061096191,Facilities & Amenities,"Facilities & Amenities (1.00); Staff Conduct & Hospitality (1.00); Cleanliness, Hygiene & Maintenance (0.99)"
Catty San,2023,3,secara keseluruhan biasa banget untuk hotel bintang 4 dengan harga segitu terutama menu sarapan sahur variasi nya minimal banget makanan habis mengisi nya lama banyak piring kotor di atas meja tidak langsung dibersihkan udara di tempat sampah pengaturan panasnya untuk lebih diperhatikan bisa membuat kulit melepuh jika tidak waspada fasilitas pelayanan secara keseluruhan perlu ditingkatkan biar tidak tertinggal dari hotel lain dengan harga yang sama,KOMPETITOR,Bintang 4,NovotelSolo,negative,0.9447718858718872,Facilities & Amenities,Facilities & Amenities (0.95); Service Quality (0.81); Pricing & Value for Money (0.78)
Nabilaa N.A,2025,5,lokasi strategis dan nyaman,KOMPETITOR,Bintang 4,NovotelSolo,positive,0.999366819858551,Facilities & Amenities,Facilities & Amenities (0.97); Room Quality & Comfort (0.95); Family & Group Friendly (0.92)
Jack Limit,2025,5,lokasi sangat tengah kota servis oke cew sanga membantu sudah smart tv dan tv nya bisa bisa bisa netflix sambil bobo gym nya oke enak sepi berasa private gym,KOMPETITOR,Bintang 4,NovotelSolo,positive,0.9994382262229919,Service Quality,Service Quality (0.98); Facilities & Amenities (0.97); Digital Connectivity & Technology (0.90)
Putri Rihanna,2024,4,untuk layanan dan lokasi di sini sudah bagus banget semua oke cuma untuk kamar ini kayaknya ada kekurangan dalam hal detail memeriksa kamar karena kamar nomor 504 itu kran kamar mandinya jebol tidak bisa diputar lalu waktu mau telepon pihak hotel kabel teleponnya tidak tersambung walaupun segera ditanggapi namun hal ini cukup memakan waktu,KOMPETITOR,Bintang 4,NovotelSolo,negative,0.9109691977500916,Facilities & Amenities,Facilities & Amenities (1.00); Service Quality (0.96); Guest Experience (0.84)
Luthfi Al,2025,5,lokasi strategis pelayanan oke fasilitas suasana bagus hotel recomended parkir mungkin sedikit terbatas area baru,KOMPETITOR,Bintang 4,NovotelSolo,positive,0.9993414282798767,Service Quality,"Service Quality (0.99); Facilities & Amenities (0.99); Location, Accessibility & Parking (0.97)"
Alexander den Engelsman,2024,2,Kami datang ke sini setiap tahun untuk berenang dan minum dan makan staf sangat baik dan Anda mendapatkan layanan bintang 5 selalu ramah dan mencoba untuk membantu namun hotel masuk sangat membutuhkan direnovasi area kolam renang berbahaya saat ini pecah ubin kayu dan kuku dan sekrup menempel keluar tamu bisa terluka masuk sangat buruk dan juga mendapatkan tetanus karena ini tolong perbaiki ini secepat mungkin hotel Anda layak kolam renang aman lagi kita akan kembali dan berharap semuanya telah diperbaiki selain bahwa kita cinta hotel ini,KOMPETITOR,Bintang 4,NovotelSolo,negative,0.9632618427276611,Service Quality,Service Quality (1.00); Facilities & Amenities (1.00); Staff Conduct & Hospitality (1.00)
Dinda putri Permatasari04,2025,5,kamar sangat nyaman dan wangi,KOMPETITOR,Bintang 4,NovotelSolo,positive,0.9993025064468384,Room Quality & Comfort,"Room Quality & Comfort (0.99); Facilities & Amenities (0.97); Cleanliness, Hygiene & Maintenance (0.96)"
Rinda Darmawan,2024,3,di hari pertama menginap oke trlihat semua staf ramah skli saat kami sarapan diminta untuk memberikan ulasan oke semua baik tapi pagi ini saat kami mo cekout pagi2 wo diluar dugaan staf laki2 di resepsionis meminta saya untuk menunggu dulu karena kamar hendak mengatakan aku duduk dilobi dengan ank saya yang kecil smape suami saya yang sudah duluan ke mobil menyusul lg ke lobi sampai akirnya saya harus menanyakan kembali ke staf tsb 10 menit mgkn bukan waktu yang lama tapi semuanya tergantung kondisi buru2 atau tidak karena saya pikir seperti di hotel lain staf yang akan menghampiri pelanggan untuk,KOMPETITOR,Bintang 4,NovotelSolo,negative,0.9913504123687744,Check in/out Experience,Check in/out Experience (0.98); Staff Conduct & Hospitality (0.94); Family & Group Friendly (0.91)
Sintia Virnadi,2024,5,meskipun hotel ini sudah tua tapi masih sangat nyaman terawat pelayanan stafnya luar biasa makanan enak kolamnya oke lobi luas nyaman lokasi sangat strategis di jantung kota solo dekat dengan beberapa pusat perbelanjaan dekat dengan kuliner 10 10 untuk hotel ini,KOMPETITOR,Bintang 4,NovotelSolo,positive,0.9992390871047974,Facilities & Amenities,Facilities & Amenities (0.99); Service Quality (0.99); Staff Conduct & Hospitality (0.90)
desrina syawitri,2025,4,fasilitas untuk kamar mandi dll mohon di siapkan untuk fasilitas 2 orang secara keseluruhan nyaman dan bersih untuk resto pelayanan bisa di tawarkan untuk minum hangat yang dimeja,KOMPETITOR,Bintang 4,NovotelSolo,positive,0.997141420841217,Facilities & Amenities,"Facilities & Amenities (1.00); Cleanliness, Hygiene & Maintenance (0.99); Service Quality (0.97)"
Dian Fajar,2024,4,Ini pertama kalinya menginap di sini kamarnya luas sliper tidak siap jadi harus minta ke housekeeping restoranannya ribet dan sempit penataan buffet nya bikin pusing sarapan bervariasi tapi rasanya biasa saja hambar,KOMPETITOR,Bintang 4,NovotelSolo,negative,0.9308021068572998,Facilities & Amenities,Facilities & Amenities (0.99); Food & Beverage (0.96); Guest Experience (0.94)
Syamsie UNGU,2023,5,masuk ke lobi sudah disambut kursi lobi ungu saat sangat nyaman juga di sini untuk aula baru cukup memadai dan bagus suara pun bagus untuk makanannya enak suka sesuai budgednya toilet umum nya cukup nyaman dan bersih kamar ada banyak yang berbeda yang untuk tempat tidur ganda bagus rapi cukup luas dan kamar mandi nya pun cukup bagus belum ada mandi up nya tapi tersedia perlengkapan mandi nya lengkap dan bersih sayang nya musholla umum nya kecil jadi cukup antri jika ada rombongan yang mau sholat secara keseluruhan bagus dan memuaskan,KOMPETITOR,Bintang 4,NovotelSolo,positive,0.9993307590484619,Facilities & Amenities,Facilities & Amenities (0.96); Family & Group Friendly (0.87); Room Quality & Comfort (0.80)
Heppy Rosevita,2024,5,hotel lama megah dan mewah jaman saya kuliah di uns solo dan masih tetap mewah sampai sekarang kali ini bawa anak menginap di novotel dan dia suka banget walau hotel lama tapi tetap menawan dan nyaman sukses selalu untuk hotel novotel solo dan terimakasih menu nasi tiwulnya pagi ini menu favorit saya jika mudik,KOMPETITOR,Bintang 4,NovotelSolo,positive,0.9993146657943726,Facilities & Amenities,Facilities & Amenities (0.89); Food & Beverage (0.87); Guest Experience (0.73)
Priyo KJ,2024,4,lokasi strategis bagus di jalan salam riyadi di komplek ini ada 3 hotel novotel ibis dan grand orchid resepsionis ramah dan duduk saya dapat harga rp549k via agoda ruangan bersih dan tidak ada minus selain tv kabel yang kurang menarik kanalnya lamar oke mandi amenitis bagus pakai sikat gigi bambu saat sarapan sahur citarasa makanan biasa tidak istimewa tidak kecewa ada pelayan yang minta saya cuma ulasan di google review saat proses makan ngisi jadinya saya merasa terganggu bahkan mengajari saya ngisi ulasan google review,KOMPETITOR,Bintang 4,NovotelSolo,positive,0.9984558820724487,Facilities & Amenities,Facilities & Amenities (0.93); Service Quality (0.92); Guest Experience (0.83)
Pranatalie,2025,5,biar bintang yang bicaraa kamar super luas bersih pelayanan baik parkir luas strategis sarapan enak semuanya layak banget nginep disini,KOMPETITOR,Bintang 4,NovotelSolo,positive,0.9995297193527222,"Cleanliness, Hygiene & Maintenance","Cleanliness, Hygiene & Maintenance (1.00); Facilities & Amenities (1.00); Location, Accessibility & Parking (1.00)"
eddy poerwanto,2024,4,ada standar untuk ukm di loby sangat bagus untuk membantu pengembangan pemasaran produk lokal dan mengangkat derajat pengusaha kecil saran sebaiknya manajemen hotel ikut meneliti barang yang dijual utamanya kemasan dan kadaluarsa ternyata saya beli salah satu produk disitu jahe instan setelah saya sampai dirumah produk tsb sudah kadaluarsa,KOMPETITOR,Bintang 4,NovotelSolo,positive,0.6921554803848267,Staff Conduct & Hospitality,Staff Conduct & Hospitality (0.83); Food & Beverage (0.81); Facilities & Amenities (0.74)
Mulyadi Hamid,2024,5,tempatnya nyaman pelayanan memuaskan makanan bervariasi parkir mobil cukup luas ada waktu ketika ke solo akan kembali menggunakan hotel ini kembali terima kasih,KOMPETITOR,Bintang 4,NovotelSolo,positive,0.99930739402771,Facilities & Amenities,"Facilities & Amenities (1.00); Service Quality (0.99); Location, Accessibility & Parking (0.99)"
HBS Version,2025,1,kamar bau rokok dan sepanjang koridor juga bau asap rokok tidak ada non-smoking room jadi meskipun sudah dibersihkan msh sj asap rokok tidak bisa keluar terlebih tidak ada jendela kemudian lampu remang2 tidak ada lampu utama yang terang seperti di hotel lain tv pun bermasalah karena internet lemot dan jg tidak diberi pengguna dan password untuk netflix dan semacamnya,KOMPETITOR,Bintang 4,NovotelSolo,negative,0.9989857077598572,Facilities & Amenities,Facilities & Amenities (0.85); Digital Connectivity & Technology (0.69); Service Quality (0.65)
Aru Hito,2024,4,2 malam nginap di awal bulan juni 2023 kunjungan perdana ke kota solo setelah sekian lama menunggu kesan kami hotel ini bagus dengan memelihara tradisi jawa baik di kesenian dan kuliner pengalaman lucu kunci pintu elektronik suka ngadat setelah beberapa saat review ternyata terbalik menempatkannya dia3x perlu kunci di modifikasi agar petunjuk bawah dan atas jelas sehinga tidak mengangu kerja front office staff,KOMPETITOR,Bintang 4,NovotelSolo,positive,0.9058237075805664,Cultural & Heritage Experience,Cultural & Heritage Experience (0.99); Facilities & Amenities (0.97); Guest Experience (0.94)
Latifah Ekawati,2024,4,Salah satu hotel bintang 4 di solo yang strategis dengan harga yang masih terjangkau kolam renang tersedia dengan berbagai pilihan sarapan variatif dan enak2 mungkin untuk kamar mandi bisa dipercantik lagi untuk staf2 baru ditingkatkan keramahannya,KOMPETITOR,Bintang 4,NovotelSolo,positive,0.9993399977684021,Facilities & Amenities,Facilities & Amenities (0.99); Pricing & Value for Money (0.98); Food & Beverage (0.88)
Ferry Suryanto,2023,4,lokasi baru sangat strategis di pusat kota banyak penjual makanan pusat perbelanjaan di seputar hotel bangunan kamarnya meskipun terlihat jadul tapi kebersihannya tetap terjaga dengan baik keramahan pelayanan khas novotel salah satu yang terbaik di solo jika harga menurut saya msh relatif terjangkau sesuai dengan bintangnya menu sarapannya cukup bervariasi cuma biasanya tamu bisa mengambil nasi goreng telur scrambled sosis sepuasnya sekarang dilayani petugas resto ini terkesan dibatasi dengan cara pembatasan porsi per tamu semoga masukan ini berguna demi menjaga kepuasan konsumen tamu yang setia terhadap novotel solo,KOMPETITOR,Bintang 4,NovotelSolo,positive,0.9988523721694946,Service Quality,"Service Quality (0.98); Cleanliness, Hygiene & Maintenance (0.96); Pricing & Value for Money (0.89)"
UMI SALAMAH,2025,5,langganannya suami dari dulu pelayanannya ramah ramah,KOMPETITOR,Bintang 4,NovotelSolo,positive,0.9991703033447266,Staff Conduct & Hospitality,Staff Conduct & Hospitality (0.89); Family & Group Friendly (0.86); Service Quality (0.84)
Rahm 4lfe,2022,1,pengalaman kami tinggal lebih dari 2 malam datang tuk cek masuk kamar belum siap kamar di lantai non merokok tapi ada bau rokok sepanjang hari di lorong antar kamar2 ac kamar tidak dingin knalpot penghisap udara kamar mandi tidak berfungsi sehingga berembun lama bau rokok dari luar merembes ke dalam kamar dari saluran udara kamar mandi mandi dengan selang di kamar mandi tersumbat keluar udara kecil menggenang di lantai mandi dan wastafel tersumbat kamar tidak dibersihkan setelah satu pula malam sampah pun tidak dibuang gelas tangan dan tidak diganti yang bersih tidak disebutkan jika fasilitas kolam renang restoran dan kebugaran digunakan,KOMPETITOR,Bintang 4,NovotelSolo,negative,0.998946487903595,Check in/out Experience,Check in/out Experience (1.00); Guest Experience (0.96); Facilities & Amenities (0.69)
Ervina Van Der Lee-Pandean,2025,5,kami sangat menikmati menginap di novotel hotel solo tempatnya nyaman layananenya bagus makanannya banyak pilihan dan jadi pasti enak kami pasti akan kembali menginap di sini sampai ziens,KOMPETITOR,Bintang 4,NovotelSolo,positive,0.9994791150093079,Facilities & Amenities,Facilities & Amenities (1.00); Service Quality (1.00); Room Quality & Comfort (0.98)
dyar gita “INDOxGAMER” Pratama,2024,4,suasana kamarnya terkesan seperti bangunan lama yang berbau kayu untuk mandi kamar mandinya agak kurang tekanan dan ac kamar saya off kan tetap saja suhunya 23 c untuk hidangannya lumayan enak dan banyak pilihan,KOMPETITOR,Bintang 4,NovotelSolo,positive,0.9985759258270264,Ambience & Design,Ambience & Design (0.90); Facilities & Amenities (0.86); Cultural & Heritage Experience (0.78)
E.F. Henry,2025,5,Lokasi yang bagus mudah dan aman untuk berjalan di sekitar kamar itu luas dan bersih cek masuk dan keluar cepat dan efisien staf yang ramah dan sopan pasti akan kembali untuk tinggal di sini,KOMPETITOR,Bintang 4,NovotelSolo,positive,0.999316930770874,Facilities & Amenities,Facilities & Amenities (1.00); Service Efficiency & Responsiveness (1.00); Check in/out Experience (1.00)
Claudia Alviani,2025,5,tempat parkir kurang luas toilet lobi basah bau kaos kaki,KOMPETITOR,Bintang 4,NovotelSolo,negative,0.9938939213752747,Facilities & Amenities,"Facilities & Amenities (0.98); Location, Accessibility & Parking (0.97); Sustainability & Environmental Quality (0.74)"
Viranda,2025,5,hotel yang lobbynya temanya jawa dan bikin kerasa solo banget sarapannya lumayan variatif selain ada buffet ada stand mie ayam dan soto di dekat kolam renang ada makanan tradisional bubur bubur manis dan jamu juga,KOMPETITOR,Bintang 4,NovotelSolo,positive,0.999393105506897,Food & Beverage,Food & Beverage (0.95); Facilities & Amenities (0.89); Cultural & Heritage Experience (0.78)
dickiEko,2025,5,mantap sarapanny bervariasi kamarnya bersih yang keren disini bis menikmati matahari terbit sama matahari terbenam kota solo,KOMPETITOR,Bintang 4,NovotelSolo,positive,0.9990311861038208,"Cleanliness, Hygiene & Maintenance","Cleanliness, Hygiene & Maintenance (0.99); Food & Beverage (0.99); Facilities & Amenities (0.99)"
Yunda darmayanti,2025,5,fasilitas oke pelayanan sangatt sangatt ramahh sarapan juga bervariasi dan enak cocokk pokonyaa,KOMPETITOR,Bintang 4,NovotelSolo,positive,0.9993743300437927,Facilities & Amenities,Facilities & Amenities (0.99); Service Quality (0.98); Guest Experience (0.94)
Shinta Listia,2025,5,Sudah kesekian kali menginap disini karena lokasi strategis banget kamar oke layanan ramah makanan jg enak rekom banget buat yang pgn jalan2 di solo nginepnya disini saja ya,KOMPETITOR,Bintang 4,NovotelSolo,positive,0.9977321624755859,Service Quality,Service Quality (0.98); Facilities & Amenities (0.98); Room Quality & Comfort (0.96)
Feri Solo,2025,5,keren pol mbak ria sopan santun dan profesional,KOMPETITOR,Bintang 4,NovotelSolo,positive,0.997829258441925,"Cleanliness, Hygiene & Maintenance","Cleanliness, Hygiene & Maintenance (0.99); Service Quality (0.99); Service Efficiency & Responsiveness (0.96)"
Maria Retno2014,2025,5,Sangat berkesan menginap di novotel solo pelayanannya bagus kamar bersih nyaman makanan enak juga lokasi strategis di pusat kota tidak perlu cek masuk di novotel solo berikutnya akan cek masuk di novotel solo lagi,KOMPETITOR,Bintang 4,NovotelSolo,positive,0.999496579170227,Facilities & Amenities,Facilities & Amenities (0.99); Service Quality (0.99); Guest Experience (0.97)
Claudian Natalia,2024,4,untung kami pesan kamar keluarga dapatnya di lantai 8 yang nga bau rokok karena pada saat pintu lift terbuka di bbrp lantai bawah kami bau rokoknya sangat menyengat tapi layananenya oke banget lokasi hotel juga sangat oke kamar keluarga cukup luas dan ranjang bisa untuk 3 orang dengan sangat lega,KOMPETITOR,Bintang 4,NovotelSolo,positive,0.9987267851829529,Service Quality,Service Quality (0.99); Facilities & Amenities (0.98); Family & Group Friendly (0.97)
enno indah,2024,5,Secara keseluruhan saya suka sama hotel ini kesannya vintage nuansa jawa nya lumayan kenal ada pertunjukan gamelan di lobi di minggu pagi lokasi strategis dekat dengan acara2 malam minggu di ngarsopuro dan cfd di minggu pagi kamar bersih lengkap dan pelayanan baik sarapan juga enak terima kasih novotel solo,KOMPETITOR,Bintang 4,NovotelSolo,positive,0.9996013045310974,Facilities & Amenities,"Facilities & Amenities (0.99); Service Quality (0.99); Cleanliness, Hygiene & Maintenance (0.97)"
Rociima Ardyan,2024,5,seneng banget bisa bermalam di novotel solo saya dari semarang merasakan pelayanan yang sangat baik dan memuaskan kamarnya nyaman bersih dan menu2 nya mantap anak2 pun betah tidak mau pulang terimakasih novotel solo,KOMPETITOR,Bintang 4,NovotelSolo,positive,0.9990293979644775,Service Quality,Service Quality (0.99); Room Quality & Comfort (0.98); Facilities & Amenities (0.97)
Suharyanto,2025,5,lokasi nya premium di jln slamet riyadi dekat dengan objek2 wisata dan pusat oleh2 cocok untuk acara keluarga atau kantor dianjurkan ulang tinggal lagi semoga selalu meningkatkan fasilitas layanan dan aktivitas2 nya,KOMPETITOR,Bintang 4,NovotelSolo,positive,0.9993042945861816,Facilities & Amenities,"Facilities & Amenities (0.98); Family & Group Friendly (0.97); Loyalty, Recommendation & Appreciation (0.94)"
Restia Ningrum,2025,5,tempatnya nyaman dan strategis koneksi internet cepat pelayanan terbaik dekat dengan beberapa pusat bisnis di solo cocok untuk tempat seminar sekarang catnya di bagian luar ganti warna,KOMPETITOR,Bintang 4,NovotelSolo,positive,0.9994074106216431,Facilities & Amenities,Facilities & Amenities (1.00); Room Quality & Comfort (0.99); Service Quality (0.95)
Saiful Drum,2025,5,kamar bersih luas wangi top,KOMPETITOR,Bintang 4,NovotelSolo,positive,0.9994125366210938,"Cleanliness, Hygiene & Maintenance","Cleanliness, Hygiene & Maintenance (0.97); Room Quality & Comfort (0.96); Service Quality (0.96)"
Meta Mahyarani,2024,5,pertama kali saya sampai di sini pelayanannya ramah sangat membantu dan hotelnya cukup dekat dengan mode transportasi kereta api makanannya cukup enak namun sedikit kurang seperti saja secara keseluruhan enak,KOMPETITOR,Bintang 4,NovotelSolo,positive,0.9980375170707703,Facilities & Amenities,Facilities & Amenities (0.97); Staff Conduct & Hospitality (0.97); Service Quality (0.95)
Dirga Tri,2025,5,baik dan layanan memuaskan,KOMPETITOR,Bintang 4,NovotelSolo,positive,0.9974840879440308,Service Quality,Service Quality (1.00); Service Efficiency & Responsiveness (0.99); Facilities & Amenities (0.99)
Kharisma Mutiara,2022,4,Kami memiliki waktu yang baik di sini meskipun kami harus menunggu kamar kami siap ketika sebenarnya kami telah memesan kamar kami jauh sebelum kedatangan ya saya tahu itu akhir pekan dan hotel sangat sibuk menangani tamu itu mengapa itu mempertanyakan saya apa yang membutuhkan waktu yang lama bagi tamu yang sudah memesan kamar secara keseluruhan kunjungan masuk solo saya dibayar keluar kamar bersih dan rapi diatur staf sangat baik dan fleksibel saya suka sarapan mereka menyediakan menu yang lezat berbagai makanan asia dan barat,KOMPETITOR,Bintang 4,NovotelSolo,positive,0.996457040309906,Service Efficiency & Responsiveness,"Service Efficiency & Responsiveness (1.00); Cleanliness, Hygiene & Maintenance (1.00); Facilities & Amenities (1.00)"
Reza Hebat,2025,4,hotel dengan tampilan interior legend dan jadul menginap dalam rangka onboarding umkm soloraya yang diadakan bank indonesia solo sarapan nya b saja kolam renang kecil gym nya beda gedung dpn hotel ibis,KOMPETITOR,Bintang 4,NovotelSolo,positive,0.9864870309829712,Facilities & Amenities,Facilities & Amenities (0.98); Ambience & Design (0.95); Check in/out Experience (0.83)
mama rafi,2025,5,kamar bagus bersih makanannya enak variasi banyak kolam renang bagus ada 2 kolam cinta deh sama pelayanan novotel ini sama tempat2 wisata lumayan dekat,KOMPETITOR,Bintang 4,NovotelSolo,positive,0.9993940591812134,Service Quality,"Service Quality (0.98); Facilities & Amenities (0.98); Cleanliness, Hygiene & Maintenance (0.97)"
Tubagus Nurcholis,2024,5,kamar relatif nyaman pelayanan cukup ramah menu sarapan sepertinya masih bisa lebih banyak menyajikan makanan lokal,KOMPETITOR,Bintang 4,NovotelSolo,positive,0.9981990456581116,Facilities & Amenities,Facilities & Amenities (0.99); Guest Experience (0.98); Room Quality & Comfort (0.96)
Afanin Syafa,2024,5,lokasi strategis di kota tengah hotel yang sudah dari lama terkenal dengan pelayanan bintang 5 dan fasilitas yang oke makanan juga enak dan variatif mantab pantas dapet jempol 5,KOMPETITOR,Bintang 4,NovotelSolo,positive,0.9993789196014404,Service Quality,Service Quality (0.99); Facilities & Amenities (0.99); Service Efficiency & Responsiveness (0.89)
deasi Wulandari,2024,5,hotel nya nyaman banget kamarnya juga wangi lokasi strategis kalau mau kuliner khas tinggal jalan kaki saja makanannya cukup bervariasi dan enak semua staf ramah dan selalu membantu,KOMPETITOR,Bintang 4,NovotelSolo,positive,0.9994854927062988,Facilities & Amenities,Facilities & Amenities (0.99); Staff Conduct & Hospitality (0.97); Service Efficiency & Responsiveness (0.95)
Alle,2025,5,Pelayanan dari staf sangat ramah,KOMPETITOR,Bintang 4,NovotelSolo,positive,0.9950835704803467,Guest Experience,Guest Experience (0.99); Staff Conduct & Hospitality (0.99); Service Quality (0.99)
Menuju Bangunjiwo,2025,5,Terimakasih Novotel Solo Pelayanan Yang Luar biasa,KOMPETITOR,Bintang 4,NovotelSolo,positive,0.9934508800506592,Service Quality,Service Quality (1.00); Guest Experience (0.96); Facilities & Amenities (0.88)
maria white,2025,5,kamar yang bagus bersih dan terjangkau untuk harga makanan cukup adil pilihan lebih banyak membutuhkan pelatihan lebih untuk staf yang baik dan menyenangkan tetapi menggunakan telepon pribadi masuk area kerja tidak baik untuk melihat oleh pelanggan ketika membersihkan suasana yang baik sebagian besar dari staf salam dan membantu berikutnya akan kembali lagi pekerjaan yang baik,KOMPETITOR,Bintang 4,NovotelSolo,positive,0.9143407344818115,Pricing & Value for Money,Pricing & Value for Money (1.00); Facilities & Amenities (0.99); Room Quality & Comfort (0.97)
Luh Putu Widya Amritha Dewi,2024,5,kamarnya nyaman dan fasilitas yang disediakan cukup lengkap dan menu bagus sarapannya sangat beragam dan enakk semua karyawannya sangat ramah secara keseluruhan sangat memuaskan teruskan pekerjaan yang baik,KOMPETITOR,Bintang 4,NovotelSolo,positive,0.9990525841712952,Facilities & Amenities,Facilities & Amenities (1.00); Room Quality & Comfort (0.99); Guest Experience (0.99)
Aulia Kholifatul,2024,5,fasilitas hotel sangat bagus nyaman makanan yang tersedia bervariasi enak2 semua pelayanan pegawainya juga sangat ramah sangat direkomendasikan Pastia kan kembali lagi ke hotel ini kalau berkunjung ke solo,KOMPETITOR,Bintang 4,NovotelSolo,positive,0.9994358420372009,Facilities & Amenities,Facilities & Amenities (0.99); Staff Conduct & Hospitality (0.97); Service Quality (0.93)
Denny AS,2025,5,lokasi strategis pelayanan ramah dan parkir cukup memadai,KOMPETITOR,Bintang 4,NovotelSolo,positive,0.9992761015892029,"Location, Accessibility & Parking","Location, Accessibility & Parking (1.00); Facilities & Amenities (0.99); Guest Experience (0.97)"
Daruwati Sukri,2024,5,menginap semalam pada tgl 22 sampai 23 april 2023 bersama klrg suasana benar2 nyaman room service sangat memuaskan kamar bersih wangi kamar mandi jg bersih sangat terawat walaupun sudah lama dibangun pendingin ruangan dingin sangat cocok untuk kota solo yang saat ini itu sedang mendidih terima kasih banyak untuk novotel solo apa yang saya permintaan semua terpenuhi koneksi kamar donor lantai atas dan bisa menyaksikan matahari terbit menakjubkan luar biasa lima bintang untuk semua layanan terbaik hotel novotel solo,KOMPETITOR,Bintang 4,NovotelSolo,positive,0.9991223216056824,Facilities & Amenities,"Facilities & Amenities (0.96); Service Quality (0.95); Cleanliness, Hygiene & Maintenance (0.92)"
Budhi Setiawan,2024,5,lokasi di tengah kota tepatnya dibilangan jalan slamet riyadi solo akses ke warisan lokal sgt dekat untuk kunjungan kerja atau berlibur bersama keluarga membuat hotel novotel sebagai pilihan yang tepat keramahan staf dan kamar yang bersih juga membuat kita nyaman untuk beristirahat bila ingin berdestinas wisata ke solo dan sekitarnya maka hotel novotel bisa menjadi pilihan bagi wisatawan sekalian,KOMPETITOR,Bintang 4,NovotelSolo,positive,0.9991503953933716,Service Quality,Service Quality (1.00); Facilities & Amenities (1.00); Family & Group Friendly (1.00)
Lydia,2024,4,Ada banyak masalah masuk awal ie boiler tidak bekerja kotak keselamatan tidak bekerja bahkan pegangan pintu rusak hotel sangat tua pasti membutuhkan renovasi ketika melangkah ke lantai di malam hari akan membuat suara akan baik jika hotel menggunakan sabun n sampo berkualitas baik dan menambahkan lotion tubuh selain itu secara keseluruhan adalah baik teknisi masuk cepat memperbaiki dan staf yang sopan dan sopan lokasi strategis terlalu sangat dekat dengan banyak pilihan makanan,KOMPETITOR,Bintang 4,NovotelSolo,positive,0.8968828320503235,Facilities & Amenities,"Facilities & Amenities (0.99); Cleanliness, Hygiene & Maintenance (0.99); Service Efficiency & Responsiveness (0.99)"
Dini Iswari Putri,2025,5,alternatif pertama menginap tiap di solo walopun bukan tergolong hotel baru namun novotel mempertahankan layanan yang baik bersih kamarnya lega dan nyaman untuk lokasi pun berada di tengah kota akses mudah,KOMPETITOR,Bintang 4,NovotelSolo,positive,0.9990817308425903,Service Quality,Service Quality (0.99); Facilities & Amenities (0.99); Room Quality & Comfort (0.98)
Elsa Aulia,2025,5,pelayanan sangat ramah nyaman,KOMPETITOR,Bintang 4,NovotelSolo,positive,0.9992333650588989,Guest Experience,Guest Experience (0.99); Service Quality (0.95); Facilities & Amenities (0.95)
J B,2024,1,resepsionis wanita yang menangani pembayaran saya sangat tidak profesional dan kurang pengetahuan saat pembayaran saya sudah mengatakan bahwa kartu saya adalah kartu debit sistem kartu terbuka nya tidak seperti kartu kredit saya tanya sistem pengembalian seperti apa dia masih tidak mengerti bukannya bertanya dengan atasan dulu tapi langsung tarik dana dari kartu saya akhirnya sampai sekarang tidak ada pengembalian terkait sisa dana yang tersisa yang ditarik saya didhubungi oleh pihak hotel bernama adji tapi juga tidak ada kemajuan sampai hari ini perhotelan yang ditawarkan hanyalah sikap ramah tapi tanpa pengetahuan dan profesionalisme,KOMPETITOR,Bintang 4,NovotelSolo,negative,0.9990729093551636,Guest Experience,Guest Experience (0.28); Management & Policy Issues (0.26); Pricing & Value for Money (0.21)
Juanita Tejo Prayitno,2024,4,Tempat tidurnya luar biasa lokasi yang sempurna meskipun kamarnya agak usang esp kamar mandi membutuhkan beberapa renovasi tapi secara keseluruhan itu tips bersih membawa beberapa air dari luar karena mereka akan mengenakan biaya 15k untuk air tambahan,KOMPETITOR,Bintang 4,NovotelSolo,positive,0.9973951578140259,Facilities & Amenities,"Facilities & Amenities (0.99); Cleanliness, Hygiene & Maintenance (0.95); Service Quality (0.92)"
Ary Haryanto,2025,5,secara keseluruhan menginap 3 malam di novotel solo nyaman dan menyenangkan walaupun interior sekolah tua namun nyaman apalagi fasilitas yang disediakan mewah dan enak,KOMPETITOR,Bintang 4,NovotelSolo,positive,0.9994184970855713,Facilities & Amenities,Facilities & Amenities (1.00); Room Quality & Comfort (0.97); Guest Experience (0.94)
AM Rizal Budiarjo (Nino),2023,1,dulu sich novotel solo merupakan hotel terbaik di solo gm nya orang bule sangat ramah dan perhatian selalu menyapa tamu saat sarapan bahkan menolong istri saya saat dia kerepotan ama anak2 gue saat sarapan kita diperlakukan seperti keluarga luar biasa sekali pasti saya memilih novotel dari pada alila alana aston atau yang lainnya tapi sekarang saya ragu banget nich saya ingin memeriksa masuk jam 3:30 saja kamar belum tersedia di kantor depan hanya satu staf senior ini baru saat memeriksa masuk entah apa yang terjadi selanjutnya,KOMPETITOR,Bintang 4,NovotelSolo,negative,0.5613588094711304,Service Efficiency & Responsiveness,Service Efficiency & Responsiveness (0.93); Family & Group Friendly (0.93); Service Quality (0.89)
magdalena keraf,2025,5,Terima kasih Mba Mey,KOMPETITOR,Bintang 4,NovotelSolo,positive,0.9983593821525574,"Loyalty, Recommendation & Appreciation","Loyalty, Recommendation & Appreciation (0.75); Cleanliness, Hygiene & Maintenance (0.67); Service Quality (0.66)"
Asil Khusna Azizah,2025,5,fasilitas hotel baik nyaman makanan yang tersedia bervariasi enak namun bisa ditambahkan variasi untuk makanan tradisional pelayanan pegawainya juga ramah,KOMPETITOR,Bintang 4,NovotelSolo,positive,0.9988345503807068,Facilities & Amenities,Facilities & Amenities (1.00); Staff Conduct & Hospitality (0.97); Service Efficiency & Responsiveness (0.92)
Tinok Slegok,2024,5,untuk pelayanan kamar bagus hanya sandal jika tidak ada permintaan tidak tersedia di kamar pelayanan resto baik menu bervariasi dan cocok untuk bahasa indonesia pelayan bagus dan ramah,KOMPETITOR,Bintang 4,NovotelSolo,positive,0.9987780451774597,Service Quality,Service Quality (0.98); Service Efficiency & Responsiveness (0.98); Food & Beverage (0.97)
Katarina Elisabet,2024,3,Sejauh ini kalau ada sodara dateng ke solo pasti selalu merekomendasikan novotel solo sebagai tempat tujuan menginap melihat menu buka bersama disana yang sangat lengkap saya memutuskan untuk buka bersama keluarga disana namun sangat menyedihkan dari pertama datang saya terkejut karena sudah reservasi jauh hari dan bilang kalau yang datang adalah 3 orang dewasa beserta balita baru tetapi disediakan kursi hanya 3 petugas harus mengubah sesuai keinginan kami pada jam itu juga padahal saya sudah mengingatkan jauh hari jumlah peserta yang ikut bahkan sampai hari h pun saya masih berkomunikasi dengan petugas mengingatkan kami ingin duduk di kursi mana kedua saya sengaja menyelesaikan pelunasan pada waktu di rumah karena memang saya bilang ke mamah saya,KOMPETITOR,Bintang 4,NovotelSolo,negative,0.9858278036117554,Booking & Reservation Experience,Booking & Reservation Experience (0.91); Facilities & Amenities (0.80); Guest Experience (0.78)
agung mashabe,2024,4,secara keseluruhan bagus hnya perlu sdkit2 penyempurnaan untuk kunci kartu sprtinya sudah mulai minta ganti sofa kamar mgki busanya mulai kempes kmudian untuk handel mandi mgkin sudah mulai mnta ganti skira dmkian smga ke depan lebih baik trmksh,KOMPETITOR,Bintang 4,NovotelSolo,positive,0.9392989277839661,Facilities & Amenities,"Facilities & Amenities (0.88); Service Quality (0.81); Cleanliness, Hygiene & Maintenance (0.73)"
Barbara Gunawan,2025,4,sarapan kurang variasi rasa biasa saja,KOMPETITOR,Bintang 4,NovotelSolo,negative,0.9957808256149292,Food & Beverage,Food & Beverage (0.70); Sustainability & Environmental Quality (0.46); Booking & Reservation Experience (0.38)
SURYAHARTIN Offcial,2025,5,Hotel dengan keramahan yang bagus nyaman aman dan senang sekali bisa tinggal di sini,KOMPETITOR,Bintang 4,NovotelSolo,positive,0.9992066025733948,Service Quality,Service Quality (1.00); Safety & Security (1.00); Facilities & Amenities (1.00)
Rahmat Purwono,2023,4,kamar lumayan km sempit sarapan lumayan walaupun tidak seperti biasanya rasa enak kolam bagus ada 2 lokasi taman bermain anak tutup cenderung terlihat kurang terawat mungkin karena pandemi,KOMPETITOR,Bintang 4,NovotelSolo,positive,0.9967567324638367,Facilities & Amenities,Facilities & Amenities (0.94); Food & Beverage (0.72); Guest Experience (0.71)
Agata Sri Cahyani,2025,5,menginap 4 hari di sini pelayanan mantap hanya di kamar 621 mandi air panas tidak berfungsi dengan baik tapi secara umum okelah,KOMPETITOR,Bintang 4,NovotelSolo,positive,0.9952750205993652,Service Quality,Service Quality (0.99); Guest Experience (0.99); Facilities & Amenities (0.98)
Iin Sulistyaningsih,2022,4,saya tidak menginap di sini hanya kemarin menggunakannya sebagai kegiatan lokakarya calon guru penggerak kota surakarta alhamdulillah dalam setiap hari sabtu dalam waktu sebulan sekali kami puas dengan pelayanan yang nyaman ruangan dingin makanan juga bervariasi sehingga kepenatan dalam diklat terkurangi hanya satu masukan yaitu terkait tempat ibadah yang berada di bawah dan ukuran tidak terlalu luas kerumunan membuat saya mundur dan memilih beribadah di balik lcd ballroom tapi secara keseluruhan,KOMPETITOR,Bintang 4,NovotelSolo,positive,0.9975579977035522,Facilities & Amenities,Facilities & Amenities (0.99); Room Quality & Comfort (0.99); Service Quality (0.99)
my Lifetime,2024,1,pertama kalinya ke novotel solo pengalaman yang kurang baik mnrt saya dengan pelayanan yang minim di hotel berbintang 4 yang seharusnya mendapatkan sambutan yang lebih baik dari hotel bintang 3 tapi ya sudahlah saya pikir mungkin liburan selanjutnya tidak akan menginap di sini lagi dengan 5 kamar selama 2 hari pertama porter bellboy angkuh sombong muka banyak beban tidak seharusnya tamu menerima muka masam seperti dia memang benar saya membawa banyak keponakan saya dan anak2 tapi sewajarnya mereka bermain dan ada beberapa alat yang d dikirim dan dimainkan anak2 selama menunggu kamar mereka siap menegur dengan sikap aneh seolah-olah tidak pernah menghadapi anak2 yang sedang bermain saya,KOMPETITOR,Bintang 4,NovotelSolo,negative,0.9972035884857178,Guest Experience,Guest Experience (0.77); Check in/out Experience (0.44); Facilities & Amenities (0.42)
Evisyahputri 17,2023,5,tempatnya sangat nyaman dan pelayanan baik fasilitas cukup lengkap sayangnya untuk kamar mandi pemanas air bermasalah karena kurang panas dan di kamar mandi tidak ada knalpot van walaupun tidak merokok akan tetap akan lebih baik jika ada knalpot van agar udara segar bisa masuk ke kamar mandi,KOMPETITOR,Bintang 4,NovotelSolo,positive,0.9894769191741943,Facilities & Amenities,Facilities & Amenities (0.99); Service Quality (0.95); Service Efficiency & Responsiveness (0.87)
Novita Sari,2024,5,kamar memuaskan bersih bantal linen dan ranjang nyaman tekanan mandi sangat kuat dan stabil pelayanan sangat ramah sesuai merek,KOMPETITOR,Bintang 4,NovotelSolo,positive,0.9993785619735718,Room Quality & Comfort,Room Quality & Comfort (0.99); Service Quality (0.99); Facilities & Amenities (0.98)
Dyah Chandra,2024,5,Saya dan keluarga sangat nyaman menginap di sini kamar dan toilet bersih kasur terbilang cukup besar untuk ukuran satu tempat tidur lokasi tepat di tengah kota jadi mau kemana mudah harga tidak terlalu mahal staf hotel juga ramah lain kali jika datang ke solo mungkin saya menginap di sini lagi,KOMPETITOR,Bintang 4,NovotelSolo,positive,0.999382734298706,Facilities & Amenities,"Facilities & Amenities (1.00); Cleanliness, Hygiene & Maintenance (0.99); Service Efficiency & Responsiveness (0.99)"
bay iqbal bustami,2024,5,novotel ini hotel lama tapi sangat terwat kamar tidurnya nyaman sekali dan luas bahkan untuk untuk single bednya ukurannya lebih lebar dari pelayanan biasa staf nya mba linda ramah sekali dan membantu menawarkan bbrp menu untuk diantar ke meja,KOMPETITOR,Bintang 4,NovotelSolo,positive,0.9990876913070679,Facilities & Amenities,Facilities & Amenities (0.99); Room Quality & Comfort (0.96); Staff Conduct & Hospitality (0.94)
Yekti_ Heri Kurniawan,2025,5,Baik fasilitas oke tingkatkan,KOMPETITOR,Bintang 4,NovotelSolo,positive,0.9988266825675964,Service Quality,Service Quality (0.99); Facilities & Amenities (0.93); Guest Experience (0.87)
Allan Maulid dico,2025,5,servisnya luar bias,KOMPETITOR,Bintang 4,NovotelSolo,negative,0.9802610874176025,Facilities & Amenities,Facilities & Amenities (0.76); Sustainability & Environmental Quality (0.70); Guest Experience (0.61)
Denny,2024,5,suasana nyaman banget harga terjangkau rame sekali yang menginap disana fasilitas lgkp ada kolam renang cm ada sdkt tidak nyaman selamat minum nya lama banget untung bisa diantar ke kamar,KOMPETITOR,Bintang 4,NovotelSolo,positive,0.9953004121780396,Facilities & Amenities,Facilities & Amenities (0.98); Pricing & Value for Money (0.96); Family & Group Friendly (0.79)
kinanthi asmara,2023,4,Ke novotel emang buat acara kampus jadi panitianya sejauh ini pelayanannya bagus sih untuk orang 300 sebuah ballroomnya lumayan padat harga per net nya oke bisa dinego apalagi kalau ambilnya banyak tpi yang agak mengecewakan makanan yang tersisa seharusnya ditawarkan ke panitia apa mau dibungkus atau dikembalikan ke pihak hotel semoga bisa jadi bahan evaluasi ke depannya,KOMPETITOR,Bintang 4,NovotelSolo,positive,0.9892672300338745,Service Quality,Service Quality (0.93); Pricing & Value for Money (0.86); Guest Experience (0.73)
diajeng dewi,2020,5,hotelnya terlihat kalau sudah menjadi hotel mewah dari jaman dulu beberapa furnitur dan fasilitas kliatan emang hotel lama tapi tetap disesuaikan dengan fasilitas yang modern karyawan semuanya ramah sesuai standar hotel berbintang semuanya bagus cuma kalau boleh kasih masukan 1 mandi kamar mandi perlu diganti dengan yang lebih modern atau baru karena tuasnya keras banget diputar kalau udara panasnya dinyalakan ada bunyi kayak sirine atau klakson gt dan aliran udaranya juga kurang dari mereka mgkn karena mandi jadul jadi kurang enak pengoperasiannya gt 2 grooming waiter waitress saya kurang tau itu disana pegawai atau kary casual tapi bahkan itu kary,KOMPETITOR,Bintang 4,NovotelSolo,positive,0.9541946053504944,Facilities & Amenities,Facilities & Amenities (0.98); Staff Conduct & Hospitality (0.93); Service Quality (0.81)
Rudi Seto,2025,5,lokasi terbaik dan dilayani dengan sopan jawa,KOMPETITOR,Bintang 4,NovotelSolo,positive,0.9991963505744934,Service Quality,"Service Quality (1.00); Cleanliness, Hygiene & Maintenance (0.99); Service Efficiency & Responsiveness (0.98)"
Qwer Ty,2024,4,semuanya bagus ketika datang ke kamar ini pun bersih dan sangat nyaman sekali pelayanan sangat cepat ketika meminta sesuatu novotel solo memang tidak pernah mengecewakan tamu tamu yang menginap dan selalu mempriositaskan tamu jadi nyaman banget,KOMPETITOR,Bintang 4,NovotelSolo,positive,0.9988682270050049,Service Efficiency & Responsiveness,"Service Efficiency & Responsiveness (1.00); Cleanliness, Hygiene & Maintenance (1.00); Service Quality (0.99)"
Ira Rahmawati,2023,5,bisa dibilang hotel tua tapi cukup terawat kamar bersih staf ramah rasa makanan enak tidak datar tapi agak kebanyakan vetin di masakannya dengan harga yang dibayar melalui aplikasi harga accor anggota sangat puas dengan fasilitas yang didapatkan,KOMPETITOR,Bintang 4,NovotelSolo,positive,0.9990216493606567,"Cleanliness, Hygiene & Maintenance","Cleanliness, Hygiene & Maintenance (1.00); Service Quality (0.98); Staff Conduct & Hospitality (0.96)"
Zanuar Didik Bintoro,2024,5,hotel nya bagus lobi juga luas variasi menu makanan juga banyak rasa lumayan oke cuma kalau mau parkir basement harus muter dulu lewat samping hotel sebelah,KOMPETITOR,Bintang 4,NovotelSolo,positive,0.9985260963439941,Facilities & Amenities,"Facilities & Amenities (0.98); Service Quality (0.80); Location, Accessibility & Parking (0.75)"
Syamil Atayya,2025,5,layanan hotel nyaman sempurna ada kolam renangnya juga,KOMPETITOR,Bintang 4,NovotelSolo,positive,0.9993553757667542,Facilities & Amenities,Facilities & Amenities (0.99); Service Quality (0.98); Guest Experience (0.93)
Ani D.,2022,4,agak kecewa karena fasilitas kamar mandi dan mandi sangat minim dan tidak ada toilet mgk masih sementara kali yaa kolam renangnya tidak ada privasi tamu lalu lalang dari hotel ibis ke novotoel atau sekedar menunggu di depan lobi hotel ibis bisa melihat langsung ke area kolan renang mudah2an ada renovasi yang lebih baik,KOMPETITOR,Bintang 4,NovotelSolo,negative,0.9951017498970032,Facilities & Amenities,Facilities & Amenities (0.95); Guest Experience (0.89); Service Quality (0.64)
Mikko Nugroho,2024,4,nyaman rasa dan variasi menu sarapan bisa ditingkatkan kebersihan kamar rata rata keramahan staf super furnitur di kamar dan area publik terlihat dipakai keluar,KOMPETITOR,Bintang 4,NovotelSolo,positive,0.9978085160255432,"Cleanliness, Hygiene & Maintenance","Cleanliness, Hygiene & Maintenance (1.00); Room Quality & Comfort (1.00); Facilities & Amenities (1.00)"
Bagus Raditya,2024,5,Salah satu hotel jaringan ternama di kota solo suasananya masih khas dengan novotel namun dengan sentuhan desain jawa ala solo secara fasilitas oke semua kamar oke sarapan oke lokasinya apalagi sangat strategis dan dekat kemana mana namun hal lorong yang menghubungi kolam novotel dengan kolam ibis gaya mungkin bisa diperbaiki soalnya sangat gelap ada bau komberan yang nyengat di sekitar situ,KOMPETITOR,Bintang 4,NovotelSolo,positive,0.9855235815048218,Facilities & Amenities,"Facilities & Amenities (0.94); Ambience & Design (0.79); Location, Accessibility & Parking (0.70)"
Hutabarat Diana,2024,3,Hotel bgus hanya bangunan lama saya mnginap 4 hri 3 malam tapi sygnya tidak sesuai pesenan saya pesan kamar superior dengan raja buruk malah d ksih kamar yang ganda buruk n bantal nya keras bngt satpam nya g semua tanggap dengan tamu pada saat mau parkir,KOMPETITOR,Bintang 4,NovotelSolo,negative,0.9990692734718323,Booking & Reservation Experience,Booking & Reservation Experience (0.87); Facilities & Amenities (0.84); Guest Experience (0.81)
Andrew Mardhova,2025,5,begitu masuk resto pelayanan baikk ramah tempat bagus bisa langsung melihat kolam renang menu lumayan lengkap enak2 mantap lahh,KOMPETITOR,Bintang 4,NovotelSolo,positive,0.999421238899231,Service Quality,Service Quality (0.99); Facilities & Amenities (0.98); Staff Conduct & Hospitality (0.93)
Lulu Mardiyanto,2024,4,hanya lokasi yang menjadi pertimbangan memilih hotel ini untuk keliling ke dalam kota solo cukup carter becak saja agar tidak pusing mikir parkir mobil ukuran kamar tidak terlalu besar pesan tanpa sarapan karena banyak tersedia di lingkungan sekitar hotel jalan2 pagi ke arah ngarsopuro untuk sarapan di kfc msh lebih murah dibandingkan sarapan di hotel yang tarifnya sekitar 100rb orang masuk ke jl jawa timuran tersedia warung makan lokal,KOMPETITOR,Bintang 4,NovotelSolo,positive,0.9970377683639526,"Location, Accessibility & Parking","Location, Accessibility & Parking (0.96); Pricing & Value for Money (0.89); Facilities & Amenities (0.84)"
ワンティ,2023,5,hotel lama yang masih bagus pelayanan baik tapi ada beberapa perabot dalam kamar yang perlu diganti seperti kran wastafel di kamar mandi dan sofa di kamar tidur kamar 515 untuk rasa makanan saat sarapan enak dan banyak variasiinya kolam ada 2 1 dekat tempat sarapn dan yang 1 lagi lebih tempat pribadi,KOMPETITOR,Bintang 4,NovotelSolo,positive,0.9855713844299316,Facilities & Amenities,Facilities & Amenities (0.96); Service Quality (0.85); Food & Beverage (0.72)
Marjono Farm,2025,5,Novotel solo oke banget pelayana oke dan ramah,KOMPETITOR,Bintang 4,NovotelSolo,positive,0.9993916749954224,Staff Conduct & Hospitality,Staff Conduct & Hospitality (0.99); Service Quality (0.99); Service Efficiency & Responsiveness (0.97)
R P,2025,3,Hotel yang bagus terletak di jantung kota yang indah ini banyak tempat dekat untuk dikunjungi dalam jarak berjalan kaki kamar yang cukup tua namun ia menjaga kebersihan mereka dengan layanan yang baik,KOMPETITOR,Bintang 4,NovotelSolo,positive,0.9989922642707825,Service Quality,"Service Quality (1.00); Cleanliness, Hygiene & Maintenance (0.99); Facilities & Amenities (0.97)"
Tsalitsa Putro,2020,5,tempatnya tidak terlalu jauh dari stasiun purwosari surakarta mudah dijangkau dengan menggunakan kendaraan umum atau pun dengan ojek online tempatnya nyaman bersih dan pegawainya pun ramah tapi rasa makanannya tidak terlalu enak cenderung hambar fasilitas di dalam kamar bagus ada televisi yang normal lampu ac brangkas 1 botol udara mineral sandal yang jadi nilai tambah disini itu disetiap kamar ada kitab suci al qur an dan pandangan bibel dari kamar 2 atau kamar yang jendelanya menghadap ke timur pemandangan gunung,KOMPETITOR,Bintang 4,NovotelSolo,positive,0.9975436329841614,Facilities & Amenities,Facilities & Amenities (0.99); Religious & Halal Features (0.86); Service Quality (0.82)
Zwesty Kartika Sari,2022,4,pengalaman pertama menginap di hotel novotel dengan keluarga kecil saya bisa sampai di hotel ini sebagai bentuk apresiasi kementrian pariwisata untuk anak-anak yang membantu dalam penanganan kasus pelayanan covid baik petugas ramah sopan komunikasi juga okeyy kamar cukup luas fasilitas juga baik konsumsi pun juga merasa hanya sayang ketika memeriksa masuk tidak di tawari mau di daerah merokok atau tidak merokok akhirnya saya mendapatkan daerah merokok padahal suami saya tidak merokok jadi ketika keluar mengangkat baunya langsung rokok tapi tidak jadi masalah secara besar tetap berkarya senyum sip peduli dan melayani sepenuh hati saya untuk hotel novotel solo terimakasih,KOMPETITOR,Bintang 4,NovotelSolo,positive,0.9936863780021667,"Loyalty, Recommendation & Appreciation","Loyalty, Recommendation & Appreciation (1.00); Facilities & Amenities (1.00); Staff Conduct & Hospitality (1.00)"
Ruby Anto,2023,4,kamarnya standar saja gk ada yang spesial bahkan ukuran kamar mandi terlalu kecil layanan cukup bagus lokasinya tidak terlalu menarik karena tepat berada di jalan yang cukup padat dn semrawut apalagi trotoarnya banyak yang rusak sampah tercecer di mana2,KOMPETITOR,Bintang 4,NovotelSolo,negative,0.9970669150352478,Service Quality,Service Quality (0.96); Facilities & Amenities (0.90); Guest Experience (0.72)
Denny Cornelius,2025,5,pengalaman yang menyenangkan di kamar 501 suite kamar sambutan dan pelayanan yang hangat dari semua staf hotel secara keseluruhan saya beri nilai baik,KOMPETITOR,Bintang 4,NovotelSolo,positive,0.997877836227417,Guest Experience,Guest Experience (1.00); Staff Conduct & Hospitality (1.00); Room Quality & Comfort (0.99)
nunik wahyuni,2025,5,Tempat terbaik untuk tinggal masuk solo selama beberapa hari,KOMPETITOR,Bintang 4,NovotelSolo,positive,0.9964119791984558,Facilities & Amenities,"Facilities & Amenities (0.79); Pricing & Value for Money (0.65); Location, Accessibility & Parking (0.53)"
Shinta Arini,2024,5,lokasi hotel strategis ditengah kota klo minggu bisa cfd dkt mall dkt rsto dan cafe makanan enak kryawan ramah ada fitnes alat lengkap ada spanya jugaalaya spatreatmentnya enak lengkap layak banget,KOMPETITOR,Bintang 4,NovotelSolo,positive,0.9996122717857361,Facilities & Amenities,Facilities & Amenities (0.99); Service Quality (0.98); Service Efficiency & Responsiveness (0.96)
Arfika Arumastika,2020,4,lokasi sangat nyaman dekat dengan masjid didepan hotel tersedia nasi liwet yang enak menu sahur tidak terlalu variatif dan karyawan yang melayani hanya satu orang kamar mandi agak mampet salurannya gagang mandi juga sudah rusak akses menuju kolam renang tercium bau tidak sedap mempertahankanenya semoga ditingkatkan lagi,KOMPETITOR,Bintang 4,NovotelSolo,positive,0.9315889477729797,Facilities & Amenities,Facilities & Amenities (0.94); Guest Experience (0.76); Food & Beverage (0.70)
Muhammad Hakim,2024,5,Saat pesan tidak diinfo ac sedang pemeliharaan walau tidak ganggu udara masih terasa dingin peralatan kamar mandi perlu diperbaiki sudah tua dan ada yang rusak,KOMPETITOR,Bintang 4,NovotelSolo,negative,0.9409489631652832,Facilities & Amenities,"Facilities & Amenities (0.88); Cleanliness, Hygiene & Maintenance (0.74); Sustainability & Environmental Quality (0.71)"
Nafa Q,2025,5,semua tempatnya bagus estetik makanan restonya enak kamarnya juga enak dan bersih layak untuk dipilih saat mencari kamar untuk menginap,KOMPETITOR,Bintang 4,NovotelSolo,positive,0.9993977546691895,Food & Beverage,"Food & Beverage (1.00); Cleanliness, Hygiene & Maintenance (1.00); Facilities & Amenities (1.00)"
lina agustina3107,2024,5,hotel nya strategis banget hotel ternyaman yang ada di solo pelayanan nya juga cukup baik sekali fasilitas ada kolam renang yang sangat bersih tempat gym nya juga oke bngt apalagi ada alaya spa massage nya bikin santai capeknya langsung hilang dan tempat nya bersih wangi bikin betah mbak mbak nya juga ramah semuanya rekomendasi bngt jika menginap lagi di sini wajib spa di alaya spa,KOMPETITOR,Bintang 4,NovotelSolo,positive,0.9995653033256531,Facilities & Amenities,Facilities & Amenities (0.99); Service Quality (0.98); Service Efficiency & Responsiveness (0.90)
Uwoo Uwii,2025,5,jujur untuk makanan restoran enak semua apalagi susu buat sereal terus untuk makanan berat juga oke tapi untuk nasi goreng hari ini agak asin tapi overall okee,KOMPETITOR,Bintang 4,NovotelSolo,positive,0.9936248064041138,Food & Beverage,"Food & Beverage (0.95); Loyalty, Recommendation & Appreciation (0.90); Service Quality (0.82)"
Anindita Syakira,2025,5,Recomended banget deh makan enak godaan bersih kolam renang bersih bisa renang dan sarapan tanpa nginap loh kereen dah novotel,KOMPETITOR,Bintang 4,NovotelSolo,positive,0.9994308352470398,"Cleanliness, Hygiene & Maintenance","Cleanliness, Hygiene & Maintenance (0.96); Facilities & Amenities (0.95); Service Quality (0.92)"
Mbah Rega Vlog,2024,5,pengalaman yang menyenangkan kamar yang nyaman dan bersih kulitas penyajian makanan cukup baik pelayanan resto yang sangat ramah,KOMPETITOR,Bintang 4,NovotelSolo,positive,0.9992990493774414,"Cleanliness, Hygiene & Maintenance","Cleanliness, Hygiene & Maintenance (1.00); Room Quality & Comfort (1.00); Facilities & Amenities (1.00)"
Dodie Satriani,2024,5,Secara keseluruhan oke lebih baik dengan kamar sebesar itu seharusnya ada bak mandi dan TV di besarkan ukuran nya makanan oke sarapan di samping kolam oke petugas ramah2 terima kasih,KOMPETITOR,Bintang 4,NovotelSolo,positive,0.997994065284729,Facilities & Amenities,Facilities & Amenities (1.00); Staff Conduct & Hospitality (0.99); Guest Experience (0.98)
Mari Min,2025,5,tempat yang nyaman ada kolam renangnya okee semua baik pelayanan ramah kamar bersih makanan enak,KOMPETITOR,Bintang 4,NovotelSolo,positive,0.9994151592254639,Facilities & Amenities,Facilities & Amenities (1.00); Guest Experience (0.99); Service Quality (0.99)
Shafira Ristiputri,2024,5,Lokasinya strategis sarapannya enak untuk kamar kemarin pesen kamar keluarga dan itu cocok banget buat keluarga muat sampai 3 4 orang dan ruang kamarnya luas banget terima kasih novotel,KOMPETITOR,Bintang 4,NovotelSolo,positive,0.9994930028915405,Family & Group Friendly,Family & Group Friendly (0.99); Facilities & Amenities (0.94); Booking & Reservation Experience (0.93)
Ryan Martin Janemant,2020,4,Beberapa waktu yang lalu saya memilih novotel solo untuk liburan singkat sya di solo saya memilih tipe kamar ekskutif berada di lantai 7 no kamar 717 lokasi hotel ditengah kota solo di jl slamet riyadi kemana2 mudah dan dekat hotel memang bangunan lama tapi masih sangat nyaman lobi hotel mewah unik dengan sentuh budaya jawa ungu kursi menjadi tempat yang unik menurut saya staf cek masuk sangat ramah sangat menyambut kebetulan saat cek masuk malam2 karena perjalanan dari selatan ke solo saat itu staf mengarahkan sya ke ekskutif lounge yang kebetulan selantai dengan kamar menjadi catatan untuk lounge nya bukan ada staf yang bertugas makanan ringan yang terisi yang,KOMPETITOR,Bintang 4,NovotelSolo,positive,0.9980111122131348,Staff Conduct & Hospitality,Staff Conduct & Hospitality (0.98); Service Quality (0.95); Service Efficiency & Responsiveness (0.92)
Beny Ricardo,2024,5,hotelnya nyaman bersih view di lantai 7 juga cukup menarik bisa lihat kota solo dari ketinggian sarapan pagi enak dan ada berbagai macam pilihan pokoknya mantap,KOMPETITOR,Bintang 4,NovotelSolo,positive,0.9995822310447693,Facilities & Amenities,"Facilities & Amenities (0.95); Service Quality (0.93); Cleanliness, Hygiene & Maintenance (0.92)"
Igo’s Juniors,2025,5,Layanan di Restonya yang terbaik sih dengan pak iman dan pak ryan yang sangat ramah dan membantu sayangnya kolam renang lagi renovasi,KOMPETITOR,Bintang 4,NovotelSolo,positive,0.9988279938697815,Service Quality,Service Quality (1.00); Food & Beverage (1.00); Staff Conduct & Hospitality (1.00)
Annisa Zamir,2025,5,oke nyaman bagus,KOMPETITOR,Bintang 4,NovotelSolo,positive,0.9991961121559143,Room Quality & Comfort,"Room Quality & Comfort (0.95); Facilities & Amenities (0.90); Cleanliness, Hygiene & Maintenance (0.84)"
Aan Dwicahyo,2024,5,Pelayanan yang sangat nyaman staf hotel novotel yang ramah dan ramah membuat tambah nyaman dan puas lokasi yang strategis berada di tengah tengah kota solo,KOMPETITOR,Bintang 4,NovotelSolo,positive,0.9994946718215942,Staff Conduct & Hospitality,Staff Conduct & Hospitality (1.00); Service Quality (1.00); Facilities & Amenities (0.99)
Nur Ainun,2023,3,hotel tidak ramah ibu menyusui saya titip asip dan esegel ke freezer tapi saat diambil keesokan harinya asip masih cair esegel cair semua dan berbau amis sepertinya dicampur dengan,KOMPETITOR,Bintang 4,NovotelSolo,negative,0.9980338215827942,Guest Experience,Guest Experience (0.54); Facilities & Amenities (0.48); Booking & Reservation Experience (0.46)
Fitri Wulandari,2024,5,hotel yang amat sangat mengesankan mulai dari pelayanan yang amat sangat baik lokasi yang strategis dekat dengan kota harga yang amat sangat terjangkau dan bangunan yang bagus akan menjadi tujuan jika menginap di sini,KOMPETITOR,Bintang 4,NovotelSolo,positive,0.9990299940109253,Service Quality,Service Quality (1.00); Facilities & Amenities (1.00); Pricing & Value for Money (1.00)
wan powpow,2022,4,yang bersih dan nyaman terdapat kolam renang baik untuk dewasa maupun anak anak,KOMPETITOR,Bintang 4,NovotelSolo,positive,0.9993501305580139,Facilities & Amenities,"Facilities & Amenities (0.98); Cleanliness, Hygiene & Maintenance (0.97); Family & Group Friendly (0.95)"
Dessy Sinaga,2022,4,Klo hotel jaringan tidak perlu diragukan lagi lah ya standar pelayanannya cuma karena sedang masih pandemi agak tidak nyaman saja klo makanan jam diambilkan tapi kebijakan sarapan gratis untuk anak2 sampai usia 16 itu cukup menyenangkan untuk,KOMPETITOR,Bintang 4,NovotelSolo,positive,0.9939028024673462,Service Quality,Service Quality (0.98); Guest Experience (0.85); Facilities & Amenities (0.83)
Aditya Saputra,2025,1,dateng jam 3 jam 4 sore kamar belum siap mesti menunggu 1 jam 2 kali pengalam kaya gini di tahun yang berbeda memang penyakit,KOMPETITOR,Bintang 4,NovotelSolo,negative,0.9979312419891357,Check in/out Experience,Check in/out Experience (0.77); Booking & Reservation Experience (0.70); Guest Experience (0.69)
Desmond Felix,2025,4,Semua bagus tapi nyebrang keluar jalan gaada satpam yang ngarahin jelas lokasi nya di deket jalan besar salam riyadi jadi sulit keluar dari hotel,KOMPETITOR,Bintang 4,NovotelSolo,positive,0.7187117338180542,Service Quality,Service Quality (0.97); Facilities & Amenities (0.95); Guest Experience (0.92)
Agatha .S.M. Pamungkas,2025,1,lokasinya saja sih yang oke makanan kurang banget saat kami adakan acara oke2 saja sih tapi saat sarapan sayur capchaynya seperti asam sudah basi kami makan di jam 8:30 pagi dan paling parah handuknya sih sudah harus sangat peremajaan karena sangat keterlaluan bentuk handuknya sudah tidak layak untuk hotel bintang 4 dengan nama besar kita pilih hotel ini karena dekat dengan stasiun kereta api,KOMPETITOR,Bintang 4,NovotelSolo,negative,0.989559531211853,Facilities & Amenities,"Facilities & Amenities (0.80); Location, Accessibility & Parking (0.63); Service Quality (0.62)"
Andrea Gideon,2025,1,Tidak mencerminkan hotel bintang 4 sangaat menyesal pilih hotel ini lama banget pelayanannya jam 15 35 kamar belum siap dan minta menunggu 45 menit sebelum sepertinya menginap atau saya merekomendasikan klo ada bintang dibawah satu untuk pelayanan sepertinya saya pilih dibawah satu,KOMPETITOR,Bintang 4,NovotelSolo,negative,0.996151864528656,Booking & Reservation Experience,Booking & Reservation Experience (0.50); Guest Experience (0.48); Check in/out Experience (0.43)
Kesiyah Kesiyah,2025,1,pembagian kamar kegiatan bimtek tidak efektif pukul 19.30 harus sudah masuk kembali ke ruangan di rundown waktu istirahat sholat dan makan tercantum 17 30 19 30 pukul 19.00 masih ngantri untuk mendapatkan kunci kamar,KOMPETITOR,Bintang 4,NovotelSolo,neutral,0.9369466304779053,Guest Experience,Guest Experience (0.74); Check in/out Experience (0.61); Food & Beverage (0.54)
Joshua Christian,2025,1,Sarapan terlalu buruk orang mesin kopi mati kompor telur mati masakan keasinan untuk saya seperti 2 bintang sarapan dengan akomodasi 4 bintang tidak masalah dengan kamar hanya sarapan adalah cara terlalu buruk,KOMPETITOR,Bintang 4,NovotelSolo,negative,0.9948475360870361,Guest Experience,Guest Experience (0.76); Food & Beverage (0.68); Facilities & Amenities (0.66)
Saputra Shearen,2025,1,untuk hotel nya bagus dengan nuansa jawa dan juga untuk makanan minuman nya saya acungi jempol tapi sangat menyayangkan saya risih ketika dimintain review bagus dengan memaksa untuk review itu kan penilaian dari diri saya bukan paksaan mohon diperbaiki sikap nya ya kak boleh saya mohon maaf jika aga risih untuk staf nya jika memaksa minta review dengan memaksa agar dibaguskan atas nama mereka,KOMPETITOR,Bintang 4,NovotelSolo,negative,0.9906817674636841,Food & Beverage,Food & Beverage (0.95); Guest Experience (0.71); Staff Conduct & Hospitality (0.68)
Quinten,2025,1,Minggu pukul 6 pagi seorang pria dengan megaphone muncul masuk di depan hotel berteriak keras dan membangunkan kami turun ke resepsi untuk melihat apa yang terjadi di sana aku diberitahu itu dari hotel dan normal dari jam 6 sampai 9 pagi,KOMPETITOR,Bintang 4,NovotelSolo,negative,0.9683883786201477,Check in/out Experience,Check in/out Experience (0.90); Guest Experience (0.84); Cultural & Heritage Experience (0.48)
Heidy Safira,2025,1,hotel terburuk pernah pernah dua kali menginap di novotel solo selalu kamar belum siap dan harus menunggu lama sekali setelah berapa tahun saya kira ada perbaikan eh tahu sama saja sudah sengaja datang sore jam 4 ada waktu luang dua jam dari waktu memeriksa ternyata seperti diduga waktu memeriksa masuk kamarnya belum siap padahal saya cuma pesan satu kamar dua kamar sudah pesan dari sebulan sebelumnya sudah membayar juga tanpa permintaan seperti itu saja pelayanannya lama akhirnya saya dapat kamar setelah dua puluh menit itu juga karena saya mengeluh dan tunggui terus di resepsionis manajer tidak turun tangan sama sekali padahal suasana hotel penuh mengeluh jika saya nurut dan menunggu begitu saja mungkin,KOMPETITOR,Bintang 4,NovotelSolo,negative,0.9977803826332092,Booking & Reservation Experience,Booking & Reservation Experience (0.92); Check in/out Experience (0.84); Guest Experience (0.83)
Budi Santoso,2025,1,Saat libur panjang kemarin saya salah buku tanggal via traveloka yang seharusnya tanggal 9 10 Mei tetapi kesalahan ke 27 28 Mei dan saya baru sadar saat sampai dilokasi hotel untuk cek masuk sekitar pukul 16.00 itu juga diberitahu resepsionis yang bertugas akhrnya kembali ke mobil dan mencari hotel lain karena memang sudah penuh di hr trsbt mencoba mengajukan permohonan pengembalian uang melalui traveloka dan hotel saya sudah meminta bantuan sampai tlpn 3x karena mmg kebijakan di buku hotel tersebut ternyata tidak dapat pengembalian uang dan di reset harapan saya pihak hotel dapat berempati untuk mengabulkan pengembalian tersebut,KOMPETITOR,Bintang 4,NovotelSolo,negative,0.9830241203308105,Booking & Reservation Experience,Booking & Reservation Experience (0.47); Complaint Handling & Service Recovery (0.37); Pricing & Value for Money (0.30)
Alfinnissa 09,2025,1,mohon untuk dibenahi aturan yang tidak masuk rasional kita pengemudi online suruh lepas atribut waktu anter pesanan pelanggan sedang atribut itu sop kita dalam bekerja dan andaikata kustomer jika kasih rating kita tidak menggunakan atribut emang pihak manajemen mau menanggung,KOMPETITOR,Bintang 4,NovotelSolo,negative,0.9932156205177307,Management & Policy Issues,Management & Policy Issues (0.69); Guest Experience (0.62); Booking & Reservation Experience (0.45)
Angeline Aprilna,2025,1,kita tinggal lama di sini 5 malam dan cukup kecewa sudah pasti tahun depan tidak akan menginap di hotel ini lagi kamar oke tapi di bawah ini sama sekali pengalaman yang tidak menyenangkan 1 kolam jorok sangat buruk hari pertama anak saya terluka kaki nya di dalam kolam 2 tambahan tempat tidur kita bayar 350rb malam bagian tengah tambahan tempat tidur melengkung masa di kasih kasur rusak selama 3 malam 3 saat melakukan pembayaran tambahan tempat tidur untuk bingung kita ambil berapa malam mengapa tidak ada di sistem hampir salah biaya dari 3 malam jadi 4 malam 4 pela buruk saat kita sampai di hotel malam hari sekitar jam 10 malam lalu menggendong anak tidur kebetulan jg mertua,KOMPETITOR,Bintang 4,NovotelSolo,negative,0.9993626475334167,Facilities & Amenities,Facilities & Amenities (0.85); Guest Experience (0.70); Pricing & Value for Money (0.62)
Imam Wicaksono,2023,1,Saya psan 4 kamar untuk keluarga pada 9 Mei 22 sblm c masuk saya konfirmasi dan sdah bisa c masuk ketika datang proses c masuk lama sekali kami baru bisa masuk kamar pukul 14 45 45 menit menunggu di lobi kamar 316 dan 318 udara masuk melalui jendela saat hujan menggenang sampai ke bawah kasur semua fasilitas di kamar barang Anda membutuhkan penyegaran agar kamar tidak terlihat menggunakan sarapan pagi saya tanya melalui tlp jam berapa siap disantap jawab pukul 06 saat resto sdah buka dan mulai didatangi pengunjung menu2 buffe dingin semua saya tidak jadi makan nasi goreng yang sedang di masak agar pagi,KOMPETITOR,Bintang 4,NovotelSolo,negative,0.977209210395813,Facilities & Amenities,Facilities & Amenities (0.90); Check in/out Experience (0.69); Service Quality (0.62)
HBS Version,2025,1,kamar bau rokok dan sepanjang koridor juga bau asap rokok tidak ada non-smoking room jadi meskipun sudah dibersihkan msh sj asap rokok tidak bisa keluar terlebih tidak ada jendela kemudian lampu remang2 tidak ada lampu utama yang terang seperti di hotel lain tv pun bermasalah karena internet lemot dan jg tidak diberi pengguna dan password untuk netflix dan semacamnya,KOMPETITOR,Bintang 4,NovotelSolo,negative,0.9989857077598572,Facilities & Amenities,Facilities & Amenities (0.85); Digital Connectivity & Technology (0.68); Service Quality (0.65)
Rahm 4lfe,2022,1,pengalaman kami tinggal lebih dari 2 malam datang tuk cek masuk kamar belum siap kamar di lantai non merokok tapi ada bau rokok sepanjang hari di lorong antar kamar2 ac kamar tidak dingin knalpot penghisap udara kamar mandi tidak berfungsi sehingga berembun lama bau rokok dari luar merembes ke dalam kamar dari saluran udara kamar mandi mandi dengan selang di kamar mandi tersumbat keluar udara kecil menggenang di lantai mandi dan wastafel tersumbat kamar tidak dibersihkan setelah satu pula malam sampah pun tidak dibuang gelas tangan dan tidak diganti yang bersih tidak disebutkan jika fasilitas kolam renang restoran dan kebugaran digunakan,KOMPETITOR,Bintang 4,NovotelSolo,negative,0.998946487903595,Check in/out Experience,Check in/out Experience (1.00); Guest Experience (0.96); Facilities & Amenities (0.69)
J B,2024,1,resepsionis wanita yang menangani pembayaran saya sangat tidak profesional dan kurang pengetahuan saat pembayaran saya sudah mengatakan bahwa kartu saya adalah kartu debit sistem kartu terbuka nya tidak seperti kartu kredit saya tanya sistem pengembalian seperti apa dia masih tidak mengerti bukannya bertanya dengan atasan dulu tapi langsung tarik dana dari kartu saya akhirnya sampai sekarang tidak ada pengembalian terkait sisa dana yang tersisa yang ditarik saya didhubungi oleh pihak hotel bernama adji tapi juga tidak ada kemajuan sampai hari ini perhotelan yang ditawarkan hanyalah sikap ramah tapi tanpa pengetahuan dan profesionalisme,KOMPETITOR,Bintang 4,NovotelSolo,negative,0.9990721940994263,Guest Experience,Guest Experience (0.29); Management & Policy Issues (0.26); Pricing & Value for Money (0.20)
AM Rizal Budiarjo (Nino),2023,1,dulu sich novotel solo merupakan hotel terbaik di solo gm nya orang bule sangat ramah dan perhatian selalu menyapa tamu saat sarapan bahkan menolong istri saya saat dia kerepotan ama anak2 gue saat sarapan kita diperlakukan seperti keluarga luar biasa sekali pasti saya memilih novotel dari pada alila alana aston atau yang lainnya tapi sekarang saya ragu banget nich saya ingin memeriksa masuk jam 3:30 saja kamar belum tersedia di kantor depan hanya satu staf senior ini baru saat memeriksa masuk entah apa yang terjadi selanjutnya,KOMPETITOR,Bintang 4,NovotelSolo,negative,0.5613588094711304,Service Efficiency & Responsiveness,Service Efficiency & Responsiveness (0.93); Family & Group Friendly (0.92); Service Quality (0.89)
my Lifetime,2024,1,pertama kalinya ke novotel solo pengalaman yang kurang baik mnrt saya dengan pelayanan yang minim di hotel berbintang 4 yang seharusnya mendapatkan sambutan yang lebih baik dari hotel bintang 3 tapi ya sudahlah saya pikir mungkin liburan selanjutnya tidak akan menginap di sini lagi dengan 5 kamar selama 2 hari pertama porter bellboy angkuh sombong muka banyak beban tidak seharusnya tamu menerima muka masam seperti dia memang benar saya membawa banyak keponakan saya dan anak2 tapi sewajarnya mereka bermain dan ada beberapa alat yang d dikirim dan dimainkan anak2 selama menunggu kamar mereka siap menegur dengan sikap aneh seolah-olah tidak pernah menghadapi anak2 yang sedang bermain saya,KOMPETITOR,Bintang 4,NovotelSolo,negative,0.9972012042999268,Guest Experience,Guest Experience (0.77); Check in/out Experience (0.43); Facilities & Amenities (0.41)
Bryan Saputra,2024,1,Beberapa hari yang lalu menginap dan bertemu di hotel novotel solo dengan pelayanan yang ramah tapi hampir semua karyawan di tempat pertemuan mengunakan pakaian kotor penuh kucing dan sangat tidak enak di lihat saat menjaga berdiri makanan dengan pakaian kotor penuh kucing,KOMPETITOR,Bintang 4,NovotelSolo,negative,0.9969608187675476,Guest Experience,Guest Experience (0.84); Service Quality (0.78); Staff Conduct & Hospitality (0.78)
Faustina Wiyono,2023,1,pertama kali saya menginap di novotel solo pertama kali dalam pelayanan cek masuk sangat lama padahal sesuai pemesanan seharusnya bisa cek masuk pukul 14.00 tetapi baru bisa cek masuk sekitar pukul 15.00 ketika sampai di kamar secara kebersihan juga buruk ada masker bekas yang dipakai yang belum dibuang toilet buntu sehingga harus memanggil teknisi untuk membersihkan sangat tidak merekomendasikan,KOMPETITOR,Bintang 4,NovotelSolo,negative,0.9988712668418884,Booking & Reservation Experience,Booking & Reservation Experience (0.80); Facilities & Amenities (0.67); Check in/out Experience (0.65)
Aditya Saputra,2025,1,dateng jam 3 jam 4 sore kamar belum siap mesti menunggu 1 jam 2 kali pengalam kaya gini di tahun yang berbeda memang penyakit,KOMPETITOR,Bintang 4,NovotelSolo,negative,0.9979312419891357,Check in/out Experience,Check in/out Experience (0.77); Booking & Reservation Experience (0.70); Facilities & Amenities (0.69)
Ganda Hendranata,2020,1,saya dihubungi pihak novotel solo pada tanggal 28 juli 2019 dikonfirmasi untuk tanggal 29 juli 2019 siapkan 4 kamar keluarga sesuai pesanan sebagai anggota gold accor saya seharusnya mendapatkan cek awal masuk lewat check keluar upgrade kamar awal cek masuk saya tidak meminta sesuai standar cek masuk jam 2 siang tetapi sampai kedatangan kamar yang siap cuma 1 dan tidak mendapatkan manfaat upgrade kamar pelayanan yang sangat mengecewakan sekali saya rasa ini merupakan pengalaman di novotel yang terburuk dan novotel solo saya seharusnya tidak termasuk novotel sangat tidak layak saya menunggu telepon dari gm hotel ini sesuai yang dijanjikan bagian resepsi yang bernama robby robby bobbi,KOMPETITOR,Bintang 4,NovotelSolo,negative,0.999261200428009,Check in/out Experience,Check in/out Experience (0.92); Guest Experience (0.91); Booking & Reservation Experience (0.64)
Ren,2023,1,hotel besar berbintang 4 satpam banyak tapi untuk masuk keluar tamu tidak ada yang jaga kasih aba2 di jalan tamu nyelonong langsung belok ke hotel bikin celaka pengguna motor pass udah terjadi tabrakan satpam cuma ngelihatin do'a tidak bantuin lain kali 1 satpam suruh ngatur keluar masuk tamu atau kalau enggak cari karyawan baru buat ngatur jalan,KOMPETITOR,Bintang 4,NovotelSolo,negative,0.9981153011322021,Guest Experience,Guest Experience (0.53); Service Quality (0.51); Safety & Security (0.48)
ken raa wicaksono,2025,1,Hotel terburuk pernah baru kali ini acara keluarga berkumpul harus menunggu mendapatkan kamar 2 jam lebih mana bawa bayi,KOMPETITOR,Bintang 4,NovotelSolo,negative,0.9988275170326233,Guest Experience,Guest Experience (0.96); Check in/out Experience (0.82); Booking & Reservation Experience (0.68)
Yeap Joo Koh,2024,1,Hotel yang sangat tua jika Anda percaya merek accor adalah jaminan kualitas maka Anda mungkin benar sebagian besar waktu kecuali ini itu mengerikan mungkin 20 tahun di belakang waktu toilet jauh dari kurangnya perawatan ideal langsir kamar penuh noda istirahat sampai imajinasi Anda sebagai saya adalah anggota platinum saya tidak ditawarkan upgrade selama pemeriksaan masuk keluar dari putus asa saya bertanya apakah hotel dapat menawarkan saya kamar yang lebih baik atau mungkin upgrade saya ditolak karena setiap kamar adalah masuk kondisi yang sama dikonfirmasi oleh manajer resepsi tinggal di atas risiko Anda sendiri,KOMPETITOR,Bintang 4,NovotelSolo,negative,0.9988740086555481,Check in/out Experience,Check in/out Experience (0.97); Service Quality (0.94); Facilities & Amenities (0.89)
Arifin Roosady,2023,1,Saya melihat ada orang pelatihan pkl masuk yang seharusnya pada hari idul fitri seharusnya diliburkan setelah saya tanyakan kepada pelatihan jika tidak masuk akan terkena memperpanjang 2 minggu hormatilah agama orang lain,KOMPETITOR,Bintang 4,NovotelSolo,negative,0.9954673051834106,Guest Experience,Guest Experience (0.63); Religious & Halal Features (0.60); Check in/out Experience (0.57)
Astrea Pretiwindya,2023,1,Jadi mulai keluar seperti baik-baik saja malam pertama AC masuk kamar kami rusak yang diperbaiki malam kedua lebih baik semuanya tampak bekerja tampaknya AC masuk kamar paman dan bibi saya pergi keluar masuk kamar mereka dengan kedua kamar berada di pemesanan yang sama malam kemarin adalah ketika semuanya pergi ke neraka masuk keranjang air panas pergi keluar pemeliharaan datang untuk mencoba untuk memperbaikinya namun tidak membuat air keluar keluar sebagai pemeliharaan kotor keluar dan tidak kembali setelah mereka mengatakan mereka akan memastikan ini tidak terjadi masuk kamar lain kami tidak mendapatkan resolusi apapun sampai,KOMPETITOR,Bintang 4,NovotelSolo,negative,0.9989626407623291,Booking & Reservation Experience,Booking & Reservation Experience (0.90); Check in/out Experience (0.89); Facilities & Amenities (0.88)
Listiani Devi Budiyanto,2020,1,Premier room dikmr 703 kamar mandi tidak bisa ditutup pintunya perlu renovasi total karena sudah kuno interior dari novotel berdiri sampai sekarang tidak direnovasi,KOMPETITOR,Bintang 4,NovotelSolo,negative,0.9599944353103638,Facilities & Amenities,Facilities & Amenities (0.61); Sustainability & Environmental Quality (0.39); Management & Policy Issues (0.30)
Lovely Angel,2024,1,kecewa menginap di sini pelayanan buruk banget kondisi sakif tapi tidak mau mengantar makanan sangat tidak dianjurkan sebelum menginap di sini,KOMPETITOR,Bintang 4,NovotelSolo,negative,0.9994183778762817,Guest Experience,Guest Experience (0.97); Check in/out Experience (0.73); Facilities & Amenities (0.72)
Lanny The,2019,1,Ini tidak berharga untuk uang itu adalah perabot hotel lama dan kamar yang ouded dan terburuk kamar lobby karpet itu bau hotel lama kamar mandi gelap dan kecil untungnya handuk masih masuk warna putih aku tidak akan kembali ke hotel ini,KOMPETITOR,Bintang 4,NovotelSolo,negative,0.9977854490280151,Facilities & Amenities,Facilities & Amenities (0.98); Pricing & Value for Money (0.96); Guest Experience (0.59)
Mich Mich,2019,1,Saya sarapan bersama keluarga besar dan setelah itu hari berjamaah sangat menyedihkan sekali hotel berbintang tidak menjaga ke higenis makanannya,KOMPETITOR,Bintang 4,NovotelSolo,negative,0.9979133009910583,Guest Experience,Guest Experience (0.89); Food & Beverage (0.82); Cultural & Heritage Experience (0.75)
Yuan Aryza,2022,1,pelayanan buruk telepon ke operator dan resepsi tidak di angkat telepon ke rumah menjaga tidak tersambung harus telepon melalui ponsel ke nomor kabel yang tertera di google baru di angkat,KOMPETITOR,Bintang 4,NovotelSolo,negative,0.9980809688568115,Guest Experience,Guest Experience (0.81); Staff Conduct & Hospitality (0.79); Service Quality (0.78)
Dian Rahardjo,2024,1,perlu renovasi saja deh lokasi bagus sangat strategis kamar gede,KOMPETITOR,Bintang 4,NovotelSolo,positive,0.997855007648468,Facilities & Amenities,Facilities & Amenities (0.92); Room Quality & Comfort (0.85); Sustainability & Environmental Quality (0.78)
Halim Iskandar,2023,1,Saat baru masuk ke kamar liat duve baru udah spot apa tidak kepikiran buat ganti duve gitu ya,KOMPETITOR,Bintang 4,NovotelSolo,negative,0.771403968334198,Check in/out Experience,Check in/out Experience (0.74); Guest Experience (0.71); Sustainability & Environmental Quality (0.51)
Haryono Kurniawan,2023,1,servis bagus penghuni hotel ny gk enak,KOMPETITOR,Bintang 4,NovotelSolo,negative,0.9991426467895508,Service Quality,Service Quality (0.97); Guest Experience (0.89); Facilities & Amenities (0.78)
Denny Prasetyo Pambudi,2022,1,Sudah jauh datang eh tidak bisa alasan lagi dalam perbaikan ditambah petugas kunciannya kurang ramah hm,KOMPETITOR,Bintang 4,NovotelSolo,negative,0.9977776408195496,Guest Experience,"Guest Experience (0.81); Location, Accessibility & Parking (0.67); Facilities & Amenities (0.55)"
Pandu Wijaya,2024,1,payah manajemen dsni kapok ke novotel tidak bisa mengelola musim tinggi,KOMPETITOR,Bintang 4,NovotelSolo,negative,0.9989323019981384,Facilities & Amenities,Facilities & Amenities (0.87); Management & Policy Issues (0.85); Sustainability & Environmental Quality (0.77)
Antonius 88,2020,1,kamarnya terlalu keras kamar 611,KOMPETITOR,Bintang 4,NovotelSolo,negative,0.9988077878952026,Guest Experience,Guest Experience (0.61); Sustainability & Environmental Quality (0.37); Booking & Reservation Experience (0.37)
gilbert anthony,2022,1,Periksa masuk baru jam 3 baru bisa hahahahahahaha,KOMPETITOR,Bintang 4,NovotelSolo,negative,0.5336834788322449,Safety & Security,Safety & Security (0.80); Pricing & Value for Money (0.79); Guest Experience (0.76)
Edwin Agustinus,2023,1,Layanan buruk cek masuk jam 14: 00 tapi kamar siap pada 17: 15,KOMPETITOR,Bintang 4,NovotelSolo,negative,0.9979292154312134,Guest Experience,Guest Experience (0.99); Check in/out Experience (0.97); Service Quality (0.94)
Tandean Andre,2018,1,memesan kamar tidak merokok diberi kamar merokok dengan alasan sudah di beri penanganan,KOMPETITOR,Bintang 4,NovotelSolo,neutral,0.7336105108261108,Booking & Reservation Experience,Booking & Reservation Experience (0.65); Personalized & Special Services (0.43); Management & Policy Issues (0.32)
poeloe naga,2019,1,Tempat parkir terlalu kecil aku hanya parkir di sepanjang jalan pelayan sangat lambat solo lambat,KOMPETITOR,Bintang 4,NovotelSolo,negative,0.78101646900177,"Location, Accessibility & Parking","Location, Accessibility & Parking (0.97); Facilities & Amenities (0.86); Guest Experience (0.85)"
jazibb,2022,1,Wifi baru lemot dan sering mati mati sendiri wifi baru,KOMPETITOR,Bintang 4,NovotelSolo,negative,0.9982569813728333,Digital Connectivity & Technology,Digital Connectivity & Technology (0.68); Management & Policy Issues (0.51); Religious & Halal Features (0.45)
Thanatos Mesiah,2025,1,Kamar membutuhkan waktu terlalu lama untuk siap,KOMPETITOR,Bintang 4,NovotelSolo,negative,0.9953004121780396,Facilities & Amenities,Facilities & Amenities (0.87); Guest Experience (0.73); Booking & Reservation Experience (0.56)
Edi Kurniawan,2018,1,beda dengan dulu,KOMPETITOR,Bintang 4,NovotelSolo,neutral,0.7165541052818298,Pricing & Value for Money,"Pricing & Value for Money (0.39); Facilities & Amenities (0.37); Cleanliness, Hygiene & Maintenance (0.30)"
Ibnu Ibnu,2024,1,orang,KOMPETITOR,Bintang 4,NovotelSolo,negative,0.9984351992607117,"Cleanliness, Hygiene & Maintenance","Cleanliness, Hygiene & Maintenance (0.92); Facilities & Amenities (0.88); Pricing & Value for Money (0.69)"
Puan Nur Rizqia,2021,1,perlu di kucing lagi,KOMPETITOR,Bintang 4,NovotelSolo,negative,0.996340274810791,Sustainability & Environmental Quality,"Sustainability & Environmental Quality (0.58); Facilities & Amenities (0.57); Cleanliness, Hygiene & Maintenance (0.54)"
Maryanto,2022,1,mantap,KOMPETITOR,Bintang 4,NovotelSolo,positive,0.9991816878318787,"Cleanliness, Hygiene & Maintenance","Cleanliness, Hygiene & Maintenance (0.93); Facilities & Amenities (0.89); Sustainability & Environmental Quality (0.75)"
Telly Hidayat,2018,1,Apa bodoh,KOMPETITOR,Bintang 4,NovotelSolo,positive,0.8994013071060181,Facilities & Amenities,"Facilities & Amenities (0.70); Cleanliness, Hygiene & Maintenance (0.59); Pricing & Value for Money (0.54)"
Widodo Creative,2022,1,Tuhan,KOMPETITOR,Bintang 4,NovotelSolo,negative,0.9770628213882446,"Cleanliness, Hygiene & Maintenance","Cleanliness, Hygiene & Maintenance (0.90); Facilities & Amenities (0.81); Religious & Halal Features (0.75)"
dyosferra rindarsani,2022,1,Novotel terburuk,KOMPETITOR,Bintang 4,NovotelSolo,negative,0.9907824397087097,Pricing & Value for Money,Pricing & Value for Money (0.65); Guest Experience (0.62); Facilities & Amenities (0.58)
Nama depan Nama belakang,2020,1,Novotel solo,KOMPETITOR,Bintang 4,NovotelSolo,positive,0.9986750483512878,"Cleanliness, Hygiene & Maintenance","Cleanliness, Hygiene & Maintenance (0.88); Facilities & Amenities (0.85); Sustainability & Environmental Quality (0.82)"
Bidang Statistik dan Persandian,2023,1,airnya hitam berminyak seprainya bau apek hotel sekelas novotel kenapa begini sangat sangat mengecewakan,KOMPETITOR,Bintang 4,NovotelSolo,negative,0.999285876750946,Guest Experience,Guest Experience (0.76); Sustainability & Environmental Quality (0.44); Management & Policy Issues (0.33)
kristiawan priyono,2020,1,Maaf bintang 1 bukan alasan kenapa atribut jaket harus di hilangkan ujung2nya susah nemuin pelanggan di lobi maaf,KOMPETITOR,Bintang 4,NovotelSolo,negative,0.998896598815918,Guest Experience,Guest Experience (0.48); Service Quality (0.36); Facilities & Amenities (0.29)
chan san,2026,2,kamar lumayan kamar mandi sangat standar kepala mandi dan udara kluarnya sangat kecil butuh wkt lama untuk mandi dan keramas baru pertama menginap di sini,KOMPETITOR,Bintang 4,NovotelSolo,positive,0.9293215870857239,Room Quality & Comfort,Room Quality & Comfort (0.99); Facilities & Amenities (0.97); Service Quality (0.90)
Diela Raditya,2025,2,selain hanya lokasi yang oke hotel ini akan saya hindari di masa depan sangat lambat respon komplain sekarang balesnya bisa besok banyak pecahan kaca dikamar lah angkat sudah mau rusak lah komplain jg responnya lama whatsapp reservasi ditanya jika yang lebih cepat bisa watsapp kemana katanya hanya bisa ke mereka cape banget menyesal menginap disini udah lah mau istirahat karena anak lg sakit jadi ngomel melulu,KOMPETITOR,Bintang 4,NovotelSolo,negative,0.9992871880531311,Booking & Reservation Experience,Booking & Reservation Experience (0.84); Facilities & Amenities (0.78); Guest Experience (0.65)
Layli Prasojo,2025,2,16 Agustus saya menjemput tamu kantor yang menginap di novotel jam 09 00 headset saya merk huawei tertinggal di meja depan resepsi 09 30 saya kembali lagi sudah tidak ada sudah saya tinggalkan nomor kontak saya namun sampai hari ini tidak ada kabar apapun dari pihak hotel,KOMPETITOR,Bintang 4,NovotelSolo,negative,0.9423138499259949,Digital Connectivity & Technology,Digital Connectivity & Technology (0.61); Guest Experience (0.61); Service Quality (0.53)
Yosephinadya Enggar P,2025,2,Sebenernya tidak ingin mengeluhkan ini tapi karena menurut kami ada kesalahan fatal ya jdi semuanya komplen akhirnya kami harus sampaikan kepada kluarga saya mengadakan acara syukur atas pernikahan kakak dan saya sbg gambarnya sangat tidak menyenangkan pada saat tm penjualan yang bersangkutan tidak dapat hadir dan saya maklumi asal pada saat acara nanti bisa sesuai dengan yang di tm kan tapi kok di hari saat acara dimulai dan tamu mulai mengambil buffet beberapa orang vendor termasuk band malah ikut bubar dan mengambil buffet sedangkan dari saat tes penjualan makanan bersangkutan pastikan kalau mreka menyiapkan makanan untuk vendor di acara akhir saat,KOMPETITOR,Bintang 4,NovotelSolo,negative,0.997072696685791,Guest Experience,"Guest Experience (0.77); Loyalty, Recommendation & Appreciation (0.65); Management & Policy Issues (0.63)"
Handy Kusnadi,2025,2,Hotel tidak memungkinkan saya untuk mengubah jadwal karena saya memiliki masalah mendesak diberitahu dua hari sebelum kedatangan hotel memiliki kolam renang yang bagus dan taman bermain anak hotel terlihat cukup tua sudah ketika memeriksa masuk kamar kami tidak benar-benar bersih palsu bulu mata dan jarum ditemukan di karpet beruntung tidak menyakitkan anak saya sarapan adalah di bawah harapan hotel tiga bintang sebelumnya saya memiliki rasa sarapan yang lebih baik,KOMPETITOR,Bintang 4,NovotelSolo,negative,0.9687312245368958,Facilities & Amenities,Facilities & Amenities (0.99); Service Quality (0.94); Guest Experience (0.87)
Naa Vianna,2025,2,mau pesan kamar harganya ngga masuk akal masa 17 jetie memperbaiki di alila yaa mungkin ngantuk yang posting pegawainya,KOMPETITOR,Bintang 4,NovotelSolo,negative,0.9979908466339111,Pricing & Value for Money,Pricing & Value for Money (0.76); Booking & Reservation Experience (0.68); Guest Experience (0.66)
Eka M,2025,2,ada patung di kamar yang menurut saya tidak sopan bahkan mungkin tidak senonoh furnitur di kamar mandi sudah tua dan kurang terawat penataan mandi tidak nyaman untuk dijangkau aliran udara menimbulkan bunyi kayak alarm saya tau perawatan hotel tidak murah namun paling tidak memberikan kenyamanan pelanggan saat dikamar saran bebaskan kamar dan semua ruangan dari patung2 percayalah pelanggan sekarang lebih menyukai desain minimalis modern sederhana namun elegan tidak perlu patung2,KOMPETITOR,Bintang 4,NovotelSolo,negative,0.9794470071792603,Facilities & Amenities,Facilities & Amenities (0.43); Pricing & Value for Money (0.36); Management & Policy Issues (0.32)
Zaenal Sakse,2025,2,proses cek masuk sering telat tgl 4 mei 24 saya cek masuk jam 14 20 kamar belum siap jadi jika dihitung jam 14 00 waktu cek masuk kamar telat hampir sejam kedua kasur di kamar 415 yang kembar pingirnya kurang keras saat tidur jam 2 15 dini hari tubuh saya meluncur ke bawah dan jatuh dengan posisi lutut membentur lantai saya kemudian mengeluh ke manajer duti saudara fauzan sekitar jam 05 45 setelah dia berkomunikasi dengan atasannya novotel tidak mau memberikan kompensasi biaya rongten padahal bisa saja lutut saya kembali novotel hanya mau membayar biaya transportasi ke rs terdekat yang berarti plg cuma 20 0 an,KOMPETITOR,Bintang 4,NovotelSolo,negative,0.9979851245880127,Pricing & Value for Money,Pricing & Value for Money (0.72); Management & Policy Issues (0.67); Check in/out Experience (0.55)
audy tirta,2024,2,lokasi tepat dipusat kota tim layanan pelanggan yang baik tapi tidak seperti novotel di kota negara lain yang di solo ini sudah tua perlu banyak update contohnya saya terpaksa meminta ganti kamar karena mau masuk kamar saja kuncinya rusak hahahaha setelah dipindah kekamar baru slot pintu jg tidak ada patah tempat tisu toilet hilang penahannya c mon accor benar-benar,KOMPETITOR,Bintang 4,NovotelSolo,negative,0.49842485785484314,Service Quality,Service Quality (0.99); Guest Experience (0.87); Facilities & Amenities (0.77)
Alexander den Engelsman,2024,2,Kami datang ke sini setiap tahun untuk berenang dan minum dan makan staf sangat baik dan Anda mendapatkan layanan bintang 5 selalu ramah dan mencoba untuk membantu namun hotel masuk sangat membutuhkan direnovasi area kolam renang berbahaya saat ini pecah ubin kayu dan kuku dan sekrup menempel keluar tamu bisa terluka masuk sangat buruk dan juga mendapatkan tetanus karena ini tolong perbaiki ini secepat mungkin hotel Anda layak kolam renang aman lagi kita akan kembali dan berharap semuanya telah diperbaiki selain bahwa kita cinta hotel ini,KOMPETITOR,Bintang 4,NovotelSolo,negative,0.9632536172866821,Service Quality,Service Quality (1.00); Facilities & Amenities (1.00); Staff Conduct & Hospitality (1.00)
Dony Prasetyo,2020,2,Maaf saya harus revisi karena penilaian sebelumnya terlalu dini 1 kami terkejut banget karena di hotel2 sebelumnya yang kami minum itu minuman sambutan diberikan sangat banyak minimal 1 gelas per orang namun di hotel baru ini hanya diberikan hanya 2 gelas untuk pemegang kartu accorplus 1 orang padahal kami buku 2 kamar untuk 5 orang kesannya kok emang semahal itu kah minuman sambutan untuk novotel pengen ngomel ke mba resepsionis baru tapi kok kasihan secara mereka hanya menjalankan aturan 2 kamar hotel bau lembab dan apek sepertinya berasal dari sofa 3 tidak ada akses lift dari parkir bawah tanah ke lobi dan lantai kamar jadi setelah parkir mobil kudu lewat,KOMPETITOR,Bintang 4,NovotelSolo,negative,0.9989097118377686,Food & Beverage,Food & Beverage (0.62); Guest Experience (0.53); Pricing & Value for Money (0.52)
Stefen Nugroho,2022,2,respon petugas keamanan roomboy resepsionis hingga housekeeper sangat baik dan responsif namun semut kutu kayu hingga cicak di superior family room kemarin malam membuat kurang nyaman belum lagi di bawah meja seperti ada sarang telur kutu kayu sudah direspon cepat oleh housekeeper padahal masih harus tinggal 1 malam lagi di novotel solo dan masih lanjutnya selanjutnya di novotel jogja semoga tidak terjadi seperti ini di novotel jogja nanti novotel solo harus banyak berbenah termasuk di daerah kamar mandi mandi sudah bocor dan berkerak semoga novotel solo bisa menjadi lebih baik dan segera berbenah terimakasih,KOMPETITOR,Bintang 4,NovotelSolo,negative,0.9962670207023621,Safety & Security,Safety & Security (0.90); Staff Conduct & Hospitality (0.81); Service Efficiency & Responsiveness (0.75)
Dany Prasetyo,2024,2,hotel lama yang masih sangat terawat terletak di kota solo pelayanan bagus mau cari makanan atau jalan ke mana saja dekat makanan enak fasilitas lengkap ada spa nya juga spa termasuk fulgar bisa memilih terapis lewat foto dan tahu nama nama nama dari operator spa sekelas hotel bintang tapi seperti di ruko,KOMPETITOR,Bintang 4,NovotelSolo,positive,0.9984329342842102,Facilities & Amenities,"Facilities & Amenities (0.99); Service Quality (0.96); Location, Accessibility & Parking (0.79)"
Bambang Purwiyantono,2020,2,saya paling tidak setiap tahun sekali selalu menginap di hotel novotel solo biasanya saya selalu puas dengan pelayanan kebersihan kamar maupun makanannya akan akan tetapi pada saat saya menginap tanggal 30 Agustus sampai 2 September 2019 yang baru lalu di kamar 614 saya agak kecewa dengan rumah menjaga hari pertama tidak ada kompliment air minum di kamar kedua toilet hanya dikasih tissue tipis sekali hari ketiga tidak diberikan tissue toilet dan yang paling mengesalkan waktu saya kembali sore hari ke kamar gelas minum tidak dicuci mengirimokpun masih lengket berhubung saya harus pergi lagi saya tidak sempat mengeluh mohon perbaikan pelayanan rumah menjaga terima kasih,KOMPETITOR,Bintang 4,NovotelSolo,negative,0.9992089867591858,Facilities & Amenities,"Facilities & Amenities (0.97); Cleanliness, Hygiene & Maintenance (0.94); Service Quality (0.91)"
Victor Wong,2024,2,1 aku dan rekan kerja saya terkejut bahwa lantai yang ditugaskan sedang direnovasi dan masih terbuka untuk tamu untuk tinggal kami menemukan beberapa pekerja berjalan di sepanjang lantai kami tinggal 2 meskipun ruangan bersih pencahayaan tidak cukup beberapa fasilitas rusak dan tidak berfungsi dengan baik e g keran mandi 3 ada bau dari lembaran tempat tidur dan pelindung itu tidak bau buruk tapi itu hanya bau lama atau jamur mungkin,KOMPETITOR,Bintang 4,NovotelSolo,negative,0.9943305253982544,Facilities & Amenities,"Facilities & Amenities (0.99); Guest Experience (0.96); Cleanliness, Hygiene & Maintenance (0.95)"
Sidiq Pramu,2023,2,Selamat pagi mohon izin sebelumnya menyampaikan masukan perihal pembersihan kolam renang kalau dijadwalkan jam 6 pagi sudah buka semisal mau pembersihan diusahakan sebelum jam tersebut selesai ini jadwal mau olahraga karena jam 7 ada kegiatan tidak bisa terlaksana mohon dimonitor petugasnya dalam pembersihan kolam terimakasih,KOMPETITOR,Bintang 4,NovotelSolo,neutral,0.9920092821121216,"Cleanliness, Hygiene & Maintenance","Cleanliness, Hygiene & Maintenance (0.59); Facilities & Amenities (0.56); Service Efficiency & Responsiveness (0.46)"
hilda salsabilla,2023,2,kurang begitu puas dengan kamar yang diberikan bagian kuncinya sedikit sulit untuk membuka pintu dan ada bagian yang seperti habis dicongkel ada celah di pintu jadi bagian dalam sedikit terlihat dari luar padahal harganya lumayan,KOMPETITOR,Bintang 4,NovotelSolo,negative,0.9514035582542419,Service Quality,Service Quality (0.78); Pricing & Value for Money (0.75); Facilities & Amenities (0.69)
Langit,2022,2,bukan kali pertama saya menginap di novotel solo dan mohon maaf untuk review kali ini saya harus memberi bintang dua saya menginap satu malam dan di kamar diinformasikan bahwa untuk beberapa hal seperti tangan dan lotion sisir jika perlu saya bisa menghubungi operator saat saya menghubungi diinfokan oleh operator bahwa memang tidak disediakan tangan dan lotion kemudian saya bertanya hanya selama pandemi atau memang tidak disediakan sebelumnya menjawab bahwa sebelumnya juga tidak disediakan mohon maaf saya pelanggan kelompok dan setau saya novotel ada tangan dan lotion sayang sekali untuk hotel dengan klaim bintang 4 logika saya jika tidak disediakan tidak perlu diinfo di kamar mandi jika perlu silahkan hubungi yasudah jadi amar kayak,KOMPETITOR,Bintang 4,NovotelSolo,negative,0.9529440402984619,Facilities & Amenities,Facilities & Amenities (0.90); Guest Experience (0.82); Service Quality (0.82)
D3w1 D3w1,2024,2,Novotel solo dilebih-lebihkan hotel ini adalah buruk Anda dapat melihat retak panel kayu masuk angkat lantai kayu masuk kamar kami berkerut ketika kita melangkah di atasnya tersumbat air outlet masuk mandi tempat tidur dan handuk hampir abu-abu dengan beberapa noda itu terlihat tidak baik dipelihara untuk tidak menyebutkan sofa masuk kamar kami saya merasa malu hanya untuk melihatnya dibandingkan dengan harga sangat mahal tidak layak hotel ini seharusnya tidak menjadi novotel lokasi yang baik tetapi itu berteriak untuk makeover dan perawatan yang jauh lebih baik,KOMPETITOR,Bintang 4,NovotelSolo,negative,0.9992383718490601,Pricing & Value for Money,Pricing & Value for Money (0.67); Facilities & Amenities (0.60); Guest Experience (0.41)
TJAN JIMMY TJANDRADY,2019,2,lokasi strategis kamar bersih hanya pelayanan bagian resto danrawina parah sekali makanan banyak kosong tidak diisi lagi semua pegawai baru dicari tidak ada parah banget deh pokoknya jika cuma buat tdr doang oke lah jangan berharap lebih,KOMPETITOR,Bintang 4,NovotelSolo,negative,0.9912548065185547,Food & Beverage,Food & Beverage (0.87); Guest Experience (0.68); Facilities & Amenities (0.66)
Lintang Kawuryan,2019,2,Saya sudah 2 kali mengikuti workshop di ruang prambanan novotel pada waktu yang berbeda dan selalu di tengah acara listrik mati sehingga titik daya pembicara mati bahkan yang terakhir mesin genset rusak akhirnya workshop sekitar 1 jam tanpa pengeras suara tanpa ac dan tanpa titik daya mohon ditingkatkan lagi pelayanannya,KOMPETITOR,Bintang 4,NovotelSolo,negative,0.9771217703819275,Service Quality,Service Quality (0.75); Facilities & Amenities (0.60); Guest Experience (0.57)
rachel hartong,2020,2,Beberapa tempat tidur kotor dan tidak terlalu bersih itu tempat yang baik untuk tinggal tapi tidak ada makanan yang baik dan layanan cukup buruk itu membutuhkan waktu 2 jam untuk masuk ke kamar dan mereka mengatakan itu hanya akan mengambil 10 menit kecewa jika Anda ingin datang ke sini jangan mendapatkan kamar mewah karena Anda akan berakhir menunggu lama lantai omg itu begitu hancur ugh layanan terlambat pernah i tidak pernah datang ke sini lagi pernah,KOMPETITOR,Bintang 4,NovotelSolo,negative,0.9993125200271606,Facilities & Amenities,Facilities & Amenities (0.98); Guest Experience (0.96); Check in/out Experience (0.82)
deedj,2019,2,Tidak dianjurkan untuk tinggal jika Anda ingin perabot baru hotel hotel itu cukup tua ac rusak masuk kamar saya tidak direkomendasikan untuk tinggal di sini apa bila mencari hotel yang bersih perabot dan kamar serta kamar mandi sudah terlalu tua ac rusak dan tidak panas saat saya menginap di sana,KOMPETITOR,Bintang 4,NovotelSolo,negative,0.9941363334655762,Facilities & Amenities,Facilities & Amenities (0.92); Religious & Halal Features (0.48); Management & Policy Issues (0.45)
Denny Gunawan,2022,2,Saat memeriksa masuk jam 9 malam tapi tidak ada staf untuk menyapa atau membantu kami membawa bagasi masuk depan lobi kamar terlihat tua dan hujan mandi mengalir seperti itu blok dan saluran masuk mandi tidak mengalir sama sekali sehingga air mengalir ke luar area mandi itu kekacauan tidak akan merekomendasikan untuk tinggal di sini,KOMPETITOR,Bintang 4,NovotelSolo,negative,0.9982013702392578,Facilities & Amenities,Facilities & Amenities (1.00); Check in/out Experience (0.99); Guest Experience (0.97)
Yumi Natalia,2022,2,sepertinya tidak di rawat kamar bocor dan kotor horden bolong biasa baru novotel bagus deh makin kesini seperti tidak di perhatikan perawatannya bfast tidak begitu enak,KOMPETITOR,Bintang 4,NovotelSolo,negative,0.9932956099510193,Facilities & Amenities,Facilities & Amenities (0.98); Food & Beverage (0.96); Guest Experience (0.87)
Nenden Apriwida,2019,2,Tolong cek kebersihan buahnya baru klau buahnya baru busuk tidak bagus jangan di sajikan ke tamu waktu saya sarapan menemukan 3 buah apel busuk tolong cek lagi jika refil buah menyajikan buah ke tamu terima kasih,KOMPETITOR,Bintang 4,NovotelSolo,negative,0.9953880906105042,"Cleanliness, Hygiene & Maintenance","Cleanliness, Hygiene & Maintenance (0.90); Guest Experience (0.77); Food & Beverage (0.66)"
Satriyo Yok,2020,2,sayang sekali restorannya pakai kuas bulu untuk memasak kami yang muslim jadi sangat ragu untuk makan beberapa masakan enak di sini,KOMPETITOR,Bintang 4,NovotelSolo,negative,0.8434543609619141,Food & Beverage,Food & Beverage (0.81); Facilities & Amenities (0.74); Guest Experience (0.70)
Donna Liem,2024,2,Saya rasa untuk interior kamar lobby lift udah termasuk di sini banyak bau lembab di lift dan kamar banyak yang mati dibenahin,KOMPETITOR,Bintang 4,NovotelSolo,negative,0.9887136220932007,Facilities & Amenities,Facilities & Amenities (0.89); Guest Experience (0.82); Ambience & Design (0.66)
Refy Fajar,2023,2,lokasi doang strategis katanya wifi gratis tapi bayar termasuk sarapan tapi bayar lagi,KOMPETITOR,Bintang 4,NovotelSolo,positive,0.8930209279060364,Food & Beverage,Food & Beverage (0.96); Pricing & Value for Money (0.96); Facilities & Amenities (0.95)
D. C. H.,2018,2,Sayangnya itu adalah pengalaman buruk bagi saya tinggal di sini staf tidak ramah koordinasi buruk antara staf dan resepsionis beberapa peralatan kamar rusak dan banyak keluhan lain tidak benar-benar direkomendasikan,KOMPETITOR,Bintang 4,NovotelSolo,negative,0.9993259906768799,Guest Experience,Guest Experience (1.00); Facilities & Amenities (0.99); Check in/out Experience (0.94)
frank y,2023,2,kamar mandi dan furnitur yang tua bantal tidak segar dan lembaran tidak jelas seperti accor biasanya masuk masa lalu,KOMPETITOR,Bintang 4,NovotelSolo,negative,0.9987902045249939,Facilities & Amenities,Facilities & Amenities (0.90); Guest Experience (0.33); Management & Policy Issues (0.31)
Rikky Wicaksono,2020,2,parkirnya susah dan tidak banyak karena parkiriran basement jadi satu dengan hotel ibis,KOMPETITOR,Bintang 4,NovotelSolo,positive,0.961572527885437,"Location, Accessibility & Parking","Location, Accessibility & Parking (0.89); Service Quality (0.74); Facilities & Amenities (0.66)"
Benny cibenxs,2020,2,Harga tinggi tapi kualitas buruk hotel lama tapi pemeliharaan buruk terlihat begitu tua tanpa perbaikan sarapan adalah standar dan tidak seperti novotel lain yang saya tinggal,KOMPETITOR,Bintang 4,NovotelSolo,negative,0.9939939379692078,Pricing & Value for Money,Pricing & Value for Money (0.98); Facilities & Amenities (0.98); Food & Beverage (0.98)
Dzakar Thowil,2022,2,belum bisa nyambung wifi tidak tau sandinya,KOMPETITOR,Bintang 4,NovotelSolo,negative,0.9897217154502869,Digital Connectivity & Technology,Digital Connectivity & Technology (0.70); Safety & Security (0.57); Service Quality (0.48)
Adjie Wae,2021,2,Hotel mewah dijaman baru untuk 2020 ini kurang,KOMPETITOR,Bintang 4,NovotelSolo,positive,0.6545659303665161,Sustainability & Environmental Quality,Sustainability & Environmental Quality (0.70); Pricing & Value for Money (0.62); Digital Connectivity & Technology (0.49)
Desi,2021,2,heheh kecil ternyata kamarnya baru tapi nyaman,KOMPETITOR,Bintang 4,NovotelSolo,negative,0.9164574146270752,Room Quality & Comfort,Room Quality & Comfort (0.94); Facilities & Amenities (0.82); Service Quality (0.79)
Dian dhower,2021,2,Tidak ada air panas untuk mandi hanya hangatnya mengerikan,KOMPETITOR,Bintang 4,NovotelSolo,negative,0.9938685297966003,Facilities & Amenities,Facilities & Amenities (0.88); Sustainability & Environmental Quality (0.53); Religious & Halal Features (0.49)
pungki empus,2022,2,perlu renovasi pelayanan ramah,KOMPETITOR,Bintang 4,NovotelSolo,positive,0.9260588884353638,Guest Experience,Guest Experience (0.97); Service Quality (0.89); Staff Conduct & Hospitality (0.89)
aditya dhanwantara,2023,2,Tempat yang bagus dengan lokasi strategis,KOMPETITOR,Bintang 4,NovotelSolo,positive,0.9989668130874634,Facilities & Amenities,Facilities & Amenities (0.95); Sustainability & Environmental Quality (0.88); Room Quality & Comfort (0.84)
binarsri binarsri,2019,2,makan malam novotel menyenangkan,KOMPETITOR,Bintang 4,NovotelSolo,positive,0.9963840246200562,Food & Beverage,Food & Beverage (0.97); Facilities & Amenities (0.86); Cultural & Heritage Experience (0.81)
Henry,2024,2,terlalu tua kotor,KOMPETITOR,Bintang 4,NovotelSolo,negative,0.9866047501564026,Sustainability & Environmental Quality,Sustainability & Environmental Quality (0.52); Facilities & Amenities (0.40); Food & Beverage (0.39)
Galaxy News,2021,2,tua,KOMPETITOR,Bintang 4,NovotelSolo,negative,0.604280412197113,Facilities & Amenities,"Facilities & Amenities (0.90); Cleanliness, Hygiene & Maintenance (0.90); Pricing & Value for Money (0.72)"
Nadia Nareswari,2021,2,kamarnya tua,KOMPETITOR,Bintang 4,NovotelSolo,negative,0.9956294298171997,Guest Experience,"Guest Experience (0.92); Facilities & Amenities (0.92); Cleanliness, Hygiene & Maintenance (0.91)"
Djoko Suryanto,2018,2,kamar membutuhkan renovasi,KOMPETITOR,Bintang 4,NovotelSolo,negative,0.9605129361152649,Facilities & Amenities,Facilities & Amenities (0.88); Guest Experience (0.80); Sustainability & Environmental Quality (0.75)
Ray Forisa,2025,3,nginep disini saat keluar kantor hotelnya oke sebenernya eh sialnya dpt lantai yang merokok 2 3 dari lorongnya ada sudah baunya ampun masuk kamar juga kuat banget bau rokoknya itu ac dan ventilasinya kayanya tidak dibersihin saat ac nya nyala lgsg bau rokoknya nyebar iseng2 nanya ke yang dpt kamar non merokok katanya masi kecium samar2 hadeh,KOMPETITOR,Bintang 4,NovotelSolo,negative,0.9984839558601379,Facilities & Amenities,Facilities & Amenities (0.68); Service Quality (0.46); Check in/out Experience (0.41)
Anastasya Sheila,2025,3,Pelayanan oke kamar oke tapi mungkin di bagian sarapan tolong di perbaiki masa bubur pakai sambel ijo kan tidak cocok terus masakannya kurang enak maaf juga menuunya dikit banget ya kalah sama hotel lainnya pdhl harganya juga mahal hotel sini hehehe,KOMPETITOR,Bintang 4,NovotelSolo,negative,0.9948222637176514,Service Quality,Service Quality (0.98); Facilities & Amenities (0.92); Guest Experience (0.90)
Brigita Advenia,2025,3,waktu cek masuk saya cuma dikasih 1 kamar kunci malam ini saya turun naik tanpa bawa kunci karena keluarga saya tidur di kamar jadi tidak mungkin dong saya cabut kamar kunciya lalu saya minta duplikat kunci malam ini sama shift jaga resepsi malam ini dijawab saya kasih kunci untuk kelistrikan sama buat naik saja soalnya ini kamarnya tidak ada deposit jujur saya sudah memiliki kue di sini kok malah nyalahin saya tidak ada deposit waktu saya cek masuk saja tidak di mintakan deposit jika saya turun malam ini dengan membawa dompet atau cc saya lempar dah anda membuat deposit daripada saya di kasih sikap tidak enak kaya gitu yang salah resepsi,KOMPETITOR,Bintang 4,NovotelSolo,negative,0.9969162940979004,Check in/out Experience,Check in/out Experience (0.84); Food & Beverage (0.81); Booking & Reservation Experience (0.78)
Anindita TJ,2025,3,hotel tua sejak saya sd sampai sudah beranak 2 hotel ini ngga ada perubahan desainnya tetap hampir sama kecuali kamar sisanya hanya perubahan minor point jual terbaik hotel ini lokasi dan harga yang yang tidak terlalu mahal untuk lokasi sebagus ini kolam renang bergabung dengan hotel ibis disebelah paham sih masih satu grup tapi masa iya kolam renang sekecil itu digunakan penghuni 2 hotel,KOMPETITOR,Bintang 4,NovotelSolo,positive,0.9966446161270142,Pricing & Value for Money,Pricing & Value for Money (0.99); Facilities & Amenities (0.89); Family & Group Friendly (0.87)
Lepeners,2025,3,hotel novotel solo hotel dengan lokasi strategis tengah kota tepi jalan salamet riyadi hotel dengan bangunan bertingkat cukup menjulang hotel ini lokasi tak jauh dengan sami luwes,KOMPETITOR,Bintang 4,NovotelSolo,positive,0.9989045858383179,Ambience & Design,Ambience & Design (0.81); Religious & Halal Features (0.81); Facilities & Amenities (0.77)
Andromeda A.T.W,2025,3,mohon maaf jika saya boleh jujur ini novotel terburuk yang saya pernah masuk dari beberapa novotel di jawa tengah jawa timur dan bali menurut saya mohon maaf saya rasa saya perlu sekali perbaikan dari kebersihan kamar dengan debu sehingga batuk batuk saat tidur angkat yang kacau panelnya sehingga kesan hotel tidak terawat tampak lahan standby ketika mobil menunggu untuk memeriksa masuk pelayanan satpam yang tidak ada tanggap ketika saya ingin memeriksa masuk padahal ada lahan yang diberikan cum2 pembatas jadi harus muter berkali bahan masukan yang harus banyak sekali perbaikan saya memberikan masukan karena ini accour kelompok sekali sekali pr novotel solo ini saya harap seg,KOMPETITOR,Bintang 4,NovotelSolo,negative,0.9977007508277893,Guest Experience,Guest Experience (0.78); Facilities & Amenities (0.71); Service Quality (0.54)
Santi Irawati,2025,3,hotelnya sudah terkesan tua dan perlu diremajakan pintu angkat kamar mandi furnitur dan juga berbaring keluar kamar terkesan kuno di dekat tv ada seperti binatang kecil entah itu binatang apa bunyi ac juga cukup berisik pengalaman menginap jadi terasa kurang nyaman lokasi di pusat kota dan cukup dekat ke tempat tempat wisata di solo proses cek masuk dan cek keluar cepat dan tidak bertele agak sulit mencari parkir karena penuh,KOMPETITOR,Bintang 4,NovotelSolo,negative,0.9296492338180542,"Location, Accessibility & Parking","Location, Accessibility & Parking (0.99); Check in/out Experience (0.98); Facilities & Amenities (0.97)"
Andri,2025,3,kamar oke bersih bagus tidak ada kendala sarapan ini jadi jadi saja ya kurang ada menu khas solo layanan ini nih mulai dari satpam depan kurang menghargai tamu bulak balik keluar masuk mobil disebrangin engga parkiririn engga saat lagi ada bis nyuruh berdoa tapi tidak dikasih arah kebanyakan ngobrol deket gerbang satpamnya perlu sekolah layanan lagi staf resepsionis oklah dikasih salam kolam renang punya novotel kurang bersih lebih bersih punya ibis lift jadul ya,KOMPETITOR,Bintang 4,NovotelSolo,negative,0.9486275315284729,Service Quality,Service Quality (0.96); Staff Conduct & Hospitality (0.91); Facilities & Amenities (0.90)
a khalisa,2025,3,semuanya oke dari staf sarapan kolam renang lokasi semua oke tidak mengeluh cuma masalah di kamarku menginap d kamar 717 sofa sudah tidak layak pakai karna amblas karpet sangat bau apek dan berdebu saya kesusahn tidur karena punya alergi debu bangun pagi dalam keadaan pilek bahkan ibu saya yang tidur d kamar sebelah besok masuk igd krna asma kambuh novotel favorit saya dari kecil padahal mungkin jika memang pemeliharaan karpet susah dan mahal tanpa karpet lebih baik semoga menjadi masukan untuk memperbaiki kembali kebersihan kamarnya,KOMPETITOR,Bintang 4,NovotelSolo,negative,0.9868810176849365,Facilities & Amenities,Facilities & Amenities (0.96); Guest Experience (0.79); Service Quality (0.64)
Salma,2023,3,lokasi surakarta di tengah perkotaan surakarta ambience hotel ini tergolong bukan hotel yang modern ya terlihat jelas dari interiornya beberapa masih seperti hotel tradisional ambiencenya selama cek masuk nyaman wangi dan tentram kamar kamar hotelnya tidak terlalu menarik seperti kamar jaman dulu kamar mandinya pun dari mulai tembok pakai model keramik dulu saya kurang suka kesannya horor pelayanan baik sekali mas mba nya ramah saya sempat pergi juga disana dan saya titip kan ke resepsionisnya mereka terima dan amanah untuk mengembalikan ke saya pelayanan kafe saat sarapan sedikit mengecewakan jadi pada saat saya menginap di sana juga sedang ada kunjungan dari pemerintah atau,KOMPETITOR,Bintang 4,NovotelSolo,positive,0.9787639379501343,Service Quality,Service Quality (0.96); Staff Conduct & Hospitality (0.93); Check in/out Experience (0.89)
Akun Incognito,2023,3,kami tiba pada malam hari 08:00 pm dan memesan kamar non merokok namun saat pertama masuk kami mencium bau rokok petugas sudah datang menyemprot pengharum di sudut ruangan namun kami khawatir bau akan muncul lagi saya menelepon resepsionis dan meminta kamar ganti namun mereka tidak dapat memindahkan kami dengan alasan seluruh kamar sudah penuh nyatanya saat besok pagi kami melihat banyak kamar yang kosong jika ingin pakaian cuci sepertinya harus memberi informasi kepada petugas sebab pakaian kotor yang telah kami masukkan ke kantong cuci dengan uang cuci di atasnya sesuai tarif tidak diproses saat kami meninggalkan kamar mereka hanya melakukan perapi,KOMPETITOR,Bintang 4,NovotelSolo,negative,0.9915145635604858,Booking & Reservation Experience,Booking & Reservation Experience (0.94); Check in/out Experience (0.79); Guest Experience (0.74)
T E. S.,2025,3,kamar sudah tua bercak hitam dimana2 di lantai kamar dan kamar mandi sudah waktunya pembaruan lantai angkat sudah waktunya ganti 14 30 kamar belum siap saluran tv nasional tidak lengkap cuma grup mn saja sarapan biasa saja rasa dibawah ekspektasi,KOMPETITOR,Bintang 4,NovotelSolo,negative,0.9968696236610413,Facilities & Amenities,Facilities & Amenities (0.88); Guest Experience (0.53); Food & Beverage (0.51)
Stephanie Avila,2025,3,Saya bermalam dihtl ini 1 malam 10 11 Februari 24 untuk kamar ya emang hotel lama gorden sobek2 jg tidak diganti terkesan menyedihkan lalu pakaian suami saya tertinggal emang kaos nya tapi ada nilai sentimenilnya bagi kami saat sampai sby kami tersadar segera menelepon hotel besoknya dikabari bhw tidak ada pdhl kami yakin kaos ditaruh kursi dan saat itu emang ada asisten housekeeping yang lagi bersih2 kamar depan jika pihak hotel berada baik seharusnya dengan mudahnya mengecek staf yang sdg bertugas karena tidak mgknnya kaos minggat keluar kamar,KOMPETITOR,Bintang 4,NovotelSolo,negative,0.9839932322502136,Service Quality,"Service Quality (0.79); Service Efficiency & Responsiveness (0.68); Cleanliness, Hygiene & Maintenance (0.61)"
Nick Choi,2025,3,tua tapi berharga akan lebih baik jika beberapa poin ditingkatkan 1 suite kamar hanya 1 2jt 2 kamar nyaman 3 sarapan adalah menyesatkan 4 meja tidak cukup bersih 5 tidak tersenyum ketika memeriksa masuk,KOMPETITOR,Bintang 4,NovotelSolo,negative,0.9985305070877075,Facilities & Amenities,Facilities & Amenities (0.99); Pricing & Value for Money (0.97); Guest Experience (0.87)
Listy Pamungkas,2023,3,kau angkat sudah usur pintu sering sulit ditutup di lt 3 kunci kamar bermasalah sempat bolak balik ke lobi lebih dari 2 kali sofa di dalam kamar bentuknya normal tapi dipakai duduk jeblos semua di dua kamar lt 3 dan lt 8 untung kasurnya masih bagus di kamar tidak ada buku petunjuk fasilitas yang ada di hotel cara menggunakan telepon bahkan di pesawat telepon tidak ada petunjuk kode pesawat ke kamar layanan operator meja depan cek masuk sudah jam 16 tahun tapi masih menunggu lamaa alhamdulillah makanannya bagus,KOMPETITOR,Bintang 4,NovotelSolo,negative,0.9872012138366699,Facilities & Amenities,Facilities & Amenities (0.68); Service Quality (0.66); Check in/out Experience (0.59)
Ochi Hardi,2023,3,lokasi oke di tengah kota cek masuk cepat dan mulai dari satpam bell boy dan semua nya ramah2 dan membantu bangunan sudah cukup kuno parkir cukup luas walaupun di luar ruangan untuk kamar cukup oke walaupun kuno dari dinding yang sudah mengelupas jendela yang kotor sofa yang tidak enak seprs terkesan lusuh dan berdebu suami dan anak bangun2 badannya merasa gatal dan banyak semut lantai baru juga seperti tidak di sapu makanan cukup banyak variasi goreng oke yang lain biasa saja rasanya,KOMPETITOR,Bintang 4,NovotelSolo,negative,0.9422770142555237,"Location, Accessibility & Parking","Location, Accessibility & Parking (0.99); Staff Conduct & Hospitality (0.99); Facilities & Amenities (0.99)"
Catty San,2023,3,secara keseluruhan biasa banget untuk hotel bintang 4 dengan harga segitu terutama menu sarapan sahur variasi nya minimal banget makanan habis mengisi nya lama banyak piring kotor di atas meja tidak langsung dibersihkan udara di tempat sampah pengaturan panasnya untuk lebih diperhatikan bisa membuat kulit melepuh jika tidak waspada fasilitas pelayanan secara keseluruhan perlu ditingkatkan biar tidak tertinggal dari hotel lain dengan harga yang sama,KOMPETITOR,Bintang 4,NovotelSolo,negative,0.9447718858718872,Facilities & Amenities,Facilities & Amenities (0.95); Service Quality (0.81); Pricing & Value for Money (0.78)
Rinda Darmawan,2024,3,di hari pertama menginap oke trlihat semua staf ramah skli saat kami sarapan diminta untuk memberikan ulasan oke semua baik tapi pagi ini saat kami mo cekout pagi2 wo diluar dugaan staf laki2 di resepsionis meminta saya untuk menunggu dulu karena kamar hendak mengatakan aku duduk dilobi dengan ank saya yang kecil smape suami saya yang sudah duluan ke mobil menyusul lg ke lobi sampai akirnya saya harus menanyakan kembali ke staf tsb 10 menit mgkn bukan waktu yang lama tapi semuanya tergantung kondisi buru2 atau tidak karena saya pikir seperti di hotel lain staf yang akan menghampiri pelanggan untuk,KOMPETITOR,Bintang 4,NovotelSolo,negative,0.9913504123687744,Check in/out Experience,Check in/out Experience (0.98); Staff Conduct & Hospitality (0.94); Family & Group Friendly (0.91)
Katarina Elisabet,2024,3,Sejauh ini kalau ada sodara dateng ke solo pasti selalu merekomendasikan novotel solo sebagai tempat tujuan menginap melihat menu buka bersama disana yang sangat lengkap saya memutuskan untuk buka bersama keluarga disana namun sangat menyedihkan dari pertama datang saya terkejut karena sudah reservasi jauh hari dan bilang kalau yang datang adalah 3 orang dewasa beserta balita baru tetapi disediakan kursi hanya 3 petugas harus mengubah sesuai keinginan kami pada jam itu juga padahal saya sudah mengingatkan jauh hari jumlah peserta yang ikut bahkan sampai hari h pun saya masih berkomunikasi dengan petugas mengingatkan kami ingin duduk di kursi mana kedua saya sengaja menyelesaikan pelunasan pada waktu di rumah karena memang saya bilang ke mamah saya,KOMPETITOR,Bintang 4,NovotelSolo,negative,0.9858065843582153,Booking & Reservation Experience,Booking & Reservation Experience (0.91); Facilities & Amenities (0.80); Guest Experience (0.78)
Hutabarat Diana,2024,3,Hotel bgus hanya bangunan lama saya mnginap 4 hri 3 malam tapi sygnya tidak sesuai pesenan saya pesan kamar superior dengan raja buruk malah d ksih kamar yang ganda buruk n bantal nya keras bngt satpam nya g semua tanggap dengan tamu pada saat mau parkir,KOMPETITOR,Bintang 4,NovotelSolo,negative,0.9990720748901367,Booking & Reservation Experience,Booking & Reservation Experience (0.87); Facilities & Amenities (0.84); Guest Experience (0.80)
R P,2025,3,Hotel yang bagus terletak di jantung kota yang indah ini banyak tempat dekat untuk dikunjungi dalam jarak berjalan kaki kamar yang cukup tua namun ia menjaga kebersihan mereka dengan layanan yang baik,KOMPETITOR,Bintang 4,NovotelSolo,positive,0.9989922642707825,Service Quality,"Service Quality (1.00); Cleanliness, Hygiene & Maintenance (0.99); Facilities & Amenities (0.97)"
Nur Ainun,2023,3,hotel tidak ramah ibu menyusui saya titip asip dan esegel ke freezer tapi saat diambil keesokan harinya asip masih cair esegel cair semua dan berbau amis sepertinya dicampur dengan penyimpanan ikan mentah kecewa kamar teman saya udara hangat tidak menyala padahal sudah memanggil layanan kamar kulkas kamar tidak dingin sehingga tidak bisa bekukan esegel juga,KOMPETITOR,Bintang 4,NovotelSolo,negative,0.9989932179450989,Facilities & Amenities,Facilities & Amenities (0.75); Guest Experience (0.72); Booking & Reservation Experience (0.62)
Evie Indriana,2025,3,gedungnya warisan banget kesannya jadul dan agak kripi buat saya percaya ada iklan kecoa yang lewat pelayanannya ramah banget makanannya enak,KOMPETITOR,Bintang 4,NovotelSolo,positive,0.9970483183860779,Guest Experience,Guest Experience (0.81); Cultural & Heritage Experience (0.79); Service Quality (0.74)
Mustofa Hafidz,2024,3,setiap ke solo pasti sering menginap di novotel solo dengan palayan yang sudah bagus tapi kali ini sangat berbeda karena kebanyakan staf mayoritas masih anak anak dan kayaknya masih magang sih dan kurang profesional dalam melayani mohon di koreksi saja,KOMPETITOR,Bintang 4,NovotelSolo,positive,0.5244327783584595,Service Quality,Service Quality (0.61); Guest Experience (0.49); Facilities & Amenities (0.34)
Diva Agatha,2022,3,Pelayanannya ditingkatkan lagi ya saat reservasi sudah dikonfirmasi dengan kamar non merokok tapi ketika check masuk dikasihnya kamar merokok lalu pesan paket menginap dengan makan malam ketika check masuk katanya akan dikabarin dari pihak restoran sudah menunggu sampai jam 8 malam belum ada kabar dari room service atau fo padahal sudah berkali2 kami teleponin tapi jawabannya selalu akan kami kabarin lagi untung akhirnya saya memutuskan untuk membuat pesan makan dari luar dan benar saja sampai mau tidur pun tidak ada kabar dari pihak hotel,KOMPETITOR,Bintang 4,NovotelSolo,negative,0.9723398089408875,Service Quality,Service Quality (0.97); Booking & Reservation Experience (0.96); Check in/out Experience (0.93)
rino raines,2021,3,kamar sekolah tua tapi kolam renang air bersih dan lumayan dalam dan luas ada penyelamat jg suasana alami dan dingin hotel pertama saya di mana sarapan bisa sampai makan di pinggir kolam biasanya sarapan di pinggir kolam tapi msh disekat ada pintu dan biasanya di dalam ruangan,KOMPETITOR,Bintang 4,NovotelSolo,positive,0.9987795948982239,"Cleanliness, Hygiene & Maintenance","Cleanliness, Hygiene & Maintenance (0.99); Facilities & Amenities (0.98); Ambience & Design (0.93)"
Andre,2021,3,Ruang terlihat sudah cukup lama namun masih terawat dari segi pelayanan masih dibawah harapan saya memanggil housekeeping tapi tidak datang permintaan saya baru diacuhkan setelah saya kebetulan turun untuk mengambil pesanan ojol dan mengeluh ke resepsi,KOMPETITOR,Bintang 4,NovotelSolo,negative,0.9969832301139832,Facilities & Amenities,Facilities & Amenities (0.97); Guest Experience (0.93); Service Quality (0.92)
Andrew Santoso,2020,3,meskipun 22 tahun kamar masih baik dan sangat nyaman tempat tidur tapi kamar mandi sanitasi rusak dan memiliki banyak kerak wifi sangat lambat dapat ditingkatkan sarapan baik-baik saja tapi variasi harus ditingkatkan semua staf sangat baik dan membantu kecuali laundry phonekeeper saya menekan 4 untuk pencucian yang saya butuhkan cukur dan sisir namun telepon terhubung ke laundry bukan pencucian dan dia berteriak telepon ke pencucian saja mas ini pencucian bukan pencucian dengan nada tidak baik,KOMPETITOR,Bintang 4,NovotelSolo,negative,0.9973559379577637,Facilities & Amenities,Facilities & Amenities (0.99); Guest Experience (0.87); Room Quality & Comfort (0.82)
Davita Handayani,2023,3,kamarnya kurang bersih untuk pelayanan juga kurang oke untuk sekelas hotel bintang 4 housekeeping ditelepon tidak pernah diangkat bau kamarnya apek untuk melihat dan desain arsitektur bagian luar hotel estetika sarapannya juga enak masakannya,KOMPETITOR,Bintang 4,NovotelSolo,positive,0.5753268599510193,Service Quality,Service Quality (0.84); Ambience & Design (0.72); Guest Experience (0.66)
M. Adib Hamdani S.T,2019,3,lumayan pernah workshop disini 3 hari masakan enak pelayanan petugas bagus hanya toilet di dekat ruang kegiatan mampet jadi harus naik turun nyari toilet lain semoga sekarang sudah oke bravo novotel,KOMPETITOR,Bintang 4,NovotelSolo,positive,0.9959056377410889,Service Quality,Service Quality (0.94); Food & Beverage (0.78); Facilities & Amenities (0.73)
Johan,2024,3,lokasi oke tapi harga dan fasilitas tidak sebanding lebih baik ibis dengan harga lebih murah dan fasilitas hampir sama mohon petunjuk untuk harga,KOMPETITOR,Bintang 4,NovotelSolo,positive,0.5830888152122498,Pricing & Value for Money,"Pricing & Value for Money (0.98); Facilities & Amenities (0.93); Location, Accessibility & Parking (0.47)"
Ade Indrakusuma.,2023,3,gelas kopi msh kotor sepertinya belum dicuci kamar mandi tidak bisa di kunci tanganku sudah robek2 mandi tidak terawat,KOMPETITOR,Bintang 4,NovotelSolo,negative,0.9986420273780823,Food & Beverage,Food & Beverage (0.97); Facilities & Amenities (0.87); Safety & Security (0.77)
Kuswandi Setiawan,2021,3,fasilitas sudah tua semua kabel2 kurang rapi kebersihan bagus makan pagi biasa saja mungkin perlu peremajaan tapi lumayanlah tapi bukan yang terbaik,KOMPETITOR,Bintang 4,NovotelSolo,negative,0.7667919397354126,Facilities & Amenities,Facilities & Amenities (0.85); Food & Beverage (0.54); Guest Experience (0.51)
Linda Sja,2020,3,ac kamar ribut sekali kaya ada mesin yang lepas setiap beberapa menit bikin kaget sarapan banyak yang habis tidak di isi padahal masi jam 9 pagi,KOMPETITOR,Bintang 4,NovotelSolo,negative,0.9990360736846924,Facilities & Amenities,Facilities & Amenities (0.88); Sustainability & Environmental Quality (0.69); Service Quality (0.60)
Alex Harahap,2020,3,Good breakfast serpis dll sayang peralatan toilet sudah mulai tua beberapa kemar di lantai paling atas mereka terganggu dengan suara sel atau unit kondensator,KOMPETITOR,Bintang 4,NovotelSolo,negative,0.9988473653793335,Facilities & Amenities,Facilities & Amenities (0.93); Service Quality (0.87); Food & Beverage (0.79)
Isdianti Andri,2020,3,Hotel bintang 4 yang lumayan sudah lama di solo ya biasa saja menurut saya sarapannya juga ngga begitu wow dan pengalaman saya menginap di sana kmrn di tempat tidur saya ada kecoa Jerman nya sedang jalan2 untung ada kamar anak yang lg mengatur tempat tidur ekstra didpn kamar lgsung sama bpk nya tempat tidur diganti semuanya wktu itu kita tinggal di lt 7,KOMPETITOR,Bintang 4,NovotelSolo,negative,0.8878593444824219,Service Quality,Service Quality (0.81); Guest Experience (0.76); Facilities & Amenities (0.70)
Selly Arentia,2023,3,Apa lagi dapet monyet yak di kamar lt 4 wifi jelek banget kayak jaringan 3g tv kabel banyak semut nonton jadi tidak nyaman,KOMPETITOR,Bintang 4,NovotelSolo,negative,0.9994814991950989,Facilities & Amenities,Facilities & Amenities (0.94); Digital Connectivity & Technology (0.93); Guest Experience (0.88)
Riza Hermawan,2024,3,layanan nya oke untuk mandi kurang oke karena pemutar mandi tidak mudah sarapannya banyak pilihan dan menu lokal juga ada bersih,KOMPETITOR,Bintang 4,NovotelSolo,positive,0.9795167446136475,Facilities & Amenities,Facilities & Amenities (0.99); Service Quality (0.99); Guest Experience (0.75)
Leonardus Susanta,2022,3,Saya memilih kamar merokok tetapi saya ditempatkan di lantai yang sama dengan kamar non-merokok mereka mengatakan bahwa lantai bebas pilihan untuk merokok non btw kamar saya tidak memiliki ashtray jadi saya perlu menelepon resepsi saluran TV tidak bekerja dengan baik ada suara aneh di kamar saya mungkin dari ac atau air atau sesuatu yang lain terima kasih atas perhatian dari gm sangat dihargai harapan input ini dapat digunakan untuk perbaikan,KOMPETITOR,Bintang 4,NovotelSolo,negative,0.989785373210907,Guest Experience,Guest Experience (0.98); Facilities & Amenities (0.91); Check in/out Experience (0.89)
Andrean Adhi Susanto,2022,3,nyaman dekorasi bagus pelayanan lumayan mgkn bisa lebih ditingkatkan kamar dapat yang kerannya lepas,KOMPETITOR,Bintang 4,NovotelSolo,positive,0.9978031516075134,Facilities & Amenities,Facilities & Amenities (0.98); Service Quality (0.98); Guest Experience (0.98)
Dwi Musli Ferly,2023,3,Hotel lama kondisi interior sudah kurang baik hordeng sudah kusam dan bau tembok kamar kotor dan sudah harus dikat ulang tangan kusam dan agak bau sebaiknya direnovasi ulang,KOMPETITOR,Bintang 4,NovotelSolo,negative,0.9985113739967346,Facilities & Amenities,Facilities & Amenities (0.87); Sustainability & Environmental Quality (0.82); Complaint Handling & Service Recovery (0.76)
fauziah Luthfiani,2025,3,Pelayanan nya kurang ramah pelayan nya ramah nya sama bule bule saja terutama pelayan restoranannya,KOMPETITOR,Bintang 4,NovotelSolo,negative,0.9561625123023987,Staff Conduct & Hospitality,Staff Conduct & Hospitality (0.52); Service Quality (0.46); Guest Experience (0.39)
yulia agnis,2023,3,Lokasinya strategis tapi hotelnya cukup tua makanannya standar saran perlu mempertahankan lagi kamarnya,KOMPETITOR,Bintang 4,NovotelSolo,positive,0.9552295207977295,Food & Beverage,"Food & Beverage (0.90); Facilities & Amenities (0.85); Loyalty, Recommendation & Appreciation (0.75)"
BANGUN RAHADIYANTO,2025,3,hanya buka bersama makanan dipilih mana yang bisa dinikmati harus gercep spy dapet,KOMPETITOR,Bintang 4,NovotelSolo,positive,0.6229537129402161,Food & Beverage,Food & Beverage (0.83); Check in/out Experience (0.71); Booking & Reservation Experience (0.57)
Pribadi Hasto Kusumo,2023,3,Kami mengunjungi sini pada malam Minggu mengecewakan karena semua makanan yang ingin kami pesan tidak tersedia tapi nasi campur rasanya baik harus mencoba nasi campur sebagai menu utama tempat ini yang lainnya begitu begitu,KOMPETITOR,Bintang 4,NovotelSolo,negative,0.6964065432548523,Food & Beverage,Food & Beverage (0.98); Guest Experience (0.96); Service Quality (0.96)
SINTA INDAH PRATIWI,2024,3,tempat nya nyaman kamar nya juga nyaman luas juga bersih pelayanan juga sangat baik,KOMPETITOR,Bintang 4,NovotelSolo,positive,0.9993346333503723,Facilities & Amenities,Facilities & Amenities (1.00); Service Quality (0.99); Room Quality & Comfort (0.99)
H G H,2019,3,Hotel lama dengan dekorasi lokasi yang bagus di kamar sangat tua 80s gaya hotel suite kamar tamu tidak baik terang sama sekali tapi yang lebih buruk masuk hari ini dan usia wifi super lambat itu hanya sampai 1 mb dan kemungkinan besar dibagi juga antara kamar lupa tentang menonton youtube streaming di spotify Anda juga perjuangan ini adalah turnoff besar untuk dunia yang terhubung kita hidup sekarang,KOMPETITOR,Bintang 4,NovotelSolo,negative,0.9983834028244019,Facilities & Amenities,Facilities & Amenities (0.90); Digital Connectivity & Technology (0.85); Guest Experience (0.74)
Rachman Wahyudi Eka 05,2022,3,kebetulan saya waktu itu tinggal 2 hari di sana dengan tipe kamar suite saran dari saya misalnya manajemen ada resekinya tolong di renovasi bangunan kamarnya terima kasih,KOMPETITOR,Bintang 4,NovotelSolo,neutral,0.7049473524093628,Facilities & Amenities,"Facilities & Amenities (0.93); Guest Experience (0.71); Loyalty, Recommendation & Appreciation (0.69)"
Thomas Cahyono,2024,3,Interior hotel terlihat tua interior kamar juga membutuhkan renovasi hotel kolam renang terlihat polos dan membosankan tapi untungnya kita bisa menggunakan untuk kolam renang gaya ibis yang lebih baik,KOMPETITOR,Bintang 4,NovotelSolo,negative,0.9181138277053833,Facilities & Amenities,Facilities & Amenities (0.94); Ambience & Design (0.93); Sustainability & Environmental Quality (0.60)
Leonora F. Leihitu,2020,3,Tinggal 1 malam di kamar 605 sepertinya dekat dengan kamar mesin suara sangat staf ruang makan agak jutek saat saya memesan makan malam,KOMPETITOR,Bintang 4,NovotelSolo,negative,0.9982006549835205,Guest Experience,Guest Experience (0.94); Facilities & Amenities (0.94); Service Quality (0.79)
Bhe Wijayadhi,2018,3,mrski di pusat kota tapi tak meninggalkan kebudayaan lokal bahkan terhitung kuno dan hampir punnah para pegawainya juga ramah dua tumb up deh pokoknya,KOMPETITOR,Bintang 4,NovotelSolo,positive,0.9974731802940369,Staff Conduct & Hospitality,Staff Conduct & Hospitality (0.98); Family & Group Friendly (0.93); Service Efficiency & Responsiveness (0.89)
Kamboja Kuning Project,2020,3,Salah satu hotel terbaik di solo tapi sudah melihatmu masih melihat kemakmuran masa lalu tapi terasa sebagai masa lalu kamar nyaman dan fasilitas lengkap,KOMPETITOR,Bintang 4,NovotelSolo,positive,0.9981334805488586,Facilities & Amenities,Facilities & Amenities (0.98); Room Quality & Comfort (0.96); Service Quality (0.88)
Artist Saraswati,2020,3,Ke sini karena ada undangan pernikahan untuk rasa makanan enak tapi pelayanan khususnya kebersihan meja penyajian selama kegiatan kurang memuaskan,KOMPETITOR,Bintang 4,NovotelSolo,negative,0.9628603458404541,Guest Experience,"Guest Experience (0.99); Cleanliness, Hygiene & Maintenance (0.98); Food & Beverage (0.97)"
Magenta Nararya Ismanto,2021,3,Dekorasi hotel sudah keluar dari tanggal baik di lobi maupun kamar rasanya perlu refreshments hanya lokasinya yang sangat strategis,KOMPETITOR,Bintang 4,NovotelSolo,positive,0.9779669046401978,Food & Beverage,Food & Beverage (0.98); Facilities & Amenities (0.98); Ambience & Design (0.95)
bang jay,2023,3,Secara umum oke tapi untuk makan pagi setara dengan hotel bintang 3 g banyak pilihan,KOMPETITOR,Bintang 4,NovotelSolo,positive,0.9442600607872009,Food & Beverage,"Food & Beverage (0.92); Service Quality (0.77); Loyalty, Recommendation & Appreciation (0.65)"
Subur Riadi,2024,3,lantai kamar perlu diperhatikan lg layanan cukup bagus,KOMPETITOR,Bintang 4,NovotelSolo,positive,0.9982354640960693,Service Quality,Service Quality (0.99); Facilities & Amenities (0.92); Guest Experience (0.91)
Yusuf Soetandio,2020,3,untuk kamar nyaman bersih lokasi hotel strategis untuk sarapan nya maaf jujur ya ndak enak,KOMPETITOR,Bintang 4,NovotelSolo,positive,0.9222862124443054,"Cleanliness, Hygiene & Maintenance","Cleanliness, Hygiene & Maintenance (0.98); Facilities & Amenities (0.98); Service Quality (0.96)"
dlu ddin,2018,3,kamarnya sedang saat kebagian yang jendelanya rusak tidak bisa dibuka padahal kamar merokok lho kamar mandi kurang cling,KOMPETITOR,Bintang 4,NovotelSolo,negative,0.9989187717437744,Service Quality,Service Quality (0.58); Facilities & Amenities (0.57); Safety & Security (0.50)
dewi yulia,2020,3,kamar bersih hanya kelengkapan seperti sprei handuk mandi sudah jam di ganti karena warna sudah kusam,KOMPETITOR,Bintang 4,NovotelSolo,negative,0.7399975061416626,Facilities & Amenities,"Facilities & Amenities (0.93); Service Quality (0.78); Cleanliness, Hygiene & Maintenance (0.64)"
Haryo S Nugroho,2023,3,lumayan dapet kamar menghadap ke timur nampaknya g lawu saat pagi hari,KOMPETITOR,Bintang 4,NovotelSolo,positive,0.9724819660186768,Facilities & Amenities,Facilities & Amenities (0.80); Sustainability & Environmental Quality (0.64); Booking & Reservation Experience (0.64)
Bunda Shirley,2018,3,Masih sama seperti 7 8 tahun yang lalu hanya saja tapi parkirnya kecil jika ada acara jadi repot parkirnya,KOMPETITOR,Bintang 4,NovotelSolo,negative,0.7674447894096375,"Location, Accessibility & Parking","Location, Accessibility & Parking (0.81); Facilities & Amenities (0.46); Sustainability & Environmental Quality (0.41)"
Lek Pornchai,2024,3,Tempat sarapan bagus tapi beberapa peralatan masuk kamar mandi perlu berubah,KOMPETITOR,Bintang 4,NovotelSolo,negative,0.8290321826934814,Food & Beverage,Food & Beverage (0.98); Facilities & Amenities (0.96); Guest Experience (0.80)
Budi Santosa,2022,3,tempat parkir luas pelayanan ramah kqmar bersih dan nyaman,KOMPETITOR,Bintang 4,NovotelSolo,positive,0.9994286894798279,Service Quality,"Service Quality (0.99); Location, Accessibility & Parking (0.99); Facilities & Amenities (0.99)"
N F (NF),2021,3,Mungkin bagus belum pernah menginap sini cuma acara pertemuan2 saja kalau disini,KOMPETITOR,Bintang 4,NovotelSolo,positive,0.8760852217674255,Check in/out Experience,Check in/out Experience (0.98); Guest Experience (0.92); Cultural & Heritage Experience (0.67)
Ciu Boedi,2022,3,Di masa pandemi ini semua hotel tertidur tapi meskipun demikian hal tersebut tidak mengurangi kualitas pelayanan di novotel hotel,KOMPETITOR,Bintang 4,NovotelSolo,positive,0.4241618812084198,Service Quality,Service Quality (1.00); Guest Experience (0.90); Service Efficiency & Responsiveness (0.86)
Bob IG,2022,3,Sarapan hotelnya mewah hanya kamar mandi saya sedikit macet dan banjir di sekitar lemari pada umumnya bagus,KOMPETITOR,Bintang 4,NovotelSolo,positive,0.9159727692604065,Facilities & Amenities,Facilities & Amenities (0.99); Food & Beverage (0.97); Guest Experience (0.93)
Sri Bintoro,2019,3,lokasi strategis interior kamar sudah tertinggal dng hotel hotel baru sarapan biasa,KOMPETITOR,Bintang 4,NovotelSolo,negative,0.6902936100959778,Facilities & Amenities,Facilities & Amenities (0.80); Guest Experience (0.72); Food & Beverage (0.67)
Antonia Amandipa,2022,3,ternyata sudah jauh berubah selimut kumel dan kebersihan kamar mandi kurang terawat,KOMPETITOR,Bintang 4,NovotelSolo,negative,0.9988123178482056,Facilities & Amenities,Facilities & Amenities (0.82); Religious & Halal Features (0.71); Management & Policy Issues (0.61)
diyah goro,2019,3,sarapannya yang enak cm rotinya saja makanan lokalnya malah kurang sayang banget,KOMPETITOR,Bintang 4,NovotelSolo,positive,0.8949718475341797,Food & Beverage,Food & Beverage (0.81); Sustainability & Environmental Quality (0.71); Cultural & Heritage Experience (0.54)
Rahmad Darmawan,2018,3,tempat sangat strategis karena akses jalan yang mudah dan dilalui banyak kendaraan umum,KOMPETITOR,Bintang 4,NovotelSolo,positive,0.9980998635292053,Facilities & Amenities,"Facilities & Amenities (0.90); Location, Accessibility & Parking (0.86); Service Efficiency & Responsiveness (0.78)"
Dhanang Sukmana Adi,2021,3,belum pernah tidur sini sih cuma makan siang saja menuunya lumayan enak enak,KOMPETITOR,Bintang 4,NovotelSolo,positive,0.9538069367408752,Food & Beverage,Food & Beverage (0.86); Service Quality (0.73); Guest Experience (0.71)
Tom,2024,3,Hotel lama yang membutuhkan renovasi pro lokasi yang baik bersih dan aman sarapan baik kontra di kamar mandi mahal mandi yang sulit digunakan,KOMPETITOR,Bintang 4,NovotelSolo,positive,0.5457062721252441,Facilities & Amenities,"Facilities & Amenities (1.00); Cleanliness, Hygiene & Maintenance (1.00); Service Quality (1.00)"
Marco S,2018,3,Lokasi bagus tapi hotel sekarang tua itu pasti perlu direnovasi semua orang ada sangat pria,KOMPETITOR,Bintang 4,NovotelSolo,negative,0.7139472961425781,Facilities & Amenities,Facilities & Amenities (0.88); Guest Experience (0.77); Sustainability & Environmental Quality (0.76)
Kristanto Radjin,2024,3,Hotel lama yang cukup terawat,KOMPETITOR,Bintang 4,NovotelSolo,positive,0.9975872039794922,"Cleanliness, Hygiene & Maintenance","Cleanliness, Hygiene & Maintenance (0.98); Service Quality (0.95); Facilities & Amenities (0.90)"
Novi Anggraini,2023,3,Hotel lama ruangannya cukup besar tapi agak menakutkan haha,KOMPETITOR,Bintang 4,NovotelSolo,positive,0.9466710090637207,Facilities & Amenities,Facilities & Amenities (0.80); Ambience & Design (0.72); Sustainability & Environmental Quality (0.62)
Bahari Toharuddin,2020,3,kamar mandi kurang nyaman mandi nya terutama saya kemaren di kamar 415,KOMPETITOR,Bintang 4,NovotelSolo,negative,0.9984481334686279,Guest Experience,Guest Experience (0.67); Facilities & Amenities (0.64); Service Quality (0.54)
Eti Nurhayati,2020,3,masakan baru kurang enak dan varian baru sedikit tidak seperti novotel daerah lain,KOMPETITOR,Bintang 4,NovotelSolo,negative,0.9636788964271545,Food & Beverage,Food & Beverage (0.73); Sustainability & Environmental Quality (0.45); Guest Experience (0.30)
Alfin Frans,2018,3,Aku pikir kau perlu memperbaiki FBmu mereka tidak sopan dan sangat lambat Aku memesan omlet dan setelah satu jam aku masih tidak mendapatkan omlet saya,KOMPETITOR,Bintang 4,NovotelSolo,negative,0.999022364616394,Food & Beverage,Food & Beverage (0.99); Booking & Reservation Experience (0.93); Service Quality (0.85)
wiwied widya,2024,3,standar bangunan dan perabotan sudah berumur perlu peremajaan,KOMPETITOR,Bintang 4,NovotelSolo,negative,0.7043765783309937,Facilities & Amenities,"Facilities & Amenities (0.93); Sustainability & Environmental Quality (0.74); Cleanliness, Hygiene & Maintenance (0.72)"
Patricia Wulandari,2018,3,hotel yang bagus sayang kamar yang kami bisa tidak sesuai dengan yang kami pesan,KOMPETITOR,Bintang 4,NovotelSolo,negative,0.9088932275772095,Booking & Reservation Experience,Booking & Reservation Experience (0.73); Guest Experience (0.54); Facilities & Amenities (0.53)
esti wijaya,2018,3,ngadain acara disana malah panggung rubuh sebagian kurang teliti penata panggung belum dilock kaki panggung,KOMPETITOR,Bintang 4,NovotelSolo,negative,0.9975278973579407,Facilities & Amenities,Facilities & Amenities (0.64); Sustainability & Environmental Quality (0.59); Safety & Security (0.51)
Ferdiouzt Roy,2019,3,keren abis klo saya sih anggaran nya kurang backpacker tidak dianjurkan,KOMPETITOR,Bintang 4,NovotelSolo,positive,0.7409970760345459,Pricing & Value for Money,Pricing & Value for Money (0.73); Management & Policy Issues (0.39); Facilities & Amenities (0.32)
Orlando Supriadi,2021,3,lokasi bagus selebihnya tidak jaringan wifi nya seperti tidak bayar tagihan lemot,KOMPETITOR,Bintang 4,NovotelSolo,positive,0.9657631516456604,Service Quality,Service Quality (0.99); Facilities & Amenities (0.96); Pricing & Value for Money (0.86)
Eko E,2019,3,Artistik dalemnya kaya dah jadul kurang couzy untuk saya dan musholenya nyempil di parkir motor Iran,KOMPETITOR,Bintang 4,NovotelSolo,positive,0.9619030356407166,Cultural & Heritage Experience,"Cultural & Heritage Experience (0.63); Ambience & Design (0.62); Location, Accessibility & Parking (0.52)"
Johan Bastian,2018,3,Hotel yang bagus lokasi yang ramah staf membutuhkan perbaikan pada dekorasi kebersihan koneksi internet,KOMPETITOR,Bintang 4,NovotelSolo,positive,0.994025468826294,Service Quality,Service Quality (0.97); Facilities & Amenities (0.95); Staff Conduct & Hospitality (0.87)
Sudarno Yts,2017,3,Salah satu hotel di solo yang cukup nyaman dengan harga yang cukup terjangkau,KOMPETITOR,Bintang 4,NovotelSolo,positive,0.9986323714256287,Pricing & Value for Money,Pricing & Value for Money (0.94); Facilities & Amenities (0.86); Room Quality & Comfort (0.82)
FAT Bli,2020,3,Hotel lama kamar masih bersih dan nyaman meskipun tapi membutuhkan renovasi terutama furnitur kamar dan kamar mandi terlalu tua,KOMPETITOR,Bintang 4,NovotelSolo,negative,0.9506575465202332,"Cleanliness, Hygiene & Maintenance","Cleanliness, Hygiene & Maintenance (0.98); Facilities & Amenities (0.97); Room Quality & Comfort (0.88)"
dyah depokcity,2023,3,hari ketika aku dan fam berada di sana kami kecewa karena airnya hitam kotor dan bau tidak baik,KOMPETITOR,Bintang 4,NovotelSolo,negative,0.9993188381195068,Guest Experience,Guest Experience (0.91); Check in/out Experience (0.76); Religious & Halal Features (0.65)
Desti Puspandhani,2018,3,hotelnya lumayan tapi untuk tempat parkir mohon diperhatikan lagi,KOMPETITOR,Bintang 4,NovotelSolo,positive,0.9232837557792664,"Location, Accessibility & Parking","Location, Accessibility & Parking (0.78); Service Quality (0.62); Facilities & Amenities (0.57)"
Ratna Suwendiyanti,2019,3,Hotel yang baik sayangnya masuk kamarku selimut dan tempat tidur kotor semacam disapointing untuk hotel kelas atas,KOMPETITOR,Bintang 4,NovotelSolo,negative,0.9939182996749878,Guest Experience,Guest Experience (0.75); Facilities & Amenities (0.75); Check in/out Experience (0.56)
Safira Andita Sari,2020,3,Sebuah pengalaman yang bagus dan lokasi yang bagus bangunan agak tua tapi itu tidak masalah sama sekali,KOMPETITOR,Bintang 4,NovotelSolo,positive,0.996485710144043,Facilities & Amenities,Facilities & Amenities (1.00); Cultural & Heritage Experience (0.96); Room Quality & Comfort (0.92)
Soetomo Tomo,2023,3,bagus dan suasana masih seperti yang dulu,KOMPETITOR,Bintang 4,NovotelSolo,positive,0.9874052405357361,Room Quality & Comfort,"Room Quality & Comfort (0.98); Facilities & Amenities (0.95); Cleanliness, Hygiene & Maintenance (0.87)"
trihadi waluyo,2018,3,bagus lokasi mudah dijangkau dan dekat objek wisata di solo,KOMPETITOR,Bintang 4,NovotelSolo,positive,0.9991500377655029,Facilities & Amenities,Facilities & Amenities (0.96); Family & Group Friendly (0.75); Service Efficiency & Responsiveness (0.75)
Asnia Dani,2020,3,Maaf saya kasih 3 soalnya kurang satu obat2an,KOMPETITOR,Bintang 4,NovotelSolo,negative,0.5354596972465515,"Cleanliness, Hygiene & Maintenance","Cleanliness, Hygiene & Maintenance (0.47); Loyalty, Recommendation & Appreciation (0.45); Sustainability & Environmental Quality (0.40)"
Nirwan Saja,2021,3,Lokasinya strategis lain lain sudah jauh menurun,KOMPETITOR,Bintang 4,NovotelSolo,positive,0.8287796974182129,Facilities & Amenities,"Facilities & Amenities (0.65); Pricing & Value for Money (0.55); Location, Accessibility & Parking (0.53)"
Oong Lim,2022,3,Mebel sudah tua tangan putih sudah jadi abu2,KOMPETITOR,Bintang 4,NovotelSolo,negative,0.9991558790206909,Sustainability & Environmental Quality,"Sustainability & Environmental Quality (0.65); Loyalty, Recommendation & Appreciation (0.61); Religious & Halal Features (0.56)"
MEUTIA HERBAL,2020,3,ukuran kamar bintang 4 fasilitas bintang 3 sudah agak jadul,KOMPETITOR,Bintang 4,NovotelSolo,negative,0.9912735819816589,Facilities & Amenities,Facilities & Amenities (0.61); Sustainability & Environmental Quality (0.39); Service Quality (0.37)
Joko Wasesso,2019,3,Hotel tua yang bagus minta perawatan akan mempengaruhi semua masuk kamar Anda,KOMPETITOR,Bintang 4,NovotelSolo,negative,0.995118260383606,Service Quality,"Service Quality (0.99); Guest Experience (0.98); Cleanliness, Hygiene & Maintenance (0.93)"
ophie hanifah,2020,3,gedungnya lumayan bagus tidak tahu bagaimana dalamnya,KOMPETITOR,Bintang 4,NovotelSolo,positive,0.9687448740005493,Facilities & Amenities,Facilities & Amenities (0.60); Sustainability & Environmental Quality (0.53); Ambience & Design (0.43)
Abdillah Adel,2023,3,dapat kamar merokok padahal pesen non-rokok,KOMPETITOR,Bintang 4,NovotelSolo,negative,0.9942242503166199,Facilities & Amenities,Facilities & Amenities (0.84); Guest Experience (0.81); Pricing & Value for Money (0.70)
Arif Setiawan,2023,3,Meskipun terlihat jadul masih oke lah,KOMPETITOR,Bintang 4,NovotelSolo,positive,0.893684983253479,"Cleanliness, Hygiene & Maintenance","Cleanliness, Hygiene & Maintenance (0.81); Cultural & Heritage Experience (0.78); Sustainability & Environmental Quality (0.74)"
Dinatika Ummami,2019,3,bisa banget buat seminar promosi buat tender yang mau sponsor,KOMPETITOR,Bintang 4,NovotelSolo,neutral,0.779655933380127,Sustainability & Environmental Quality,"Sustainability & Environmental Quality (0.51); Pricing & Value for Money (0.43); Loyalty, Recommendation & Appreciation (0.42)"
Pradhana Wisnu,2024,3,kunci kamar reset 2 kali,KOMPETITOR,Bintang 4,NovotelSolo,neutral,0.9988664388656616,Safety & Security,Safety & Security (0.80); Check in/out Experience (0.74); Facilities & Amenities (0.66)
Fadli Muhammad Rizky,2017,3,Rapih bersi Kental budaya menyediakan makanan khas solo untuk sarapan,KOMPETITOR,Bintang 4,NovotelSolo,positive,0.6691976189613342,Cultural & Heritage Experience,Cultural & Heritage Experience (0.99); Service Quality (0.98); Facilities & Amenities (0.93)
Yusuf Setiadi,2018,3,hotelnya cukup nyaman namun terlihat tua,KOMPETITOR,Bintang 4,NovotelSolo,positive,0.983414351940155,Facilities & Amenities,Facilities & Amenities (0.85); Sustainability & Environmental Quality (0.77); Service Quality (0.76)
Oey Suhandi,2017,3,lokasi yang baik meskipun hotel tua tapi baik pemeliharaan,KOMPETITOR,Bintang 4,NovotelSolo,positive,0.994674563407898,Service Quality,"Service Quality (0.97); Cleanliness, Hygiene & Maintenance (0.96); Facilities & Amenities (0.94)"
Herawati Herawati,2020,3,karyawan ramah cuma hotelnya sudah agk lama,KOMPETITOR,Bintang 4,NovotelSolo,negative,0.6960721015930176,Staff Conduct & Hospitality,Staff Conduct & Hospitality (0.91); Service Quality (0.91); Guest Experience (0.66)
s mwn,2019,3,"Ya, okela, tempat tinggalnya nyaman, tapi fasilitasnya tenang, tua.",KOMPETITOR,Bintang 4,NovotelSolo,negative,0.9687965512275696,Facilities & Amenities,Facilities & Amenities (0.97); Guest Experience (0.91); Service Quality (0.86)
Setyawan Arigatou977,2018,3,hotel yang besar lengkap dengan pelayanan yang baik,KOMPETITOR,Bintang 4,NovotelSolo,positive,0.9991108775138855,Service Quality,Service Quality (1.00); Facilities & Amenities (0.99); Service Efficiency & Responsiveness (0.97)
Ariel Noviandri,2018,3,Kesannya seperti hotel tua saja lumayanlah,KOMPETITOR,Bintang 4,NovotelSolo,negative,0.7953201532363892,Guest Experience,Guest Experience (0.53); Ambience & Design (0.53); Sustainability & Environmental Quality (0.50)
Sigit Santoso,2021,3,petugas keamanan dengan baik menempatkan masuknya strategis di pusat kota Surakarta,KOMPETITOR,Bintang 4,NovotelSolo,positive,0.998207688331604,Safety & Security,Safety & Security (0.98); Service Quality (0.85); Service Efficiency & Responsiveness (0.69)
fikri rostina,2018,3,Aku baru saja punya pertemuan di sini tidak mendapatkan kamar itu penuh dipesan,KOMPETITOR,Bintang 4,NovotelSolo,negative,0.9040342569351196,Guest Experience,Guest Experience (0.96); Check in/out Experience (0.94); Pricing & Value for Money (0.86)
Dari Hongkong,2023,3,hotelnya tua belum direnov,KOMPETITOR,Bintang 4,NovotelSolo,negative,0.9978930354118347,Facilities & Amenities,Facilities & Amenities (0.82); Sustainability & Environmental Quality (0.82); Religious & Halal Features (0.61)
Rendra Winantono,2021,3,Saya puas pernah menginap di sana,KOMPETITOR,Bintang 4,NovotelSolo,positive,0.9990422129631042,Guest Experience,"Guest Experience (0.96); Cleanliness, Hygiene & Maintenance (0.95); Facilities & Amenities (0.94)"
Adi Sampoerna,2019,3,bersih dan nyaman di dekat pusat kota,KOMPETITOR,Bintang 4,NovotelSolo,positive,0.9994844198226929,Facilities & Amenities,"Facilities & Amenities (0.97); Room Quality & Comfort (0.97); Cleanliness, Hygiene & Maintenance (0.97)"
