User Name,Review Time,Rating,clean_text,Tipe,Kelas,Nama_Hotel,AI_Sentiment,AI_Sentiment_Score,AI_Primary_Theme,AI_All_Themes
tama pratama,2025,5,Hotel strategis dkt dengan makan lokal hotel sangat luas kamar oke bersih dan bersih untuk staf sangat ramah saat check masuk disambut dengan resepsi wanita baik,KOMPETITOR,Bintang 4,BestWesternResortKuta-Bali,positive,0.9993191957473755,Staff Conduct & Hospitality,"Staff Conduct & Hospitality (1.00); Facilities & Amenities (1.00); Cleanliness, Hygiene & Maintenance (1.00)"
albert satria,2025,1,sebetulnya hotel lama yang bagus cma sayang banget angkat semuanya rusak yang bawa koper repot banget perlu diperbaiki manajemen waktunya,KOMPETITOR,Bintang 4,BestWesternResortKuta-Bali,positive,0.9544852375984192,Facilities & Amenities,Facilities & Amenities (0.64); Management & Policy Issues (0.55); Sustainability & Environmental Quality (0.51)
Merly Brando,2025,5,kamar luas lokasi strategis banyak makanan disekitar hotel dekat bandara pantai,KOMPETITOR,Bintang 4,BestWesternResortKuta-Bali,positive,0.9993651509284973,Facilities & Amenities,Facilities & Amenities (0.96); Food & Beverage (0.84); Service Efficiency & Responsiveness (0.74)
Ida ayu Candra kirana,2025,5,puas banget menginap disini semua stafnya ramah harga terjangkau menu sarapan nya enak kamarnya nyaman depan banyak tempat belanja dan dekat ke pantai kuta selanjutnya kalau ke bali akan menginap disini lagi terima kasih best western resort kuta,KOMPETITOR,Bintang 4,BestWesternResortKuta-Bali,positive,0.9995348453521729,Pricing & Value for Money,Pricing & Value for Money (0.99); Staff Conduct & Hospitality (0.99); Service Quality (0.99)
Lings Fashion,2025,5,Hotel terbaik masuk daerah kuta hotel baru bersih dan nyaman akses kemana mana dekat resepsionis nya ramah terutama yang perempuan terbaik lah pokok hotel ini,KOMPETITOR,Bintang 4,BestWesternResortKuta-Bali,positive,0.9993085861206055,Service Quality,"Service Quality (0.99); Facilities & Amenities (0.98); Cleanliness, Hygiene & Maintenance (0.98)"
Minimi Official,2025,5,lokasi yang sangat strategis untuk liburan hotelnya sangat bersih dan nyaman stafnya nya sangat ramah,KOMPETITOR,Bintang 4,BestWesternResortKuta-Bali,positive,0.9987970590591431,Service Quality,"Service Quality (0.99); Cleanliness, Hygiene & Maintenance (0.98); Service Efficiency & Responsiveness (0.98)"
E Ar,2025,5,Perhotelan yang sangat baik layanan yang baik staf ramah sangat merekomendasikan sudah dua kali tinggal di sini dan setiap tinggal bisa seminggu dan tidak pernah kecewa waktu cek masuk waktu masuk kamar sudah ada selamat datang hadiah nya di meja terima kasih banyak pak ivan kamar bersih dan dibersihin setiap hari bersihkan tempat tidur dan sarung bantal setiap hari diganti setiap pesan makanan yang sesuai permintaan selalu disediakan setiap kali bertemu dengan rendah hati dan hangat selalu tidak puas gm pak ivan pak weldi dari fo sampai sampai dapur staf restoran semuanya ramah makanan yang disediakan juga bervariasi menu terbaik barat dan indonesia favorit sarapan selama tinggal di sana omelette buah multig,KOMPETITOR,Bintang 4,BestWesternResortKuta-Bali,positive,0.998100221157074,Service Quality,Service Quality (0.99); Staff Conduct & Hospitality (0.98); Service Efficiency & Responsiveness (0.98)
Tuu Dika,2025,5,Hotel nyaman kolam sangat besar lokasi dekat dengan bandara hanya 10 menit,KOMPETITOR,Bintang 4,BestWesternResortKuta-Bali,positive,0.9991998076438904,Facilities & Amenities,Facilities & Amenities (0.99); Room Quality & Comfort (0.92); Service Efficiency & Responsiveness (0.91)
Reena Olala,2025,5,lokasi deket pantai kuta tinggal nyebrang saja mau ke mall juga dekat bisa jalan kaki juga kamar bersih banget pelayanan oke makananjuga enak2 keamanan sangat terjaga,KOMPETITOR,Bintang 4,BestWesternResortKuta-Bali,positive,0.9995244741439819,Service Quality,"Service Quality (0.99); Cleanliness, Hygiene & Maintenance (0.99); Facilities & Amenities (0.99)"
Anix Handiki,2025,5,sarapan kurang sate pdhal satenya enak banget pdhal lngganna tiap minggu nginep dsni,KOMPETITOR,Bintang 4,BestWesternResortKuta-Bali,positive,0.994382381439209,Service Quality,Service Quality (0.70); Guest Experience (0.65); Food & Beverage (0.64)
miftahhulhuda hulhuda,2025,5,pernah disini 2015 liburan bersama keluarga 7 hari menu sarapan yang berkesan trimakasih,KOMPETITOR,Bintang 4,BestWesternResortKuta-Bali,positive,0.6392039060592651,Guest Experience,Guest Experience (0.97); Food & Beverage (0.89); Family & Group Friendly (0.89)
martinus kim,2025,5,lokasi dekat bandara ngurah rai hanya 10 menit dengan kondisi lalu lintas lancar ya resepsi cekatan jadi proses cek masuk lebih cepat kamar nya cukup luas ac dingin tv kabel ranjang oke kamar mandi toilet lengkap ada bidet dan ketle buat masak udara dengan dilengkapi kopi teh dan gula ada kursi bis buat santai juga harga sesuai menu sarapan pastry salad beberapa pilihan kopi omlette cukup enak,KOMPETITOR,Bintang 4,BestWesternResortKuta-Bali,positive,0.9994378685951233,Service Efficiency & Responsiveness,Service Efficiency & Responsiveness (0.99); Facilities & Amenities (0.99); Service Quality (0.98)
Lisda Handayani,2025,5,hotel nya cukup nyaman pilihan sarapan nya juga lumayan kami datang malam hari saat jam hujan saya diberi kamar paling ujung yang terlihat sangat gelap sangat sangat komplen ke staf resepsionis nya di tanggapi dengan wajah dan kata2 yang tidak ramah sama skali untung nya pak ivan manajer hotel nya sangat ramah dan baik ke tamu tetap hotel dia menyapa kami distiap pagi ketika kami sarapan dan kami di antar oleh pak ivan sendiri ke bandara di hari yang hujan dia berbasah2 memberikan layanan yang terbaik untuk kami terima kasih ya pak ivan,KOMPETITOR,Bintang 4,BestWesternResortKuta-Bali,positive,0.5114079713821411,Staff Conduct & Hospitality,Staff Conduct & Hospitality (0.92); Service Quality (0.89); Guest Experience (0.80)
Diah Radhita,2025,5,menginap di sini merasa damai tidak berisik padahal deket sama jalan raya buat kamarnya luas enak dan tentu selalu bersih fasilitasnya lengkap ac dingin wifi kencang udara panas selalu ada view nya juga enak kebetulan saya yang ngadep kolam renang stafnya ramah selalu disapa kalau lagi papasan pokoknya pelayanannya 10 10 makanannya enak tapi makanannya lumayan enak tapi pilihannya agak terbatas favorit saya fuyung hai,KOMPETITOR,Bintang 4,BestWesternResortKuta-Bali,positive,0.9995610117912292,Facilities & Amenities,Facilities & Amenities (0.99); Service Quality (0.98); Staff Conduct & Hospitality (0.93)
Nafikah Kurnia (Fika),2025,5,best western resort kuta sebuah oasis tenang di tengah kemeriahan best western resort kuta menawarkan pengalaman menginap yang menyenangkan dengan sentuhan kemwahan di tengah hiruk pikuk kuta lokasinya yang strategis hanya beberapa langkah dari pantai memudahkan akses ke berbagai atraksi dan pusat hiburan keunggulan kamar yang nyaman kamarnya luas dan bersih dengan desain modern dan fasilitas yang lengkap balkon pribadi menawarkan pemandangan indah ke arah laut atau taman menjadi tempat yang ideal untuk bersantai dan menikmati suasana tropis kolam renang yang menyegarkan kolam renang outdoor yang luas dan bersih menjadi tempat yang sempurna untuk berenang berjemur atau sekedar ber,KOMPETITOR,Bintang 4,BestWesternResortKuta-Bali,positive,0.9995081424713135,Facilities & Amenities,Facilities & Amenities (0.99); Room Quality & Comfort (0.96); Guest Experience (0.92)
Johanes Dominggus,2025,5,ambil paket yang baru suasana hotel enak seperti di rumah bukan di hotel staf yang ramah kamar besar untuk kami yang 2 dewasa dan 2 anak sukses terus,KOMPETITOR,Bintang 4,BestWesternResortKuta-Bali,positive,0.9983676075935364,Facilities & Amenities,Facilities & Amenities (0.97); Service Quality (0.93); Guest Experience (0.93)
luh gede,2025,5,hotel yang sangat bagus nyaman manajer n para kru staf sangat baik n ramah makanannya sngat enak swasana seperti rumah sendiri senang x saya masih bisa kembali menginap di best western resort kuta terimakasih banyak atas semua servisnya selama saya menginap akan sllu menjadi pilihan untuk saya tinggalcation,KOMPETITOR,Bintang 4,BestWesternResortKuta-Bali,positive,0.9993247985839844,Staff Conduct & Hospitality,Staff Conduct & Hospitality (0.99); Facilities & Amenities (0.98); Family & Group Friendly (0.98)
erry watie,2025,3,hotel yang sudah terlihat tua ada bbrp bagian yang perlu pemeliharaan agar tidak terkesan kotor dan berdebu ken bangunan aura nya agak gimana gitu apalagi klo lewat lorong malem2 sudah 2 mlm menginap selalu tidak ada handuk dan keset d kamar emang setiap bersihin kamar tidak langsung diganti yang baru apa garis telp d kamar tidak berfungsi sudah komplain trs bilangnya akan dikes tapi fa dibenerin jg kalau emang tidak ada lebih baik bilang saja drpd telp jadi pajangan saja klo mo telp resepsionis hrs pke hp telepon k front service,KOMPETITOR,Bintang 4,BestWesternResortKuta-Bali,negative,0.997822642326355,"Cleanliness, Hygiene & Maintenance","Cleanliness, Hygiene & Maintenance (0.86); Facilities & Amenities (0.80); Complaint Handling & Service Recovery (0.63)"
Rendi Herdiansyah,2025,5,pengalaman pertama saya menginap di hotel ini bersama keluarga saya tempatnya tenang saya banyak pilihan kamarnya luas dan bersih pelayanan nya bagus sekali staf saya juga sangat ramah overall okee bangett dehh,KOMPETITOR,Bintang 4,BestWesternResortKuta-Bali,positive,0.9994625449180603,Staff Conduct & Hospitality,Staff Conduct & Hospitality (0.98); Service Quality (0.98); Facilities & Amenities (0.97)
Tips Receh,2025,5,kami menginap tgl 21 Februari 2024 dapat kamar deluxe view kolam setiap kamar ada balkon suasana hotel cukup tenang untuk menu sarapan dan rasanya standar untuk lidahku kolam renang cukup luas dan nyaman pelayanan super ramah dan akrab bagi yang muslim ada cukup banyak tempat makan halal dekat hotel,KOMPETITOR,Bintang 4,BestWesternResortKuta-Bali,positive,0.9994376301765442,Facilities & Amenities,Facilities & Amenities (0.99); Service Quality (0.97); Family & Group Friendly (0.95)
Yanuar Putri,2025,5,hotelnya bagus bersih nyaman saat dikamarku ac nya tidak bisa yang ingin itu tapi tetap nyaman kolam renangnya juga bersih menu sarapan enak deket indo sama alfa dianjurkan menginap disini secara keseluruhan nginep 3 malam disini nyaman banget,KOMPETITOR,Bintang 4,BestWesternResortKuta-Bali,positive,0.9993798732757568,Facilities & Amenities,"Facilities & Amenities (0.98); Cleanliness, Hygiene & Maintenance (0.97); Service Quality (0.90)"
Nuna Mulia,2025,5,selama 6 hari kamar setiap hari diganti selimut dan handuk pelayanan pegawai ramah semua lokasi bagus lokasi strategis dekat kemana2 semua lengkap alfa mart indomart jajanan jakarta tempat oleh2 dekat semua f b yang bikin mau balik lagi karena setiap mau sarapan disapa ramah hangat oleh pak ifan makanannya enak semua dan lengkap keseluruhan layanan memuaskan terimakasih banyak terbaik resor kulta sehat2 pak ifan sukses terus dan berkembang terbaik resor kulta kulta kulta,KOMPETITOR,Bintang 4,BestWesternResortKuta-Bali,positive,0.9994944334030151,Service Quality,Service Quality (0.99); Family & Group Friendly (0.99); Guest Experience (0.98)
Leonardo Deodatus,2025,5,Hotel yang sangat menyenangkan untuk menginap tempatnya bersih nyaman dan di tambah pemandangan indah kota bali mantep deh pokoknya,KOMPETITOR,Bintang 4,BestWesternResortKuta-Bali,positive,0.9994043111801147,Facilities & Amenities,"Facilities & Amenities (1.00); Room Quality & Comfort (0.99); Cleanliness, Hygiene & Maintenance (0.99)"
SURYA DINATA,2025,5,hotel dengan fasilitas memadai dengan pelayanan yang cepat ramah dan harga terjangkau terutama bpk pande dia melayani bukan karena kerja tapi melayani dengan hati semoga kedepan bisa dipertahankan,KOMPETITOR,Bintang 4,BestWesternResortKuta-Bali,positive,0.9985299110412598,Service Efficiency & Responsiveness,Service Efficiency & Responsiveness (0.99); Pricing & Value for Money (0.99); Facilities & Amenities (0.99)
Andrew Leonardo,2025,4,Lokasinya di kuta dekat sama bandara parkirannya tersedia luas dan bisa nampung banyak terletak di jalan yang lumayan besar depannya banyak kuliner dan 3 minimarket ac nya dingin kamarnya luas pelayanan dari semua stafnya bagus bathupnya kurang berfungsi dengan baik dan dispenser sabunnya juga kurang berfungsi dengan baik hanya ruang makannya yang sedikit sempit jadi terkadang kita tidak kebagian tempat saat ingin sarapan,KOMPETITOR,Bintang 4,BestWesternResortKuta-Bali,positive,0.9989662170410156,Facilities & Amenities,"Facilities & Amenities (0.99); Location, Accessibility & Parking (0.89); Service Quality (0.88)"
Nina Keris Dinasari,2025,1,Dibilang resort sepertinya bukan tidak ada lahan parkir bangunan model lama paling takut kalau kamar mandi ada mandi up nya sabunnya kebiasaan malas bilang karna cuma transit saja lantainya basah tidak langsung di pel sampai hotel jam 1 30 posisi staf cuma 1 orang alhamdulillah bli nya ramah untuk pegawai ramah2 untuk sarapan lumayan,KOMPETITOR,Bintang 4,BestWesternResortKuta-Bali,positive,0.9937520623207092,"Location, Accessibility & Parking","Location, Accessibility & Parking (0.91); Staff Conduct & Hospitality (0.88); Service Quality (0.86)"
Gabriel Rizkiawan,2025,3,Ketika kami datang posisi cuaca sangat panas tidak ada staf yang datang membantu sekedar menurunkan barang keamanan hanya melihat saja dari tempat teduh kamarnya cukup luas tetapi ada suara ac di luar ruangan yang cukup mengganggu tidur malam kami sarapan cukup standar saja lokasi sangat strategis sisanya ya hanya untuk hotel transit saja,KOMPETITOR,Bintang 4,BestWesternResortKuta-Bali,positive,0.9066231846809387,Facilities & Amenities,Facilities & Amenities (0.68); Safety & Security (0.65); Guest Experience (0.64)
Choir Nisa,2025,4,tempatnya nyaman kamar luas tapi syg ac nya kurang dingin makanan enk banyak variasi nya ada kolam renang bersih,KOMPETITOR,Bintang 4,BestWesternResortKuta-Bali,positive,0.9989174604415894,Facilities & Amenities,"Facilities & Amenities (0.97); Cleanliness, Hygiene & Maintenance (0.80); Service Quality (0.77)"
YanS 17,2024,5,kamarnya luas dan nyaman ac nya dingin meskipun pada awalnya tidak terasa dingin namun ketika diinfokan petugas hotel segera merespon dengan baik dan cepat kamar mandi luas namun saat kami datang tidak ada handuknya karena menurut petugasnya handuk masih di laundry pelayanannya ramah dari awal datang sampai akhir pulang sarapan lumayan banyak pilihannya hanya untuk rasanya mohon diperhatikan kembali semoga tahun depan bisa berkunjung kembali ke resor barat terbaik bali semoga ke depan lebih baik lagi terima kasih banyak,KOMPETITOR,Bintang 4,BestWesternResortKuta-Bali,positive,0.9974812865257263,Service Efficiency & Responsiveness,Service Efficiency & Responsiveness (0.98); Service Quality (0.96); Facilities & Amenities (0.93)
Yasfi Syawaludin,2025,5,Hotel baru sangat bagus cocok untuk ketika berlibur staf nya sangar ramah dan sopan kamar sangat luas dan bersih du rekomendasi banget untuk tinggal di hotel ini suasana baru dingin pemandangan yang indah,KOMPETITOR,Bintang 4,BestWesternResortKuta-Bali,positive,0.999396800994873,Staff Conduct & Hospitality,"Staff Conduct & Hospitality (1.00); Cleanliness, Hygiene & Maintenance (1.00); Facilities & Amenities (1.00)"
Syafira Mutiara,2025,5,Hotel yang nyaman dan stafnya terbilang ramah untuk hotel ini makanannya pun enak mungkin jika kembali ke sini bisa menginap di sini lagi harganya pun masih termasuk rentang oke,KOMPETITOR,Bintang 4,BestWesternResortKuta-Bali,positive,0.9991113543510437,Facilities & Amenities,Facilities & Amenities (1.00); Staff Conduct & Hospitality (1.00); Service Quality (0.99)
Violen Ong,2025,5,dekat sama mall penemuan meskipun harus pergi kampung tapi kalau jalan deket kamarnya bagus meskipun hotel tua jadi kurang msalah colokan listrik masih kurang rapi tapi kamarnya luas banget intinya jika sudah nginap di sini pasti akan datang lagi,KOMPETITOR,Bintang 4,BestWesternResortKuta-Bali,positive,0.9991738200187683,Facilities & Amenities,Facilities & Amenities (0.88); Service Quality (0.88); Room Quality & Comfort (0.78)
Verdi Busra,2024,5,hotel lama tapi masih tetap bagus kamarnya besar lengkap dengan mini kulkas dan kursi besar serta meja di kamar ac dingin kamar mandi dengan bath tube yang besar kolam renang bagus lokasi strategis di daerah kuta banyak penjual makanan dan mini pasar di sekitar hotel cuma parkir mobil tidak begitu banyak untuk sarapan pagi standar hotel dengan rasa yang enak secara keseluruhan puas menginap di sini,KOMPETITOR,Bintang 4,BestWesternResortKuta-Bali,positive,0.9993886947631836,Facilities & Amenities,"Facilities & Amenities (0.99); Location, Accessibility & Parking (0.95); Guest Experience (0.88)"
d chandrasari,2024,2,Dalam 1 mlm pindah kamar 3x baru di kamar terakhir menemukan kondisi kamar bersih dari debu dan sc nya dingin awal datang diupgrade kmrnya sudah senang saat masuk di lantai 3 kamar bau debu dan panas nyalakan ac dalam 5 menit tidak kuat sudah mulai kecewa buat saya yang alergi debu terasa sangat kmrnya tidak nyaman minta ganti diksh kamar di lantai 2 yang ac nya jg tidak dingin tapi tidak seppanas yang pertama debu msh kerasa disana sini berusaha bertahan dan siap istirahat tapi tidak panasnya dan hawa debutnya minta ganti lagi setelah menunggu akhirnya dpt kamar yang begitu masuk sudah terasa kuat bersih dari debu dan ac nya,KOMPETITOR,Bintang 4,BestWesternResortKuta-Bali,negative,0.9891981482505798,Guest Experience,Guest Experience (0.58); Check in/out Experience (0.58); Service Quality (0.57)
putri widarta,2024,4,menginap nyaman tenang enak kamar luas trus sarapannya sumpah enak banget untuk masakannya enak keliatan tidak asal asalan masak menu standar yang biasa di hotel yang stiap selalu ada tapi ini berbeda kaget nasi gorengnya enak banget lembut rasa enak tidak keras trus gurih sama kwetiawnya mantap kalau menu yang lain nya rasa nya biasa lah oke saja hanya maaf saya nilai bintang kurang 1 karena dikamar 2114 di lantai balkon selalu basah karena tetesan ac yang bocor dan kabel telepon lepas mulu saat digunakan tapi secara keseluruhan saya suka menginap di sana terima kasih,KOMPETITOR,Bintang 4,BestWesternResortKuta-Bali,positive,0.9977850914001465,Facilities & Amenities,Facilities & Amenities (0.89); Service Quality (0.86); Guest Experience (0.69)
yusak edward,2025,5,kamar nyaman bersih cuma kwalitas kasur perlu ditingkatkan hotel juga bersih dan nyaman makanan untuk sarapan enak dan banyak pilihan dari menu indonesia sampai barat pegawai ramah cuma lahan parkir yang kurang diperluas sehingga bisa menampung lebih banyak mobil tamu yang menginap,KOMPETITOR,Bintang 4,BestWesternResortKuta-Bali,positive,0.9969860911369324,Facilities & Amenities,"Facilities & Amenities (0.99); Location, Accessibility & Parking (0.97); Cleanliness, Hygiene & Maintenance (0.96)"
Tia FitriaWD,2025,5,overall pelayanannya super menyenangkan kamar nyaman dan bersih cita rasa masakannya lezat staf hotel ramah cepat respon besar terima kasih pak ivan mb monica atas kerjasama baiknya ya semoga hotel bw makin sukses kedepannya,KOMPETITOR,Bintang 4,BestWesternResortKuta-Bali,positive,0.9994375109672546,Service Efficiency & Responsiveness,Service Efficiency & Responsiveness (0.99); Facilities & Amenities (0.99); Room Quality & Comfort (0.99)
Poppy Joenada77,2025,4,hotelnya bersih pelayanan baik ac kamar saya tidak dingin mereka cepat tanggap lgsg ganti dengan kamar suite sarapan lengkap tidak terlalu ketat mengawasi tidak pelit pokoknya puas,KOMPETITOR,Bintang 4,BestWesternResortKuta-Bali,positive,0.9984087347984314,Service Efficiency & Responsiveness,"Service Efficiency & Responsiveness (0.99); Facilities & Amenities (0.99); Cleanliness, Hygiene & Maintenance (0.99)"
fera afriyanti,2024,4,Tempat menginap di Bali yang dekat dengan bandara akses kendaraan mudah waktu sampai ke sana pelayanan baik malah kamar kita di upgrade ke yang lebih besar ruanga cukup bersih tapi sempat tidak ada sabun dan sampo tapi setelah di konfirmasi ke resepsi ini langsung di isi sabun dan sampo kamar mandi baru dan sarung bantal kurang wangi kolam renang cukup bersih dan nyaman dan ada kolam dangkal untuk anak2 suasana malam hari aga remang2 tapi kalau siang hari oke,KOMPETITOR,Bintang 4,BestWesternResortKuta-Bali,positive,0.9925962090492249,Service Quality,"Service Quality (0.96); Facilities & Amenities (0.95); Cleanliness, Hygiene & Maintenance (0.89)"
Kartika,2024,5,lokasi dekat dari bandara pakai google map langsung ketemu kamar luas banget fasilitas komplit ada tv dan mini kulkas juga tempat tidur nya gede nyaman kamar mandinya bersih dan besar saya bisa yang ada bak mandi nya dan ada pengering rambut ini favorit saya di dalam kamar ada sofa n meja yang bisa dipakai kerja meja riasnya juga besar jelas bahagia saya ini kalau cewek dan yang paling penting ac nya dingin kolam renang besar bersih sarapan enak disetujui,KOMPETITOR,Bintang 4,BestWesternResortKuta-Bali,positive,0.9994472861289978,Facilities & Amenities,"Facilities & Amenities (1.00); Cleanliness, Hygiene & Maintenance (0.98); Room Quality & Comfort (0.97)"
aditya waelan 87,2025,5,staf ramah makanan enak lokasi hotel mudah dijangkau pokoknya mantap sajan,KOMPETITOR,Bintang 4,BestWesternResortKuta-Bali,positive,0.9994458556175232,Service Quality,Service Quality (0.99); Facilities & Amenities (0.98); Staff Conduct & Hospitality (0.97)
Yovitha MKasih,2025,1,resort vintage yang kurang terawat saat saya cek masuk lantai kamar kotor handuk di kamar mandi kumal dan lusuh warna sudah bisa bersihin juga lusuh dan banyak bekas noda slip kamar tidak tersedia,KOMPETITOR,Bintang 4,BestWesternResortKuta-Bali,negative,0.9988861680030823,Check in/out Experience,Check in/out Experience (0.75); Facilities & Amenities (0.72); Cultural & Heritage Experience (0.65)
Atr Official,2025,5,pertama kali menginap di bw resort kuta sangat menyengakan dari di di fo kamar besar bersih makanan enak trimakasih buat staf bw terutama buat pak ivan ramah melayanin dengan baik sangat rendah hati beliau,KOMPETITOR,Bintang 4,BestWesternResortKuta-Bali,positive,0.9993686079978943,Service Quality,"Service Quality (0.98); Cleanliness, Hygiene & Maintenance (0.98); Staff Conduct & Hospitality (0.98)"
Joko,2024,5,kemarin menginap 2 hari di sini kamar sangat luas dan mendapat upgrade kamar yang ada bak mandi ya walaupun terlihat seperti hotel tua tapi tetap terasa bukan hotel anggaran saran bagian kamar mandi khususnya wastafel dan kaca mungkin bisa di bersihkan menggunakan obat jamur kaca dll biar anak-anak lg sekarang kesannya seperti hotel tidak terurus untuk yang bawa mobil agak sulit parkir apa lg saat akhir pekan tempat parkir mungkin hanya bisa menampung 6 mobil,KOMPETITOR,Bintang 4,BestWesternResortKuta-Bali,negative,0.6981539130210876,Facilities & Amenities,"Facilities & Amenities (0.98); Location, Accessibility & Parking (0.96); Pricing & Value for Money (0.83)"
Muh Arief,2025,5,hotelnya luar biasa kamarnya luas dan bersih menu sarapan pagi banyak pilihan kolam renangnya ada semoga hotel terbaik barat bali tetap mempertahankan kualitasnya,KOMPETITOR,Bintang 4,BestWesternResortKuta-Bali,positive,0.9994420409202576,Facilities & Amenities,"Facilities & Amenities (0.99); Cleanliness, Hygiene & Maintenance (0.99); Service Quality (0.94)"
Mega Ratu,2024,5,kamarnya nyaman namun interior agak jadul lokasi dekat dengan pilihan makanan lokal yang murah seperti sate ayam ayam geprek pecel ayam pempek batagor indomaret alfamart kolam renang nyaman sekali karena ada pilihan yang dalam hingga 3 meter sudah jarang kolam renang sampai dalam segini,KOMPETITOR,Bintang 4,BestWesternResortKuta-Bali,positive,0.9992245435714722,Facilities & Amenities,Facilities & Amenities (0.82); Food & Beverage (0.66); Room Quality & Comfort (0.62)
ronald Faiz,2025,1,Maaf terpaksa harus kasih 1 kurang suka dengan cara keamanan nya apa karena memakai motor cara suruh pindah motor maen perintah saja kita naik motor juga tidak pesen tipe kamar paling rendah loh catatan buat bli keamanan yang memakai gelang biji besar,KOMPETITOR,Bintang 4,BestWesternResortKuta-Bali,negative,0.9949160814285278,Safety & Security,Safety & Security (0.79); Guest Experience (0.73); Management & Policy Issues (0.58)
Glent Christian,2024,5,best western resort kuta menawarkan akomodasi yang nyaman dan fasilitas lengkap lokasi dekat dengan pantai kuta dan pusat perbelanjaan kamar bersih luas dan dilengkapi dengan fasilitas modern kolam renang dan restoran juga menambah nilai layanan pelanggan memuaskan ideal untuk keluarga atau pasangan,KOMPETITOR,Bintang 4,BestWesternResortKuta-Bali,positive,0.9995207786560059,Facilities & Amenities,Facilities & Amenities (1.00); Family & Group Friendly (0.99); Room Quality & Comfort (0.96)
Rieco Rinaldi,2024,5,sangat dianjurkan staf ramah kamar bagus dan bersih kolam renang enak anget malam2 renang tidak dingin dan yang saya suka ada yang kedalaman 3 meternya depan hotel byk makanan jajajan kaki lima ada indomaret alfamart lingkaran k berjejer pokokny strategis,KOMPETITOR,Bintang 4,BestWesternResortKuta-Bali,positive,0.9995160102844238,Facilities & Amenities,Facilities & Amenities (0.99); Service Quality (0.98); Staff Conduct & Hospitality (0.98)
Jarang Peduli,2024,2,lokasi lumayan dkt dengan penemuan mall dan waterboom pelayanan buruk sekali cekin uda byr dan msk nya saja uda malam jam 10an kamar belum siap stlh msk kamar kamar sangat kotor pesen kamar tidak merokok dpt yang merokok lantai tidak d pel debu tebal kamar mandi salurannya mampet jadi banjir kemana2 hari ke 2 minta pindah kamar menunggu lama sekali baru bisa pindah karena tidak da yang mindahin ekstra tempat tidur nya ini antara kurang orang atau pegawai baru yang malas entahlah parkir mbl sempit ya dan tidak da petugas untuk bantu parkir dan turun masuk koper,KOMPETITOR,Bintang 4,BestWesternResortKuta-Bali,negative,0.9985407590866089,"Location, Accessibility & Parking","Location, Accessibility & Parking (0.96); Facilities & Amenities (0.80); Pricing & Value for Money (0.76)"
Satria Sajoo,2025,5,hotel nyaman bersih dan strategis sarapan sarapan fantastis lengkap segar dan pelayanannya bagus tanggap cepat kebersihan bagus letak hotel dkt ama bandara dan dekat ama mall penemuan dan pusat pembelanjaan dan pantai jalan kaki cuma 5 7 menit dari hotel dan yang utama staf dan pelayanan memuaskan saran tetap mempertahankan kualitas pelayanan,KOMPETITOR,Bintang 4,BestWesternResortKuta-Bali,positive,0.9995161294937134,"Cleanliness, Hygiene & Maintenance","Cleanliness, Hygiene & Maintenance (1.00); Facilities & Amenities (0.99); Service Quality (0.99)"
Renick Nursalim,2024,4,pengalaman menginap di sini kebersihan oke ac oke dingin ada pengering rambut mandi pemanas kadang berfungsi kadang tidak kalau pagi kenyamanan kamar lumayan pelayanan oke minus tv kamar besemut lokasi enak dekat bandara dekat dengan pasar dan makanan2 lainnya,KOMPETITOR,Bintang 4,BestWesternResortKuta-Bali,positive,0.9990384578704834,"Cleanliness, Hygiene & Maintenance","Cleanliness, Hygiene & Maintenance (0.99); Facilities & Amenities (0.99); Guest Experience (0.99)"
Ellen Pramesti Wijaya,2025,5,lokasi strategis petugas ramah,KOMPETITOR,Bintang 4,BestWesternResortKuta-Bali,positive,0.998769223690033,Service Quality,Service Quality (0.96); Guest Experience (0.95); Staff Conduct & Hospitality (0.94)
Dengol,2025,5,hotel nya bagus bersih dan rapi pelayanan cepat staf nya juga ramah ramah untuk sarapan nya juga lengkap dan enak enak pelayanan juga bagus dari tim fb pokok nya puas sesua dengan harga,KOMPETITOR,Bintang 4,BestWesternResortKuta-Bali,positive,0.9994826316833496,"Cleanliness, Hygiene & Maintenance","Cleanliness, Hygiene & Maintenance (0.99); Facilities & Amenities (0.99); Service Efficiency & Responsiveness (0.98)"
Victor Abraham,2023,3,hotel bintang empat yang sebenarnya cukup nyaman untuk menginap karena ruangan yang cukup luas dilengkapi sofa dan kursi santai serta terdapat balkon di bagian belakang kamar untuk bersantai di pagi hari sayangnya ketika masuk toilet bau menyengat tisu toilet tidak tersedia hal yang paling fatal keamanan masuk ke kamar padahal ada yang menginap lokasi cukup strategis karena tidak terlalu jauh dari pusat keramaian di depan hotel terdapat indomaret lingkaran k dan alfamart selain itu di sekitar hotel banyak tempat makan jadi tinggal pilih mau makan apa,KOMPETITOR,Bintang 4,BestWesternResortKuta-Bali,positive,0.838878333568573,Facilities & Amenities,Facilities & Amenities (0.99); Service Quality (0.83); Safety & Security (0.83)
noah,2025,5,jujur waktu ke tempat resort tempat kamar dan layanan nyaa sangat baik ramah sekali dan lokasi nya juga sngt bagus deh dapet pemandangannya juga terbaik lah resort terbaik kulon kulon,KOMPETITOR,Bintang 4,BestWesternResortKuta-Bali,positive,0.9995734095573425,Facilities & Amenities,Facilities & Amenities (1.00); Service Quality (0.99); Staff Conduct & Hospitality (0.99)
roziq khairurrozi,2024,4,hotel dengan lokasi yang relatif tenang di sekitaran kuta halaman rindang nyaman untuk duduk bersantai karena terlindungi oleh pohon kamar nyaman dan luas saat banget untuk keluarga staf ramah makanan beragam dan lengkap sepertinya pihak hotel perlu berbenah menyesuaikan diri dengan kondisi yang sudah banyak tamu yang datang jendela kamar perlu perhatian agar lebih bersih lagi,KOMPETITOR,Bintang 4,BestWesternResortKuta-Bali,positive,0.9994481205940247,Facilities & Amenities,Facilities & Amenities (0.99); Staff Conduct & Hospitality (0.99); Family & Group Friendly (0.95)
rie damayanti,2023,4,untuk lokasi strategis di depan hotel ada 3 minimarket saat menginap hari pertama tempatnya luas bagus bersih tapi terganggu oleh bunyi dari tempat penyimpanan besi brangkas tlpn resepsionis kurang garcep lumayan lama untuk meresponnya ketika di cek ternyata katanya kuncinya tidak ada semalaman di temani oleh suara yang syahdu saat hari kedua upgrade kamar bawah sayang untuk mandi air hangatnya tidak berfungsi sebagaimana mestinya jadi mandi air biasa padahal ingin berendam air hangat menuju baiknya untuk memeriksa pemeliharaan keseluruhan ruang kamar ketika ada tamu yang berkunjung jadi untuk yang lain tidak ada masalah terimakasi pula untuk pelayanan yang yang,KOMPETITOR,Bintang 4,BestWesternResortKuta-Bali,negative,0.8036237359046936,Facilities & Amenities,"Facilities & Amenities (0.93); Service Quality (0.81); Cleanliness, Hygiene & Maintenance (0.76)"
Helmi Manumpil,2025,5,hotelnya mantap pelayanan gercep sarapan oke fasilitas oke layanan pelanggan sangat baik,KOMPETITOR,Bintang 4,BestWesternResortKuta-Bali,positive,0.9991631507873535,Guest Experience,Guest Experience (1.00); Service Quality (0.99); Food & Beverage (0.99)
Abi Abdillah,2025,5,untuk kalian yang mencari tempat liburan sekalian penginapan sangat di rekomendasikan sekali disini fasilitas layak dan pelayanan pun sangat berkualitas,KOMPETITOR,Bintang 4,BestWesternResortKuta-Bali,positive,0.9993299245834351,Service Quality,Service Quality (1.00); Facilities & Amenities (0.99); Room Quality & Comfort (0.96)
Geti Gayatri,2024,5,hotelnya dekat dengan bandara internasional ngurah rai setiap pagi menu sarapannya berbeda yang tetap sama salad buah minumannya bubur ayam roti tawar selai2nya sereal kue2 pudingnya depan hotel ada lingkaran indomaret k alfamart berjejer dekat hotel ada laundry yang bisa 3 jam siap dekat hotel ada beberapa rumah makan,KOMPETITOR,Bintang 4,BestWesternResortKuta-Bali,positive,0.9992737174034119,Facilities & Amenities,Facilities & Amenities (0.92); Food & Beverage (0.91); Service Quality (0.73)
Kadek Widya,2023,5,letak strategis hotelnya bagus stafnya nya ramah ada kolam berenangnya menu makan halaman juga banyak pilihan akses untuk belanja juga dekat pokoknya tidak nyesel nginap disini intinya saya punya pengalaman yang sangat baik untuk tinggal masuk sini,KOMPETITOR,Bintang 4,BestWesternResortKuta-Bali,positive,0.9995090961456299,Facilities & Amenities,Facilities & Amenities (1.00); Guest Experience (1.00); Check in/out Experience (0.99)
leo_ faris,2025,5,kamar bersih dan suasana bagus nyaman ada kolam renang nya sarapan nya enak2,KOMPETITOR,Bintang 4,BestWesternResortKuta-Bali,positive,0.9993557333946228,Facilities & Amenities,"Facilities & Amenities (1.00); Room Quality & Comfort (0.99); Cleanliness, Hygiene & Maintenance (0.98)"
kristina bintang,2025,5,lokasi dekat dengan beberapa mall trs mau mengucapkan terimakasih untuk semua staf yang sudah bantu saya ngasi kejutan ke istri permintaan kue kecil malah disiapkan kue besar utuh bukan slice kamar yang melihat kota juga jadi melihat kolam untuk sarapan variasi nya banyak habis makan ditanya bagaimana makanan nya apakah puas atau tidak staf nya ramah semua yang mau menginap tidak usah khawatir depan hotel ada indomaret ck sate lalapan warung jawa nasi goreng roti bakar dan banyak lagi minggu mau menginap lagi di sini,KOMPETITOR,Bintang 4,BestWesternResortKuta-Bali,positive,0.9988632202148438,Service Efficiency & Responsiveness,Service Efficiency & Responsiveness (0.98); Staff Conduct & Hospitality (0.98); Service Quality (0.98)
mrc daddy,2024,5,hotel dengan lokasi yang bagus dan strategis untuk berlibur staf yang ramah dan sopan kamarnya bersih serta luas dan dapat upgrade gratis pula sarapan makanan nya banyak variannya saya senang pudingnya lembut kolam renangnya luas ada untuk anak anak juga yang tidak terlalu dalam,KOMPETITOR,Bintang 4,BestWesternResortKuta-Bali,positive,0.9995678067207336,"Cleanliness, Hygiene & Maintenance","Cleanliness, Hygiene & Maintenance (1.00); Facilities & Amenities (1.00); Staff Conduct & Hospitality (1.00)"
Agus Rahmad,2025,5,Ada sate madura enak di sebelah utara hotel namanya sate madura sidoel harga nya murah banget ramah dikantong recomended pokoknya hotel ini,KOMPETITOR,Bintang 4,BestWesternResortKuta-Bali,positive,0.9993398785591125,Pricing & Value for Money,"Pricing & Value for Money (0.98); Loyalty, Recommendation & Appreciation (0.76); Family & Group Friendly (0.71)"
herman Q,2021,3,Lokasinya strategis di kuta bali sebenarnya kalau mau jalan kaki ke pantai dekat ke mall penemuan juga deket ke legiun sekitar 1 8 km kamarnya luasnya tempat tidurnya juga kamarnya bersih juga begitu juga dengan kamar mandinya yang deluxe ada bak mandi dan kebetulan saya pesan yang langsung ke kolam renang menginap untuk 2 malam selamat minumnya serta kamar dihias untuk pasangan muda ada layanan jemput bandara cuma kena biaya sekitar 100rb baik karena jika menggunakan taksi atau grab atau gojek harganga juga segituan sebenarnya deket sama bandara depan hotel berjeje 3 mini pasar jadi untuk nyari cemilan atau perleng,KOMPETITOR,Bintang 4,BestWesternResortKuta-Bali,positive,0.9991656541824341,"Cleanliness, Hygiene & Maintenance","Cleanliness, Hygiene & Maintenance (0.99); Facilities & Amenities (0.99); Location, Accessibility & Parking (0.96)"
Yulia Musda Rosari Putri,2024,5,Tempat yang bagus untuk menginap makanannya enak staf nya jg ramah2 dapet kamarnya di upgrade sweneeng bangeett berikutnya akan menginap dsini lg klo ke bali mmatur suksme best western resort kuta,KOMPETITOR,Bintang 4,BestWesternResortKuta-Bali,positive,0.9994818568229675,Staff Conduct & Hospitality,Staff Conduct & Hospitality (0.99); Service Efficiency & Responsiveness (0.99); Service Quality (0.98)
Agung Nugroho,2024,5,sangat menyenangkan liburan di bali dan tinggal di sini kamarnya estetik bersih nyaman ada balkoni nya yang menghadap ke kolam renang nya bersih dan jernih staf ramah dan dekat dengan pasar mini seperti indomaret alfamart dan circle k,KOMPETITOR,Bintang 4,BestWesternResortKuta-Bali,positive,0.9995525479316711,Facilities & Amenities,"Facilities & Amenities (1.00); Service Quality (0.98); Cleanliness, Hygiene & Maintenance (0.98)"
Samsuri Bilhaqi,2023,5,kamar standar cukup luas dan lantainya ada yang agak keangkat pelayanan mungkin kurangnya stafnya tidak ada inisiatif untuk jemput tamu dari mobil untuk membawakan membayar karena hujan deras padahal ada membayar di lobi lokasi strategis tambahan kolam renang belakang bagus cocok untuk bersantai,KOMPETITOR,Bintang 4,BestWesternResortKuta-Bali,positive,0.9984982013702393,Facilities & Amenities,Facilities & Amenities (0.99); Guest Experience (0.96); Service Quality (0.93)
n N,2025,5,Pelayanan nya baik kamar juga bersih memiliki harga yang terjangkau suasana di sekitar hotel juga menyenangkan,KOMPETITOR,Bintang 4,BestWesternResortKuta-Bali,positive,0.9977161884307861,Facilities & Amenities,"Facilities & Amenities (1.00); Pricing & Value for Money (1.00); Cleanliness, Hygiene & Maintenance (1.00)"
nurul fadilah,2025,5,kamar yang luas layanan karyawan yang ramah dengan lokasi dekat kota cocok jadi pilihan untuk tempat istirahat waktu Anda berlibur di bali,KOMPETITOR,Bintang 4,BestWesternResortKuta-Bali,positive,0.9991760849952698,Facilities & Amenities,Facilities & Amenities (0.99); Guest Experience (0.99); Room Quality & Comfort (0.97)
Hastomo Diaz,2022,1,pesan via traveloka untuk berlibur hari raya nyepi saya bekerja di bali sudah 4 tahun dan tiap nyepi selalu tinggal di hotel dan baru kali ini mencoba di hotel ini untuk harga oke cukup ekonomis tapi saat pertama cek masuk dipindah dari permintaan lantai 2 ke lantai 1 sbnrnya g mslh tapi saat masuk kamarnya bau seperti kamar pembantu yang lama g dipakai listrik gbs lgsg nyala dan harus lapor ke resepsionis untuk dipanggilkan teknisi saat akan buang udara ternyata mencuci lemari gbs berfungsi belum untung keburu buang air lantai ngereskn karena g dibersihkan dengan baik keramahan,KOMPETITOR,Bintang 4,BestWesternResortKuta-Bali,negative,0.9319414496421814,Check in/out Experience,Check in/out Experience (0.86); Pricing & Value for Money (0.83); Booking & Reservation Experience (0.81)
Sandra Beard,2019,4,menginap di sini 3 malam 4 hari kamar luas bersih tempat tidur besar kamar mandi luas mandi nya kencang cahaya di kamar cukur terang ada juga lampu lantai yang mengurangi nyaman sarapan cukup bervariasi rasa juga lumayan enak tapi kopi dan minuman panas yang lain tidak disediakan di meja jadi harus meminta dulu bisa duduk di pinggir kolam saat sarapan tapi jika agak siang sudah panas suasana nyaman tenang jika Anda tidak suka dengan rombongan tur orang dari Cina mungkin di sini hotel yang untuk Anda tetapi ada negatif nya tepat ada halaman dekat lobi yang diberi kursi santai dan meja makan tapi halaman nya cepat kotor karena daun daun yang sering jatuh staf nya ramah ramah tidak ada,KOMPETITOR,Bintang 4,BestWesternResortKuta-Bali,positive,0.9985746145248413,Facilities & Amenities,Facilities & Amenities (0.96); Family & Group Friendly (0.84); Service Quality (0.67)
adinda sekarwangi,2024,5,pesan kamar deluxe dengan taman view dapat gratis upgrade ke deluxe dengan kolam renang view terima kasih kamar yang luas dan nyaman serta ada balkonnya bathubnya lebar udara hangatnya panasnya oke sarapannya juga oke,KOMPETITOR,Bintang 4,BestWesternResortKuta-Bali,positive,0.9995394945144653,Facilities & Amenities,Facilities & Amenities (0.99); Room Quality & Comfort (0.97); Service Quality (0.96)
Myeongju Yoo,2022,2,tinggal di sini hanya untuk berhenti sejenak sebelum melanjutkan perjalanan ke Nusa dua setelah melihat ulasan di internet saya merasa lokasi hotel ini strategis mudah menjangkau pantai kuta dan Discovery Mall akhirnya saya mencoba untuk menginap di sini meja depan melayani proses pemeriksaan masuk dengan cepat semua karyawan ramah namun sangat kecewa dengan kebersihan dan suasana kamar sangat lembap dan bersprei kotor bernoda akhirnya saya minta ganti penerangan kamar mandi kurang tidak diberi sabun batang untuk mencuci tangan suasana hotel sangat suram dan gelap mungkin karena ingin menghemat biaya tetap saja bagi saya sebagai pelanggan tidak nyaman hotel ini sangat membutuhkan perbaikan kunjungan pertama dan terakhir untuk saya,KOMPETITOR,Bintang 4,BestWesternResortKuta-Bali,negative,0.9963920712471008,Facilities & Amenities,Facilities & Amenities (0.96); Staff Conduct & Hospitality (0.92); Service Quality (0.91)
Nuzul Sidu,2025,5,Suka banget tempat ini makanan enak tempatnya nyaman pelayanan yang super duper ramah rekomendasi banget buat yang cari resort yah,KOMPETITOR,Bintang 4,BestWesternResortKuta-Bali,positive,0.9993374943733215,Service Quality,Service Quality (0.99); Facilities & Amenities (0.98); Staff Conduct & Hospitality (0.94)
Ranra Maharani,2019,3,pelayanan cukup baik proses cek masuk pun tidak memakan waktu terlalu lama hanya saja di kamar yang kami tempati terdapat kecoa untungnya tepat pada hari terakhir kami menginap di sana udara panas bekerja dengan baik kolam renang cukup luas menu sarapan cukup beragam dan di sajikan secara prasmanan hanya parkir cukup sempit karena memang wiaatawan yang berkunjung jarang menggunakan kendaraan pribadi lokasi stategis bagi anda yang muslim di sekitar hotel ini cukup banyak warung yang menyajikan makanan halal 1 2 km dari pantai kuta,KOMPETITOR,Bintang 4,BestWesternResortKuta-Bali,positive,0.9984244108200073,Service Quality,"Service Quality (0.96); Facilities & Amenities (0.95); Location, Accessibility & Parking (0.90)"
soni rosyid,2023,4,parkir mobil tidak nyaman tidak ada petugas tangan belum ada d kamar lapor petugas 30 menit tidak ada kabar telepon berkali2 selama 10 menit tidak ada yang diterima setelah diterima lgsg diantar 2 bh tangan kamar 22xx pintu tidak lancar sulit buka sulit tutup ac cukup dingin udara cukup hangat stabil,KOMPETITOR,Bintang 4,BestWesternResortKuta-Bali,negative,0.9981607794761658,"Location, Accessibility & Parking","Location, Accessibility & Parking (0.69); Service Quality (0.52); Guest Experience (0.47)"
Adi Takrodi,2021,3,tambah pemesanan superior diupgrade ke deluxe ada bathhub tapi kran nya rusak view kolam renang oke depan hotel banyak minimarket kaki lima minus ruang parkir minim banget malam mobil parkir di trotoar kurang nyaman sarapan buffet tapi menu tidak banyak pilihan di tengah hotel ada pohon beringin gede terasa menyeramkan,KOMPETITOR,Bintang 4,BestWesternResortKuta-Bali,negative,0.8980832099914551,Facilities & Amenities,"Facilities & Amenities (0.97); Location, Accessibility & Parking (0.84); Food & Beverage (0.80)"
resmi bhakti,2024,5,Pelayanan sangat oke dan ramah kamarnya bersih nyaman banget untuk sarapan makanan dan minumannya banyak pilihan hampir semua makanan saya coba dan enak semuanya,KOMPETITOR,Bintang 4,BestWesternResortKuta-Bali,positive,0.9993517994880676,Facilities & Amenities,Facilities & Amenities (1.00); Guest Experience (1.00); Service Quality (0.99)
syukur abadi,2025,5,hotel bintang 4 serasa bintang 5 fasilitas oke tempat nyaman dan tenang dekat dengan pusat oleh perjalanan berikutnya tinggal ke hotel ini lagi semoga sukses selalu,KOMPETITOR,Bintang 4,BestWesternResortKuta-Bali,positive,0.9990347623825073,Facilities & Amenities,Facilities & Amenities (0.99); Room Quality & Comfort (0.93); Service Quality (0.93)
aksata,2025,5,harga terjangkau hotelnya luas suasana tentram wangi pergi ke sini untuk menenangkan diri dan saya mendapatkan ketenangan,KOMPETITOR,Bintang 4,BestWesternResortKuta-Bali,positive,0.999342143535614,Facilities & Amenities,Facilities & Amenities (0.99); Guest Experience (0.99); Pricing & Value for Money (0.99)
Amanda Karatika Hubeis,2019,5,sarapan enak tapi tidak terlalu bervariasi staf ramah hotelnya dekat dengan bandara cuma area parkirnya kurang luas disediakan minuman selamat datang diganti tangan setiap hari sarapan tersedia pukul 06:30 10 00 wita bisa meminta kamar untuk bulan madu ada fasilitas bandara transfer untuk penginapan 3 hari keatas lokasi pinggir jalan dekat minimmarket ayam betutu pak man,KOMPETITOR,Bintang 4,BestWesternResortKuta-Bali,positive,0.9986931681632996,Staff Conduct & Hospitality,Staff Conduct & Hospitality (0.96); Service Quality (0.96); Facilities & Amenities (0.90)
Tito Anindito,2021,4,kami berlibur selama 3 hari di bali 2 hari kami menghabiskan waktu di daerah kuta dan kami memilih hotel ini untuk penginapannya secara keseluruhan sangat puas dengan pelayanannya kami memesan 2 kamar superior di luar dugaan kamar sangat luas dan lega sekali cocok untuk membuat yang berlibur bersama keluarga memang bangunannya tidak terlihat baru namun masih layak lokasi tidak terlalu jauh dengan pantai kuta dan yang paling penting dekat dengan bandara ngurah rai jadi kami bisa sedikit santai hari kembali ke jakarta oh ya persis di hotel ada 2 minimarket depan ditambah banyak warung tempat makan disekelilingnya otomatis untuk urusan perut amann untuk cita rasa,KOMPETITOR,Bintang 4,BestWesternResortKuta-Bali,positive,0.998636782169342,Service Quality,Service Quality (1.00); Facilities & Amenities (0.99); Room Quality & Comfort (0.98)
wetv sebulan jgn iseng,2025,5,cocok sama keluarga bersih dan nyaman kamar luas pelayanan baik dan ramah sarapan banyak pilihan,KOMPETITOR,Bintang 4,BestWesternResortKuta-Bali,positive,0.9992910623550415,Room Quality & Comfort,Room Quality & Comfort (1.00); Facilities & Amenities (1.00); Family & Group Friendly (0.99)
Ginta Ambarita Sinaga,2023,2,efek pandemi kuta sepi dan hotel tidak terawat kamar bau ruangan yang belum pernah digunakan aplg seprai dan bantalnya dikamar mandi ada kecoa sarapannya tidak enak buahnya seperti buah yang sudah lama sekelas terbaik barat tidak sangka jadi tidak terurus gini seharusnya dalam endemi seperti ini mulai tingkatkan kepercayaan ke pelanggan agar mulai berjalan lagi perekonomian hotel,KOMPETITOR,Bintang 4,BestWesternResortKuta-Bali,negative,0.9988008737564087,Guest Experience,"Guest Experience (0.99); Loyalty, Recommendation & Appreciation (0.96); Service Quality (0.95)"
Qnary Production,2020,2,hotel jadul diawal dibilang kamar tidak ada sesuai yang kita pesan karena tidak mencantumkan permintaan khusuh 1 tempat tidur sya bilang buat apa cantumin karena sudah jelas judul kamar yang dipisah 1 king bed balcony view swimming pool eh ujung2 nya dikasih ada kamar oleh customer service untuk harga segitu kamar f layak bocor dan sarapan rasa kurang variasi juga kurang,KOMPETITOR,Bintang 4,BestWesternResortKuta-Bali,negative,0.995634138584137,Guest Experience,Guest Experience (0.69); Facilities & Amenities (0.68); Pricing & Value for Money (0.63)
Trisna Dewi,2025,5,tempatnya sangat nyaman pegawainya juga ramah dan menu sarapan nya sangat beragam dan banyak pilihannya rasanya juga enak,KOMPETITOR,Bintang 4,BestWesternResortKuta-Bali,positive,0.9993302822113037,Facilities & Amenities,Facilities & Amenities (0.99); Room Quality & Comfort (0.97); Staff Conduct & Hospitality (0.97)
Echa Zavinca,2024,1,Saat mau cek masuk lambat sampai 2 jam 5 jam kita tunggu di lobi sampai ketiduran haha masuk kamar dan anda belum ada kamar baru kotor dan lembap yang paling paraah ada tai manusia di sebelah kloset pintu yang jadul dan macet angkat yang tidak terawat dan jadul kotor wkwkw parah banget sih ini padahal kita sudah lama menunggu untuk masuk kamar dan kita sudah memesan kamar dari jauh hari tapi kamar baru kita pesan 4 kamar untuk 8 orang tidak lagi deeh tinggal disini cukup sekian dan terimakasih,KOMPETITOR,Bintang 4,BestWesternResortKuta-Bali,negative,0.9992115497589111,Booking & Reservation Experience,Booking & Reservation Experience (0.76); Check in/out Experience (0.75); Guest Experience (0.53)
Hanny Kusumaningtyas,2025,5,Terima kasih terbaik resort barat kuta untuk ruang layanan yang bagus adalah sarapan yang bagus dan besar disediakan dengan berbagai pilihan lokasi sangat strategis dekat dari bandara lokasi yang nyaman resepsionis yang indah sangat sopan dan manis terutama untuk ms monic terima kasih untuk segalanya,KOMPETITOR,Bintang 4,BestWesternResortKuta-Bali,positive,0.9991216063499451,Service Quality,Service Quality (1.00); Staff Conduct & Hospitality (1.00); Facilities & Amenities (1.00)
Adhi D Chanale,2023,5,hotelnya bagus dekat sama tempat belanja indomaret alfamart dan ck mau beli apapun enak brealfastnya juga enak banyak pilihan terimakasih banyak untuk stafnya nya sangat ramah dan perawatan terimakasih untuk stafnya fo nya juga sangat cekatan melihat lagi bestvwestern resort kuta,KOMPETITOR,Bintang 4,BestWesternResortKuta-Bali,positive,0.9996190071105957,Staff Conduct & Hospitality,"Staff Conduct & Hospitality (1.00); Service Efficiency & Responsiveness (0.99); Cleanliness, Hygiene & Maintenance (0.99)"
Eka Pujianti,2025,5,hotelnya bagus bersih fasilitasnya oke ada kolam renang juga tempatnya nyaman rekomendasi deh,KOMPETITOR,Bintang 4,BestWesternResortKuta-Bali,positive,0.9992768168449402,Facilities & Amenities,"Facilities & Amenities (0.99); Cleanliness, Hygiene & Maintenance (0.96); Service Quality (0.93)"
Novendi Aditya,2023,5,Hotel bagus banget harga sesuai lah pelayanan bagus sekali respon cepat stafnya masuk ke lobi di sambut dengan hangat oleh kantor depannya kamar bersih wangi menu sarapan nya komplit,KOMPETITOR,Bintang 4,BestWesternResortKuta-Bali,positive,0.9994215965270996,Service Quality,Service Quality (1.00); Service Efficiency & Responsiveness (1.00); Facilities & Amenities (0.99)
Denisward Eurico,2021,4,best western kuta resort sangat nyaman dan pelayanannya sigap terlebih saat saya ingin pindah kamar sayangnya angkat mati dan porsi sarapannya kecil saat itu saya minta obat nyamuk dan sandal cuma agak lama direspon tapi secara keseluruhan itu baik-baik saja,KOMPETITOR,Bintang 4,BestWesternResortKuta-Bali,positive,0.9974715709686279,Service Efficiency & Responsiveness,Service Efficiency & Responsiveness (1.00); Service Quality (1.00); Facilities & Amenities (0.99)
Kiki,2024,5,hotel tua tapi terawat cepat dalam ada beberapa di lt 4 kaya kosong staf ramah makanan enak kolam renang bersih kamar luas banget nget untuk deluxe dan superiornya terbaik,KOMPETITOR,Bintang 4,BestWesternResortKuta-Bali,positive,0.9993383288383484,Facilities & Amenities,"Facilities & Amenities (1.00); Cleanliness, Hygiene & Maintenance (0.99); Staff Conduct & Hospitality (0.97)"
Putri Adistiya,2025,5,mantapp hotel bintang 4 rasa bintang 5 bener bener bagus dari pelayanannya stafnya yang ramah restoranannya juga segar dan enak enak makanannya,KOMPETITOR,Bintang 4,BestWesternResortKuta-Bali,positive,0.999187171459198,Service Quality,Service Quality (0.99); Staff Conduct & Hospitality (0.99); Service Efficiency & Responsiveness (0.97)
Eko Prasetyo Nugroho,2024,5,tempat menginap dekat bandara sekaligus fasilitas pendukung lainya palayanan ramah dan baik dari kantor depan hingga bagian resto saat saya sarapan terimakasih,KOMPETITOR,Bintang 4,BestWesternResortKuta-Bali,positive,0.999447762966156,Facilities & Amenities,Facilities & Amenities (1.00); Service Quality (0.99); Staff Conduct & Hospitality (0.99)
Anthonius Nakuu,2024,5,Rame seru kolam renangnya anak2 saya suka stafnya juga ramah2 servisnya sangat memuaskan semoga bisa nginap kembali ke Best Western,KOMPETITOR,Bintang 4,BestWesternResortKuta-Bali,positive,0.9994763731956482,Service Quality,Service Quality (0.99); Staff Conduct & Hospitality (0.99); Facilities & Amenities (0.99)
Duyung Purwanti RA,2024,5,Untuk menu sarapan hidangan utama rasa oke ayam mentega dan pokcoy kwetiau bisa agak dikasik rasa lagi sedikit menurut saya secara keseluruhan oke lah,KOMPETITOR,Bintang 4,BestWesternResortKuta-Bali,positive,0.993543267250061,Food & Beverage,Food & Beverage (0.90); Service Quality (0.59); Sustainability & Environmental Quality (0.56)
arif masroni,2023,3,hotelnya horor sepi dan juga banyak daun di halaman saat pagi nginep udara mati dari pagi sampai sore penangannya lambart makanan biasa saja kamar gelap dan terlihat kotor,KOMPETITOR,Bintang 4,BestWesternResortKuta-Bali,negative,0.9714097380638123,Ambience & Design,Ambience & Design (0.96); Cultural & Heritage Experience (0.71); Guest Experience (0.65)
sesil melody,2023,1,TV mati berhenti kontak mati hanya 1 yang kepakai membuat pemanas air pengering rambut mati bf nya masa cuma dikasih buah pepaya doang gk ada buah lain katanya habis malu masuk sekelas bintang 4 ah pokoknya nyesal nginap disini padahal hotel bintang 4 loh bayar mahal tapi gk sesuai kita bisa,KOMPETITOR,Bintang 4,BestWesternResortKuta-Bali,negative,0.9992176294326782,Pricing & Value for Money,Pricing & Value for Money (0.69); Management & Policy Issues (0.48); Food & Beverage (0.46)
Bima Herry,2024,5,lokasi sangat strategis fasilitas yang mewah dengan harga yang ramah di kantong pelayanan nya super ramah dari keamanan kantor depan pelayan restoran dan housekeeping nya semua ramah di pertahankan untuk pelayanan nya akan tinggal di sini lagi jika ke bali,KOMPETITOR,Bintang 4,BestWesternResortKuta-Bali,positive,0.9994059801101685,Facilities & Amenities,Facilities & Amenities (1.00); Pricing & Value for Money (1.00); Food & Beverage (0.98)
Turaaahh,2025,5,Pelayanan bagus dan rama semua fasilitas sangat lengkap dan sarapannya juga enak salam untuk semua staf yang ramah dan ramah terutama staf fo,KOMPETITOR,Bintang 4,BestWesternResortKuta-Bali,positive,0.9989093542098999,Facilities & Amenities,Facilities & Amenities (1.00); Service Quality (0.99); Guest Experience (0.98)
Ninuk Triaswati,2021,4,hotel bersih nyaman sarapan enak sederhana serta staf yang ramah protokol kesehatan diterapkan di hotel ini mulai dari lobi hotel yang disediakan tempat cuci tangan sanitizer tangan resto hotel juga menerapkan jarak aman saat kita sdg menikmati sarapan,KOMPETITOR,Bintang 4,BestWesternResortKuta-Bali,positive,0.9989066123962402,Staff Conduct & Hospitality,"Staff Conduct & Hospitality (1.00); Cleanliness, Hygiene & Maintenance (1.00); Facilities & Amenities (1.00)"
irwan okawida,2024,1,hotel bintang 4 tapi rasa bintang 1 2 kelamaan kena pandemi kamar tidak terawat gambar tidak sesuai di aplikasi pelayanan dari resepsi sampai di resto sangat kurang sungguh malang untung hanya 1 malam nginap di sana,KOMPETITOR,Bintang 4,BestWesternResortKuta-Bali,negative,0.9976453185081482,Guest Experience,Guest Experience (0.77); Facilities & Amenities (0.69); Booking & Reservation Experience (0.60)
Mutiara Chaerany,2024,5,Tempat yang sangat bagus dan terjangkau untuk menginap masuk kuta staffnya baik baik makanannya enak juga lokasinya deket ke pantai legit 5 bintang,KOMPETITOR,Bintang 4,BestWesternResortKuta-Bali,positive,0.9992897510528564,Facilities & Amenities,Facilities & Amenities (1.00); Pricing & Value for Money (1.00); Service Quality (0.99)
Linda Septiyono,2021,4,suka dengan hotel ini letaknya strategis tidak terlalu jauh dari bandara dan pusat keramaian halamannya luas untuk yang ditengah ada ruang terbuka dan pohon besarnya teduh dan rindang kebanyakan turis yang menginap di sini menu sarapannya lumayan beragam kamar lumayan luas stafnya ramah,KOMPETITOR,Bintang 4,BestWesternResortKuta-Bali,positive,0.9994966983795166,Facilities & Amenities,Facilities & Amenities (0.99); Food & Beverage (0.97); Staff Conduct & Hospitality (0.95)
Jacqueline Sharon Susilo,2025,5,pelayanan yang ada baik sekali terdapat sambutan yang baik dari resepsionis hingga di kamar untuk kamarnya sendiri bersih dan luas,KOMPETITOR,Bintang 4,BestWesternResortKuta-Bali,positive,0.9973952770233154,Service Quality,Service Quality (1.00); Service Efficiency & Responsiveness (1.00); Facilities & Amenities (1.00)
Stephen Septian,2022,4,tempatnya cukup luas kebersihan oke gedungnya lumayan lama gaya hotelnya tidak terlalu jauh dengan kita ada layanan transportasi hotel ke kuta bisa pesen makanan sate bawah pohon pakai onek online karena jaraknya tidak terlalu jauh,KOMPETITOR,Bintang 4,BestWesternResortKuta-Bali,positive,0.9992085099220276,"Cleanliness, Hygiene & Maintenance","Cleanliness, Hygiene & Maintenance (1.00); Facilities & Amenities (0.99); Service Quality (0.98)"
Heru Susanto,2024,5,di atas semua dengan harga yang ekonomi kondisi kamar dan kamar mandi oke menu sarapannya juga beragam dan pelayanannya sangat baik,KOMPETITOR,Bintang 4,BestWesternResortKuta-Bali,positive,0.9990425705909729,Food & Beverage,Food & Beverage (1.00); Facilities & Amenities (1.00); Service Quality (1.00)
Kiagus Muhammad Abyan Al - Hakim,2025,5,kamar oke layanan super sip lokasi ny strategis pokoknya yang pingin liburan boleh ke hotel ini saja ya,KOMPETITOR,Bintang 4,BestWesternResortKuta-Bali,positive,0.9977442026138306,Room Quality & Comfort,Room Quality & Comfort (0.99); Service Quality (0.99); Facilities & Amenities (0.98)
VER NHAZLA,2023,1,sebenarnya ngasih bintang 1 jg laki-laki sih saat check masuk barang bw sendiri karena hotel tidak ada troli untuk barang bw saat ini msk kamar kamar posisi terbuka tidak terkunci kita cm taro brg lgs pergi karena msh ada urusan sampai hotel jam 12 mlm kita mau istrht sprei bantal bau banget byk rambut kita menyebar sprtnya bekas tamu seblmnya belum dibersihkan trs kamar mandi jg keset kotor wastafel byk bekas cipran pasta gigi tlp cs nya sprei baru diganti kita sudah cape hrs tnggu sprei diganti jam 1 dibm ini sih tidak cocok sampe llg,KOMPETITOR,Bintang 4,BestWesternResortKuta-Bali,negative,0.998659610748291,Check in/out Experience,Check in/out Experience (0.76); Service Quality (0.68); Facilities & Amenities (0.65)
Munadi,2018,3,ok punya lokasinya nyaman untuk yang tidak suka keramaian kamar cukup bersih sarapannya biasa saja tidak sesuai dengan bintangnya yang ada 4 sayang kamar lupa dibersihkan saat ditinggal jalan untungnya dapat harga yang cukup murah saat pemesanan online bukan di websiteenya kekurangannya area parkir yang sempit dan jalan yang kecil di depan hotel,KOMPETITOR,Bintang 4,BestWesternResortKuta-Bali,negative,0.5066407918930054,"Location, Accessibility & Parking","Location, Accessibility & Parking (0.87); Pricing & Value for Money (0.83); Service Quality (0.77)"
Ellisya Renata,2019,5,hotel dengan nuansa yang tenang cocok untuk pengunjung yang tidak akan suka dengan keramaian karena jauh dari keramaian kamar luas ad mandi dan amnesties komplit kolamnya luas dekat dengan restoran tersedia bar dan tempat untuk bersantai di bawah pohon beringin besar yang membuat suasana adem makanan standar tapi sayaang kmrn saat ksana agak lama isi makanan yang sudah kosongnya dan menu kurang bervariasi,KOMPETITOR,Bintang 4,BestWesternResortKuta-Bali,positive,0.9988549947738647,Facilities & Amenities,Facilities & Amenities (1.00); Food & Beverage (0.93); Ambience & Design (0.88)
Dionisius Indrayanto,2023,5,hotel dengan pelayanan yang ramah sangat terjangkau dengan tempat wisata seperti pantai kuta terdapat kolam sehingga anak2 sangat senang bermain di kolamnya layaknya dengan tarif nya,KOMPETITOR,Bintang 4,BestWesternResortKuta-Bali,positive,0.9995299577713013,Facilities & Amenities,Facilities & Amenities (0.99); Service Quality (0.99); Staff Conduct & Hospitality (0.98)
zanoe wahyu,2024,4,Tempat yang bagus sayang saja kebersihan rumah berisik pagi2 kalau bersihkan kamar semacam tempat tidur d lempar rekomendasi si hotel ini,KOMPETITOR,Bintang 4,BestWesternResortKuta-Bali,negative,0.5908470749855042,"Cleanliness, Hygiene & Maintenance","Cleanliness, Hygiene & Maintenance (0.75); Service Quality (0.70); Facilities & Amenities (0.70)"
Taufik Ur Rahman,2023,5,kamar yang luas pelayanan bintang 4 fasilitas selalu bersih karyawan yang ramah dengan harga terjangkau tambah deket sama mini pasar 24 jam 5 hari menginap di sini rasanya kurang kami akan kembali,KOMPETITOR,Bintang 4,BestWesternResortKuta-Bali,positive,0.9992982149124146,Service Quality,Service Quality (0.99); Facilities & Amenities (0.98); Pricing & Value for Money (0.96)
Aries taufik,2025,5,tempat sangat nyaman view bagus banget makanan nya enak enak harga masih oke,KOMPETITOR,Bintang 4,BestWesternResortKuta-Bali,positive,0.9993355870246887,Facilities & Amenities,Facilities & Amenities (0.99); Pricing & Value for Money (0.93); Room Quality & Comfort (0.93)
Yudi Kasna,2025,1,minta tolong resepsi ini diajarkan tata krama yng bagus melayani siapapun atas nama indra layanan buruk dan tolong ajarkan menerima tamu siapapun itu dengan bahasa dan mimik muka yang sopan,KOMPETITOR,Bintang 4,BestWesternResortKuta-Bali,negative,0.9411540627479553,Guest Experience,Guest Experience (0.99); Staff Conduct & Hospitality (0.99); Check in/out Experience (0.98)
farizal rama,2023,1,kecewa banget resepsionis kurang ramah menunggu lama banget padahal cek masuk jam 6 sore kamar baru siap jam 7 an menunggu 1 jam breakfest kacau banyak yang abis hahahaha kurang cocok bintang 4 lebih ke bintang 2 masakan amat kurang kamar mandi tidak terawat tutup mandi tidak ada saya tidak menjelek jelekan jadikan evaluasi saja frzldhana 6 Mei 2022,KOMPETITOR,Bintang 4,BestWesternResortKuta-Bali,negative,0.999419093132019,Guest Experience,Guest Experience (0.90); Check in/out Experience (0.83); Facilities & Amenities (0.69)
Yanuar Ari,2023,5,dari segi lokasi sangat strategis dekat dengan berbagai tempat wisata alam dan wisata kuliner untuk pelayanan sangat memuaskan dari cek masuk sampai checkout semuanya sudah sesuai ekspektasi top,KOMPETITOR,Bintang 4,BestWesternResortKuta-Bali,positive,0.9992665648460388,Service Quality,Service Quality (1.00); Check in/out Experience (0.99); Facilities & Amenities (0.98)
novan lestari,2023,5,Nginap disini karena urusan pekerjaan tidak nyangka kamarnya bagus banget sangat luas dengan hrg 300rb per mlm lengkap dengan sarapan a la carte semua yang bisa kau makan selama kau bisa,KOMPETITOR,Bintang 4,BestWesternResortKuta-Bali,positive,0.9969683289527893,Facilities & Amenities,Facilities & Amenities (0.99); Pricing & Value for Money (0.91); Food & Beverage (0.87)
Kornelius Setio,2024,5,hotel sangat bagus nyaman dan bersih tapi untuk lokasi di google map masih berada di titik dekat pantai kuta mohon untuk di benahi tentang titik lokasi hotel di peta,KOMPETITOR,Bintang 4,BestWesternResortKuta-Bali,positive,0.932615339756012,Facilities & Amenities,Facilities & Amenities (0.97); Room Quality & Comfort (0.85); Service Quality (0.84)
Hadiyan Arif,2025,4,Tempat menginap nyaman cocok untuk keluarga dan harga terjangkau serta ad beberapa minimarket di depan,KOMPETITOR,Bintang 4,BestWesternResortKuta-Bali,positive,0.9994100332260132,Pricing & Value for Money,Pricing & Value for Money (0.99); Facilities & Amenities (0.99); Family & Group Friendly (0.98)
Farida Khasanah,2025,5,Baru selesai menginap di sini tempatnya oke pelayanannya juga oke banget suka bangett sama suasananya,KOMPETITOR,Bintang 4,BestWesternResortKuta-Bali,positive,0.9983775615692139,Facilities & Amenities,Facilities & Amenities (0.98); Service Quality (0.97); Guest Experience (0.94)
Dhella Eviyanthi,2021,3,sekelas hotel resort bintang 3 4 halaman taman tidak terwat lift tidak bisa jadi pakai tangga terus pelayanan ramah tapi tidak peka buat bantu mindahin koper kondisi kamar klasik fasilitas dikamar kurang lengkap pengalaman tidak ada tisu pasta gigi dll untuk penginapan bintang 4,KOMPETITOR,Bintang 4,BestWesternResortKuta-Bali,negative,0.9781333804130554,Facilities & Amenities,Facilities & Amenities (0.94); Guest Experience (0.90); Staff Conduct & Hospitality (0.85)
Ningsih Wahyu,2024,5,baru pertama x menginap di hotel bw suasananya nyaman tenang untuk pelayanan sangat memuaskan sarapan nyapun dianjurkan,KOMPETITOR,Bintang 4,BestWesternResortKuta-Bali,positive,0.9994714856147766,Service Quality,Service Quality (0.99); Facilities & Amenities (0.98); Guest Experience (0.95)
Wenwen,2024,4,tempatnya oke antara bandara dan kuta harga terjangkau hotel dengan bangunan lama mungkin perlu perhatian dibeberapa aspek yang saya rasakan angkat kartu dan kotak deposit kotak deposit paling penting untuk orang dengan tujuan bisnis pasti membawa laptop tablet dan itu semua akan terasa aman jika ada kotak deposit yang berfungsi sayangnya saya kebagian kamar dengan kotak deposit yang tidak berfungsi angkat agak lambatrespon kartu kamar tanpa perlu dimasukan ke tempat kartu listrik kamar sudah nyala terimakasih untuk pelayanannya,KOMPETITOR,Bintang 4,BestWesternResortKuta-Bali,positive,0.9863216280937195,Pricing & Value for Money,"Pricing & Value for Money (0.88); Facilities & Amenities (0.86); Location, Accessibility & Parking (0.80)"
Nathanael Esa,2023,5,Selama menginap di hotel ini sangat nyaman terutama stafnya baik sekali untuk sarapannya variannya lumayan banyak dan enak juga,KOMPETITOR,Bintang 4,BestWesternResortKuta-Bali,positive,0.9993323683738708,Facilities & Amenities,Facilities & Amenities (0.99); Food & Beverage (0.99); Service Quality (0.98)
Joko Prasetyo,2020,5,pesan kamar superior kamarnya kamarnya luas banget hotelnya bangunanmu tapi masih terawat pelayanan oke makanannya saja yang kurang variasi 2hari di sini dengan makanan yang sama,KOMPETITOR,Bintang 4,BestWesternResortKuta-Bali,positive,0.9965289235115051,Service Quality,Service Quality (0.96); Booking & Reservation Experience (0.92); Facilities & Amenities (0.88)
Ketut As Yoga,2025,5,wah ini adalah hotel yang bagus punya kolam renang yang besar dan makanan yang enak sarapan juga terus ganti ganti menu jadinya tidak bosan,KOMPETITOR,Bintang 4,BestWesternResortKuta-Bali,positive,0.9992272853851318,Facilities & Amenities,Facilities & Amenities (1.00); Service Quality (0.98); Food & Beverage (0.97)
Sidiq Anggara,2019,5,bangunan terlihat tua dan terkesan vintage kebersihan kamar dan area hotel bersih staf ramah proses cek masuk cepat tapi ayang layanan kamar tidak 24 jam hanya sampai jam 11 malam dan parkir tidak terlalu luas secara keseluruhan untuk harga yang terjangkau hotel ini sangat bagus dan dianjurkan,KOMPETITOR,Bintang 4,BestWesternResortKuta-Bali,positive,0.9923295378684998,"Cleanliness, Hygiene & Maintenance","Cleanliness, Hygiene & Maintenance (1.00); Facilities & Amenities (1.00); Location, Accessibility & Parking (0.99)"
Ningrat Store,2021,5,kamar hotel nyaman luas dan bagus hanya saja kurang bersih halaman karena banyak buah pohon beringin yang jatuh hk nya juga oke kita minta tolong segera segera dilayani,KOMPETITOR,Bintang 4,BestWesternResortKuta-Bali,positive,0.8487722277641296,Facilities & Amenities,Facilities & Amenities (0.98); Service Quality (0.88); Room Quality & Comfort (0.85)
Ni Putu Misna Sutarminiasih,2023,5,Selama menginap di hotel ini sangat nyaman terutama stafnya baik sekali untuk sarapannya variannya lumayan banyak dan enak juga,KOMPETITOR,Bintang 4,BestWesternResortKuta-Bali,positive,0.9993323683738708,Facilities & Amenities,Facilities & Amenities (0.99); Food & Beverage (0.99); Service Quality (0.98)
Aung Thiha,2025,5,pengen kesini lagi deh soalnya tempatnya nyaman bagus bersih fasilitasnya juga bagus2 banget rekomendasi banget deh pokoknya,KOMPETITOR,Bintang 4,BestWesternResortKuta-Bali,positive,0.999224066734314,Facilities & Amenities,"Facilities & Amenities (0.98); Room Quality & Comfort (0.96); Cleanliness, Hygiene & Maintenance (0.92)"
Erwin Girdan,2024,5,lokasi strategis akses mudah pelayanannya stafnya mengesankan ramah dan responsif kamar sangat terawat dan bersih dianjurkan,KOMPETITOR,Bintang 4,BestWesternResortKuta-Bali,positive,0.999415397644043,"Cleanliness, Hygiene & Maintenance","Cleanliness, Hygiene & Maintenance (1.00); Staff Conduct & Hospitality (1.00); Room Quality & Comfort (1.00)"
Anik Nurma,2024,5,seneng banget bisa menginap di kamarnya luas dan bersih stafnya ramah dan pelayanannya juara mkanan bervariatif dan enak depan hotel ada 3 minimarket dan berbagai makannya makanan dekat kemana juga hotel bintang 4 dengan harga yang layak banget super nyaman menginap di sini terima kasih best western,KOMPETITOR,Bintang 4,BestWesternResortKuta-Bali,positive,0.9993221759796143,Staff Conduct & Hospitality,"Staff Conduct & Hospitality (1.00); Service Quality (0.99); Cleanliness, Hygiene & Maintenance (0.99)"
yuni tri,2019,4,kamar superior hanya dengan kamar yang sangat memuaskan kamar besar tempat tidur besar fasilitas kamar brankas sofa fasilitas kamar mandi yang super komplit kebersihan kamar sngat baik staf ramah2 hanya sj kamar yang saya tempati acnya tidak dingin saya akan memilih kembali hotel ini lain kali,KOMPETITOR,Bintang 4,BestWesternResortKuta-Bali,positive,0.9988559484481812,Facilities & Amenities,"Facilities & Amenities (0.99); Staff Conduct & Hospitality (0.97); Cleanliness, Hygiene & Maintenance (0.97)"
Ni Gusti Ayu Puspita Dewi .28,2025,5,semuanya bagus kamar luas pelayanan resepsi nya ramah sarapan nya juga bervariasi,KOMPETITOR,Bintang 4,BestWesternResortKuta-Bali,positive,0.9992116689682007,Facilities & Amenities,Facilities & Amenities (1.00); Service Quality (0.99); Guest Experience (0.99)
adi selamet,2017,2,Handuk harus minta keset harus minta lantai kotor rumah menjaga parah ni pelupa dan tidak teliti internet lemot pemanas udara minum tidak ada kehabisan katanya parkir mobil sempit kepaksa parkir diluar keamanan mobil tidak tau dah sarapan nasigoreng dan lainnya aneh tidak saat bumbunya kesimpulan cukup sekali dah,KOMPETITOR,Bintang 4,BestWesternResortKuta-Bali,negative,0.9990183115005493,"Location, Accessibility & Parking","Location, Accessibility & Parking (0.98); Facilities & Amenities (0.94); Food & Beverage (0.88)"
Rizka Putri,2024,5,Tidak ada yang sempurna di dunia ini kesempurnaan hanya milik Tuhan wkwk fasilitas umum oke nyaman tidak masalah buat semuanya fasilitas oke semua resepsi terlihat sangat baik,KOMPETITOR,Bintang 4,BestWesternResortKuta-Bali,positive,0.9847468137741089,Room Quality & Comfort,Room Quality & Comfort (0.99); Facilities & Amenities (0.99); Service Quality (0.99)
Norman Yahya,2023,5,Tempatnya bagus kamar bersih dan pelayanan cukup baik hanya beberapa tempat harus sering di bersihkan contoh kolam renang dan teras kamar,KOMPETITOR,Bintang 4,BestWesternResortKuta-Bali,positive,0.9978138208389282,Facilities & Amenities,"Facilities & Amenities (1.00); Service Quality (0.99); Cleanliness, Hygiene & Maintenance (0.98)"
eka widhis,2024,5,untuk kamar luas dan lega kamar juga bersih untuk sarapan banyak pilihan lokasi yang dekat dengan pantai dan bandara,KOMPETITOR,Bintang 4,BestWesternResortKuta-Bali,positive,0.9991899132728577,Facilities & Amenities,"Facilities & Amenities (1.00); Room Quality & Comfort (0.99); Cleanliness, Hygiene & Maintenance (0.98)"
Bryan Young,2023,1,Saya baru saja mengalami diri saya sendiri saya sedang tidur lalu tiba pintu saya di buka oleh seseorang saya langsung bangun dan saya melihat petugas kebersihan yang membuka kamar saya dan mereka langsung menutup lagi tanpa mengatakan maaf dan sejenisnya,KOMPETITOR,Bintang 4,BestWesternResortKuta-Bali,negative,0.9558331966400146,Guest Experience,"Guest Experience (0.66); Check in/out Experience (0.60); Cleanliness, Hygiene & Maintenance (0.55)"
Ryza Fakhlevy,2025,5,Sejauh ini oke semua lokasi strategis layanan oke sarapan enak kamar nya juga bagus dan wangi,KOMPETITOR,Bintang 4,BestWesternResortKuta-Bali,positive,0.9992645382881165,Facilities & Amenities,Facilities & Amenities (1.00); Service Quality (1.00); Food & Beverage (1.00)
khairatun hisaan,2023,1,Maaf untuk mengatakan kemarin bulan terakhir Agustus 2022 tempatnya sudah tidak layak di tempati pegawai nya juga tidak selalu berdiri jika malam hari agak marah karna sepi banget katanya sih kamarnya penuh tapi dimana2 kosong tempatnya memang strategis kemana2 deket depan hotel pun langsung di suguhi 3 mini pasar tapi sangat tidak saya rekomendasikan untuk tinggal lama,KOMPETITOR,Bintang 4,BestWesternResortKuta-Bali,negative,0.980585515499115,Facilities & Amenities,"Facilities & Amenities (0.88); Guest Experience (0.76); Location, Accessibility & Parking (0.66)"
Naura Kalila Raysya putri,2025,4,sabtu kemarin kecewa wi fi tidak ada minta ganti kamar dibilang penuh padahal banyak yang kosong,KOMPETITOR,Bintang 4,BestWesternResortKuta-Bali,negative,0.998532772064209,Guest Experience,Guest Experience (0.83); Digital Connectivity & Technology (0.77); Check in/out Experience (0.77)
SEWA MOBIL DI BALI CHANDRA TOUR RENTAL,2019,5,kamar yang luas pelayanan yang ramah serta pilihan sarapan yang sangat bervariasi serta harga yang relatif murah untuk ukuran kamar deuxe serta kolam renang dengan mini bar di tengah kolam renang dianjurkan,KOMPETITOR,Bintang 4,BestWesternResortKuta-Bali,positive,0.9994348883628845,Facilities & Amenities,Facilities & Amenities (0.99); Staff Conduct & Hospitality (0.99); Pricing & Value for Money (0.99)
tana devasia,2025,5,sarapan sangat enak pelayanan memuaskan kamar luas,KOMPETITOR,Bintang 4,BestWesternResortKuta-Bali,positive,0.9994624257087708,Service Quality,Service Quality (1.00); Guest Experience (0.99); Facilities & Amenities (0.99)
F n T Adventure,2018,3,lokasi strategis dekat bandara saya suka ngurah rai sekitar lokasi banyak orang jualan jadi jangan khawatir cari kebutuhan sehari-hari cuman agak kotor lantai nya karena ada pohon beringin yang besar tapi cukup nyaman sarapan rasa nya hambar tapi klo ke bali pingin kembali nginap kesini lg,KOMPETITOR,Bintang 4,BestWesternResortKuta-Bali,positive,0.9989622831344604,Facilities & Amenities,"Facilities & Amenities (0.97); Service Quality (0.93); Cleanliness, Hygiene & Maintenance (0.88)"
Yuliana Ekawati,2025,5,hotel bersih pelayan ramah dan sangat membantu makanan oke rekomended banget,KOMPETITOR,Bintang 4,BestWesternResortKuta-Bali,positive,0.9989550113677979,Staff Conduct & Hospitality,"Staff Conduct & Hospitality (0.99); Service Quality (0.98); Cleanliness, Hygiene & Maintenance (0.98)"
Sya Ryani,2025,5,Best resort di bali sangat merekomendasikan mulai pelayanan kamar dan restonya terbaik,KOMPETITOR,Bintang 4,BestWesternResortKuta-Bali,positive,0.999440610408783,Service Quality,Service Quality (1.00); Facilities & Amenities (0.99); Food & Beverage (0.99)
Elisabeth Thalita,2023,5,hotel dengan lokasi yang strategis untuk fasilitas semua bagus dan pelayanan yang sangat ramah terlebih makanannya enak enak hotel yang dianjurkan untuk dikunjungi,KOMPETITOR,Bintang 4,BestWesternResortKuta-Bali,positive,0.9993056058883667,Facilities & Amenities,Facilities & Amenities (1.00); Service Efficiency & Responsiveness (0.99); Service Quality (0.99)
1077 _Bella Widhi Lestari,2025,5,Pelayananya gercep kamarnya juga nyaman makanan enak enak semuanya dianjurkan sih,KOMPETITOR,Bintang 4,BestWesternResortKuta-Bali,positive,0.9989057779312134,"Cleanliness, Hygiene & Maintenance","Cleanliness, Hygiene & Maintenance (0.99); Facilities & Amenities (0.99); Service Quality (0.97)"
ADiana,2019,5,Layaknya lah pelayanannya bagus kamarnya bersih walau saat check masuk agak nunggu lama karena kamarnya belum siap tapi tidak apa-apa karena saya tau derita hk kalau hotel lagi rame,KOMPETITOR,Bintang 4,BestWesternResortKuta-Bali,positive,0.9967964291572571,Service Quality,"Service Quality (1.00); Guest Experience (1.00); Cleanliness, Hygiene & Maintenance (1.00)"
Wulandari Agustina,2025,5,Perjalanan kali ini cukup mengesankan saya tinggal di hotel ini dengan nyaman pemandangan yang indah membuat saya betah,KOMPETITOR,Bintang 4,BestWesternResortKuta-Bali,positive,0.9986893534660339,Guest Experience,Guest Experience (0.98); Room Quality & Comfort (0.96); Facilities & Amenities (0.94)
Reyza Nanda,2025,5,dekat dengan tempat liburan depan penginapan ada minimmarket sarapan baik kolam renang bersih kamar hotel luas,KOMPETITOR,Bintang 4,BestWesternResortKuta-Bali,positive,0.9990437626838684,Facilities & Amenities,"Facilities & Amenities (0.99); Cleanliness, Hygiene & Maintenance (0.99); Service Quality (0.98)"
Mira Admin AHS,2023,5,kami menginap untuk tahun baru staf nya ramah sekali membuat pengalaman menginap di terbaik resor barat kuta semakin berkesan pasti akan kembali lagi,KOMPETITOR,Bintang 4,BestWesternResortKuta-Bali,positive,0.9993120431900024,Service Quality,Service Quality (1.00); Staff Conduct & Hospitality (1.00); Guest Experience (0.99)
Danain Ikhwan,2025,5,hotel yang teramat dan kolamnya sangat bersih dan nyaman makanannya pun enakŵ,KOMPETITOR,Bintang 4,BestWesternResortKuta-Bali,positive,0.9995080232620239,Facilities & Amenities,"Facilities & Amenities (0.99); Cleanliness, Hygiene & Maintenance (0.99); Service Quality (0.97)"
Haddy Gunawan,2025,4,Hotel masih dalam proses renovasi msh perlu perbaikan untuk beberapa fasilitas,KOMPETITOR,Bintang 4,BestWesternResortKuta-Bali,neutral,0.9858454465866089,Facilities & Amenities,"Facilities & Amenities (0.79); Location, Accessibility & Parking (0.49); Religious & Halal Features (0.48)"
Alirafni Hazami,2025,3,ac nya tidak berguna tolong ganti bikin gerah saja di kamar 2208 pemandangan baru di sekitar perumahan oke sih,KOMPETITOR,Bintang 4,BestWesternResortKuta-Bali,positive,0.9753691554069519,Ambience & Design,Ambience & Design (0.75); Facilities & Amenities (0.68); Sustainability & Environmental Quality (0.48)
Ilham Iank,2025,5,tempatnya bagus dekat dengan pusat oleh oleh dekat dengan pantai kuta ada kolam renang juga dan buat muslim sekitarnya banyak kuliner halal dianjurkan,KOMPETITOR,Bintang 4,BestWesternResortKuta-Bali,positive,0.9993222951889038,Facilities & Amenities,Facilities & Amenities (1.00); Religious & Halal Features (0.98); Service Efficiency & Responsiveness (0.73)
DIMAS RADITYA PUTRA,2025,5,perjalanan pekerjaan ke bali coba cari hotel dan ketemu bw resort kuta mulai dari resepsionis makanan kamar mantap,KOMPETITOR,Bintang 4,BestWesternResortKuta-Bali,positive,0.9984381794929504,Service Quality,Service Quality (1.00); Food & Beverage (0.99); Guest Experience (0.98)
Jerry Peguyangan,2025,1,Pelayanan kurang untuk cek masuk gk ada petugas bawa barang sah tamu ke dalam,KOMPETITOR,Bintang 4,BestWesternResortKuta-Bali,neutral,0.49819135665893555,Guest Experience,Guest Experience (0.90); Facilities & Amenities (0.72); Service Quality (0.66)
Giacinta,2025,5,makanan nya enak tempatnya nyaman lumayan lah buat liburan,KOMPETITOR,Bintang 4,BestWesternResortKuta-Bali,positive,0.9992986917495728,Facilities & Amenities,Facilities & Amenities (0.98); Room Quality & Comfort (0.96); Family & Group Friendly (0.90)
Andi Broland,2024,5,Suasana bagus makanan lumayan perlu diperhatikan kolam renang beberapa sudah copot tajam kena anak sampai harus dijahit,KOMPETITOR,Bintang 4,BestWesternResortKuta-Bali,positive,0.9964243769645691,Facilities & Amenities,Facilities & Amenities (0.90); Ambience & Design (0.74); Check in/out Experience (0.53)
tri nurcahyo,2022,5,pelayanan cepat kamar mantap lokasi sangat bagus masih banyak mini pasar dan warung yang buka d depan hotel tempat lain mah pada suepi,KOMPETITOR,Bintang 4,BestWesternResortKuta-Bali,positive,0.9988366961479187,Service Quality,Service Quality (0.99); Facilities & Amenities (0.99); Service Efficiency & Responsiveness (0.98)
S priyadi,2018,5,Staffnya baik dan sangat membantu jika ada yang mau cek keluar dan kemudian menitipkan barang sebelum pergi ke bandara bisa dititipkan di resepsionis dan gratis,KOMPETITOR,Bintang 4,BestWesternResortKuta-Bali,positive,0.98731529712677,Service Quality,Service Quality (0.99); Service Efficiency & Responsiveness (0.98); Staff Conduct & Hospitality (0.98)
Dwi Aris Munandar,2023,5,lokasi strategis harga bagus pelayanan oke kamar nya bersih dan wangi untuk sarapan bervariasi terima kasih,KOMPETITOR,Bintang 4,BestWesternResortKuta-Bali,positive,0.9992145299911499,Guest Experience,Guest Experience (1.00); Service Quality (1.00); Facilities & Amenities (1.00)
Edi Eko Subianto,2021,5,hotel dengan pelayanan bagus dan baik dan harga yang kompetitif lokasi di tengah tapi untuk kuliner cukup lumayan banyak bisa banyak untuk alternatif jika berlibur ke kota dewata bali,KOMPETITOR,Bintang 4,BestWesternResortKuta-Bali,positive,0.9984814524650574,Service Quality,Service Quality (1.00); Facilities & Amenities (0.99); Pricing & Value for Money (0.99)
sandi,2025,5,Wah keren banget enak banget ini buat penyembuhan bersama keluarga ama teman yang pasti harganya terjangkau,KOMPETITOR,Bintang 4,BestWesternResortKuta-Bali,positive,0.9978534579277039,Family & Group Friendly,Family & Group Friendly (0.99); Pricing & Value for Money (0.97); Guest Experience (0.92)
Lusi Agustina,2023,5,hotelnya nyaman sarapan enak bangeet ada kolam renangnya seru terima kasih u terbaik kuliner kuliner kuliner kuliner kuliner kuliner kuliner kuliner kuliner kuliner kuliner kuliner kuliner kuliner kuliner kuliner kuliner kuliner kuliner kuliner kuliner kuliner kuliner kuliner kuliner kuliner kuliner kuliner kuliner kuliner kuliner kuliner kuliner kuliner kuliner kuliner kuliner kuliner kuliner kuliner kuliner kuliner kuliner kuliner kuliner kuliner kuliner kuliner kuliner kuliner kuliner kuliner kuliner kuliner kuliner kul,KOMPETITOR,Bintang 4,BestWesternResortKuta-Bali,positive,0.9994308352470398,Facilities & Amenities,Facilities & Amenities (0.97); Service Quality (0.95); Food & Beverage (0.94)
Alifia Nuril Khoridah,2023,5,hotelnya nyaman bangeet kamarnya bagus dan bersih staf ramah pelayanannya baik lokasinya juga strategis,KOMPETITOR,Bintang 4,BestWesternResortKuta-Bali,positive,0.9992928504943848,Facilities & Amenities,Facilities & Amenities (1.00); Room Quality & Comfort (0.99); Staff Conduct & Hospitality (0.99)
Fitri Pandawa,2025,5,Hotel rekomendasi berikutnya Triip sarapan bervariasi dan staf yang ramah,KOMPETITOR,Bintang 4,BestWesternResortKuta-Bali,positive,0.9990980625152588,Food & Beverage,Food & Beverage (1.00); Staff Conduct & Hospitality (0.99); Service Quality (0.99)
Wahyu Fajar,2022,5,Tempatnya bagus dan strategis pelayanan lumayan baik tapi mohon jika untuk pelayanan kamar seperti bersih bersih kamar lebih menjaga privasi pelanggan karena saya saat menginap di sana ada yang masuk dan menaruh tangan baru di kamar mandi tampa izinkan saya dan angkat nya di perbaiki karena tidak di lengkapi dengan ac,KOMPETITOR,Bintang 4,BestWesternResortKuta-Bali,negative,0.6827244162559509,Facilities & Amenities,"Facilities & Amenities (0.99); Cleanliness, Hygiene & Maintenance (0.96); Guest Experience (0.96)"
Nurul Azmy,2025,1,kamar oke jempol sayang seorang karyawan seorang hakim laki-laki mau bicara sama resepsionis jelek banget hakim pokok a sok sok an,KOMPETITOR,Bintang 4,BestWesternResortKuta-Bali,negative,0.999306321144104,Guest Experience,Guest Experience (0.97); Facilities & Amenities (0.82); Check in/out Experience (0.69)
Ketut lagu malesia Reno,2024,5,kolam renangnya besar baru kali ini melihat kolam renang kedalaman 3 meter kamar bersih terima kasih terbaik kuliner kuliner kuliner kuliner kuliner kuliner kuliner kuliner kuliner kuliner kuliner kuliner kuliner kuliner kuliner kuliner kuliner kuliner kuliner kuliner kuliner kuliner kuliner kuliner kuliner kuliner kuliner kuliner kuliner kuliner kuliner kuliner kuliner kuliner kuliner kuliner kuliner kuliner kuliner kuliner kuliner kuliner kuliner kuliner kuliner kuliner kuliner kuliner kuliner kuliner kuliner kuliner kuliner kul,KOMPETITOR,Bintang 4,BestWesternResortKuta-Bali,positive,0.9993407130241394,"Cleanliness, Hygiene & Maintenance","Cleanliness, Hygiene & Maintenance (0.92); Room Quality & Comfort (0.91); Facilities & Amenities (0.82)"
23_Komang Silpia,2025,5,kamar yang luas kantor depan nya ramah sarapan juga enak bervariasi,KOMPETITOR,Bintang 4,BestWesternResortKuta-Bali,positive,0.9991517066955566,Facilities & Amenities,Facilities & Amenities (0.98); Food & Beverage (0.98); Guest Experience (0.96)
herry jimmy,2019,4,hotelnya bersih kamarnya besar dan makananya enak serta seluruh stafnya baik2 ke pantai dekat dll cuman area parkir yang perlu dipikirkan lagi ya,KOMPETITOR,Bintang 4,BestWesternResortKuta-Bali,positive,0.9987331032752991,Service Quality,"Service Quality (0.98); Facilities & Amenities (0.98); Location, Accessibility & Parking (0.98)"
nurdianto nurdianto,2020,3,Menurut saya pribadi sebagai seorang sopir yang sering antar jemput tamu di daerah kuta khususnya jika saya memiliki pelanggan yang menginapnya di hotel ini adalah hotelnya sih lumayan bagus hanya saja parkirnya yang kurang memadai menurut saya terlalu sempit parkirannya jadi jika di jam tertentu saya ingin jemput tamu lalu mobilnya penuh semua bikin sakit kepala jika di tempat ini saya tidak tahu bagaimana mungkin manajemen hotel ini jika saya bisa memberikan jalan atau solusi untuk parkir mungkin lebih baik lagi tapi jika tidak banyak mobil mobil yang parkir di pinggir jalan itu sangat membahayakan semoga kedepannya masih bisa diperbaiki lagi untuk masalah parkir terima kasih,KOMPETITOR,Bintang 4,BestWesternResortKuta-Bali,negative,0.7945307493209839,"Location, Accessibility & Parking","Location, Accessibility & Parking (0.81); Facilities & Amenities (0.63); Management & Policy Issues (0.55)"
Gita Septia,2025,5,staf ramah sarapan lengkap dan enak kamar bersih dianjurkan untuk yang mau menginap di sini,KOMPETITOR,Bintang 4,BestWesternResortKuta-Bali,positive,0.9985135197639465,Service Quality,"Service Quality (1.00); Cleanliness, Hygiene & Maintenance (1.00); Staff Conduct & Hospitality (0.99)"
Linaa Lina (Linaa Lina),2021,3,hotel standar dengan harga murah hanya saja saja tidak ada lift padahal bisa kamar di atas jadi lelsh angkat2 barang saat cek keluar,KOMPETITOR,Bintang 4,BestWesternResortKuta-Bali,positive,0.563803493976593,Pricing & Value for Money,Pricing & Value for Money (0.87); Facilities & Amenities (0.86); Check in/out Experience (0.70)
Huang Cia Yu,2024,5,kamar nyaman ac oke pelayanan oke sarapan oke di depan hotel ada beberapa minimarket mudah untuk belanja,KOMPETITOR,Bintang 4,BestWesternResortKuta-Bali,positive,0.9989331364631653,Service Quality,Service Quality (1.00); Facilities & Amenities (1.00); Room Quality & Comfort (0.99)
novi antika,2023,5,Lokasinya strategis dekat dengan pantai kuta dan bandara staf nya ramah kolam renang besar liburan jadi makin bahagia,KOMPETITOR,Bintang 4,BestWesternResortKuta-Bali,positive,0.9994506239891052,Facilities & Amenities,Facilities & Amenities (0.99); Service Quality (0.97); Staff Conduct & Hospitality (0.96)
linda putri,2023,5,letak strategis staff hotel ramah bersih sangat nyaman untuk menginap dan berlibur karena dekat dengan pantai dan tempat wisata,KOMPETITOR,Bintang 4,BestWesternResortKuta-Bali,positive,0.9994256496429443,Service Quality,"Service Quality (0.99); Cleanliness, Hygiene & Maintenance (0.99); Facilities & Amenities (0.98)"
Katu Ayet,2024,5,kamarnya nyaman pelayanan nya bagus dan ramah berikutnya kalau ke bali akan menginap disini lagi,KOMPETITOR,Bintang 4,BestWesternResortKuta-Bali,positive,0.9991015195846558,Room Quality & Comfort,Room Quality & Comfort (1.00); Service Quality (1.00); Facilities & Amenities (0.99)
Setia Wahyudi,2023,5,Hotelnya sangat bagus sehingga saya tahu kamarnya murah fasilitasnya lengkap dan bagus pkoknya top deh,KOMPETITOR,Bintang 4,BestWesternResortKuta-Bali,positive,0.9995396137237549,Facilities & Amenities,Facilities & Amenities (0.99); Room Quality & Comfort (0.97); Service Quality (0.96)
Beuty Savitri,2021,1,Saya menginap di kamar 15 kondisi kamar kotor lantai lengket kamar mandi bau ada kue di kamar mandi dan didekat kasur colokan listrik tidak berfungsi dengan baik tidak direkomendasikan,KOMPETITOR,Bintang 4,BestWesternResortKuta-Bali,negative,0.9991311430931091,Guest Experience,Guest Experience (0.87); Facilities & Amenities (0.76); Food & Beverage (0.68)
Frischa Marlina,2021,5,kamar luas bagus ada kolam renang 10 menit ke pantai kuta depan hotel banyak yang jualan,KOMPETITOR,Bintang 4,BestWesternResortKuta-Bali,positive,0.9987834095954895,Facilities & Amenities,Facilities & Amenities (0.99); Room Quality & Comfort (0.81); Service Quality (0.73)
Rainier Abuthan,2021,5,tempatnya bagus posisi hotel dekat dengan bandara hanya sarapannya yang kurang kamar banyak nyamuk,KOMPETITOR,Bintang 4,BestWesternResortKuta-Bali,positive,0.9965646862983704,Facilities & Amenities,Facilities & Amenities (0.95); Sustainability & Environmental Quality (0.79); Guest Experience (0.77)
wijaya hadi santoso,2020,4,tempat yang tenang buat istirahat dekat bandara di depan hotel banyak toko jual makanan maupun kebutuhan harian ada atm didpn hotel hotel agak tua tapi masih bersih dan perawatan hotel cukup baik makan pagi kurang lengkap variasinya bahkan dari sisi rasa juga kurang enak kolam renang cukup baik kualitas udara baru untuk sekelas terbaik barat seharusnya bisa lebih baik kualitasnya,KOMPETITOR,Bintang 4,BestWesternResortKuta-Bali,positive,0.993129312992096,"Cleanliness, Hygiene & Maintenance","Cleanliness, Hygiene & Maintenance (0.96); Facilities & Amenities (0.95); Service Quality (0.69)"
eka sugiarta,2025,5,hotelnya cukup nyaman bersih sesuai dengan harga,KOMPETITOR,Bintang 4,BestWesternResortKuta-Bali,positive,0.997477114200592,Service Quality,"Service Quality (0.97); Pricing & Value for Money (0.97); Cleanliness, Hygiene & Maintenance (0.92)"
Tomi Purba,2020,5,kamarnya nyaman dan ada kolam renang yang cukup luas lokasi strategis dan dekat dengan mall penemuan atau kuta pantai depannya juga ada indomaret,KOMPETITOR,Bintang 4,BestWesternResortKuta-Bali,positive,0.9992743134498596,Facilities & Amenities,Facilities & Amenities (1.00); Room Quality & Comfort (0.99); Service Efficiency & Responsiveness (0.87)
Budiono Sukses,2019,5,hotel yang asri besar bagus dan nyaman di daerah kuta bali kolam renangnya juga luas dan bagus terdapat pohon beringin besar tinggi di halaman depan,KOMPETITOR,Bintang 4,BestWesternResortKuta-Bali,positive,0.9994935989379883,Facilities & Amenities,Facilities & Amenities (1.00); Ambience & Design (0.95); Room Quality & Comfort (0.94)
Andika Nopita sari,2025,5,Tempat baru bagus dan nyaman untuk liburan ketempat wisata dekat dan fasilitas yang ada sudah baik,KOMPETITOR,Bintang 4,BestWesternResortKuta-Bali,positive,0.9989176988601685,Facilities & Amenities,Facilities & Amenities (0.99); Room Quality & Comfort (0.94); Service Quality (0.94)
Serli Marlinda,2024,5,hotel yang sangat nyaman dekat dengan bandara jadi cukup oke buat yang membutuhkan hotel saat liburan di bali,KOMPETITOR,Bintang 4,BestWesternResortKuta-Bali,positive,0.9991647005081177,Facilities & Amenities,Facilities & Amenities (0.96); Room Quality & Comfort (0.88); Service Quality (0.84)
Wirdan Fauzi,2024,5,kamar nyaman dan bersih makanan enak pelayanan bagus terbaik pak mande,KOMPETITOR,Bintang 4,BestWesternResortKuta-Bali,positive,0.9994933605194092,Service Quality,"Service Quality (1.00); Facilities & Amenities (0.99); Cleanliness, Hygiene & Maintenance (0.99)"
Tutsambebalian Sambe,2024,5,hotelnya adem ada pohon beringin besar ditengah hotel kamar bersih sarapannya bagus dan enak,KOMPETITOR,Bintang 4,BestWesternResortKuta-Bali,positive,0.999460756778717,Facilities & Amenities,"Facilities & Amenities (0.98); Room Quality & Comfort (0.98); Cleanliness, Hygiene & Maintenance (0.98)"
yudha mezango,2020,5,Hotel ini berada di lokasi strategis dekat pantai kuta dan pantai legi dengan kolam renang di atap sangat bagus untuk menghabiskan waktu saat matahari terbenam,KOMPETITOR,Bintang 4,BestWesternResortKuta-Bali,positive,0.9995244741439819,Facilities & Amenities,Facilities & Amenities (0.99); Ambience & Design (0.89); Sustainability & Environmental Quality (0.87)
Muhammad Daffa Wildan Desbrian,2024,5,Pelayanannya sangat memuaskan kamarnya sangat nyaman bangett dan bersih fasilitasnya okee bangett,KOMPETITOR,Bintang 4,BestWesternResortKuta-Bali,positive,0.9994741082191467,Service Quality,Service Quality (0.99); Room Quality & Comfort (0.98); Guest Experience (0.98)
tonny ndOLink,2024,5,Sangat menyenangkan pelayanan pun sungguh memuaskan kamarnya bagus rapi bersih mantab pokok nya,KOMPETITOR,Bintang 4,BestWesternResortKuta-Bali,positive,0.999332845211029,"Cleanliness, Hygiene & Maintenance","Cleanliness, Hygiene & Maintenance (1.00); Guest Experience (1.00); Facilities & Amenities (0.99)"
Rino Prasetiyanto,2021,4,menginap disini hanya 1 malam karena keliling terus kamar oke restoran oke yang berkesan ditengah kafe luar ada pohon beringin besar mantap,KOMPETITOR,Bintang 4,BestWesternResortKuta-Bali,positive,0.9983711838722229,Room Quality & Comfort,Room Quality & Comfort (0.97); Facilities & Amenities (0.97); Guest Experience (0.95)
S Aisyah,2021,3,kamarnya luas kamar mandi nya oke hanya saja pertama kali cek masuk terjebak di lift krna lift nya rusak,KOMPETITOR,Bintang 4,BestWesternResortKuta-Bali,negative,0.8881386518478394,Check in/out Experience,Check in/out Experience (0.77); Facilities & Amenities (0.72); Service Quality (0.66)
Haris Sandi,2021,2,kamar kotor kamar mandi bau lantai lengket saat cek masuk ada kecoa mati di kamar mandi dan kamar tidur drainase kamar mandi jelek colokan beberapa masalah kita cek masuk di kamar 15,KOMPETITOR,Bintang 4,BestWesternResortKuta-Bali,negative,0.9993320107460022,Facilities & Amenities,Facilities & Amenities (0.75); Check in/out Experience (0.64); Service Quality (0.59)
Adrijanus Warsito,2025,5,kamar bersih makanan enak harga terjangkau,KOMPETITOR,Bintang 4,BestWesternResortKuta-Bali,positive,0.9992353916168213,Facilities & Amenities,"Facilities & Amenities (0.99); Service Quality (0.98); Cleanliness, Hygiene & Maintenance (0.98)"
Daday Sukandar,2025,5,hotel nya bagus pelayanan nya ramah dan sangat nyaman,KOMPETITOR,Bintang 4,BestWesternResortKuta-Bali,positive,0.9993541836738586,Service Quality,Service Quality (0.99); Staff Conduct & Hospitality (0.98); Facilities & Amenities (0.98)
Nicky Abraham,2019,4,Hotel bagus posisi cukup strategis harga terjangkau menu sarapannya jg sgt saat dilidah,KOMPETITOR,Bintang 4,BestWesternResortKuta-Bali,positive,0.9993359446525574,Pricing & Value for Money,Pricing & Value for Money (0.98); Food & Beverage (0.95); Facilities & Amenities (0.94)
Baiti Kholidah,2022,3,tamunya 2 tapi peralatan kamar mandinya cm untuk 1 org hujan udara masuk ke koridor kamarnya,KOMPETITOR,Bintang 4,BestWesternResortKuta-Bali,positive,0.910239040851593,Facilities & Amenities,Facilities & Amenities (0.98); Guest Experience (0.93); Sustainability & Environmental Quality (0.71)
Guntur Sulaksono,2022,5,hotel yang nyaman dan tenang lokasi strategis dekat bandara pantai permainan anak serta pusat perbelanjaan,KOMPETITOR,Bintang 4,BestWesternResortKuta-Bali,positive,0.999355137348175,Facilities & Amenities,Facilities & Amenities (0.98); Room Quality & Comfort (0.95); Service Quality (0.92)
Crono Diskon,2025,5,pelayanan ramah keamanan aman kemarnya bersih rekomend untuk teman keluarga,KOMPETITOR,Bintang 4,BestWesternResortKuta-Bali,positive,0.9993021488189697,Safety & Security,Safety & Security (0.99); Family & Group Friendly (0.99); Service Quality (0.99)
Zi zi,2023,5,Sudah beberapa kali menginap di sini karena tempat nyaman dan bersih makanan nya juga enak,KOMPETITOR,Bintang 4,BestWesternResortKuta-Bali,positive,0.9987537860870361,Facilities & Amenities,"Facilities & Amenities (1.00); Cleanliness, Hygiene & Maintenance (0.99); Room Quality & Comfort (0.99)"
nanang electra,2022,5,hotel yang nyaman bersih dan asri cocok bagi keluarga untuk istirahat kolam renang juga tersedia,KOMPETITOR,Bintang 4,BestWesternResortKuta-Bali,positive,0.9992856383323669,Facilities & Amenities,"Facilities & Amenities (0.99); Service Quality (0.98); Cleanliness, Hygiene & Maintenance (0.97)"
Retno Tian,2025,5,kamar nya luas pelayanan nya ramah cepat tanggap,KOMPETITOR,Bintang 4,BestWesternResortKuta-Bali,positive,0.9989058971405029,Guest Experience,Guest Experience (0.99); Service Efficiency & Responsiveness (0.99); Service Quality (0.98)
ainie djusman,2019,2,Hotel budget semua serba standar dekat pantai kuta dekat bandara sekitar hotel byk supermarket dan restoran kolam renangnya bersih tapi kurang besat cocok untuk transit,KOMPETITOR,Bintang 4,BestWesternResortKuta-Bali,positive,0.9971248507499695,Facilities & Amenities,"Facilities & Amenities (0.99); Cleanliness, Hygiene & Maintenance (0.97); Pricing & Value for Money (0.93)"
nisa geg,2020,4,bagus hotelnya bersih harga terjangkau tapi jalannya sempit kalau bawa mobil disini suka macet susah pakirnya,KOMPETITOR,Bintang 4,BestWesternResortKuta-Bali,positive,0.9959233999252319,Pricing & Value for Money,"Pricing & Value for Money (0.92); Facilities & Amenities (0.92); Location, Accessibility & Parking (0.91)"
Intan Darren,2019,5,kamar nya dua kali lebih besar harganya sama dengan hotel sebelumnya kami menginap sarapannya enak tapi tidak banyak menu,KOMPETITOR,Bintang 4,BestWesternResortKuta-Bali,positive,0.5942902565002441,Pricing & Value for Money,Pricing & Value for Money (0.95); Facilities & Amenities (0.91); Food & Beverage (0.86)
Felicia Hapsari,2019,4,dapet kamar yang bagus sesuai gambar semua fasilitasnya oke cuma makanannya saja kurang bervariasi,KOMPETITOR,Bintang 4,BestWesternResortKuta-Bali,negative,0.7121296525001526,Facilities & Amenities,Facilities & Amenities (0.97); Room Quality & Comfort (0.92); Service Quality (0.90)
DS AMV,2025,5,sarapan enak pelayanan sangat memuaskan staf ramah banget,KOMPETITOR,Bintang 4,BestWesternResortKuta-Bali,positive,0.9987401366233826,Service Quality,Service Quality (0.99); Guest Experience (0.99); Food & Beverage (0.97)
Handika Cahya,2024,5,nyaman akan kembali lagi kesini merekomendasikan kan ke temen temen yang lain terima kasih bw resort kuta,KOMPETITOR,Bintang 4,BestWesternResortKuta-Bali,positive,0.9968968629837036,"Loyalty, Recommendation & Appreciation","Loyalty, Recommendation & Appreciation (0.92); Service Quality (0.72); Guest Experience (0.71)"
Era 20,2024,5,Sarapan yang bagus kamar bersih pelayanan ramah lokasi strategis dekat bandara dan pantai,KOMPETITOR,Bintang 4,BestWesternResortKuta-Bali,positive,0.9990730285644531,Food & Beverage,"Food & Beverage (1.00); Facilities & Amenities (1.00); Cleanliness, Hygiene & Maintenance (0.99)"
chika rizkia,2019,4,Resort yang bagus dekat dengan juga joger sayang kamar merokok lantai 1 saluran pembuangan bathub jelek banget sampai banjir ke kamar waktu drain,KOMPETITOR,Bintang 4,BestWesternResortKuta-Bali,negative,0.7162128686904907,Facilities & Amenities,Facilities & Amenities (0.96); Guest Experience (0.72); Service Quality (0.67)
Miswanto Saputra Saputra,2024,5,lumayan nyaman walau saat itu acnya kurang dingin semoga segera d memperbaiki,KOMPETITOR,Bintang 4,BestWesternResortKuta-Bali,positive,0.9506090879440308,Room Quality & Comfort,Room Quality & Comfort (0.84); Facilities & Amenities (0.78); Sustainability & Environmental Quality (0.68)
MAGETARIAN,2024,5,hotel yang bagus nyaman serta pelayananan yang mantap dekat dengan pantai kuta dan bandara,KOMPETITOR,Bintang 4,BestWesternResortKuta-Bali,positive,0.9995146989822388,Service Quality,Service Quality (1.00); Facilities & Amenities (1.00); Service Efficiency & Responsiveness (0.99)
Gemilang Ekaprayoga,2025,5,tempat terindah serasa di dunia mimpi karya nyata dari sang pencipta kita bisa menikmati di sini,KOMPETITOR,Bintang 4,BestWesternResortKuta-Bali,positive,0.9984241724014282,Cultural & Heritage Experience,Cultural & Heritage Experience (0.77); Facilities & Amenities (0.75); Room Quality & Comfort (0.70)
Louis santoso,2024,5,hotel yang sangat bersih dekat di daerah kuta akses ke bandara mudah sarapan juga enak,KOMPETITOR,Bintang 4,BestWesternResortKuta-Bali,positive,0.9992400407791138,"Cleanliness, Hygiene & Maintenance","Cleanliness, Hygiene & Maintenance (0.99); Facilities & Amenities (0.99); Food & Beverage (0.99)"
Adam Budhip,2024,5,kamar bersih penghematan yang namanya agustinus orangnya ramah sekali kapan kapan mau balik lagi,KOMPETITOR,Bintang 4,BestWesternResortKuta-Bali,positive,0.9959579110145569,Guest Experience,"Guest Experience (1.00); Service Quality (0.99); Cleanliness, Hygiene & Maintenance (0.97)"
Septia Rahma dewi,2024,5,Pelayanannya bagus bangett semua ramah hotelnya bersih dan rapih,KOMPETITOR,Bintang 4,BestWesternResortKuta-Bali,positive,0.9993475079536438,Service Quality,"Service Quality (1.00); Cleanliness, Hygiene & Maintenance (1.00); Facilities & Amenities (0.99)"
faisal riza,2025,5,tempatnya bagus bersih nyaman banget deh pokoknya rekomendasi banget,KOMPETITOR,Bintang 4,BestWesternResortKuta-Bali,positive,0.9992140531539917,Room Quality & Comfort,"Room Quality & Comfort (0.99); Facilities & Amenities (0.97); Cleanliness, Hygiene & Maintenance (0.95)"
penerjemah10,2021,5,hotel nya bagus cuma sayang nya kesan kesan kamu karena kurang perawatan terlihat kamar besar dan nyaman,KOMPETITOR,Bintang 4,BestWesternResortKuta-Bali,negative,0.8980029821395874,Guest Experience,Guest Experience (0.87); Facilities & Amenities (0.80); Room Quality & Comfort (0.74)
PT. BANTUL MOTOR WAHANA MAJU,2019,4,hotel yang megah bersih kamarnya lezat makanannya juga ramah pelayanannya datang buktikan diri tuhan memberkati,KOMPETITOR,Bintang 4,BestWesternResortKuta-Bali,positive,0.9991412162780762,"Cleanliness, Hygiene & Maintenance","Cleanliness, Hygiene & Maintenance (1.00); Room Quality & Comfort (1.00); Facilities & Amenities (1.00)"
Berok Raya,2021,5,hotel yang nyaman untuk liburan keluarga di kuta bali ada kolam renangnya juga untuk berendam bersama keluarga,KOMPETITOR,Bintang 4,BestWesternResortKuta-Bali,positive,0.9992836117744446,Facilities & Amenities,Facilities & Amenities (0.99); Family & Group Friendly (0.99); Room Quality & Comfort (0.75)
Ikomang Arya,2025,5,tempatnya tenang dapat kamar yang deuxe dengan pemandangan kolam renang,KOMPETITOR,Bintang 4,BestWesternResortKuta-Bali,positive,0.9992185831069946,Facilities & Amenities,Facilities & Amenities (0.98); Guest Experience (0.94); Ambience & Design (0.92)
Is Kandar,2024,5,tempatnya strategis hotelnya bagus nyaman pelayananya juga memuaskan,KOMPETITOR,Bintang 4,BestWesternResortKuta-Bali,positive,0.9994088411331177,Facilities & Amenities,"Facilities & Amenities (0.99); Room Quality & Comfort (0.98); Cleanliness, Hygiene & Maintenance (0.98)"
Rehan Ramadan,2024,5,Best Western Resort kuta sangat nyaman dan tempat bagus nya sangat layak untuk menginap dengan keluarga atau saudara,KOMPETITOR,Bintang 4,BestWesternResortKuta-Bali,positive,0.9995282888412476,Family & Group Friendly,Family & Group Friendly (1.00); Room Quality & Comfort (0.99); Facilities & Amenities (0.99)
Ali Daud,2019,3,Hotel yang standar kalau mau ke pantai harus pakai motor menu sarapannya juga kurang cocok di lidah kita,KOMPETITOR,Bintang 4,BestWesternResortKuta-Bali,negative,0.9856011271476746,Food & Beverage,Food & Beverage (0.89); Facilities & Amenities (0.83); Pricing & Value for Money (0.71)
Rama Saputra,2024,5,hotel yang sangat bagus murah meriah pelayanannya sangat ramah lokasi strategis,KOMPETITOR,Bintang 4,BestWesternResortKuta-Bali,positive,0.9991439580917358,Service Quality,Service Quality (0.99); Pricing & Value for Money (0.98); Service Efficiency & Responsiveness (0.97)
Ambar Lukito,2024,5,nyaman dekat kuliner bersih staf ramah sarapan yuami enak banyak variasi,KOMPETITOR,Bintang 4,BestWesternResortKuta-Bali,positive,0.9992802739143372,Service Quality,Service Quality (0.99); Facilities & Amenities (0.98); Service Efficiency & Responsiveness (0.96)
biankho,2019,5,hotel nya bersih karyawan bersahabat dekat jg dengan fasum disekitar mudah cr mkn,KOMPETITOR,Bintang 4,BestWesternResortKuta-Bali,positive,0.9991893172264099,Service Quality,"Service Quality (1.00); Cleanliness, Hygiene & Maintenance (0.99); Facilities & Amenities (0.99)"
Rahmat Hidayat,2019,3,pelayanan sangat nyaman ramah fasilitas kelas menengah keatas harga fariatif suasana nyaman hanya saja tidak tersedia minimarket,KOMPETITOR,Bintang 4,BestWesternResortKuta-Bali,positive,0.9982940554618835,Facilities & Amenities,Facilities & Amenities (0.92); Service Quality (0.92); Pricing & Value for Money (0.89)
kroco mumet 22,2025,5,urusan tugas nyaman disini banyak jajanan dan mini pasar layanan baik sarapan lumayan lengkap,KOMPETITOR,Bintang 4,BestWesternResortKuta-Bali,positive,0.9988812804222107,Facilities & Amenities,Facilities & Amenities (0.99); Food & Beverage (0.99); Service Quality (0.97)
Customer service,2025,5,tempatnya bagus luas dan pelayanan nya ramah banget rekomendasi banget sihh,KOMPETITOR,Bintang 4,BestWesternResortKuta-Bali,positive,0.9993265867233276,Facilities & Amenities,Facilities & Amenities (0.98); Room Quality & Comfort (0.97); Service Quality (0.97)
Tien Tien Le Le,2022,2,perawatan kamar hotel kurang bagus banyak serangga dikamar kenyamanan nginap mengecewakan,KOMPETITOR,Bintang 4,BestWesternResortKuta-Bali,negative,0.9992778897285461,Facilities & Amenities,"Facilities & Amenities (0.96); Guest Experience (0.95); Cleanliness, Hygiene & Maintenance (0.84)"
I Ketut Suarden Terisna,2018,4,sebuah hotel dengan kualifikasi bintang 3 lokasi sangat strategis 5 menit dari bandara 5 menit jalan kaki ke pantai kuta harga kamar sangat terjangkau,KOMPETITOR,Bintang 4,BestWesternResortKuta-Bali,positive,0.9994694590568542,Pricing & Value for Money,Pricing & Value for Money (0.95); Service Quality (0.91); Facilities & Amenities (0.81)
Andri Wings,2022,4,Hotelnya keren resepsi ramah keamanan baik pengiriman motor pcx untuk tamuku yang sedang menginap di hotel ini cek ig kita sayapsewamotorbali,KOMPETITOR,Bintang 4,BestWesternResortKuta-Bali,positive,0.989567220211029,Safety & Security,Safety & Security (1.00); Facilities & Amenities (1.00); Staff Conduct & Hospitality (1.00)
atanasia rian,2020,4,kenyamanan seperti mengingin di rumah sendiri staf nya ramah dan menyenangkan paling seneng di kolam renang dan taman tengah ada beringin yang selalu membuat nyaman duduk duduk,KOMPETITOR,Bintang 4,BestWesternResortKuta-Bali,positive,0.9994514584541321,Staff Conduct & Hospitality,Staff Conduct & Hospitality (1.00); Facilities & Amenities (1.00); Service Quality (1.00)
ER Entertainment,2021,4,nyaman kamarnya dekat dengan tmpat hiburan tapi mandi kamar mandi tidak berfungsi scra maksimal,KOMPETITOR,Bintang 4,BestWesternResortKuta-Bali,positive,0.6496607661247253,Facilities & Amenities,Facilities & Amenities (0.70); Guest Experience (0.67); Booking & Reservation Experience (0.46)
Meisinarayani Made,2025,5,pelayanannya ramah menu yang bervariasi dan lezat,KOMPETITOR,Bintang 4,BestWesternResortKuta-Bali,positive,0.9975953698158264,Service Quality,Service Quality (0.99); Guest Experience (0.99); Food & Beverage (0.99)
Adit Diaz,2022,5,tempat menginap langganan tiap ke bali hotel mewah dengan harga yang cukup bersahabat lokasi dekat dengan pusat keramaian,KOMPETITOR,Bintang 4,BestWesternResortKuta-Bali,positive,0.999251663684845,"Loyalty, Recommendation & Appreciation","Loyalty, Recommendation & Appreciation (0.96); Pricing & Value for Money (0.95); Family & Group Friendly (0.80)"
acun wang,2014,3,Hotel lumayan bagus cmn jauh dari kota n sekitarnya tidak ada fasilitas yang bagus,KOMPETITOR,Bintang 4,BestWesternResortKuta-Bali,positive,0.9846212863922119,Guest Experience,"Guest Experience (0.54); Sustainability & Environmental Quality (0.41); Location, Accessibility & Parking (0.38)"
yusrizal haris,2024,4,kamar luas tolong ac di sesuaikan biar lebih dingin,KOMPETITOR,Bintang 4,BestWesternResortKuta-Bali,neutral,0.9459931254386902,Sustainability & Environmental Quality,Sustainability & Environmental Quality (0.83); Facilities & Amenities (0.83); Service Efficiency & Responsiveness (0.74)
bella elvinaputri,2024,5,hotel yang lumayan bagus nyaman murah ramah tempat bagus dianjurkan,KOMPETITOR,Bintang 4,BestWesternResortKuta-Bali,positive,0.9989097118377686,Facilities & Amenities,Facilities & Amenities (0.94); Room Quality & Comfort (0.94); Service Quality (0.92)
Larasati Tioni,2025,5,Pelayanan dan restoran sangat sangat baik masakan bisa diterima oleh semua orang dan kalangan,KOMPETITOR,Bintang 4,BestWesternResortKuta-Bali,positive,0.9988161325454712,Service Quality,Service Quality (1.00); Food & Beverage (1.00); Facilities & Amenities (1.00)
yanti fanda,2021,4,tempatnya bagus bersih pelayannya jg ramah teh dan gulanya cuma 1 doang mungkin karena pakai harga promo tapi lainx mantapp,KOMPETITOR,Bintang 4,BestWesternResortKuta-Bali,positive,0.9975318908691406,"Cleanliness, Hygiene & Maintenance","Cleanliness, Hygiene & Maintenance (0.95); Facilities & Amenities (0.94); Service Quality (0.89)"
MamiTrip channel,2022,5,hotel yang bisa di rekomendasi ke teman2 dengan harga saat dan fasilitas lengkap yang pasti nyaman,KOMPETITOR,Bintang 4,BestWesternResortKuta-Bali,positive,0.9980029463768005,Facilities & Amenities,Facilities & Amenities (0.98); Pricing & Value for Money (0.95); Service Efficiency & Responsiveness (0.90)
Kadek Siandi,2025,5,sarapan enak pelayanannya juga ramah terbaik lah pokonya,KOMPETITOR,Bintang 4,BestWesternResortKuta-Bali,positive,0.9993219375610352,Service Quality,Service Quality (0.99); Staff Conduct & Hospitality (0.99); Guest Experience (0.99)
Bu Sripilis,2025,5,tempat nyaman suasana nyaman makananjuga enak tidak kecewa pokoknya,KOMPETITOR,Bintang 4,BestWesternResortKuta-Bali,positive,0.9994152784347534,Facilities & Amenities,Facilities & Amenities (0.99); Room Quality & Comfort (0.99); Guest Experience (0.90)
chandra daton,2023,5,strategis depan hotel banyak ada minimart 24 jam staf ramah pelayanan baik,KOMPETITOR,Bintang 4,BestWesternResortKuta-Bali,positive,0.9989525079727173,Service Quality,Service Quality (0.99); Service Efficiency & Responsiveness (0.97); Staff Conduct & Hospitality (0.96)
Aghisna,2025,5,fasilitas yang cukup dengan harga yang tidak kaleng kaleng murahnya,KOMPETITOR,Bintang 4,BestWesternResortKuta-Bali,positive,0.9937022924423218,Facilities & Amenities,Facilities & Amenities (0.89); Pricing & Value for Money (0.88); Service Quality (0.77)
Giovanni Gunawan Panga,2022,5,mantap harga murah kaporitnya terlalu banyak di kolam 3m mata saya jadi kayak sasuke,KOMPETITOR,Bintang 4,BestWesternResortKuta-Bali,positive,0.9987902045249939,Pricing & Value for Money,Pricing & Value for Money (0.91); Facilities & Amenities (0.71); Cultural & Heritage Experience (0.43)
Ahmad Biky,2024,5,layanan nya bagus sarana enak kopinya mantab pakai mesin kopi pak pande baik sekali,KOMPETITOR,Bintang 4,BestWesternResortKuta-Bali,positive,0.9991235136985779,Service Quality,Service Quality (0.99); Facilities & Amenities (0.98); Guest Experience (0.97)
Lucky Beach,2021,5,hotel nya bersih dan bagus sekali juga kolam renang nya besar dan tidak jauh dari pantai kuta,KOMPETITOR,Bintang 4,BestWesternResortKuta-Bali,positive,0.9992774128913879,Facilities & Amenities,"Facilities & Amenities (1.00); Cleanliness, Hygiene & Maintenance (0.99); Service Quality (0.98)"
hedi julian,2023,5,kamar luas dan bersih sarapan enak dan banyak pilihannya,KOMPETITOR,Bintang 4,BestWesternResortKuta-Bali,positive,0.999337375164032,Facilities & Amenities,"Facilities & Amenities (0.99); Cleanliness, Hygiene & Maintenance (0.99); Service Quality (0.99)"
Risma Yanti,2024,5,Pelayanannya baik banget ramah2 fasilitas kamar nya juga oke,KOMPETITOR,Bintang 4,BestWesternResortKuta-Bali,positive,0.9990071654319763,Service Quality,Service Quality (0.99); Guest Experience (0.99); Facilities & Amenities (0.99)
Zeirul Amrony,2024,5,view dan lokasi sangat menarik makanan enak pelayanan ramah top dianjurkan,KOMPETITOR,Bintang 4,BestWesternResortKuta-Bali,positive,0.9991284012794495,Facilities & Amenities,Facilities & Amenities (0.99); Service Quality (0.99); Staff Conduct & Hospitality (0.98)
Moreno Ravacece,2024,5,tempatnya nyaman hotelnya bersih dan sarapan ya bagus dan enak,KOMPETITOR,Bintang 4,BestWesternResortKuta-Bali,positive,0.9993202686309814,Facilities & Amenities,"Facilities & Amenities (0.99); Cleanliness, Hygiene & Maintenance (0.99); Room Quality & Comfort (0.99)"
LuciaIndra Devi,2025,5,pelayanan yang baik kebersihan terjaga dan makanan enak semuanya,KOMPETITOR,Bintang 4,BestWesternResortKuta-Bali,positive,0.9991536140441895,"Cleanliness, Hygiene & Maintenance","Cleanliness, Hygiene & Maintenance (1.00); Service Quality (1.00); Sustainability & Environmental Quality (0.99)"
novi Rauf,2025,1,layanan baru sangat tidak ramah sering di bentak klo bicara sebaiknya jangan kesini,KOMPETITOR,Bintang 4,BestWesternResortKuta-Bali,negative,0.9993098974227905,Guest Experience,Guest Experience (0.92); Facilities & Amenities (0.70); Digital Connectivity & Technology (0.55)
Naomi Purnama,2024,5,Oke lah buat budget hotel tidak terlalu jauh juga dari bandara,KOMPETITOR,Bintang 4,BestWesternResortKuta-Bali,positive,0.98191237449646,Pricing & Value for Money,Pricing & Value for Money (0.87); Facilities & Amenities (0.80); Sustainability & Environmental Quality (0.79)
Wayan Oki,2023,5,kamarnya bersih deket alfamart juga jadi butuh apa apa mudah stafnya ramah ramah banget ya,KOMPETITOR,Bintang 4,BestWesternResortKuta-Bali,positive,0.998566210269928,Staff Conduct & Hospitality,Staff Conduct & Hospitality (0.97); Service Quality (0.96); Facilities & Amenities (0.95)
Tripoza Christariana,2025,5,Hotelnya sangat tenang sarapan komplit,KOMPETITOR,Bintang 4,BestWesternResortKuta-Bali,positive,0.999342143535614,Food & Beverage,Food & Beverage (0.99); Facilities & Amenities (0.98); Service Quality (0.97)
Newby Evolution,2025,5,tempat yang nyaman untuk beristirahat dengan fasilitas yang lengkap,KOMPETITOR,Bintang 4,BestWesternResortKuta-Bali,positive,0.9990705847740173,Facilities & Amenities,Facilities & Amenities (0.99); Room Quality & Comfort (0.85); Service Quality (0.81)
Muflih Nurfaizi,2024,5,kamar yang bagus dekat dengan kuta makanannya jg enak,KOMPETITOR,Bintang 4,BestWesternResortKuta-Bali,positive,0.9993175268173218,Facilities & Amenities,Facilities & Amenities (0.99); Ambience & Design (0.95); Guest Experience (0.92)
Frizca Febryana,2024,5,kamar mandi 2208 lantai ada yang goyang tv suara kresek2,KOMPETITOR,Bintang 4,BestWesternResortKuta-Bali,neutral,0.9973512887954712,Facilities & Amenities,"Facilities & Amenities (0.89); Service Quality (0.68); Cleanliness, Hygiene & Maintenance (0.66)"
Evelyn Gracia,2019,4,hotel yang bagus cocok untuk keluarga ada kolam renang juga yang lumayan luas,KOMPETITOR,Bintang 4,BestWesternResortKuta-Bali,positive,0.9991563558578491,Facilities & Amenities,Facilities & Amenities (0.99); Family & Group Friendly (0.96); Guest Experience (0.75)
Menur Nur,2021,2,sebenarnya bagus kamarnya besar bersih cuman mohon maaf bau kamarnya ndak enak baunya,KOMPETITOR,Bintang 4,BestWesternResortKuta-Bali,positive,0.7527345418930054,Service Quality,"Service Quality (0.79); Guest Experience (0.73); Cleanliness, Hygiene & Maintenance (0.73)"
Niken Mahanani,2021,4,tempatnya bagus dan mudah ditemukan pelayanannya bagus kamar bersih dan nyaman,KOMPETITOR,Bintang 4,BestWesternResortKuta-Bali,positive,0.9993211030960083,Facilities & Amenities,Facilities & Amenities (1.00); Room Quality & Comfort (1.00); Guest Experience (1.00)
Bambang Eko,2019,5,kamarnya luar biasa nyaman bersih dan tenang pelayanannya ramah eifi nya kenceng,KOMPETITOR,Bintang 4,BestWesternResortKuta-Bali,positive,0.9994006156921387,Room Quality & Comfort,Room Quality & Comfort (1.00); Service Quality (1.00); Guest Experience (0.99)
Muhammad Maulana,2025,5,Ok ini yang terakhir kali baru aku tahu tempat ini murah dan berkualitas,KOMPETITOR,Bintang 4,BestWesternResortKuta-Bali,positive,0.9097291827201843,Pricing & Value for Money,Pricing & Value for Money (0.89); Service Quality (0.85); Sustainability & Environmental Quality (0.82)
Rida Agustin,2023,5,hotel bagus dibali dengan fasilitas yang nyaman dianjurkan untuk menginap,KOMPETITOR,Bintang 4,BestWesternResortKuta-Bali,positive,0.9989292025566101,Facilities & Amenities,Facilities & Amenities (0.97); Service Quality (0.92); Room Quality & Comfort (0.89)
Andy Dy,2024,4,bagus pelayanan ramah ada kolam renangnya,KOMPETITOR,Bintang 4,BestWesternResortKuta-Bali,positive,0.9993085861206055,Service Quality,Service Quality (0.99); Facilities & Amenities (0.99); Guest Experience (0.99)
Nonie Wahyuni,2023,5,hotelnya bagus bersih dan fasilitas lengkap,KOMPETITOR,Bintang 4,BestWesternResortKuta-Bali,positive,0.9993347525596619,Facilities & Amenities,"Facilities & Amenities (0.99); Cleanliness, Hygiene & Maintenance (0.98); Service Quality (0.98)"
Francis Edward,2023,1,Air tidak jalan dan kamar bau asap rokok ac tidak dingin,KOMPETITOR,Bintang 4,BestWesternResortKuta-Bali,negative,0.9990456700325012,Facilities & Amenities,Facilities & Amenities (0.99); Sustainability & Environmental Quality (0.83); Guest Experience (0.80)
Dwi Arif Setyawan,2021,4,Tempat bagus kamar bersih istri dan anak saya suka menginap di sini,KOMPETITOR,Bintang 4,BestWesternResortKuta-Bali,positive,0.998794436454773,Facilities & Amenities,"Facilities & Amenities (1.00); Cleanliness, Hygiene & Maintenance (1.00); Service Quality (1.00)"
yudarsal 21,2024,5,dia mengunjungi teman yang ingin suasana tenang dan nyaman untuk santai,KOMPETITOR,Bintang 4,BestWesternResortKuta-Bali,positive,0.9805288910865784,Guest Experience,Guest Experience (0.98); Room Quality & Comfort (0.95); Facilities & Amenities (0.94)
Komang Widiarta,2019,4,kamar luas lokasi hotel jauh dari keramaian suasana adem dan dingin,KOMPETITOR,Bintang 4,BestWesternResortKuta-Bali,positive,0.9978252649307251,Facilities & Amenities,Facilities & Amenities (0.96); Room Quality & Comfort (0.91); Guest Experience (0.90)
Agus Santoso,2020,5,sangat puas meskipun hari pertama sarapan semua masakan seperti trimakasih bw,KOMPETITOR,Bintang 4,BestWesternResortKuta-Bali,positive,0.9894105792045593,"Loyalty, Recommendation & Appreciation","Loyalty, Recommendation & Appreciation (0.98); Food & Beverage (0.98); Guest Experience (0.94)"
ROSA,2024,5,kamar bagus rapih bersih stafnya ramah2 recomend,KOMPETITOR,Bintang 4,BestWesternResortKuta-Bali,positive,0.9992129802703857,"Cleanliness, Hygiene & Maintenance","Cleanliness, Hygiene & Maintenance (0.99); Room Quality & Comfort (0.98); Service Quality (0.97)"
Oni Ramdoni,2023,5,tempatnya nyaman buat istirahat tidak ramai sarapannya enak,KOMPETITOR,Bintang 4,BestWesternResortKuta-Bali,positive,0.9992064833641052,Facilities & Amenities,Facilities & Amenities (0.98); Room Quality & Comfort (0.96); Service Quality (0.93)
Dewirahmawati Wati,2025,5,adem banget tempat nya cocok buat keluarga,KOMPETITOR,Bintang 4,BestWesternResortKuta-Bali,positive,0.9989078044891357,Room Quality & Comfort,Room Quality & Comfort (0.98); Family & Group Friendly (0.98); Facilities & Amenities (0.86)
8.1 Keisya Syahirah,2025,5,pokok nya di hotel ini nyaman dan untuk staf sopan,KOMPETITOR,Bintang 4,BestWesternResortKuta-Bali,positive,0.9990971088409424,Service Quality,"Service Quality (1.00); Staff Conduct & Hospitality (0.99); Cleanliness, Hygiene & Maintenance (0.98)"
Dwi Purwoko,2024,5,Pelayananya sempurna resepsi dan room service nya ramah tamah,KOMPETITOR,Bintang 4,BestWesternResortKuta-Bali,positive,0.9989400506019592,Service Quality,Service Quality (1.00); Service Efficiency & Responsiveness (1.00); Staff Conduct & Hospitality (1.00)
Nisa Annisa,2018,3,dekat dengan pantai kuta dan mall penemuan tpi suasana hotelnya rada remang2 dan kurang menarik,KOMPETITOR,Bintang 4,BestWesternResortKuta-Bali,positive,0.9416771531105042,Ambience & Design,Ambience & Design (0.68); Pricing & Value for Money (0.67); Sustainability & Environmental Quality (0.64)
Yustinus Prasharsono,2020,4,lumayan puas kamar lumayan luas pelayanan juga ramah tapi cuma tempat parkirnya yang sempit,KOMPETITOR,Bintang 4,BestWesternResortKuta-Bali,positive,0.9929123520851135,Facilities & Amenities,Facilities & Amenities (0.97); Room Quality & Comfort (0.97); Guest Experience (0.96)
Novi Silvia,2025,5,kamar luas kolam berenang besar,KOMPETITOR,Bintang 4,BestWesternResortKuta-Bali,positive,0.9989855885505676,Facilities & Amenities,Facilities & Amenities (0.99); Guest Experience (0.95); Sustainability & Environmental Quality (0.86)
ahmad the zing 99,2023,5,bangunan yang bagus dan saya dalam kamarnya penuh putih lantainya,KOMPETITOR,Bintang 4,BestWesternResortKuta-Bali,positive,0.999108612537384,Facilities & Amenities,"Facilities & Amenities (0.98); Cleanliness, Hygiene & Maintenance (0.92); Sustainability & Environmental Quality (0.86)"
Gede adhista krisna,2024,5,kamar nyaman buat istirahat staf karyawan baik dan sopan,KOMPETITOR,Bintang 4,BestWesternResortKuta-Bali,positive,0.9988151788711548,Room Quality & Comfort,Room Quality & Comfort (1.00); Facilities & Amenities (0.99); Service Quality (0.99)
Djoko Pramono,2019,5,Pelayanan ramah tempatnya adem ada pohon beringin di tengah loby kalau pagi terdengar kicauan burung,KOMPETITOR,Bintang 4,BestWesternResortKuta-Bali,positive,0.9990622401237488,Guest Experience,Guest Experience (0.99); Facilities & Amenities (0.98); Staff Conduct & Hospitality (0.98)
Herrie Schupriyantho,2024,5,kalau nyari hotel yang bernuansa bali banget ya disini tempatnya saya sering kesini soalnya,KOMPETITOR,Bintang 4,BestWesternResortKuta-Bali,positive,0.9990115165710449,Cultural & Heritage Experience,Cultural & Heritage Experience (0.67); Ambience & Design (0.60); Facilities & Amenities (0.58)
Sangputu Agus,2024,5,sarapan ya enak banyak dan lengkap kamarnya bersih,KOMPETITOR,Bintang 4,BestWesternResortKuta-Bali,positive,0.9991346001625061,"Cleanliness, Hygiene & Maintenance","Cleanliness, Hygiene & Maintenance (0.99); Facilities & Amenities (0.99); Food & Beverage (0.98)"
Dx Hendruew,2020,4,tempatnya lumayan bagus dan nyaman terdapat 3 kolam renang yang bagus,KOMPETITOR,Bintang 4,BestWesternResortKuta-Bali,positive,0.9993663430213928,Facilities & Amenities,Facilities & Amenities (0.99); Room Quality & Comfort (0.96); Family & Group Friendly (0.81)
Ery Gized,2020,5,Hotel yang sangat strategis dan bagus smoga terus berkembang,KOMPETITOR,Bintang 4,BestWesternResortKuta-Bali,positive,0.9993306398391724,Facilities & Amenities,Facilities & Amenities (0.87); Sustainability & Environmental Quality (0.85); Service Quality (0.79)
Amin Erzet,2019,5,bagus sih tapi rada k dalam hotel nya bukan d jalan utama,KOMPETITOR,Bintang 4,BestWesternResortKuta-Bali,negative,0.8182312846183777,Service Quality,Service Quality (0.80); Sustainability & Environmental Quality (0.70); Facilities & Amenities (0.68)
Wayan Lisdia,2025,5,semuanya oke kamar luas dan nyaman,KOMPETITOR,Bintang 4,BestWesternResortKuta-Bali,positive,0.9990853071212769,Room Quality & Comfort,Room Quality & Comfort (1.00); Facilities & Amenities (1.00); Guest Experience (0.98)
Eric Sugiarto,2025,5,Deket bandara tempat bersih pelayanan oke,KOMPETITOR,Bintang 4,BestWesternResortKuta-Bali,positive,0.9989892840385437,Service Quality,"Service Quality (1.00); Guest Experience (0.99); Cleanliness, Hygiene & Maintenance (0.99)"
Hendy Krisna,2019,4,kamar nya nyaman enak bersih kemana mana mana juga dekat sedia sewa motor,KOMPETITOR,Bintang 4,BestWesternResortKuta-Bali,positive,0.9994107484817505,Room Quality & Comfort,"Room Quality & Comfort (0.99); Cleanliness, Hygiene & Maintenance (0.98); Facilities & Amenities (0.98)"
AUGUST. WILLY BUDI UNTARA,2018,5,Sangat bagus sangat menginspirasi orang lain sangat nyaman aman tentu saja membuat hati ini untuk selalu datang ke sini lagi,KOMPETITOR,Bintang 4,BestWesternResortKuta-Bali,positive,0.9988582134246826,Facilities & Amenities,Facilities & Amenities (1.00); Safety & Security (1.00); Guest Experience (1.00)
Krg I Manno,2021,5,hotel yang lunayan bagus di daerah kuta akses ke bandara sangat dekat sekali,KOMPETITOR,Bintang 4,BestWesternResortKuta-Bali,positive,0.9992794394493103,Service Quality,"Service Quality (0.93); Facilities & Amenities (0.92); Loyalty, Recommendation & Appreciation (0.86)"
Hendra Teh,2018,4,hotel dengan harga kompetitif dekat dengan bandara internasional ngurah rai sarapan ada beacon pork,KOMPETITOR,Bintang 4,BestWesternResortKuta-Bali,positive,0.9993491768836975,Facilities & Amenities,Facilities & Amenities (0.95); Pricing & Value for Money (0.93); Sustainability & Environmental Quality (0.82)
Blenda. Idham,2024,5,kue dan pelayanan sarapan sangat memuaskan pelayanan sangat baik,KOMPETITOR,Bintang 4,BestWesternResortKuta-Bali,positive,0.9990767240524292,Food & Beverage,Food & Beverage (1.00); Service Quality (1.00); Guest Experience (1.00)
Sinta Mawarni,2025,5,terbaik bngt pkonya tempat nya nyaman bagus dehh,KOMPETITOR,Bintang 4,BestWesternResortKuta-Bali,positive,0.9994066953659058,Room Quality & Comfort,Room Quality & Comfort (0.99); Facilities & Amenities (0.98); Guest Experience (0.80)
BAR BAR CHANNEL,2025,5,sarapan enak pelayanan memuaskan,KOMPETITOR,Bintang 4,BestWesternResortKuta-Bali,positive,0.9993108510971069,Service Quality,Service Quality (1.00); Guest Experience (0.99); Food & Beverage (0.98)
fery darmawel,2021,4,parkir untuk mbl kecil kamar luas cukup bersih,KOMPETITOR,Bintang 4,BestWesternResortKuta-Bali,positive,0.9743465185165405,"Cleanliness, Hygiene & Maintenance","Cleanliness, Hygiene & Maintenance (0.98); Service Quality (0.97); Facilities & Amenities (0.92)"
mrs sujatmiko,2019,5,Hotel Pling Dkt ke bandara ke menemukanku Dkt ke airbom bali pelayanan nya super ramah,KOMPETITOR,Bintang 4,BestWesternResortKuta-Bali,positive,0.9993670582771301,Service Quality,Service Quality (0.99); Guest Experience (0.99); Staff Conduct & Hospitality (0.99)
henny oktaviasari,2025,5,sarapan dengan menu varian keren,KOMPETITOR,Bintang 4,BestWesternResortKuta-Bali,positive,0.9973203539848328,Food & Beverage,Food & Beverage (0.94); Sustainability & Environmental Quality (0.72); Cultural & Heritage Experience (0.59)
Tissot,2022,5,nyaman ramah bagus pokoknya bersih pasti tempat baru asri,KOMPETITOR,Bintang 4,BestWesternResortKuta-Bali,positive,0.9993777275085449,"Cleanliness, Hygiene & Maintenance","Cleanliness, Hygiene & Maintenance (0.97); Room Quality & Comfort (0.96); Service Quality (0.95)"
Ageng samto,2025,5,tempatnya bagus dan layananenya bintang 5 pokoknya,KOMPETITOR,Bintang 4,BestWesternResortKuta-Bali,positive,0.9959982633590698,Service Quality,Service Quality (0.99); Facilities & Amenities (0.99); Room Quality & Comfort (0.96)
"Tubagus Endro Gunawan, R",2019,3,agak kecil tapi okelah coba dulu saat ada acara nonton bola dari traveloka,KOMPETITOR,Bintang 4,BestWesternResortKuta-Bali,positive,0.9275308847427368,Check in/out Experience,Check in/out Experience (0.82); Facilities & Amenities (0.78); Guest Experience (0.74)
lidia Lidia,2025,4,hotel dekat dengan waterboom bali dan staf nya ramah,KOMPETITOR,Bintang 4,BestWesternResortKuta-Bali,positive,0.9992406368255615,Staff Conduct & Hospitality,Staff Conduct & Hospitality (0.99); Service Quality (0.97); Facilities & Amenities (0.96)
Toko gorden Denpasar badung,2017,4,Saya pernah k sana ada yang cari gorden dan saya berhasil saya yakin kan bahwa toko gorden bali solusi cari gorden karena saya siap datang ke tempat,KOMPETITOR,Bintang 4,BestWesternResortKuta-Bali,positive,0.9915140271186829,Cultural & Heritage Experience,Cultural & Heritage Experience (0.63); Service Efficiency & Responsiveness (0.63); Guest Experience (0.60)
Dian Susanto,2023,5,Sebagai tukang pijat pangilan sgt senang dapat tamu di hotel ini,KOMPETITOR,Bintang 4,BestWesternResortKuta-Bali,positive,0.9986352324485779,Guest Experience,Guest Experience (0.97); Service Quality (0.86); Facilities & Amenities (0.83)
Teh Kotak,2025,5,Pelayanan hotel ini sangat baik,KOMPETITOR,Bintang 4,BestWesternResortKuta-Bali,positive,0.9961403012275696,Service Quality,Service Quality (1.00); Guest Experience (1.00); Facilities & Amenities (0.98)
Rizky Yunistyawan,2025,5,Resepsi nya ramah tamah baik,KOMPETITOR,Bintang 4,BestWesternResortKuta-Bali,positive,0.9973394274711609,Service Quality,Service Quality (1.00); Guest Experience (0.99); Family & Group Friendly (0.97)
wandi wijaya,2024,5,sarapan mantapp view lengkap dpn kolam langsung,KOMPETITOR,Bintang 4,BestWesternResortKuta-Bali,positive,0.9950725436210632,Facilities & Amenities,Facilities & Amenities (0.98); Food & Beverage (0.94); Service Efficiency & Responsiveness (0.86)
G Loren,2017,3,cocok buat yang gapunya budget gede tapi kamarnya lumayan bagus,KOMPETITOR,Bintang 4,BestWesternResortKuta-Bali,positive,0.997614860534668,Room Quality & Comfort,Room Quality & Comfort (0.98); Pricing & Value for Money (0.95); Facilities & Amenities (0.90)
Surga Tour,2021,3,kamar besar ada kolam renang kamar mandi harga sgt murah,KOMPETITOR,Bintang 4,BestWesternResortKuta-Bali,positive,0.9987971782684326,Facilities & Amenities,"Facilities & Amenities (0.99); Pricing & Value for Money (0.91); Cleanliness, Hygiene & Maintenance (0.85)"
NANA JAKA,2019,5,nyaman strategis bisa langsung nembus jalan kartika plaza centro,KOMPETITOR,Bintang 4,BestWesternResortKuta-Bali,positive,0.9969891905784607,Facilities & Amenities,Facilities & Amenities (0.91); Room Quality & Comfort (0.85); Service Efficiency & Responsiveness (0.72)
ice cream,2019,5,hotel nyaman lokasi dekat dengan pusat belanja d kuta,KOMPETITOR,Bintang 4,BestWesternResortKuta-Bali,positive,0.9993977546691895,Facilities & Amenities,Facilities & Amenities (0.95); Room Quality & Comfort (0.94); Service Quality (0.88)
Jefri Antoni,2020,5,nyaman hotelnya bersih karyawannya ramah dan bersahabat,KOMPETITOR,Bintang 4,BestWesternResortKuta-Bali,positive,0.9991544485092163,Staff Conduct & Hospitality,"Staff Conduct & Hospitality (0.99); Service Quality (0.99); Cleanliness, Hygiene & Maintenance (0.99)"
Andita Karunia Putri,2025,5,kapan lagi dapet hotel anak-anak ramah,KOMPETITOR,Bintang 4,BestWesternResortKuta-Bali,positive,0.9978208541870117,Guest Experience,Guest Experience (0.78); Service Quality (0.77); Family & Group Friendly (0.60)
Lip,2020,2,sangat perlu untuk di tingkatkn lg kebersihan dn keramahan resepsi ny,KOMPETITOR,Bintang 4,BestWesternResortKuta-Bali,positive,0.996009111404419,"Cleanliness, Hygiene & Maintenance","Cleanliness, Hygiene & Maintenance (0.99); Guest Experience (0.97); Service Efficiency & Responsiveness (0.97)"
talas sianturi,2024,5,pelayanan baik dan makanan baik kamar juga luas,KOMPETITOR,Bintang 4,BestWesternResortKuta-Bali,positive,0.9990503191947937,Facilities & Amenities,Facilities & Amenities (1.00); Service Quality (1.00); Guest Experience (1.00)
Stella Alvis Serfort,2025,5,pelayanan sangat bagus saya dan keluarga suka,KOMPETITOR,Bintang 4,BestWesternResortKuta-Bali,positive,0.9989369511604309,Service Quality,Service Quality (1.00); Family & Group Friendly (1.00); Guest Experience (0.99)
wawa Wawa,2025,1,Aku tidak dingin berkeringat kecewa,KOMPETITOR,Bintang 4,BestWesternResortKuta-Bali,positive,0.8867031335830688,"Cleanliness, Hygiene & Maintenance","Cleanliness, Hygiene & Maintenance (0.89); Sustainability & Environmental Quality (0.72); Service Efficiency & Responsiveness (0.69)"
Renata Meiza,2025,5,pelayanan sangat bagus saya dan keluarga suka,KOMPETITOR,Bintang 4,BestWesternResortKuta-Bali,positive,0.9989369511604309,Service Quality,Service Quality (1.00); Family & Group Friendly (1.00); Guest Experience (0.99)
mahameru kautsar hartoni,2025,3,parkir doang agak susah sempit dan terbatas,KOMPETITOR,Bintang 4,BestWesternResortKuta-Bali,negative,0.9785253405570984,"Location, Accessibility & Parking","Location, Accessibility & Parking (0.84); Facilities & Amenities (0.70); Management & Policy Issues (0.36)"
Halim Herianto,2018,5,Hotel terbaik resor barat kuta sayang pemandangan dari kluar agak kurang bersih,KOMPETITOR,Bintang 4,BestWesternResortKuta-Bali,positive,0.9983769655227661,Facilities & Amenities,Facilities & Amenities (0.71); Ambience & Design (0.71); Sustainability & Environmental Quality (0.69)
Gibran Asshabiq,2025,5,ramah jujur dan kamar bersih dan juga staf nya jujur,KOMPETITOR,Bintang 4,BestWesternResortKuta-Bali,positive,0.9970234036445618,"Cleanliness, Hygiene & Maintenance","Cleanliness, Hygiene & Maintenance (1.00); Service Quality (1.00); Room Quality & Comfort (1.00)"
Tyo Manuel,2019,5,lokasi strategis kamarnya luas dan bersih dianjurkan,KOMPETITOR,Bintang 4,BestWesternResortKuta-Bali,positive,0.9994370341300964,"Cleanliness, Hygiene & Maintenance","Cleanliness, Hygiene & Maintenance (1.00); Facilities & Amenities (0.99); Room Quality & Comfort (0.99)"
Afrian Raidan,2020,5,Tempat baru bagus pelayanan baru ramah dekat dengan pantai dan pusat berbelanja,KOMPETITOR,Bintang 4,BestWesternResortKuta-Bali,positive,0.9984753727912903,Facilities & Amenities,Facilities & Amenities (0.99); Guest Experience (0.98); Service Quality (0.98)
P Sumarianto,2025,5,bagus,KOMPETITOR,Bintang 4,BestWesternResortKuta-Bali,positive,0.9981056451797485,"Cleanliness, Hygiene & Maintenance","Cleanliness, Hygiene & Maintenance (0.91); Facilities & Amenities (0.89); Sustainability & Environmental Quality (0.82)"
Mdj Creative,2025,5,Rekomen banget buat traveler terima kasih beli ponco,KOMPETITOR,Bintang 4,BestWesternResortKuta-Bali,positive,0.997425377368927,"Loyalty, Recommendation & Appreciation","Loyalty, Recommendation & Appreciation (0.85); Service Quality (0.75); Sustainability & Environmental Quality (0.71)"
Ameliaa Cahyanii,2024,5,staf ramah fasilitas lengkap dan lingkungan sangat bersih,KOMPETITOR,Bintang 4,BestWesternResortKuta-Bali,positive,0.9992721676826477,Facilities & Amenities,"Facilities & Amenities (1.00); Cleanliness, Hygiene & Maintenance (0.99); Service Quality (0.98)"
Bali Made,2022,5,dekat tempat makan atypun tempat liburan servisnya juga bagus terima kasih,KOMPETITOR,Bintang 4,BestWesternResortKuta-Bali,positive,0.9991446733474731,Service Quality,Service Quality (1.00); Facilities & Amenities (0.98); Food & Beverage (0.96)
Wifina Desnalia,2025,5,Susana nya tenang sarapan nya lumayan,KOMPETITOR,Bintang 4,BestWesternResortKuta-Bali,positive,0.998646080493927,Service Quality,Service Quality (0.97); Service Efficiency & Responsiveness (0.88); Staff Conduct & Hospitality (0.87)
Tiffani Iryanni,2025,5,makanan enak kamar nyaman,KOMPETITOR,Bintang 4,BestWesternResortKuta-Bali,positive,0.9991992115974426,Room Quality & Comfort,"Room Quality & Comfort (0.99); Cleanliness, Hygiene & Maintenance (0.99); Facilities & Amenities (0.99)"
iskandar jamhur,2024,3,Sepintas dari luar sepertinya nyaman tidak ada di sini,KOMPETITOR,Bintang 4,BestWesternResortKuta-Bali,positive,0.9391124844551086,Pricing & Value for Money,Pricing & Value for Money (0.46); Sustainability & Environmental Quality (0.45); Digital Connectivity & Technology (0.44)
Vita Novita,2023,5,Sangat nyaman layanan yang baik dan semua staf ramah,KOMPETITOR,Bintang 4,BestWesternResortKuta-Bali,positive,0.9981417655944824,Facilities & Amenities,Facilities & Amenities (1.00); Service Quality (1.00); Guest Experience (0.99)
Chiel,2021,4,kamarnya nyaman bersih staf nya ramah,KOMPETITOR,Bintang 4,BestWesternResortKuta-Bali,positive,0.9984431862831116,Room Quality & Comfort,Room Quality & Comfort (0.98); Service Quality (0.98); Guest Experience (0.97)
Aruna Mikaylafalisha,2021,5,keren kamar nya gedee puass pokoknya nginep dsni,KOMPETITOR,Bintang 4,BestWesternResortKuta-Bali,positive,0.9992795586585999,Guest Experience,Guest Experience (0.97); Room Quality & Comfort (0.97); Facilities & Amenities (0.93)
Khairul Ahmad,2022,5,tempatnya nyaman bersih dekat bandara dan indomart,KOMPETITOR,Bintang 4,BestWesternResortKuta-Bali,positive,0.9994682669639587,Facilities & Amenities,Facilities & Amenities (0.98); Service Quality (0.98); Room Quality & Comfort (0.97)
Johan W,2018,4,pelayanan bagus hanya menu sarapan kurang variasi,KOMPETITOR,Bintang 4,BestWesternResortKuta-Bali,negative,0.6919105052947998,Service Quality,Service Quality (0.99); Guest Experience (0.97); Food & Beverage (0.78)
pebii pebii,2025,5,kamarnya bersih dan stafnya ramah,KOMPETITOR,Bintang 4,BestWesternResortKuta-Bali,positive,0.9990071654319763,"Cleanliness, Hygiene & Maintenance","Cleanliness, Hygiene & Maintenance (0.99); Room Quality & Comfort (0.99); Service Quality (0.99)"
Viverina Peri,2020,4,tempat yang tenang n bersih kolam renang bersih n lapang untuk berenang,KOMPETITOR,Bintang 4,BestWesternResortKuta-Bali,positive,0.9992340803146362,"Cleanliness, Hygiene & Maintenance","Cleanliness, Hygiene & Maintenance (0.99); Facilities & Amenities (0.97); Service Quality (0.92)"
andayani 12,2023,5,sangat bagus utuk berlibur tempatnya nyaman,KOMPETITOR,Bintang 4,BestWesternResortKuta-Bali,positive,0.9993923902511597,Room Quality & Comfort,Room Quality & Comfort (0.98); Facilities & Amenities (0.96); Family & Group Friendly (0.89)
ria utami,2023,5,staf yang ramah terutama di bagian depan kue kue cantik cantik,KOMPETITOR,Bintang 4,BestWesternResortKuta-Bali,positive,0.9944623112678528,Staff Conduct & Hospitality,Staff Conduct & Hospitality (0.98); Service Quality (0.98); Guest Experience (0.95)
Mela Mela,2023,5,kolam luas depan restoran anak anak suka,KOMPETITOR,Bintang 4,BestWesternResortKuta-Bali,positive,0.9985442161560059,Facilities & Amenities,"Facilities & Amenities (0.99); Cleanliness, Hygiene & Maintenance (0.95); Food & Beverage (0.90)"
Farah Nurazizah,2020,4,hotelnya lumayanlah yah untuk pelayananya standar,KOMPETITOR,Bintang 4,BestWesternResortKuta-Bali,positive,0.9870951771736145,Service Quality,Service Quality (0.89); Guest Experience (0.82); Facilities & Amenities (0.79)
Thoyyibatun Nisa,2021,5,Rekomendasi bersih AC dinggin bisa sewa motor,KOMPETITOR,Bintang 4,BestWesternResortKuta-Bali,positive,0.9191087484359741,"Cleanliness, Hygiene & Maintenance","Cleanliness, Hygiene & Maintenance (0.94); Service Quality (0.93); Sustainability & Environmental Quality (0.88)"
Naomi Laundry,2021,5,keseluruhan oke banget cuman agaksedikit kecewa sarapan aja,KOMPETITOR,Bintang 4,BestWesternResortKuta-Bali,negative,0.9903404116630554,Food & Beverage,"Food & Beverage (0.84); Cleanliness, Hygiene & Maintenance (0.79); Sustainability & Environmental Quality (0.79)"
Vera Fitriana,2025,5,Harga paling murah aman di dompet,KOMPETITOR,Bintang 4,BestWesternResortKuta-Bali,positive,0.9969737529754639,Pricing & Value for Money,Pricing & Value for Money (0.95); Safety & Security (0.90); Religious & Halal Features (0.74)
muhamad arif hidayat,2021,5,hotel nyaman suasana dingin dan rindang,KOMPETITOR,Bintang 4,BestWesternResortKuta-Bali,positive,0.9991907477378845,Ambience & Design,Ambience & Design (0.95); Room Quality & Comfort (0.90); Sustainability & Environmental Quality (0.86)
Uke_ Djblljt,2023,4,Tapi bagus banyak nyamuk nya,KOMPETITOR,Bintang 4,BestWesternResortKuta-Bali,positive,0.738986611366272,Sustainability & Environmental Quality,Sustainability & Environmental Quality (0.83); Ambience & Design (0.73); Pricing & Value for Money (0.55)
Purna Redika,2018,5,hotel berkelas bersih harga bersahabat dekat dengan pantai kuta,KOMPETITOR,Bintang 4,BestWesternResortKuta-Bali,positive,0.9993966817855835,Pricing & Value for Money,"Pricing & Value for Money (0.95); Cleanliness, Hygiene & Maintenance (0.95); Service Quality (0.95)"
Dhesta Ricisandhy,2023,5,layanan yang baik makanannya enak stafnya ramah2,KOMPETITOR,Bintang 4,BestWesternResortKuta-Bali,positive,0.9984647035598755,Service Quality,Service Quality (1.00); Facilities & Amenities (0.99); Guest Experience (0.98)
Oskar Pranoto,2019,2,tempat parkir kurang luas untuk bus menengah,KOMPETITOR,Bintang 4,BestWesternResortKuta-Bali,negative,0.7811921238899231,"Location, Accessibility & Parking","Location, Accessibility & Parking (0.89); Facilities & Amenities (0.81); Sustainability & Environmental Quality (0.70)"
Budi Partono,2024,5,Cukup menyenangkan makanan enak dan komplit,KOMPETITOR,Bintang 4,BestWesternResortKuta-Bali,positive,0.9993985891342163,Facilities & Amenities,Facilities & Amenities (0.95); Food & Beverage (0.93); Family & Group Friendly (0.88)
Daviid,2019,5,hotel yang bagus pelayanan jgk bagus,KOMPETITOR,Bintang 4,BestWesternResortKuta-Bali,positive,0.9987853169441223,Service Quality,Service Quality (1.00); Guest Experience (0.98); Facilities & Amenities (0.98)
Donat hafiz,2024,5,layanan staf baru ramah2 semoga bisa kesini,KOMPETITOR,Bintang 4,BestWesternResortKuta-Bali,positive,0.9901561737060547,Service Quality,Service Quality (0.95); Guest Experience (0.94); Staff Conduct & Hospitality (0.92)
Maria Retnowu Landari,2016,4,nyaman bersih ramah deket dengan kuta pantai,KOMPETITOR,Bintang 4,BestWesternResortKuta-Bali,positive,0.9992635846138,Facilities & Amenities,"Facilities & Amenities (0.98); Cleanliness, Hygiene & Maintenance (0.97); Service Quality (0.97)"
pejuang halal,2024,5,Mantab bersih dan nyaman pelayan oke sekali,KOMPETITOR,Bintang 4,BestWesternResortKuta-Bali,positive,0.9991539716720581,Service Quality,"Service Quality (0.99); Guest Experience (0.99); Cleanliness, Hygiene & Maintenance (0.98)"
Fachri Ibnu Fadillah,2025,5,kualitas nya sangat bagus,KOMPETITOR,Bintang 4,BestWesternResortKuta-Bali,positive,0.9989907145500183,Sustainability & Environmental Quality,"Sustainability & Environmental Quality (0.84); Cleanliness, Hygiene & Maintenance (0.81); Service Quality (0.79)"
Riski sriyani,2025,5,tempat nya nyaman dn berkualitas,KOMPETITOR,Bintang 4,BestWesternResortKuta-Bali,positive,0.9994007349014282,Room Quality & Comfort,Room Quality & Comfort (1.00); Facilities & Amenities (0.98); Service Quality (0.92)
Itang Kresna,2024,5,karna tempatnya sangat keren pelayanan begitu ramah,KOMPETITOR,Bintang 4,BestWesternResortKuta-Bali,positive,0.9993544220924377,Guest Experience,Guest Experience (0.99); Service Quality (0.99); Facilities & Amenities (0.98)
erika melinda,2025,5,tempat terbaik nyaman dan bersih,KOMPETITOR,Bintang 4,BestWesternResortKuta-Bali,positive,0.9992285966873169,Room Quality & Comfort,"Room Quality & Comfort (0.99); Cleanliness, Hygiene & Maintenance (0.99); Facilities & Amenities (0.97)"
LAURENSIUS LODO TILIS,2024,5,hotelnya bagus dan nyaman,KOMPETITOR,Bintang 4,BestWesternResortKuta-Bali,positive,0.999301552772522,Room Quality & Comfort,Room Quality & Comfort (0.99); Facilities & Amenities (0.99); Service Quality (0.98)
Noru Bobby,2019,5,kamar bersih dan rapi pelayanan memuaskan,KOMPETITOR,Bintang 4,BestWesternResortKuta-Bali,positive,0.9992467164993286,Service Quality,"Service Quality (1.00); Cleanliness, Hygiene & Maintenance (1.00); Room Quality & Comfort (1.00)"
Anang Mairub,2025,5,pelayanan dan makanan oke,KOMPETITOR,Bintang 4,BestWesternResortKuta-Bali,positive,0.997378945350647,Service Quality,Service Quality (0.99); Facilities & Amenities (0.99); Staff Conduct & Hospitality (0.98)
bayu alams,2023,4,lumayan lah cuman banyak nyamuk,KOMPETITOR,Bintang 4,BestWesternResortKuta-Bali,negative,0.9983291029930115,Pricing & Value for Money,Pricing & Value for Money (0.43); Sustainability & Environmental Quality (0.34); Management & Policy Issues (0.32)
Gulem Sulami Dewi,2021,5,tempat yang nyaman dan akses kemana2 dekat,KOMPETITOR,Bintang 4,BestWesternResortKuta-Bali,positive,0.9994542002677917,Facilities & Amenities,Facilities & Amenities (0.99); Room Quality & Comfort (0.98); Service Efficiency & Responsiveness (0.90)
Steve17 Channel,2021,5,Lokasinya strategi di kuta bali tempatnya keren n bersih,KOMPETITOR,Bintang 4,BestWesternResortKuta-Bali,positive,0.999363124370575,"Cleanliness, Hygiene & Maintenance","Cleanliness, Hygiene & Maintenance (0.99); Sustainability & Environmental Quality (0.97); Service Quality (0.97)"
ryu dana,2025,5,kolam renang nya luas,KOMPETITOR,Bintang 4,BestWesternResortKuta-Bali,positive,0.9993419051170349,Facilities & Amenities,Facilities & Amenities (0.99); Cultural & Heritage Experience (0.91); Sustainability & Environmental Quality (0.91)
rieku ristyana,2020,4,Ya lumayan lah buat satu dua malam disini,KOMPETITOR,Bintang 4,BestWesternResortKuta-Bali,positive,0.9515507817268372,Room Quality & Comfort,Room Quality & Comfort (0.72); Pricing & Value for Money (0.70); Cultural & Heritage Experience (0.70)
Emi Hanafi,2020,5,kamar luas bersih dan nyaman deh,KOMPETITOR,Bintang 4,BestWesternResortKuta-Bali,positive,0.9993845224380493,Room Quality & Comfort,"Room Quality & Comfort (1.00); Cleanliness, Hygiene & Maintenance (0.98); Facilities & Amenities (0.98)"
Resha Ramadhania,2019,5,tempatnya bersih staf hotel ramah,KOMPETITOR,Bintang 4,BestWesternResortKuta-Bali,positive,0.9990707635879517,Service Quality,"Service Quality (1.00); Cleanliness, Hygiene & Maintenance (0.99); Staff Conduct & Hospitality (0.98)"
Yogi Pradivta,2023,5,pelayanan baik sarapan enak,KOMPETITOR,Bintang 4,BestWesternResortKuta-Bali,positive,0.9989460110664368,Service Quality,Service Quality (1.00); Guest Experience (1.00); Staff Conduct & Hospitality (0.98)
Aversa Park,2019,5,hotelnya murah nyaman aman,KOMPETITOR,Bintang 4,BestWesternResortKuta-Bali,positive,0.9994196891784668,Safety & Security,Safety & Security (0.99); Facilities & Amenities (0.91); Pricing & Value for Money (0.90)
Otewe Tours,2022,4,harga terjangkau lokasi tidak jauh dari pantai,KOMPETITOR,Bintang 4,BestWesternResortKuta-Bali,positive,0.9988622665405273,Pricing & Value for Money,Pricing & Value for Money (0.96); Facilities & Amenities (0.93); Sustainability & Environmental Quality (0.83)
Dedy Setiyawan,2024,5,pelayanan ramah lokasi strategis dan bersih,KOMPETITOR,Bintang 4,BestWesternResortKuta-Bali,positive,0.9993151426315308,"Cleanliness, Hygiene & Maintenance","Cleanliness, Hygiene & Maintenance (0.99); Service Quality (0.99); Facilities & Amenities (0.99)"
Devoy 08,2019,5,Suka banget sama kolam renang nya ada bar nya,KOMPETITOR,Bintang 4,BestWesternResortKuta-Bali,positive,0.9993653893470764,Facilities & Amenities,Facilities & Amenities (0.98); Sustainability & Environmental Quality (0.85); Service Quality (0.84)
santa aditya,2021,5,hotel nyaman 50 meter dari pesisir pantai,KOMPETITOR,Bintang 4,BestWesternResortKuta-Bali,positive,0.9992833733558655,Facilities & Amenities,Facilities & Amenities (0.90); Service Quality (0.86); Room Quality & Comfort (0.85)
Rafli Pongoliu Muhammad (Simple Harmony),2021,5,lg murah karena pandemi tpi tidak murahan top lah,KOMPETITOR,Bintang 4,BestWesternResortKuta-Bali,positive,0.991025984287262,Pricing & Value for Money,Pricing & Value for Money (0.82); Sustainability & Environmental Quality (0.59); Facilities & Amenities (0.51)
Sri Windi Asih,2023,5,enak kita disana di kasih kabar yang bagus terima kasih ya,KOMPETITOR,Bintang 4,BestWesternResortKuta-Bali,positive,0.9912093877792358,"Loyalty, Recommendation & Appreciation","Loyalty, Recommendation & Appreciation (0.71); Guest Experience (0.67); Cultural & Heritage Experience (0.64)"
Putra Suanjaya,2019,1,hotel nya kotor bagaikan bukan hotel,KOMPETITOR,Bintang 4,BestWesternResortKuta-Bali,negative,0.9994774460792542,Sustainability & Environmental Quality,Sustainability & Environmental Quality (0.44); Facilities & Amenities (0.39); Management & Policy Issues (0.37)
Agustin Choiriatunisa,2025,5,nyaman sekali,KOMPETITOR,Bintang 4,BestWesternResortKuta-Bali,positive,0.9964457154273987,Room Quality & Comfort,"Room Quality & Comfort (0.90); Cleanliness, Hygiene & Maintenance (0.84); Facilities & Amenities (0.83)"
Ayu Daton,2023,5,sarapan enak banyak pilihannya,KOMPETITOR,Bintang 4,BestWesternResortKuta-Bali,positive,0.9990285634994507,Food & Beverage,Food & Beverage (0.81); Service Quality (0.64); Family & Group Friendly (0.57)
Riza Triwibowo,2021,4,suasana nyaman dan kamar luas,KOMPETITOR,Bintang 4,BestWesternResortKuta-Bali,positive,0.9994226694107056,Room Quality & Comfort,Room Quality & Comfort (1.00); Facilities & Amenities (0.99); Ambience & Design (0.94)
Mirawati Purnomo,2019,4,hotel bagus nyaman dekat kuta,KOMPETITOR,Bintang 4,BestWesternResortKuta-Bali,positive,0.9991888403892517,Facilities & Amenities,Facilities & Amenities (0.90); Room Quality & Comfort (0.89); Service Quality (0.89)
Casmudi Vlog,2018,4,suasana semi ubud tempat yang asik dan nyaman untuk menginap,KOMPETITOR,Bintang 4,BestWesternResortKuta-Bali,positive,0.9991728663444519,Guest Experience,Guest Experience (0.96); Room Quality & Comfort (0.94); Facilities & Amenities (0.92)
Randi juli dwi Gagola,2022,5,Super ketat jadi merasa aman teruskan,KOMPETITOR,Bintang 4,BestWesternResortKuta-Bali,positive,0.9838913083076477,Safety & Security,"Safety & Security (0.96); Service Quality (0.82); Cleanliness, Hygiene & Maintenance (0.77)"
Giri Suryanto,2020,5,Salah satu hotel di kita dekat bandara dan lainnya,KOMPETITOR,Bintang 4,BestWesternResortKuta-Bali,positive,0.9978219270706177,Facilities & Amenities,"Facilities & Amenities (0.77); Sustainability & Environmental Quality (0.76); Loyalty, Recommendation & Appreciation (0.69)"
Fitri Avrilli,2020,3,makananya kurang kamarnya kurang bersih,KOMPETITOR,Bintang 4,BestWesternResortKuta-Bali,negative,0.9966084957122803,Facilities & Amenities,Facilities & Amenities (0.84); Guest Experience (0.69); Sustainability & Environmental Quality (0.69)
Adi Andriawan,2022,5,bersih nyaman layanan oke mantap,KOMPETITOR,Bintang 4,BestWesternResortKuta-Bali,positive,0.9994533658027649,Service Quality,"Service Quality (1.00); Facilities & Amenities (0.98); Cleanliness, Hygiene & Maintenance (0.98)"
Nyoman Surata,2016,5,Saya suka dengan staf layanan nya dan pemilik juga terima kasih,KOMPETITOR,Bintang 4,BestWesternResortKuta-Bali,positive,0.9988508224487305,Service Quality,Service Quality (0.99); Facilities & Amenities (0.99); Guest Experience (0.97)
DANZ STORE,2025,5,beh spek gg bro,KOMPETITOR,Bintang 4,BestWesternResortKuta-Bali,negative,0.995764970779419,"Cleanliness, Hygiene & Maintenance","Cleanliness, Hygiene & Maintenance (0.79); Guest Experience (0.68); Sustainability & Environmental Quality (0.65)"
Makan Mieenaq,2023,5,pelayanannya oke tempatnya nyaman,KOMPETITOR,Bintang 4,BestWesternResortKuta-Bali,positive,0.9993103742599487,Service Quality,Service Quality (0.99); Room Quality & Comfort (0.98); Facilities & Amenities (0.98)
Agustinus Eldo,2025,5,makanan enak layanan ramah,KOMPETITOR,Bintang 4,BestWesternResortKuta-Bali,positive,0.9970380067825317,Guest Experience,Guest Experience (0.99); Service Quality (0.99); Staff Conduct & Hospitality (0.97)
Agung Arioka,2023,5,sangat memuaskan dan layanan yang diberikan baik,KOMPETITOR,Bintang 4,BestWesternResortKuta-Bali,positive,0.9953592419624329,Service Quality,Service Quality (1.00); Facilities & Amenities (0.98); Guest Experience (0.98)
Beta Widhiarso,2019,5,tempatnya enak dkat pantai bandara,KOMPETITOR,Bintang 4,BestWesternResortKuta-Bali,positive,0.9992233514785767,Facilities & Amenities,Facilities & Amenities (0.97); Food & Beverage (0.91); Room Quality & Comfort (0.88)
Kelas DAB,2023,5,banyak yang strategis minimart depan hotel,KOMPETITOR,Bintang 4,BestWesternResortKuta-Bali,positive,0.9871017932891846,Facilities & Amenities,"Facilities & Amenities (0.84); Location, Accessibility & Parking (0.70); Sustainability & Environmental Quality (0.58)"
Nisa Nisaaa,2025,5,pasti langganan tempat nyaman,KOMPETITOR,Bintang 4,BestWesternResortKuta-Bali,positive,0.9994297623634338,Room Quality & Comfort,"Room Quality & Comfort (0.99); Guest Experience (0.96); Loyalty, Recommendation & Appreciation (0.94)"
Danny Sudjono,2019,5,hotel di bali yang bagus banget untuk beristirahat,KOMPETITOR,Bintang 4,BestWesternResortKuta-Bali,positive,0.9991092085838318,Facilities & Amenities,"Facilities & Amenities (0.85); Service Quality (0.80); Loyalty, Recommendation & Appreciation (0.77)"
Adlan Anshor Hasibuan,2021,5,mantap dan nyaman dekat ke pantai dan kemana mana mana,KOMPETITOR,Bintang 4,BestWesternResortKuta-Bali,positive,0.9993960857391357,Facilities & Amenities,Facilities & Amenities (0.99); Room Quality & Comfort (0.97); Service Quality (0.95)
Made widiane Widiane,2024,5,tempatnya bagus bersih pokoknya rekomendasiinya disini,KOMPETITOR,Bintang 4,BestWesternResortKuta-Bali,positive,0.9991844296455383,"Cleanliness, Hygiene & Maintenance","Cleanliness, Hygiene & Maintenance (0.98); Facilities & Amenities (0.97); Room Quality & Comfort (0.93)"
robert sutanto,2020,5,bagus hotelnya makan sepuasnya,KOMPETITOR,Bintang 4,BestWesternResortKuta-Bali,positive,0.9991242289543152,Food & Beverage,Food & Beverage (0.99); Service Quality (0.97); Guest Experience (0.96)
Nurdin NTOP,2020,5,fasilitas yang lengkat dengan kamar yang nyaman,KOMPETITOR,Bintang 4,BestWesternResortKuta-Bali,positive,0.9989884495735168,Room Quality & Comfort,Room Quality & Comfort (0.98); Facilities & Amenities (0.94); Guest Experience (0.90)
wbike rental,2021,5,bagus banget asri nyaman recomend banget,KOMPETITOR,Bintang 4,BestWesternResortKuta-Bali,positive,0.9992990493774414,Facilities & Amenities,"Facilities & Amenities (0.93); Room Quality & Comfort (0.91); Cleanliness, Hygiene & Maintenance (0.88)"
Hoding Casthanyo,2024,5,baik aman dan nyaman,KOMPETITOR,Bintang 4,BestWesternResortKuta-Bali,positive,0.9990450739860535,Safety & Security,Safety & Security (0.99); Facilities & Amenities (0.97); Room Quality & Comfort (0.95)
astrid luthfita,2024,5,hotelnya nyaman,KOMPETITOR,Bintang 4,BestWesternResortKuta-Bali,positive,0.9990708827972412,Service Quality,"Service Quality (0.99); Room Quality & Comfort (0.98); Cleanliness, Hygiene & Maintenance (0.97)"
Nindia Claudia,2024,5,Lokasinya deket dari pantai kuta,KOMPETITOR,Bintang 4,BestWesternResortKuta-Bali,positive,0.9993510842323303,Facilities & Amenities,Facilities & Amenities (0.98); Sustainability & Environmental Quality (0.90); Cultural & Heritage Experience (0.87)
Ida Farida,2024,5,bawa teman dari jkt kesini lg,KOMPETITOR,Bintang 4,BestWesternResortKuta-Bali,neutral,0.9276442527770996,"Cleanliness, Hygiene & Maintenance","Cleanliness, Hygiene & Maintenance (0.69); Loyalty, Recommendation & Appreciation (0.68); Guest Experience (0.64)"
Nyoman rini,2023,5,kamarnya nyamann,KOMPETITOR,Bintang 4,BestWesternResortKuta-Bali,positive,0.9991432428359985,Guest Experience,"Guest Experience (0.84); Cleanliness, Hygiene & Maintenance (0.84); Service Quality (0.80)"
Kalz Elite,2025,5,tempatnya nya sangat baegus,KOMPETITOR,Bintang 4,BestWesternResortKuta-Bali,positive,0.9974244832992554,Facilities & Amenities,"Facilities & Amenities (0.63); Religious & Halal Features (0.60); Location, Accessibility & Parking (0.57)"
Komang Puspita,2018,5,tempat yang enak dan aku tinggal di dekat daerah sana,KOMPETITOR,Bintang 4,BestWesternResortKuta-Bali,positive,0.999077558517456,Facilities & Amenities,Facilities & Amenities (0.99); Room Quality & Comfort (0.97); Food & Beverage (0.96)
CHIQUITA WILSON,2024,5,makanan nya enak,KOMPETITOR,Bintang 4,BestWesternResortKuta-Bali,positive,0.9980619549751282,Cultural & Heritage Experience,"Cultural & Heritage Experience (0.88); Sustainability & Environmental Quality (0.88); Loyalty, Recommendation & Appreciation (0.87)"
Nemo The Explorer,2023,5,sangat nyaman staf ramah,KOMPETITOR,Bintang 4,BestWesternResortKuta-Bali,positive,0.9973207116127014,Guest Experience,Guest Experience (0.97); Staff Conduct & Hospitality (0.97); Service Quality (0.96)
Agung Wijaya,2025,5,Bagus sekali,KOMPETITOR,Bintang 4,BestWesternResortKuta-Bali,positive,0.9766210317611694,"Cleanliness, Hygiene & Maintenance","Cleanliness, Hygiene & Maintenance (0.92); Facilities & Amenities (0.89); Sustainability & Environmental Quality (0.79)"
i putu Pas Setiana,2019,5,kolamnya yang bikin saya suka,KOMPETITOR,Bintang 4,BestWesternResortKuta-Bali,positive,0.9983388185501099,Facilities & Amenities,"Facilities & Amenities (0.99); Cultural & Heritage Experience (0.86); Cleanliness, Hygiene & Maintenance (0.83)"
Kiki Kuswanto,2019,5,keren fasilitas dan ruangannya bikin enjoy,KOMPETITOR,Bintang 4,BestWesternResortKuta-Bali,positive,0.9989896416664124,Facilities & Amenities,Facilities & Amenities (0.99); Ambience & Design (0.99); Room Quality & Comfort (0.97)
Fransisca Krisna,2020,5,nyaman dan masakannya enak,KOMPETITOR,Bintang 4,BestWesternResortKuta-Bali,positive,0.999372661113739,Facilities & Amenities,"Facilities & Amenities (0.99); Room Quality & Comfort (0.96); Cleanliness, Hygiene & Maintenance (0.95)"
Charles Andrian,2021,4,bersih dan nyaman kamar nya,KOMPETITOR,Bintang 4,BestWesternResortKuta-Bali,positive,0.9988095760345459,Room Quality & Comfort,"Room Quality & Comfort (1.00); Cleanliness, Hygiene & Maintenance (0.98); Facilities & Amenities (0.96)"
Arya Bagas,2020,5,Sangat dianjurkan karena bagus dan bersih,KOMPETITOR,Bintang 4,BestWesternResortKuta-Bali,positive,0.9990072846412659,"Cleanliness, Hygiene & Maintenance","Cleanliness, Hygiene & Maintenance (0.99); Service Quality (0.96); Sustainability & Environmental Quality (0.95)"
Yunda Prastini,2023,5,Pengalaman seru banget bisa kesinii,KOMPETITOR,Bintang 4,BestWesternResortKuta-Bali,positive,0.9993324875831604,Cultural & Heritage Experience,Cultural & Heritage Experience (0.66); Check in/out Experience (0.64); Sustainability & Environmental Quality (0.59)
Yoel adrian,2019,5,Sangat bagus dan sesuai dengan ekspetasi,KOMPETITOR,Bintang 4,BestWesternResortKuta-Bali,positive,0.997426450252533,Facilities & Amenities,Facilities & Amenities (0.81); Sustainability & Environmental Quality (0.77); Service Quality (0.76)
Khen,2025,4,bagus dan puas,KOMPETITOR,Bintang 4,BestWesternResortKuta-Bali,positive,0.9982677698135376,"Loyalty, Recommendation & Appreciation","Loyalty, Recommendation & Appreciation (0.95); Sustainability & Environmental Quality (0.86); Facilities & Amenities (0.86)"
Leonard Matondang,2018,3,staf hotel kurang ramah,KOMPETITOR,Bintang 4,BestWesternResortKuta-Bali,negative,0.999291181564331,Guest Experience,Guest Experience (0.68); Facilities & Amenities (0.59); Management & Policy Issues (0.57)
Andy Dwi,2025,5,tempatnya nyaman,KOMPETITOR,Bintang 4,BestWesternResortKuta-Bali,positive,0.9994252920150757,Room Quality & Comfort,"Room Quality & Comfort (0.99); Facilities & Amenities (0.94); Cleanliness, Hygiene & Maintenance (0.89)"
Zaini Ashari,2020,5,hotel bersih dan nyaman,KOMPETITOR,Bintang 4,BestWesternResortKuta-Bali,positive,0.9993475079536438,Room Quality & Comfort,"Room Quality & Comfort (0.99); Cleanliness, Hygiene & Maintenance (0.98); Service Quality (0.98)"
rinjani kecil,2018,5,T4 yang nyaman dan pegawainya ramah,KOMPETITOR,Bintang 4,BestWesternResortKuta-Bali,positive,0.9987080097198486,Staff Conduct & Hospitality,Staff Conduct & Hospitality (0.99); Facilities & Amenities (0.98); Room Quality & Comfort (0.98)
Wisnu Nugraha,2021,5,nyaman deket sama pantai,KOMPETITOR,Bintang 4,BestWesternResortKuta-Bali,positive,0.9992637038230896,Facilities & Amenities,"Facilities & Amenities (0.96); Cleanliness, Hygiene & Maintenance (0.96); Room Quality & Comfort (0.94)"
mas bro,2020,5,Resort tapi jauh dari pantai,KOMPETITOR,Bintang 4,BestWesternResortKuta-Bali,positive,0.9183094501495361,Facilities & Amenities,Facilities & Amenities (0.94); Guest Experience (0.81); Pricing & Value for Money (0.79)
Suhartono,2018,3,tempat yang cukup strategis,KOMPETITOR,Bintang 4,BestWesternResortKuta-Bali,positive,0.997058629989624,Facilities & Amenities,Facilities & Amenities (0.83); Sustainability & Environmental Quality (0.78); Safety & Security (0.76)
Muhamad Sidiq,2019,4,kamarnya luas,KOMPETITOR,Bintang 4,BestWesternResortKuta-Bali,positive,0.9964293837547302,Facilities & Amenities,Facilities & Amenities (0.96); Guest Experience (0.87); Sustainability & Environmental Quality (0.81)
Don Jimmy,2025,4,nyaman,KOMPETITOR,Bintang 4,BestWesternResortKuta-Bali,positive,0.983562171459198,"Cleanliness, Hygiene & Maintenance","Cleanliness, Hygiene & Maintenance (0.72); Sustainability & Environmental Quality (0.65); Guest Experience (0.60)"
Farah Kawakib,2019,5,bersih nyaman makanannya enak,KOMPETITOR,Bintang 4,BestWesternResortKuta-Bali,positive,0.9993541836738586,Facilities & Amenities,"Facilities & Amenities (0.98); Cleanliness, Hygiene & Maintenance (0.98); Room Quality & Comfort (0.97)"
Fidrayan Adi Kristiyono,2024,5,tempat strategis dengan minimmarket,KOMPETITOR,Bintang 4,BestWesternResortKuta-Bali,positive,0.744006872177124,Facilities & Amenities,Facilities & Amenities (0.88); Pricing & Value for Money (0.82); Sustainability & Environmental Quality (0.74)
Abdul Hafid,2018,1,pelayanan yang buruk dan kurang bersih,KOMPETITOR,Bintang 4,BestWesternResortKuta-Bali,negative,0.9994331002235413,Guest Experience,Guest Experience (0.96); Facilities & Amenities (0.72); Check in/out Experience (0.67)
abang adam,2024,5,hotel sangat nyaman,KOMPETITOR,Bintang 4,BestWesternResortKuta-Bali,positive,0.999302864074707,Service Quality,Service Quality (0.97); Room Quality & Comfort (0.97); Facilities & Amenities (0.97)
Toyib Nasrulloh Pt nufarm,2019,4,Oke lah,KOMPETITOR,Bintang 4,BestWesternResortKuta-Bali,positive,0.7733758687973022,"Cleanliness, Hygiene & Maintenance","Cleanliness, Hygiene & Maintenance (0.81); Sustainability & Environmental Quality (0.70); Facilities & Amenities (0.68)"
Septya daya sukmana,2019,3,kamar bau,KOMPETITOR,Bintang 4,BestWesternResortKuta-Bali,negative,0.974609911441803,Ambience & Design,"Ambience & Design (0.94); Facilities & Amenities (0.94); Cleanliness, Hygiene & Maintenance (0.93)"
Sisil leo,2019,5,mantap hotel nya,KOMPETITOR,Bintang 4,BestWesternResortKuta-Bali,positive,0.9991401433944702,Service Quality,Service Quality (0.98); Facilities & Amenities (0.93); Sustainability & Environmental Quality (0.85)
pinz emlit,2025,5,bagus,KOMPETITOR,Bintang 4,BestWesternResortKuta-Bali,positive,0.9980923533439636,"Cleanliness, Hygiene & Maintenance","Cleanliness, Hygiene & Maintenance (0.91); Facilities & Amenities (0.89); Sustainability & Environmental Quality (0.82)"
Rudi Siregar,2023,5,kolamnya keren,KOMPETITOR,Bintang 4,BestWesternResortKuta-Bali,positive,0.9953274726867676,Facilities & Amenities,Facilities & Amenities (0.99); Ambience & Design (0.94); Cultural & Heritage Experience (0.91)
Sharasto Nu,2021,5,nyaman tempatnya,KOMPETITOR,Bintang 4,BestWesternResortKuta-Bali,positive,0.9985883831977844,Room Quality & Comfort,"Room Quality & Comfort (0.99); Facilities & Amenities (0.95); Cleanliness, Hygiene & Maintenance (0.85)"
Frederik Dony Sangkia,2018,5,Aku suka tempat ini sekali,KOMPETITOR,Bintang 4,BestWesternResortKuta-Bali,positive,0.998839795589447,Facilities & Amenities,Facilities & Amenities (0.99); Guest Experience (0.94); Room Quality & Comfort (0.94)
Nanang Tjatoer Wardana,2019,4,top dah,KOMPETITOR,Bintang 4,BestWesternResortKuta-Bali,positive,0.9512184262275696,"Cleanliness, Hygiene & Maintenance","Cleanliness, Hygiene & Maintenance (0.92); Facilities & Amenities (0.89); Sustainability & Environmental Quality (0.77)"
Bambang Krissusanto,2024,5,enak tempatnya,KOMPETITOR,Bintang 4,BestWesternResortKuta-Bali,positive,0.998489260673523,Room Quality & Comfort,Room Quality & Comfort (0.99); Facilities & Amenities (0.98); Cultural & Heritage Experience (0.88)
Ketut Widyantari,2023,5,untuk hotel mantap,KOMPETITOR,Bintang 4,BestWesternResortKuta-Bali,positive,0.9988479614257812,Service Quality,Service Quality (0.98); Room Quality & Comfort (0.93); Facilities & Amenities (0.91)
Fathor Rahman,2021,5,berada di jln kubu anyar kuta,KOMPETITOR,Bintang 4,BestWesternResortKuta-Bali,neutral,0.9761866331100464,Sustainability & Environmental Quality,Sustainability & Environmental Quality (0.76); Safety & Security (0.74); Religious & Halal Features (0.66)
devid evendi,2018,5,Bagus banyak menyenangkan,KOMPETITOR,Bintang 4,BestWesternResortKuta-Bali,positive,0.9988980293273926,Facilities & Amenities,Facilities & Amenities (0.82); Cultural & Heritage Experience (0.81); Family & Group Friendly (0.79)
Anggit Adi Nugroho,2023,5,pelayananya memuaskan,KOMPETITOR,Bintang 4,BestWesternResortKuta-Bali,positive,0.9986529350280762,"Cleanliness, Hygiene & Maintenance","Cleanliness, Hygiene & Maintenance (0.92); Service Quality (0.90); Sustainability & Environmental Quality (0.83)"
Muhammad Ashfar Salim,2024,5,bagus dan nyaman,KOMPETITOR,Bintang 4,BestWesternResortKuta-Bali,positive,0.9992082715034485,Room Quality & Comfort,"Room Quality & Comfort (0.98); Facilities & Amenities (0.97); Cleanliness, Hygiene & Maintenance (0.89)"
Maylafaizah Arifiansyah,2019,5,nyaman dan murah,KOMPETITOR,Bintang 4,BestWesternResortKuta-Bali,positive,0.9990662932395935,Pricing & Value for Money,"Pricing & Value for Money (0.95); Facilities & Amenities (0.87); Cleanliness, Hygiene & Maintenance (0.77)"
arief susandi Sampurna,2021,5,bersih dan nyaman,KOMPETITOR,Bintang 4,BestWesternResortKuta-Bali,positive,0.9993149042129517,Room Quality & Comfort,"Room Quality & Comfort (0.98); Cleanliness, Hygiene & Maintenance (0.96); Facilities & Amenities (0.95)"
Ikeputry tama,2020,5,terbaik,KOMPETITOR,Bintang 4,BestWesternResortKuta-Bali,positive,0.9972461462020874,"Cleanliness, Hygiene & Maintenance","Cleanliness, Hygiene & Maintenance (0.94); Facilities & Amenities (0.91); Sustainability & Environmental Quality (0.82)"
Laundry Expres,2022,3,sepi karna pandemi,KOMPETITOR,Bintang 4,BestWesternResortKuta-Bali,negative,0.9990298748016357,Pricing & Value for Money,Pricing & Value for Money (0.71); Facilities & Amenities (0.69); Sustainability & Environmental Quality (0.48)
Ignasius Darmawan,2024,5,siap dilayani dengan baik,KOMPETITOR,Bintang 4,BestWesternResortKuta-Bali,positive,0.9926490187644958,Service Quality,Service Quality (0.99); Guest Experience (0.97); Service Efficiency & Responsiveness (0.93)
H. Arsyad H. Ishaka,2019,2,biasa2 saja tak ada yang istimewa,KOMPETITOR,Bintang 4,BestWesternResortKuta-Bali,negative,0.9941814541816711,Food & Beverage,Food & Beverage (0.54); Pricing & Value for Money (0.52); Check in/out Experience (0.38)
khesyah kenzie asmarini,2019,5,bersih tempatnya,KOMPETITOR,Bintang 4,BestWesternResortKuta-Bali,positive,0.9985670447349548,"Cleanliness, Hygiene & Maintenance","Cleanliness, Hygiene & Maintenance (0.94); Facilities & Amenities (0.94); Room Quality & Comfort (0.93)"
Yahya Nanda Khurniawan,2023,5,tempat yang nyaman dan santai,KOMPETITOR,Bintang 4,BestWesternResortKuta-Bali,positive,0.9986464381217957,Room Quality & Comfort,Room Quality & Comfort (0.99); Facilities & Amenities (0.93); Family & Group Friendly (0.92)
pisang keju denpasar,2018,3,Raja milagros pernah kesono,KOMPETITOR,Bintang 4,BestWesternResortKuta-Bali,neutral,0.9931944608688354,Personalized & Special Services,Personalized & Special Services (0.73); Facilities & Amenities (0.70); Pricing & Value for Money (0.68)
Anpretz Randidofi,2019,4,tempatnya biasa dari luar,KOMPETITOR,Bintang 4,BestWesternResortKuta-Bali,positive,0.9848485589027405,Facilities & Amenities,"Facilities & Amenities (0.86); Cleanliness, Hygiene & Maintenance (0.65); Sustainability & Environmental Quality (0.52)"
Wayae Wayae,2025,5,bagus,KOMPETITOR,Bintang 4,BestWesternResortKuta-Bali,positive,0.9980923533439636,"Cleanliness, Hygiene & Maintenance","Cleanliness, Hygiene & Maintenance (0.91); Facilities & Amenities (0.89); Sustainability & Environmental Quality (0.82)"
Ferry Ferdian,2018,4,indah suasana malam,KOMPETITOR,Bintang 4,BestWesternResortKuta-Bali,positive,0.9989307522773743,"Cleanliness, Hygiene & Maintenance","Cleanliness, Hygiene & Maintenance (0.95); Facilities & Amenities (0.94); Cultural & Heritage Experience (0.88)"
Adiyanto Beben,2021,5,bagus,KOMPETITOR,Bintang 4,BestWesternResortKuta-Bali,positive,0.9980923533439636,"Cleanliness, Hygiene & Maintenance","Cleanliness, Hygiene & Maintenance (0.91); Facilities & Amenities (0.90); Sustainability & Environmental Quality (0.82)"
Adi Mastis,2019,3,parkirnya sempit,KOMPETITOR,Bintang 4,BestWesternResortKuta-Bali,negative,0.9759432673454285,"Location, Accessibility & Parking","Location, Accessibility & Parking (0.97); Facilities & Amenities (0.95); Sustainability & Environmental Quality (0.74)"
Adi Panca (Chanel Official),2018,5,deket daerah kuta,KOMPETITOR,Bintang 4,BestWesternResortKuta-Bali,positive,0.9949110150337219,Facilities & Amenities,"Facilities & Amenities (0.93); Cleanliness, Hygiene & Maintenance (0.86); Sustainability & Environmental Quality (0.82)"
Ibe Is Me,2022,5,tempatnya sangat bagus,KOMPETITOR,Bintang 4,BestWesternResortKuta-Bali,positive,0.9985117316246033,Room Quality & Comfort,"Room Quality & Comfort (0.99); Facilities & Amenities (0.99); Cleanliness, Hygiene & Maintenance (0.93)"
Henry Mano,2020,4,masih kurang perawatan,KOMPETITOR,Bintang 4,BestWesternResortKuta-Bali,negative,0.9990819692611694,Sustainability & Environmental Quality,Sustainability & Environmental Quality (0.59); Facilities & Amenities (0.51); Management & Policy Issues (0.39)
Hendra Kornelius,2020,5,bersih dan nyaman,KOMPETITOR,Bintang 4,BestWesternResortKuta-Bali,positive,0.9993149042129517,Room Quality & Comfort,"Room Quality & Comfort (0.98); Cleanliness, Hygiene & Maintenance (0.96); Facilities & Amenities (0.95)"
ivonne Kisna,2024,5,Bagus semua,KOMPETITOR,Bintang 4,BestWesternResortKuta-Bali,positive,0.9979559183120728,"Cleanliness, Hygiene & Maintenance","Cleanliness, Hygiene & Maintenance (0.89); Facilities & Amenities (0.88); Sustainability & Environmental Quality (0.83)"
Rudy indrawan,2022,5,murah,KOMPETITOR,Bintang 4,BestWesternResortKuta-Bali,positive,0.9975923895835876,Facilities & Amenities,"Facilities & Amenities (0.79); Cleanliness, Hygiene & Maintenance (0.78); Pricing & Value for Money (0.77)"
Bagas Woro Putro,2020,1,Begitulah adanya,KOMPETITOR,Bintang 4,BestWesternResortKuta-Bali,negative,0.6654028296470642,"Cleanliness, Hygiene & Maintenance","Cleanliness, Hygiene & Maintenance (0.85); Facilities & Amenities (0.75); Sustainability & Environmental Quality (0.73)"
arief prasetiyo,2024,4,ekonomi,KOMPETITOR,Bintang 4,BestWesternResortKuta-Bali,positive,0.9980465173721313,Pricing & Value for Money,"Pricing & Value for Money (0.91); Facilities & Amenities (0.70); Cleanliness, Hygiene & Maintenance (0.66)"
Boyy Bandd,2022,5,berada di jl benesari kuta,KOMPETITOR,Bintang 4,BestWesternResortKuta-Bali,positive,0.9390910267829895,Safety & Security,Safety & Security (0.72); Sustainability & Environmental Quality (0.69); Religious & Halal Features (0.67)
Ida Bagus Gede Gunadi,2018,4,bagus sangat membantu,KOMPETITOR,Bintang 4,BestWesternResortKuta-Bali,positive,0.9818804264068604,Service Quality,"Service Quality (0.93); Facilities & Amenities (0.90); Cleanliness, Hygiene & Maintenance (0.85)"
KARMAN KLIK BANGGAI,2020,5,mewah melihatya keren,KOMPETITOR,Bintang 4,BestWesternResortKuta-Bali,positive,0.6372367739677429,Cultural & Heritage Experience,Cultural & Heritage Experience (0.83); Sustainability & Environmental Quality (0.74); Facilities & Amenities (0.71)
Anda Andi,2023,1,kurang bersih,KOMPETITOR,Bintang 4,BestWesternResortKuta-Bali,negative,0.9989039897918701,Sustainability & Environmental Quality,Sustainability & Environmental Quality (0.41); Management & Policy Issues (0.38); Food & Beverage (0.37)
Roni Wibiharto,2018,5,tempat nginap yang nyaman,KOMPETITOR,Bintang 4,BestWesternResortKuta-Bali,positive,0.9993910789489746,Room Quality & Comfort,Room Quality & Comfort (0.96); Service Quality (0.93); Facilities & Amenities (0.93)
Dinny Octaviane Wasistya,2019,5,Lumayam buat nyari hawa,KOMPETITOR,Bintang 4,BestWesternResortKuta-Bali,positive,0.7959854602813721,Sustainability & Environmental Quality,Sustainability & Environmental Quality (0.81); Religious & Halal Features (0.78); Pricing & Value for Money (0.70)
Ferry Goenawan,2021,5,Ho oh banget,KOMPETITOR,Bintang 4,BestWesternResortKuta-Bali,negative,0.9985711574554443,"Cleanliness, Hygiene & Maintenance","Cleanliness, Hygiene & Maintenance (0.75); Sustainability & Environmental Quality (0.69); Facilities & Amenities (0.64)"
Monkey D,2021,5,Ya sangat mengesankan,KOMPETITOR,Bintang 4,BestWesternResortKuta-Bali,positive,0.9610707759857178,Facilities & Amenities,"Facilities & Amenities (0.84); Cultural & Heritage Experience (0.74); Cleanliness, Hygiene & Maintenance (0.69)"
Buk Kartini,2022,5,Hari ini sangat sangat susa,KOMPETITOR,Bintang 4,BestWesternResortKuta-Bali,positive,0.9950220584869385,Pricing & Value for Money,Pricing & Value for Money (0.73); Facilities & Amenities (0.69); Digital Connectivity & Technology (0.60)
Novi Indrawati,2021,5,tempatnya nyaman,KOMPETITOR,Bintang 4,BestWesternResortKuta-Bali,positive,0.9994252920150757,Room Quality & Comfort,"Room Quality & Comfort (0.99); Facilities & Amenities (0.94); Cleanliness, Hygiene & Maintenance (0.89)"
"Adi Safei,82",2019,5,tempatnya bagus nyaman,KOMPETITOR,Bintang 4,BestWesternResortKuta-Bali,positive,0.9993811845779419,Room Quality & Comfort,Room Quality & Comfort (1.00); Facilities & Amenities (0.98); Guest Experience (0.88)
Imam Al-Qusairy,2024,5,mantap,KOMPETITOR,Bintang 4,BestWesternResortKuta-Bali,positive,0.999182403087616,"Cleanliness, Hygiene & Maintenance","Cleanliness, Hygiene & Maintenance (0.93); Facilities & Amenities (0.89); Sustainability & Environmental Quality (0.74)"
Dewa Astika,2024,5,sarapan lengkap,KOMPETITOR,Bintang 4,BestWesternResortKuta-Bali,positive,0.9966082572937012,Facilities & Amenities,Facilities & Amenities (0.92); Food & Beverage (0.90); Sustainability & Environmental Quality (0.85)
Sudiartini Pika,2021,5,nyaman ramah,KOMPETITOR,Bintang 4,BestWesternResortKuta-Bali,positive,0.9986498951911926,Service Quality,Service Quality (0.93); Guest Experience (0.92); Staff Conduct & Hospitality (0.87)
Dodoy Dodoy,2022,5,enak dan nyaman,KOMPETITOR,Bintang 4,BestWesternResortKuta-Bali,positive,0.9992923736572266,Facilities & Amenities,"Facilities & Amenities (0.97); Room Quality & Comfort (0.96); Cleanliness, Hygiene & Maintenance (0.87)"
Mila Kaswari,2019,5,Tempat itu sangat bagus,KOMPETITOR,Bintang 4,BestWesternResortKuta-Bali,positive,0.9978823065757751,Facilities & Amenities,"Facilities & Amenities (0.98); Room Quality & Comfort (0.97); Cleanliness, Hygiene & Maintenance (0.91)"
Ayla Agneszia,2023,5,Hotel dikuta yang direkomendasikan,KOMPETITOR,Bintang 4,BestWesternResortKuta-Bali,positive,0.9852065443992615,Sustainability & Environmental Quality,"Sustainability & Environmental Quality (0.86); Cleanliness, Hygiene & Maintenance (0.86); Facilities & Amenities (0.83)"
Bisme,2019,2,kamarmandinya bau,KOMPETITOR,Bintang 4,BestWesternResortKuta-Bali,negative,0.9989418387413025,Facilities & Amenities,"Facilities & Amenities (0.94); Ambience & Design (0.91); Cleanliness, Hygiene & Maintenance (0.79)"
Adelina Adel,2019,5,kue tempatnya,KOMPETITOR,Bintang 4,BestWesternResortKuta-Bali,positive,0.9991187453269958,Facilities & Amenities,Facilities & Amenities (0.96); Food & Beverage (0.96); Cultural & Heritage Experience (0.80)
MDW STICKER,2019,1,pemasangan tangki lpg,KOMPETITOR,Bintang 4,BestWesternResortKuta-Bali,neutral,0.9957135915756226,Sustainability & Environmental Quality,Sustainability & Environmental Quality (0.86); Facilities & Amenities (0.81); Personalized & Special Services (0.81)
Tomi Plur99,2025,5,tempat nyaman,KOMPETITOR,Bintang 4,BestWesternResortKuta-Bali,positive,0.9993715882301331,Room Quality & Comfort,"Room Quality & Comfort (0.99); Facilities & Amenities (0.93); Cleanliness, Hygiene & Maintenance (0.92)"
Bintang Putera,2023,5,nyaman,KOMPETITOR,Bintang 4,BestWesternResortKuta-Bali,positive,0.983553409576416,"Cleanliness, Hygiene & Maintenance","Cleanliness, Hygiene & Maintenance (0.72); Sustainability & Environmental Quality (0.65); Guest Experience (0.60)"
Hafid Efendi,2021,5,mantap,KOMPETITOR,Bintang 4,BestWesternResortKuta-Bali,positive,0.999182403087616,"Cleanliness, Hygiene & Maintenance","Cleanliness, Hygiene & Maintenance (0.93); Facilities & Amenities (0.89); Sustainability & Environmental Quality (0.74)"
fajri rafiqi,2021,5,sangat puaas,KOMPETITOR,Bintang 4,BestWesternResortKuta-Bali,positive,0.9986157417297363,Facilities & Amenities,Facilities & Amenities (0.80); Service Quality (0.76); Pricing & Value for Money (0.73)
Mardian Sosial,2020,5,rekomend untuk tetap masuk kuta,KOMPETITOR,Bintang 4,BestWesternResortKuta-Bali,positive,0.9990744590759277,"Loyalty, Recommendation & Appreciation","Loyalty, Recommendation & Appreciation (0.89); Religious & Halal Features (0.73); Cultural & Heritage Experience (0.71)"
ratna juwita,2018,5,daerah kuta harga murah,KOMPETITOR,Bintang 4,BestWesternResortKuta-Bali,positive,0.9992941617965698,Pricing & Value for Money,"Pricing & Value for Money (0.93); Facilities & Amenities (0.90); Cleanliness, Hygiene & Maintenance (0.81)"
Rosida Andrayana,2021,3,bagus,KOMPETITOR,Bintang 4,BestWesternResortKuta-Bali,positive,0.9980923533439636,"Cleanliness, Hygiene & Maintenance","Cleanliness, Hygiene & Maintenance (0.91); Facilities & Amenities (0.90); Sustainability & Environmental Quality (0.82)"
Edvieanto Edvi,2019,2,kurang mantap,KOMPETITOR,Bintang 4,BestWesternResortKuta-Bali,negative,0.9955453872680664,Management & Policy Issues,Management & Policy Issues (0.42); Pricing & Value for Money (0.42); Food & Beverage (0.35)
Abdi,2020,4,bagus,KOMPETITOR,Bintang 4,BestWesternResortKuta-Bali,positive,0.9981029033660889,"Cleanliness, Hygiene & Maintenance","Cleanliness, Hygiene & Maintenance (0.91); Facilities & Amenities (0.90); Sustainability & Environmental Quality (0.82)"
Nirwana Harta,2021,4,mentap,KOMPETITOR,Bintang 4,BestWesternResortKuta-Bali,neutral,0.8781191110610962,Facilities & Amenities,"Facilities & Amenities (0.82); Management & Policy Issues (0.72); Cleanliness, Hygiene & Maintenance (0.68)"
KHOZAIDI,2020,5,indah,KOMPETITOR,Bintang 4,BestWesternResortKuta-Bali,positive,0.9991075396537781,"Cleanliness, Hygiene & Maintenance","Cleanliness, Hygiene & Maintenance (0.91); Facilities & Amenities (0.81); Sustainability & Environmental Quality (0.71)"
Sila Yoga,2019,3,lumayan,KOMPETITOR,Bintang 4,BestWesternResortKuta-Bali,positive,0.9958890080451965,Facilities & Amenities,"Facilities & Amenities (0.78); Pricing & Value for Money (0.75); Cleanliness, Hygiene & Maintenance (0.74)"
teddy gunawan,2019,4,bagus,KOMPETITOR,Bintang 4,BestWesternResortKuta-Bali,positive,0.9981029033660889,"Cleanliness, Hygiene & Maintenance","Cleanliness, Hygiene & Maintenance (0.91); Facilities & Amenities (0.90); Sustainability & Environmental Quality (0.82)"
agus simanjuntak,2019,5,mantap,KOMPETITOR,Bintang 4,BestWesternResortKuta-Bali,positive,0.9991816878318787,"Cleanliness, Hygiene & Maintenance","Cleanliness, Hygiene & Maintenance (0.93); Facilities & Amenities (0.89); Sustainability & Environmental Quality (0.75)"
Selvy Only,2019,5,baguss,KOMPETITOR,Bintang 4,BestWesternResortKuta-Bali,positive,0.9979907274246216,"Cleanliness, Hygiene & Maintenance","Cleanliness, Hygiene & Maintenance (0.88); Facilities & Amenities (0.82); Sustainability & Environmental Quality (0.71)"
Heri Dimas Putra,2021,5,mantul,KOMPETITOR,Bintang 4,BestWesternResortKuta-Bali,negative,0.8061730861663818,"Cleanliness, Hygiene & Maintenance","Cleanliness, Hygiene & Maintenance (0.97); Facilities & Amenities (0.79); Pricing & Value for Money (0.76)"
Marantale Chanel,2019,5,Asri dan nyaman,KOMPETITOR,Bintang 4,BestWesternResortKuta-Bali,positive,0.9987550973892212,Room Quality & Comfort,"Room Quality & Comfort (0.98); Cleanliness, Hygiene & Maintenance (0.98); Facilities & Amenities (0.97)"
Diah Fitriani,2019,5,mantap,KOMPETITOR,Bintang 4,BestWesternResortKuta-Bali,positive,0.9991816878318787,"Cleanliness, Hygiene & Maintenance","Cleanliness, Hygiene & Maintenance (0.93); Facilities & Amenities (0.89); Sustainability & Environmental Quality (0.75)"
Kadek Yudhi Udayana Y.,2020,4,lumayan,KOMPETITOR,Bintang 4,BestWesternResortKuta-Bali,positive,0.9958890080451965,Facilities & Amenities,"Facilities & Amenities (0.78); Pricing & Value for Money (0.75); Cleanliness, Hygiene & Maintenance (0.74)"
Tri Suko Widiyanto,2019,3,nyaman,KOMPETITOR,Bintang 4,BestWesternResortKuta-Bali,positive,0.9836785197257996,"Cleanliness, Hygiene & Maintenance","Cleanliness, Hygiene & Maintenance (0.72); Sustainability & Environmental Quality (0.65); Guest Experience (0.60)"
Alvin Herdika Wibawa,2019,5,bagus,KOMPETITOR,Bintang 4,BestWesternResortKuta-Bali,positive,0.9981029033660889,"Cleanliness, Hygiene & Maintenance","Cleanliness, Hygiene & Maintenance (0.91); Facilities & Amenities (0.89); Sustainability & Environmental Quality (0.82)"
david dekker,2019,4,nyaman dan strategis,KOMPETITOR,Bintang 4,BestWesternResortKuta-Bali,positive,0.9989001750946045,Facilities & Amenities,"Facilities & Amenities (0.97); Room Quality & Comfort (0.91); Cleanliness, Hygiene & Maintenance (0.89)"
Harry Obama,2020,4,bagus,KOMPETITOR,Bintang 4,BestWesternResortKuta-Bali,positive,0.9981029033660889,"Cleanliness, Hygiene & Maintenance","Cleanliness, Hygiene & Maintenance (0.91); Facilities & Amenities (0.90); Sustainability & Environmental Quality (0.82)"
Wahyu Sukarna,2019,5,bagus,KOMPETITOR,Bintang 4,BestWesternResortKuta-Bali,positive,0.9981029033660889,"Cleanliness, Hygiene & Maintenance","Cleanliness, Hygiene & Maintenance (0.91); Facilities & Amenities (0.90); Sustainability & Environmental Quality (0.82)"
HERNOWO HADI,2018,4,kue deh,KOMPETITOR,Bintang 4,BestWesternResortKuta-Bali,positive,0.9643493890762329,"Cleanliness, Hygiene & Maintenance","Cleanliness, Hygiene & Maintenance (0.88); Facilities & Amenities (0.82); Pricing & Value for Money (0.73)"
Yudi Rakamon,2020,5,hotel nyaman lingkungan,KOMPETITOR,Bintang 4,BestWesternResortKuta-Bali,positive,0.9992713332176208,Sustainability & Environmental Quality,"Sustainability & Environmental Quality (0.98); Cleanliness, Hygiene & Maintenance (0.96); Facilities & Amenities (0.94)"
Dieto,2017,3,lumayan,KOMPETITOR,Bintang 4,BestWesternResortKuta-Bali,positive,0.9958890080451965,Facilities & Amenities,"Facilities & Amenities (0.79); Pricing & Value for Money (0.75); Cleanliness, Hygiene & Maintenance (0.74)"
Khrisna W,2020,1,bangunan lama kotor,KOMPETITOR,Bintang 4,BestWesternResortKuta-Bali,negative,0.9989628791809082,Sustainability & Environmental Quality,Sustainability & Environmental Quality (0.68); Facilities & Amenities (0.67); Religious & Halal Features (0.47)
Roy Hasbi,2019,5,bagus dan untuk keluarga,KOMPETITOR,Bintang 4,BestWesternResortKuta-Bali,positive,0.9984633922576904,Family & Group Friendly,"Family & Group Friendly (1.00); Cleanliness, Hygiene & Maintenance (0.97); Facilities & Amenities (0.95)"
Wayan Ujianta,2022,5,tempat yang bagus,KOMPETITOR,Bintang 4,BestWesternResortKuta-Bali,positive,0.9981616139411926,Facilities & Amenities,"Facilities & Amenities (0.98); Room Quality & Comfort (0.97); Cleanliness, Hygiene & Maintenance (0.92)"
Gusta Alive,2020,5,strategi lokasinya,KOMPETITOR,Bintang 4,BestWesternResortKuta-Bali,positive,0.9933318495750427,Facilities & Amenities,"Facilities & Amenities (0.57); Location, Accessibility & Parking (0.37); Sustainability & Environmental Quality (0.37)"
Jalaluddin adam,2020,5,tempat yang elegan,KOMPETITOR,Bintang 4,BestWesternResortKuta-Bali,positive,0.9978297352790833,Ambience & Design,Ambience & Design (0.96); Facilities & Amenities (0.95); Room Quality & Comfort (0.91)
Nugraha Family,2021,3,bagus,KOMPETITOR,Bintang 4,BestWesternResortKuta-Bali,positive,0.9981029033660889,"Cleanliness, Hygiene & Maintenance","Cleanliness, Hygiene & Maintenance (0.91); Facilities & Amenities (0.90); Sustainability & Environmental Quality (0.82)"
Sri Wahono,2020,5,staf ramah,KOMPETITOR,Bintang 4,BestWesternResortKuta-Bali,positive,0.99138343334198,Service Quality,Service Quality (0.97); Staff Conduct & Hospitality (0.89); Service Efficiency & Responsiveness (0.89)
Bertoni Probo,2021,5,strategis dan bersih,KOMPETITOR,Bintang 4,BestWesternResortKuta-Bali,positive,0.9988829493522644,"Cleanliness, Hygiene & Maintenance","Cleanliness, Hygiene & Maintenance (0.99); Sustainability & Environmental Quality (0.99); Religious & Halal Features (0.89)"
TAMBOJI GAMERS,2018,5,Wow,KOMPETITOR,Bintang 4,BestWesternResortKuta-Bali,positive,0.9977311491966248,"Cleanliness, Hygiene & Maintenance","Cleanliness, Hygiene & Maintenance (0.94); Facilities & Amenities (0.93); Sustainability & Environmental Quality (0.80)"
Aneka Sulita,2017,3,Ya lumayan,KOMPETITOR,Bintang 4,BestWesternResortKuta-Bali,positive,0.9864300489425659,Pricing & Value for Money,"Pricing & Value for Money (0.71); Cleanliness, Hygiene & Maintenance (0.71); Facilities & Amenities (0.69)"
Dyon Apriliastono,2016,5,Jawab cepat,KOMPETITOR,Bintang 4,BestWesternResortKuta-Bali,positive,0.9947353005409241,Service Efficiency & Responsiveness,"Service Efficiency & Responsiveness (0.78); Cleanliness, Hygiene & Maintenance (0.78); Facilities & Amenities (0.73)"
Agus Waluyo,2021,5,lokasi strategis,KOMPETITOR,Bintang 4,BestWesternResortKuta-Bali,positive,0.9988529682159424,Facilities & Amenities,Facilities & Amenities (0.91); Sustainability & Environmental Quality (0.86); Safety & Security (0.75)
Wahid Satriya,2023,5,gilak,KOMPETITOR,Bintang 4,BestWesternResortKuta-Bali,negative,0.9977905750274658,Facilities & Amenities,"Facilities & Amenities (0.89); Religious & Halal Features (0.83); Cleanliness, Hygiene & Maintenance (0.82)"
Hendry Satria,2019,4,hotel lagi,KOMPETITOR,Bintang 4,BestWesternResortKuta-Bali,negative,0.9186533689498901,Facilities & Amenities,"Facilities & Amenities (0.89); Cleanliness, Hygiene & Maintenance (0.88); Sustainability & Environmental Quality (0.77)"
stock account 4,2018,5,cantik,KOMPETITOR,Bintang 4,BestWesternResortKuta-Bali,positive,0.9973543882369995,"Cleanliness, Hygiene & Maintenance","Cleanliness, Hygiene & Maintenance (0.91); Facilities & Amenities (0.79); Sustainability & Environmental Quality (0.76)"
Sk Leo,2026,4,meskipun merupakan bagian dari jaringan hotel hotel ini tergolong butik alasannya ukurannya secara umum tidak terlalu besar namun lokasinya strategis di distrik kuta tetapi tidak dekat pantai saya suka kemudahan akses ke beberapa toko yang nyaman tepat di seberang jalan jadi jika Anda termasuk orang yang suka ngemil hotel ini ideal untuk Anda secara umum kamarnya bersih namun ac nya perlu diperbaiki atau diganti saya tinggal saat musim hujan tetapi ac nya kurang berfungsi dengan baik buffet sarapan juga perlu diperbaiki saya tinggal selama 2 malam dan menu pada dasarnya sama untuk hari pertama dan kedua secara keseluruhan saya puas dengan hotel dan pelayanannya,KOMPETITOR,Bintang 4,BestWesternResortKuta-Bali,positive,0.997199296951294,Facilities & Amenities,Facilities & Amenities (0.98); Food & Beverage (0.91); Service Quality (0.90)
Customer Review,2025,4,properti ini menawarkan nilai dan lokasi yang baik kamar kamarnya sederhana dan dalam kondisi yang layak suasananya cukup tenang meskipun daerah ramai dan itu bagus selama perawatannya dilakukan dengan baik seharusnya properti ini bagus salah satu kekurangan utamanya adalah udara tidak bisa diminum saya berharap kerannya bisa diminum saya rasa udara di rumah juga tidak bisa diminum seorang pengulas menyebutkan bahwa mereka dulu menyediakan layanan antar jemput saya tidak tahu itu secara keseluruhan pengalaman menginap yang menyenangkan dan staf yang ramah,KOMPETITOR,Bintang 4,BestWesternResortKuta-Bali,positive,0.8767296671867371,Facilities & Amenities,Facilities & Amenities (0.99); Pricing & Value for Money (0.90); Guest Experience (0.85)
Noli Andrea,2025,5,hotel yang bagus dekat dengan bandara denpasar 11 menit berkendara kamarnya agak kuno tapi untuk harga yang dibayarkan hotel ini sangat bagus kasur nyaman kamar mandi agak kuno sarapan lumayan kolam renangnya bagus dengan kursi berjemur ada 2 supermarket tepat di depan hotel dan banyak toko restoran kecil di sekitarnya juga,KOMPETITOR,Bintang 4,BestWesternResortKuta-Bali,positive,0.9991015195846558,Facilities & Amenities,Facilities & Amenities (0.97); Pricing & Value for Money (0.92); Service Quality (0.69)
Donghwan Shin,2025,5,jika anda menyukai kuta dan berkeliling dengan menyewa sepeda motor tidak ada tempat menginap yang lebih baik saya sudah ke indonesia lebih dari 10 kali dan tempat tidur nyaman dan kolam renangnya bagus kedalamanannya 3 meter untuk menyelam pertama kali tempat tidurnya sangat nyaman ada dua minimarkete 24 jam tepat di depan pastikan untuk mencoba shoomai goreng untuk camilan malam malam malam ada juga atm 24 jam tepat di depan jika anda senang menginap di hotel ini adalah pilihan yang tepat duduk di teras dan memesan makanan saat hujan juga menenangkan sarapannya lezat,KOMPETITOR,Bintang 4,BestWesternResortKuta-Bali,positive,0.9995526671409607,Facilities & Amenities,Facilities & Amenities (0.99); Service Efficiency & Responsiveness (0.90); Room Quality & Comfort (0.86)
L Huwan,2025,1,ini adalah hotel terburuk yang pernah saya tinggali tidak sepadan dengan uang yang dikeluarkan sejak saya cek masuk sampai hari ini malam ketiga saya menginap di kamar saya belum pernah dibersihkan pagi ini saya turun ke resepsionis untuk meminta mereka membersihkan lalu saya keluar dan ketika saya kembali kamar saya masih berantakan belum dibersihkan selain hotelnya sudah sangat tua dan ketinggalan zaman pelayanannya juga sangat buruk tidak ada satu pun hal baik yang bisa saya gambarkan saya sangat menyarankan saya untuk tidak menginap di hotel ini saya membayar lebih dari 2 juta untuk 3 malam dan saya mendapatkan sampah,KOMPETITOR,Bintang 4,BestWesternResortKuta-Bali,negative,0.9993969202041626,Check in/out Experience,Check in/out Experience (0.97); Pricing & Value for Money (0.91); Guest Experience (0.74)
Tejas Gilder,2025,4,pilihan yang nyaman untuk menginap singkat idealnya satu atau dua malam dengan lokasi yang strategis dekat dengan pertokoan dan bandara staf sangat ramah dan membantu mereka membantu kami menitipkan barang barang bawaan lebih awal sebelum memeriksa masuk kamar dan kamar mandi bergaya lama yang mungkin menarik bagi mereka yang menyukai tampilan tradisional meskipun bisa lebih baik jika dilakukan beberapa pembaruan sarapan tergolong sederhana dibandingkan dengan hotel lain yang pernah kami tempati tetapi secara keseluruhan pengalaman menginap cukup baik untuk persinggahan singkat,KOMPETITOR,Bintang 4,BestWesternResortKuta-Bali,positive,0.9964095950126648,Staff Conduct & Hospitality,Staff Conduct & Hospitality (0.99); Facilities & Amenities (0.98); Service Quality (0.88)
Suhayl Abidi,2025,1,ketika saya menginap di hotel ini 10 tahun yang lalu kualitas dan layanan hotelnya sangat baik hari ini putri saya memeriksa masuk atas rekomendasi saya layanan bandara berhenti layanan antar jemput tidak ada lagi tidak ada ada porter untuk mengambil bagasi ac tidak berfungsi di dua kamar yang dipesan pintu kamar mandi tidak dapat ditutup saat mengeluh mereka diberi kamar lain tetapi harus membawa tas mereka karena pembayaran 100 dilakukan di muka kami hanya bisa tersenyum dan menerimanya hotel ini mendapat nilai 4 5 pada pemesanan pergi ke ibibo tempat kami memesannya saya menyarankan semua orang untuk menghindari hotel dan pergi ke ibibo,KOMPETITOR,Bintang 4,BestWesternResortKuta-Bali,negative,0.9592282176017761,Facilities & Amenities,Facilities & Amenities (0.99); Service Quality (0.98); Guest Experience (0.94)
Sushi 777,2025,4,ada beberapa komentar negatif tapi itu semua tergantung kamarnya saya menginap di sekitar enam kamar kali ini dan kamar saya baik saja dengan harga sekitar 4 0 yen sudah termasuk sarapan dan kolam renang menurut saya hotel ini bagus ada tiga minimarket tepat di depan hotel ada juga atm atm baru berbahasa jepang Anda bisa menarik uang tunai dengan bijak,KOMPETITOR,Bintang 4,BestWesternResortKuta-Bali,positive,0.9980953335762024,Facilities & Amenities,Facilities & Amenities (1.00); Service Quality (0.97); Pricing & Value for Money (0.96)
Clelia Menato,2025,1,kotor dan kurang terawat saya tidak mengerti bagaimana ini bisa menjadi bagian dari jaringan hotel internasional kami mencoba sarapannya yang dibiarkan hangat dan daerah pembuatan telur dibiarkan begitu saja dengan burung burung yang masuk ke dalam panci dan memakan sayuran kolam renangnya udara tenang ada nozel resirkulasi tetapi udara dijaga lebih rendah sehingga tidak tersaring stafnya sangat baik dan membantu mereka menawari kami kamar dengan pemandangan kolam renang yang menurut saya salah satu yang paling nyaman tapi tetap saja kami tidak sabar untuk pergi maaf,KOMPETITOR,Bintang 4,BestWesternResortKuta-Bali,positive,0.9897302389144897,Facilities & Amenities,Facilities & Amenities (0.99); Staff Conduct & Hospitality (0.96); Service Quality (0.96)
yusra ali,2025,1,ulasan hotel resor barat terbaik secara keseluruhan pengalaman saya di hotel resor barat terbaik beragam berikut adalah uraian lebih detail tentang masa saya di kamar kamarnya luas dan nyaman dari segi ukuran tetapi terasa agak ketinggalan zaman dan perlu direnovasi layanan kamar ini adalah salah satu kekurangan terbesar hotel ini kamarnya sama sekali tidak dibersihkan dengan baik saya harus mengeluh karena seprai tidak diganti dan keesokan harinya lantainya tidak dipel yang sangat mengecewakan lokasi hotel ini berada di lokasi yang bagus sehingga memudahkan akses ke banyak tempat di daerah tersebut pengalaman sarapan sarapannya sangat buruk jumlah yang disajikan tidak cukup sehingga semua tamu harus menunggu,KOMPETITOR,Bintang 4,BestWesternResortKuta-Bali,negative,0.9966109395027161,Facilities & Amenities,Facilities & Amenities (1.00); Service Quality (0.99); Guest Experience (0.97)
Martina D'Ercole,2025,1,untungnya saya hanya menginap satu malam di hotel ini kondisi kamar sangat buruk tua kotor dan terbengkalai kamar mandinya hampir tidak dapat diakses toilet bak mandi dan tirai mandi dalam kondisi yang sangat buruk seprai kotor dan suasana keseluruhannya memberi kesan kamar yang terbengkalai dan tidak terawat kamar menghadap ke jalan yang ramai dan Anda bisa mendengar semuanya pintunya tidak kedap suara rasanya seperti tidur di tengah jalan pelayanan buruk hotel kotor pengalaman buruk tidak direkomendasikan,KOMPETITOR,Bintang 4,BestWesternResortKuta-Bali,negative,0.9987974166870117,Facilities & Amenities,Facilities & Amenities (1.00); Guest Experience (0.99); Ambience & Design (0.90)
Property At Phuket,2025,5,hotel bagus kamar luas dengan bak mandi besar sarapan enak dan staf ramah hanya 10 menit ke bandara lokasi bagus bisa jalan kaki ke minimarket dan banyak restoran di sekitarnya,KOMPETITOR,Bintang 4,BestWesternResortKuta-Bali,positive,0.9989870190620422,Facilities & Amenities,Facilities & Amenities (1.00); Service Efficiency & Responsiveness (0.99); Service Quality (0.98)
Bijay Khawas,2025,4,jika anda mencari penginapan yang nyaman dan ramah anggaran di bali terbaik kulon adalah pilihan yang fantastis lokasinya sangat sempurna hanya beberapa langkah dari pantai kulon yang terkenal jalanan belanjaan tempat makan lokal dan semua kehidupan malam yang semarak baik anda ingin bersantai di pantai atau menjelajahi hiruk pikuk area tersebut semuanya ada di depan pintu kamar kamarnya bersih nyaman dan menawarkan nilai yang sangat baik kamar kamar tersebut dilengkapi dengan semua kebutuhan pokok dan tempat tidur sangat nyaman untuk istirahat malam yang baru berwisata sehari-hari dengan harga tersebut sulit untuk mengalahkan apa yang ditawarkan dan stafnya ramah terbaik kulon,KOMPETITOR,Bintang 4,BestWesternResortKuta-Bali,positive,0.9994826316833496,Facilities & Amenities,Facilities & Amenities (1.00); Pricing & Value for Money (0.99); Room Quality & Comfort (0.99)
Novita Sari,2025,1,Saya tidak tahu harus mulai dari mana tetapi hotel tua ini membutuhkan banyak perawatan dan pembersihan saya dapat membantu saya berharap manajemen dan tata graha hotel bisa lebih baik karena lokasinya bagus stafnya ramah dan membantu tetapi kurang layak untuk menginap bersama keluarga dengan harga di agoda dan perjalanan saya lebih suka menginap di jalan utama di plaza kartika,KOMPETITOR,Bintang 4,BestWesternResortKuta-Bali,positive,0.8483444452285767,"Cleanliness, Hygiene & Maintenance","Cleanliness, Hygiene & Maintenance (1.00); Facilities & Amenities (0.99); Staff Conduct & Hospitality (0.98)"
Margaret Tan,2025,1,Saya benci hotel ini dan merasa sengsara sejak tiba suami saya membayar penuh untuk 5 hari di sini ya ampun kamar saya memiliki jendela besar tetapi tidak dapat menutup tirai karena menghadap ke jalan masuk untuk tamu lain artinya saya terkurung di kamar tanpa pemandangan sama sekali kecuali 4 dinding dan pintu resepsionis memberi tahu kami bahwa ini adalah kamar yang ditingkatkan saya bertanya tanya bagaimana kamar asli yang ditugaskan kepada kami tidak mungkin lebih buruk dari kamar kami yang sekarang baru saja menyampaikan kesengsaraan saya kepada resepsionis dan dia menugaskan kami ke kamar lain di lantai dua dengan balkon semoga semuanya baik saja bahkan daerah sekitarnya,KOMPETITOR,Bintang 4,BestWesternResortKuta-Bali,negative,0.9994471669197083,Facilities & Amenities,Facilities & Amenities (0.94); Check in/out Experience (0.94); Guest Experience (0.91)
Sabaiii,2025,5,saya menikmati 5 hari menginap yang menyenangkan di hotel ini stafnya sangat ramah dan menyambut sarapannya bervariasi dengan banyak buah dan sayur kamar kamarnya agak kuno tetapi semuanya berfungsi dengan baik seprai bersih dan tangan diganti secara teratur kolam renangnya luas bisa menampung anak anak dan dewasa tetapi tidak tersedia cukup kursi berjemur kamar yang menghadap jalan raya bisa berisik jadi sebaiknya pesan kamar dengan pemandangan kolam renang area hotel strategis dengan tiga toko di dekatnya fasilitas laundry dan semua yang Anda butuhkan tidak ada cabang di kamar tetapi mereka membawa dua botol udara setiap hari terlepas dari apakah Anda memiliki botol yang belum terpakai atau tidak tekanan,KOMPETITOR,Bintang 4,BestWesternResortKuta-Bali,positive,0.9992788434028625,Facilities & Amenities,Facilities & Amenities (0.98); Staff Conduct & Hospitality (0.98); Family & Group Friendly (0.98)
Faust Vercetti,2025,4,kamar bersih dan rapi dengan tempat tidur yang nyaman kolam renang bagus pintu masuk bagus sarapan prasmanan enak kulkas dan ac di kamar bagus lokasi sekitar 15 menit jalan kaki ke mall penemuan kuta dan jalan utama 30 menit jalan kaki dari bandara kekurangan toilet tidak terpasang dengan aman ke lantai dan tidak ada sikat toilet lantai pancuran miring menjauh dari saluran pembuangan sehingga pancuran membanjiri kamar mandi mengalirkan udara saluran tv alih-alih berisik dan tidak bisa ditonton membayar 340 aud untuk 7 hari terlepas dari masalah di atas hotel ini akan mendapatkan 5 bintang untuk kisaran harga tersebut,KOMPETITOR,Bintang 4,BestWesternResortKuta-Bali,negative,0.9345277547836304,Facilities & Amenities,Facilities & Amenities (0.98); Service Quality (0.85); Room Quality & Comfort (0.69)
Inane,2025,5,Sangat bagus hotelnya bagus sekali tenang kami menghabiskan malam ketika kami tiba dari bandara pelayanannya juga sangat baik,KOMPETITOR,Bintang 4,BestWesternResortKuta-Bali,positive,0.9979402422904968,Service Quality,Service Quality (0.99); Facilities & Amenities (0.99); Guest Experience (0.98)
Susana M,2025,2,fasilitasnya sangat buruk sangat membutuhkan renovasi hotelnya kurang terawat kuno bau ac nya tidak berfungsi dengan baik jamur di kolam renang dan kamar mandi umum berbau dan kotor tidak baik untuk standar sebagai proses cek masuk dan cek keluar dalam 2 jam yang belum pernah saya lakukan sebelumnya satu nilai tambah adalah stafnya mereka luar biasa dan berusaha keras dan lokasinya bagus dekat bandara ada banyak tempat yang lebih baik di bali dengan harga terjangkau untungnya mereka mengembalikan biaya tidak yakin semuanya tapi mereka tidak peduli,KOMPETITOR,Bintang 4,BestWesternResortKuta-Bali,negative,0.9654588103294373,Service Quality,Service Quality (0.94); Facilities & Amenities (0.86); Pricing & Value for Money (0.86)
Sankaran SUBRAMANI,2025,4,hotelnya bagus sarapan gratis makanan tersedia untuk makan siang makan malam dengan biaya tambahan kamarnya sangat luas namun efek pendinginannya kurang karena ruangannya besar tersedia fasilitas angkat kolam renang juga tersedia banyak toko supermarket tersedia tepat di seberang hotel resort barat penukaran uang tersedia di mana mana tersedia 2 penukaran uang di jalan yang sama tersedia restoran makanan india hanya 500 meter jaraknya alamat terlampir di foto,KOMPETITOR,Bintang 4,BestWesternResortKuta-Bali,positive,0.9990525841712952,Facilities & Amenities,Facilities & Amenities (0.94); Service Quality (0.78); Pricing & Value for Money (0.70)
Robin Novaku,2025,1,kamarnya tidak bersih ada binatang di dalam kamar tikus atau salamander,KOMPETITOR,Bintang 4,BestWesternResortKuta-Bali,negative,0.9990003705024719,Sustainability & Environmental Quality,Sustainability & Environmental Quality (0.61); Facilities & Amenities (0.60); Guest Experience (0.58)
Gintare,2025,5,Resor ini luar biasa anda mendapatkan nilai yang sepadan dengan uang yang anda keluarkan pengalaman menginap saya ternyata lebih baik dari yang saya harapkan kamarnya besar tempat tidur dan seprainya nyaman ac berfungsi dengan sempurna pengering rambut tersedia di kamar dan stafnya sangat ramah selain itu kolam renang besar dan bersih dengan kedalaman 3 meter cukup keren sarapan prasmanannya luar biasa enak banyak pilihan lezat dan mereka juga menyediakan kopi yang sangat enak,KOMPETITOR,Bintang 4,BestWesternResortKuta-Bali,positive,0.9992863535881042,Facilities & Amenities,Facilities & Amenities (1.00); Guest Experience (0.99); Food & Beverage (0.99)
Farouk KM,2025,5,kamarnya luas dan bersih nuansa bali terasa di lobi hotel dan bagian dalamnya lokasinya bagus untuk berjalan kaki ke pantai dengan banyak warung makan halal di sekitar hotel staf selalu menyambut anda dengan senyuman dan mereka menyediakan sarapan sederhana yang enak dengan berbagai pilihan penginapan hemat yang direkomendasikan,KOMPETITOR,Bintang 4,BestWesternResortKuta-Bali,positive,0.9994639754295349,Staff Conduct & Hospitality,Staff Conduct & Hospitality (0.95); Service Quality (0.95); Service Efficiency & Responsiveness (0.94)
Ida Patterson,2025,5,keluarga saya dan saya sangat menikmati masa-masa inap kami di sini sejak kedatangan kami staf resepsionis sangat ramah kami tiba lebih awal tetapi hal ini memungkinkan kami untuk melihat apa yang kami miliki di daerah ini banyak tempat makan lokal yang lezat saya meminta kamar yang terhubung dan disediakan kamarnya sangat luas sempurna untuk keluarga kami yang beranggotakan 5 orang pengawas makanan minuman pande sangat membantu setiap pagi kami disambut dengan senyum darinya dan stafnya sarapan yang disediakan sangat lezat telur yang baru dimasak sesuai selera jumlah makanan lokal yang tersedia sangat baik anak menikmati sereal dan permen yang ditawarkan setiap pagi manajer selalu ada untuk,KOMPETITOR,Bintang 4,BestWesternResortKuta-Bali,positive,0.9992671608924866,Family & Group Friendly,Family & Group Friendly (0.99); Facilities & Amenities (0.98); Service Quality (0.91)
Ferry Goenardi,2025,4,sebenarnya hotelnya bagus hanya saja tim housekeeping perlu meningkatkan fasilitasnya seperti kaca kamar mandi bantal kursi dan handuk mandi yang bisa diganti menu sarapannya sangat bervariasi,KOMPETITOR,Bintang 4,BestWesternResortKuta-Bali,positive,0.9976361989974976,Facilities & Amenities,"Facilities & Amenities (0.99); Cleanliness, Hygiene & Maintenance (0.83); Service Quality (0.78)"
Saran Raman,2025,5,Jika Anda ingin merasakan keramahan yang luar biasa di hotel di Bali Anda wajib menginap di best western resort kuta sungguh permata tersembunyi yang kurang dikenal selama saya menginap ada seorang pria yang terus bertanya bagaimana makanan kami setiap hari saat sarapan dengan wajah ramah dan penuh senyum di hari terakhir pria yang sama ini dengan murah hati membawakan tas saya ke mobil baru saat itulah saya tahu siapa yang adalah manajer umum bw kuta resort nama adalah bapak Ivan prawoto penghargaan juga untuk bapak weldi manajer tata graha bw kuta resort yang sangat berdedikasi untuk memastikan semua tamu dilayani dengan sungguh jiwa yang luar biasa membuat Anda merasa seperti di rumah,KOMPETITOR,Bintang 4,BestWesternResortKuta-Bali,positive,0.9982525706291199,Service Quality,Service Quality (0.81); Family & Group Friendly (0.78); Staff Conduct & Hospitality (0.73)
Marian Laurian,2025,5,saya sempat khawatir dengan beberapa ulasan sebelumnya tetapi saya menikmati masa ini mungkin furnitur di kamar bisa sedikit lebih baru tetapi saya tidak peduli selama tidak kotor saya memiliki pengalaman yang luar biasa dengan staf selama menginap semua orang ramah dan membantu terutama resepsionis dan staf restoran saya ingin mengucapkan terima kasih khusus kepada weldi yang telah bekerja keras untuk memastikan saya mendapatkan semua yang saya butuhkan dia sering menghubungi saya tetapi tidak mengganggu saya bertanya apakah ada yang bisa membantu dia terlibat dalam percakapan yang ramah saya merekomendasikan tempat wisata terdekat dan bahkan meminta masukan tentang bagaimana saya dapat meningkatkan lebih lanjut hotel setiap kali saya bertemu dengannya saya menikmati obrolan singkat terima kasih,KOMPETITOR,Bintang 4,BestWesternResortKuta-Bali,positive,0.9982409477233887,Staff Conduct & Hospitality,Staff Conduct & Hospitality (1.00); Service Efficiency & Responsiveness (0.99); Service Quality (0.98)
Bella Fazio,2025,1,penerbangan kami dibatalkan pada tengah malam dan pada saat itu harus mencari hotel untuk menginap malam ini seorang sopir taksi di bandara memberitahu kami tentang hotel ini yang hanya 10 menit dari bandara ketika waktunya untuk membayar resepsionis menutup layar dengan tangannya dan memberitahu kami bahwa layar itu tidak berfungsi sehingga kami harus membayar dengan uang tunai dan dia akan memberikan komisi kepada sopir taksi kami menolak untuk membayar dengan uang tunai dan tiba tiba mesin debit berfungsi lagi kamar tidak bersih dengan benar dan di dalam seprai meskipun sudah dicuci Anda dapat melihat rambut orang lain mengerikan sarapan dasar dengan makanan yang tidak sehat buatan dibayar 200 aud untuk 1 malam untuk jam untuk 3 orang,KOMPETITOR,Bintang 4,BestWesternResortKuta-Bali,negative,0.9902873039245605,Pricing & Value for Money,Pricing & Value for Money (0.48); Guest Experience (0.42); Booking & Reservation Experience (0.36)
Rita Kc,2025,5,Pelayanan bagus hotelnya tenang saya suka semuanya,KOMPETITOR,Bintang 4,BestWesternResortKuta-Bali,positive,0.9991288781166077,Service Quality,Service Quality (1.00); Guest Experience (0.99); Facilities & Amenities (0.97)
xvu khi,2025,1,Tidak cukup banyak orang yang bekerja di hotel ini tidak ada seorang pun di resepsionis di mana mana mana di bali sangat ramai tapi hotel ini kami tidak heran mengapa suasana hotel yang buruk,KOMPETITOR,Bintang 4,BestWesternResortKuta-Bali,positive,0.9494030475616455,Guest Experience,Guest Experience (0.64); Service Quality (0.59); Facilities & Amenities (0.43)
Steve W,2025,4,Halo semuanya singkatnya saya merekomendasikan resor barat terbaik di kuta pertama seperti resor lainnya resor ini tidak terletak di pantai meskipun hanya 5 hingga 10 menit berjalan kaki melalui kuta dan Anda akan berada di pantai dengan segala pengalaman dan keseruannya bagi saya ini sempurna karena Anda bisa menikmati waktu tenang yang Anda butuhkan saat liburan lokasi bintang 5 staf layanannya tidak bisa saya salahkan hanya saja mereka tidak berusaha keras untuk membuat liburan Anda lebih baik mereka membantu ketika ditanya hanya ikut saja jangan memaksakan diri untuk liburan yang saya suka dan hargai staf bintang 4 fasilitas kamar dan hotel sudah ketinggalan zaman dan perlu direnovasi kamarnya hanya saja,KOMPETITOR,Bintang 4,BestWesternResortKuta-Bali,positive,0.998435914516449,Facilities & Amenities,Facilities & Amenities (0.98); Service Quality (0.98); Guest Experience (0.89)
H,2024,5,kamarnya bagus dan tempat tidurnya sangat nyaman pelayanannya selalu ramah penataan kamarnya bagus sarapan sepuasnya lezat beragam anda bisa memilih sendiri gaya memasak telur kolam renangnya sangat bersih dan menenangkan tersedia lift untuk mengakses semua lantai mereka menyediakan layanan pencetakan untuk dokumen perjalanan mendadak,KOMPETITOR,Bintang 4,BestWesternResortKuta-Bali,positive,0.9995647072792053,Facilities & Amenities,Facilities & Amenities (1.00); Room Quality & Comfort (0.99); Family & Group Friendly (0.96)
himanshu meena,2025,4,kami menginap di sana selama 4 malam kamarnya bagus dan stafnya luar biasa kami mendapatkan pemandangan kolam renang yang sangat indah dari balkon kamar propertinya sangat bersih dan higienis satu masalah lainnya adalah ada kadal kecil di dalam kamar mengenai makanan sarapannya kontinental banyak pilihan yang tersedia namun tidak ada pilihan vegetarian india stafnya sangat ramah dan membantu lokasi hotel sangat bagus hanya beberapa langkah dari banyak restoran pub kedai kopi dan tempat penukaran uang pasar kuta sangat dekat sehingga sangat mudah untuk berjalan kaki ke semua tempat yang diperlukan,KOMPETITOR,Bintang 4,BestWesternResortKuta-Bali,positive,0.9990121126174927,"Cleanliness, Hygiene & Maintenance","Cleanliness, Hygiene & Maintenance (1.00); Facilities & Amenities (0.99); Staff Conduct & Hospitality (0.99)"
Raffaele Borriello,2025,1,kamarnya jelek sekali kami menginap semalam di hotel ini untuk beristirahat sejenak Seprainya hitam handuknya kotor bernoda dan bau kamarnya perlu direnovasi dan dibersihkan secara menyeluruh saya sangat menyarankan untuk tidak menginap di hotel ini,KOMPETITOR,Bintang 4,BestWesternResortKuta-Bali,negative,0.9979339838027954,"Cleanliness, Hygiene & Maintenance","Cleanliness, Hygiene & Maintenance (0.62); Facilities & Amenities (0.56); Sustainability & Environmental Quality (0.44)"
Matrixology,2025,5,Sangat terkesan selain mengatakan bahwa hotel stafnya berkelas kamarnya bersih tanpa noda luas dengan fasilitas teh kopi di dalam kamar tv kolam renang besar yang fantastis di luar dan lokasinya yang strategis sarapan sudah termasuk menyediakan beragam pilihan menu dan dengan harga per kamar sulit untuk menemukan yang tak tertandingi aaron,KOMPETITOR,Bintang 4,BestWesternResortKuta-Bali,positive,0.9992659687995911,Service Quality,"Service Quality (1.00); Cleanliness, Hygiene & Maintenance (1.00); Facilities & Amenities (0.99)"
Rohit Kamani,2025,5,Pak pande membantu kami memperkenalkan fasilitas hotel sarapan dan fasilitas lainnya variasi makanannya bagus tapi sebagai orang India saya kurang suka semua staf sangat membantu dalam segala hal terima kasih semuanya,KOMPETITOR,Bintang 4,BestWesternResortKuta-Bali,positive,0.9982170462608337,Facilities & Amenities,Facilities & Amenities (0.99); Food & Beverage (0.99); Guest Experience (0.96)
Frank B,2025,5,menginap lebih dari 2 minggu di hotel kamar ini dibersihkan setiap hari sarapan pagiannya fantastis stafnya sangat profesional ramah dan tanggap terhadap setiap keinginan pelanggan,KOMPETITOR,Bintang 4,BestWesternResortKuta-Bali,positive,0.9988406300544739,Staff Conduct & Hospitality,"Staff Conduct & Hospitality (0.99); Service Quality (0.99); Cleanliness, Hygiene & Maintenance (0.99)"
Santa Lama,2025,1,hotelnya anggaran tapi secara keseluruhan kurang memuaskan ada kadal di dekat kue saya takut makan,KOMPETITOR,Bintang 4,BestWesternResortKuta-Bali,negative,0.983235776424408,Pricing & Value for Money,Pricing & Value for Money (0.95); Guest Experience (0.92); Food & Beverage (0.86)
김경민,2025,1,Karena urusan pribadi saya harus segera pergi ke hotel dekat bandara saya tidak punya uang tunai dan wifi nya tidak berfungsi jadi saya ditipu oleh seorang sopir taksi untuk mengikuti saya mereka bilang di bandara hanya menerima uang tunai jadi saya pikir saya akan ikut saja dengan mereka dan langsung menuju hotel tapi sesampainya di sana kami semua buru buru bertengkar dalam bahasa indonesia bla bla saya bertanya apakah saya bisa membayar dengan kartu dan sopir taksi itu kembali bertengkar dalam bahasa indonesia bla bla karyawan saya dan mengatakan saya s pengeringnya rusak dan tangan saya lebih kotor daripada pel pel dan kain ac nya rusak parah,KOMPETITOR,Bintang 4,BestWesternResortKuta-Bali,negative,0.9970200657844543,Digital Connectivity & Technology,Digital Connectivity & Technology (0.76); Pricing & Value for Money (0.69); Guest Experience (0.55)
Kelsey Pearce,2024,5,hotel yang menakjubkan kamar kami juga di upgrade stafnya ramah dan kamarnya sangat bersih kolam renangnya sangat besar dan banyak kursi santai tersedia tempat penyimpanan tas dan semua yang dibutuhkan di kamar kulkas brankas lemari pakaian pengering rambut dll nilainya sangat baik dan saya sangat merekomendasikan menginap di sini,KOMPETITOR,Bintang 4,BestWesternResortKuta-Bali,positive,0.9993330836296082,Facilities & Amenities,Facilities & Amenities (1.00); Staff Conduct & Hospitality (1.00); Service Efficiency & Responsiveness (0.99)
Walter Cestaro,2025,5,benar benar hotel yang bagus tinggal bersama mereka selama 35 hari jadi punya kesempatan untuk mencatat semuanya manajer baru membawa energi baru karena adanya intervensi setiap hari di semua aspek harga kamar dan layanan per hari sangat rendah hanya 25 termasuk sarapan banyak sekarang saya tahu di mana harus tinggal ketika bali,KOMPETITOR,Bintang 4,BestWesternResortKuta-Bali,positive,0.9592059254646301,Service Efficiency & Responsiveness,Service Efficiency & Responsiveness (1.00); Facilities & Amenities (0.99); Guest Experience (0.98)
Hrithuik Pavanan,2025,1,hotelnya tua kami bisa melihatnya dari kamar kamar mandinya berbau tidak sedap bahkan setelah pindah ke kamar pertama seprai yang digunakan bernoda dan pencahayaan kamar perlu ditingkatkan,KOMPETITOR,Bintang 4,BestWesternResortKuta-Bali,negative,0.9969072937965393,Facilities & Amenities,Facilities & Amenities (0.93); Guest Experience (0.90); Ambience & Design (0.78)
Ji Ji,2024,1,saya hanya pernah menginap di akomodasi murah di bali dan yang ini sangat mengecewakan hari pertama saya memeriksa masuk ac nya tidak berfungsi bak mandinya sangat tua sehingga lapisannya akan terkelupas jika terkena udara sedikit saja kamar mandinya memiliki wastafel dan bak mandi tetapi ke mana pun saya mencoba menggunakan saluran udara airnya selalu tersumbat dan sangat menyebalkan sampai saya bisa mati karena mereka tidak bisa memperbaiki ac mereka memindahkan saya ke kamar sebelah tetapi kondisi kamar itu tetap sama keesokan harinya mereka memindahkan saya ke kamar di lantai satu tetapi kondisinya lebih buruk lagi sumbat saluran udara mandi tert,KOMPETITOR,Bintang 4,BestWesternResortKuta-Bali,negative,0.9991084933280945,Facilities & Amenities,Facilities & Amenities (0.92); Check in/out Experience (0.81); Pricing & Value for Money (0.65)
Leah De Vera,2025,5,staf hotel sangat akomodatif sangat sopan dan selalu tersenyum terutama gm nya pak ivan yang selalu berusaha membantu kami turis seperti saya setiap kali kami mengalami masalah dalam perjalanan beliau bagaikan malaikat yang datang dan menyelesaikannya anda bisa mengandalkan mereka makanan prasmanan menawarkan beragam pilihan mulai dari makanan barat hingga asia,KOMPETITOR,Bintang 4,BestWesternResortKuta-Bali,positive,0.9989712238311768,Staff Conduct & Hospitality,Staff Conduct & Hospitality (1.00); Facilities & Amenities (0.99); Food & Beverage (0.99)
chan89my,2025,1,Keramahan hotelnya bagus semua stafnya sangat ramah lokasinya bagus untuk turis hanya saja kamar hotelnya sebagian besar kamar memiliki beberapa masalah seperti ac yang berisik tidak dingin lantai kotor kamar mandi kotor dan masalah pembuangan udara di bak mandi masalah perawatan,KOMPETITOR,Bintang 4,BestWesternResortKuta-Bali,negative,0.9920493960380554,Facilities & Amenities,"Facilities & Amenities (1.00); Service Quality (0.98); Cleanliness, Hygiene & Maintenance (0.94)"
Federico Bonatti,2024,1,Hindari tempat ini tempat ini sangat kotor dan tidak terawat dengan baik dan manajemen tampaknya tidak peduli dengan tamu mereka saya tiba di sini pada siang hari untuk memeriksa masuk cepat dan kemudian kembali ke kamar saya pada malam hari saya kemudian menyadari betapa mengerikan kondisi toiletnya WC kotor dengan kotoran dari tamu sebelumnya ada kue berkeliaran air panas tidak tersedia saluran pembuangan bak mandi tersumbat lantai kamar juga kotor dan berdebu begitu pula koridor hotel saya kemudian saya menelepon resepsi untuk setidaknya meminta air panas dan WC saya dibersihkan tetapi tidak ada yang menjawab telepon bahkan turun dan nomor darurat mereka saya kemudian harus berjalan,KOMPETITOR,Bintang 4,BestWesternResortKuta-Bali,negative,0.9993212223052979,Guest Experience,Guest Experience (0.87); Check in/out Experience (0.87); Management & Policy Issues (0.79)
Krista Dumble,2025,1,Hindari repot dan frustrasi pesanlah kamar lain saya menemukan setidaknya dua kue di kamar rambut di tempat tidur yang baru dirapikan kamarnya tidak tampak bersih debu di mana mana mana sarapan prasmanannya buruk kami akhirnya makan di tempat lain ketika kami mencoba memesan layanan kamar lebih dari setengah menu tidak tersedia memakan waktu lebih dari satu jam dan sangat menjijikkan stafnya juga tidak bisa berbahasa inggris,KOMPETITOR,Bintang 4,BestWesternResortKuta-Bali,negative,0.9994192123413086,Guest Experience,Guest Experience (0.88); Booking & Reservation Experience (0.88); Facilities & Amenities (0.80)
Ramiro Angeli,2024,4,hotel ini dulunya merupakan hotel mewah hotel ini perlu perawatan dan kamar mandinya berbau tak sedap selain itu lokasinya strategis dan stafnya ramah mereka menawarkan sarapan yang banyak dengan harga terjangkau,KOMPETITOR,Bintang 4,BestWesternResortKuta-Bali,positive,0.9914606809616089,Facilities & Amenities,"Facilities & Amenities (1.00); Cleanliness, Hygiene & Maintenance (0.99); Staff Conduct & Hospitality (0.98)"
Lisa Ingram,2024,5,kami mendapat kamar besar dengan balkon pemandangan kolam renang kamar mandi dan kue saat kedatangan kolam renang sangat bagus dan resor ini memiliki ruang terbuka yang indah kami menginap 1 malam lokasinya strategis akses mudah untuk berjalan kaki kekurangannya lokasi stopkontak akan sedikit mengganggu tapi akan menguntungkan Anda kamar kami memiliki furnitur kayu yang sepertinya membutuhkan bantal yang agak kurang ac nya bermasalah secara keseluruhan harganya sangat terjangkau dan direkomendasikan,KOMPETITOR,Bintang 4,BestWesternResortKuta-Bali,positive,0.9993091821670532,Pricing & Value for Money,"Pricing & Value for Money (1.00); Facilities & Amenities (0.99); Location, Accessibility & Parking (0.90)"
Vy Vo Thi Thao,2025,3,kamarnya agak tua dan toiletnya selalu berbau seperti selokan jendelanya lemnya longgar dan tidak bisa dibuka lokasi strategis dan dekat dengan banyak warung makan prasmanan yang beragam dan staf yang sangat ramah dan menyenangkan,KOMPETITOR,Bintang 4,BestWesternResortKuta-Bali,positive,0.6560973525047302,Staff Conduct & Hospitality,Staff Conduct & Hospitality (0.98); Facilities & Amenities (0.97); Food & Beverage (0.96)
Alin Popa,2025,2,kamarnya sangat kotor bilik pancuran berlumuran batu kapur ubin dan ubinnya kotor dan di bawah kaki kulkas ada sejumput rambut yang menggumpal permadani di kamar bernoda hotel ini sama sekali tidak sebanding dengan jaringan hotel bw,KOMPETITOR,Bintang 4,BestWesternResortKuta-Bali,negative,0.9987251162528992,Facilities & Amenities,Facilities & Amenities (0.97); Ambience & Design (0.50); Sustainability & Environmental Quality (0.36)
Deni Yus,2025,1,kamarnya mengerikan debu di mana mana mana mana baunya tidak sedap selimut membuat badan kami gatal saya menginap selama 2 malam dan istri saya terkena kudis dan sembuh setelah 3 minggu dengan perawatan dan obat dari dokter lokasinya luar biasa ukuran kamarnya cukup besar pelayanannya biasa saja mereka menawarkan kamar terburuk terlebih dahulu dan memberi tahu kami bahwa kamar lain sudah penuh kami meminta untuk pindah ke kamar lain karena lemari tidak berfungsi dengan baik dan kamar berbau tidak sedap mereka akhirnya mengizinkan kami pindah ke kamar lain setelah saya marah dan berbicara dengan nada tinggi ketika saya menjelaskan mengapa saya ingin pindah,KOMPETITOR,Bintang 4,BestWesternResortKuta-Bali,negative,0.9962819218635559,Facilities & Amenities,Facilities & Amenities (0.99); Service Quality (0.92); Guest Experience (0.87)
Avishek Ghosh,2024,5,Resor ini dekat dengan bandara dan pantai kuta stafnya sangat membantu kamarnya bersih dan terawat dengan baik kamarnya juga dilengkapi bak mandi di penghujung hari ketika anda lelah setelah seharian bertamasya di bali anda bisa bersantai di bak mandi,KOMPETITOR,Bintang 4,BestWesternResortKuta-Bali,positive,0.9993218183517456,"Cleanliness, Hygiene & Maintenance","Cleanliness, Hygiene & Maintenance (1.00); Facilities & Amenities (1.00); Service Quality (1.00)"
Aksa Langit,2025,2,memesan 2 kamar dan menginap selama 5 hari sangat menyebalkan karena dua kali kami tidak mendapatkan tangan untuk kamar kedua sudah menghubungi operator resepsionis dan semua nomor yang disediakan hotel tetapi tidak ada yang mengangkat layanannya perlu ditingkatkan,KOMPETITOR,Bintang 4,BestWesternResortKuta-Bali,negative,0.998854398727417,Booking & Reservation Experience,Booking & Reservation Experience (0.98); Guest Experience (0.86); Check in/out Experience (0.75)
Dorin Roche,2025,2,kami pernah tinggal di properti bw di sebagai eropa dan baru baru ini di jakarta tapi tidak akan pernah merekomendasikan properti bw di bali kepada siapa pun pengalaman yang sangat menyedihkan untuk standar bw,KOMPETITOR,Bintang 4,BestWesternResortKuta-Bali,negative,0.995766282081604,Guest Experience,Guest Experience (0.65); Check in/out Experience (0.51); Pricing & Value for Money (0.48)
M Z,2025,5,hotelnya sangat bersih dan berkualitas tinggi stafnya sangat membantu,KOMPETITOR,Bintang 4,BestWesternResortKuta-Bali,positive,0.9992334842681885,Service Quality,"Service Quality (1.00); Cleanliness, Hygiene & Maintenance (0.99); Service Efficiency & Responsiveness (0.99)"
Stephen Lucas,2025,5,Saya menemukan surga saya saya saya datang untuk bersantai dan memang begitu lokasinya 10 menit dari bandara g8 20 menit dari pusat keramaian saya suka langit setinggi 3 meter kolam renang dan bar kolam renang yang besar kamar mandi bergaya eropa dengan tempat tidur raja ukuran dan sangat bersih terima kasih hsk dan tenang mereka juga memiliki lift ke lantai 3 dan wifi berkecepatan tinggi gratis saya perhatikan hotel ini anak-anak makanannya sangat ramah sangat segar dan dingin beragam pilihan kue Denmark telur al carte untuk sarapan kopi dan jus harganya sangat terjangkau 130 0 rupiah untuk pizza dan bir lokal pelayanannya bintang 5,KOMPETITOR,Bintang 4,BestWesternResortKuta-Bali,positive,0.9994971752166748,Facilities & Amenities,Facilities & Amenities (1.00); Service Quality (0.99); Food & Beverage (0.98)
Dedi Siswanto,2024,4,terjangkau dekat bandara 3 minimarket tepat di seberang jalan sarapannya lumayan dan pelayanannya sangat baik saya menginap di lantai dasar ada area duduk di depan kamar relatif bersih tapi saya melihat debu beterbangan terutama di dekat lampu usahakan untuk berinvestasi menyediakan pembersih udara di kamar seperti bmola saluran pembuangan udara kamar mandi perlu diperbaiki waktu saya menginap di sini tidak ada sandal yang tersedia,KOMPETITOR,Bintang 4,BestWesternResortKuta-Bali,positive,0.9742079973220825,Service Quality,Service Quality (0.73); Facilities & Amenities (0.31); Staff Conduct & Hospitality (0.10)
جمال حميد,2025,4,hotelnya bersih lokasinya strategis stafnya ramah semuanya sempurna,KOMPETITOR,Bintang 4,BestWesternResortKuta-Bali,positive,0.9988768696784973,Service Quality,"Service Quality (0.99); Cleanliness, Hygiene & Maintenance (0.99); Service Efficiency & Responsiveness (0.98)"
Nancy Yu,2024,5,kolam renang buka dari pukul 11.00 hingga 23.00 spa buka dari pukul 09.00 hingga 21.00 dan seorang terapis pijat yang siap membantu akan datang ke kamar anda layanan cucian yang diantar pada sore hari baru akan diambil pada malam berikutnya kamarnya nyaman dan bersih dan resepsionisnya ramah ac pengering rambut dan sabun mandi tersedia juga terdapat banyak toko camilan di dekatnya sangat direkomendasikan,KOMPETITOR,Bintang 4,BestWesternResortKuta-Bali,positive,0.9991422891616821,Facilities & Amenities,Facilities & Amenities (0.99); Service Quality (0.96); Guest Experience (0.95)
Jürgen Kreischer,2025,2,area kolam renang sangat bagus dan terawat sayangnya bagian lain agak kotor kamarnya indah tapi kurang bersih sarapannya berlimpah tetapi juga kurang bersih kamar di tepi kolam renang tenang sesuatu yang tentu saja tidak bisa anda harapkan dari kamar kamar yang menghadap ke jalan,KOMPETITOR,Bintang 4,BestWesternResortKuta-Bali,positive,0.606015145778656,Facilities & Amenities,"Facilities & Amenities (0.77); Cleanliness, Hygiene & Maintenance (0.57); Food & Beverage (0.39)"
Анна Галич,2020,4,hotel kecil yang indah saya suka desainnya sangat hijau penuh bunga orang dan sangat dingin bersih pelayanannya bagus pembersihan kamarnya biasa saja cepat kamarnya sendiri luas dan indah saya dan suami menyukainya pemandangan kolam renang juga bagus kolam renang biasa saja anak anak dan dewasa bisa berenang hanya saja kapasitasnya tidak banyak hanya sekitar 15 orang tidak ada pembayaran di satu sisi jadi hanya ada 6 tempat kosong untuk bereduh sarapannya biasa saja tentu saja tapi kami sebelumnya pernah menginap di dua hotel lain dan sarapannya tidak terlalu enak di mana mana mana mana sayangnya jika kami tahu kami tidak pasti akan membayar sarapan di muka di seber,KOMPETITOR,Bintang 4,BestWesternResortKuta-Bali,positive,0.9972304701805115,Facilities & Amenities,"Facilities & Amenities (0.99); Cleanliness, Hygiene & Maintenance (0.99); Family & Group Friendly (0.99)"
Verma De Vera,2025,5,Saya memuji bapak ivan prawoto gm bw resort kuta seorang petugas hotel bw resort kuta yang berdedikasi atas keramahan dan layanannya yang luar biasa meskipun operasional hotel sedang ramai beliau tetap tenang dan tenang sambil menjawab semua pertanyaan kami semua para lansia dengan senyuman beliau sangat akomodatif dan menghibur selamat atas karyawan seperti beliau yang berkinerja luar biasa dan memberikan layanan ekstra kepada tamu Anda dalam menjawab pertanyaan keluh kesah kami saya sudah menginap mengunjungi banyak hotel baru kali ini saya bertemu staf hotel yang menanyakan tentang makanan dll semoga kantor Anda semakin sukses,KOMPETITOR,Bintang 4,BestWesternResortKuta-Bali,positive,0.998612642288208,Staff Conduct & Hospitality,Staff Conduct & Hospitality (1.00); Family & Group Friendly (1.00); Service Efficiency & Responsiveness (1.00)
Lydia Zein,2019,1,pelayanannya buruk untuk hotel bintang empat saat kami masuk kamar tidak ada tangan dan lantainya berdebu sehingga kaki kami sangat kotor seolah-olah sudah berbulan bulan tidak mengepel pemanas udara tidak berfungsi di pagi hari dan pengering rambut yang terpasang di dinding kamar mandi tidak berfungsi sama sekali karena berhentikontaknya rusak keesokan harinya ketika kami meminta layanan kebersihan mereka lupa membersihkan kamar kami satu hal yang membuat pengalaman menginap kami lebih baik adalah makanan untuk sarapan berharap mereka menyediakan cukup meja untuk semua orang karena sangat banyak saat sarapan sehingga kami harus menunggu meja kosong apakah saya akan kembali menginap di sini sampai mereka memperbaiki semua hal,KOMPETITOR,Bintang 4,BestWesternResortKuta-Bali,negative,0.9986764788627625,Guest Experience,Guest Experience (0.86); Facilities & Amenities (0.86); Food & Beverage (0.79)
Muhammad Basori,2025,5,kamarnya nyaman dan stafnya bekerja dengan sangat baik terletak di pusat kota dekat dengan semua yang Anda butuhkan untuk menjelajahi area kuta hotel terbaik di kota,KOMPETITOR,Bintang 4,BestWesternResortKuta-Bali,positive,0.999165415763855,Facilities & Amenities,Facilities & Amenities (1.00); Room Quality & Comfort (1.00); Service Quality (0.99)
Shyam,2024,4,Saya sangat merekomendasikan resor ini kepada siapa pun yang mencari liburan santai kolam renang dan bak mandinya sangat cocok untuk bersantai dan sarapannya adalah cara yang tepat untuk memulai hari stafnya juga sangat ramah dan membantu membuat pengalaman menginap Anda sangat menyenangkan lokasinya juga sangat dekat dengan bandara,KOMPETITOR,Bintang 4,BestWesternResortKuta-Bali,positive,0.9995180368423462,Facilities & Amenities,Facilities & Amenities (1.00); Staff Conduct & Hospitality (1.00); Food & Beverage (0.99)
Julien Dureau,2025,1,bulan madu hancur akibat pencurian dan kurangnya tanggung jawab pihak hotel kami menginap di best western resort kuta dari tanggal 29 November hingga 3 Desember 2025 untuk bulan madu kami setelah menikah pada tanggal 8 November pada pagi hari tanggal 3 Desember kami kembali dari sarapan dan menemukan kamar hotel kami telah dibobol dan barang berharga kami dicuri termasuk cincin kawin mawar emas cincin pertunangan dan uang tunai kerugian total sekitar USD 2 170 eur 1 854 mur 100 0 pencurian ini terjadi di dalam kamar hotel yang seharusnya aman menimbulkan kekhawatiran kunci serius tentang keamanan akses staf ke kartu kartu balkon yang yang tidak aman dan cak,KOMPETITOR,Bintang 4,BestWesternResortKuta-Bali,negative,0.9779656529426575,Pricing & Value for Money,Pricing & Value for Money (0.68); Cultural & Heritage Experience (0.45); Guest Experience (0.41)
Nilesh Kamani,2025,2,makanannya tidak enak ac kamar perlu diperbaiki lift lift tidak bisa memuat dengan baik staf resepsionis berperilaku baik,KOMPETITOR,Bintang 4,BestWesternResortKuta-Bali,negative,0.9986974596977234,Service Quality,Service Quality (0.96); Facilities & Amenities (0.93); Staff Conduct & Hospitality (0.93)
daniel kruit,2024,5,hotelnya luar biasa dekat dengan pantai kuta pelayanannya luar biasa saat kedatangan saya cek masuk terlalu pagi tapi bisa masuk kamar lebih awal mereka bahkan memberi saya upgrade kamar gratis mereka juga cepat membantu saya menyewa sepeda motor dan kemudian dengan cepat membantu saya menyewa mobil dengan sopir pribadi selama 10 jam prosesnya luar biasa cepat dan lancar dan makanan di hotelnya enak,KOMPETITOR,Bintang 4,BestWesternResortKuta-Bali,positive,0.9990442395210266,Facilities & Amenities,Facilities & Amenities (1.00); Service Efficiency & Responsiveness (0.99); Service Quality (0.99)
carlo naccarato,2025,1,ini hotel yang tak terduga dan tempat yang tidak pernah ingin anda tinggal sangat tua agak kotor dengan kamar yang sangat tidak memadai tanpa lemari atau meja rias sedemikian rupa sehingga selama sembilan malam kami harus menyimpan pakaian dalam koper banyak sekali masalah kamar mandi dari era yang berbeda kami harus meminta tangan setiap hari karena mereka hanya menyediakan tangan mandi pada malam kedua pukul 4 00 pagi ac mulai bocor malam berikutnya ada cairan hitam yang bocor dari saluran pembuangan kamar mandi ke toilet sedemikian rupa sehingga resepsiis langsung mengganti kamar kami saya pikir akan lebih baik tetapi ternyata itu kesalahan besar kamar itu jelas belum siap dindingnya mungkin baru saja,KOMPETITOR,Bintang 4,BestWesternResortKuta-Bali,negative,0.9983541965484619,Facilities & Amenities,Facilities & Amenities (0.98); Guest Experience (0.48); Service Quality (0.44)
Colin Dunn,2023,5,sulit menentukan peringkat untuk hotel ini tapi saya tadinya mau kasih bintang 4 tapi berdasarkan pengalaman pribadi akhirnya saya bisa bintang 5 ini bukan resor cuma hotel sayangnya sepertinya agak terbengkalai beberapa bagian nya sudah rusak ubin lantainya hilang bukan masalah tapi bukan seperti yang diharapkan dari hotel bintang 4 kamarnya di sini dan berdebu saya bukan tipe yang suka memeriksa tapi jelas sudah berdebu sejak covid saya periksa di bawah lemari karena ponsel saya terjatuh dan isinya penuh dengan berbagai macam kotoran petugas kebersihan seharusnya membersihkannya layanan cuci juga tidak ada harus dibawa ke ujung jalan setiap hotel bintang 4 ada layanan cuci,KOMPETITOR,Bintang 4,BestWesternResortKuta-Bali,negative,0.9956704378128052,Facilities & Amenities,Facilities & Amenities (0.40); Check in/out Experience (0.33); Service Quality (0.31)
Thala Nathan,2019,5,tempat yang sangat bagus stafnya sangat sabar sopan dan membantu saya tidak bisa melupakan mereka sebagian besar menu sarapan adalah menu non vegetarian dan mungkin tidak cocok untuk orang India namun koki berhasil menyiapkan beberapa menu vegetarian meskipun bukan bagian dari menu mereka untuk vegetarian berdasarkan permintaan individu dan memastikan pengalaman yang memuaskan bagi pelanggan keluhan tentang kamar segera ditangani harganya sangat terjangkau di lokasi yang bagus ada tiga pasar di seberangnya dekat dengan bandara dan beberapa pasar terkenal secara keseluruhan tempat yang nyaman dan santai untuk beristirahat sejenak dari rutinitas selama seminggu,KOMPETITOR,Bintang 4,BestWesternResortKuta-Bali,positive,0.9991123080253601,Service Quality,Service Quality (0.99); Staff Conduct & Hospitality (0.99); Guest Experience (0.99)
CJC Trawangan,2024,5,harga terjangkau kolam renangnya luas sarapan prasmanannya lezat saya suka hotel ini banyak juga toko makanan dan toko makanan di dekatnya lokasinya strategis untuk menyewa sepeda motor dan menjelajahi kuta dan legiun dan hanya 5 menit naik taksi kembali ke bandara bahkan jika Anda bepergian dengan penerbangan domestik dari denpasar akan lebih praktis jika Anda memesan satu hari menginap di sini saya sering menggunakan hotel ini,KOMPETITOR,Bintang 4,BestWesternResortKuta-Bali,positive,0.9995212554931641,Facilities & Amenities,Facilities & Amenities (0.99); Pricing & Value for Money (0.97); Service Efficiency & Responsiveness (0.96)
Павел Крайнев,2019,4,hotelnya luar biasa stafnya sangat ramah dan bersahabat ada kolam renang yang indah bar di tepi kolam renang dan di lobi hotel dengan harga yang sangat terjangkau ada atm di seberang jalan dan tiga minimarket salah satunya buka 24 jam kamar dibersihkan setiap hari atau berdasarkan permintaan area hotel memang kecil tapi cukup interaktif ada kolam renang lobi yang indah dan orang hijau serta alam di sekitarnya ada spa kecil secara keseluruhan semuanya ringkas dan nyaman layanan kamar dan laundry tersedia secara keseluruhan kesan saya adalah rasio harga kualitasnya sangat baik,KOMPETITOR,Bintang 4,BestWesternResortKuta-Bali,positive,0.9993723034858704,Facilities & Amenities,Facilities & Amenities (0.99); Staff Conduct & Hospitality (0.98); Family & Group Friendly (0.97)
Ugur Aksu,2025,5,Saya suka tempat ini kamarnya besar kolam renangnya bagus sarapannya tidak buruk pizzaanya tidak bisa dimakan stafnya ramah menurut saya kinerja harganya bagus,KOMPETITOR,Bintang 4,BestWesternResortKuta-Bali,positive,0.9994068145751953,Facilities & Amenities,Facilities & Amenities (0.99); Guest Experience (0.97); Room Quality & Comfort (0.96)
dinesh lakhotia,2025,1,hotel harus diganti nama menjadi resort terburuk barat kuta jangan tinggal di hotel kotor dan jelek ini hotel bintang nol kami cek masuk pada 25 12 23 cek keluar pada 01 01 24 sangat kotor tidak ada tangan di kamar mandi hanya ada 1 sabun selama 8 hari perabot rusak kamar mandi tidak higienis tidak ada pembersihan di kamar mandi dan kamar perlengkapan kamar mandi berkarat rusak aksesori sangat tua kotor bau harus menyeret koper ke kamar di lantai 3 sendiri dan kembali lagi melalui tangga cek masuk dan cek keluar tidak ada staf yang tersedia lift tidak berfungsi staf staf tidak bertanggung jawab atas layanannya staf manajer tidak,KOMPETITOR,Bintang 4,BestWesternResortKuta-Bali,negative,0.9993745684623718,Check in/out Experience,Check in/out Experience (0.94); Facilities & Amenities (0.85); Complaint Handling & Service Recovery (0.66)
Zaqi Silverano,2024,1,kami perlu memberikan umpan balik yang jujur untuk hotel yang buruk ini agar mereka bisa memperbaikinya saya rasa mereka tidak pantas disebut terbaik keterlambatan barat cek masuk 2 jam udara bocor dari pancuran kamar mandi tua dan sangat kotor kami bisa mendengar suara dari luar kamar dengan sangat keras,KOMPETITOR,Bintang 4,BestWesternResortKuta-Bali,negative,0.9989057779312134,Complaint Handling & Service Recovery,Complaint Handling & Service Recovery (0.95); Guest Experience (0.92); Facilities & Amenities (0.89)
Vanessa Valdez,2024,5,Keramahannya luar biasa pelayanannya sangat baik dan ramah mereka menanyakan apa yang saya butuhkan dan meminta masukan lokasinya juga cukup strategis mungkin akan lebih baik jika menambahkan lebih banyak buah untuk sarapan lanjutkan kerja bagusnya,KOMPETITOR,Bintang 4,BestWesternResortKuta-Bali,positive,0.9972129464149475,Guest Experience,Guest Experience (1.00); Facilities & Amenities (1.00); Staff Conduct & Hospitality (1.00)
David Kennedy,2025,4,tempat yang tenang dan bersih dengan staf yang ramah dan hangat kamar kamar yang besar dan nyaman serta kolam renang dan lanskap yang indah cocok untuk keluarga alphamart indomart dan lingkaran k di seberang jalan demi kenyamanan anda general manager ivan prawoto sangat memperhatikan setiap kebutuhan saya terima kasih terbaik barat,KOMPETITOR,Bintang 4,BestWesternResortKuta-Bali,positive,0.9994418025016785,Family & Group Friendly,Family & Group Friendly (0.99); Facilities & Amenities (0.99); Staff Conduct & Hospitality (0.98)
kuscheiart,2018,4,Hotel ini sangat bagus jika anda tidak ingin menghabiskan terlalu banyak uang layanannya luar biasa dan stafnya selalu ramah dan siap membantu memenuhi kebutuhan anda kolam renang bagus dan anda bisa menikmati beberapa minuman di bar kolam renang anda bisa mencapai pantai dalam 25 menit berjalan kaki satu lagi kekurangannya adalah lantai kamar agak berdebu jadi kaki anda akan kotor jika keluar dari kamar mandi,KOMPETITOR,Bintang 4,BestWesternResortKuta-Bali,positive,0.9946111440658569,Facilities & Amenities,Facilities & Amenities (1.00); Service Quality (0.99); Staff Conduct & Hospitality (0.98)
Abrianto Joewono,2019,3,hotel ini bergaya lama dan agak kecil namun harganya cukup murah untuk hotel bintang 3 yang sudah termasuk sarapan stafnya sopan dan ramah lobi dan area resepsionis sangat nyaman dan ramah kamar tidur ratu nya cukup besar bagus dan bersih sayangnya ac nya kurang dingin pintu beranda sulit dikunci dan dibuka kami menginap di 2 kamar dan keduanya bermasalah kamar mandi mandinya indah dengan mandi besar mengangkat nya tua dan perlu ditingkatkan restorannya kecil tapi menyenangkan ada banyak pilihan makanan untuk sarapan kolam renang tampak bagus tapi agak kecil lokasinya sangat dekat dengan bandara namun tidak dapat dijangkau dengan berjalan kaki dari pantai jalan utama pusat perbelanjaan dan,KOMPETITOR,Bintang 4,BestWesternResortKuta-Bali,positive,0.996336817741394,Facilities & Amenities,Facilities & Amenities (1.00); Staff Conduct & Hospitality (0.99); Pricing & Value for Money (0.99)
Garima Paliwal,2025,5,enak banget sebagai vegan kami menemukan semuanya di sini stafnya sangat kooperatif pak pande menunjukkan perilaku yang sangat kooperatif,KOMPETITOR,Bintang 4,BestWesternResortKuta-Bali,positive,0.9985993504524231,Family & Group Friendly,Family & Group Friendly (0.99); Guest Experience (0.98); Service Quality (0.98)
prachiti gopale,2025,5,pengalaman terbaik di sini pelayanannya bagus makanannya enak kami sangat menikmati waktu kami di sini stafnya juga sangat mendukung dan ramah,KOMPETITOR,Bintang 4,BestWesternResortKuta-Bali,positive,0.9990726709365845,Service Quality,Service Quality (1.00); Guest Experience (1.00); Staff Conduct & Hospitality (1.00)
Arshad Baig,2025,5,properti yang luar biasa dengan semua fasilitas staf yang sangat ramah terutama tim resepsionis mereka bapak indra dan tim ambrosia bapak surya sangat kooperatif awalnya kami memiliki beberapa masalah saat memeriksa masuk tetapi masalah tersebut diselesaikan dengan sangat cepat oleh tim mereka terus bekerja dengan baik tim terbaik barat,KOMPETITOR,Bintang 4,BestWesternResortKuta-Bali,positive,0.9987383484840393,Facilities & Amenities,Facilities & Amenities (1.00); Staff Conduct & Hospitality (0.99); Family & Group Friendly (0.99)
Ankita Bansal,2025,2,buang buang uang saja serangga berkeliaran di kamar tidak bersih meskipun sudah diinformasikan tidak ada pilihan vegetarian di prasmanan kecuali roti busuk stafnya juga sangat kasar sangat tidak cocok untuk tempat ini ac tidak berfungsi tidak ada tangan dan perlengkapan mandi yang memadai,KOMPETITOR,Bintang 4,BestWesternResortKuta-Bali,negative,0.9992475509643555,Food & Beverage,Food & Beverage (0.99); Pricing & Value for Money (0.94); Guest Experience (0.79)
Dr Siva Kumar,2024,5,hosting yang luar biasa oleh staf yang sopan dan sangat rendah hati kamar kamarnya luas dan terawat dengan baik toiletnya bersih dan rapi terletak sangat baik untuk sebagian besar lokasi dan sangat dekat dengan bandara,KOMPETITOR,Bintang 4,BestWesternResortKuta-Bali,positive,0.9982385635375977,"Cleanliness, Hygiene & Maintenance","Cleanliness, Hygiene & Maintenance (1.00); Staff Conduct & Hospitality (1.00); Facilities & Amenities (0.99)"
Aldi,2024,4,mudah diakses banyak ATM dan toko Serbia ada di dekatnya kamarnya cukup standar bagus dan bersih tapi tidak banyak yang mengejutkan saya hotel terbaik untuk harga kisaran,KOMPETITOR,Bintang 4,BestWesternResortKuta-Bali,positive,0.9972614049911499,Facilities & Amenities,Facilities & Amenities (0.99); Room Quality & Comfort (0.96); Pricing & Value for Money (0.96)
Jefri Ananta,2023,1,4 Juli 2022 sayang sekali air panasnya tidak berfungsi dengan baik di hotel bintang 4 apalagi ac nya tidak dingin sudah minta diperbaiki tapi teknisinya tidak ada saya minta pindah kamar downgrade tapi resepsionis bilang kamarnya sudah penuh terdiam,KOMPETITOR,Bintang 4,BestWesternResortKuta-Bali,negative,0.998468816280365,Facilities & Amenities,Facilities & Amenities (0.89); Guest Experience (0.81); Service Quality (0.78)
Umar Mulla,2025,5,rekomendasi sangat bagus buat siapa pun yang ke kuta bali penginapannya luar biasa dan banyak fasilitasnya sarapan prasmanannya paling mantap buat saya dan istri,KOMPETITOR,Bintang 4,BestWesternResortKuta-Bali,positive,0.9993000030517578,Facilities & Amenities,Facilities & Amenities (0.99); Service Quality (0.98); Room Quality & Comfort (0.98)
Youde Shen,2018,5,hotel yang bagus di kuta kamarnya bersih dan nyaman sarapannya cukup lezat mereka juga menawarkan layanan pijat di dalam hotel dengan harga terjangkau ada tiga supermarket di seberang hotel sehingga anda juga bisa dengan mudah membeli camilan,KOMPETITOR,Bintang 4,BestWesternResortKuta-Bali,positive,0.9992055296897888,Facilities & Amenities,Facilities & Amenities (0.99); Room Quality & Comfort (0.99); Service Quality (0.98)
Xiaomei ZHAO,2018,5,Hotel ini luar biasa mengingat harga kamarnya bersih dan nyaman ada kolam renang di lantai bawah sarapannya menawarkan beragam pilihan makanan ada 3 supermarket di seberang hotel sekitar 10 menit berjalan kaki ke pusat perbelanjaan penemuan hotel yang luar biasa,KOMPETITOR,Bintang 4,BestWesternResortKuta-Bali,positive,0.9992146492004395,Facilities & Amenities,"Facilities & Amenities (1.00); Room Quality & Comfort (0.99); Cleanliness, Hygiene & Maintenance (0.97)"
YJ,2020,3,lokasinya dekat bandara stafnya ramah kolam renangnya indah dan sarapannya enak untuk harganya satu lagi kekurangannya adalah seprainya sangat kotor handuknya juga berwarna abu abu seprainya sangat kotor ada rambut orang lain di dalamnya dan baunya menyengat saya tidak bisa tidur jadi saya hanya tidur di atas selimut suara kipas ac di lorong pada malam hari membuat saya sulit tidur hotel ini ramah asap rokok non perokok kesulitan makan di meja luar karena asap rokok,KOMPETITOR,Bintang 4,BestWesternResortKuta-Bali,negative,0.9722400903701782,Facilities & Amenities,Facilities & Amenities (0.98); Pricing & Value for Money (0.91); Service Quality (0.86)
Meghna Varma,2024,1,pengalaman hotel terburuk yang pernah saya alami staf resepsionis sangat tidak sopan layanan kebersihannya sangat buruk pilihan sarapan terbatas dan menuunya hampir sama setiap hari staf layanan pelanggan sangat membantu dan sopan,KOMPETITOR,Bintang 4,BestWesternResortKuta-Bali,negative,0.9965149164199829,Staff Conduct & Hospitality,Staff Conduct & Hospitality (0.68); Food & Beverage (0.23); Guest Experience (0.13)
Дмитрий Желябовский,2023,2,kami memutuskan untuk tidak menginap karena itu hanyalah rumah singgah kami berjalan jalan di sekitar area hotel lalu pergi kolam renangnya kecil dan kotor dan tidak ada orang di sana di kamar mandi di lantai satu dekat kolam renang saya hampir digigit nyamuk ada 5 10 nyamuk per 0 5 meter persegi tidak ada parkir di bawah tanah kami pun pergi,KOMPETITOR,Bintang 4,BestWesternResortKuta-Bali,negative,0.9979761242866516,"Location, Accessibility & Parking","Location, Accessibility & Parking (0.97); Facilities & Amenities (0.80); Service Quality (0.65)"
Dewald 1,2020,2,tidak direkomendasikan ac terasa panas staf merapikan tempat tidur meskipun seprai kotor dan harus bertanya 3 kali sebelum diganti laundry mahal saya harus bertanya setiap kali menginginkan sesuatu karena istri saya yang tinggal di daerah setempat sepertinya bisa diabaikan makanannya agak mahal lebih baik cari makanan lokal di sekitar lokasi bagus dekat mal dan mudah mendapatkan apa saja di sekitar kamar tidur dan kamar mandi besar tapi staf kebersihannya kurang bagus,KOMPETITOR,Bintang 4,BestWesternResortKuta-Bali,negative,0.9946208000183105,Facilities & Amenities,Facilities & Amenities (0.97); Pricing & Value for Money (0.94); Guest Experience (0.86)
ABHISHEK JAIN,2020,5,pengalaman yang luar biasa terbaik resor barat memiliki kamar tidur yang sangat besar kedua ruang tamunya semua fasilitas yang dibutuhkan tersedia di sana stafnya sangat baik dan sopan spa dan restoran juga tersedia resor ini berada di lokasi yang sangat bagus banyak toko di depannya dan juga memiliki kolam renang yang besar secara keseluruhan pengalaman yang baik,KOMPETITOR,Bintang 4,BestWesternResortKuta-Bali,positive,0.9992365837097168,Facilities & Amenities,Facilities & Amenities (1.00); Service Quality (0.99); Staff Conduct & Hospitality (0.99)
Pangiestu Syahnur,2024,2,Awalnya semuanya baik baik saja saya menginap di kamar 2117 ketika pukul 8 pagi seseorang membuka pintu dan berkata seseorang dari kantor depan anggotanya kunci kamar 2117 dan mengatakan itu kamarnya lalu saya menelepon operator tetapi sampai saya memeriksa keluar tidak ada penjelasan atau permintaan maaf yang jelas dari pihak hotel,KOMPETITOR,Bintang 4,BestWesternResortKuta-Bali,negative,0.9937974810600281,Guest Experience,Guest Experience (0.82); Check in/out Experience (0.70); Service Quality (0.51)
K,2024,1,Anda sudah diperingatkan hindari tempat ini 1 ac nya tidak berfungsi dengan baik 2 saya seharusnya menginap selama 4 malam tetapi pada malam kedua seseorang mencoba membuka kamar saya pukul 23:30 syukurlah saya mengunci pintunya dua kali saya memeriksa keluar keesokan harinya dan bertanya kepada resepsionis tetapi mereka tidak memberikan penjelasan apa pun meskipun saya sudah menyimpan meminta untuk melihat CCTV uang Anda untuk hotel lain,KOMPETITOR,Bintang 4,BestWesternResortKuta-Bali,negative,0.9978698492050171,Pricing & Value for Money,Pricing & Value for Money (0.68); Check in/out Experience (0.65); Guest Experience (0.61)
Bella Chyntia Novitasari,2019,5,terletak di kawasan populer di kuta bali hotel ini menawarkan suasana santai dengan staf yang ramah kolam renang sangat bagus menawarkan kolam renang anak anak dengan panjang hingga 3 meter yang patut dicoba secara keseluruhan tempat menginap yang nyaman,KOMPETITOR,Bintang 4,BestWesternResortKuta-Bali,positive,0.9994696974754333,Staff Conduct & Hospitality,Staff Conduct & Hospitality (0.99); Facilities & Amenities (0.99); Service Quality (0.98)
marinecup,2024,4,hotelnya bagus kebersihan kamar mandinya bisa ditingkatkan dan bantal di kursinya akan sangat membantu secara keseluruhan cukup bagus,KOMPETITOR,Bintang 4,BestWesternResortKuta-Bali,positive,0.9988981485366821,"Cleanliness, Hygiene & Maintenance","Cleanliness, Hygiene & Maintenance (1.00); Facilities & Amenities (0.99); Room Quality & Comfort (0.98)"
Javad Zeeshan,2021,4,Tempat menginap ini nyaman dan stafnya baik satu lagi kekurangannya adalah makanan yang mereka sajikan harus disebutkan dalam bahasa inggris juga maksud saya nama nama makanan di meja prasmanan mereka juga punya kolam renang yang bagus,KOMPETITOR,Bintang 4,BestWesternResortKuta-Bali,positive,0.9903281331062317,Facilities & Amenities,Facilities & Amenities (0.99); Food & Beverage (0.97); Service Quality (0.88)
Marcel Rothkranz,2020,4,hotel yang terawat baik dan berlokasi di pusat kuta kamar kamarnya rapi dan bersih stafnya ramah sarapannya lumayan enak kolam renangnya bagus suasananya terang dan relatif tenang,KOMPETITOR,Bintang 4,BestWesternResortKuta-Bali,positive,0.9993928670883179,"Cleanliness, Hygiene & Maintenance","Cleanliness, Hygiene & Maintenance (1.00); Facilities & Amenities (1.00); Service Quality (0.99)"
nugello,2024,5,dekat dengan landmark kuliner kaki lima kuta pantai dan lokasi hotel yang strategis layanan kamar yang baik semuanya rapi dianjurkan jika mencari hotel yang tenang untuk menginap di dekat kuta terima kasih,KOMPETITOR,Bintang 4,BestWesternResortKuta-Bali,positive,0.9992343187332153,Service Quality,"Service Quality (1.00); Cleanliness, Hygiene & Maintenance (0.99); Facilities & Amenities (0.99)"
Aria Sasangka,2024,5,10 menit berkendara dari bandara banyak toko swalayan dan atm di depan hotel staf hotel sangat membantu dan sopan,KOMPETITOR,Bintang 4,BestWesternResortKuta-Bali,positive,0.9985184073448181,Facilities & Amenities,"Facilities & Amenities (0.99); Cleanliness, Hygiene & Maintenance (0.99); Service Efficiency & Responsiveness (0.99)"
Shabbeer Hussain,2024,5,Kamarnya sangat bagus dan terawat dan lokasinya sangat dekat dengan bandara terjangkau untuk fasilitas yang ditawarkan,KOMPETITOR,Bintang 4,BestWesternResortKuta-Bali,positive,0.9990377426147461,"Cleanliness, Hygiene & Maintenance","Cleanliness, Hygiene & Maintenance (0.99); Room Quality & Comfort (0.99); Service Quality (0.98)"
Kasun Uddhaka,2020,4,nilai yang sangat baik untuk uang tapi tidak terletak di jantung kuta namun sangat dekat dengan bandara kamar bagus dengan semua fasilitas staf hebat prasmanan pagi rata sampai pukul 10:30 pagi,KOMPETITOR,Bintang 4,BestWesternResortKuta-Bali,positive,0.9991101622581482,Facilities & Amenities,Facilities & Amenities (0.99); Food & Beverage (0.99); Service Quality (0.99)
SAMARTH GANDHI (SAM_ROX),2025,5,harga terjangkau dengan layanan dan lokasi properti terbaik berada di daerah yang sangat aman,KOMPETITOR,Bintang 4,BestWesternResortKuta-Bali,positive,0.9992221593856812,Facilities & Amenities,Facilities & Amenities (1.00); Pricing & Value for Money (0.99); Service Quality (0.99)
Gunjan Tulsyan,2025,4,hotelnya cukup mewah fasilitas kamar mandinya perlu sedikit perbaikan,KOMPETITOR,Bintang 4,BestWesternResortKuta-Bali,positive,0.9951619505882263,Facilities & Amenities,Facilities & Amenities (0.95); Guest Experience (0.77); Service Quality (0.70)
fenil shah,2024,5,pengalaman menginap yang menyenangkan dan stafnya sangat kooperatif kami merekomendasikan semua pasangan atau keluarga untuk menginap di sini 100 peringkat 10 10,KOMPETITOR,Bintang 4,BestWesternResortKuta-Bali,positive,0.9987817406654358,Family & Group Friendly,Family & Group Friendly (1.00); Service Efficiency & Responsiveness (1.00); Staff Conduct & Hospitality (0.99)
sheerapthinath os,2019,4,sarapannya menawarkan beragam pilihan menu tersedia menu barat indonesia dan hidangan penutup namun ac di kamar kurang efektif karena hanya menghadap ke satu arah sementara tempat tidur menghadap ke arah sebaliknya,KOMPETITOR,Bintang 4,BestWesternResortKuta-Bali,positive,0.7482394576072693,Food & Beverage,Food & Beverage (0.93); Facilities & Amenities (0.82); Guest Experience (0.78)
ze se,2024,5,hotel bergaya bali yang sangat elegan dengan kolam renang yang indah area pijat dan santai kamarnya luas dan nyaman serta sarapan yang sangat lengkap dan bervariasi disajikan di tepi kolam renang stafnya sangat ramah dan membantu dan harganya pun sangat terjangkau,KOMPETITOR,Bintang 4,BestWesternResortKuta-Bali,positive,0.9994908571243286,Facilities & Amenities,Facilities & Amenities (1.00); Staff Conduct & Hospitality (0.98); Pricing & Value for Money (0.98)
Silvia Angelina,2020,5,Hotel bintang empat sangat nyaman dan harganya terjangkau hotel ini dekat bandara sekitar 20 menit berkendara kamarnya luas fasilitas lengkap dan sarapannya lezat,KOMPETITOR,Bintang 4,BestWesternResortKuta-Bali,positive,0.9995365142822266,Facilities & Amenities,Facilities & Amenities (0.99); Pricing & Value for Money (0.99); Room Quality & Comfort (0.98)
yusak handianto,2019,5,Hotel yang sangat bagus bersih rapi stafnya baik dan ramah dekat banyak tempat bagus saya merekomendasikan tempat ini,KOMPETITOR,Bintang 4,BestWesternResortKuta-Bali,positive,0.9990260601043701,Facilities & Amenities,"Facilities & Amenities (0.99); Cleanliness, Hygiene & Maintenance (0.98); Service Quality (0.98)"
Wilson Ramesh,2025,5,"""Uus luar biasa dan sangat ramah""",KOMPETITOR,Bintang 4,BestWesternResortKuta-Bali,positive,0.9966835379600525,Guest Experience,Guest Experience (1.00); Service Quality (0.99); Service Efficiency & Responsiveness (0.96)
Tas Simonides,2024,5,staf hebat sangat ramah kamar bersih dan makanan enak pasti akan menginap lagi terima kasih telah menerima kami,KOMPETITOR,Bintang 4,BestWesternResortKuta-Bali,positive,0.9987118244171143,Facilities & Amenities,"Facilities & Amenities (1.00); Guest Experience (1.00); Cleanliness, Hygiene & Maintenance (1.00)"
Sans,2018,3,hotelnya agak rumit karena anda harus memarkir mobil lalu masuk ke meja resepsionis dengan pohon besar di belakangnya tapi kelebihannya mereka menawarkan kamar dengan harga terjangkau,KOMPETITOR,Bintang 4,BestWesternResortKuta-Bali,positive,0.9968225955963135,Pricing & Value for Money,Pricing & Value for Money (0.90); Facilities & Amenities (0.68); Guest Experience (0.59)
Wiga Alif,2024,5,hotelnya bagus dan tenang keramahannya juga baik makanannya enak lokasinya juga dekat bandara tempat menginap yang bagus di kuta,KOMPETITOR,Bintang 4,BestWesternResortKuta-Bali,positive,0.9992092847824097,Facilities & Amenities,"Facilities & Amenities (0.99); Cleanliness, Hygiene & Maintenance (0.98); Service Quality (0.96)"
Fazika Tan,2025,5,Lokasinya sangat strategis stafnya sangat membantu dan ramah dan menyenangkan sarapannya sangat lezat dan sangat menyenangkan karena saya orang asia akan kembali segera lagi,KOMPETITOR,Bintang 4,BestWesternResortKuta-Bali,positive,0.9986777901649475,Facilities & Amenities,Facilities & Amenities (1.00); Staff Conduct & Hospitality (0.99); Food & Beverage (0.99)
Kinjal Gosalia,2020,1,best western resort kuta terletak di belakang jalan pantai kuta jalannya juga satu arah ke kuta layanan makanan dan sarapan di hotel kurang memuaskan makanan vegetarian tidak tersedia layanan hotel sangat buruk jadi secara keseluruhan lokasi makanan dan layanannya buruk,KOMPETITOR,Bintang 4,BestWesternResortKuta-Bali,negative,0.9944977164268494,Facilities & Amenities,Facilities & Amenities (1.00); Food & Beverage (0.99); Guest Experience (0.96)
Joseph Giorgio,2013,5,Pelayanannya sangat baik dan jangan lupa untuk menikmati sarapan lezat dan di sana kamarnya sangat bersih desain interiornya bagus keren,KOMPETITOR,Bintang 4,BestWesternResortKuta-Bali,positive,0.9990461468696594,Service Quality,"Service Quality (1.00); Guest Experience (1.00); Cleanliness, Hygiene & Maintenance (1.00)"
Mateusz Renkiewicz,2019,4,hotel yang cukup menyenangkan dan menarik kolam renangnya yang besar merupakan nilai tambah lingkungannya agak kurang menarik dan tata letak bangunannya agak rumit bisa tersesat,KOMPETITOR,Bintang 4,BestWesternResortKuta-Bali,positive,0.9896747469902039,Facilities & Amenities,Facilities & Amenities (0.93); Sustainability & Environmental Quality (0.69); Ambience & Design (0.60)
clint galtrey,2021,4,awalnya memang tidak terlalu bagus tapi setelah kami mengobrol dengan manajemen mereka benar benar menunjukkan performa terbaiknya makanannya enak stafnya fantastis hotelnya luar biasa,KOMPETITOR,Bintang 4,BestWesternResortKuta-Bali,positive,0.9971650242805481,Service Quality,Service Quality (0.98); Guest Experience (0.92); Staff Conduct & Hospitality (0.89)
Anand Sanjaya,2025,5,sarapannya enak varian menu banyak stafnya ramah dan gm nya juga ramah banget,KOMPETITOR,Bintang 4,BestWesternResortKuta-Bali,positive,0.9991981387138367,Family & Group Friendly,Family & Group Friendly (0.96); Staff Conduct & Hospitality (0.93); Service Quality (0.93)
Wiz Parechet,2024,5,resornya sangat bagus begitu pula stafnya lokasinya bagus sarapannya juga lezat,KOMPETITOR,Bintang 4,BestWesternResortKuta-Bali,positive,0.999060332775116,Facilities & Amenities,Facilities & Amenities (1.00); Service Quality (1.00); Food & Beverage (1.00)
Jack Edwards,2023,1,kamarnya sangat kotor kamar mandinya rusak seprai bernoda dan handuknya tidak ada seharusnya tidak diberi bintang 4 sisi positifnya harganya murah tidak direkomendasikan,KOMPETITOR,Bintang 4,BestWesternResortKuta-Bali,negative,0.998715877532959,Pricing & Value for Money,Pricing & Value for Money (0.90); Facilities & Amenities (0.89); Service Quality (0.77)
Yuangga Rizky Illahi,2021,4,Saya menginap di sini beberapa hari pekerjaan saya terlalu padat dan kami lelah karena aktivitas lapangan sebenarnya hotelnya bagus tapi kekurangannya adalah banyak nyamuk,KOMPETITOR,Bintang 4,BestWesternResortKuta-Bali,negative,0.9979768395423889,Facilities & Amenities,Facilities & Amenities (0.69); Service Quality (0.64); Guest Experience (0.62)
rakesh soni,2024,5,makanannya sungguh luar biasa suasananya nyaman dan keramahannya luar biasa stafnya sopan dan membantu jika ke bali lagi pasti mau ke sini lagi,KOMPETITOR,Bintang 4,BestWesternResortKuta-Bali,positive,0.9991368651390076,Facilities & Amenities,"Facilities & Amenities (1.00); Staff Conduct & Hospitality (0.99); Cleanliness, Hygiene & Maintenance (0.99)"
Fabian Edian,2017,4,Tempat yang bagus untuk menginap suasana dan stafnya hebat dan membantu satu masalah lainnya adalah lokasi lift tergantung pada kamar Anda bisa sangat dekat atau sangat jauh dan tidak bagus bagi mereka yang membawa barang berat,KOMPETITOR,Bintang 4,BestWesternResortKuta-Bali,positive,0.9956690073013306,Facilities & Amenities,Facilities & Amenities (1.00); Guest Experience (1.00); Service Quality (0.99)
m eg,2016,4,Pelayanannya bagus tapi anda harus berjalan jauh di geng untuk keluar dari jalan utama ada beberapa warung makan murah di dekatnya dan ada minimarket di Seberang hotel,KOMPETITOR,Bintang 4,BestWesternResortKuta-Bali,positive,0.9984110593795776,Service Quality,Service Quality (1.00); Facilities & Amenities (0.97); Guest Experience (0.93)
Swen George,2014,3,Tempat menginap yang lumayan tidak ada yang istimewa kolam renang yang cukup bagus dan memiliki bagian yang dalam tidak seperti kebanyakan kolam renang yang terlalu dangkal,KOMPETITOR,Bintang 4,BestWesternResortKuta-Bali,positive,0.9920667409896851,Facilities & Amenities,Facilities & Amenities (0.90); Room Quality & Comfort (0.79); Guest Experience (0.73)
Yashwin Lakshmipathy,2020,5,hotel terbaik tidak ada biaya tersembunyi atau tak terduga untuk kamar tidak perlu deposit uang atau paspor sebelum memesan kamar deluxe nya luar biasa damai,KOMPETITOR,Bintang 4,BestWesternResortKuta-Bali,positive,0.9983124732971191,Service Quality,Service Quality (0.98); Service Efficiency & Responsiveness (0.93); Facilities & Amenities (0.93)
Aditya Anand (Addy),2020,4,sepertinya oke dan tempat menginap yang bagus tapi tidak ada layanan porter kisaran harga juga rata rata selebihnya rapi dan bersih,KOMPETITOR,Bintang 4,BestWesternResortKuta-Bali,positive,0.9739500880241394,"Cleanliness, Hygiene & Maintenance","Cleanliness, Hygiene & Maintenance (0.99); Facilities & Amenities (0.98); Pricing & Value for Money (0.97)"
Nós,2014,3,Sayang sekali aku memesan melalui agoda aku tidak bisa mengubah apa pun sekarang jadi kami harus tetap di sini dengan harga yang sama kita bisa menemukan hotel yang jauh lebih baik dan lebih strategis,KOMPETITOR,Bintang 4,BestWesternResortKuta-Bali,negative,0.7232891917228699,Pricing & Value for Money,Pricing & Value for Money (0.96); Booking & Reservation Experience (0.83); Facilities & Amenities (0.58)
chandu veerabomma,2024,2,Hindari tempat ini lantainya kotor seprainya kurang bagus handuknya juga jelek sarapannya membosankan,KOMPETITOR,Bintang 4,BestWesternResortKuta-Bali,negative,0.9936165809631348,Facilities & Amenities,Facilities & Amenities (0.73); Pricing & Value for Money (0.63); Food & Beverage (0.50)
Chen Cardoza,2025,5,Saya lupa mengambil foto kamarnya karena saya tinggal sebentar tapi cukup layak dengan harga,KOMPETITOR,Bintang 4,BestWesternResortKuta-Bali,positive,0.9547277092933655,Pricing & Value for Money,Pricing & Value for Money (0.96); Guest Experience (0.88); Facilities & Amenities (0.75)
ABID Stephane,2024,5,stafnya baik sangat ramah pelayanan sarapannya sangat baik dan stafnya sangat sigap sarapannya lezat,KOMPETITOR,Bintang 4,BestWesternResortKuta-Bali,positive,0.9971513152122498,Service Quality,Service Quality (1.00); Service Efficiency & Responsiveness (1.00); Staff Conduct & Hospitality (0.99)
Miheer Zaveri,2020,5,hotel yang sangat bagus kamar yang sangat luas harga terbaik Rp 40 per malam tidak dekat dengan pantai kuta tapi anda memiliki indomart alfamart tepat di seberangnya,KOMPETITOR,Bintang 4,BestWesternResortKuta-Bali,positive,0.9992844462394714,Pricing & Value for Money,Pricing & Value for Money (0.92); Facilities & Amenities (0.88); Service Quality (0.68)
ACHANAYA NVD,2023,5,hotel yang direkomendasikan untuk menginap saat keluarga kami berkunjung ke pulau surga lokasi strategis dekat dengan pusat perbelanjaan kamar bersih staf ramah,KOMPETITOR,Bintang 4,BestWesternResortKuta-Bali,positive,0.9993460774421692,Service Quality,"Service Quality (1.00); Staff Conduct & Hospitality (0.98); Cleanliness, Hygiene & Maintenance (0.97)"
Karima Laza,2020,4,hotel yang sangat bagus terletak dengan baik tapi tidak banyak penyimpanan pakaian keluarga staf yang sangat menyenangkan,KOMPETITOR,Bintang 4,BestWesternResortKuta-Bali,positive,0.996316134929657,Facilities & Amenities,Facilities & Amenities (0.92); Guest Experience (0.91); Service Quality (0.86)
aaa mmm,2020,3,hotelnya bagus secara umum dekat dengan bandara namun kebersihan tempat tidur perlu ditingkatkan karena tempat tidur saya kotor,KOMPETITOR,Bintang 4,BestWesternResortKuta-Bali,negative,0.6830785870552063,Facilities & Amenities,"Facilities & Amenities (0.92); Cleanliness, Hygiene & Maintenance (0.89); Service Quality (0.82)"
blessy noby,2020,3,kolam renangnya bagus penginapannya nyaman tapi kamar mandinya bau kunci pintunya tipis sarapannya luar biasa,KOMPETITOR,Bintang 4,BestWesternResortKuta-Bali,positive,0.6440761685371399,Facilities & Amenities,Facilities & Amenities (0.97); Guest Experience (0.78); Food & Beverage (0.74)
Trupti B,2021,5,resor cantik yang terletak di dalam kota dekat pantai pelayanan stafnya luar biasa tempat menginap yang luar biasa,KOMPETITOR,Bintang 4,BestWesternResortKuta-Bali,positive,0.9985997080802917,Service Quality,Service Quality (1.00); Guest Experience (0.99); Facilities & Amenities (0.98)
Tia Julita,2019,4,kamar bagus dan bersih staf sarapan bagus hm biasa saja beberapa makanan terasa biasa saja akses ke pantai dan pasar dekat,KOMPETITOR,Bintang 4,BestWesternResortKuta-Bali,positive,0.7160398960113525,Facilities & Amenities,"Facilities & Amenities (0.98); Service Quality (0.98); Cleanliness, Hygiene & Maintenance (0.97)"
gesang panuntun,2021,5,pemandangan bagus kamar bersih akses mudah ke pantai kuta dan dekat dengan tempat wisata lainnya,KOMPETITOR,Bintang 4,BestWesternResortKuta-Bali,positive,0.9994127750396729,Facilities & Amenities,"Facilities & Amenities (0.98); Cleanliness, Hygiene & Maintenance (0.97); Service Quality (0.95)"
Hsi Gyy,2023,2,kamarnya luas tapi wifi nya super lemot banyak staf resepsionis juga yang tidak bisa berbahasa inggris,KOMPETITOR,Bintang 4,BestWesternResortKuta-Bali,negative,0.9947406649589539,Facilities & Amenities,Facilities & Amenities (0.93); Guest Experience (0.88); Service Quality (0.82)
Jesper Lindholt,2020,4,lokasi strategis dekat bandara pelayanannya sangat ramah seperti di tempat lain di bali sarapannya enak harganya terjangkau,KOMPETITOR,Bintang 4,BestWesternResortKuta-Bali,positive,0.9994112253189087,Service Quality,Service Quality (0.99); Guest Experience (0.98); Pricing & Value for Money (0.98)
Jessica Sumual,2020,4,lokasi bagus mudah cari makan dekat Discovery Mall dan tempat wisata lainnya di daerah kuta kamar luas,KOMPETITOR,Bintang 4,BestWesternResortKuta-Bali,positive,0.9993458390235901,Facilities & Amenities,Facilities & Amenities (0.85); Food & Beverage (0.82); Family & Group Friendly (0.75)
Idris Idris,2022,5,tempat menginap yang nyaman fasilitasnya bagus menyenangkan dan bersih kolam renangnya besar,KOMPETITOR,Bintang 4,BestWesternResortKuta-Bali,positive,0.9993890523910522,Facilities & Amenities,Facilities & Amenities (1.00); Room Quality & Comfort (0.99); Service Quality (0.98)
Chaitanya Barla,2024,5,kamar dan pelayanannya bagus dan sarapannya juga enak termasuk makanan india akan sangat dihargai,KOMPETITOR,Bintang 4,BestWesternResortKuta-Bali,positive,0.9989206790924072,Facilities & Amenities,"Facilities & Amenities (1.00); Service Quality (1.00); Cleanliness, Hygiene & Maintenance (1.00)"
inge ferdiana,2018,5,pengalaman yang sangat baik untuk berada di sini stafnya sangat rendah hati dan baik hati dalam membantu kami memesan taksi dan toko binatu mereka juga menawarkan sarapan yang sangat enak dengan harga terjangkau,KOMPETITOR,Bintang 4,BestWesternResortKuta-Bali,positive,0.9987473487854004,Guest Experience,Guest Experience (1.00); Staff Conduct & Hospitality (1.00); Facilities & Amenities (1.00)
Joel Abraham,2019,4,tempat yang damai untuk menghabiskan liburan anda stafnya ramah kamar kamarnya juga terawat dengan baik budaya keramahtamahan yang mereka jaga sangat dihargai,KOMPETITOR,Bintang 4,BestWesternResortKuta-Bali,positive,0.9990835189819336,Guest Experience,Guest Experience (1.00); Staff Conduct & Hospitality (1.00); Room Quality & Comfort (1.00)
Heidje Buitendag,2021,5,stafnya sangat ramah dan profesional makanannya lumayan tapi kurang enak daerah kolam renangnya luar biasa,KOMPETITOR,Bintang 4,BestWesternResortKuta-Bali,positive,0.996946394443512,Facilities & Amenities,Facilities & Amenities (0.91); Guest Experience (0.86); Service Quality (0.86)
Yessika Raga,2025,5,Selama beristirahat di sana 4 hari memberikan pengalaman vintage yang menyenangkan dan memuaskan,KOMPETITOR,Bintang 4,BestWesternResortKuta-Bali,positive,0.9962425231933594,Cultural & Heritage Experience,Cultural & Heritage Experience (0.96); Guest Experience (0.95); Service Quality (0.95)
Wenny Indraprasti,2021,5,meskipun selama pandemi semua fasilitas di hotel berfungsi dengan baik hanya nyamuk yang sedikit mengganggu tetapi hotelnya bagus terbaik barat melakukan pekerjaan yang baik,KOMPETITOR,Bintang 4,BestWesternResortKuta-Bali,positive,0.9901518225669861,Facilities & Amenities,Facilities & Amenities (0.99); Service Quality (0.97); Guest Experience (0.83)
Teena's dairy,2019,5,Hotel yang luar biasa orang orangnya baik stafnya sangat baik sarapannya enak kamarnya bagus dan semuanya bagus,KOMPETITOR,Bintang 4,BestWesternResortKuta-Bali,positive,0.9986308217048645,Service Quality,Service Quality (0.99); Facilities & Amenities (0.99); Room Quality & Comfort (0.98)
heis hanung,2024,5,akomodasinya cukup bagus stafnya profesional ramah dan sangat membantu terutama mas ari saya akan segera kembali,KOMPETITOR,Bintang 4,BestWesternResortKuta-Bali,positive,0.998315691947937,Facilities & Amenities,Facilities & Amenities (1.00); Staff Conduct & Hospitality (0.99); Room Quality & Comfort (0.99)
Lach Hayes,2018,4,stafnya sangat ramah harganya sangat terjangkau lokasinya bagus dan fasilitasnya sesuai harapan kolam renangnya fantastis,KOMPETITOR,Bintang 4,BestWesternResortKuta-Bali,positive,0.9993639588356018,Pricing & Value for Money,Pricing & Value for Money (0.99); Facilities & Amenities (0.99); Staff Conduct & Hospitality (0.96)
Oksan Santoso,2022,5,hotelnya bagus semua stafnya ramah terima kasih terbaik resor barat kuta,KOMPETITOR,Bintang 4,BestWesternResortKuta-Bali,positive,0.9987061023712158,Service Quality,Service Quality (0.99); Staff Conduct & Hospitality (0.99); Guest Experience (0.98)
Shanti Rustandi,2019,4,hotel terbaik di kubu baru dengan harga terjangkau dan nyaman untuk keluarga dan teman ukuran kolam renangnya besar suka banget,KOMPETITOR,Bintang 4,BestWesternResortKuta-Bali,positive,0.9994522929191589,Family & Group Friendly,Family & Group Friendly (1.00); Pricing & Value for Money (0.99); Facilities & Amenities (0.99)
Amaze art tattoos karan soni,2025,5,Saya suka sekali dan pande di restoranannya orang yang luar biasa,KOMPETITOR,Bintang 4,BestWesternResortKuta-Bali,positive,0.9991996884346008,Guest Experience,Guest Experience (0.96); Food & Beverage (0.94); Service Quality (0.92)
Marcus Götling,2017,4,kamarnya bagus tapi kolam renangnya yang terbaik saya tidak bisa mengulas restorannya karena manajernya sedang mengadakan pesta dan kami tidak merasa diterima,KOMPETITOR,Bintang 4,BestWesternResortKuta-Bali,negative,0.9615496397018433,Facilities & Amenities,Facilities & Amenities (0.97); Guest Experience (0.89); Food & Beverage (0.80)
Maribel Marquez,2025,5,layanan ekstra yang diberikan kepada kami oleh Sir Ivan Gm hotel atas banyaknya permintaan kami dalam memfasilitasi reservasi pemesanan rencana perjalanan kami persyaratan panduan berani dan juga menyediakan materi yang dibutuhkan,KOMPETITOR,Bintang 4,BestWesternResortKuta-Bali,neutral,0.8909057974815369,Booking & Reservation Experience,Booking & Reservation Experience (0.96); Facilities & Amenities (0.96); Personalized & Special Services (0.89)
Linda Connolly,2019,5,menginap di sini selama 20 hari saya sangat menyukainya sangat santai stafnya luar biasa sangat ramah pilihan makanannya banyak untuk sarapan restorannya punya banyak pilihan hidangan barat asia kamarnya sangat bersih mereka menyediakan 2 botol udara setiap hari sangat direkomendasikan,KOMPETITOR,Bintang 4,BestWesternResortKuta-Bali,positive,0.9994233846664429,Service Quality,Service Quality (0.99); Staff Conduct & Hospitality (0.98); Facilities & Amenities (0.97)
石塚智也,2025,1,rasanya senang jika ada tiga toko serba ada tepat di depanmu,KOMPETITOR,Bintang 4,BestWesternResortKuta-Bali,positive,0.9971666932106018,Facilities & Amenities,"Facilities & Amenities (0.93); Family & Group Friendly (0.67); Location, Accessibility & Parking (0.61)"
Nurvani Septiani,2019,3,hotel yang cukup bagus dengan anggaran terbatas memiliki kolam renang yang bagus dan kamar yang luas namun menu pilihan sarapannya kurang dan kamar saya sangat kotor di malam pertama dua malam berikutnya kondisinya membaik setelah suami saya menelepon resepsionis,KOMPETITOR,Bintang 4,BestWesternResortKuta-Bali,negative,0.9888235926628113,Facilities & Amenities,Facilities & Amenities (1.00); Pricing & Value for Money (0.90); Service Quality (0.85)
Nasra,2020,4,Saya merekomendasikan Anda untuk menginap di sini karena hanya 20 menit berjalan kaki dari pantai dekat bandara biaya Rp150 0 dan dekat dengan toko toko lokal saya tidak merekomendasikan sarapan gratis yang sudah termasuk dalam kamar karena ada restoran yang jauh lebih baik jika Anda mau Anda dapat memesan sarapan hotel dengan harga Rp75 0 per orang stafnya sangat ramah dan membantu kolam renang hotel dipanaskan dan saran bagus untuk semua orang yang ingin menggunakan layanan taksi hanya menggunakan taksi biru burung mereka aman dan tidak mencoba menipu Anda mereka memiliki taksi biru dengan logo burung dan para pengemudinya mengenakan seragam kemeja biru bermo,KOMPETITOR,Bintang 4,BestWesternResortKuta-Bali,positive,0.9988546371459961,Staff Conduct & Hospitality,Staff Conduct & Hospitality (0.97); Facilities & Amenities (0.96); Service Efficiency & Responsiveness (0.90)
Deshdeepak Nautiyal,2019,2,ini hotel biasa saja fasilitasnya bagus tapi kurang terencana lokasi ac nya kurang tepat sulit untuk tahan musim panas pelayanannya bagus sarapannya banyak pilihan tapi tidak begitu lezat lokasi hotelnya kurang bagus tapi dekat dengan bandara jadi akan lebih murah naik taksi,KOMPETITOR,Bintang 4,BestWesternResortKuta-Bali,positive,0.8764932155609131,Facilities & Amenities,Facilities & Amenities (0.99); Service Quality (0.88); Food & Beverage (0.77)
Roberto Bajuware,2021,1,perhatian hotel ini tidak mencari tamu sore harinya kami menanyakan tarif kepada teman di resepsionis dan mereka mengatakan 250 0 rupiah per kamar untuk satu malam mereka bahkan tidak bertanya berapa banyak orang yang menginap karena tarif tersebut per kamar kami memberi tahu mereka bahwa kami akan datang lagi nanti dan meninggalkan hotel 10 jam kemudian kami mengantar teman kami ke pria sehat berusia 77 tahun untuk memeriksa masuk pria di resepsionis bertanya tentang sarapan apakah kamar tunggal atau ganda membuat saya bingung karena saya sudah tahu tarif kamarnya jadi kami bertanya bagaimana untuk kamar tunggal tanpa sarapan dan dia menjawab 400 0 rupiah setelah saya bertanya namanya dia menjawab dewa dan dia,KOMPETITOR,Bintang 4,BestWesternResortKuta-Bali,negative,0.8899109959602356,Check in/out Experience,Check in/out Experience (0.97); Guest Experience (0.95); Pricing & Value for Money (0.93)
Chalid Rasyidi,2024,4,resor yang sangat artistik banyak penjual makanan dengan harga murah di sekitarnya terletak tepat di depan lingkaran k indomaret dan alfamart sayang sekali menu sarapan tidak berubah selama 2 minggu saya di sana,KOMPETITOR,Bintang 4,BestWesternResortKuta-Bali,positive,0.9974888563156128,Facilities & Amenities,Facilities & Amenities (0.97); Ambience & Design (0.95); Food & Beverage (0.91)
Tej N,2019,4,Resor yang sempurna di kuta bali saya pernah ke sana dua bulan lalu dan menginap di sana selama 4 malam 5 hari suasananya benar benar damai dan Anda akan mendapatkan sarapan gratis yang terdiri dari hidangan india italia dan meksiko lengkap dengan bar layanan kamarnya juga baik dan terawat dengan baik,KOMPETITOR,Bintang 4,BestWesternResortKuta-Bali,positive,0.9991970658302307,Food & Beverage,"Food & Beverage (1.00); Service Quality (1.00); Cleanliness, Hygiene & Maintenance (1.00)"
Gabriel76,2021,5,best western kalian semua luar biasa mulai dari hedi hingga warung di resepsionis hingga para wanita dan pria di restoran tim yang berpengalaman dan terlatih ini memenuhi semua kebutuhan kami kualitas kamar lantai dasar dengan pemandangan kolam renang deluxe sungguh sensasional kolam renang luar biasa dan cocok untuk semua tingkat kemampuan berenang seperti tiga kolam dalam satu sarapan sudah termasuk dan kami bertiga menginap dengan harga 60 dolar australia per malam hedi dan warung saya sangat berharap Anda memperhatikan kalian berdua manajer bintang kerja bagus terbaik barat saya sudah menjadi anggota dan saya berharap sudah lama sekali,KOMPETITOR,Bintang 4,BestWesternResortKuta-Bali,positive,0.9993470311164856,Family & Group Friendly,Family & Group Friendly (1.00); Facilities & Amenities (1.00); Service Quality (0.99)
Rajiv Kumar,2019,5,tempat menginap yang sangat nyaman di bali dengan suasana yang sangat nyaman lokasinya dekat dengan bandara internasional jadi perjalanan anda tidak akan menjadi masalah staf resor ini sangat ramah dan selalu siap membantu anda kapan pun,KOMPETITOR,Bintang 4,BestWesternResortKuta-Bali,positive,0.9994414448738098,Facilities & Amenities,Facilities & Amenities (0.99); Staff Conduct & Hospitality (0.96); Room Quality & Comfort (0.93)
Hicham mebirouk,2020,1,lokasi hotel sangat buruk eksterior bersih kamar sangat kotor bantal bernoda kamar mandi kerak kapur jamur di segel mandi retakan di dinding kedap suara sangat buruk terima kasih kepada tetangga yang memutuskan untuk memanjakan diri pukul 6:30 pagi layanan sangat lambat 3 panggilan 2 kunjungan untuk meminta seseorang dari dukungan teknis datang dan memperbaiki masalah pintu kami 4 kursi dek di sekitar kolam renang semoga beruntung mendapatkan satu saya tidak merekomendasikannya ini adalah hotel bintang 4 lebih dari sekadar hotel bintang 4,KOMPETITOR,Bintang 4,BestWesternResortKuta-Bali,negative,0.9986249208450317,Facilities & Amenities,Facilities & Amenities (0.94); Guest Experience (0.67); Service Quality (0.32)
amith nambiar,2024,4,kamarnya kurang bersih saat kami sampai tapi pelayanannya cepat dan rapi makanannya lumayan dan banyak pilihannya sesuai dengan harga sarapannya,KOMPETITOR,Bintang 4,BestWesternResortKuta-Bali,positive,0.9991623163223267,Service Efficiency & Responsiveness,Service Efficiency & Responsiveness (0.98); Service Quality (0.96); Facilities & Amenities (0.95)
Amiera Channel,2024,5,Tempat menginap yang sangat bagus keramahtamahan kepada tamu sangat baik kolam renang bagus dan sangat bersih dekat dengan minimarket membuat vaksinasi kami mudah terutama dengan anak anak secara keseluruhan sangat baik menginap di terbaik barat mohon direkomendasikan untuk menginap di hotel ini,KOMPETITOR,Bintang 4,BestWesternResortKuta-Bali,positive,0.9994422793388367,Facilities & Amenities,Facilities & Amenities (1.00); Guest Experience (0.99); Service Quality (0.99)
Ganesh Hegde,2025,5,ini adalah salah satu hotel terbaik dekat kuta pelayanannya sangat baik dan lokasinya sangat dekat dengan supermarket bandara dan tempat penukaran mata uang,KOMPETITOR,Bintang 4,BestWesternResortKuta-Bali,positive,0.9992523789405823,Service Quality,Service Quality (1.00); Facilities & Amenities (0.99); Service Efficiency & Responsiveness (0.98)
Farah Salampessy,2021,4,hotelnya bagus tapi saya tidak bisa beristirahat dengan baik karena kamarnya tidak kedap suara saya bisa mendengar petugas kebersihan berjalan membawa troli dari lantai atas dan kamar di atas saya sedang menggunakan kamar mandi stafnya ramah dan membantu,KOMPETITOR,Bintang 4,BestWesternResortKuta-Bali,positive,0.9030847549438477,Facilities & Amenities,"Facilities & Amenities (0.94); Cleanliness, Hygiene & Maintenance (0.91); Service Quality (0.90)"
柯小蘭,2018,2,kamarnya berdebu kasurnya berjamur dan belum diganti ac nya disetel pada suhu 16 derajat dan tidak dingin kamar teman saya bahkan tidak punya kulkas gantungan kuncinya sangat buruk saya melaporkan masalah ini ke staf hotel mereka sangat lambat saya menjawab benar benar masuk daftar hitam,KOMPETITOR,Bintang 4,BestWesternResortKuta-Bali,negative,0.9994034767150879,Guest Experience,Guest Experience (0.73); Facilities & Amenities (0.53); Check in/out Experience (0.50)
Tya Decosta,2021,3,best western resort kuta telah menerapkan protokol kesehatan chse dengan baik dimulai dari proses cek masuk namun kamarnya agak kurang nyaman mulai dari toilet fasilitasnya tidak lengkap kami harus meminta sabun ke resepsionis tiga kali selain itu selang toiletnya bocor suara kedua bising dari kamar sebelah sangat mengganggu kami sampai kami harus menelepon resepsionis lagi ketiga telepon terus berdering menanyakan apakah kami memarkir mobil atau tidak mobil perak itu milik siapa dan sebagainya secara keseluruhan semuanya baik saja,KOMPETITOR,Bintang 4,BestWesternResortKuta-Bali,negative,0.9986180067062378,Service Quality,Service Quality (0.98); Facilities & Amenities (0.98); Check in/out Experience (0.93)
Tara,2014,5,kami menginap di sini pada Januari 2013 tempatnya indah stafnya ramah dan kami sangat senang menginap di sini sri sungguh luar biasa dia membuat liburan kami begitu berkesan kami pasti akan menginap di sini lagi sangat merekomendasikan sarapannya enak sekali terima kasih,KOMPETITOR,Bintang 4,BestWesternResortKuta-Bali,positive,0.9991826415061951,Staff Conduct & Hospitality,Staff Conduct & Hospitality (1.00); Guest Experience (0.99); Service Quality (0.99)
sushmachawla1 arora,2019,2,Saya dari chandigarh sejujurnya pengalaman saya di resor ini kurang memuaskan suasananya bagus kamar kamarnya lumayan dan handuknya kurang segar soal makanan hanya tersedia 5 vegetarian sarapannya hanya buah buahan semangka pepaya dan melon roti selai sup dan bubur jus syukurlah ada satu restoran india dekat resor jadi saya bisa di sana saya sudah menyarankan untuk menambahkan variasi sayuran di sarapan mari kita lihat apakah mereka akan mengingatinya atau tidak,KOMPETITOR,Bintang 4,BestWesternResortKuta-Bali,positive,0.6852951049804688,Facilities & Amenities,Facilities & Amenities (0.95); Service Quality (0.82); Guest Experience (0.81)
Viraj Govind alias Vijay Kocharekar,2014,3,hotel bintang 4 ini menawarkan layanan bintang 3 dengan harga terjangkau dekorasi kenyamanan kamarnya sangat buruk kami memesan kamar deluxe dan karena ketidakpuasan kami kami mendapatkan upgrade gratis ke suite tetapi pengalamannya di bawah rata rata sarapannya lumayan satu restoran di hotel adalah ambrosia yang terletak di sebelah hotel tetapi sangat biasa saja makanan bergaya bali jauh lebih lezat di luar hotel dari segi harga mungkin cukup baik untuk tinggal di sini tetapi dari segi kemwahan sekali tidak nyaman,KOMPETITOR,Bintang 4,BestWesternResortKuta-Bali,negative,0.9620605707168579,Ambience & Design,Ambience & Design (0.97); Pricing & Value for Money (0.95); Booking & Reservation Experience (0.91)
Owner,2025,2,kelebihan pelayanan ramah respon cepat terhadap keluhan dekat bandara kekurangan hotel tua kamar kurang terawat kebersihan kurang harganya kurang sepadan,KOMPETITOR,Bintang 4,BestWesternResortKuta-Bali,negative,0.9226326942443848,Service Efficiency & Responsiveness,Service Efficiency & Responsiveness (0.99); Service Quality (0.97); Staff Conduct & Hospitality (0.96)
CuriousPanda Astoria,2024,5,hotel yang bagus kolam renang yang luar biasa udara hangat dan sangat bersih kamar yang nyaman tempat tidur yang nyaman ada 3 minimarket di depan hotel dan banyak penjual makanan di dekatnya sangat dekat dengan kartika plaza,KOMPETITOR,Bintang 4,BestWesternResortKuta-Bali,positive,0.9995081424713135,Facilities & Amenities,Facilities & Amenities (0.99); Room Quality & Comfort (0.98); Service Quality (0.91)
Road Happy,2017,3,Lokasinya dekat bandara sekitar 15 menit naik taksi saya membayar 150 0 rupiah di loket taksi bandara namun masalahnya lokasinya cukup jauh dari jalan utama mungkin lebih baik menyewa taksi atau ojek untuk berkeliling ada dua minimarket tepat di seberang jalan stafnya ramah dan baik kamarnya luas dan bernuansa mewah dan sarapannya lezat dan bervariasi namun tirainya bernoda kamar mandinya kotor pintu balkonnya berderit keras dan hanya bisa dibuka dengan tenaga manusia pintunya terlepas jadi saya harus memperbaikinya sendiri ada beberapa area di mana hotel ini kurang mampu mencegah kerusakan dengan mempertimbangkan harga hotel ini menurut saya,KOMPETITOR,Bintang 4,BestWesternResortKuta-Bali,negative,0.8771741986274719,Facilities & Amenities,Facilities & Amenities (0.98); Staff Conduct & Hospitality (0.97); Service Quality (0.92)
Kamiliya Atikah,2019,4,pilihan yang tepat untuk menginap di sini kamar besar dengan bak mandi kolam renang yang bagus hidangannya lezat keramahannya luar biasa namun akses ke hotel agak rumit jika anda berkendara sendiri dan baru kali pertama ke bali,KOMPETITOR,Bintang 4,BestWesternResortKuta-Bali,positive,0.9972207546234131,Facilities & Amenities,Facilities & Amenities (0.99); Room Quality & Comfort (0.96); Service Quality (0.89)
Bradly Young,2019,4,Lokasinya bagus dan meskipun agak tua bangunannya masih terawat dengan baik kolam renang di sini adalah salah satu yang terbaik di sekitarnya rata-rata harga rata untuk 2 orang adalah 30 dolar per malam dan sudah termasuk sarapan,KOMPETITOR,Bintang 4,BestWesternResortKuta-Bali,positive,0.9982588887214661,Facilities & Amenities,"Facilities & Amenities (1.00); Cleanliness, Hygiene & Maintenance (0.99); Service Quality (0.98)"
Anna Marie,2017,5,kamar mandi bersih meskipun kamar deluxe saya agak sempit sarapannya enak dan cukup banyak pilihan di musim liburan saya meskipun area parkirnya kurang memadai keamanannya sangat membantu,KOMPETITOR,Bintang 4,BestWesternResortKuta-Bali,positive,0.9992460012435913,Facilities & Amenities,"Facilities & Amenities (0.99); Cleanliness, Hygiene & Maintenance (0.98); Service Quality (0.97)"
Spoorthi R Koppad,2025,3,Lokasinya bagus tapi kamarnya bisa lebih baik mengingat harga yang kami bayar,KOMPETITOR,Bintang 4,BestWesternResortKuta-Bali,negative,0.887864351272583,Pricing & Value for Money,Pricing & Value for Money (0.97); Facilities & Amenities (0.95); Guest Experience (0.91)
Imojean Robinson,2019,2,Banyak sekali masalah dengan makanan wifi dan lokasi yang buruk lokasinya kumuh dan menyeramkan kamar kamarnya tidak dibersihkan dengan baik makanan di restorannya buruk dan kurang variasi terkadang mereka tidak memiliki menu yang diinginkan dan alih alih memberi tahu Anda mereka malah mengubah pesanan tanpa sepengetahuan Anda,KOMPETITOR,Bintang 4,BestWesternResortKuta-Bali,negative,0.9985804557800293,Facilities & Amenities,Facilities & Amenities (1.00); Digital Connectivity & Technology (0.94); Food & Beverage (0.87)
Srwan Abdulla,2025,5,hotel yang bagus pelayanannya sangat bagus dan manajemen yang sangat ramah dengan pelanggan membuat nyaman,KOMPETITOR,Bintang 4,BestWesternResortKuta-Bali,positive,0.999174177646637,Service Quality,Service Quality (1.00); Staff Conduct & Hospitality (0.99); Guest Experience (0.99)
Yudhistira Israel,2018,4,berjalan kaki 15 menit dari pantai kuta berarti lebih sedikit keramaian dan musik keras di malam hari tapi menyulitkan anda untuk pergi ke pantai kapan pun anda mau layanannya luar biasa kamar tidur dan kamar mandinya nyaman sarapannya juga enak,KOMPETITOR,Bintang 4,BestWesternResortKuta-Bali,positive,0.9992994070053101,Facilities & Amenities,Facilities & Amenities (1.00); Service Quality (1.00); Room Quality & Comfort (0.99)
Martin Jenkins,2023,4,menginap yang menyenangkan di sini memang perawatannya kurang memadai tapi jika anda bisa mendapatkan penawaran menarik seperti yang saya dapatkan saya pasti akan merekomendasikan hotel ini,KOMPETITOR,Bintang 4,BestWesternResortKuta-Bali,positive,0.9983000159263611,Guest Experience,"Guest Experience (0.66); Facilities & Amenities (0.64); Loyalty, Recommendation & Appreciation (0.55)"
Seroja Rizki,2014,2,Mereka lupa menaruh tangan di kamar padahal kami sudah memeriksa masuk jam 6 sore kamar dan toiletnya kurang terang jadi kami tidak bisa memakai riasan yang tepat di malam hari sarapannya disajikan begitu saja saat tamu masih di sana sangat buruk,KOMPETITOR,Bintang 4,BestWesternResortKuta-Bali,negative,0.9981144666671753,Check in/out Experience,Check in/out Experience (0.94); Guest Experience (0.92); Facilities & Amenities (0.84)
Ali Muhieddine,2024,5,penginapan yang menyenangkan pelayanan luar biasa dan staf yang ramah makanan di bufet sarapan sangat fantastis dan lezat pelayanannya juga bagus,KOMPETITOR,Bintang 4,BestWesternResortKuta-Bali,positive,0.9985886216163635,Guest Experience,Guest Experience (1.00); Facilities & Amenities (1.00); Staff Conduct & Hospitality (1.00)
Srini Y,2020,3,hotel modern yang bagus di lokasi sentral dengan kolam renang menginapnya nyaman meskipun ada beberapa masalah kecil seperti pancuran bocor dan bau tak sedap di kamar mandi,KOMPETITOR,Bintang 4,BestWesternResortKuta-Bali,positive,0.998244047164917,Facilities & Amenities,Facilities & Amenities (0.98); Service Quality (0.78); Guest Experience (0.77)
AJAY Goyal,2025,5,Ivan dan pande sangat baik sikap dan layanan yang sangat baik dan lembut berbicara dan makanan yang sangat baik terutama dibuat untuk kami makanan india bintang lima tambah dari ajay goyal kamar no 2206,KOMPETITOR,Bintang 4,BestWesternResortKuta-Bali,positive,0.9984574317932129,Staff Conduct & Hospitality,Staff Conduct & Hospitality (1.00); Guest Experience (1.00); Service Quality (1.00)
bintangliburanutama tourandtravel,2024,1,Tidak ada tangan untuk memanggil operator perlu menunggu 30 menit lalu diberikan tangan untuk berenang bukan tangan untuk kamar tidak ada tisu ac terlalu kecil ruangan panas,KOMPETITOR,Bintang 4,BestWesternResortKuta-Bali,negative,0.996647298336029,Facilities & Amenities,Facilities & Amenities (0.97); Check in/out Experience (0.94); Service Quality (0.89)
Di K,2025,5,pengalaman yang menyenangkan dekat dengan pasar dan bandara sarapannya enak dan kami sangat menikmati waktu kami di bali,KOMPETITOR,Bintang 4,BestWesternResortKuta-Bali,positive,0.9992471933364868,Facilities & Amenities,Facilities & Amenities (1.00); Food & Beverage (0.99); Service Quality (0.95)
Paul Addicoat,2024,5,stafnya hebat dan ramah restoranannya standar cukup baik untuk sarapan jarak tempuh dekat banyak warung makan lokal dan 2 restoran di seberang jalan anda juga bisa memilih dari 3 minimarket yang tidak jauh dari sana seperti pantai berjalan kutabex dan lipomall anda bisa berjalan kaki jika mau tetapi lebih mudah dan cepat menggunakan sepeda motor jadi saya sarankan untuk menyewa sepeda motor,KOMPETITOR,Bintang 4,BestWesternResortKuta-Bali,positive,0.9984928369522095,Service Efficiency & Responsiveness,Service Efficiency & Responsiveness (0.99); Facilities & Amenities (0.99); Staff Conduct & Hospitality (0.98)
Rully Arga,2019,4,lokasi bagus dekat bandara dan objek wisata kuta lainnya kamarnya bagus tenang dan bersih nilai sarapan perlu ditingkatkan mengingat tarif kamarnya,KOMPETITOR,Bintang 4,BestWesternResortKuta-Bali,positive,0.9992032647132874,Facilities & Amenities,"Facilities & Amenities (0.99); Cleanliness, Hygiene & Maintenance (0.99); Service Quality (0.96)"
anugerah perdana,2019,5,nilainya sepadan dengan harga terutama untuk keluarga kecil kami kami suka bak mandi dan kolam renangnya kamar deluxe kami cukup luas kami ingin kembali lagi,KOMPETITOR,Bintang 4,BestWesternResortKuta-Bali,positive,0.999403715133667,Facilities & Amenities,Facilities & Amenities (1.00); Pricing & Value for Money (0.99); Guest Experience (0.99)
weny junita,2018,3,cukup bersih tapi arsitekturnya bergaya lama tempat ini dekat bandara ngurah rai dengan mobil dan pantai kuta dengan berjalan kaki hanya 15 menit melewati geng pemandangannya indah saat anda menikmati sarapan di depan kolam renang,KOMPETITOR,Bintang 4,BestWesternResortKuta-Bali,positive,0.9994202852249146,Facilities & Amenities,"Facilities & Amenities (0.99); Cleanliness, Hygiene & Maintenance (0.97); Ambience & Design (0.95)"
Australian Punjabi Network,2019,1,Hotel pencuri layanan kamarnya kurang bagus makanannya biasa saja dan resepsionisnya sangat buruk saya tinggal di sana Januari 2018 dan menginap selama seminggu namun pengalaman saya di sana sangat buruk jika Anda tinggal di hotel ini Anda akan bertanggung jawab atas barang barang Anda sendiri,KOMPETITOR,Bintang 4,BestWesternResortKuta-Bali,negative,0.9987485408782959,Guest Experience,Guest Experience (0.93); Food & Beverage (0.87); Facilities & Amenities (0.83)
Rohana Hidayati,2025,2,Yang terbaik barat rasanya tidak seperti kamarnya lembap dan terasa gelap pintunya tidak ada gerendelnya dan makanannya biasa saja,KOMPETITOR,Bintang 4,BestWesternResortKuta-Bali,positive,0.9458238482475281,Pricing & Value for Money,Pricing & Value for Money (0.54); Food & Beverage (0.54); Sustainability & Environmental Quality (0.48)
Tiffany Brake,2019,5,stafnya luar biasa kami merasa seperti punya keluarga baru harganya terjangkau untuk menginap dan makan lokasinya dekat dengan semua pusat keramaian tapi cukup jauh sehingga tidak akan mengganggu pasti akan menginap di sana lagi,KOMPETITOR,Bintang 4,BestWesternResortKuta-Bali,positive,0.999428927898407,Service Quality,Service Quality (0.99); Pricing & Value for Money (0.98); Facilities & Amenities (0.98)
H.K. K.,2020,1,bukan hotel yang ramah tamu tidak cocok untuk vegetarian tidak tersedia makanan vegetarian untuk sarapan tidak ada makan siang atau makan malam saya hanya bisa bertahan hidup dengan roti dan buah buahan,KOMPETITOR,Bintang 4,BestWesternResortKuta-Bali,negative,0.9541857838630676,Facilities & Amenities,Facilities & Amenities (0.92); Guest Experience (0.81); Service Quality (0.74)
Guus Manders,2025,5,hotel yang sangat bagus dengan kamar besar staf yang ramah kolam renang yang indah dan makanan lezat,KOMPETITOR,Bintang 4,BestWesternResortKuta-Bali,positive,0.9991840720176697,Facilities & Amenities,Facilities & Amenities (1.00); Service Quality (0.99); Staff Conduct & Hospitality (0.99)
Disha Chhabra,2020,4,kami menginap dengan nyaman di best western kuta sarapan prasmanannya enak tapi bisa lebih baik lagi saya rasa jumlah udara yang disediakan hotel per orang bisa sedikit ditingkatkan,KOMPETITOR,Bintang 4,BestWesternResortKuta-Bali,positive,0.9985523819923401,Service Quality,Service Quality (0.97); Facilities & Amenities (0.97); Food & Beverage (0.88)
Muttanna Hosur,2020,4,hotelnya bagus orang orangnya sopan sebagai orang india saya tidak terlalu suka makanan tapi sarapan prasmanannya menawarkan beragam pilihan,KOMPETITOR,Bintang 4,BestWesternResortKuta-Bali,positive,0.9989774227142334,Food & Beverage,Food & Beverage (0.97); Guest Experience (0.96); Service Quality (0.95)
Ptr Hkndn,2020,4,Lokasinya dekat bandara hanya 5 menit jalan kaki ada minimarket di depan hotel kamarnya bagus kolam renangnya juga bagus tapi menu sarapannya biasa saja,KOMPETITOR,Bintang 4,BestWesternResortKuta-Bali,positive,0.9964505434036255,Facilities & Amenities,Facilities & Amenities (0.99); Food & Beverage (0.89); Service Efficiency & Responsiveness (0.87)
Rachid Ahmed,2025,5,Saya ingin mengucapkan terima kasih kepada semua staf yang sangat ramah dan membantu hotel sangat bersih makanan lezat kolam renang besar dan tenang saya sangat menikmati liburan saya sangat merekomendasikan,KOMPETITOR,Bintang 4,BestWesternResortKuta-Bali,positive,0.9982031583786011,Service Quality,Service Quality (1.00); Facilities & Amenities (1.00); Staff Conduct & Hospitality (1.00)
Iwan Ganpat,2025,5,hotel indah staf ramah dan sambutan ramah makanannya juga enak kolam renang yang indah,KOMPETITOR,Bintang 4,BestWesternResortKuta-Bali,positive,0.9985573887825012,Staff Conduct & Hospitality,Staff Conduct & Hospitality (1.00); Facilities & Amenities (1.00); Service Quality (0.99)
Iliesse Haidar,2020,1,jangan sampai terjadi hotel terburuk yang pernah saya tinggali di asia hotel yang katanya bintang 4 tapi bahkan tidak sepadan dengan bintang 2 hotel yang sangat kotor debu dan puing di setiap sudut kecoak di pintu masuk kamar mandi dan wastafel kuno penuh kuman pancuran udara menggenang setelah 2 menit dengan semburan udara yang lemah fotoonya sudah berbicara sendiri pengembalian dana diminta setelah 10 menit,KOMPETITOR,Bintang 4,BestWesternResortKuta-Bali,negative,0.9991483688354492,Facilities & Amenities,Facilities & Amenities (0.99); Service Quality (0.78); Guest Experience (0.67)
Suhayl Abidi,2025,1,Ketika saya tinggal di hotel ini 10 tahun yang lalu hotel baik dan layanan sempurna hari ini putriku memeriksa masuk atas rekomendasi saya layanan bandara berhenti layanan ulang-alik tidak lagi tidak ada penangkut untuk mengambil bagasi tidak ada dari AC-kondisioner adalah fungsi masuk dua kamar dipesan pintu kamar mandi tidak menutup pada mengeluh mereka diberikan kamar lain tetapi harus membawa tas mereka sejak 100 pembayaran dibuat masuk maju satu hanya bisa tersenyum dan menanggung itu hotel ini dinilai empat lima pada pergi Ibibo pemesanan di mana ia dipesan i saran semua untuk menghindari kedua hotel dan pergi,KOMPETITOR,Bintang 4,BestWesternResortKuta-Bali,negative,0.6681597232818604,Facilities & Amenities,Facilities & Amenities (1.00); Service Efficiency & Responsiveness (1.00); Service Quality (0.99)
L Huwan,2026,1,Ini adalah hotel terburuk yang pernah saya tinggal tidak layak untuk uang sejak saya memeriksa masuk sampai hari ini malam ketiga saya tinggal kamar saya tidak pernah dibuat pagi ini saya pergi ke resepsionis untuk meminta mereka untuk membersihkan kemudian saya pergi keluar ketika saya kembali kamar saya masih semua berantakan tidak pernah bersih kecuali hotel sudah sangat tua dan keluar berurutan layanan juga super buruk tidak ada yang baik yang saya bisa menggambarkan saya sangat merekomendasikan untuk tidak tinggal di hotel ini saya membayar 2 juta di atas untuk 3 malam saya mendapat sampah,KOMPETITOR,Bintang 4,BestWesternResortKuta-Bali,negative,0.9994446635246277,Check in/out Experience,Check in/out Experience (0.93); Pricing & Value for Money (0.91); Guest Experience (0.73)
yusra ali,2025,1,Hotel terbaik resort barat ulasan hotel secara keseluruhan pengalaman saya di hotel terbaik resort barat dicampur di sini adalah pemecahan yang lebih rinci dari kamar tinggal saya kamar itu luas dan nyaman masuk syarat-syarat ukuran tapi merasa sedikit tanggal dan masuk kebutuhan renovasi layanan kamar ini adalah salah satu kemerosotan terbesar dari hotel ini kamar tidak dibersihkan baik sama sekali saya harus mengeluh karena lembaran tidak berubah dan hari berikutnya lantai tidak dibersihkan yang sangat mengecewakan lokasi hotel masuk lokasi yang bagus membuat mudah untuk mengakses banyak tempat masuk area sarapan pengalaman sarapan,KOMPETITOR,Bintang 4,BestWesternResortKuta-Bali,negative,0.9474948644638062,Facilities & Amenities,Facilities & Amenities (1.00); Guest Experience (0.99); Service Quality (0.99)
albert satria,2025,1,sebetulnya hotel lama yang bagus cma sayang banget angkat semuanya rusak yang bawa koper repot banget perlu diperbaiki manajemen waktunya,KOMPETITOR,Bintang 4,BestWesternResortKuta-Bali,positive,0.9543264508247375,Facilities & Amenities,Facilities & Amenities (0.64); Management & Policy Issues (0.56); Sustainability & Environmental Quality (0.51)
Novita Sari,2025,1,Saya tidak tahu bagaimana untuk memulai tapi hotel tua ini membutuhkan banyak pemeliharaan dan pembersihan yang mendalam Saya berharap manajemen dan housekeeping dapat bekerja lebih baik karena ini adalah hotel di lokasi yang baik staf baik dan membantu tetapi tidak layak untuk tinggal dengan keluarga dengan harga di Agoda dan traveloka saya lebih suka tinggal di jalan utama di Kartika plaza,KOMPETITOR,Bintang 4,BestWesternResortKuta-Bali,negative,0.6775431632995605,"Cleanliness, Hygiene & Maintenance","Cleanliness, Hygiene & Maintenance (1.00); Facilities & Amenities (0.99); Staff Conduct & Hospitality (0.95)"
Margaret Tan,2025,1,Saya benci hotel ini n merasa malang sejak tiba suami saya dibayar penuh selama 5 hari di sini omg kamar saya memiliki jendela besar namun tidak dapat menarik tirai seperti itu berhadapan dengan jalan lewat untuk tamu lain yang berarti saya terkunci masuk kamar tanpa pemandangan sama sekali kecuali 4 dinding n pintu resepsionis memberitahu kami bahwa ini adalah kamar yang ditingkatkan saya bertanya-tanya bagaimana itu kamar yang ditugaskan asli kami tidak bisa menjadi terburuk kemudian yang saat ini kami hanya menyampaikan kesengsaraan saya resepsionis n dia akan menetapkan kami ke kamar lain pada kedua dengan balkon,KOMPETITOR,Bintang 4,BestWesternResortKuta-Bali,negative,0.9993934631347656,Facilities & Amenities,Facilities & Amenities (0.96); Check in/out Experience (0.90); Guest Experience (0.89)
Bella Fazio,2025,1,penerbangan kami dibatalkan pada tengah malam dan harus menemukan pada saat itu sebuah hotel untuk menginap malam ini seorang sopir taksi di bandara memberitahu kami tentang hotel ini hanya 10 minus jauh dari bandara ketika saatnya untuk membayar resepsionis tertutup dengan tangannya layar dan memberitahu kami itu tidak bekerja sehingga kita akan membayar tunai dan dia akan memberikan komisi sopir taksi kami menolak untuk membayar dengan uang tunai dan tiba-tiba debit mesin bekerja lagi kamar tidak bersih dengan benar dan masuk dalam lembaran meskipun dicuci Anda bisa melihat rambut dari orang lain sarapan dasar mengerikan dengan makanan buatan tidak sehat dibayar 200 aud untuk satu malam untuk 3 orang,KOMPETITOR,Bintang 4,BestWesternResortKuta-Bali,negative,0.9988467693328857,Pricing & Value for Money,Pricing & Value for Money (0.87); Booking & Reservation Experience (0.75); Guest Experience (0.73)
xvu khi,2025,1,Tidak cukup orang bekerja masuk hotel ini tidak ada di resepsi di mana-mana masuk bali begitu ramai tapi hotel ini kita tidak heran mengapa buruk vibes hotel,KOMPETITOR,Bintang 4,BestWesternResortKuta-Bali,negative,0.6940672397613525,Guest Experience,Guest Experience (0.94); Service Quality (0.78); Check in/out Experience (0.74)
Santa Lama,2025,1,Ini hotel murah tidak puas keseluruhan kadal ada di dekat kue saya takut untuk makan,KOMPETITOR,Bintang 4,BestWesternResortKuta-Bali,negative,0.9955340623855591,Guest Experience,Guest Experience (0.98); Food & Beverage (0.97); Facilities & Amenities (0.95)
Nina Keris Dinasari,2025,1,Dibilang resort sepertinya bukan tidak ada lahan parkir bangunan model lama paling takut kalau kamar mandi ada mandi up nya sabunnya kebiasaan malas bilang karna cuma transit saja lantainya basah tidak langsung di pel sampai hotel jam 1 30 posisi staf cuma 1 orang alhamdulillah bli nya ramah untuk pegawai ramah2 untuk sarapan lumayan,KOMPETITOR,Bintang 4,BestWesternResortKuta-Bali,positive,0.9937520623207092,"Location, Accessibility & Parking","Location, Accessibility & Parking (0.91); Staff Conduct & Hospitality (0.88); Service Quality (0.86)"
Hrithuik Pavanan,2025,1,Hotel tua kita bisa melihatnya dari kamar bau buruk kamar mandi bahkan setelah mengganti kamar pertama tempat tidur digunakan memiliki noda di atasnya dan pencahayaan kamar dapat ditingkatkan,KOMPETITOR,Bintang 4,BestWesternResortKuta-Bali,negative,0.9968157410621643,Facilities & Amenities,Facilities & Amenities (0.79); Guest Experience (0.77); Service Quality (0.56)
Yovitha MKasih,2025,1,resort vintage yang kurang terawat saat saya cek masuk lantai kamar kotor handuk di kamar mandi kumal dan lusuh warna sudah bisa bersihin juga lusuh dan banyak bekas noda slip kamar tidak tersedia,KOMPETITOR,Bintang 4,BestWesternResortKuta-Bali,negative,0.9988861680030823,Check in/out Experience,Check in/out Experience (0.75); Facilities & Amenities (0.72); Cultural & Heritage Experience (0.65)
chan89my,2024,1,Hotel keramahan adalah staf yang baik semua lokasi yang sangat ramah baik untuk wisatawan hanya bahwa kamar hotel sebagian besar kamar memiliki beberapa masalah seperti udara dingin yang bising tidak dingin lantai kotor kamar mandi masalah drainase air pada bak mandi pemeliharaan masalah,KOMPETITOR,Bintang 4,BestWesternResortKuta-Bali,negative,0.9879437685012817,Service Quality,Service Quality (1.00); Facilities & Amenities (1.00); Guest Experience (0.99)
Federico Bonatti,2024,1,menghindari tempat ini tempat ini sangat kotor dan buruk dipelihara dan manajemen tampaknya tidak peduli tentang tamu mereka saya tiba di sini masuk sore untuk pemeriksaan cepat masuk dan saya kemudian kembali ke kamar saya di malam hari saya kemudian memperhatikan masuk apa kondisi mengerikan toilet itu WC kotor dengan ekstrak dari tamu sebelumnya ada kecoa berkeliaran di sekitar air panas tidak tersedia saluran pembuangan bak mandi tidak mengalir juga lantai kamar kotor dan berdebu dan jadi koridor hotel saya kemudian menelepon resepsi untuk setidaknya memiliki air panas dan WC saya dibersihkan,KOMPETITOR,Bintang 4,BestWesternResortKuta-Bali,negative,0.9993813037872314,Facilities & Amenities,Facilities & Amenities (0.94); Check in/out Experience (0.91); Guest Experience (0.87)
ronald Faiz,2025,1,Maaf terpaksa harus kasih 1 kurang suka dengan cara keamanan nya apa karena memakai motor cara suruh pindah motor maen perintah saja kita naik motor juga tidak pesen tipe kamar paling rendah loh catatan buat bli keamanan yang memakai gelang biji besar,KOMPETITOR,Bintang 4,BestWesternResortKuta-Bali,negative,0.9949160814285278,Safety & Security,Safety & Security (0.79); Guest Experience (0.73); Management & Policy Issues (0.58)
Krista Dumble,2025,1,simpan diri Anda masalah dan frustrasi buku di tempat lain aku menemukan setidaknya dua kecoa masuk kamar rambut masuk baru dibuat tempat tidur kamar tidak terlihat debu bersih di mana-mana sarapan buffet itu mengerikan kami akhirnya makan di tempat lain di mana ketika kami mencoba untuk memesan kamar layanan lebih dari setengah menu tidak tersedia mengambil lebih dari satu jam dan menjijikkan tidak ada dari staf yang tahu bahasa Inggris juga,KOMPETITOR,Bintang 4,BestWesternResortKuta-Bali,negative,0.999502420425415,Guest Experience,Guest Experience (0.93); Check in/out Experience (0.92); Booking & Reservation Experience (0.90)
Deni Yus,2025,1,kamar itu debu mengerikan di mana-mana bau buruk penutup tempat tidur membuat tubuh kita gatal saya tinggal selama 2 nites dan istri saya mendapat skabies dan sembuh setelah 3 minggu dengan pengobatan dan obat dari dokter lokasi luar biasa ukuran kamar cukup besar benar-benar layanan hanya begitu mereka menawarkan kamar yang lebih buruk pertama dan memberitahu kami bahwa kamar lain sepenuhnya dipesan kami meminta untuk pindah ke kamar lain karena lemari tidak bekerja dengan baik n kamar berbau buruk mereka akhirnya membiarkan kami pindah ke kamar lain setelah saya menjadi gila dan memiliki nada suara tinggi ketika saya menggambarkan mengapa saya ingin pindah,KOMPETITOR,Bintang 4,BestWesternResortKuta-Bali,negative,0.9986509680747986,Facilities & Amenities,Facilities & Amenities (0.99); Service Quality (0.95); Guest Experience (0.93)
Lydia Zein,2019,1,Layanan yang mengerikan untuk hotel bintang empat ketika kami datang masuk kamar tidak ada handuk dan lantai berdebu menyebabkan kaki kami super kotor seolah-olah mereka tidak membersihkan masuk bulan pemanasan air tidak berfungsi masuk pagi dan pengering rambut yang disatukan ke dinding kamar mandi tidak berfungsi sama sekali karena soket plug rusak pada hari berikutnya ketika kami meminta layanan pembersihan mereka lupa untuk membersihkan kamar kami satu-satunya hal yang membuat kita tinggal lebih baik adalah makanan untuk sarapan berharap mereka memiliki cukup meja untuk semua orang karena itu begitu padat selama sarapan bahwa kita harus,KOMPETITOR,Bintang 4,BestWesternResortKuta-Bali,negative,0.9993487000465393,Facilities & Amenities,Facilities & Amenities (0.99); Service Quality (0.95); Guest Experience (0.90)
Julien Dureau,2025,1,Bulan madu hancur karena pencurian dan total kurangnya tanggung jawab hotel kami tinggal di terbaik resort barat kuta dari 29 November sampai 3 Desember 2025 untuk bulan madu kami setelah menikah pada 8 November pada pagi hari 3 Desember kami kembali dari sarapan untuk menemukan kamar hotel kami telah memasuki dan barang berharga dicuri termasuk cincin pernikahan emas mawar kami cincin pertunangan dan uang tunai total kerugian adalah sekitar USD 2 170 EUR 1 854 mur 100 0 pencurian ini terjadi di dalam kamar hotel yang diduga aman menimbulkan kekhawatiran serius tentang akses staf keamanan ke kartu kunci tidak aman balkon dan CCTV cakupan,KOMPETITOR,Bintang 4,BestWesternResortKuta-Bali,negative,0.9808472990989685,Pricing & Value for Money,Pricing & Value for Money (0.94); Facilities & Amenities (0.51); Guest Experience (0.46)
Hastomo Diaz,2022,1,pesan via traveloka untuk berlibur hari raya nyepi saya bekerja di bali sudah 4 tahun dan tiap nyepi selalu tinggal di hotel dan baru kali ini mencoba di hotel ini untuk harga oke cukup ekonomis tapi saat pertama cek masuk dipindah dari permintaan lantai 2 ke lantai 1 sbnrnya g mslh tapi saat masuk kamarnya bau seperti kamar pembantu yang lama g dipakai listrik gbs lgsg nyala dan harus lapor ke resepsionis untuk dipanggilkan teknisi saat akan buang udara ternyata mencuci lemari gbs berfungsi belum untung keburu buang air lantai ngereskn karena g dibersihkan dengan baik keramahan,KOMPETITOR,Bintang 4,BestWesternResortKuta-Bali,negative,0.9319414496421814,Check in/out Experience,Check in/out Experience (0.86); Pricing & Value for Money (0.83); Booking & Reservation Experience (0.81)
dinesh lakhotia,2025,1,Hotel harus dinamai sebagai terburuk resor barat kuta tidak tinggal masuk ini kotor dan kotor hotel nol bintang hotel kami keluarga memeriksa pada 25 12 23 memeriksa keluar 01 01 24 sangat kotor tidak ada handuk masuk kamar mandi hanya 1 sabun selama 8 hari rusak furnitur kamar mandi tidak higienis tidak pembersihan masuk kamar mandi dan kamar berkarat rusak toilet perlengkapan sangat tua kotor bau handuk aksesoris harus menyeret bagasi ke lantai tiga kamar diri kita sendiri dan kembali juga di tangga selama masuk dan memeriksa keluar tidak ada staf tersedia tidak bekerja manajer staf irresponsi,KOMPETITOR,Bintang 4,BestWesternResortKuta-Bali,negative,0.9992923736572266,Check in/out Experience,Check in/out Experience (0.85); Facilities & Amenities (0.73); Management & Policy Issues (0.47)
Zaqi Silverano,2024,1,Kami perlu memberikan umpan balik jujur untuk hotel buruk ini untuk membuat mereka memperbaiki saya tidak berpikir mereka pantas nama terbaik barat 2 jam penundaan pemeriksaan air bocor dari mandi tua dan sangat kotor kamar mandi kita bisa mendengar suara dari luar kamar sangat keras,KOMPETITOR,Bintang 4,BestWesternResortKuta-Bali,negative,0.9990290403366089,Guest Experience,Guest Experience (0.93); Complaint Handling & Service Recovery (0.87); Facilities & Amenities (0.70)
Echa Zavinca,2024,1,Saat mau cek masuk lambat sampai 2 jam 5 jam kita tunggu di lobi sampai ketiduran haha masuk kamar dan anda belum ada kamar baru kotor dan lembap yang paling paraah ada tai manusia di sebelah kloset pintu yang jadul dan macet angkat yang tidak terawat dan jadul kotor wkwkw parah banget sih ini padahal kita sudah lama menunggu untuk masuk kamar dan kita sudah memesan kamar dari jauh hari tapi kamar baru kita pesan 4 kamar untuk 8 orang tidak lagi deeh tinggal disini cukup sekian dan terimakasih,KOMPETITOR,Bintang 4,BestWesternResortKuta-Bali,negative,0.9992115497589111,Booking & Reservation Experience,Booking & Reservation Experience (0.76); Check in/out Experience (0.75); Guest Experience (0.53)
sesil melody,2023,1,TV mati berhenti kontak mati hanya 1 yang kepakai membuat pemanas air pengering rambut mati bf nya masa cuma dikasih buah pepaya doang gk ada buah lain katanya habis malu masuk sekelas bintang 4 ah pokoknya nyesal nginap disini padahal hotel bintang 4 loh bayar mahal tapi gk sesuai kita bisa,KOMPETITOR,Bintang 4,BestWesternResortKuta-Bali,negative,0.9992176294326782,Pricing & Value for Money,Pricing & Value for Money (0.69); Management & Policy Issues (0.48); Food & Beverage (0.45)
irwan okawida,2024,1,hotel bintang 4 tapi rasa bintang 1 2 kelamaan kena pandemi kamar tidak terawat gambar tidak sesuai di aplikasi pelayanan dari resepsi sampai di resto sangat kurang sungguh malang untung hanya 1 malam nginap di sana,KOMPETITOR,Bintang 4,BestWesternResortKuta-Bali,negative,0.9976453185081482,Guest Experience,Guest Experience (0.77); Facilities & Amenities (0.69); Booking & Reservation Experience (0.60)
Jefri Ananta,2023,1,4 Juli 2022 itu adalah malu bahwa air panas tidak bekerja dengan baik masuk hotel 4 bintang Selain itu AC tidak dingin sudah diminta untuk diperbaiki tetapi teknisi tidak hadir saya meminta untuk mengganti kamar downgrade tetapi resepsionis mengatakan kamar itu penuh tanpa bicara,KOMPETITOR,Bintang 4,BestWesternResortKuta-Bali,negative,0.9989486336708069,Facilities & Amenities,Facilities & Amenities (0.95); Guest Experience (0.90); Service Quality (0.83)
Meghna Varma,2024,1,Pengalaman hotel terburuk yang pernah saya miliki staf resepsi sangat tidak sopan rumah menjaga adalah yang terburuk pernah pilihan sarapan terbatas dan hampir sama menu setiap hari staf fnb membantu dan sopan,KOMPETITOR,Bintang 4,BestWesternResortKuta-Bali,negative,0.9959321618080139,Guest Experience,Guest Experience (0.98); Food & Beverage (0.97); Staff Conduct & Hospitality (0.93)
VER NHAZLA,2023,1,sebenarnya ngasih bintang 1 jg laki-laki sih saat check masuk barang bw sendiri karena hotel tidak ada troli untuk barang bw saat ini msk kamar kamar posisi terbuka tidak terkunci kita cm taro brg lgs pergi karena msh ada urusan sampai hotel jam 12 mlm kita mau istrht sprei bantal bau banget byk rambut kita menyebar sprtnya bekas tamu seblmnya belum dibersihkan trs kamar mandi jg keset kotor wastafel byk bekas cipran pasta gigi tlp cs nya sprei baru diganti kita sudah cape hrs tnggu sprei diganti jam 1 dibm ini sih tidak cocok sampe llg,KOMPETITOR,Bintang 4,BestWesternResortKuta-Bali,negative,0.998659610748291,Check in/out Experience,Check in/out Experience (0.76); Service Quality (0.68); Facilities & Amenities (0.65)
K,2024,1,Anda telah diperingatkan menghindari tempat ini 1 AC tidak bekerja dengan baik 2 i m seharusnya tinggal selama 4 malam tetapi pada malam kedua seseorang mencoba untuk membuka kamar saya pada 11:30 pm Syukurlah saya double kunci pintu memeriksa keluar pada hari berikutnya dan bertanya resepsionis tetapi mereka tidak memberikan penjelasan meskipun saya meminta untuk melihat CCTV menyimpan uang Anda untuk hotel lain,KOMPETITOR,Bintang 4,BestWesternResortKuta-Bali,negative,0.9973638653755188,Check in/out Experience,Check in/out Experience (0.74); Pricing & Value for Money (0.70); Guest Experience (0.70)
Yudi Kasna,2025,1,minta tolong resepsi ini diajarkan tata krama yng bagus melayani siapapun atas nama indra layanan buruk dan tolong ajarkan menerima tamu siapapun itu dengan bahasa dan mimik muka yang sopan,KOMPETITOR,Bintang 4,BestWesternResortKuta-Bali,negative,0.9411540627479553,Guest Experience,Guest Experience (0.99); Staff Conduct & Hospitality (0.99); Check in/out Experience (0.98)
farizal rama,2023,1,kecewa banget resepsionis kurang ramah menunggu lama banget padahal cek masuk jam 6 sore kamar baru siap jam 7 an menunggu 1 jam breakfest kacau banyak yang abis hahahaha kurang cocok bintang 4 lebih ke bintang 2 masakan amat kurang kamar mandi tidak terawat tutup mandi tidak ada saya tidak menjelek jelekan jadikan evaluasi saja frzldhana 6 Mei 2022,KOMPETITOR,Bintang 4,BestWesternResortKuta-Bali,negative,0.999419093132019,Guest Experience,Guest Experience (0.91); Check in/out Experience (0.83); Facilities & Amenities (0.69)
Roberto Bajuware,2021,1,Perhatian perhatian hotel ini tidak mencari tamu sore ini kami bertanya tarif untuk seorang teman di resepsi dan mereka mengatakan 250 0 rupiah per kamar untuk satu malam mereka bahkan tidak bertanya tentang berapa banyak orang tinggal karena tarif adalah per kamar kami mengatakan kepada mereka kami akan datang kemudian dan meninggalkan hotel 10 jam kemudian kami menjatuhkan teman kami di sana 77 tahun pria untuk memeriksa masuk pria di resepsi bertanya tentang sarapan dan tunggal atau ganda membuat saya bingung karena saya sudah mendapatkan tarif kamar jadi kami bertanya bagaimana untuk kamar tunggal tanpa sarapan dan dia menjawab 400 0 rupiah setelah saya bertanya namanya,KOMPETITOR,Bintang 4,BestWesternResortKuta-Bali,negative,0.9876887202262878,Check in/out Experience,Check in/out Experience (0.98); Guest Experience (0.98); Pricing & Value for Money (0.96)
Bryan Young,2023,1,Saya baru saja mengalami diri saya sendiri saya sedang tidur lalu tiba pintu saya di buka oleh seseorang saya langsung bangun dan saya melihat petugas kebersihan yang membuka kamar saya dan mereka langsung menutup lagi tanpa mengatakan maaf dan sejenisnya,KOMPETITOR,Bintang 4,BestWesternResortKuta-Bali,negative,0.9558331966400146,Guest Experience,"Guest Experience (0.66); Check in/out Experience (0.60); Cleanliness, Hygiene & Maintenance (0.55)"
khairatun hisaan,2023,1,Maaf untuk mengatakan kemarin bulan terakhir Agustus 2022 tempatnya sudah tidak layak di tempati pegawai nya juga tidak selalu berdiri jika malam hari agak marah karna sepi banget katanya sih kamarnya penuh tapi dimana2 kosong tempatnya memang strategis kemana2 deket depan hotel pun langsung di suguhi 3 mini pasar tapi sangat tidak saya rekomendasikan untuk tinggal lama,KOMPETITOR,Bintang 4,BestWesternResortKuta-Bali,negative,0.980585515499115,Facilities & Amenities,"Facilities & Amenities (0.88); Guest Experience (0.76); Location, Accessibility & Parking (0.66)"
Nurul Azmy,2025,1,kamar oke jempol sayang seorang karyawan seorang hakim laki-laki mau bicara sama resepsionis jelek banget hakim pokok a sok sok an,KOMPETITOR,Bintang 4,BestWesternResortKuta-Bali,negative,0.9993056058883667,Guest Experience,Guest Experience (0.97); Facilities & Amenities (0.81); Check in/out Experience (0.70)
Jerry Peguyangan,2025,1,Pelayanan kurang untuk cek masuk gk ada petugas bawa barang sah tamu ke dalam,KOMPETITOR,Bintang 4,BestWesternResortKuta-Bali,neutral,0.49939480423927307,Guest Experience,Guest Experience (0.90); Facilities & Amenities (0.72); Service Quality (0.67)
bintangliburanutama tourandtravel,2024,1,Tidak ada handuk panggilan untuk operator perlu menunggu 30 menit kemudian memberikan handuk berenang tidak handuk kamar tidak aircond jaringan adalah untuk ruangan kecil panas,KOMPETITOR,Bintang 4,BestWesternResortKuta-Bali,negative,0.9809572696685791,Facilities & Amenities,Facilities & Amenities (0.85); Check in/out Experience (0.80); Service Quality (0.79)
Australian Punjabi Network,2019,1,Theif layanan kamar hotel tidak baik makanan jadi baik dan resepsi perawatan sangat buruk saya pergi Januari 2018 tinggal satu minggu tapi pengalaman saya sangat sangat buruk di sana jika Anda tinggal masuk hotel ini jadi Anda akan bertanggung jawab atas barang Anda sendiri,KOMPETITOR,Bintang 4,BestWesternResortKuta-Bali,negative,0.9993175268173218,Food & Beverage,Food & Beverage (1.00); Guest Experience (1.00); Facilities & Amenities (1.00)
Beuty Savitri,2021,1,Saya menginap di kamar 15 kondisi kamar kotor lantai lengket kamar mandi bau ada kue di kamar mandi dan didekat kasur colokan listrik tidak berfungsi dengan baik tidak direkomendasikan,KOMPETITOR,Bintang 4,BestWesternResortKuta-Bali,negative,0.9991311430931091,Guest Experience,Guest Experience (0.87); Facilities & Amenities (0.76); Food & Beverage (0.68)
H.K. K.,2020,1,Tidak hotel ramah tamu tidak baik untuk orang vegetarian tidak ada makanan vegetarian tersedia Ib sarapan tidak masuk makan siang atau makan malam Aku harus bertahan hidup hanya dengan roti dan buah,KOMPETITOR,Bintang 4,BestWesternResortKuta-Bali,negative,0.9744004011154175,Facilities & Amenities,Facilities & Amenities (0.97); Guest Experience (0.94); Service Quality (0.87)
Kinjal Gosalia,2020,1,terbaik resor barat kuta terletak di belakang kuta pantai jalan juga satu arah ke kuta hotel tidak baik untuk layanan makanan dan sarapan makanan sayuran tidak tersedia layanan hotel sangat miskin jadi lokasi keseluruhan layanan makanan semua miskin,KOMPETITOR,Bintang 4,BestWesternResortKuta-Bali,negative,0.9940091371536255,Facilities & Amenities,Facilities & Amenities (0.99); Food & Beverage (0.85); Guest Experience (0.84)
Jack Edwards,2023,1,Kamar itu sangat kotor kamar mandi di run down sheet telah berwarna tidak ada handuk seharusnya tidak 4 bintang di sisi tambah itu murah tidak akan merekomendasikan,KOMPETITOR,Bintang 4,BestWesternResortKuta-Bali,negative,0.999249279499054,Pricing & Value for Money,Pricing & Value for Money (0.89); Facilities & Amenities (0.88); Service Quality (0.46)
novi Rauf,2025,1,layanan baru sangat tidak ramah sering di bentak klo bicara sebaiknya jangan kesini,KOMPETITOR,Bintang 4,BestWesternResortKuta-Bali,negative,0.9993098974227905,Guest Experience,Guest Experience (0.92); Facilities & Amenities (0.70); Digital Connectivity & Technology (0.56)
Francis Edward,2023,1,Air tidak jalan dan kamar bau asap rokok ac tidak dingin,KOMPETITOR,Bintang 4,BestWesternResortKuta-Bali,negative,0.9990467429161072,Facilities & Amenities,Facilities & Amenities (0.99); Sustainability & Environmental Quality (0.83); Guest Experience (0.80)
Arumlaura Lestari,2024,1,resepsi sangat kasar tidak dianjurkan untuk Bali keramahan pergi ke tempat lain di shift pagi,KOMPETITOR,Bintang 4,BestWesternResortKuta-Bali,negative,0.9991874098777771,Guest Experience,Guest Experience (0.84); Religious & Halal Features (0.56); Pricing & Value for Money (0.55)
A W,2024,1,Mereka tidak membersihkan kamar tidak ada handuk tidak ada sabun bising bising paket wisatawan tidak tinggal di sini,KOMPETITOR,Bintang 4,BestWesternResortKuta-Bali,negative,0.9990423321723938,Facilities & Amenities,Facilities & Amenities (0.99); Service Quality (0.98); Guest Experience (0.84)
wawa Wawa,2025,1,Aku tidak dingin berkeringat kecewa,KOMPETITOR,Bintang 4,BestWesternResortKuta-Bali,positive,0.8865323662757874,"Cleanliness, Hygiene & Maintenance","Cleanliness, Hygiene & Maintenance (0.89); Sustainability & Environmental Quality (0.72); Service Efficiency & Responsiveness (0.69)"
A K,2019,1,Aku baru saja memeriksa bankku dan mereka telah mengambil tambahan 272 dari saya secara keseluruhan 2 minggu setelah tinggal di sana Aku pikir mereka harus menyimpan rincian bank Anda dan kemudian menagih Anda pada kemudian tanggal penipuan,KOMPETITOR,Bintang 4,BestWesternResortKuta-Bali,negative,0.9895108342170715,Service Quality,Service Quality (0.64); Pricing & Value for Money (0.64); Guest Experience (0.63)
Putra Suanjaya,2019,1,hotel nya kotor bagaikan bukan hotel,KOMPETITOR,Bintang 4,BestWesternResortKuta-Bali,negative,0.9994774460792542,Sustainability & Environmental Quality,Sustainability & Environmental Quality (0.45); Facilities & Amenities (0.39); Management & Policy Issues (0.37)
Himanshu,2020,1,jauh dari daerah utama pilihan yang lebih baik tersedia masuk biaya yang lebih baik staf dan layanan juga buruk,KOMPETITOR,Bintang 4,BestWesternResortKuta-Bali,negative,0.9798571467399597,Pricing & Value for Money,Pricing & Value for Money (0.96); Facilities & Amenities (0.78); Guest Experience (0.54)
Garry Buttar,2025,1,staf resepsi yang tidak profesional dan kasar,KOMPETITOR,Bintang 4,BestWesternResortKuta-Bali,negative,0.9992383718490601,Guest Experience,Guest Experience (1.00); Food & Beverage (1.00); Check in/out Experience (0.98)
Abdul Hafid,2018,1,pelayanan yang buruk dan kurang bersih,KOMPETITOR,Bintang 4,BestWesternResortKuta-Bali,negative,0.9994331002235413,Guest Experience,Guest Experience (0.96); Facilities & Amenities (0.72); Check in/out Experience (0.67)
Bagas Woro Putro,2020,1,Begitulah adanya,KOMPETITOR,Bintang 4,BestWesternResortKuta-Bali,negative,0.6652563214302063,"Cleanliness, Hygiene & Maintenance","Cleanliness, Hygiene & Maintenance (0.85); Facilities & Amenities (0.75); Sustainability & Environmental Quality (0.73)"
Anda Andi,2023,1,kurang bersih,KOMPETITOR,Bintang 4,BestWesternResortKuta-Bali,negative,0.9989051818847656,Sustainability & Environmental Quality,Sustainability & Environmental Quality (0.41); Management & Policy Issues (0.38); Food & Beverage (0.37)
MDW STICKER,2019,1,pemasangan tangki lpg,KOMPETITOR,Bintang 4,BestWesternResortKuta-Bali,neutral,0.9957122802734375,Sustainability & Environmental Quality,Sustainability & Environmental Quality (0.86); Facilities & Amenities (0.81); Personalized & Special Services (0.80)
Jefri Fahrul,2018,1,buruk,KOMPETITOR,Bintang 4,BestWesternResortKuta-Bali,negative,0.997519314289093,Facilities & Amenities,Facilities & Amenities (0.60); Food & Beverage (0.53); Pricing & Value for Money (0.53)
Khrisna W,2020,1,bangunan lama kotor,KOMPETITOR,Bintang 4,BestWesternResortKuta-Bali,negative,0.9989615678787231,Sustainability & Environmental Quality,Sustainability & Environmental Quality (0.68); Facilities & Amenities (0.68); Religious & Halal Features (0.48)
I NYOMAN AGUS PUTRA DARSANA,2019,1,staf yang baik,KOMPETITOR,Bintang 4,BestWesternResortKuta-Bali,positive,0.9959790706634521,Service Quality,"Service Quality (1.00); Loyalty, Recommendation & Appreciation (0.92); Service Efficiency & Responsiveness (0.91)"
Clelia Menato,2025,1,kotor dan kurang terawat saya tidak mengerti bagaimana ini bisa menjadi bagian dari jaringan hotel internasional kami mencoba sarapannya yang dibiarkan hangat dan daerah pembuatan telur dibiarkan begitu saja dengan burung burung yang masuk ke dalam panci dan memakan sayuran kolam renangnya udara tenang ada nozel resirkulasi tetapi udara dijaga lebih rendah sehingga tidak tersaring stafnya sangat baik dan membantu mereka menawari kami kamar dengan pemandangan kolam renang yang menurut saya salah satu yang paling nyaman tapi tetap saja kami tidak sabar untuk pergi maaf,KOMPETITOR,Bintang 4,BestWesternResortKuta-Bali,positive,0.9897302389144897,Facilities & Amenities,Facilities & Amenities (0.99); Staff Conduct & Hospitality (0.96); Service Quality (0.96)
Martina D'Ercole,2025,1,untungnya saya hanya menginap satu malam di hotel ini kondisi kamar sangat buruk tua kotor dan terbengkalai kamar mandinya hampir tidak dapat diakses toilet bak mandi dan tirai mandi dalam kondisi yang sangat buruk seprai kotor dan suasana keseluruhannya memberi kesan kamar yang terbengkalai dan tidak terawat kamar menghadap ke jalan yang ramai dan Anda bisa mendengar semuanya pintunya tidak kedap suara rasanya seperti tidur di tengah jalan pelayanan buruk hotel kotor pengalaman buruk tidak direkomendasikan,KOMPETITOR,Bintang 4,BestWesternResortKuta-Bali,negative,0.9987974166870117,Facilities & Amenities,Facilities & Amenities (1.00); Guest Experience (0.99); Ambience & Design (0.90)
Robin Novaku,2025,1,kamarnya tidak bersih ada binatang di dalam kamar tikus atau salamander,KOMPETITOR,Bintang 4,BestWesternResortKuta-Bali,negative,0.9990003705024719,Sustainability & Environmental Quality,Sustainability & Environmental Quality (0.61); Facilities & Amenities (0.59); Guest Experience (0.58)
Raffaele Borriello,2025,1,kamarnya jelek sekali kami menginap semalam di hotel ini untuk beristirahat sejenak Seprainya hitam handuknya kotor bernoda dan bau kamarnya perlu direnovasi dan dibersihkan secara menyeluruh saya sangat menyarankan untuk tidak menginap di hotel ini,KOMPETITOR,Bintang 4,BestWesternResortKuta-Bali,negative,0.9979339838027954,"Cleanliness, Hygiene & Maintenance","Cleanliness, Hygiene & Maintenance (0.61); Facilities & Amenities (0.56); Sustainability & Environmental Quality (0.45)"
김경민,2025,1,Karena urusan pribadi saya harus segera pergi ke hotel dekat bandara saya tidak punya uang tunai dan wifi nya tidak berfungsi jadi saya ditipu oleh seorang sopir taksi untuk mengikuti saya mereka bilang di bandara hanya menerima uang tunai jadi saya pikir saya akan ikut saja dengan mereka dan langsung menuju hotel tapi sesampainya di sana kami semua buru buru bertengkar dalam bahasa indonesia bla bla saya bertanya apakah saya bisa membayar dengan kartu dan sopir taksi itu kembali bertengkar dalam bahasa indonesia bla bla karyawan saya dan mengatakan saya s pengeringnya rusak dan tangan saya lebih kotor daripada pel pel dan kain ac nya rusak parah,KOMPETITOR,Bintang 4,BestWesternResortKuta-Bali,negative,0.9970200657844543,Digital Connectivity & Technology,Digital Connectivity & Technology (0.76); Pricing & Value for Money (0.69); Guest Experience (0.55)
Ji Ji,2024,1,saya hanya pernah menginap di akomodasi murah di bali dan yang ini sangat mengecewakan hari pertama saya memeriksa masuk ac nya tidak berfungsi bak mandinya sangat tua sehingga lapisannya akan terkelupas jika terkena udara sedikit saja kamar mandinya memiliki wastafel dan bak mandi tetapi ke mana pun saya mencoba menggunakan saluran udara airnya selalu tersumbat dan sangat menyebalkan sampai saya bisa mati karena mereka tidak bisa memperbaiki ac mereka memindahkan saya ke kamar sebelah tetapi kondisi kamar itu tetap sama keesokan harinya mereka memindahkan saya ke kamar di lantai satu tetapi kondisinya lebih buruk lagi sumbat saluran udara mandi tert,KOMPETITOR,Bintang 4,BestWesternResortKuta-Bali,negative,0.9991084933280945,Facilities & Amenities,Facilities & Amenities (0.92); Check in/out Experience (0.81); Pricing & Value for Money (0.66)
carlo naccarato,2025,1,ini hotel yang tak terduga dan tempat yang tidak pernah ingin anda tinggal sangat tua agak kotor dengan kamar yang sangat tidak memadai tanpa lemari atau meja rias sedemikian rupa sehingga selama sembilan malam kami harus menyimpan pakaian dalam koper banyak sekali masalah kamar mandi dari era yang berbeda kami harus meminta tangan setiap hari karena mereka hanya menyediakan tangan mandi pada malam kedua pukul 4 00 pagi ac mulai bocor malam berikutnya ada cairan hitam yang bocor dari saluran pembuangan kamar mandi ke toilet sedemikian rupa sehingga resepsiis langsung mengganti kamar kami saya pikir akan lebih baik tetapi ternyata itu kesalahan besar kamar itu jelas belum siap dindingnya mungkin baru saja,KOMPETITOR,Bintang 4,BestWesternResortKuta-Bali,negative,0.9983541965484619,Facilities & Amenities,Facilities & Amenities (0.98); Guest Experience (0.48); Service Quality (0.44)
石塚智也,2025,1,rasanya senang jika ada tiga toko serba ada tepat di depanmu,KOMPETITOR,Bintang 4,BestWesternResortKuta-Bali,positive,0.997166097164154,Facilities & Amenities,"Facilities & Amenities (0.93); Family & Group Friendly (0.67); Location, Accessibility & Parking (0.61)"
Hicham mebirouk,2020,1,lokasi hotel sangat buruk eksterior bersih kamar sangat kotor bantal bernoda kamar mandi kerak kapur jamur di segel mandi retakan di dinding kedap suara sangat buruk terima kasih kepada tetangga yang memutuskan untuk memanjakan diri pukul 6:30 pagi layanan sangat lambat 3 panggilan 2 kunjungan untuk meminta seseorang dari dukungan teknis datang dan memperbaiki masalah pintu kami 4 kursi dek di sekitar kolam renang semoga beruntung mendapatkan satu saya tidak merekomendasikannya ini adalah hotel bintang 4 lebih dari sekadar hotel bintang 4,KOMPETITOR,Bintang 4,BestWesternResortKuta-Bali,negative,0.9986231327056885,Facilities & Amenities,Facilities & Amenities (0.94); Guest Experience (0.67); Service Quality (0.32)
Iliesse Haidar,2020,1,jangan sampai terjadi hotel terburuk yang pernah saya tinggali di asia hotel yang katanya bintang 4 tapi bahkan tidak sepadan dengan bintang 2 hotel yang sangat kotor debu dan puing di setiap sudut kecoak di pintu masuk kamar mandi dan wastafel kuno penuh kuman pancuran udara menggenang setelah 2 menit dengan semburan udara yang lemah fotoonya sudah berbicara sendiri pengembalian dana diminta setelah 10 menit,KOMPETITOR,Bintang 4,BestWesternResortKuta-Bali,negative,0.9991483688354492,Facilities & Amenities,Facilities & Amenities (0.99); Service Quality (0.78); Guest Experience (0.68)
Feride Berrin Biçen,2021,1,sangat buruk sarapannya tidak enak kamar dan sprei kotor tidak diganti selama 3 hari,KOMPETITOR,Bintang 4,BestWesternResortKuta-Bali,negative,0.9994964599609375,Facilities & Amenities,Facilities & Amenities (0.99); Guest Experience (0.98); Food & Beverage (0.97)
Andy Chow,2016,1,lokasinya terpencil pelayanannya lambat dan fasilitasnya sudah ketinggalan jaman,KOMPETITOR,Bintang 4,BestWesternResortKuta-Bali,negative,0.9992021918296814,Facilities & Amenities,Facilities & Amenities (0.82); Guest Experience (0.61); Pricing & Value for Money (0.58)
HMQ,2018,1,sampah,KOMPETITOR,Bintang 4,BestWesternResortKuta-Bali,negative,0.9948746562004089,Sustainability & Environmental Quality,Sustainability & Environmental Quality (0.23); Pricing & Value for Money (0.11); Management & Policy Issues (0.07)
Susana M,2025,2,fasilitas tidak mungkin masuk kebutuhan putus asa renovasi hotel yang buruk dipelihara tanggal bau ac tidak bekerja baik cetakan masuk kolam renang dan kamar mandi umum bau dan kotor tidak baik bagi kita standar diperiksa masuk dan keluar dalam waktu 2 jam yang saya belum pernah lakukan sebelum satu-satunya adalah staf mereka luar biasa dan mencoba dan lokasi yang besar dekat bandara ada tempat yang jauh lebih baik masuk bali untuk untung mereka mengembalikan biaya tidak yakin jika semua itu tapi tidak peduli,KOMPETITOR,Bintang 4,BestWesternResortKuta-Bali,negative,0.9827626943588257,Service Quality,Service Quality (0.99); Facilities & Amenities (0.99); Check in/out Experience (0.97)
d chandrasari,2024,2,Dalam 1 mlm pindah kamar 3x baru di kamar terakhir menemukan kondisi kamar bersih dari debu dan sc nya dingin awal datang diupgrade kmrnya sudah senang saat masuk di lantai 3 kamar bau debu dan panas nyalakan ac dalam 5 menit tidak kuat sudah mulai kecewa buat saya yang alergi debu terasa sangat kmrnya tidak nyaman minta ganti diksh kamar di lantai 2 yang ac nya jg tidak dingin tapi tidak seppanas yang pertama debu msh kerasa disana sini berusaha bertahan dan siap istirahat tapi tidak panasnya dan hawa debutnya minta ganti lagi setelah menunggu akhirnya dpt kamar yang begitu masuk sudah terasa kuat bersih dari debu dan ac nya,KOMPETITOR,Bintang 4,BestWesternResortKuta-Bali,negative,0.9891981482505798,Check in/out Experience,Check in/out Experience (0.58); Guest Experience (0.58); Service Quality (0.57)
Jarang Peduli,2024,2,lokasi lumayan dkt dengan penemuan mall dan waterboom pelayanan buruk sekali cekin uda byr dan msk nya saja uda malam jam 10an kamar belum siap stlh msk kamar kamar sangat kotor pesen kamar tidak merokok dpt yang merokok lantai tidak d pel debu tebal kamar mandi salurannya mampet jadi banjir kemana2 hari ke 2 minta pindah kamar menunggu lama sekali baru bisa pindah karena tidak da yang mindahin ekstra tempat tidur nya ini antara kurang orang atau pegawai baru yang malas entahlah parkir mbl sempit ya dan tidak da petugas untuk bantu parkir dan turun masuk koper,KOMPETITOR,Bintang 4,BestWesternResortKuta-Bali,negative,0.9985407590866089,"Location, Accessibility & Parking","Location, Accessibility & Parking (0.96); Facilities & Amenities (0.80); Pricing & Value for Money (0.76)"
Alin Popa,2025,2,Kamar-kamarnya sangat kotor kamar mandi bersalju berlapis batu kapur dan ubin kotor masuk kamar di bawah kaki kulkas sepotong rambut dikumpulkan tapis masuk kamar berwarna tidak hidup sampai rantai hotel di seluruh dunia,KOMPETITOR,Bintang 4,BestWesternResortKuta-Bali,negative,0.999210000038147,Facilities & Amenities,Facilities & Amenities (0.90); Ambience & Design (0.41); Pricing & Value for Money (0.25)
Aksa Langit,2025,2,memesan 2 kamar dan tinggal selama 5 hari sangat mengganggu bahwa dua kali kami tidak mendapatkan handuk kami untuk kedua kamar menelepon ke kantor depan operator dan semua nomor yang disediakan oleh hotel tapi tidak ada yang mengambil benar-benar perlu meningkatkan tingkat layanan,KOMPETITOR,Bintang 4,BestWesternResortKuta-Bali,negative,0.99817955493927,Booking & Reservation Experience,Booking & Reservation Experience (0.98); Guest Experience (0.89); Pricing & Value for Money (0.73)
Dorin Roche,2025,2,Kami telah tinggal masuk BW properti masuk US Eropa dan baru-baru ini masuk Jakarta tapi tidak akan pernah merekomendasikan masuk properti masuk bali ke siapa pun pengalaman yang sangat menyedihkan untuk standar BW,KOMPETITOR,Bintang 4,BestWesternResortKuta-Bali,negative,0.9962595701217651,Guest Experience,Guest Experience (0.65); Check in/out Experience (0.46); Booking & Reservation Experience (0.40)
Nilesh Kamani,2025,2,makanan tidak baik kamar ac layanan diperlukan lift dengan kapasitas pengisian yang buruk staf penerimaan adalah perilaku yang baik,KOMPETITOR,Bintang 4,BestWesternResortKuta-Bali,negative,0.9954562187194824,Service Quality,Service Quality (1.00); Service Efficiency & Responsiveness (0.99); Guest Experience (0.99)
Myeongju Yoo,2022,2,tinggal di sini hanya untuk berhenti sejenak sebelum melanjutkan perjalanan ke Nusa dua setelah melihat ulasan di internet saya merasa lokasi hotel ini strategis mudah menjangkau pantai kuta dan Discovery Mall akhirnya saya mencoba untuk menginap di sini meja depan melayani proses pemeriksaan masuk dengan cepat semua karyawan ramah namun sangat kecewa dengan kebersihan dan suasana kamar sangat lembap dan bersprei kotor bernoda akhirnya saya minta ganti penerangan kamar mandi kurang tidak diberi sabun batang untuk mencuci tangan suasana hotel sangat suram dan gelap mungkin karena ingin menghemat biaya tetap saja bagi saya sebagai pelanggan tidak nyaman hotel ini sangat membutuhkan perbaikan kunjungan pertama dan terakhir untuk saya,KOMPETITOR,Bintang 4,BestWesternResortKuta-Bali,negative,0.9963920712471008,Facilities & Amenities,Facilities & Amenities (0.96); Staff Conduct & Hospitality (0.92); Service Quality (0.91)
Ginta Ambarita Sinaga,2023,2,efek pandemi kuta sepi dan hotel tidak terawat kamar bau ruangan yang belum pernah digunakan aplg seprai dan bantalnya dikamar mandi ada kecoa sarapannya tidak enak buahnya seperti buah yang sudah lama sekelas terbaik barat tidak sangka jadi tidak terurus gini seharusnya dalam endemi seperti ini mulai tingkatkan kepercayaan ke pelanggan agar mulai berjalan lagi perekonomian hotel,KOMPETITOR,Bintang 4,BestWesternResortKuta-Bali,negative,0.9988008737564087,Guest Experience,"Guest Experience (0.99); Loyalty, Recommendation & Appreciation (0.97); Service Quality (0.95)"
Qnary Production,2020,2,hotel jadul diawal dibilang kamar tidak ada sesuai yang kita pesan karena tidak mencantumkan permintaan khusuh 1 tempat tidur sya bilang buat apa cantumin karena sudah jelas judul kamar yang dipisah 1 king bed balcony view swimming pool eh ujung2 nya dikasih ada kamar oleh customer service untuk harga segitu kamar f layak bocor dan sarapan rasa kurang variasi juga kurang,KOMPETITOR,Bintang 4,BestWesternResortKuta-Bali,negative,0.995634138584137,Guest Experience,Guest Experience (0.70); Facilities & Amenities (0.68); Pricing & Value for Money (0.62)
Dewald 1,2020,2,tidak merekomendasikan aircon merasa panas staf membuat tempat tidur bahkan jika lembaran kotor dan harus bertanya 3 kali sebelum mereka mengganti mereka mahal laundry saya harus bertanya setiap kali ingin sesuatu karena istri lokal mereka tampaknya bahwa dia bisa diabaikan makanan tampak mahal daripada mendapatkan makanan lokal di sekitar lokasi yang baik dekat pusat perbelanjaan dan dapat mendapatkan apa pun di sekitar kamar tidur besar dan kamar mandi tetapi tidak baik staf pembersihan,KOMPETITOR,Bintang 4,BestWesternResortKuta-Bali,negative,0.9792694449424744,Facilities & Amenities,Facilities & Amenities (0.95); Pricing & Value for Money (0.87); Guest Experience (0.82)
Ankita Bansal,2025,2,Semua sampah uang serangga berkeliaran masuk kamar tidak kebersihan meskipun tidak memberi tahu pilihan untuk vegetarian masuk buffet kecuali roti busuk staf juga sangat kasar besar tidak untuk tempat ini ac tidak bekerja tidak ada handuk tidak toiletries yang tepat,KOMPETITOR,Bintang 4,BestWesternResortKuta-Bali,negative,0.9992778897285461,Food & Beverage,Food & Beverage (0.79); Facilities & Amenities (0.77); Pricing & Value for Money (0.70)
Pangiestu Syahnur,2024,2,Pada awalnya semuanya baik-baik saja aku tinggal masuk kamar 2117 ketika pukul 8 masuk pagi seseorang membuka pintu saya dan mengatakan bahwa seseorang dari kantor depan memberinya kunci ke kamar 2117 dan mengatakan itu adalah kamarnya kemudian aku menelepon operator tapi sampai saya memeriksa keluar tidak ada penjelasan yang jelas atau permintaan maaf dari hotel,KOMPETITOR,Bintang 4,BestWesternResortKuta-Bali,negative,0.9938871264457703,Check in/out Experience,Check in/out Experience (0.81); Guest Experience (0.76); Service Quality (0.70)
Deshdeepak Nautiyal,2019,2,ini adalah rata-rata fasilitas hotel yang baik tapi tidak direncanakan dengan baik lokasi ac benar-benar salah sulit untuk menanggung musim panas masuk bahwa kasus layanan sarapan yang baik ihas banyak pilihan tetapi tidak bahwa lokasi hotel yang lezat tidak begitu besar tetapi dekat dengan bandara jadi akan biaya sewa taksi,KOMPETITOR,Bintang 4,BestWesternResortKuta-Bali,negative,0.8998292684555054,Facilities & Amenities,Facilities & Amenities (1.00); Service Quality (1.00); Food & Beverage (0.99)
adi selamet,2017,2,Handuk harus minta keset harus minta lantai kotor rumah menjaga parah ni pelupa dan tidak teliti internet lemot pemanas udara minum tidak ada kehabisan katanya parkir mobil sempit kepaksa parkir diluar keamanan mobil tidak tau dah sarapan nasigoreng dan lainnya aneh tidak saat bumbunya kesimpulan cukup sekali dah,KOMPETITOR,Bintang 4,BestWesternResortKuta-Bali,negative,0.9990183115005493,"Location, Accessibility & Parking","Location, Accessibility & Parking (0.98); Facilities & Amenities (0.94); Food & Beverage (0.89)"
sushmachawla1 arora,2019,2,Saya dari chandigarh untuk terus terang berbicara tentang untuk resort pengalaman saya tidak begitu baik suasana adalah kamar yang baik baik jenis oke dan handuk tidak memberikan tampilan segar tentang makanan makanan vegetarian adalah 5 hanya buah semangka papaya dan musk melon jam roti sup jus poridge masuk sarapan terima kasih kepada Tuhan dekat untuk resort satu restoran India ada di sana jadi saya berhasil memiliki makan saya di sana saya telah memberikan saran untuk menambahkan sayuran berbagai masuk sarapan biarkan kita c cuaca mereka mematuhi atau tidak,KOMPETITOR,Bintang 4,BestWesternResortKuta-Bali,positive,0.8968431353569031,Facilities & Amenities,Facilities & Amenities (0.99); Room Quality & Comfort (0.97); Guest Experience (0.92)
Owner,2025,2,layanan ramah pro cepat menanggapi keluhan dekat bandara kons kamar hotel lama tidak baik dipertahankan kebersihan buruk tidak layak harga,KOMPETITOR,Bintang 4,BestWesternResortKuta-Bali,negative,0.9981741905212402,Service Efficiency & Responsiveness,Service Efficiency & Responsiveness (0.99); Guest Experience (0.94); Pricing & Value for Money (0.94)
Imojean Robinson,2019,2,memiliki begitu banyak masalah dengan makanan wifi dan lokasi yang buruk masuk daftar dan lokasi menakutkan kamar tidak bersih restoran makanan itu mengerikan tidak variasi yang baik kadang-kadang mereka tidak memiliki item di menu dan alih-alih memberitahu Anda mereka hanya memodifikasi urutan tanpa pengetahuan Anda,KOMPETITOR,Bintang 4,BestWesternResortKuta-Bali,negative,0.9983925223350525,Facilities & Amenities,Facilities & Amenities (0.99); Digital Connectivity & Technology (0.88); Guest Experience (0.85)
Seroja Rizki,2014,2,Mereka lupa untuk meletakkan handuk masuk ke kamar meskipun kita sudah memeriksa masuk pada jam 6 malam tidak banyak cahaya masuk ke kamar atau toilet sehingga kita tidak bisa menempatkan makeup yang tepat masuk malam berjalan sarapan sementara tamu masih di sana sangat buruk,KOMPETITOR,Bintang 4,BestWesternResortKuta-Bali,negative,0.9983824491500854,Guest Experience,Guest Experience (0.96); Facilities & Amenities (0.95); Check in/out Experience (0.93)
Rohana Hidayati,2025,2,Best Western yang tidak terasa seperti Best Bedroom adalah basah dan terasa gelap tidak ada kunci pada kunci pintu dan makanan begitu begitu,KOMPETITOR,Bintang 4,BestWesternResortKuta-Bali,negative,0.8928810954093933,Food & Beverage,Food & Beverage (0.85); Ambience & Design (0.65); Facilities & Amenities (0.56)
Haris Sandi,2021,2,kamar kotor kamar mandi bau lantai lengket saat cek masuk ada kecoa mati di kamar mandi dan kamar tidur drainase kamar mandi jelek colokan beberapa masalah kita cek masuk di kamar 15,KOMPETITOR,Bintang 4,BestWesternResortKuta-Bali,negative,0.9993320107460022,Facilities & Amenities,Facilities & Amenities (0.75); Check in/out Experience (0.64); Service Quality (0.59)
ainie djusman,2019,2,Hotel budget semua serba standar dekat pantai kuta dekat bandara sekitar hotel byk supermarket dan restoran kolam renangnya bersih tapi kurang besat cocok untuk transit,KOMPETITOR,Bintang 4,BestWesternResortKuta-Bali,positive,0.997123658657074,Facilities & Amenities,"Facilities & Amenities (0.99); Cleanliness, Hygiene & Maintenance (0.97); Pricing & Value for Money (0.93)"
Tien Tien Le Le,2022,2,perawatan kamar hotel kurang bagus banyak serangga dikamar kenyamanan nginap mengecewakan,KOMPETITOR,Bintang 4,BestWesternResortKuta-Bali,negative,0.9992788434028625,Facilities & Amenities,"Facilities & Amenities (0.96); Guest Experience (0.95); Cleanliness, Hygiene & Maintenance (0.85)"
chandu veerabomma,2024,2,Hindari tempat ini lantai kotor tidak begitu baik handuk tempat tidur juga buruk sarapan adalah membosankan,KOMPETITOR,Bintang 4,BestWesternResortKuta-Bali,negative,0.9993166923522949,Facilities & Amenities,"Facilities & Amenities (0.99); Guest Experience (0.95); Cleanliness, Hygiene & Maintenance (0.90)"
Hsi Gyy,2023,2,Kamarnya luas tapi wifinya super super lambat juga banyak staf masuk resepsi tidak berbicara bahasa inggris,KOMPETITOR,Bintang 4,BestWesternResortKuta-Bali,negative,0.9911013841629028,Facilities & Amenities,Facilities & Amenities (0.98); Guest Experience (0.92); Service Quality (0.84)
Menur Nur,2021,2,sebenarnya bagus kamarnya besar bersih cuman mohon maaf bau kamarnya ndak enak baunya,KOMPETITOR,Bintang 4,BestWesternResortKuta-Bali,positive,0.7540000081062317,Service Quality,"Service Quality (0.79); Guest Experience (0.74); Cleanliness, Hygiene & Maintenance (0.73)"
Lip,2020,2,sangat perlu untuk di tingkatkn lg kebersihan dn keramahan resepsi ny,KOMPETITOR,Bintang 4,BestWesternResortKuta-Bali,positive,0.996009111404419,"Cleanliness, Hygiene & Maintenance","Cleanliness, Hygiene & Maintenance (0.99); Guest Experience (0.97); Service Efficiency & Responsiveness (0.97)"
Oskar Pranoto,2019,2,tempat parkir kurang luas untuk bus menengah,KOMPETITOR,Bintang 4,BestWesternResortKuta-Bali,negative,0.7815093994140625,"Location, Accessibility & Parking","Location, Accessibility & Parking (0.89); Facilities & Amenities (0.80); Sustainability & Environmental Quality (0.69)"
alphaconceptinc,2025,2,kamar tidak dijaga dan kotor,KOMPETITOR,Bintang 4,BestWesternResortKuta-Bali,negative,0.9991990923881531,Guest Experience,Guest Experience (0.87); Facilities & Amenities (0.83); Sustainability & Environmental Quality (0.57)
Mangesh g,2018,2,Ini hotel yang bagus untuk bulan madu masuk pusat Bali,KOMPETITOR,Bintang 4,BestWesternResortKuta-Bali,positive,0.997945249080658,Cultural & Heritage Experience,Cultural & Heritage Experience (0.91); Facilities & Amenities (0.90); Family & Group Friendly (0.89)
R A D Ajith Ranasinghe,2018,2,layanan sangat buruk sarapan sangat miskin,KOMPETITOR,Bintang 4,BestWesternResortKuta-Bali,negative,0.9992386102676392,Guest Experience,Guest Experience (1.00); Facilities & Amenities (0.99); Check in/out Experience (0.96)
Alan,2020,2,Tentu saja tidak hotel 4 bintang,KOMPETITOR,Bintang 4,BestWesternResortKuta-Bali,negative,0.725945770740509,Facilities & Amenities,Facilities & Amenities (0.74); Sustainability & Environmental Quality (0.73); Pricing & Value for Money (0.59)
H. Arsyad H. Ishaka,2019,2,biasa2 saja tak ada yang istimewa,KOMPETITOR,Bintang 4,BestWesternResortKuta-Bali,negative,0.9941639304161072,Food & Beverage,Food & Beverage (0.54); Pricing & Value for Money (0.52); Check in/out Experience (0.38)
Bisme,2019,2,kamarmandinya bau,KOMPETITOR,Bintang 4,BestWesternResortKuta-Bali,negative,0.9989418387413025,Facilities & Amenities,"Facilities & Amenities (0.94); Ambience & Design (0.91); Cleanliness, Hygiene & Maintenance (0.79)"
Edvieanto Edvi,2019,2,kurang mantap,KOMPETITOR,Bintang 4,BestWesternResortKuta-Bali,negative,0.9955605268478394,Management & Policy Issues,Management & Policy Issues (0.42); Pricing & Value for Money (0.42); Food & Beverage (0.35)
Aidilla ulyanisya,2020,2,layanan yang tidak memuaskan,KOMPETITOR,Bintang 4,BestWesternResortKuta-Bali,negative,0.9992145299911499,Guest Experience,Guest Experience (0.86); Facilities & Amenities (0.65); Management & Policy Issues (0.63)
Amit Bhattacharjee,2018,2,Aku ingin pergi ke sini,KOMPETITOR,Bintang 4,BestWesternResortKuta-Bali,negative,0.8565548062324524,Cultural & Heritage Experience,Cultural & Heritage Experience (0.89); Facilities & Amenities (0.88); Check in/out Experience (0.80)
Jürgen Kreischer,2025,2,area kolam renang sangat bagus dan terawat sayangnya bagian lain agak kotor kamarnya indah tapi kurang bersih sarapannya berlimpah tetapi juga kurang bersih kamar di tepi kolam renang tenang sesuatu yang tentu saja tidak bisa anda harapkan dari kamar kamar yang menghadap ke jalan,KOMPETITOR,Bintang 4,BestWesternResortKuta-Bali,positive,0.606015145778656,Facilities & Amenities,"Facilities & Amenities (0.78); Cleanliness, Hygiene & Maintenance (0.57); Food & Beverage (0.39)"
Дмитрий Желябовский,2023,2,kami memutuskan untuk tidak menginap karena itu hanyalah rumah singgah kami berjalan jalan di sekitar area hotel lalu pergi kolam renangnya kecil dan kotor dan tidak ada orang di sana di kamar mandi di lantai satu dekat kolam renang saya hampir digigit nyamuk ada 5 10 nyamuk per 0 5 meter persegi tidak ada parkir di bawah tanah kami pun pergi,KOMPETITOR,Bintang 4,BestWesternResortKuta-Bali,negative,0.9979761242866516,"Location, Accessibility & Parking","Location, Accessibility & Parking (0.97); Facilities & Amenities (0.80); Service Quality (0.64)"
柯小蘭,2018,2,kamarnya berdebu kasurnya berjamur dan belum diganti ac nya disetel pada suhu 16 derajat dan tidak dingin kamar teman saya bahkan tidak punya kulkas gantungan kuncinya sangat buruk saya melaporkan masalah ini ke staf hotel mereka sangat lambat saya menjawab benar benar masuk daftar hitam,KOMPETITOR,Bintang 4,BestWesternResortKuta-Bali,negative,0.9994034767150879,Guest Experience,Guest Experience (0.73); Facilities & Amenities (0.54); Check in/out Experience (0.50)
Evgeniia Vinogradova,2019,2,Orang orang India berteriak teriak di kamar dapurnya tidak bisa masak terkadang pizza berisi daging mentah terkadang ada rambut di spageti pengalaman hotel paling tidak menyenangkan dalam hidupku,KOMPETITOR,Bintang 4,BestWesternResortKuta-Bali,negative,0.9993384480476379,Guest Experience,Guest Experience (0.98); Check in/out Experience (0.88); Facilities & Amenities (0.81)
Torben christensen,2019,2,sebuah hotel yang membutuhkan beberapa pemeliharaan di beberapa daerah dan terdapat banyak orang tionghoa yang berisik,KOMPETITOR,Bintang 4,BestWesternResortKuta-Bali,negative,0.9507489204406738,Facilities & Amenities,Facilities & Amenities (0.93); Guest Experience (0.79); Service Quality (0.66)
safar alghamdi,2021,2,tempatnya bagus dan akomodasinya tenang namun hati hati staf mencoba meminta uang tambahan dengan cara yang tidak jujur saat proses cek keluar,KOMPETITOR,Bintang 4,BestWesternResortKuta-Bali,negative,0.9915698766708374,Facilities & Amenities,Facilities & Amenities (1.00); Room Quality & Comfort (0.98); Guest Experience (0.93)
erry watie,2025,3,hotel yang sudah terlihat tua ada bbrp bagian yang perlu pemeliharaan agar tidak terkesan kotor dan berdebu ken bangunan aura nya agak gimana gitu apalagi klo lewat lorong malem2 sudah 2 mlm menginap selalu tidak ada handuk dan keset d kamar emang setiap bersihin kamar tidak langsung diganti yang baru apa garis telp d kamar tidak berfungsi sudah komplain trs bilangnya akan dikes tapi fa dibenerin jg kalau emang tidak ada lebih baik bilang saja drpd telp jadi pajangan saja klo mo telp resepsionis hrs pke hp telepon k front service,KOMPETITOR,Bintang 4,BestWesternResortKuta-Bali,negative,0.997822642326355,"Cleanliness, Hygiene & Maintenance","Cleanliness, Hygiene & Maintenance (0.86); Facilities & Amenities (0.80); Complaint Handling & Service Recovery (0.63)"
Gabriel Rizkiawan,2025,3,Ketika kami datang posisi cuaca sangat panas tidak ada staf yang datang membantu sekedar menurunkan barang keamanan hanya melihat saja dari tempat teduh kamarnya cukup luas tetapi ada suara ac di luar ruangan yang cukup mengganggu tidur malam kami sarapan cukup standar saja lokasi sangat strategis sisanya ya hanya untuk hotel transit saja,KOMPETITOR,Bintang 4,BestWesternResortKuta-Bali,positive,0.9065836668014526,Facilities & Amenities,Facilities & Amenities (0.69); Safety & Security (0.65); Guest Experience (0.64)
Victor Abraham,2023,3,hotel bintang empat yang sebenarnya cukup nyaman untuk menginap karena ruangan kamar yang cukup luas dilengkapi sofa dan kursi santai serta terdapat balkon di bagian belakang kamar untuk bersantai di pagi hari sayangnya ketika masuk,KOMPETITOR,Bintang 4,BestWesternResortKuta-Bali,positive,0.9960297346115112,Facilities & Amenities,Facilities & Amenities (0.99); Room Quality & Comfort (0.94); Family & Group Friendly (0.84)
herman Q,2021,3,Lokasinya strategis di kuta bali sebenarnya kalau mau jalan kaki ke pantai dekat ke mall penemuan juga deket ke legiun sekitar 18 km kamarnya luasnya tempat tidurnya juga kamarnya bersih begitu juga dengan kamarnya,KOMPETITOR,Bintang 4,BestWesternResortKuta-Bali,positive,0.9994603991508484,"Cleanliness, Hygiene & Maintenance","Cleanliness, Hygiene & Maintenance (0.99); Service Quality (0.98); Room Quality & Comfort (0.98)"
Ranra Maharani,2019,3,pelayanan cukup baik proses cek masuk pun tidak memakan waktu terlalu lama hanya saja di kamar yang kami tempati terdapat kecoa untungnya tepat pada hari terakhir kami menginap di sana udara panas bekerja dengan baik kolam renang cukup,KOMPETITOR,Bintang 4,BestWesternResortKuta-Bali,positive,0.9961594343185425,Service Quality,Service Quality (0.99); Facilities & Amenities (0.96); Service Efficiency & Responsiveness (0.93)
Adi Takrodi,2021,3,tambah pemesanan superior diupgrade ke deluxe ada bathub tapi kran nya rusak view kolam renang oke depan hotel banyak minimarket kaki lima minus ruang parkir minim banget malam mobil parkir di trotoar kurang nyaman,KOMPETITOR,Bintang 4,BestWesternResortKuta-Bali,negative,0.9838063716888428,Facilities & Amenities,"Facilities & Amenities (0.97); Location, Accessibility & Parking (0.90); Booking & Reservation Experience (0.77)"
Abrianto Joewono,2019,3,Ini adalah hotel gaya lama dan sedikit kecil namun harga cukup murah untuk hotel bintang 3 dengan sarapan termasuk staf yang sopan dan ramah lobi dan area resepsi sangat nyaman dan ramah,KOMPETITOR,Bintang 4,BestWesternResortKuta-Bali,positive,0.9993250370025635,Staff Conduct & Hospitality,Staff Conduct & Hospitality (1.00); Facilities & Amenities (1.00); Pricing & Value for Money (0.99)
arif masroni,2023,3,hotelnya horor sepi dan juga banyak daun di halaman saat pagi nginep udara mati dari pagi sampai sore penangannya lambart makanan biasa saja kamar gelap dan terlihat kotor,KOMPETITOR,Bintang 4,BestWesternResortKuta-Bali,negative,0.971467137336731,Ambience & Design,Ambience & Design (0.96); Cultural & Heritage Experience (0.72); Guest Experience (0.64)
Munadi,2018,3,oke punya lokasinya nyaman untuk yang tidak suka keramaian kamar cukup bersih sarapannya biasa saja tidak sesuai dengan bintangnya yang ada 4 sayang kamar lupa dibersihkan saat ditinggal jalan untungnya bisa harga yang cukup,KOMPETITOR,Bintang 4,BestWesternResortKuta-Bali,positive,0.9881173968315125,Pricing & Value for Money,Pricing & Value for Money (0.82); Service Quality (0.77); Facilities & Amenities (0.73)
Nurvani Septiani,2019,3,Hotel yang cukup bagus dengan anggaran rendah memiliki kolam renang yang bagus dan kamar besar tapi tidak menawarkan banyak pilihan untuk menu sarapan dan kamar saya begitu kotor masuk malam pertama itu lebih baik masuk yang lain 2 malam setelah suami saya menelepon kantor depan,KOMPETITOR,Bintang 4,BestWesternResortKuta-Bali,negative,0.996368408203125,Facilities & Amenities,Facilities & Amenities (1.00); Pricing & Value for Money (0.97); Service Quality (0.73)
