User Name,Review Time,Rating,clean_text,Tipe,Kelas,Nama_Hotel,AI_Sentiment,AI_Sentiment_Score,AI_Primary_Theme,AI_All_Themes
Nurma Ayu Sekar Arum,2025,5,sempat kecewa karena datang jam 14.45 wib katanya disuruh menunggu 15 menit karena kamar masih belum tersedia sampai jam 15.05 kamar masih belum juga tersedia malah yang datang belakangan kamarnya sudah siap duluan awalnya saya kasih bintang 1 karena menurut saya pelayanannya buruk tapi pak vegas sebagai pic yang bertanggung jawab mengatasi hari ini saya sendiri saya minta maaf dan menjelaskan secara langsung mengenai keterlambatan cek masuk tersebut dengan sangat ramah menurut saya tanggapan dari pihak hotel sangat baik menurut saya belum ada 15 menit saya menulis review buruk pihak hotel dengan maaf cepat memantau google review dan segera melakukan klarifikasi kepada pelanggan atas nama pribadi saya juga meminta kepada Anda,KOMPETITOR,Bintang 3,IbisStylesJakartaSimatupang,negative,0.9963693618774414,Guest Experience,Guest Experience (0.85); Service Quality (0.84); Staff Conduct & Hospitality (0.76)
Agum Noviardhi,2025,4,Sebenernya pelayanan kantor depan dan juga layanan nya oke banget seperti standar accor hotel lainnya cuma sayang di tanggal 31 10 malam 2 sstpam yang bertugas didepan sangat tidak ramah mungkin mereka menganggap saya berjalan masuk tamu dan mereka sampaikan kalau kamarnya penuh jadi sejak awal penerimaan mereka tidak baik begitu tahu kami sudah pesan mereka menyuruh saya berputar ke lobi dengan tidak ramah saat kami ingin menitip kendaraan di lobi saat mau memeriksa masuk pun tidak diarahkan dengan baik saya sudah titip komplain ke kantor depan semoga kedepannya bisa lebih baik lagi,KOMPETITOR,Bintang 3,IbisStylesJakartaSimatupang,negative,0.998636782169342,Facilities & Amenities,"Facilities & Amenities (0.98); Service Quality (0.96); Location, Accessibility & Parking (0.95)"
Pamabu,2025,4,untuk harga harga 700 an ini termasuk biasa saja sih untuk menu sarapan juga itu saja saya tinggal 5 hari bahkan sempat mendapatkan nasi yang belum mateng untuk kamar standar tidak terlalu luas namun bersih dan ada tambahan guling,KOMPETITOR,Bintang 3,IbisStylesJakartaSimatupang,positive,0.843153715133667,"Cleanliness, Hygiene & Maintenance","Cleanliness, Hygiene & Maintenance (0.99); Pricing & Value for Money (0.98); Facilities & Amenities (0.95)"
nayla fauzi,2025,5,tempat nya nyamn masakan enak naik akses k lantai kamar pakai kartu sehingga privasi terjaga fasilitas mudah d akses,KOMPETITOR,Bintang 3,IbisStylesJakartaSimatupang,positive,0.9995409250259399,Food & Beverage,Food & Beverage (0.92); Facilities & Amenities (0.87); Guest Experience (0.83)
Hamdy,2025,5,diawali dengan cek masuk sedikit kurang lancar karena resepsionis kayaknya lagi tidak bersemangat sehingga tamu mungkin merasa kurang di lanyani dengan ramah dengan intonasi suara yang menggambarkan kesal tidak tau lagi kesal sama siapa tapi akhirnya membuat komunikasi tidak nyaman dengan tamu dan ini kerugian bagi hotel karena tamu tidak merasa nyaman terjadi malam ini 21 Sep 25 resepsionis pria semoga bisa bisa menjadi masukan agar kinerja lanyanan bisa ditingkatkan akan tetapi yang luar biasanya adalah di pagi hari seorang manajer bernama vegas menghampiri saya dan menanyakan perihal semalam dan menyelesaikan dengan sangat baik dan yang saya alami semalam seolah-olah olah tidak pernah terjadi karena,KOMPETITOR,Bintang 3,IbisStylesJakartaSimatupang,negative,0.9981083869934082,Guest Experience,Guest Experience (0.68); Check in/out Experience (0.65); Service Quality (0.38)
Devi Tara Avalokita,2025,5,ruangannya bersih cukup luas dengan satpam dan resepsionis yang ramah proses cek masuk sangat cepat fasilitas yang tersedia cukup lengkap termasuk pengering rambut kulkas brankas dan mengisi udara,KOMPETITOR,Bintang 3,IbisStylesJakartaSimatupang,positive,0.9989176988601685,Facilities & Amenities,Facilities & Amenities (1.00); Service Efficiency & Responsiveness (0.99); Staff Conduct & Hospitality (0.99)
Herlina Malik,2025,5,menginap di ibis style jakarta simatupang menyenangkan sekali kamar bersih dan nyaman dengan fasilitas modern seperti usb soket dan tempat tidur sweet bed yang lembut sarapan pagi enak dan variatif stafnya sangat membantu ramah dan cepat tanggap lokasinya strategis di samping kota mudah akses ke tol dan mrt buat menginap keluarga ini pilihan ideal mereka punya kamar keluarga yang luas anak sudut dan sarapan gratis untuk anak anak nuansa hotelnya juga unik dijuluki oasis di gurun dan terasa hangat dianjurkan banget,KOMPETITOR,Bintang 3,IbisStylesJakartaSimatupang,positive,0.9996123909950256,Staff Conduct & Hospitality,Staff Conduct & Hospitality (1.00); Service Efficiency & Responsiveness (1.00); Facilities & Amenities (1.00)
yoliandino susilo,2025,5,Tempat pertemuan nya nyaman layanan makanan dan istirahat kopi nya enak harga terjangkau jadi tempat langganan setiap bulan untuk mengadakan seminar kerenn barokallah,KOMPETITOR,Bintang 3,IbisStylesJakartaSimatupang,positive,0.999470055103302,Facilities & Amenities,Facilities & Amenities (1.00); Food & Beverage (0.99); Room Quality & Comfort (0.99)
Djoko Angklung Nugroho,2025,5,pelayanan ramah lokasi strategis dekat dengan mall dan perkantoran saya ke sini urusan pekerjaan ada sepeda yang bisa dipinjam gratis menu sarapan lumayan bervariasi saat selesai makan diswari penutup oleh petugas yang keliling,KOMPETITOR,Bintang 3,IbisStylesJakartaSimatupang,positive,0.9982690811157227,Facilities & Amenities,Facilities & Amenities (0.96); Service Quality (0.94); Service Efficiency & Responsiveness (0.82)
Meisya Dewi Lestari,2025,5,tempat nya sangat bagus kamarnya nyaman bersih pelayanannya juga sangat baik ramah juga suka banget dehh sama hotel inii,KOMPETITOR,Bintang 3,IbisStylesJakartaSimatupang,positive,0.9993324875831604,Facilities & Amenities,Facilities & Amenities (1.00); Room Quality & Comfort (0.99); Service Quality (0.98)
Maulana Kurnia Fiqih Ainul Yaqin,2025,5,hotelnya nyaman banget kamarnya bersih dan rapi stafnya ramah dan selalu siap membantu lokasinya juga strategis jadi mudah kemana mana restorannya enak pilihan makanannya banyak dan rasanya mantap sarapannya lengkap ada menu lokal dan internasional pelayanannya cepat dan sopan senang banget menginap di sini pasti akan kembali lagi jika ke daerah ini,KOMPETITOR,Bintang 3,IbisStylesJakartaSimatupang,positive,0.9995736479759216,Service Efficiency & Responsiveness,"Service Efficiency & Responsiveness (0.99); Facilities & Amenities (0.99); Cleanliness, Hygiene & Maintenance (0.99)"
Anna Wendi,2025,5,kamar hotel bersih dan nyaman staf hotel yang ramah makanan jg cukup variasi dan enak merekomendasikan untuk keluarga bw,KOMPETITOR,Bintang 3,IbisStylesJakartaSimatupang,positive,0.9988031387329102,Room Quality & Comfort,Room Quality & Comfort (0.99); Facilities & Amenities (0.99); Staff Conduct & Hospitality (0.98)
Riuwni Novitasari,2025,2,hotel teribet sepanjang perjalanan nginap dan dinas bukaanyak alasan sangat banyak minta surat keterangan menginap ampun ribet nama yang memesan ttp harus muncul di keterangan nginap yaampuun baru kali ini loh nginap nama pemesan juga mesti ditulis trus tanyain bawa sppd gakk padahakl dah tau kalau kita mmg diundang karena ada kegiatan di sni yang ttd sppd perjadin kita yaa yang mengundang kita datang donk dan harga perusahaan bisa berubah dengan alasan karena lagi banyak yang memesan wahh bisa gitu yaa karena baru kali ini nemu begini yaa yaa karena lagi tlg diperbaikin yaa karena harga dis,KOMPETITOR,Bintang 3,IbisStylesJakartaSimatupang,negative,0.9859212040901184,Booking & Reservation Experience,Booking & Reservation Experience (0.69); Guest Experience (0.68); Pricing & Value for Money (0.67)
Kaiden Zero,2025,5,kamarnya nyaman banget sarapan nya jg bnyk pilihan n sudah pasti pelayanannya ramah banget kerenn,KOMPETITOR,Bintang 3,IbisStylesJakartaSimatupang,positive,0.9994717240333557,Facilities & Amenities,Facilities & Amenities (0.98); Service Quality (0.97); Guest Experience (0.96)
Kayyisa Rheva Shalitta,2025,5,pelayanan oke banget kamarnya nyaman dan fasilitas lengkap makanan bervariasi dan lokasi dekat dengan pusat dan pelayanan umum,KOMPETITOR,Bintang 3,IbisStylesJakartaSimatupang,positive,0.99951171875,Facilities & Amenities,Facilities & Amenities (0.99); Service Quality (0.99); Room Quality & Comfort (0.99)
Hasya Chanel,2025,5,lokasi sangat strategis berada di lokasi perkantoran dan dekat dengan pusat perbelanjaan dan kuliner sangat cocok untuk beristirahat disela2 pertemuan kamarnya nyaman dan bersih meskipun minimalis sesuai dengan harga yang ditawarkan,KOMPETITOR,Bintang 3,IbisStylesJakartaSimatupang,positive,0.9992965459823608,Room Quality & Comfort,"Room Quality & Comfort (0.97); Cleanliness, Hygiene & Maintenance (0.96); Facilities & Amenities (0.94)"
banana big,2025,5,Salah satu hotel yang strategis dekat dengan mall besar dan kantor kantor pusat dijakarta pelayanan ramah kamar bersih makanan lengkap,KOMPETITOR,Bintang 3,IbisStylesJakartaSimatupang,positive,0.9994899034500122,Service Quality,"Service Quality (0.99); Cleanliness, Hygiene & Maintenance (0.97); Room Quality & Comfort (0.97)"
Rahmaniar Niar,2025,5,pelayanan dan staf nya ramah kamarnya nyaman banget bersih dan wangi aminnities nya lengkap juga seru banget nginep disini rasa makanan nya enak menuunya lengkap cocok pokonya bakal balik lagi si kesini,KOMPETITOR,Bintang 3,IbisStylesJakartaSimatupang,positive,0.9995391368865967,"Cleanliness, Hygiene & Maintenance","Cleanliness, Hygiene & Maintenance (1.00); Facilities & Amenities (1.00); Guest Experience (0.99)"
intan syawalia_,2025,5,penginapannya nyaman banget kamar bersih staf ramah dan lokasi juga strategis layak buat liburan,KOMPETITOR,Bintang 3,IbisStylesJakartaSimatupang,positive,0.9994094371795654,Room Quality & Comfort,Room Quality & Comfort (0.99); Facilities & Amenities (0.99); Service Quality (0.99)
Reza Tama,2025,5,untuk layanan hotel oke pelayanan sarapan juga oke hanya kamar mungkin sebelum pelanggan masuk di fogging masih bau minyak urut walaupun lama kelamaan mulai hilang sedikit demi sedikit sejauh ini oke,KOMPETITOR,Bintang 3,IbisStylesJakartaSimatupang,positive,0.9776974320411682,Service Quality,Service Quality (1.00); Facilities & Amenities (0.99); Food & Beverage (0.96)
Abah Enjoy,2025,3,Selama beberapa kali bertemu sejak tahun 2023 ini istirahat kopi dulu enak enak seperti rumah dibuat sekarang agak kecewa si seperti beli di kue jajanan pagi,KOMPETITOR,Bintang 3,IbisStylesJakartaSimatupang,negative,0.9947545528411865,Guest Experience,Guest Experience (0.97); Check in/out Experience (0.90); Food & Beverage (0.87)
Muhammad iqbal Ramdani,2025,5,tempat yang nyaman strategi tempat hotel nya pelayanan baik dan ramah semua makanan nya juga enak enak lain x akan nginap disana lagi,KOMPETITOR,Bintang 3,IbisStylesJakartaSimatupang,positive,0.9992903470993042,Facilities & Amenities,Facilities & Amenities (0.99); Service Quality (0.99); Service Efficiency & Responsiveness (0.98)
enonk rheino,2025,5,sarapannya enak dan variatif tempatnya santai dan ada area merokok juga dibantu mbak zahira di resto sarapan jadi lebih menikmati trims,KOMPETITOR,Bintang 3,IbisStylesJakartaSimatupang,positive,0.9991699457168579,Food & Beverage,Food & Beverage (0.96); Service Quality (0.92); Family & Group Friendly (0.88)
Farid Tri Dewanto,2025,5,lokasi bagus untuk hotel daerah tb simatupang jakarta selatan dekat dengan cilandak alun-alun dan pintu tol jorr kamar bersih dan nyaman,KOMPETITOR,Bintang 3,IbisStylesJakartaSimatupang,positive,0.9995187520980835,Room Quality & Comfort,"Room Quality & Comfort (0.99); Facilities & Amenities (0.99); Cleanliness, Hygiene & Maintenance (0.99)"
Lutfiandra Surjaatmadja,2025,5,1 staf yang ramah dan membantu sampai ke keamanan 2 kamarnya lumayan besar dan desainnya modern cukup luas untuk keluarga yang sudah punya anak 3 sudah pergi hijau dengan tidak menyediakan botol minum plastik tetapi diganti dengan dispenser bagus 4 kamar lumayan kedap kebisingan di luar tidak terlalu terdengar 5 menu sarapan lumayan bervariasi dan enak 1 lahan parkir yang sempit 2 di lift sepertinya perlu ada penanda mana angkat yang menuju langsung ke lantai lg atau lantai parkir yang lain 3 item fasilitas standar kit mandi topi sepertinya dengan harga yang lumayan perlu dit ditambahkan beberapa item lain,KOMPETITOR,Bintang 3,IbisStylesJakartaSimatupang,positive,0.9983263611793518,"Location, Accessibility & Parking","Location, Accessibility & Parking (0.97); Staff Conduct & Hospitality (0.81); Family & Group Friendly (0.76)"
hilmi gebrian,2025,5,sarapan enak kamar juga bersih nyaman tinggal di sini juga suka sama pelayanannya,KOMPETITOR,Bintang 3,IbisStylesJakartaSimatupang,positive,0.9991949200630188,"Cleanliness, Hygiene & Maintenance","Cleanliness, Hygiene & Maintenance (1.00); Facilities & Amenities (1.00); Room Quality & Comfort (1.00)"
Muhammad Alfatin,2025,5,tempatnya bagus dan bersih sangat nyaman dan juga cantik lokasinya juga mudah dan layanan nya juga sangat bagus staf nya ramah ramah semua dan terbuka,KOMPETITOR,Bintang 3,IbisStylesJakartaSimatupang,positive,0.9991305470466614,Facilities & Amenities,"Facilities & Amenities (1.00); Room Quality & Comfort (1.00); Cleanliness, Hygiene & Maintenance (0.99)"
Grendhaka Kagaheswara,2025,5,penginapan oke bersih nyaman layanan makanan juga enak banget kegiatan pertemuan kantor jadi lancar,KOMPETITOR,Bintang 3,IbisStylesJakartaSimatupang,positive,0.9994780421257019,Facilities & Amenities,"Facilities & Amenities (1.00); Room Quality & Comfort (1.00); Cleanliness, Hygiene & Maintenance (0.99)"
Firda Deasy,2025,5,nyaman tempat bersih pelayanan ramah rapih tempat baru hanya sering macet klo ke arah sana,KOMPETITOR,Bintang 3,IbisStylesJakartaSimatupang,positive,0.9987925291061401,Facilities & Amenities,"Facilities & Amenities (0.99); Cleanliness, Hygiene & Maintenance (0.99); Service Quality (0.98)"
linda sunarti,2025,5,makanan perlu ditingkatkan menu baru variasi agar tidak monoton bagi yang menginap 2 3 hari agak membosankan,KOMPETITOR,Bintang 3,IbisStylesJakartaSimatupang,negative,0.6503587365150452,Food & Beverage,Food & Beverage (0.67); Guest Experience (0.64); Sustainability & Environmental Quality (0.57)
nelsa alberti,2025,5,hotel bagus dan bersih pelayanan baik rekomen pokoknya yang mau nginep jangan ragu,KOMPETITOR,Bintang 3,IbisStylesJakartaSimatupang,positive,0.9992151260375977,"Cleanliness, Hygiene & Maintenance","Cleanliness, Hygiene & Maintenance (1.00); Service Quality (0.99); Service Efficiency & Responsiveness (0.97)"
Agnes Rafly,2025,5,Wow hotel nya keren bersih dan pokonya keren dahh ac nya dingin pokonya bakal balik lagi dah ke hotel ibis gaya jakarta simatupang top abiss,KOMPETITOR,Bintang 3,IbisStylesJakartaSimatupang,positive,0.9994611144065857,"Cleanliness, Hygiene & Maintenance","Cleanliness, Hygiene & Maintenance (0.98); Service Quality (0.98); Facilities & Amenities (0.94)"
Mullia Fitriani,2025,5,Pelayanan disini sangat ramah dan memuaskan makanan mulai dari sarapan sampai makan malam tidak ada yang gagal terbaik pokonya,KOMPETITOR,Bintang 3,IbisStylesJakartaSimatupang,positive,0.9993610978126526,Guest Experience,Guest Experience (1.00); Service Quality (1.00); Staff Conduct & Hospitality (1.00)
Zeis Zultaqawa,2025,5,sarapan sudah lengkap menuunya tinggal ditunggu kapal uap apresiasi u manual brewnya dengan kacang penuh arabica nya u ditingkatkan kesegaran kacangnya,KOMPETITOR,Bintang 3,IbisStylesJakartaSimatupang,positive,0.9955930113792419,"Loyalty, Recommendation & Appreciation","Loyalty, Recommendation & Appreciation (0.95); Food & Beverage (0.93); Facilities & Amenities (0.83)"
Eko Purnomo,2025,5,makanannya enak bervariasi hotel yang nyaman bersih stafnya ramah ramah viewnya bagus dekat dengan kota hanya jalan kaki saja terima kasih mba dwi selama bimbingan bantuannya untuk sarapan,KOMPETITOR,Bintang 3,IbisStylesJakartaSimatupang,positive,0.9993834495544434,Facilities & Amenities,Facilities & Amenities (0.98); Service Quality (0.98); Staff Conduct & Hospitality (0.97)
Jhibril Marshal,2025,5,lokasi strategis dekat kota kamar bersih dan nyaman sarapan bervariasi dan staf yang ramah,KOMPETITOR,Bintang 3,IbisStylesJakartaSimatupang,positive,0.9990361928939819,Facilities & Amenities,"Facilities & Amenities (1.00); Room Quality & Comfort (0.99); Cleanliness, Hygiene & Maintenance (0.99)"
Anastia HaLawa,2025,5,nyaman bersih pelayanannya juga bagus pegawainya ramah ramah dan sopan banget pokoknya rekomendasi banget deh buat yang mau nginap di ibis,KOMPETITOR,Bintang 3,IbisStylesJakartaSimatupang,positive,0.9988499879837036,Staff Conduct & Hospitality,"Staff Conduct & Hospitality (0.99); Service Quality (0.98); Cleanliness, Hygiene & Maintenance (0.98)"
Gigih Prabawa,2025,5,hotel ibis style jakarta simatupang yang berada di jakarta salah satu hotel yang bisa kalian singgahi jika berada di jakarta hotelnya bersih dan higienis tertata rapih dan letaknya instagramable untuk foto foto foto dari segi kamar tata letaknya bagus bersih dan rapih jadi nyaman dipakai dari segi makanan nya cukup bervariasi rasanya pun enak dan bisa diterima dilidah untuk lokasi strategis berada di perkotaan jakarta yang yang padat dan ramai aktivitas cocok untuk disinggahi jika kalian membutuhkan penginapan di daerah jakarta tepatnya di jalan simat,KOMPETITOR,Bintang 3,IbisStylesJakartaSimatupang,positive,0.9993603825569153,"Cleanliness, Hygiene & Maintenance","Cleanliness, Hygiene & Maintenance (0.99); Facilities & Amenities (0.97); Room Quality & Comfort (0.97)"
sumantri kephas febrianto aribowo,2025,5,sudah kesekian kali menginap di jaringan hotel accor dan tidak pernah ada masalah untuk pelayanan maupun kamar hanya untuk fasilitas cuci saja yang berbeda dari yang lain jika di jaringan accor lain mengambil cuci pagi akan meninggalkan sore atau malam jika di sini yang saya alami pada hari berikutnya dan malam mudah berubah ada peningkatan untuk pelayanan cuci baru ya bagi kami untuk tamu yang tidak banyak membawa pakaian untuk resto sarapan menyenangkan dengan menu yang berganti setiap hari kebetulan untuk staf nama kak noni sangat membantu makan malam pesan sirloin steak juga enak dengan tingkat kematangan yang yang diinginkan,KOMPETITOR,Bintang 3,IbisStylesJakartaSimatupang,positive,0.9966846108436584,Facilities & Amenities,Facilities & Amenities (1.00); Guest Experience (0.96); Service Quality (0.95)
mahisha esa,2025,5,hotel dengan akses dekat mall memudahkan bagi pengunjung untuk tidak terlalu jauh mencari rekomendasi tempat jalan untuk menu sarapannya bervariatif dengan tarif kamar yang terjangkau terutama untuk segi pelayanannya yang sangat ramah dan membantu sekali jarang menemukan pelayanan dari seorang staf dari kali pertama masuk sampai check out terutama dengan staf bernama kak panji di bagian resepsionis beliau sangat ramah memberikan rekomendasi saya tempat tempat untuk jalan yang dekat sini sukses selalu gaya ibis simatulang,KOMPETITOR,Bintang 3,IbisStylesJakartaSimatupang,positive,0.9994437098503113,Staff Conduct & Hospitality,Staff Conduct & Hospitality (0.99); Service Quality (0.98); Pricing & Value for Money (0.98)
Ratu Naila Mutiara Nurhidayat,2025,5,Tempatnya nyaman Bangett staf nya ramah semua ada selamat minum nya nicee Bangett baru pernah kesini untuk makeup dan akan dateng lagi untuk tinggal,KOMPETITOR,Bintang 3,IbisStylesJakartaSimatupang,positive,0.9989031553268433,Facilities & Amenities,Facilities & Amenities (1.00); Room Quality & Comfort (0.99); Food & Beverage (0.99)
Satria Huspa,2025,5,sangat nyaman dengan pelayanan yang ekstra ramah dan berkualitas dianjurkan sekali untuk yang ingin menginap di Jakarta,KOMPETITOR,Bintang 3,IbisStylesJakartaSimatupang,positive,0.9983432292938232,Service Quality,Service Quality (1.00); Room Quality & Comfort (0.99); Service Efficiency & Responsiveness (0.99)
Lia Yulistiani,2025,5,Terimakasih permintaan minta d siapkan ulang tahun kejutan dikasih gratis kue pelayanan ramah kamar bersih lokasi strategis dekal kota untuk sarapan baru standar,KOMPETITOR,Bintang 3,IbisStylesJakartaSimatupang,positive,0.997769832611084,Guest Experience,Guest Experience (1.00); Service Quality (1.00); Facilities & Amenities (1.00)
ALFAT KDG,2025,5,Saya menginap 4 malam disana karyawan nya ramah ramah dan tentu saja harganya juga standar restoran nya juga enak enak,KOMPETITOR,Bintang 3,IbisStylesJakartaSimatupang,positive,0.9927061200141907,Staff Conduct & Hospitality,Staff Conduct & Hospitality (0.99); Service Quality (0.99); Pricing & Value for Money (0.95)
Moeryati Hernida Riany,2025,5,petugasnya ramah kamar bersih cuci bersih dan wangi makanannya juga enak dekat dengan lokasi kami ke kantor,KOMPETITOR,Bintang 3,IbisStylesJakartaSimatupang,positive,0.9994089603424072,"Cleanliness, Hygiene & Maintenance","Cleanliness, Hygiene & Maintenance (1.00); Facilities & Amenities (1.00); Service Quality (0.99)"
diah nurpalah,2025,5,kamarnya bersih banget pelayanan sangat baik dari mulai keamanan nya resepsionnya sampai pelayanan restopun ramah lokasinya sangat strategis dekat dengan mall jadi kalau mau beli sesuatu dekat banget makanannya juga enak enak pokoknya terbaik deh ibis simatupang,KOMPETITOR,Bintang 3,IbisStylesJakartaSimatupang,positive,0.9995678067207336,Facilities & Amenities,"Facilities & Amenities (0.99); Service Quality (0.99); Cleanliness, Hygiene & Maintenance (0.99)"
Yohanis Taruk Allo,2025,5,hotelnya bagus bersih kamarnya juga bersih untuk sarapan pagi juga enak semua makanannya bervariasi terima kasih untuk mba dwi untuk semua stafnya ramah,KOMPETITOR,Bintang 3,IbisStylesJakartaSimatupang,positive,0.9994334578514099,Facilities & Amenities,"Facilities & Amenities (0.99); Cleanliness, Hygiene & Maintenance (0.99); Food & Beverage (0.98)"
Yatimin,2025,5,tempatnya oke banget sangat strategis dipinggiran jakarta selatan tempatnya di jalan tb simatupang deket dengan cilandak kota alun nyaman aman dan bersih pelayanannya oke sangat dianjurkan,KOMPETITOR,Bintang 3,IbisStylesJakartaSimatupang,positive,0.9996055960655212,Facilities & Amenities,"Facilities & Amenities (0.98); Service Quality (0.98); Cleanliness, Hygiene & Maintenance (0.95)"
sri hidayati,2025,5,kami suka rapat n menginap di sini kamar ya biasalah botol sabun perlu diganti itu doakan ac segar view keren terima kasih semua terutama mbak mivtah membantu semua kru resto hm mas yudi yang ganteng ups sigab tangkas ramah makanan enak berlimpah layanan sigab saya clingak clinguk nyari parkir langsung satpam nunjukin aksesible gk usah gage langsung tol eng eng bintang2an hotel gk usahlah disini melebihi bintang yang dia miliki lagi sini ya rapat jadi lancar berpikir encerny eh mas toto pelukis mana ya apalagi pulang ke jogja,KOMPETITOR,Bintang 3,IbisStylesJakartaSimatupang,positive,0.9985722303390503,"Location, Accessibility & Parking","Location, Accessibility & Parking (0.99); Facilities & Amenities (0.97); Staff Conduct & Hospitality (0.96)"
Nabiilah Raudhanisa,2025,5,pelayanan ramah kamar bersih dan bagus hotel wangi bersih dianjurkan banget lokasinya juga strategis,KOMPETITOR,Bintang 3,IbisStylesJakartaSimatupang,positive,0.9994471669197083,Service Quality,Service Quality (1.00); Room Quality & Comfort (0.99); Facilities & Amenities (0.99)
Juhana Setiawati,2025,5,hotel ternyaman bersih wangi pelayanannya ramah pengen ke sini lg bikin nagih,KOMPETITOR,Bintang 3,IbisStylesJakartaSimatupang,positive,0.9992628693580627,Service Quality,"Service Quality (0.99); Cleanliness, Hygiene & Maintenance (0.98); Facilities & Amenities (0.97)"
Yusuf Al Qomar,2025,5,seneng banget bisa mendapat layanan sarapan dari tim ibis simatupang terutama ka keizya dan tim lain ramah dan selamat datang banget jadi pengalaman yang tak terkupakan terimakasih style ibis simatupang,KOMPETITOR,Bintang 3,IbisStylesJakartaSimatupang,positive,0.9984398484230042,Staff Conduct & Hospitality,Staff Conduct & Hospitality (1.00); Guest Experience (1.00); Check in/out Experience (1.00)
Nanny Mochtar,2025,5,kami sangat puas dengan layanan dan pelayanan staf hotel ibis semoga sukses dan dapat mempertahankan kenyamanan tamu2,KOMPETITOR,Bintang 3,IbisStylesJakartaSimatupang,positive,0.9986810088157654,Staff Conduct & Hospitality,Staff Conduct & Hospitality (0.99); Service Quality (0.98); Facilities & Amenities (0.97)
setiawan aje,2025,5,puas bener disini keluarga bahagia diajak tinggal disini pelayanan baik dan kamarnya bersih,KOMPETITOR,Bintang 3,IbisStylesJakartaSimatupang,positive,0.9991267323493958,Service Quality,"Service Quality (1.00); Cleanliness, Hygiene & Maintenance (1.00); Guest Experience (0.99)"
Riri Krisna,2025,5,lokasi strategis kredit dengan ada taman bermain baru tidak pusing kalau tinggal di jakarta karna samping mall baru nesar,KOMPETITOR,Bintang 3,IbisStylesJakartaSimatupang,positive,0.998712420463562,Facilities & Amenities,Facilities & Amenities (0.99); Family & Group Friendly (0.87); Service Efficiency & Responsiveness (0.85)
kenary Ramadhani,2025,5,tempat yang cukup nyaman disini juga banyak banyak orang udara nya cukup segar dan hangat selain itu pelayanan disini juga cukup ramah dan baik terbaik untuk ibis gaya jakarta simatupang,KOMPETITOR,Bintang 3,IbisStylesJakartaSimatupang,positive,0.9993507266044617,Facilities & Amenities,Facilities & Amenities (1.00); Service Quality (0.99); Room Quality & Comfort (0.98)
Muhammad Ridwan,2025,5,Hotel nya bersih sarapan nya juga cukup variasi dan staf nya ramah dianjurkan hotel,KOMPETITOR,Bintang 3,IbisStylesJakartaSimatupang,positive,0.9990948438644409,Service Quality,"Service Quality (0.98); Cleanliness, Hygiene & Maintenance (0.97); Food & Beverage (0.96)"
chacha hidayat,2025,5,hotelnya bersih kamarnya nyaman rapi untuk sarapan pagi juga bervariasi enak semua hotelnya juga dekat dengan mall kota terima kasih mba dwi untuk bantuannya,KOMPETITOR,Bintang 3,IbisStylesJakartaSimatupang,positive,0.9994664788246155,"Cleanliness, Hygiene & Maintenance","Cleanliness, Hygiene & Maintenance (0.99); Facilities & Amenities (0.98); Service Quality (0.97)"
Rehan akbar,2025,5,Tempat yang bagus pelayanan baik ramah ramah dan memuaskan lokasi juga strategis untuk ke berbagai tempat semoga sukses,KOMPETITOR,Bintang 3,IbisStylesJakartaSimatupang,positive,0.9988711476325989,Facilities & Amenities,Facilities & Amenities (1.00); Staff Conduct & Hospitality (1.00); Service Quality (1.00)
Monika Maykawati,2025,5,kamar ya bersih ada dispenser setiap lorong staf ya ramah dan membantu untuk sarapan lumayan banyak pilihan makanan ya enak untuk menyalin ya juga enak,KOMPETITOR,Bintang 3,IbisStylesJakartaSimatupang,positive,0.9983185529708862,Facilities & Amenities,"Facilities & Amenities (0.99); Cleanliness, Hygiene & Maintenance (0.98); Service Efficiency & Responsiveness (0.97)"
Vini Kere,2025,4,kamarnya minimalis sesuai harga pilihan menu makanan tidak terlalu banyak ada taman bermain mini lumayan buat anak main welcome drink juga ada yang paling saya suka lokasi strategis dekat ke mall cheetos oh iya ada sepeda bisa dipinjam lumayan buat olahraga pagi,KOMPETITOR,Bintang 3,IbisStylesJakartaSimatupang,positive,0.9985421895980835,Facilities & Amenities,Facilities & Amenities (0.98); Food & Beverage (0.96); Pricing & Value for Money (0.92)
Ria Rahayu,2025,5,tempat baru strategis kamar rapih dan bersih pelayanan cepat dan tepat khususnya mba noni yang selalu melayani pelanggan dengan ramah makanannya juga enak2 masakannya,KOMPETITOR,Bintang 3,IbisStylesJakartaSimatupang,positive,0.9994819760322571,"Cleanliness, Hygiene & Maintenance","Cleanliness, Hygiene & Maintenance (1.00); Service Efficiency & Responsiveness (1.00); Staff Conduct & Hospitality (1.00)"
Sarah Nurmila,2025,5,pelayanannya ramah mengetahui kebutuhan tamu dengan baik cepat tanggap makanannya juga enak zahira,KOMPETITOR,Bintang 3,IbisStylesJakartaSimatupang,positive,0.9993878602981567,Guest Experience,Guest Experience (1.00); Service Efficiency & Responsiveness (1.00); Staff Conduct & Hospitality (0.99)
Sisca SOP,2025,5,Tempat tidur nya besar nyaman cukup bertiga bfast lengkap layanannya gercep,KOMPETITOR,Bintang 3,IbisStylesJakartaSimatupang,positive,0.9993706345558167,Facilities & Amenities,Facilities & Amenities (0.99); Food & Beverage (0.98); Family & Group Friendly (0.98)
hendri abin,2025,5,menyenangkan untuk menginap di sini dari pelayanan sampai sarapan nya terimakasih kaka syifa sudah ramah sekali,KOMPETITOR,Bintang 3,IbisStylesJakartaSimatupang,positive,0.9989755153656006,Guest Experience,Guest Experience (1.00); Facilities & Amenities (0.99); Food & Beverage (0.98)
Pither Lembang71,2025,5,untuk hotelnya dekat dengan mall kota nyamab bersih untuk stafnya ramah ramah dan sarapan pagi enak enak bervariasi terima kasih mba dwi semua stafnya sangat baik ramah juga,KOMPETITOR,Bintang 3,IbisStylesJakartaSimatupang,positive,0.9994202852249146,"Cleanliness, Hygiene & Maintenance","Cleanliness, Hygiene & Maintenance (1.00); Facilities & Amenities (1.00); Food & Beverage (1.00)"
King Rg,2025,5,saya menginap di ibis styles jakarta simatupang selama 3 malam dan sangat puas dengan pengalaman saya di sini lokasinya sangat strategis dekat dengan stasiun mrt lebak bulus dan kawasan perkantoran cocok untuk perjalanan bisnis maupun liburan singkat di jakarta selatan kamar hotel bergaya modern dengan desain interior yang ceria dan nyaman tempat tidurnya empuk kamar bersih dan tersedia semua fasilitas dasar yang dibutuhkan koneksi wi fi juga cepat dan stabil sangat membantu untuk keperluan kerja pelayanan staf sangat ramah dan profesional mereka selalu siap membantu dengan proses senyum cek masuk dan cek keluar cepat juga tanpa kendala salah satu hal yang paling saya sukai adalah sarapannya variasinya cukup,KOMPETITOR,Bintang 3,IbisStylesJakartaSimatupang,positive,0.9992375373840332,Facilities & Amenities,Facilities & Amenities (0.98); Room Quality & Comfort (0.97); Guest Experience (0.96)
faris stevy,2025,5,Semua baik kamarnya nyaman sarapannya oke lokasinya stategis semua yang terbaik untuk ibis,KOMPETITOR,Bintang 3,IbisStylesJakartaSimatupang,positive,0.9992592930793762,Facilities & Amenities,Facilities & Amenities (1.00); Room Quality & Comfort (1.00); Service Quality (0.99)
Ossy Yuni Arcan,2025,5,lokasi strategis kamar bersih wifi oke resto banyak variasi makanan dan minuman rasa enak dekat dengan mall transportasi sekitar banyak pelayanan juga ramah thnaks ke mba dwi,KOMPETITOR,Bintang 3,IbisStylesJakartaSimatupang,positive,0.9994971752166748,Food & Beverage,"Food & Beverage (0.99); Facilities & Amenities (0.97); Cleanliness, Hygiene & Maintenance (0.95)"
Eva Dwi,2025,5,Pelayanannya bagus nyaman dan ramah untuk layanan ruang pertemuan nya oke,KOMPETITOR,Bintang 3,IbisStylesJakartaSimatupang,positive,0.999193012714386,Facilities & Amenities,Facilities & Amenities (0.99); Room Quality & Comfort (0.99); Guest Experience (0.99)
Ardi juwanda,2025,5,untuk pelayanan di ibis gaya simatupang sangat oke dan staf ramah untuk makanan nya juga variatif dibantu staf nya mba mivtah yang sangat membantu dan ramah juga di bagian resto yang menarik juga berada di sebelah mall dan dekat mrt,KOMPETITOR,Bintang 3,IbisStylesJakartaSimatupang,positive,0.9995391368865967,Staff Conduct & Hospitality,Staff Conduct & Hospitality (0.99); Service Quality (0.99); Facilities & Amenities (0.98)
Hpy Pratama,2025,5,sarapannya enak mantap terimakasih kakak syifa atas pelayanannya sarapannya lengkap kenyang banget,KOMPETITOR,Bintang 3,IbisStylesJakartaSimatupang,positive,0.9994675517082214,Service Quality,Service Quality (0.99); Food & Beverage (0.96); Guest Experience (0.95)
Joshua Matt,2025,5,pelayanannya bagus kamar nyaman dan bersih makanannya juga enak,KOMPETITOR,Bintang 3,IbisStylesJakartaSimatupang,positive,0.9994077682495117,Facilities & Amenities,"Facilities & Amenities (1.00); Service Quality (1.00); Cleanliness, Hygiene & Maintenance (1.00)"
Amira Itsnaini,2025,5,hotelnya sangat bagus dan nyaman saya akan datang lagi lain waktu,KOMPETITOR,Bintang 3,IbisStylesJakartaSimatupang,positive,0.9991687536239624,Facilities & Amenities,Facilities & Amenities (1.00); Room Quality & Comfort (0.99); Service Quality (0.99)
Isman Hidayat,2025,5,kamarnya nyaman petugas layanan kamar gercep permintaan langsung datang dan makanannya enak bervariasi yang masa lalu harga juga bersahabat cocok untuk acara keluarga dan kantor,KOMPETITOR,Bintang 3,IbisStylesJakartaSimatupang,positive,0.9984057545661926,Family & Group Friendly,Family & Group Friendly (1.00); Facilities & Amenities (0.99); Staff Conduct & Hospitality (0.99)
Jakia Pauji,2025,4,lokasi strategis kamar baru walaupun tidak luas tapi tetap nyaman kamar mandi bersih,KOMPETITOR,Bintang 3,IbisStylesJakartaSimatupang,positive,0.9992930889129639,"Cleanliness, Hygiene & Maintenance","Cleanliness, Hygiene & Maintenance (0.97); Service Quality (0.95); Room Quality & Comfort (0.95)"
Penni Nugraheni,2025,5,Dekat jalan raya sehingga mudah SMA ke hotel pegawainya jg ramah di sambut dengan ramah,KOMPETITOR,Bintang 3,IbisStylesJakartaSimatupang,positive,0.9992350339889526,Staff Conduct & Hospitality,Staff Conduct & Hospitality (0.98); Guest Experience (0.94); Service Efficiency & Responsiveness (0.94)
Revalina eka,2025,5,selama menginap di sini nyamn banget sarapan enak dan kamarnya bersih,KOMPETITOR,Bintang 3,IbisStylesJakartaSimatupang,positive,0.9993271827697754,"Cleanliness, Hygiene & Maintenance","Cleanliness, Hygiene & Maintenance (0.99); Service Quality (0.98); Room Quality & Comfort (0.96)"
Caesar Rama Fahrezi,2025,5,Layaknya untuk harga kak keizya baik sekali sudah menawarkan dan mengingatkan saya untuk mereview hotel ini,KOMPETITOR,Bintang 3,IbisStylesJakartaSimatupang,positive,0.9949421286582947,Pricing & Value for Money,Pricing & Value for Money (0.99); Guest Experience (0.99); Check in/out Experience (0.91)
miftahhurrahmi miftahhurrahmi,2025,5,luar biasa kamarnya bersih banget unik lucu terima kasih juga mba kezia atas servisenya,KOMPETITOR,Bintang 3,IbisStylesJakartaSimatupang,positive,0.9983857870101929,Service Quality,"Service Quality (0.99); Guest Experience (0.97); Cleanliness, Hygiene & Maintenance (0.95)"
Firda Umaya,2025,5,kamarnya sangat nyaman makanan enak staf nya ramah ramah tempatnya strategis,KOMPETITOR,Bintang 3,IbisStylesJakartaSimatupang,positive,0.9990543723106384,Room Quality & Comfort,Room Quality & Comfort (0.99); Facilities & Amenities (0.99); Guest Experience (0.98)
Muhammad Rafif,2025,5,enak banget makanannya ada ruangan merokoknya untuk pelayanan dengan kak noni baik sama cekatan,KOMPETITOR,Bintang 3,IbisStylesJakartaSimatupang,positive,0.9988419413566589,Guest Experience,Guest Experience (0.99); Service Quality (0.98); Facilities & Amenities (0.98)
Ria Agustina,2025,5,kamarnya nyaman dan bersih lengkap fasilitas betah banget pokoknya,KOMPETITOR,Bintang 3,IbisStylesJakartaSimatupang,positive,0.9995489716529846,Room Quality & Comfort,"Room Quality & Comfort (0.99); Facilities & Amenities (0.99); Cleanliness, Hygiene & Maintenance (0.95)"
Aura Ramadhania,2025,5,makanannya enak terus kreatif banget dan pelayanan dengan mbak noni sangat ramah dan baik untuk kamarnya juga nyaman dan bersih,KOMPETITOR,Bintang 3,IbisStylesJakartaSimatupang,positive,0.9994169473648071,Facilities & Amenities,"Facilities & Amenities (1.00); Cleanliness, Hygiene & Maintenance (1.00); Staff Conduct & Hospitality (0.99)"
Syakila Az-zahwa Noviyanti,2025,5,sarapannya enak banget kamarnya juga bersih jadi bikin nyaman,KOMPETITOR,Bintang 3,IbisStylesJakartaSimatupang,positive,0.9994472861289978,"Cleanliness, Hygiene & Maintenance","Cleanliness, Hygiene & Maintenance (0.98); Room Quality & Comfort (0.98); Food & Beverage (0.97)"
rizky amelia,2025,5,kali pertama menginap di ibis style kamarnya nyaman pelayanannya ramah lokasinya jg mudah diakses mie goreng jawa nya enak terima kasih ibis style cilandak,KOMPETITOR,Bintang 3,IbisStylesJakartaSimatupang,positive,0.999515175819397,Facilities & Amenities,Facilities & Amenities (0.98); Service Quality (0.96); Room Quality & Comfort (0.96)
Yusa,2025,5,petugas membantu sarapannya cukup banyak pilihan dengan rasa yang enak terima kasih mbak dwi atas keramahannya,KOMPETITOR,Bintang 3,IbisStylesJakartaSimatupang,positive,0.9982509016990662,Service Quality,Service Quality (0.95); Staff Conduct & Hospitality (0.90); Service Efficiency & Responsiveness (0.86)
Maulina Oktavia,2025,5,untuk menu makan semuanya sudah enak semoga kedepannya ada menu baru yang lebih bervariasi miftah,KOMPETITOR,Bintang 3,IbisStylesJakartaSimatupang,positive,0.9939186573028564,Food & Beverage,Food & Beverage (0.43); Service Quality (0.32); Sustainability & Environmental Quality (0.29)
Fitri Yani,2025,5,sarapan pagi yang enak dan bervariasi terima kasih mba dwi untuk bantuannya di resto staf yang ramah ramah,KOMPETITOR,Bintang 3,IbisStylesJakartaSimatupang,positive,0.9983488321304321,Service Quality,Service Quality (0.97); Staff Conduct & Hospitality (0.94); Service Efficiency & Responsiveness (0.89)
Surya Abidin,2025,5,Sangat senang mudahan bisa menginap di sini lagi view nya bagus,KOMPETITOR,Bintang 3,IbisStylesJakartaSimatupang,positive,0.9983974099159241,Guest Experience,Guest Experience (0.88); Facilities & Amenities (0.85); Cultural & Heritage Experience (0.82)
Dian Andriani,2025,5,kamarnya bersih dan nyaman sarapannya enak dan bervariasi pelayanan ramah terutama mba syifa,KOMPETITOR,Bintang 3,IbisStylesJakartaSimatupang,positive,0.9994896650314331,Room Quality & Comfort,"Room Quality & Comfort (1.00); Facilities & Amenities (0.99); Cleanliness, Hygiene & Maintenance (0.99)"
Rachmad Herwindo,2025,5,lokasi hotel strategis dekat dengan tol dan mall pelayanan juga ramah sopan dan dapat dimengerti view dari kamar juga bagus terimaksih ibis style dan semua untuk staf nya,KOMPETITOR,Bintang 3,IbisStylesJakartaSimatupang,positive,0.9994695782661438,"Cleanliness, Hygiene & Maintenance","Cleanliness, Hygiene & Maintenance (0.99); Staff Conduct & Hospitality (0.99); Service Quality (0.98)"
Lusia Susanti Surya,2025,4,tolong manajemen hotel kalau siapin fasilitas vale tolong banget nih jangan pilih2 kalau mau layani hampir 30 menit menunggu mobil sampai lobi mobil kami memang tidak bagus tapi kaya diskriminasi banget saat diliat lah kok yang baru turun duluan padahal kita yang dari tadi dikata kita tidak bisa bayar vale apa sih meskipun se tulusnya gimana kami pasti mau kasih yang terbaik buat yang valein jika lagi ada beberapa acara di hotel usahakanmanpower nya khususnya siap di vale atau minimal lahan parkirnya full di info harus parkir di mana sekian dari saya,KOMPETITOR,Bintang 3,IbisStylesJakartaSimatupang,negative,0.860258162021637,Pricing & Value for Money,"Pricing & Value for Money (0.92); Location, Accessibility & Parking (0.89); Service Quality (0.88)"
Citra Putri Lestari,2025,5,pengalaman hotel terbaik daerah jaksel staf ramah gratis terbaik hospitality lengkap semua makanan enak aah aku akan kembali lagi anak bahagia soalnya ada ps4 nya,KOMPETITOR,Bintang 3,IbisStylesJakartaSimatupang,positive,0.9995373487472534,Facilities & Amenities,Facilities & Amenities (1.00); Service Quality (0.99); Guest Experience (0.99)
M Agung Juliansyah,2025,5,tempat nyaman aman dan harga terjangkau rekomen banget buat yang mau tinggal disini,KOMPETITOR,Bintang 3,IbisStylesJakartaSimatupang,positive,0.9992372989654541,Pricing & Value for Money,Pricing & Value for Money (0.99); Safety & Security (0.99); Facilities & Amenities (0.98)
Panca Waluyo,2025,5,kamarnya nyaman tidak masalah makanan sarapannya enak bervariasi ada mie instan juga loo mantaab laah lokasi juga nyaman dan aman,KOMPETITOR,Bintang 3,IbisStylesJakartaSimatupang,positive,0.9991812109947205,Food & Beverage,Food & Beverage (1.00); Safety & Security (0.99); Facilities & Amenities (0.98)
Mita Septiani,2025,5,pelayanannya baik kamarnya jg nyaman lokasi strategis banget sebelah kota cilandak alun-alun kota,KOMPETITOR,Bintang 3,IbisStylesJakartaSimatupang,positive,0.9994547963142395,Facilities & Amenities,Facilities & Amenities (1.00); Room Quality & Comfort (1.00); Service Quality (0.99)
Sturmfrei Ego,2025,5,bagus buat menginap dekat dengan fasilitas lainnya,KOMPETITOR,Bintang 3,IbisStylesJakartaSimatupang,positive,0.9993603825569153,Facilities & Amenities,"Facilities & Amenities (0.89); Cleanliness, Hygiene & Maintenance (0.70); Sustainability & Environmental Quality (0.69)"
Jihan Fadhilah,2025,5,Hotel sangat sangat enak enak kamar bersih dan rapihh pelayanan para staf hotel sangat baik dan sopann super bagus,KOMPETITOR,Bintang 3,IbisStylesJakartaSimatupang,positive,0.9991900324821472,"Cleanliness, Hygiene & Maintenance","Cleanliness, Hygiene & Maintenance (1.00); Room Quality & Comfort (0.99); Facilities & Amenities (0.99)"
Irvan Fajar,2025,4,menarik bersih cuma kamar yang bisa merokok untuk saya yang tidak merokok bau rokok untuk makanannya enak dan pelayanan dari mba noni ramahh,KOMPETITOR,Bintang 3,IbisStylesJakartaSimatupang,positive,0.9982993006706238,Guest Experience,"Guest Experience (0.99); Cleanliness, Hygiene & Maintenance (0.99); Facilities & Amenities (0.99)"
Wahyuddin Kandu,2025,5,lokasi strategis fasilitas bersih dan pelayanan yang memuaskan,KOMPETITOR,Bintang 3,IbisStylesJakartaSimatupang,positive,0.9991258978843689,Service Quality,"Service Quality (0.99); Facilities & Amenities (0.99); Cleanliness, Hygiene & Maintenance (0.99)"
alifviyoo aqmal,2025,5,sangat bersih dan nyaman cocok untuk beristirahat maupun senang senang bersama keluarga,KOMPETITOR,Bintang 3,IbisStylesJakartaSimatupang,positive,0.9991414546966553,Family & Group Friendly,Family & Group Friendly (1.00); Facilities & Amenities (0.99); Room Quality & Comfort (0.99)
Sussan Sukmala,2025,5,kamar yang super nyaman dan bersih pelayanan baik dan ramah dari ka mita sarapan banyak pilihan dan bervariasi terimakasih,KOMPETITOR,Bintang 3,IbisStylesJakartaSimatupang,positive,0.9989062547683716,Facilities & Amenities,Facilities & Amenities (0.99); Room Quality & Comfort (0.99); Guest Experience (0.99)
Anjani Nur Aprilia,2025,5,sarapannya enak banget sama kamarnya bersih,KOMPETITOR,Bintang 3,IbisStylesJakartaSimatupang,positive,0.9993914365768433,"Cleanliness, Hygiene & Maintenance","Cleanliness, Hygiene & Maintenance (0.99); Room Quality & Comfort (0.98); Service Quality (0.97)"
Eko Aprianto,2025,5,fasilitas lumayan kompli makanannya enak2 lokasinya juga strategis deket tol pelayananannya juga baik dari mba noni,KOMPETITOR,Bintang 3,IbisStylesJakartaSimatupang,positive,0.9993871450424194,Facilities & Amenities,Facilities & Amenities (0.99); Service Quality (0.98); Service Efficiency & Responsiveness (0.89)
R N,2025,5,hotelnya nyaman dan untuk menu sarapannya bervariasi menginap di sini sangat layak,KOMPETITOR,Bintang 3,IbisStylesJakartaSimatupang,positive,0.9992679953575134,Facilities & Amenities,Facilities & Amenities (1.00); Food & Beverage (0.99); Room Quality & Comfort (0.97)
Irfan Yuda Anggawa,2025,5,4hari Bermalam Pelayanan baik hotel bersih makanan enak,KOMPETITOR,Bintang 3,IbisStylesJakartaSimatupang,positive,0.9983764886856079,Service Quality,"Service Quality (1.00); Cleanliness, Hygiene & Maintenance (0.99); Facilities & Amenities (0.99)"
kevin naufal zarkasyi,2025,5,cocok untuk menginap di santap makanan minuman pastikan memilih menu halal bagi muslim bisa untuk rapat atau pertemuan dengan orang urusan bisnis,KOMPETITOR,Bintang 3,IbisStylesJakartaSimatupang,positive,0.9980792999267578,Food & Beverage,Food & Beverage (0.99); Religious & Halal Features (0.94); Guest Experience (0.92)
Syntia Silaban,2025,5,makanannya enak jusnya mantap kamarnya bersih mba nonii ramah lembut bicara,KOMPETITOR,Bintang 3,IbisStylesJakartaSimatupang,positive,0.9995306730270386,"Cleanliness, Hygiene & Maintenance","Cleanliness, Hygiene & Maintenance (0.99); Facilities & Amenities (0.99); Food & Beverage (0.99)"
Widiya Lestari,2025,5,kamar nya nyaman bersih lokasi strategis,KOMPETITOR,Bintang 3,IbisStylesJakartaSimatupang,positive,0.9993892908096313,Room Quality & Comfort,"Room Quality & Comfort (0.99); Cleanliness, Hygiene & Maintenance (0.98); Service Quality (0.97)"
Pink Hanker,2025,5,kamarnya nyaman untuk keluarga suasana hotelnya juga adem dan asri,KOMPETITOR,Bintang 3,IbisStylesJakartaSimatupang,positive,0.9994696974754333,Room Quality & Comfort,Room Quality & Comfort (0.99); Facilities & Amenities (0.98); Family & Group Friendly (0.97)
Haura Bintang M,2025,5,senag sekali bisa berkesempatan menginapi hotel ini walaupun terjangkau harganya tapi sangat layak saya dari jogja melihat resepsionisnya sangat ramah dan cekat,KOMPETITOR,Bintang 3,IbisStylesJakartaSimatupang,positive,0.9992132186889648,Staff Conduct & Hospitality,Staff Conduct & Hospitality (0.98); Pricing & Value for Money (0.98); Service Quality (0.89)
Nandang Permana,2025,5,kamarnya bagus untuk kamar keluarga terdapat 1 ratu dan 2 katil kembar tv layar besar view nya bagus dari kamar bersih wifi nya lancar petugas ya ramah mulai dari keamanan hingga fb dan fo mba juliana yang bergaul dengan kami disarankan,KOMPETITOR,Bintang 3,IbisStylesJakartaSimatupang,positive,0.9993894100189209,Family & Group Friendly,Family & Group Friendly (0.99); Staff Conduct & Hospitality (0.99); Facilities & Amenities (0.99)
Tito S.R.,2025,4,tetap terjaga bersih tapi kamarnya termasuk kecil dibandingkan dengan gaya ibis lainnya yang lebih baru sarapan cukup bervariasi untuk kelasnya,KOMPETITOR,Bintang 3,IbisStylesJakartaSimatupang,positive,0.985744059085846,"Cleanliness, Hygiene & Maintenance","Cleanliness, Hygiene & Maintenance (0.99); Service Quality (0.97); Facilities & Amenities (0.83)"
Basrizal Abbhas,2025,5,untuk sarapannya enak dan banyak pilihannya minumannya bervariasi pelayanannya dngan mbak noni orangnya ramah,KOMPETITOR,Bintang 3,IbisStylesJakartaSimatupang,positive,0.9994012117385864,Food & Beverage,Food & Beverage (0.99); Guest Experience (0.99); Staff Conduct & Hospitality (0.98)
Ary Ferdinan,2025,5,pelayanan yang ramah akses menginap mudah dijangkau makanannya enak,KOMPETITOR,Bintang 3,IbisStylesJakartaSimatupang,positive,0.9993103742599487,Guest Experience,Guest Experience (0.99); Service Quality (0.99); Facilities & Amenities (0.99)
Azra 13z,2025,5,hotel yang sangat bagus bersih dan mengesankan untuk saya dan keluarga,KOMPETITOR,Bintang 3,IbisStylesJakartaSimatupang,positive,0.9988436698913574,Guest Experience,"Guest Experience (0.99); Service Quality (0.99); Cleanliness, Hygiene & Maintenance (0.99)"
Kharida Salsabilla,2025,5,sarapannya enak kamarnya bersih bangett sukakk,KOMPETITOR,Bintang 3,IbisStylesJakartaSimatupang,positive,0.9993425011634827,"Cleanliness, Hygiene & Maintenance","Cleanliness, Hygiene & Maintenance (0.98); Room Quality & Comfort (0.96); Service Quality (0.95)"
Isti Ramadhini,2025,5,lokasi strategis kamar bersih kompak rumah saya suka dhehh,KOMPETITOR,Bintang 3,IbisStylesJakartaSimatupang,positive,0.9994893074035645,Room Quality & Comfort,"Room Quality & Comfort (1.00); Service Quality (0.99); Cleanliness, Hygiene & Maintenance (0.98)"
syifa tuljanah,2025,5,Pelayanan untuk semua staf sangat baik dan rendah hati seklai tempat strategis sesuai dengan kebutuhan dan kamar sangat bagus dan bersihh sekali menyetujui pokonya,KOMPETITOR,Bintang 3,IbisStylesJakartaSimatupang,positive,0.9986743927001953,Facilities & Amenities,Facilities & Amenities (1.00); Guest Experience (1.00); Service Quality (1.00)
Fajri Sr,2025,5,Tempatnya bagus strategis makanan nya enak dari resto miftah rasanya cocok untuk dingin,KOMPETITOR,Bintang 3,IbisStylesJakartaSimatupang,positive,0.9991894364356995,Facilities & Amenities,Facilities & Amenities (0.99); Food & Beverage (0.95); Service Quality (0.89)
Ika Maryani,2025,5,Proses pemeriksaan masuk sangat cepat dan staf hotelnya ramah serta membantu membuat pengalaman menginap jadi menyenangkan dan layanan pemeriksaan masuk sangat cepat hanya membutuhkan beberapa menit dan seluruh staf sangat sigap dan sopan,KOMPETITOR,Bintang 3,IbisStylesJakartaSimatupang,positive,0.9991015195846558,Service Efficiency & Responsiveness,Service Efficiency & Responsiveness (1.00); Staff Conduct & Hospitality (0.99); Guest Experience (0.97)
Rentika Sitindaon,2025,5,hotelnya bagus pelayanannya bagus makanannya juga enak benar-benar bagus diresto mba noninya jugaa ramah,KOMPETITOR,Bintang 3,IbisStylesJakartaSimatupang,positive,0.9994751811027527,Facilities & Amenities,Facilities & Amenities (0.99); Service Quality (0.99); Guest Experience (0.98)
Yustisia Septiani,2025,5,Sangat nyaman sekali kamarnya fasilitasnya dan paling suka lingkungan ekonya jika bisa sekalian restonya dibikin halal jg,KOMPETITOR,Bintang 3,IbisStylesJakartaSimatupang,positive,0.9992761015892029,Facilities & Amenities,Facilities & Amenities (0.99); Sustainability & Environmental Quality (0.99); Room Quality & Comfort (0.99)
Gatot Teguh Raharto,2025,5,Alhamdulillah baik jos nyaman bersih dan kokinya masakannya mantap,KOMPETITOR,Bintang 3,IbisStylesJakartaSimatupang,positive,0.9991419315338135,Service Quality,"Service Quality (0.98); Cleanliness, Hygiene & Maintenance (0.98); Facilities & Amenities (0.98)"
Cahyo Budi,2025,5,Bantalnya empuk dan tanganuk nya bersih bersih kamarnya juga wangi bersih bagus juga pemandangan nya ke kota dan resepsionis nya baik ramah dan murah senyum bel anak nya baik suka membantu dan suka menawarkan untuk membantu saya membawakan barang barang saya nama nya bilal dan makanan restoran nya sangat cukup sekali kemudian minuman nya sangat cukup buah buahan nya sangat segar sekali,KOMPETITOR,Bintang 3,IbisStylesJakartaSimatupang,positive,0.9994367957115173,Facilities & Amenities,"Facilities & Amenities (1.00); Cleanliness, Hygiene & Maintenance (1.00); Staff Conduct & Hospitality (1.00)"
Mase Bondan,2025,5,makanannya enak bervariasi terimakasih kepada mba keizya atas pelayanannya,KOMPETITOR,Bintang 3,IbisStylesJakartaSimatupang,positive,0.998956561088562,Service Quality,Service Quality (0.98); Guest Experience (0.95); Food & Beverage (0.88)
faisal setiawan,2025,5,sarapan nya enak enak pelayanan nya juga bagus ada kopi nya jus nya juga beragam pelayanan layanan dari anissa,KOMPETITOR,Bintang 3,IbisStylesJakartaSimatupang,positive,0.9992383718490601,Food & Beverage,Food & Beverage (0.99); Service Quality (0.97); Facilities & Amenities (0.94)
Muhammad Asrar,2025,5,keren dan mantap sekali nginap di ibis gaya simatupang,KOMPETITOR,Bintang 3,IbisStylesJakartaSimatupang,positive,0.9991917014122009,Service Quality,Service Quality (0.96); Guest Experience (0.94); Room Quality & Comfort (0.93)
Fahrurozi,2025,5,lokasi strategis menu sarapan komplit kamar bersih dan pelayanan ramah,KOMPETITOR,Bintang 3,IbisStylesJakartaSimatupang,positive,0.9994921684265137,Room Quality & Comfort,"Room Quality & Comfort (1.00); Cleanliness, Hygiene & Maintenance (1.00); Service Efficiency & Responsiveness (1.00)"
Mila Kaniadewi,2025,5,bistrip disini nyaman semua ramah dan yang diresto juga membantu terimakasih mbak zahira,KOMPETITOR,Bintang 3,IbisStylesJakartaSimatupang,positive,0.9988382458686829,Staff Conduct & Hospitality,Staff Conduct & Hospitality (0.99); Facilities & Amenities (0.98); Guest Experience (0.98)
Dian Ocviany,2025,5,Nasi goreng nya enak banget,KOMPETITOR,Bintang 3,IbisStylesJakartaSimatupang,positive,0.998332679271698,Food & Beverage,Food & Beverage (0.97); Sustainability & Environmental Quality (0.89); Cultural & Heritage Experience (0.85)
Anto Yuniarto,2025,5,kamar bersih sarapan variatif kopinya mantab terima kasih mba sifa,KOMPETITOR,Bintang 3,IbisStylesJakartaSimatupang,positive,0.9994441866874695,"Cleanliness, Hygiene & Maintenance","Cleanliness, Hygiene & Maintenance (0.98); Food & Beverage (0.98); Service Quality (0.97)"
shilvy fo,2025,5,nyaman bersih terbaik melihat sarapan banyak pilihan dan enak cocok banget buat yang lagi kerja dan ktmu klien,KOMPETITOR,Bintang 3,IbisStylesJakartaSimatupang,positive,0.998802900314331,Facilities & Amenities,"Facilities & Amenities (0.99); Service Quality (0.98); Cleanliness, Hygiene & Maintenance (0.98)"
Muhammad Riyadi,2025,5,Pelayanan sangat bagus sasmita no kamar saya nginap 706 sangat bersih dan rapi,KOMPETITOR,Bintang 3,IbisStylesJakartaSimatupang,positive,0.9988797307014465,Service Quality,"Service Quality (1.00); Cleanliness, Hygiene & Maintenance (1.00); Guest Experience (1.00)"
Choco Butter,2025,5,fasilitas sangat memuaskan pelayanan sangat ramah kamar mandi dan kamarnya sangat bersih dan nyaman,KOMPETITOR,Bintang 3,IbisStylesJakartaSimatupang,positive,0.9993447661399841,Facilities & Amenities,Facilities & Amenities (1.00); Service Quality (0.99); Room Quality & Comfort (0.99)
Lia,2025,5,Pelayanannya sangat bagus khususnya untuk kak juliana putri yang ramah terima kasih,KOMPETITOR,Bintang 3,IbisStylesJakartaSimatupang,positive,0.9973056316375732,Service Quality,Service Quality (1.00); Guest Experience (0.99); Staff Conduct & Hospitality (0.94)
febri kasnurtiardhi,2025,5,kamar yang nyaman strategis pelayanan yang terbaik,KOMPETITOR,Bintang 3,IbisStylesJakartaSimatupang,positive,0.9994091987609863,Service Quality,Service Quality (0.99); Room Quality & Comfort (0.99); Guest Experience (0.98)
muhammad nur al fajri,2025,5,hotelnya sangat nyaman sarapannya sangat bervariasi dan pelayanannya sangat baik salah satunya mba sasmita yang sangat ramah,KOMPETITOR,Bintang 3,IbisStylesJakartaSimatupang,positive,0.9993990659713745,Service Quality,Service Quality (0.99); Facilities & Amenities (0.99); Food & Beverage (0.99)
Melody Cantika,2025,5,sarapan nya enakk pelayanan oke semua baik,KOMPETITOR,Bintang 3,IbisStylesJakartaSimatupang,positive,0.9978985786437988,Service Quality,Service Quality (1.00); Guest Experience (0.99); Facilities & Amenities (0.99)
Hancancan (Hancancan),2025,5,tempatnya bagus kamarnya nyaman makan sarapannya juga enak,KOMPETITOR,Bintang 3,IbisStylesJakartaSimatupang,positive,0.999421238899231,Facilities & Amenities,Facilities & Amenities (1.00); Room Quality & Comfort (0.99); Food & Beverage (0.98)
Renny Ryana,2025,5,sarapannya enak lokasi nya strategis pelayanan yang sangat ramah dari anis,KOMPETITOR,Bintang 3,IbisStylesJakartaSimatupang,positive,0.9991573095321655,Service Quality,Service Quality (0.98); Guest Experience (0.97); Food & Beverage (0.96)
Yuli Ana,2025,5,nyaman hotel nya dan dekat kemana saja di sekutar nya di samping nya ada mall,KOMPETITOR,Bintang 3,IbisStylesJakartaSimatupang,positive,0.9984253644943237,Facilities & Amenities,Facilities & Amenities (0.97); Room Quality & Comfort (0.95); Service Quality (0.93)
Rifa Emilda,2025,5,sarapannya enak kamarnya selalu bersih dan aman wangi juga cuci pakaiannya juga bersih dan wangi thak you ibis simatupang,KOMPETITOR,Bintang 3,IbisStylesJakartaSimatupang,positive,0.9994636178016663,"Cleanliness, Hygiene & Maintenance","Cleanliness, Hygiene & Maintenance (0.99); Safety & Security (0.98); Facilities & Amenities (0.98)"
Dr ayuni Chintyarya,2025,1,1 pertama masuk nyari minum ternyata tidak ada botol air tapi disediain botol kaca kosong ternyata mengambil minum di galon luar tidak ada udara dingin atau panas 2 mau beli makan tapi bayarnya harus tunai atau pakai kartu tidak bisa ditransfer atau masuk tagihan kamar atau qris 3 di iklan dan foto ada kolam renang tapi ternyata tidak ada kolam renang 4 hari sehari keluar hotel karena ada kegiatan pulang hotel jam 16 30 rencana mau istirahat eh kamar belum selesai dibersihkan dan jadinya hk buru2 masih banyak rambut di tempat tidur di kamar ada noda sabun mandi tangan kosong kirimkan cuci sempat masuk ke tempat tidur kolong 1 tapi dibiarkan dan,KOMPETITOR,Bintang 3,IbisStylesJakartaSimatupang,negative,0.9961887001991272,Facilities & Amenities,Facilities & Amenities (0.90); Pricing & Value for Money (0.82); Check in/out Experience (0.70)
Mustika Ruth Br. Sibuea,2025,5,semuanya sudah cukup bagus untuk pelayanan kamar dan sarapan pelayanan dari kak mita sudah bagus terima kasih,KOMPETITOR,Bintang 3,IbisStylesJakartaSimatupang,positive,0.9986571073532104,Guest Experience,Guest Experience (0.99); Facilities & Amenities (0.99); Food & Beverage (0.99)
AKH EKA,2025,5,kamar yang nyaman pelayanan yang baik ruang pertemuan dan segala perlengkapan di dalamnya berfungsi dengan baik,KOMPETITOR,Bintang 3,IbisStylesJakartaSimatupang,positive,0.9985249638557434,Facilities & Amenities,Facilities & Amenities (1.00); Service Quality (1.00); Room Quality & Comfort (0.99)
Aura Hapsari,2025,5,kamarnya bersih wangi layanan bagus lokasi juga strategis,KOMPETITOR,Bintang 3,IbisStylesJakartaSimatupang,positive,0.9994138479232788,Service Quality,"Service Quality (1.00); Facilities & Amenities (1.00); Cleanliness, Hygiene & Maintenance (1.00)"
Yanto Heryanto,2025,5,Tempat menyenangkan kamar bersih pelayanan bagus makanan cukup memeuaskan,KOMPETITOR,Bintang 3,IbisStylesJakartaSimatupang,positive,0.9994090795516968,Guest Experience,Guest Experience (1.00); Service Quality (0.99); Facilities & Amenities (0.99)
jihad mutiara,2025,5,bagus banget pelayanannyaa semuanya sangat ramah dan membantu terima kasih ibis,KOMPETITOR,Bintang 3,IbisStylesJakartaSimatupang,positive,0.998661994934082,Service Quality,Service Quality (0.99); Staff Conduct & Hospitality (0.98); Service Efficiency & Responsiveness (0.97)
Bagus Burhannudin,2025,5,sangat merekomendasikan kamar bersih nyaman,KOMPETITOR,Bintang 3,IbisStylesJakartaSimatupang,positive,0.997500479221344,Room Quality & Comfort,"Room Quality & Comfort (1.00); Cleanliness, Hygiene & Maintenance (0.98); Service Quality (0.96)"
Nailah lufky,2025,5,Pelayanan yang ramah dan cepat sangat bagus dan dianjurkan untuk kamar keluarga baru,KOMPETITOR,Bintang 3,IbisStylesJakartaSimatupang,positive,0.9984517097473145,Service Efficiency & Responsiveness,Service Efficiency & Responsiveness (1.00); Guest Experience (1.00); Service Quality (1.00)
TTK Ismi Diana Fatmawati,2025,5,pelayanannya ramah kamar bersih wangi dan nyaman,KOMPETITOR,Bintang 3,IbisStylesJakartaSimatupang,positive,0.9992964267730713,Room Quality & Comfort,Room Quality & Comfort (1.00); Service Quality (1.00); Guest Experience (0.99)
Dinda Nurfadillah,2025,5,makanannya enak enak tempatnya bersih nyaman pelayanannya ramah dengan mba noni,KOMPETITOR,Bintang 3,IbisStylesJakartaSimatupang,positive,0.9994475245475769,Facilities & Amenities,"Facilities & Amenities (0.99); Cleanliness, Hygiene & Maintenance (0.99); Room Quality & Comfort (0.98)"
Ayra Alicia putri,2025,5,kamar hotel nya sangat bersih dan nyaman untuk di tempatkan staf hotel nya sangat membantu dan responsif membuat saya jadi nyaman dan hotel nya juga memiliki suasana yang tenang cocok untuk berlibur dan bisnis fasilitas hotel nya sangat lengkap,KOMPETITOR,Bintang 3,IbisStylesJakartaSimatupang,positive,0.9993605017662048,Room Quality & Comfort,Room Quality & Comfort (0.99); Service Efficiency & Responsiveness (0.99); Facilities & Amenities (0.98)
Syarief Hidayatullah,2025,5,pengalaman yang seru selama menginap di ibis style jakarta simatupang pelayanan ramah dan keren perhotelan layananenya sangat bagus sekali apalagi dibantu proses cek masuk dengan mba melati sebagai front office dan mba bella di reservasi sangat mudah sekali semoga semakin sukses selalu kedepan,KOMPETITOR,Bintang 3,IbisStylesJakartaSimatupang,positive,0.9992365837097168,Staff Conduct & Hospitality,Staff Conduct & Hospitality (0.99); Service Quality (0.99); Service Efficiency & Responsiveness (0.98)
Fairuz Thufailah,2025,5,kamar nyaman cuci pakaian harum pilihan makanan resto banyak pol enak ada warmindonya juga,KOMPETITOR,Bintang 3,IbisStylesJakartaSimatupang,positive,0.999447762966156,Facilities & Amenities,"Facilities & Amenities (0.98); Room Quality & Comfort (0.98); Cleanliness, Hygiene & Maintenance (0.97)"
Rizka Shafira,2025,5,makanannya selalu enak cuci jugaa oke stafnya ramah terima kasih ibis simatupang 3,KOMPETITOR,Bintang 3,IbisStylesJakartaSimatupang,positive,0.9993312358856201,"Cleanliness, Hygiene & Maintenance","Cleanliness, Hygiene & Maintenance (0.99); Staff Conduct & Hospitality (0.98); Service Quality (0.98)"
Frida Yustika,2025,5,Layanan untuk stafnya baik kamarnya nyaman dan tenang banget mushola disediakan dan terawat menyediakan buat sahur dan wakeup call dan terakhir satset juga jika ada sesuatu contohnya barang aku ketinggalan saat sudah checkout tapi dibantu dicariin dan diamanin sama staf sejauh terbaik sih haturnuhun,KOMPETITOR,Bintang 3,IbisStylesJakartaSimatupang,positive,0.9983990788459778,Facilities & Amenities,"Facilities & Amenities (1.00); Cleanliness, Hygiene & Maintenance (1.00); Room Quality & Comfort (0.99)"
Aina Safira,2025,5,Pelayanannya top untuk mba yang di fo ramah banget,KOMPETITOR,Bintang 3,IbisStylesJakartaSimatupang,positive,0.9990665316581726,Service Quality,Service Quality (1.00); Guest Experience (0.99); Staff Conduct & Hospitality (0.98)
Lutfiyah Hasanah,2025,5,kamarnya bersih rapi dan bikin nyaman yang paling utama tidak bikin sumpek,KOMPETITOR,Bintang 3,IbisStylesJakartaSimatupang,positive,0.9989259839057922,Room Quality & Comfort,"Room Quality & Comfort (1.00); Cleanliness, Hygiene & Maintenance (0.99); Facilities & Amenities (0.98)"
ohana,2025,5,Tinggal disini 5 hari puas banget dan nyaman pelayan mba noni sangat ramah suka,KOMPETITOR,Bintang 3,IbisStylesJakartaSimatupang,positive,0.9993764758110046,Guest Experience,Guest Experience (0.99); Service Quality (0.97); Staff Conduct & Hospitality (0.97)
Intan Seteja,2025,5,kamarnya bagus makanan juga enak dan lengkap,KOMPETITOR,Bintang 3,IbisStylesJakartaSimatupang,positive,0.9991588592529297,Facilities & Amenities,Facilities & Amenities (1.00); Room Quality & Comfort (0.98); Ambience & Design (0.95)
Rizki Amalia,2025,5,pengalaman yang menyenangkan dan berkesan tinggal di sini,KOMPETITOR,Bintang 3,IbisStylesJakartaSimatupang,positive,0.9952794313430786,Guest Experience,Guest Experience (0.96); Room Quality & Comfort (0.80); Facilities & Amenities (0.79)
Muhammad Abdul Kholiq,2025,5,nyaman dan rekomendasi deh buat perjalanan selanjutnya,KOMPETITOR,Bintang 3,IbisStylesJakartaSimatupang,positive,0.9979092478752136,Facilities & Amenities,"Facilities & Amenities (0.96); Room Quality & Comfort (0.92); Loyalty, Recommendation & Appreciation (0.82)"
Assya F,2025,5,sarapannya enak saya perjalan bisnis di sini nyaman,KOMPETITOR,Bintang 3,IbisStylesJakartaSimatupang,positive,0.9992111921310425,Food & Beverage,Food & Beverage (0.99); Service Quality (0.91); Room Quality & Comfort (0.86)
Ini Saya,2025,5,hotel dengan lokasi yang cukup strategis dan yang khusus lokasinya persis di samping kota untuk ukuran kamarnya standar tidak terlalu besar dan tidak terlalu sempit terdapat area bermain anak yang pada saat saya menginap hanya diset di akhir pekan saja makanan pada saat sarapan juga bervariasi melebihi ekspektasi saya dan rasanya juga enak untuk parkir lahan memang terbatas meskipun ada 3 tingkat basement namun 1 basement hanya cukup untuk sekitar 6 7 mobil,KOMPETITOR,Bintang 3,IbisStylesJakartaSimatupang,positive,0.9989182949066162,"Location, Accessibility & Parking","Location, Accessibility & Parking (0.98); Facilities & Amenities (0.94); Service Quality (0.74)"
Gaga u2management,2025,5,sarapannya merekomendasikan dan kamarnya bersih banget terima kasih kak dwi,KOMPETITOR,Bintang 3,IbisStylesJakartaSimatupang,positive,0.998997151851654,"Cleanliness, Hygiene & Maintenance","Cleanliness, Hygiene & Maintenance (0.98); Service Quality (0.97); Loyalty, Recommendation & Appreciation (0.97)"
inez,2025,5,sangat nyaman bersih pelayanan sangat ramah dan sangat menikmati liburan di hotel ini,KOMPETITOR,Bintang 3,IbisStylesJakartaSimatupang,positive,0.9987003803253174,Facilities & Amenities,Facilities & Amenities (0.99); Staff Conduct & Hospitality (0.99); Service Quality (0.99)
Imaniar Eka Handayani,2025,5,Saat kedtangan kamar langsung siap nyaman saat menginap tinggal dibtambah tv bisa netflix dan youtube yaa sarapan juga variatif dan enak2 terimakaaih,KOMPETITOR,Bintang 3,IbisStylesJakartaSimatupang,positive,0.9993208646774292,Facilities & Amenities,Facilities & Amenities (0.96); Service Efficiency & Responsiveness (0.91); Room Quality & Comfort (0.84)
Aulia Rahmawati,2025,5,secara keseluruhan baik ramah nyaman akses mudah bersih,KOMPETITOR,Bintang 3,IbisStylesJakartaSimatupang,positive,0.9992627501487732,Facilities & Amenities,"Facilities & Amenities (0.99); Room Quality & Comfort (0.99); Cleanliness, Hygiene & Maintenance (0.98)"
Fitri wulansari,2025,5,Jadi bahagia tinggal disini semua makanan enak aku tinggal disini di ajak sama sodara itu layak banget harganya sesuai dengan ekspetasi stafnya juga ramah banget terutama mas wahyudi terima kasih banyak ya aku akan kembali,KOMPETITOR,Bintang 3,IbisStylesJakartaSimatupang,positive,0.9993522763252258,Staff Conduct & Hospitality,Staff Conduct & Hospitality (0.99); Pricing & Value for Money (0.99); Guest Experience (0.99)
Putu Saraswati,2025,4,servis memuaskan cepat respon kamar nyaman terima kasih,KOMPETITOR,Bintang 3,IbisStylesJakartaSimatupang,positive,0.9979460835456848,Service Quality,Service Quality (1.00); Service Efficiency & Responsiveness (0.99); Guest Experience (0.99)
Zamroni Lathif,2025,5,pelayanan bagus kamar bersih cuci cepat,KOMPETITOR,Bintang 3,IbisStylesJakartaSimatupang,positive,0.9993529915809631,Service Quality,Service Quality (1.00); Guest Experience (1.00); Room Quality & Comfort (0.99)
Heri Wardana,2025,5,Manteb kalau dinas ke jkt selalu nginap disini karena dekat kantor dan mall terima kasih mba syifa,KOMPETITOR,Bintang 3,IbisStylesJakartaSimatupang,positive,0.996493399143219,Guest Experience,"Guest Experience (0.87); Facilities & Amenities (0.80); Loyalty, Recommendation & Appreciation (0.72)"
ResaKusuma Eca,2025,5,lokasi dekat ke cilandak kota square jadi mudah mau keperluan apa saja makanan enak serasa di rumah saat cek masuk mendapat kue selamat datang salam tulis sangat cantik dan menaikan mood bahagia,KOMPETITOR,Bintang 3,IbisStylesJakartaSimatupang,positive,0.9994658827781677,Facilities & Amenities,Facilities & Amenities (0.99); Check in/out Experience (0.95); Service Efficiency & Responsiveness (0.95)
Astrid R,2025,5,tempatnya bersih lokasi strategis dan sangat nyaman,KOMPETITOR,Bintang 3,IbisStylesJakartaSimatupang,positive,0.9993619322776794,Room Quality & Comfort,"Room Quality & Comfort (0.99); Facilities & Amenities (0.99); Cleanliness, Hygiene & Maintenance (0.96)"
Muhammad ngadimin,2025,5,kebersihan kamar oke layanan oke lokasi strategis,KOMPETITOR,Bintang 3,IbisStylesJakartaSimatupang,positive,0.9993942975997925,Service Quality,Service Quality (1.00); Room Quality & Comfort (1.00); Facilities & Amenities (0.99)
Tri Nur Septiani,2025,5,luar biasa selama pertemuan di sini tempatnya nyaman makanan nya enak istirahat kopi enak restoran nya nyaman akses ke hotel juga mudah terimakasih juga buat mas raih selama acara sudah membantu terbaik,KOMPETITOR,Bintang 3,IbisStylesJakartaSimatupang,positive,0.9994169473648071,Facilities & Amenities,Facilities & Amenities (0.99); Service Quality (0.97); Food & Beverage (0.94)
Putri Azizah,2025,5,bagus kamarnya dan pelayanan kak noni nya ramah untuk resto,KOMPETITOR,Bintang 3,IbisStylesJakartaSimatupang,positive,0.9992040991783142,Service Quality,Service Quality (1.00); Facilities & Amenities (1.00); Room Quality & Comfort (0.99)
Pernah Bobo Sini,2025,5,hotelnya deket sama citos bisa jalan kaki parkir kendaraan terbatas kamarnya terang karena jendelanya gede kamar mandi juga lega dan bersih buat yang bawa bocil ada area anak bermain dideket resto tapi hotel ini ngga ada kolam renang nya dan saat nginep gym nya lagi direnov,KOMPETITOR,Bintang 3,IbisStylesJakartaSimatupang,positive,0.9984557628631592,"Location, Accessibility & Parking","Location, Accessibility & Parking (0.93); Facilities & Amenities (0.85); Cleanliness, Hygiene & Maintenance (0.70)"
Nur Azizah Kurneasih,2025,5,sarapan enak sama kamarnya bersih,KOMPETITOR,Bintang 3,IbisStylesJakartaSimatupang,positive,0.9989632368087769,"Cleanliness, Hygiene & Maintenance","Cleanliness, Hygiene & Maintenance (1.00); Facilities & Amenities (0.99); Service Quality (0.99)"
nanang ardiansyah,2025,5,tempatnya nyampan dan karywannya sangat membantu sekali dan bagus namanya mba juli,KOMPETITOR,Bintang 3,IbisStylesJakartaSimatupang,positive,0.9993058443069458,Facilities & Amenities,"Facilities & Amenities (0.99); Location, Accessibility & Parking (0.98); Service Quality (0.97)"
januar benthoni,2025,5,hotelnya nyaman makanannya enak untuk bertemu fasilitasnya bagus,KOMPETITOR,Bintang 3,IbisStylesJakartaSimatupang,positive,0.9992243051528931,Service Quality,Service Quality (0.99); Facilities & Amenities (0.97); Guest Experience (0.97)
januar benthoni,2025,5,hotelnya nyaman buat pertemuan fasilitasnya lengkap internetnya kencang,KOMPETITOR,Bintang 3,IbisStylesJakartaSimatupang,positive,0.9994992017745972,Facilities & Amenities,Facilities & Amenities (0.98); Guest Experience (0.88); Service Quality (0.86)
Dwiki Awaludin,2025,5,kamar nya bersih wangi dan bersih deket sama mall,KOMPETITOR,Bintang 3,IbisStylesJakartaSimatupang,positive,0.9991389513015747,"Cleanliness, Hygiene & Maintenance","Cleanliness, Hygiene & Maintenance (0.99); Room Quality & Comfort (0.98); Facilities & Amenities (0.97)"
aprin hadiani,2025,5,Pencahayaan ruangan sangat bagus sangat bersih sangat strategis dekat kemana mana mana,KOMPETITOR,Bintang 3,IbisStylesJakartaSimatupang,positive,0.9994446635246277,"Cleanliness, Hygiene & Maintenance","Cleanliness, Hygiene & Maintenance (0.98); Room Quality & Comfort (0.96); Ambience & Design (0.92)"
Ricky Muchtar,2025,1,manajemen yang tidak profesional dan tidak kompeten punya voucher sarapan valid tapi masih di muatan juga,KOMPETITOR,Bintang 3,IbisStylesJakartaSimatupang,negative,0.999068558216095,Food & Beverage,Food & Beverage (0.93); Pricing & Value for Money (0.54); Management & Policy Issues (0.52)
Dede Ramdan,2025,5,Tempat bagus bersih fasilitas oke ada tempat bermain mini buat yang bawa keluarga hanya saja di fotonya ada kolam renang tapi aslinya tidak ada,KOMPETITOR,Bintang 3,IbisStylesJakartaSimatupang,positive,0.9913246631622314,Facilities & Amenities,"Facilities & Amenities (0.95); Cleanliness, Hygiene & Maintenance (0.92); Service Quality (0.84)"
Yuniawati Anti Tirani,2025,5,Hotel ini sangat memuaskan apalagi layanan dari mba mita terbaik,KOMPETITOR,Bintang 3,IbisStylesJakartaSimatupang,positive,0.9994103908538818,Service Quality,Service Quality (1.00); Guest Experience (0.99); Facilities & Amenities (0.99)
Aji Nugroho,2025,4,kamar bed sangat nyaman view bagus sekali mandi lengkap dan tekanan udara kencang jadi bisa bersantai melepas kepenatan kalau bednya baru ukuran bisa king size bukan sekedar queen size pasti akan lebih sempurna terima kasih kepada keamanan dan manajemen hotel atas penanganan yang baik dan responsif pada sedikit kecelakaan yang menimpa mobil kami,KOMPETITOR,Bintang 3,IbisStylesJakartaSimatupang,positive,0.9991025924682617,Service Efficiency & Responsiveness,Service Efficiency & Responsiveness (1.00); Safety & Security (1.00); Facilities & Amenities (0.99)
hasta yudha,2025,5,jika ke jakarta selalu menginap disini kamar nyaman bersih staf ramah makannya juga enak,KOMPETITOR,Bintang 3,IbisStylesJakartaSimatupang,positive,0.9994620680809021,Facilities & Amenities,Facilities & Amenities (0.99); Staff Conduct & Hospitality (0.99); Room Quality & Comfort (0.99)
Rinjani Widiyanti,2025,5,kamarnya lumayan lega meski tidak besar2 amat desainnya juga kece dan bersih udara minum sudah tidak menggunakan botol plastik sekali pakai jadi lebih ramah lingkungan menu makan malam cukup beragam merasa di rumah juga karena banyak masakan rumahan terima kasih masya atas bantuan layanannya,KOMPETITOR,Bintang 3,IbisStylesJakartaSimatupang,positive,0.9992892742156982,Facilities & Amenities,Facilities & Amenities (0.96); Service Quality (0.96); Guest Experience (0.94)
Tika Caca,2025,5,nyaman bersih pelayanannya bagus dan ramah,KOMPETITOR,Bintang 3,IbisStylesJakartaSimatupang,positive,0.9992133378982544,Service Quality,Service Quality (0.99); Service Efficiency & Responsiveness (0.99); Guest Experience (0.99)
Ferra Kurnia Dewi,2025,5,makanannya enak aksesnya juga mudah mba noni juga baik pelayanannya mantapp,KOMPETITOR,Bintang 3,IbisStylesJakartaSimatupang,positive,0.999241828918457,Facilities & Amenities,Facilities & Amenities (0.99); Service Quality (0.98); Staff Conduct & Hospitality (0.94)
Adzraa Fakhiraa,2025,5,Pelayanan nya bagus ramah baik teliti pokonya mantap,KOMPETITOR,Bintang 3,IbisStylesJakartaSimatupang,positive,0.9990409016609192,Service Quality,Service Quality (1.00); Guest Experience (0.99); Service Efficiency & Responsiveness (0.98)
Doni Tristan Tiansyah,2025,4,layanannya sangat baik minjem setrika langsung cuss dianterin ke kamar kamarnya bersih rapi harga juga saat lokasi strategis di tengah kota dan di pinggir jalan utama sarapan enak dan banyak pilihan minus nya parkir sempit,KOMPETITOR,Bintang 3,IbisStylesJakartaSimatupang,positive,0.9992769360542297,Service Quality,"Service Quality (1.00); Facilities & Amenities (1.00); Cleanliness, Hygiene & Maintenance (0.99)"
Adi Hutomo SIB 1,2025,5,nyaman banget hotel ini dekorasi untuk bulan madu ya juga bagus kue nya enak banget sarapannya yang terbaik jenisnya banyak enak2 stafnya juga ramah banget akan kembali ke sini untuk nginap terima kasih u ibis gaya cilandak,KOMPETITOR,Bintang 3,IbisStylesJakartaSimatupang,positive,0.9992399215698242,Staff Conduct & Hospitality,Staff Conduct & Hospitality (0.99); Facilities & Amenities (0.99); Food & Beverage (0.97)
Jenny Toviana,2025,5,kamar bersih udara nyala dengan bagus lengkap ada rambut lebih baru menu makanan variatif tapi sayang tidak ada susu n kokocrunch soalnya suka banget malam mau cari makanan mudah banget deket dengan citos,KOMPETITOR,Bintang 3,IbisStylesJakartaSimatupang,positive,0.9985873699188232,Facilities & Amenities,"Facilities & Amenities (0.98); Cleanliness, Hygiene & Maintenance (0.97); Room Quality & Comfort (0.92)"
Badriyatu Sholihah,2025,5,makanannya variatif rasanya enak untuk mbak noni pelayananannya oke,KOMPETITOR,Bintang 3,IbisStylesJakartaSimatupang,positive,0.999386191368103,Service Quality,Service Quality (0.99); Guest Experience (0.94); Staff Conduct & Hospitality (0.90)
Septi RiyanDini,2025,5,Staff ramah hotel nyaman semua pelayanan oke untuk makan banyak varian,KOMPETITOR,Bintang 3,IbisStylesJakartaSimatupang,positive,0.9991245865821838,Facilities & Amenities,Facilities & Amenities (1.00); Staff Conduct & Hospitality (0.99); Service Quality (0.98)
Maulinna Utaminingsih,2025,5,kamarnya lumayan lega meski tidak besar2 amat desainnya juga kece dan bersih udara minum sudah tidak menggunakan botol plastik sekali pakai jadi lebih ramah lingkungan menu makan malam cukup beragam rasanya di rumah juga karena banyak masakan rumahan,KOMPETITOR,Bintang 3,IbisStylesJakartaSimatupang,positive,0.9991784691810608,Facilities & Amenities,Facilities & Amenities (0.96); Sustainability & Environmental Quality (0.94); Ambience & Design (0.89)
Aquino Trasukmana,2025,5,hotel nyaman cm akses agak masuk ke dalam tapi dekat mall,KOMPETITOR,Bintang 3,IbisStylesJakartaSimatupang,positive,0.9991645812988281,Facilities & Amenities,Facilities & Amenities (0.97); Room Quality & Comfort (0.91); Service Quality (0.87)
Lia Herawaty,2025,5,kamar nyaman sarapan komplit dan bervariasi top,KOMPETITOR,Bintang 3,IbisStylesJakartaSimatupang,positive,0.9994163513183594,Facilities & Amenities,Facilities & Amenities (0.99); Room Quality & Comfort (0.99); Food & Beverage (0.94)
Agus Kaban,2025,5,kamar nya bersih rapi ammenities cukup makanan oke layaknya untuk anggaran dan lokasi yang strategis dengan kegiatan kerja,KOMPETITOR,Bintang 3,IbisStylesJakartaSimatupang,positive,0.9990378618240356,"Cleanliness, Hygiene & Maintenance","Cleanliness, Hygiene & Maintenance (1.00); Pricing & Value for Money (1.00); Facilities & Amenities (1.00)"
Hendri U2,2025,5,makananya enak pelayanannya ramah terima kasih buat mba dwi,KOMPETITOR,Bintang 3,IbisStylesJakartaSimatupang,positive,0.9994195699691772,Service Quality,Service Quality (0.98); Guest Experience (0.97); Family & Group Friendly (0.94)
R Nanny Berutu,2025,5,makanannya enak jus nya cinta mba noni ramahh,KOMPETITOR,Bintang 3,IbisStylesJakartaSimatupang,positive,0.9994454979896545,Food & Beverage,"Food & Beverage (0.98); Guest Experience (0.96); Loyalty, Recommendation & Appreciation (0.96)"
Hafshatul Azizah,2025,5,pelayanan mba mita sangat baik dan ramah makanan lengkap sangat variatif dan enak,KOMPETITOR,Bintang 3,IbisStylesJakartaSimatupang,positive,0.9990890026092529,Service Quality,Service Quality (0.99); Guest Experience (0.99); Staff Conduct & Hospitality (0.99)
I'm Screaming,2025,5,Setiap minggu menginap di sini dan merasa nyaman dengan pelayanan,KOMPETITOR,Bintang 3,IbisStylesJakartaSimatupang,positive,0.9988834261894226,Guest Experience,Guest Experience (0.98); Facilities & Amenities (0.92); Check in/out Experience (0.91)
Ima Ahmad,2025,5,ramah pelayanannya dan bersih kamarnya,KOMPETITOR,Bintang 3,IbisStylesJakartaSimatupang,positive,0.9992201328277588,"Cleanliness, Hygiene & Maintenance","Cleanliness, Hygiene & Maintenance (1.00); Room Quality & Comfort (0.99); Service Quality (0.99)"
Ayu Widi Genatri,2025,5,pelayanan nya sangat ramah kamar nya bersih dan makanan nya enak2,KOMPETITOR,Bintang 3,IbisStylesJakartaSimatupang,positive,0.9993564486503601,"Cleanliness, Hygiene & Maintenance","Cleanliness, Hygiene & Maintenance (0.99); Guest Experience (0.99); Facilities & Amenities (0.99)"
Ferdi Permana,2025,1,Awal check masuk sudah pagi namun karena saya harus kekantor dahulu sehingga saya titip bagasi dahulu di garis depan dan sudah disampaikan akan check masuk sore hari nya sepulang dari kantor harapan saya kamar sudah dibook kan dan disiapkan namun kembali ke hotel kamar tidak ada yang tersedia single bed tidak merokok ada tersedia dikasih di kamar merokok walaupun sudah ditreatment karena saya alergi dengan asap rokok akhirnya tidak tahan dikamar dan dipindah lagi ke kamar yang kembar bednya besok baru dipindah lagi ke kamar yang tunggal bed tidak merokok mengapa pihak hotel sedari pagi tidak menyiapkan kamarnya padahal sudah tahu tamu ini akan yach,KOMPETITOR,Bintang 3,IbisStylesJakartaSimatupang,negative,0.9721447825431824,Booking & Reservation Experience,Booking & Reservation Experience (0.66); Check in/out Experience (0.57); Service Quality (0.50)
Nungki Suzana,2025,5,Home banget deket sama kantor juga staf nya ramah2 kamarnya bersih aliran udara nya lancar menu sarapan nya ditingkatin lagi sejauh ini begitu baik,KOMPETITOR,Bintang 3,IbisStylesJakartaSimatupang,positive,0.9991369843482971,Facilities & Amenities,"Facilities & Amenities (1.00); Family & Group Friendly (0.99); Cleanliness, Hygiene & Maintenance (0.99)"
Ari Syarifudin,2025,5,sangat baik untuk sarapan pagi ini sangat baik dan memang ditawarkan menu sarapan yang serba sayuran dan itu baik untuk kesehatan terimakasih atas pelayanannya kak junita,KOMPETITOR,Bintang 3,IbisStylesJakartaSimatupang,positive,0.9989770650863647,Service Quality,Service Quality (0.99); Guest Experience (0.92); Service Efficiency & Responsiveness (0.89)
1PA04_FARAH WIDIYA NINGSIH,2025,5,sangat puas dan bagus akan kembali tinggal disini lagi,KOMPETITOR,Bintang 3,IbisStylesJakartaSimatupang,positive,0.9940215945243835,Guest Experience,"Guest Experience (0.97); Loyalty, Recommendation & Appreciation (0.95); Check in/out Experience (0.94)"
bagus putranto,2025,5,menu sarapan bervariasi lengkap untuk pelayanan layanan ramah junita,KOMPETITOR,Bintang 3,IbisStylesJakartaSimatupang,positive,0.9990447163581848,Service Quality,Service Quality (0.98); Guest Experience (0.97); Food & Beverage (0.97)
DimasHM,2025,5,kamar nyaman fasilitas oke staf hotelnya ramah dianjurkan untuk menginap di daerah jakarta,KOMPETITOR,Bintang 3,IbisStylesJakartaSimatupang,positive,0.9990377426147461,Facilities & Amenities,Facilities & Amenities (0.98); Room Quality & Comfort (0.98); Service Quality (0.96)
Muhammad RahmatH,2025,5,tempatnya nyaman makanannya sudah cukup enak dan saran saya ditambahkan lagi menu yang bervariasi ya untuk pelayan mba noni sangat melayani dengan baik dan tentu ramah sekali saya sangat senang menginap di hotel ini karena mendapat pelayanan yang baik dan ramah,KOMPETITOR,Bintang 3,IbisStylesJakartaSimatupang,positive,0.9993313550949097,Facilities & Amenities,Facilities & Amenities (0.99); Service Quality (0.99); Staff Conduct & Hospitality (0.99)
Arwin Arwin,2025,5,Staf resepsi gercep dita dan kak devi juga mbak mivtah sangat membntu selama tinggal kamar kenyamanan dn rekomendasi,KOMPETITOR,Bintang 3,IbisStylesJakartaSimatupang,positive,0.999099850654602,Room Quality & Comfort,Room Quality & Comfort (0.99); Facilities & Amenities (0.99); Staff Conduct & Hospitality (0.99)
Retno Wahitasari,2025,5,kamarnya enak view bagus,KOMPETITOR,Bintang 3,IbisStylesJakartaSimatupang,positive,0.9993403553962708,Room Quality & Comfort,Room Quality & Comfort (0.99); Guest Experience (0.98); Facilities & Amenities (0.98)
Dea Nabilla,2025,5,lokasi strategis pelayanan baik makanan enak sangat bersih,KOMPETITOR,Bintang 3,IbisStylesJakartaSimatupang,positive,0.9987941980361938,Service Quality,"Service Quality (1.00); Cleanliness, Hygiene & Maintenance (0.99); Facilities & Amenities (0.99)"
Trisnayanti _,2025,5,mita bagian resto pelayanan bagus kamar juga nyaman,KOMPETITOR,Bintang 3,IbisStylesJakartaSimatupang,positive,0.9993557333946228,Room Quality & Comfort,Room Quality & Comfort (1.00); Service Quality (0.99); Food & Beverage (0.99)
Ernawati Haryadi,2025,5,Semua staf ramah terutama frontliner mbak melati makasi yaa mba dah bantu saya selama tinggal disna dan tugas di jakarta sangat menghargai untuk kebaikan dan keramahan Anda,KOMPETITOR,Bintang 3,IbisStylesJakartaSimatupang,positive,0.998927891254425,Staff Conduct & Hospitality,Staff Conduct & Hospitality (1.00); Family & Group Friendly (0.95); Guest Experience (0.94)
C I,2025,5,staycation di sini overall nyaman kamarnya nyaman bahkan di lantai merokok bau asap tidak mengganggu staf nya sangat membantu sangat siap bantu walau koordinasi setrikaan sedikit ribet karena cuma ada satu buat dua kamar lokasinya strategis tinggal jalan kaki ke citos praktis banget buat makan atau hiburan apalagi saat tgif sarapan sih biasa saja layout nya kayak acara kondangan tapi kopinya sudah pakai mesin kopi kapsul jadi bervariasiinya oke satu menitnya parkir sempit dan aksesnya cukup menantang secara keseluruhan dianjurkan buat staycation singkat di jakarta,KOMPETITOR,Bintang 3,IbisStylesJakartaSimatupang,positive,0.9990056157112122,"Location, Accessibility & Parking","Location, Accessibility & Parking (0.93); Service Efficiency & Responsiveness (0.83); Facilities & Amenities (0.79)"
Aurelia Aurelia,2025,5,Lokasii nya strategis pelayanan nya bagus banget,KOMPETITOR,Bintang 3,IbisStylesJakartaSimatupang,positive,0.9992659687995911,Service Quality,Service Quality (0.99); Facilities & Amenities (0.96); Service Efficiency & Responsiveness (0.91)
Laras Ayu Andini,2025,5,lokasi hotelnya meninggalkan persis kota sepertinya ibis ini cocok untuk yang sedang bepergian bisnis karena letaknya strategis kamarnya tidak begitu luas tapi bersih nyaman dan penerangannya baik ada meja kecil untuk bekerja lengkap dengan lampu kerjanya fasilitas toiletnya lengkap ada pengering rambut saat cek masuk dan cek keluar hotel bantu mba ade yang ramah,KOMPETITOR,Bintang 3,IbisStylesJakartaSimatupang,positive,0.9994156360626221,Facilities & Amenities,Facilities & Amenities (0.99); Service Quality (0.94); Service Efficiency & Responsiveness (0.93)
proudcarat jww,2025,5,makanan nya enak dan pelayanan hotelnya ramah,KOMPETITOR,Bintang 3,IbisStylesJakartaSimatupang,positive,0.9989546537399292,Food & Beverage,Food & Beverage (0.99); Staff Conduct & Hospitality (0.99); Service Quality (0.99)
Ari Lukfil,2025,5,hotelnya nyaman sekali bersih interiornya estetik harga juga masih terjangkau pokoknya pua nginep disini,KOMPETITOR,Bintang 3,IbisStylesJakartaSimatupang,positive,0.9993752837181091,Pricing & Value for Money,"Pricing & Value for Money (0.99); Cleanliness, Hygiene & Maintenance (0.98); Facilities & Amenities (0.97)"
rafael zerian,2025,5,sarapannya enak kamar bersih,KOMPETITOR,Bintang 3,IbisStylesJakartaSimatupang,positive,0.9992343187332153,"Cleanliness, Hygiene & Maintenance","Cleanliness, Hygiene & Maintenance (1.00); Room Quality & Comfort (0.99); Service Quality (0.99)"
Indah Wahyuniasih,2025,5,pelayanannya okee sarapannya enakk,KOMPETITOR,Bintang 3,IbisStylesJakartaSimatupang,positive,0.9991915822029114,Service Quality,Service Quality (0.99); Guest Experience (0.95); Pricing & Value for Money (0.92)
Aditya Pamungkas27,2025,5,terbaik pelayanan super ramah nyaman dan bakal jadi tempat penginapan favorit saya di jaksel,KOMPETITOR,Bintang 3,IbisStylesJakartaSimatupang,positive,0.9993759989738464,Service Quality,Service Quality (1.00); Facilities & Amenities (1.00); Guest Experience (1.00)
Rimba H. H,2025,5,kamarnya bersih sarapan standar kamar mandi tidak ada kunci kamar terbagi menjadi 2 merokok dan non merokok layananenya top datang untuk acara simposium ada ruang pertemuan yang cukup luas,KOMPETITOR,Bintang 3,IbisStylesJakartaSimatupang,positive,0.996371865272522,Facilities & Amenities,"Facilities & Amenities (0.99); Service Quality (0.99); Cleanliness, Hygiene & Maintenance (0.98)"
Monica Febrianna,2025,5,makanannya enak pelayanannya ramah mba nonik,KOMPETITOR,Bintang 3,IbisStylesJakartaSimatupang,positive,0.9994484782218933,Guest Experience,Guest Experience (0.98); Service Quality (0.98); Staff Conduct & Hospitality (0.97)
Wawank Urniawan,2025,5,layanan dan komunikasi dari hotel cukup baik ghufraan,KOMPETITOR,Bintang 3,IbisStylesJakartaSimatupang,positive,0.9968456625938416,Service Quality,Service Quality (1.00); Service Efficiency & Responsiveness (0.99); Staff Conduct & Hospitality (0.98)
Tika Chanel,2025,5,kamarnya bagus ac nya dingin,KOMPETITOR,Bintang 3,IbisStylesJakartaSimatupang,positive,0.9987442493438721,Room Quality & Comfort,Room Quality & Comfort (0.97); Service Quality (0.87); Facilities & Amenities (0.86)
Okky Nov,2025,4,Hotel lokasinya strategis banget klo mau makan tinggal ke kota yang jaraknya tidak nyampe 100 meter untuk kamar juga sangat nyaman hampir kyk hotel bintang 4 namun yang sangat menyayangkan itu saat checkin saya merasa terlalu di push untuk bsa terima anggota atau apa itu padahal kondisi saat saat sampai itu sedang capai dan lelah namun di untuk email buka tapi selain paksa itu hotel ini sangat oke,KOMPETITOR,Bintang 3,IbisStylesJakartaSimatupang,positive,0.8385724425315857,Facilities & Amenities,Facilities & Amenities (0.61); Service Quality (0.61); Check in/out Experience (0.56)
Farah Tasya Amalia,2025,5,Hotel nya baguss nyaman semua baik,KOMPETITOR,Bintang 3,IbisStylesJakartaSimatupang,positive,0.9989935755729675,Facilities & Amenities,Facilities & Amenities (1.00); Room Quality & Comfort (0.99); Service Quality (0.99)
Rahmat Mauladi,2025,5,kamar bersih luas dan nyaman,KOMPETITOR,Bintang 3,IbisStylesJakartaSimatupang,positive,0.9992586970329285,Room Quality & Comfort,"Room Quality & Comfort (1.00); Facilities & Amenities (0.98); Cleanliness, Hygiene & Maintenance (0.98)"
erwinda septianingsih,2025,5,Pelayanan nya bagus banget saya dilayani dengan baik sama mbak sasmita orangnya ramah dan pelayanan nya baik banget,KOMPETITOR,Bintang 3,IbisStylesJakartaSimatupang,positive,0.9992197751998901,Service Quality,Service Quality (0.99); Staff Conduct & Hospitality (0.99); Guest Experience (0.99)
Devi Marlina,2025,5,pengalaman sarapan di hotel ibis sangat seru buffe nya juga bervariasi makanan nya enak enak pokoknya dianjurkan banget dengan harga yang terjangkau semua kalangan bisa menikmati sarapan di hotel,KOMPETITOR,Bintang 3,IbisStylesJakartaSimatupang,positive,0.9995495676994324,Pricing & Value for Money,Pricing & Value for Money (0.98); Food & Beverage (0.97); Guest Experience (0.94)
firman kusuma,2025,5,hotel dengan pelayanan yang memuaskan kamar yang nyaman untuk perjalanan bisnis maupun bersama keluarga dengan menu pilihan sarapan yang beragam terima kasih kak sasmita,KOMPETITOR,Bintang 3,IbisStylesJakartaSimatupang,positive,0.99846351146698,Family & Group Friendly,Family & Group Friendly (1.00); Service Quality (1.00); Room Quality & Comfort (0.99)
Fidel Warman,2025,5,Baguss nyaman bersih dan fasilitas memadai,KOMPETITOR,Bintang 3,IbisStylesJakartaSimatupang,positive,0.9994211196899414,Facilities & Amenities,"Facilities & Amenities (0.99); Cleanliness, Hygiene & Maintenance (0.98); Service Quality (0.98)"
Nining S,2025,5,pertama kali menginap di ibis style simatupang ini lokasinya oke banget karena deket sama citos makananya enak dan ada mie instannya lho hehehe sapa tau mau curang tipis2 hotelnya bersih dan pelayanannya juga oke terima kasih mba sasmita kerja bagus,KOMPETITOR,Bintang 3,IbisStylesJakartaSimatupang,positive,0.999549925327301,Service Quality,Service Quality (0.97); Facilities & Amenities (0.96); Staff Conduct & Hospitality (0.93)
Ai Siti Nurhayati,2025,5,makanan nya enak pelayanan tanggap responsif ramah semuanya enak puas di handle banquet atas nama kang ade ucup ramah gercep responsif membantu nuhun ibis nuhun nuhun kang ade ucup,KOMPETITOR,Bintang 3,IbisStylesJakartaSimatupang,positive,0.9994803071022034,Staff Conduct & Hospitality,Staff Conduct & Hospitality (0.99); Food & Beverage (0.98); Guest Experience (0.98)
Melianus Lase,2025,5,pelayananannya ramah makanannya enak enak semuanya,KOMPETITOR,Bintang 3,IbisStylesJakartaSimatupang,positive,0.9991108775138855,Service Quality,Service Quality (0.99); Guest Experience (0.98); Staff Conduct & Hospitality (0.97)
Eka Dudud,2025,5,Bukber bareng ibu2 uld line dance class dari studio tinggal ngesot tidak melakukan varian makanan banyak lengkap harga oke lah 300rb semua yang bisa anda makan,KOMPETITOR,Bintang 3,IbisStylesJakartaSimatupang,positive,0.997822642326355,Pricing & Value for Money,Pricing & Value for Money (0.91); Booking & Reservation Experience (0.65); Guest Experience (0.64)
yudistyawan yudistyawan,2025,5,ini adalah edisi ibis style simatupang yang lain dari rangkaian jaringan hotel ibis style grup desain nya selalu menarik tidak pernah membosankan suasana mood meberikan baik restauran nya juga selalu mantap secara keseluruhan nilai yang sangat baik untuk uang satu hari lagi hotel ibis style lain,KOMPETITOR,Bintang 3,IbisStylesJakartaSimatupang,positive,0.9989799857139587,Ambience & Design,Ambience & Design (1.00); Food & Beverage (0.99); Pricing & Value for Money (0.99)
Nova Widyastuti,2025,5,bersih cuman pintu kamar mandinya geser dan kurang rapat,KOMPETITOR,Bintang 3,IbisStylesJakartaSimatupang,negative,0.8285902738571167,Service Quality,"Service Quality (0.83); Cleanliness, Hygiene & Maintenance (0.74); Religious & Halal Features (0.72)"
Marjiyo,2025,5,untuk hotel ibis simatupang lokasinya strategis kamarnya juga bersih dan nyaman londry nya juga cepat dan bagus restoran nya juga sangat bersih dan nyaman makanan sangat enak dan bervariasi untuk semua staf nya sangat ramah dan memberikan layanan yang terbaik terutama mba noni yang sangat membantu ketika saya bf,KOMPETITOR,Bintang 3,IbisStylesJakartaSimatupang,positive,0.9995102882385254,Facilities & Amenities,Facilities & Amenities (1.00); Food & Beverage (0.98); Room Quality & Comfort (0.98)
ganesha shakti,2025,5,lokasi oke bersebalahan dengan kota tempat dan servis oke menu makanan juga lumayan lengkap disarankan,KOMPETITOR,Bintang 3,IbisStylesJakartaSimatupang,positive,0.9991753697395325,Service Quality,Service Quality (0.99); Facilities & Amenities (0.99); Food & Beverage (0.95)
Fadlillah Akhmadi,2025,5,bersih suka dengan suasananya lokasi cukup strategis rasa makanan yang disajikan enak cemilan cukup bervariasi staf dan pegawai ramah toilet sangat bersih dan nyaman tempat sholat musholla juga tersedia ruang pertemuan cukup mumpuni hanya saja saat zoom agak tidak didengar oleh peserta yang tidak di ruangan secara garis besar direkomendasikan lah untuk menginap dan tempat rapat,KOMPETITOR,Bintang 3,IbisStylesJakartaSimatupang,positive,0.9989701509475708,Facilities & Amenities,"Facilities & Amenities (0.96); Cleanliness, Hygiene & Maintenance (0.74); Staff Conduct & Hospitality (0.71)"
cacaaaww 08,2025,5,Tempat menginap paling seru dianjurkan,KOMPETITOR,Bintang 3,IbisStylesJakartaSimatupang,positive,0.9992544054985046,Cultural & Heritage Experience,Cultural & Heritage Experience (0.63); Guest Experience (0.62); Booking & Reservation Experience (0.56)
Say Myname,2024,4,honest review dateng kesini tujuannya untuk sekalian sarapan karna liat beberapa review ada bakar kacang tapi sarapan hari ini ternyata ngga ada cuma ada dipanggang kentang dan tomat untuk menu semuanya terasa tidak hambar saladnya segar kuah laksanya enak karna mengatas ayam kosong mangkuknya jadi saya cuma buat dengan irisan tomat bihun secuil dan bawang daun tidak ada menu olahan ayam selain laksa ayam huhu,KOMPETITOR,Bintang 3,IbisStylesJakartaSimatupang,positive,0.9975312352180481,Service Quality,Service Quality (0.80); Food & Beverage (0.64); Service Efficiency & Responsiveness (0.45)
latifah zahara,2025,5,kamarnya bersih nyaman bagus banget pelayanan cepat dan makanannya enak penjualannya tika cepat respon sangat membantu lokasi startegis dekat dengan kota waktu itu hari rabu saya pergi ke tempat ad karaoke dan gratis untuk tamu lumayan untuk menghilangkan stres,KOMPETITOR,Bintang 3,IbisStylesJakartaSimatupang,positive,0.999152660369873,Service Efficiency & Responsiveness,"Service Efficiency & Responsiveness (1.00); Facilities & Amenities (1.00); Cleanliness, Hygiene & Maintenance (0.99)"
RitzTag,2025,5,Pelayanan di Restonya Alhamdulillah cukup memuaskan pelayanan mba mifta juga bagus oke banget unt tinggal di cation di jakarta,KOMPETITOR,Bintang 3,IbisStylesJakartaSimatupang,positive,0.9992591738700867,Food & Beverage,Food & Beverage (0.99); Service Quality (0.99); Guest Experience (0.97)
Agung Maulana,2025,5,hotel nyaman bersih staf ramah sarapan sesuai dengan harga yang di berikan mantab lah pokoknya no kaleng kaleng,KOMPETITOR,Bintang 3,IbisStylesJakartaSimatupang,positive,0.9989756345748901,Service Quality,"Service Quality (0.99); Staff Conduct & Hospitality (0.98); Cleanliness, Hygiene & Maintenance (0.96)"
Alfian Hananto,2025,5,kamar nya memeuaskan pelaynan nya juga luar biasa,KOMPETITOR,Bintang 3,IbisStylesJakartaSimatupang,positive,0.9983075857162476,Service Quality,Service Quality (1.00); Facilities & Amenities (0.99); Guest Experience (0.99)
Jhon Saragih,2025,1,masukkan pakaian ke laundry tapi celana dalam tidak kembali tanya ke resepsionis dibilang nanti akan diantar ke kamar tapi ternyata tidak diantar kemungkinan celana dalam hilang sarapan jam 8 pagi pesan telor dan ternyata telor habis apa kacau ini hotel,KOMPETITOR,Bintang 3,IbisStylesJakartaSimatupang,negative,0.9980777502059937,Booking & Reservation Experience,Booking & Reservation Experience (0.88); Guest Experience (0.76); Service Quality (0.63)
Ornella Onos,2025,5,sudah baik kamar bersih dan wangi staf ramah sekali,KOMPETITOR,Bintang 3,IbisStylesJakartaSimatupang,positive,0.9980329871177673,Room Quality & Comfort,"Room Quality & Comfort (1.00); Service Quality (0.99); Cleanliness, Hygiene & Maintenance (0.99)"
Nur Yanti,2025,5,hotelnya bagus hanya lokasinya daerah macet,KOMPETITOR,Bintang 3,IbisStylesJakartaSimatupang,positive,0.9974092841148376,Sustainability & Environmental Quality,Sustainability & Environmental Quality (0.77); Guest Experience (0.74); Service Quality (0.70)
Fardatus Tsaniah,2025,5,hotel bagus kamar nyaman pelayanan ramah,KOMPETITOR,Bintang 3,IbisStylesJakartaSimatupang,positive,0.9985266923904419,Room Quality & Comfort,Room Quality & Comfort (1.00); Service Quality (0.99); Facilities & Amenities (0.99)
Noni juliani,2025,5,lokasi hotelnya sangat strategis restoran nya juga bersih dan nyaman makanan buffet nya sangat enak dan bervariasi minuman nya juga sangat banyak variasi nya,KOMPETITOR,Bintang 3,IbisStylesJakartaSimatupang,positive,0.9993665814399719,Food & Beverage,"Food & Beverage (0.99); Facilities & Amenities (0.99); Cleanliness, Hygiene & Maintenance (0.99)"
eca,2025,5,pelayanan nya sangat ramah hotel nya bagus bersih nyaman ac nya dingin karyawan nya ramah dan baik,KOMPETITOR,Bintang 3,IbisStylesJakartaSimatupang,positive,0.9991425275802612,Facilities & Amenities,"Facilities & Amenities (1.00); Service Quality (0.99); Cleanliness, Hygiene & Maintenance (0.99)"
Feta Lia,2025,5,Temptnya nyaman keren juga interior kamar dn hotelnya,KOMPETITOR,Bintang 3,IbisStylesJakartaSimatupang,positive,0.9994029998779297,Facilities & Amenities,Facilities & Amenities (0.98); Room Quality & Comfort (0.98); Ambience & Design (0.96)
"ABDI_21 ,",2025,5,layanannya ramah tempatnya bersih,KOMPETITOR,Bintang 3,IbisStylesJakartaSimatupang,positive,0.9991402626037598,Service Quality,"Service Quality (0.99); Guest Experience (0.99); Cleanliness, Hygiene & Maintenance (0.98)"
Chendhy Gayatry,2025,5,makanannya enak menuunya bermacam2,KOMPETITOR,Bintang 3,IbisStylesJakartaSimatupang,positive,0.9993337988853455,Food & Beverage,"Food & Beverage (0.80); Family & Group Friendly (0.57); Loyalty, Recommendation & Appreciation (0.57)"
Ali Ridwan,2025,5,kamar yang bersih dapat melihat ke arah kota lokasi oke dekat kota jadi gk pusing mau makan malam di mana menu sarapan masuk moderat sudut telur siap tidak banyak antri mesin espresso siap kulkas di kamar oke lampu kamar tidak remang remang tidak jauh dari jalan besar mudah pesan online naik mobil atau makanan,KOMPETITOR,Bintang 3,IbisStylesJakartaSimatupang,positive,0.9989686012268066,Facilities & Amenities,"Facilities & Amenities (0.99); Service Quality (0.98); Cleanliness, Hygiene & Maintenance (0.96)"
Deni Ong,2025,5,kami tinggal 9 malam di hotel ini pelayanannya ramah mulai dari proses cek masuk yang dilayani dengan sangat baik karena kami accor member maka mendapatkan upgrade yang sesuai dengan kebutuhan kami yang saat ini adalah istri baru operasi bagian depan gedung ada jalan ramp sehingga memudahkan istri yang tidak bisa naik tangga kemudian kamar tidur dan kamar mandi bersih disediakan juga dispenser air di setiap lantai jadi tidak perlu kehabisan air minum ada gym untuk olahraga dan area parkir basement layanan sarapan juga komplit mereka sangat perhatian dengan istri saya salut untuk dewi najwa mivtah dan seluruh rekan2 di gaya ibis simat hotel yang terjangkau dan direkomendasikan untuk Anda,KOMPETITOR,Bintang 3,IbisStylesJakartaSimatupang,positive,0.9985981583595276,Service Quality,Service Quality (1.00); Family & Group Friendly (0.99); Facilities & Amenities (0.99)
Syahrir Aditya Supangat,2025,5,Tempat yang nyaman untuk transit lebih oke bila ada kolam renang di atap,KOMPETITOR,Bintang 3,IbisStylesJakartaSimatupang,positive,0.998772919178009,Facilities & Amenities,Facilities & Amenities (0.95); Room Quality & Comfort (0.74); Sustainability & Environmental Quality (0.74)
Aninditya Wahyudi,2025,5,sangat nyaman dan dekat dengan area kantor sarapan juga enak dan lengkap,KOMPETITOR,Bintang 3,IbisStylesJakartaSimatupang,positive,0.9993025064468384,Facilities & Amenities,Facilities & Amenities (1.00); Food & Beverage (0.97); Room Quality & Comfort (0.96)
puti,2025,5,nginep dan gelar acara pernikahan di sini bener2 sesuai ekspetasi bahkan dibantu sama mba yusi farida yang super baik dan sabaar aku banyak maunya pelayanan luar biasa vanue juga oke banget makanan apa lagi enak sekalii buatan koki sangat sangat sangat direkomendasikan,KOMPETITOR,Bintang 3,IbisStylesJakartaSimatupang,positive,0.9991759657859802,Service Quality,Service Quality (1.00); Guest Experience (1.00); Facilities & Amenities (0.99)
Faiz Salim,2025,5,hotel yang ramah terhadap keluarga yang membuat kami nyaman seluruh stafnya baik dan ramah seperti mbak nita mbak mivtah dan mas sayyid terutama bu rista yang membantu kelas kamar kami ke tipe keluarga,KOMPETITOR,Bintang 3,IbisStylesJakartaSimatupang,positive,0.9989287257194519,Family & Group Friendly,Family & Group Friendly (1.00); Staff Conduct & Hospitality (1.00); Service Quality (0.99)
Benny Rusandy,2025,5,kamar nya bersih pelayananan sangat hotel dekat kota,KOMPETITOR,Bintang 3,IbisStylesJakartaSimatupang,positive,0.9990346431732178,Service Quality,"Service Quality (0.99); Cleanliness, Hygiene & Maintenance (0.98); Guest Experience (0.98)"
Arus Ruswanda,2025,3,Saya belum mengetahui secara rinci fasilitas dan keunggulannya,KOMPETITOR,Bintang 3,IbisStylesJakartaSimatupang,neutral,0.5714192986488342,Facilities & Amenities,Facilities & Amenities (0.68); Religious & Halal Features (0.21); Digital Connectivity & Technology (0.20)
Arum Puspa Seruni,2025,5,hampir selalu tinggal di sini jika ada penduduk di Jakarta akses mudah ke mana2 dekat layananenya oke banget semua staf sangat membantu ramah2,KOMPETITOR,Bintang 3,IbisStylesJakartaSimatupang,positive,0.9993614554405212,Service Quality,Service Quality (0.98); Staff Conduct & Hospitality (0.92); Service Efficiency & Responsiveness (0.92)
Aimizumizu,2025,5,pengalaman tinggal disini bersama keluarga di hari ulang tahun saya senang banget pelayanan super ramah dapat selamat ulang tahun tinggal di family suite kamarnya luas ada kamar anaknya juga sarapan nya banyak variasiinya mulai dari makanan barat dan nusantara dan semua enak makan malam dan makan siang disini juga ada resto yang banyak variasi menuunya lokasi strategis dan ada area utama anak juga dan gratis sewa sepeda mau tinggal disini lagi,KOMPETITOR,Bintang 3,IbisStylesJakartaSimatupang,positive,0.9994418025016785,Service Quality,Service Quality (0.99); Family & Group Friendly (0.98); Guest Experience (0.98)
Arif Rahman,2025,5,hotel yang bersih dan nyaman,KOMPETITOR,Bintang 3,IbisStylesJakartaSimatupang,positive,0.9992357492446899,Room Quality & Comfort,"Room Quality & Comfort (0.98); Service Quality (0.98); Cleanliness, Hygiene & Maintenance (0.97)"
Rayi Arnik,2025,5,datang kesini untuk ikut sebuah acara workshop kebetulan acaranya 3 hari berturut2 dan bisa makan dari mulai cemilan pagi makan siang dan cemilan sore tidak disangka2 semua menu makanannya enak2 loh disini selama 3 hari hampir semua menu makanannya baik yang cemilan maupun makan siang tidak ada yang gagal dan mengecewakan semuanya selalu enak harus mencoba sup tomyum nya itu juga enak banget dianjurkan sih hotel ini makanannya,KOMPETITOR,Bintang 3,IbisStylesJakartaSimatupang,positive,0.9993439316749573,Guest Experience,Guest Experience (0.90); Food & Beverage (0.81); Service Quality (0.80)
Aulia Shifa,2025,5,terima kasih pelayanannya bagus nyaman atas nama mba mivtah,KOMPETITOR,Bintang 3,IbisStylesJakartaSimatupang,positive,0.9992154836654663,Service Quality,Service Quality (0.99); Guest Experience (0.96); Staff Conduct & Hospitality (0.83)
Dimas Bayu Santosa,2025,5,makanan oke pelayanan baik jempol untuk mbak noni,KOMPETITOR,Bintang 3,IbisStylesJakartaSimatupang,positive,0.9966886639595032,Service Quality,Service Quality (1.00); Guest Experience (1.00); Staff Conduct & Hospitality (0.98)
Bella Prastika,2025,5,lokasi yang strategis staffnya ramah kamarnya bersih dapet city view yang bagus banget,KOMPETITOR,Bintang 3,IbisStylesJakartaSimatupang,positive,0.9995076656341553,Facilities & Amenities,"Facilities & Amenities (0.98); Service Quality (0.98); Cleanliness, Hygiene & Maintenance (0.98)"
Chika Fitriany,2025,5,area nya bersih banget tempat nya juga bagus,KOMPETITOR,Bintang 3,IbisStylesJakartaSimatupang,positive,0.9987220168113708,"Cleanliness, Hygiene & Maintenance","Cleanliness, Hygiene & Maintenance (0.97); Room Quality & Comfort (0.95); Facilities & Amenities (0.94)"
a mulyawan,2025,5,Bermalam di ibis style sungguh tak terlupakan kamar nya bagus bersih dan menu sarapan pg cukup lengkap yang paling istimewa harga nya terjangkau dan trim ksh kpd mbak syifa,KOMPETITOR,Bintang 3,IbisStylesJakartaSimatupang,positive,0.9993783235549927,"Cleanliness, Hygiene & Maintenance","Cleanliness, Hygiene & Maintenance (0.98); Pricing & Value for Money (0.98); Service Quality (0.97)"
luh sugiasih,2025,5,tempat menginap yang strategis di pusat kota sarana dan prasarana yang sangat lengkap dan berteknologi tinggi pelayanan ramah makanan nya enak,KOMPETITOR,Bintang 3,IbisStylesJakartaSimatupang,positive,0.9994558691978455,Facilities & Amenities,Facilities & Amenities (1.00); Service Quality (0.99); Service Efficiency & Responsiveness (0.97)
Yudi S,2025,1,Saya sudah menginap di sini lebih dari sekali tapi yang terakhir ini cukup mengecewakan saya memeriksa masuk pkl 3 sore kamar saya belum siap ketika saya naik keatas kebetulan saya menginap tidak termasuk sarapan setelah selesai sarapan saya buru2 keatas ke kamar saya karena saya mules staf restoran mengejar saya untuk segera membayar pembayaran saya bilang nanti karena perut saya sakit saya juga nanti ingin memeriksa keluar dan sekalian baru saya naik sebentar dan habis membayar dari kamar kecil staf keatas menggedor2 pintu saya menyuruh saya bayar segera menyelesaikan pembayaran saya pasti kok tapi kesannya kayak saya dikejar2 seperti ini bukan pertama kalinya saya menginap di sini sekarang pelayanan sangat mengece,KOMPETITOR,Bintang 3,IbisStylesJakartaSimatupang,negative,0.9982452392578125,Check in/out Experience,Check in/out Experience (0.82); Food & Beverage (0.78); Guest Experience (0.72)
Fajar Wibowo,2024,2,cek masuk agak lama karena memang bersama tamu yang lain kamar lumayan luas tv auto nyala dan menampilkan iklan dari hotel sangat mengganggu karena volume suaranya harus selalu cari TV remote untuk menurunkan volume suaranya ada fasilitas sepeda yang bisa digunakan gratis dibawah 3 jam perlu diperbaiki adalah layanan kamar pertama sampah di tempat sampah dalam kamar tidak dibuang selama 2 hari kek mana hotel sekelas ibis sampah tidak dibuang setiap kamar dibersihkan kedua restoran hari pertama dan kedua masih bisa mengambil untuk sarapan hari ketiga dibilang tidak bisa karena sudah aturan dari hotel setelah dikomplainkan baru diinikan melalui email klo bisa mengambil jika diformasi info 1 hari sebelumnya,KOMPETITOR,Bintang 3,IbisStylesJakartaSimatupang,negative,0.9581851363182068,Facilities & Amenities,Facilities & Amenities (0.98); Check in/out Experience (0.96); Service Quality (0.94)
Muhammad Zakaria,2025,5,Staf hotel bagus nya ramah terutama mba dita yang baik dan cantik,KOMPETITOR,Bintang 3,IbisStylesJakartaSimatupang,positive,0.9989444613456726,Service Quality,Service Quality (0.99); Staff Conduct & Hospitality (0.99); Service Efficiency & Responsiveness (0.93)
Miko Bagus,2025,5,hotel nyaman kamar lega bersih air minum sudah tidak menggunakan botol lebih ramah lingkungan menu makan lengkap dan cukup beragam,KOMPETITOR,Bintang 3,IbisStylesJakartaSimatupang,positive,0.999078631401062,Facilities & Amenities,Facilities & Amenities (0.98); Food & Beverage (0.96); Sustainability & Environmental Quality (0.95)
lia lia,2025,5,pelayanannya ramah kak yuliana dan kamarnya nyaman,KOMPETITOR,Bintang 3,IbisStylesJakartaSimatupang,positive,0.9993489384651184,Room Quality & Comfort,Room Quality & Comfort (0.99); Guest Experience (0.99); Service Quality (0.98)
Bryan George Henderson,2025,5,hotelnya bagus dan nyaman fasilitas yang diberikan di kamar juga lengkap ada makanan yang banyak dan enak enak juga lalu lokasinya cukup terjangkau dan pelayanannya juga bagus,KOMPETITOR,Bintang 3,IbisStylesJakartaSimatupang,positive,0.9994100332260132,Facilities & Amenities,Facilities & Amenities (0.99); Service Quality (0.98); Room Quality & Comfort (0.98)
F5 01 AKHMAD ZAKKY RAMADHAN,2025,5,tempatnya baik untuk acara kantor maupun liburan pribadi,KOMPETITOR,Bintang 3,IbisStylesJakartaSimatupang,positive,0.9970191717147827,Facilities & Amenities,Facilities & Amenities (0.99); Service Efficiency & Responsiveness (0.82); Personalized & Special Services (0.81)
Rinrin Rosaliwati,2025,5,enak makanan nya bersih karyawan gesit,KOMPETITOR,Bintang 3,IbisStylesJakartaSimatupang,positive,0.9990230798721313,Service Quality,"Service Quality (1.00); Cleanliness, Hygiene & Maintenance (0.99); Service Efficiency & Responsiveness (0.97)"
Sundary Puput,2024,3,Saya ingin menulis ulasan saya selama menginap saya 5 6 malam di ibis simatupang saya tinggal di sini kira2 5 6 malam untuk jujur alasan nya adalah lokasi yang membuat saya memutuskan untuk tinggal di sini saya rasa hotel ini bagus untuk tinggal singkat saja dengan lokasi area selatan yang strategis dan parkir mobil yang aman hal yang saya jadikan perhatian adalah 1 selama menginap saya setiap jam 6 8 malam saya baru sampai kamar hotel selalu di membersihkan namun jika ingin mengganti handuk harus menelepon dulu ke resepsi dan agak lama datangnya 2 ramah staf operator yang menelepon tidak pernah jadi jika minta apa2 ke mereka dan mau hang up saya harus,KOMPETITOR,Bintang 3,IbisStylesJakartaSimatupang,positive,0.9895296692848206,"Location, Accessibility & Parking","Location, Accessibility & Parking (1.00); Facilities & Amenities (0.99); Service Quality (0.99)"
Ira Puspita Irawan,2025,5,kamar bersih rapi ac dingin semua memuaskan tanpa ada yang kurang dianjurkan hotel,KOMPETITOR,Bintang 3,IbisStylesJakartaSimatupang,positive,0.9983513355255127,Room Quality & Comfort,"Room Quality & Comfort (0.99); Cleanliness, Hygiene & Maintenance (0.98); Service Quality (0.97)"
Ezar Raga Hakim,2025,5,Pelayan resepsionis mas hendri sangat ramah saya merekomendasikan sekali,KOMPETITOR,Bintang 3,IbisStylesJakartaSimatupang,positive,0.998292863368988,Guest Experience,Guest Experience (0.99); Staff Conduct & Hospitality (0.98); Service Quality (0.97)
Fahmi Alkaf,2025,5,hotel ibis ruangannya rapi kamar mandi nyaman sekali udara hangat lancar setiap pagi dapat sarapan menuunya banyak sepuasnya lokasi dekat jalan raya dan mall tinggal jalan beberapa meter bintang 5 pokoknya,KOMPETITOR,Bintang 3,IbisStylesJakartaSimatupang,positive,0.9994940757751465,Facilities & Amenities,"Facilities & Amenities (0.99); Cleanliness, Hygiene & Maintenance (0.98); Room Quality & Comfort (0.97)"
Azzahra Putri,2025,5,kamar nyaman dan toilet nya wangi,KOMPETITOR,Bintang 3,IbisStylesJakartaSimatupang,positive,0.9990516304969788,Room Quality & Comfort,"Room Quality & Comfort (0.99); Facilities & Amenities (0.99); Cleanliness, Hygiene & Maintenance (0.97)"
dolken 123,2025,4,pemanas air nya kurang berfungsi,KOMPETITOR,Bintang 3,IbisStylesJakartaSimatupang,negative,0.9986706972122192,Management & Policy Issues,Management & Policy Issues (0.76); Facilities & Amenities (0.74); Sustainability & Environmental Quality (0.72)
Sisilia B. Tamorron,2025,5,Semua pelayanan bagus dan makanan enak dan segar,KOMPETITOR,Bintang 3,IbisStylesJakartaSimatupang,positive,0.9978522062301636,Service Quality,Service Quality (1.00); Facilities & Amenities (0.99); Guest Experience (0.98)
Sasa,2025,5,Tempatnya bersih dan keren banget untuk makanannya juga oke banget apalagi stafnya ramah banget mba mita dan bu dwi,KOMPETITOR,Bintang 3,IbisStylesJakartaSimatupang,positive,0.9992904663085938,Facilities & Amenities,"Facilities & Amenities (0.99); Cleanliness, Hygiene & Maintenance (0.99); Staff Conduct & Hospitality (0.98)"
Rachel Lia,2025,5,sejuk udaranya pelanggannya juga baik,KOMPETITOR,Bintang 3,IbisStylesJakartaSimatupang,positive,0.9975394010543823,Room Quality & Comfort,Room Quality & Comfort (0.99); Guest Experience (0.99); Service Quality (0.98)
iriani ade,2025,5,lokasi strategis kamar nyaman pelayanan jg oke karna kita member accor jadi banyak fasilitas menarik terima kasih ibis,KOMPETITOR,Bintang 3,IbisStylesJakartaSimatupang,positive,0.9992103576660156,Facilities & Amenities,Facilities & Amenities (0.97); Service Quality (0.97); Room Quality & Comfort (0.92)
Aulya Anindya Putri,2025,4,sarapan enak dan bervariasi hanya saja parkirnya smpit,KOMPETITOR,Bintang 3,IbisStylesJakartaSimatupang,positive,0.9949839115142822,"Location, Accessibility & Parking","Location, Accessibility & Parking (0.92); Food & Beverage (0.87); Facilities & Amenities (0.84)"
Marijana Chatulistyawati,2025,5,Alhamdulillah sangat menyenangkan dan kembali sekali lagi tempat baru,KOMPETITOR,Bintang 3,IbisStylesJakartaSimatupang,positive,0.9979033470153809,Guest Experience,Guest Experience (0.79); Facilities & Amenities (0.74); Cultural & Heritage Experience (0.72)
Susanti Sihombing,2025,5,untuk kamar baru sangat bagus sangat nyaman dan bersih kamarnya lumayan luas sarapan nya enak banyak variasi makanan nya pelayanan nya sangat cepat tanpa menunggu lama staf nya juga baikk terimakasi mba sahla dan mba mayang baik semua selama saya tinggal tidak ada kendala ataupun masalah berikutnya akan tinggal di sini lagi sukses terus ibiss jakarta simatupang,KOMPETITOR,Bintang 3,IbisStylesJakartaSimatupang,positive,0.999450147151947,Service Efficiency & Responsiveness,Service Efficiency & Responsiveness (1.00); Facilities & Amenities (0.99); Room Quality & Comfort (0.99)
Handa Zaelana,2025,5,bikin acara setengah di sini eksklusif sekali bisa seru seruan sama rekan rekan alumni makanan juga enak enak,KOMPETITOR,Bintang 3,IbisStylesJakartaSimatupang,positive,0.9992272853851318,"Loyalty, Recommendation & Appreciation","Loyalty, Recommendation & Appreciation (0.81); Personalized & Special Services (0.80); Food & Beverage (0.75)"
Dwi Febriyanti,2025,5,tempat yang strategis hotel yang nyaman bersih sarapan pagi yang bervariasi dan enak enak makanannya,KOMPETITOR,Bintang 3,IbisStylesJakartaSimatupang,positive,0.9994794726371765,"Cleanliness, Hygiene & Maintenance","Cleanliness, Hygiene & Maintenance (0.97); Service Quality (0.94); Facilities & Amenities (0.91)"
Meli Indrayanti,2025,4,bagus tempatnya bersih dan makanya enak,KOMPETITOR,Bintang 3,IbisStylesJakartaSimatupang,positive,0.9991470575332642,Room Quality & Comfort,"Room Quality & Comfort (0.99); Cleanliness, Hygiene & Maintenance (0.99); Facilities & Amenities (0.98)"
Muhammad Khadapi,2025,5,pelayanan bagus untuk makanan nya bervariasi layanan nya bagus banget terimakasih untuk mbak elva bagian dari layanan fb,KOMPETITOR,Bintang 3,IbisStylesJakartaSimatupang,positive,0.9991718530654907,Service Quality,Service Quality (0.97); Guest Experience (0.91); Staff Conduct & Hospitality (0.81)
Seno Setoaji,2025,5,kamar nyaman lokasi strategis pelayanan oke,KOMPETITOR,Bintang 3,IbisStylesJakartaSimatupang,positive,0.9993199110031128,Service Quality,Service Quality (1.00); Room Quality & Comfort (0.99); Guest Experience (0.98)
Haryuni Fitriadi,2025,5,hotel nyaman pelayanan oke dan posisi strategis,KOMPETITOR,Bintang 3,IbisStylesJakartaSimatupang,positive,0.9994121789932251,Service Quality,Service Quality (0.99); Facilities & Amenities (0.98); Service Efficiency & Responsiveness (0.97)
Andre Rumapea,2025,5,tempatnya nyaman makanannya juga enak,KOMPETITOR,Bintang 3,IbisStylesJakartaSimatupang,positive,0.9992735981941223,Facilities & Amenities,"Facilities & Amenities (0.99); Room Quality & Comfort (0.99); Cleanliness, Hygiene & Maintenance (0.91)"
Muhammad Firdaus,2025,5,Baru sehari sarapanny enak,KOMPETITOR,Bintang 3,IbisStylesJakartaSimatupang,positive,0.9983119964599609,Service Efficiency & Responsiveness,Service Efficiency & Responsiveness (0.82); Sustainability & Environmental Quality (0.82); Food & Beverage (0.82)
Gusti Anan,2025,5,untuk makanannya enak sekali mencoba menu promosi disini bebek ireng enak sekali terima kasih mba dwi untuk pelayanannya,KOMPETITOR,Bintang 3,IbisStylesJakartaSimatupang,positive,0.9993842840194702,Service Quality,Service Quality (0.99); Guest Experience (0.98); Staff Conduct & Hospitality (0.89)
KUMARA YANTI,2025,5,Setiap bulan pasti nginap disini servisenya bagus kamarnya bersih sarapannya enak devi di resto servisenya sangat ramah dan gercep,KOMPETITOR,Bintang 3,IbisStylesJakartaSimatupang,positive,0.9995455145835876,Service Quality,"Service Quality (0.99); Cleanliness, Hygiene & Maintenance (0.98); Facilities & Amenities (0.97)"
Bonita Fauziah,2025,5,Kamar yang baik tempat yang baik dekat dengan mall Citos dan mobilisasi yang baguuss akan kembali lagi,KOMPETITOR,Bintang 3,IbisStylesJakartaSimatupang,positive,0.998473584651947,Facilities & Amenities,Facilities & Amenities (1.00); Room Quality & Comfort (0.99); Guest Experience (0.99)
Sulis Djuanda,2025,5,Hotel yang sangat baguss staf ramah kamarr bersih lobi wangi dan makanan enak cocok untuk keluarga dan perjalanan bisnis,KOMPETITOR,Bintang 3,IbisStylesJakartaSimatupang,positive,0.9991835951805115,Facilities & Amenities,"Facilities & Amenities (1.00); Service Quality (1.00); Cleanliness, Hygiene & Maintenance (1.00)"
Muhammad Ridwan Dwi Putra,2025,5,kamar bersih pelayanan oke,KOMPETITOR,Bintang 3,IbisStylesJakartaSimatupang,positive,0.9987866282463074,Service Quality,Service Quality (1.00); Guest Experience (0.99); Room Quality & Comfort (0.99)
Srisopiani,2025,5,mantap atas adalah yang terbaik lah pkonya,KOMPETITOR,Bintang 3,IbisStylesJakartaSimatupang,positive,0.9990623593330383,Service Quality,"Service Quality (0.83); Sustainability & Environmental Quality (0.69); Loyalty, Recommendation & Appreciation (0.67)"
Isnaini Barokah,2025,5,lokasi hotel yang strategis semuanya staf juga ramah dan akan hadir terutama resepsionisnya informatif cocok banget buat keluarga deket mall juga jadi deket kalau mau belanja,KOMPETITOR,Bintang 3,IbisStylesJakartaSimatupang,positive,0.9993770718574524,Family & Group Friendly,Family & Group Friendly (1.00); Staff Conduct & Hospitality (0.99); Facilities & Amenities (0.97)
Iip Ichsanudin,2025,5,Bisnis dan liburan datang bersama oke,KOMPETITOR,Bintang 3,IbisStylesJakartaSimatupang,positive,0.9496618509292603,"Loyalty, Recommendation & Appreciation","Loyalty, Recommendation & Appreciation (0.95); Facilities & Amenities (0.94); Cultural & Heritage Experience (0.90)"
Kiki Noval,2025,5,cukup nyaman makanan jg bervariasi saran untuk lantai non-merokok di 1201 agak bau asap selebihnya sempurna berharap untuk tinggal di sana lagi,KOMPETITOR,Bintang 3,IbisStylesJakartaSimatupang,positive,0.997053861618042,Facilities & Amenities,Facilities & Amenities (0.99); Room Quality & Comfort (0.97); Guest Experience (0.92)
purnama suri,2025,5,terima kasih ibis style sudah membantu acara pertemuan kami dengan baik merekomendasikan sekali hotelnya strategis juga tempatnya cemilan dan makan siang nya sangat enak dan lezat ruang pertemuannya nyaman dan toiletnya juga bersih kami sangat membantu dengan petugas petugas yang ada disini kususnya ade ucup sangat membantu sekali tingkatkan selalu pelayanannya,KOMPETITOR,Bintang 3,IbisStylesJakartaSimatupang,positive,0.9993231296539307,Facilities & Amenities,"Facilities & Amenities (0.99); Food & Beverage (0.99); Cleanliness, Hygiene & Maintenance (0.99)"
Arief Adkha,2025,5,untuk variasi sarapan banyak kamarnya juga bersih dan kasurnya luas fina novianti,KOMPETITOR,Bintang 3,IbisStylesJakartaSimatupang,positive,0.9993158578872681,"Cleanliness, Hygiene & Maintenance","Cleanliness, Hygiene & Maintenance (1.00); Facilities & Amenities (1.00); Room Quality & Comfort (0.98)"
Syasya Pipit,2025,5,hotel bagus bersih rapi,KOMPETITOR,Bintang 3,IbisStylesJakartaSimatupang,positive,0.9990987777709961,"Cleanliness, Hygiene & Maintenance","Cleanliness, Hygiene & Maintenance (0.99); Service Quality (0.98); Facilities & Amenities (0.90)"
Herlina Traveler,2025,4,Masukan untuk resto supaya lebih tepat waktu malamnya sebelum check out saya sudah ingatkan sarapan takeaway siap 05:30 tapi sampai 06:13 taksi saya menunggu belum siap juga akhirnya saya tinggal tanpa membawa sarapan takeaway karena harus ke bandara ngejar penerbangan pagi 21 Januari 2024 sehari setelah saya keluhan pak hendri sebagai tugas manajer langsung hubungi saya dan meminta maaf karena saya rasa menangani keluhan nya sehat saran bagus saya untuk ke depannya bisa ditingkatkan layanan nya dan juga staf nya salam,KOMPETITOR,Bintang 3,IbisStylesJakartaSimatupang,negative,0.9588080644607544,Complaint Handling & Service Recovery,Complaint Handling & Service Recovery (0.90); Service Quality (0.86); Check in/out Experience (0.78)
Khalid Saifuddin,2025,5,lokasi strategis makanan enak enak satu hal yang layak diperbaiki perbanyak stok kartu kunci kamar karena kmarin saya mau minta kunci tambahan ternyata stoknya habis meskipun memang dibantu oleh resepsionis untuk naik naik ke lantai tujuannya,KOMPETITOR,Bintang 3,IbisStylesJakartaSimatupang,positive,0.9986139535903931,Service Quality,Service Quality (0.96); Food & Beverage (0.94); Service Efficiency & Responsiveness (0.84)
Teguh Sutiawan,2025,5,Pelayanan nya sangat bagus untuk kamar sesuai alhamdulillah,KOMPETITOR,Bintang 3,IbisStylesJakartaSimatupang,positive,0.9992313385009766,Service Quality,Service Quality (0.99); Guest Experience (0.99); Room Quality & Comfort (0.97)
Indira Susetyawati,2025,4,Ranjangnya empuk banget ada guling baru ini nemu hotel yang ada gulingnya bisa tidur dengan nyaman sarapan cukup bervariasi rasa enak pilih ibis karena ada seminar di menara 165 8 menit saja dengan grab malem tinggal jalan ke kota alun-alun sebelah hotel untuk cari makan,KOMPETITOR,Bintang 3,IbisStylesJakartaSimatupang,positive,0.9993403553962708,Room Quality & Comfort,Room Quality & Comfort (0.95); Service Quality (0.91); Facilities & Amenities (0.90)
Desy Yanti,2025,4,makanan variatif enak pelayanan bagus,KOMPETITOR,Bintang 3,IbisStylesJakartaSimatupang,positive,0.9990037083625793,Service Quality,Service Quality (1.00); Guest Experience (0.95); Service Efficiency & Responsiveness (0.88)
Nizar Helmi,2025,5,hotel ibis style simatupang sangat merekomendasikan makanannya enak variasi oke banyak promo juga contohnya saya bisa promo indugance paket itu sudah dapet makan pagi malam pelayanannya juga oke dari semua staf staf,KOMPETITOR,Bintang 3,IbisStylesJakartaSimatupang,positive,0.9994357228279114,Service Quality,Service Quality (0.99); Food & Beverage (0.97); Facilities & Amenities (0.91)
Erfando Simamora,2025,5,Kondisi kamar oke nyaman,KOMPETITOR,Bintang 3,IbisStylesJakartaSimatupang,positive,0.9988229870796204,Room Quality & Comfort,Room Quality & Comfort (1.00); Facilities & Amenities (0.99); Guest Experience (0.97)
rzksfhd,2025,5,makanan enak kamar nyaman,KOMPETITOR,Bintang 3,IbisStylesJakartaSimatupang,positive,0.9991981387138367,Room Quality & Comfort,"Room Quality & Comfort (0.99); Cleanliness, Hygiene & Maintenance (0.99); Facilities & Amenities (0.99)"
Dita Revalina,2025,5,Hotel ibis ini sangat nyaman dan sangat merekomendasikan untuk menginap di sini bersama keluarga dan stafnya pun ramah,KOMPETITOR,Bintang 3,IbisStylesJakartaSimatupang,positive,0.999017596244812,Family & Group Friendly,Family & Group Friendly (1.00); Facilities & Amenities (0.99); Staff Conduct & Hospitality (0.98)
Gede wahyu eka sardana,2025,5,tempatnya strategis pelayanan ramah dan cepat kondisi ruangan nyaman hanya perlu adanya lemari yang tertutup sehingga pakaian dan barang barang lebih terlihat lebih cepat,KOMPETITOR,Bintang 3,IbisStylesJakartaSimatupang,positive,0.9985449314117432,Service Efficiency & Responsiveness,Service Efficiency & Responsiveness (1.00); Facilities & Amenities (0.99); Room Quality & Comfort (0.99)
muhammad fajar,2025,5,Staff nya sangat ramah ramah makanan enak enak dan kebersihannya 100,KOMPETITOR,Bintang 3,IbisStylesJakartaSimatupang,positive,0.9992850422859192,"Cleanliness, Hygiene & Maintenance","Cleanliness, Hygiene & Maintenance (1.00); Service Quality (0.99); Staff Conduct & Hospitality (0.99)"
Zian Fuadi,2024,5,bisa nyaman menginap di sini suka sama interior hotelnya pemilihan desain nya menarik cocok untuk anak muda kamarnya minimalis tapi ditata dengan baik sehingga tetap nyaman beraktifitas cocok untuk liburan sama teman dan keluarga makanannya cukup beragam ada kesehatan jus juga soto medannya enak aksesnya juga mudah mudah semoga lain waktu bisa menginap lagi di sini yeyy,KOMPETITOR,Bintang 3,IbisStylesJakartaSimatupang,positive,0.9995194673538208,Family & Group Friendly,Family & Group Friendly (0.99); Facilities & Amenities (0.98); Food & Beverage (0.96)
Renata pradnadwinka,2025,5,Terimakasih banyak pelayanannya baik dan sempurnaiss,KOMPETITOR,Bintang 3,IbisStylesJakartaSimatupang,positive,0.9988458156585693,Service Quality,Service Quality (1.00); Service Efficiency & Responsiveness (0.99); Guest Experience (0.99)
Nicky,2024,5,1 hotel daerah simatupang yang strategis karena dekat dengan cilandak kota alun-alun dan talavera bangunan 2 kamarnya nyaman dan cukup luas 3 fasilitas dan fasilitas kamar lengkap minuman selalu diarahkan setiap hari jika meminta kamar untuk dibersihkan 4 menu sarapan banyak musim panas enak tapi untuk menu lain jadi jadi saran saya lebih dijaga kebersihan makanannya karena waktu itu ada nyamuk masuk ke toples selai maple syrup secara keseluruhan oke dan layak uang,KOMPETITOR,Bintang 3,IbisStylesJakartaSimatupang,positive,0.9992573857307434,Facilities & Amenities,"Facilities & Amenities (1.00); Cleanliness, Hygiene & Maintenance (0.98); Pricing & Value for Money (0.96)"
Fadly Oktaviano,2025,3,Kamar bagus tapi terlalu berisik oleh lalu lalang kendaraan yang ada di tol nya karena kurang kedap suara pengalaman staf kurang ramah ketua jam 9an sudah ditelp,KOMPETITOR,Bintang 3,IbisStylesJakartaSimatupang,negative,0.9936624765396118,Guest Experience,Guest Experience (0.91); Facilities & Amenities (0.84); Check in/out Experience (0.66)
Nadhif Edma,2025,5,kamar dingin bersih dan nyaman,KOMPETITOR,Bintang 3,IbisStylesJakartaSimatupang,positive,0.9990925788879395,Room Quality & Comfort,"Room Quality & Comfort (1.00); Cleanliness, Hygiene & Maintenance (1.00); Facilities & Amenities (0.98)"
Ryan Ramadhan H,2025,5,Karena semua pelayanan oke apalagi kak noni debest,KOMPETITOR,Bintang 3,IbisStylesJakartaSimatupang,positive,0.999056875705719,Service Quality,Service Quality (1.00); Facilities & Amenities (0.98); Guest Experience (0.98)
raihan muhaimin,2025,5,lokasi nyaman dan pelayanan yang baik,KOMPETITOR,Bintang 3,IbisStylesJakartaSimatupang,positive,0.9987554550170898,Service Quality,Service Quality (1.00); Facilities & Amenities (0.99); Room Quality & Comfort (0.99)
Desy Eka,2024,5,compact semua yang di butuhkan ada di 1 kamar air minum ada galon dispenser di depan pintu kamar tempat udara pun di sediakan agar kita tidak bolak balik ambil air pengering rambut kualitas baik anak anak kering dengan segera menghindari masuk angin air mancur hujan hotel bintang 3 loh ini keren banget kan meja unt koper bisa di pakai unt meja makan darurat pesan makan malam ke kamar hingga 4 porsi nasi 2 piring dengan banyak gelas tapi keluarga saya bisa tetap makan dengan nyaman wajib upgrade ke kamar keluarga minimal kamar dengan menghubungkan pintu jika bawa anak anak ya nyaman sangat luasnya cukup tidak sempit tidak berlebihan ingat ya ini hotel anggaran,KOMPETITOR,Bintang 3,IbisStylesJakartaSimatupang,positive,0.9990014433860779,Facilities & Amenities,Facilities & Amenities (0.98); Service Efficiency & Responsiveness (0.93); Family & Group Friendly (0.92)
Bagas Dwi nugroho,2025,5,sarapan enak kamar bersig,KOMPETITOR,Bintang 3,IbisStylesJakartaSimatupang,positive,0.9967048764228821,Facilities & Amenities,"Facilities & Amenities (0.99); Guest Experience (0.97); Cleanliness, Hygiene & Maintenance (0.97)"
Yunita Septiani,2025,5,tempat penginapan yang nyaman makanan enak dan fasilitas lengkap jangan ragu untuk menginap di sini,KOMPETITOR,Bintang 3,IbisStylesJakartaSimatupang,positive,0.9994351267814636,Facilities & Amenities,Facilities & Amenities (0.99); Room Quality & Comfort (0.97); Service Quality (0.97)
Veny Lai,2023,5,menginap 1 malam di sini lokasi sangat strategis 2 3 menit jalan kaki ke kota lalu dekat dengan cipete yang banyak kopi dan toko toko unik salah satu hotel ibis style yang berkesan buat saya dari saya telepon untuk mengkonfirmasi proses pemesanan cek masuk dan juga pengalaman menginap kamarnya bersih bagus pemandangan dari lantai 10 bagus dan ranjang mandi enak layanannya sangat ramah baik semua stafnya menyenangkan terima kasih untuk mbak yang di resto yang memungkinkan saya panaskan makanan saya di microwave dan juga tim resepsionis yang menyimpan dompet saya yang ditemukan di daerah lobi resepsionis pengalaman yang sangat berkesan walaupun cuma semalam terima kasih dan,KOMPETITOR,Bintang 3,IbisStylesJakartaSimatupang,positive,0.9992741942405701,Booking & Reservation Experience,Booking & Reservation Experience (1.00); Staff Conduct & Hospitality (1.00); Facilities & Amenities (0.99)
love alves,2025,5,sarapan pagi sesuai dengan ekspektasi dan enak terimakasih untuk pelayanan junita dan bu dwi,KOMPETITOR,Bintang 3,IbisStylesJakartaSimatupang,positive,0.9990266561508179,Service Quality,Service Quality (0.99); Guest Experience (0.97); Staff Conduct & Hospitality (0.96)
Yaya,2024,5,lobby nya nyaman hotelnya bersih pelayanan nya baik dan ramah tempatnya strategis dan mudah dijangkau parkir nya luas ada area merokok nya juga ruang pertemuan nya ada 7 dan kapasitasnya besar dianjurkan jika ingin menginap di hotel ini nyaman banget untuk waktu berkualitas sama keluarga atau teman teman,KOMPETITOR,Bintang 3,IbisStylesJakartaSimatupang,positive,0.999580442905426,"Location, Accessibility & Parking","Location, Accessibility & Parking (0.99); Facilities & Amenities (0.99); Family & Group Friendly (0.99)"
Fitriana Annisa,2025,5,dipinggir jalan aksesnya mudah mudah mudahnya banyak anak bahagia bisa taman bermain utama ps nonton film karoke acara tahun baru 2023 disini seru dan dessertnya enak banget hanya kurangnya parkirnya minim dan tidak ada kolam renang,KOMPETITOR,Bintang 3,IbisStylesJakartaSimatupang,positive,0.9992750287055969,"Location, Accessibility & Parking","Location, Accessibility & Parking (0.96); Facilities & Amenities (0.94); Food & Beverage (0.81)"
Pardy,2025,5,Alhamdulillah semua pelayanan dan fasilitas baik makanan di resto nya Enakk Enakk pelayanan dari Mba Junita juga sangat ramah mantap,KOMPETITOR,Bintang 3,IbisStylesJakartaSimatupang,positive,0.999326229095459,Facilities & Amenities,Facilities & Amenities (1.00); Food & Beverage (0.99); Service Quality (0.98)
Agus Gunawan,2025,4,perkir u bus medium terbatas,KOMPETITOR,Bintang 3,IbisStylesJakartaSimatupang,neutral,0.9975188970565796,"Location, Accessibility & Parking","Location, Accessibility & Parking (0.70); Pricing & Value for Money (0.70); Facilities & Amenities (0.52)"
Intan Putri Pratama,2025,5,Layanan yang baik makanan nya juga enak sampai jumpa di waktu lain ibis,KOMPETITOR,Bintang 3,IbisStylesJakartaSimatupang,positive,0.9971920847892761,Service Quality,Service Quality (1.00); Guest Experience (0.96); Service Efficiency & Responsiveness (0.95)
afrianto saputra,2025,5,pelayanan bagus kamar bersih makanan enak dan banyak varian nya,KOMPETITOR,Bintang 3,IbisStylesJakartaSimatupang,positive,0.9994474053382874,Service Quality,"Service Quality (1.00); Guest Experience (0.99); Cleanliness, Hygiene & Maintenance (0.99)"
Siti Aisyah,2024,1,1 pegawai cuek cuek bebek kudu kita yang nyapa saat ketrmu di lift 2 dari hari pertama pertemuan di oasis smpe seminggu makanan smua tidak ada yang enak tidak jelas ngasih kue2x asal banyak tapi tidak enak smua ditambah dingin pula tidak penghangatnya dibawah makanannya ditambah lg hari ke 4 iklan menyelesaikan saya makan rasanya kaya bahan sumpah kimia mp muntah tapi dah ketelen sedikit bau dan mual kapok banget 3 makanan diresto halaman tidak ada yang enak dan makanan murah smua omletnya jg biasa banget saya berdiri tidak koki omletnya didiemin saya sapa dia nengok ke gadapan saya pdhl,KOMPETITOR,Bintang 3,IbisStylesJakartaSimatupang,negative,0.998883068561554,Pricing & Value for Money,Pricing & Value for Money (0.84); Check in/out Experience (0.79); Facilities & Amenities (0.78)
Adrian Pramana,2023,5,suka banget sama interior kamarnya yang milenial dan semi industrialis yang segar nyaman banget menginap di sini beberapa hari selain tempat tidur yang bikin pengin terus rebahan keseluruhan perawatan kebersihan furnitur dan lainnya juga sangat diperhatikan lokasi hotel juga strategis di lokasi bisnis kawasan simatupang dekat ke kota yang cukup dengan berjalan kaki untuk bertemu juga saya akui cukup puas dengan pelayanannya makanan dan minuman yang disajikan juga enak enak,KOMPETITOR,Bintang 3,IbisStylesJakartaSimatupang,positive,0.999349057674408,"Cleanliness, Hygiene & Maintenance","Cleanliness, Hygiene & Maintenance (1.00); Facilities & Amenities (0.99); Service Quality (0.99)"
yenny prasetya,2025,5,stafnya ramah dan sederhana hotel bersih cocok buat liburan bersama keluarga,KOMPETITOR,Bintang 3,IbisStylesJakartaSimatupang,positive,0.9993512034416199,Family & Group Friendly,Family & Group Friendly (1.00); Service Quality (0.99); Staff Conduct & Hospitality (0.99)
Qiswah Property Syariah,2025,3,parkirang kurang dan tidak ada kolam renang nya ternyata jadi cocok buat bisnis saja klo anak2 kasian tidak ada kolam baru hehe klo hotel nya lumayan,KOMPETITOR,Bintang 3,IbisStylesJakartaSimatupang,positive,0.9972773194313049,"Location, Accessibility & Parking","Location, Accessibility & Parking (0.96); Facilities & Amenities (0.89); Pricing & Value for Money (0.73)"
Novri Kusumathalhah,2025,5,mantapp top markotop jika ada review bintang 7 saya pilih bintang 7,KOMPETITOR,Bintang 3,IbisStylesJakartaSimatupang,positive,0.9978051781654358,Sustainability & Environmental Quality,Sustainability & Environmental Quality (0.42); Service Quality (0.37); Management & Policy Issues (0.36)
Wan Harto,2025,4,makanan oke varian bisa sering diganti teman2 yang melayani sangat ramah dan selamat datang,KOMPETITOR,Bintang 3,IbisStylesJakartaSimatupang,positive,0.9967774748802185,Guest Experience,Guest Experience (0.99); Service Quality (0.97); Staff Conduct & Hospitality (0.96)
stevan halim,2023,5,kamarnya enak bersih dan nyaman cukup luas untuk kamar standarnya ada ketel listrik kopi teh dan air mineral sebagai complimentary kamar mandinya cukup luas ya ada area basah dengan mandi yang menyediakan udara panas dan dingin untuk sarapannya tidak terlalu banyak ada nasi bubur dan salad pilihannya namun rasa makanannya enak untuk cemilan ada bakery sereal dan buahnya stafnya ramah tempat parkirnya pun cukup luas,KOMPETITOR,Bintang 3,IbisStylesJakartaSimatupang,positive,0.9993507266044617,Facilities & Amenities,"Facilities & Amenities (0.99); Location, Accessibility & Parking (0.98); Cleanliness, Hygiene & Maintenance (0.98)"
Aulia Ulil Fadhilah,2025,5,kesini karena ada pertemuan tahunan perusahaan menurutku tempatnya strategis banget meskipun daerah macet dekat banget sama kota,KOMPETITOR,Bintang 3,IbisStylesJakartaSimatupang,positive,0.9981750249862671,Facilities & Amenities,"Facilities & Amenities (0.62); Location, Accessibility & Parking (0.60); Sustainability & Environmental Quality (0.51)"
Laras kusuma,2024,5,kamar nyaman sesuai dengan kelasnya minum udara mudah diisi ulang krna ada dispenser deket kamar makanan sering x kliatan dikit2 ngeluarinnya tapi suka banget ada jamu tiap sarapan,KOMPETITOR,Bintang 3,IbisStylesJakartaSimatupang,positive,0.9993409514427185,Facilities & Amenities,Facilities & Amenities (0.95); Room Quality & Comfort (0.89); Service Quality (0.88)
Kak Aya Uya,2025,3,biasa dipakai untuk kegiatan rapat beberapa kali menginap mungkin di saya minus makanan yang di bawah ekspektasi saya pribadi bisa jadi ini di saya saja,KOMPETITOR,Bintang 3,IbisStylesJakartaSimatupang,negative,0.6520888805389404,Guest Experience,Guest Experience (0.85); Check in/out Experience (0.70); Pricing & Value for Money (0.57)
Chandra Surya Dharmawan,2025,5,bagus resto enak,KOMPETITOR,Bintang 3,IbisStylesJakartaSimatupang,positive,0.9989233613014221,Facilities & Amenities,Facilities & Amenities (0.87); Food & Beverage (0.86); Service Quality (0.77)
Sunan Kanjeng,2024,5,desain interior menarik kebersihan sangat bagus layanan seluruh kru kualitas udara profesional serta tekanan udara di kamar mandi sangat bagus untuk mandi yang nyaman menu ruang makan servis bervariasi dengan rasa enak tersedia ruang merokok juga ada ruang merokok di bagian restoran yang terpisah dari non-merokok sehingga nyaman bagi yang merokok maupun non-merokok dianjurkan dan memusakan tinggal di ibis gaya simatupang,KOMPETITOR,Bintang 3,IbisStylesJakartaSimatupang,positive,0.9994478821754456,Facilities & Amenities,"Facilities & Amenities (0.99); Cleanliness, Hygiene & Maintenance (0.99); Staff Conduct & Hospitality (0.98)"
Ang Leonard Anthony,2023,5,hotel bintang 3 dengan pelayanan yang sangat baik dan menu makanan yang lezat letaknya sangat strategis persis di belah cilandak kota alun-alun hanya membutuhkan waktu kurang dari 5 menit berjalan kaki untuk sampai di kota saya sangat suka dengan kamar kamar keluarga yang bisa ditempati hingga 4 orang 1 kasur ratu dan 2 kasur tunggal di ruangan terpisah masing masing kasur juga dilengkapi dengan guling area restorannya cukup luas untuk makan pagi dan cukup lezat untuk menu sangat ala cartenya juga sangat nikmat terutama untuk makan makanan lokal seperti bebek goreng sup iga platingnya juga sangat cantik serasa menyantap makanan hotel bintang 5 ibis sty,KOMPETITOR,Bintang 3,IbisStylesJakartaSimatupang,positive,0.9994900226593018,Service Quality,Service Quality (0.99); Family & Group Friendly (0.99); Facilities & Amenities (0.99)
Naufal Aziz,2025,5,tempat yang nyaman dan dekat dengan pusat kota,KOMPETITOR,Bintang 3,IbisStylesJakartaSimatupang,positive,0.9993348717689514,Facilities & Amenities,Facilities & Amenities (0.97); Room Quality & Comfort (0.96); Family & Group Friendly (0.88)
roby hermawan,2025,5,Sangat memuaskan catatan bagus nya di tambahkan arah kiblatnya,KOMPETITOR,Bintang 3,IbisStylesJakartaSimatupang,positive,0.9907858371734619,"Loyalty, Recommendation & Appreciation","Loyalty, Recommendation & Appreciation (0.85); Religious & Halal Features (0.85); Facilities & Amenities (0.73)"
Kanaya nay,2025,5,Saya suka dengan pelayanan nya terimakasih sukses selalu,KOMPETITOR,Bintang 3,IbisStylesJakartaSimatupang,positive,0.9991239905357361,Service Quality,"Service Quality (0.99); Guest Experience (0.98); Loyalty, Recommendation & Appreciation (0.95)"
m fathan zaky aja,2025,5,hotelnya bagus kamarnya nyaman wifi kecepatan tinggi kamar bersih pelayanan yang sangat ramah makanan yang enak dan bervariasi hotel direkomendasikan,KOMPETITOR,Bintang 3,IbisStylesJakartaSimatupang,positive,0.9993641972541809,Facilities & Amenities,Facilities & Amenities (0.98); Service Quality (0.98); Room Quality & Comfort (0.97)
ARIF RIDHAN,2024,4,kamar tempat jasa fasilitas top banget kebersihan selalu terjaga sayang holet di harga 700an tidak ada kolam renang dan 3 hari tidur sini pakai makan siang dan pagi makanan sama terus dan rasa biasa banget mungkin kedepannya menu makanan lebih bervariasi lagi,KOMPETITOR,Bintang 3,IbisStylesJakartaSimatupang,positive,0.9914498925209045,"Cleanliness, Hygiene & Maintenance","Cleanliness, Hygiene & Maintenance (0.99); Service Quality (0.98); Facilities & Amenities (0.98)"
taufik bumi dipa,2025,4,semuanya bagus kamar dan tmpt mandi nya bagus lokasi enak kemana2,KOMPETITOR,Bintang 3,IbisStylesJakartaSimatupang,positive,0.999251663684845,Facilities & Amenities,"Facilities & Amenities (0.99); Cleanliness, Hygiene & Maintenance (0.99); Room Quality & Comfort (0.99)"
Luszy Firlansari,2025,5,sangat rekomendasi pelayanan dan tempatnya sangat baik,KOMPETITOR,Bintang 3,IbisStylesJakartaSimatupang,positive,0.9980564713478088,Service Quality,Service Quality (1.00); Facilities & Amenities (1.00); Guest Experience (0.99)
Ihsanul Wahyudi,2025,5,Swaybagai penikmat americano es americano icenya itu layak,KOMPETITOR,Bintang 3,IbisStylesJakartaSimatupang,positive,0.9974079728126526,"Loyalty, Recommendation & Appreciation","Loyalty, Recommendation & Appreciation (0.94); Cultural & Heritage Experience (0.90); Guest Experience (0.89)"
ayah budi,2025,5,hotelnya minimalis mulai dari kamar ruang sidang dan parkir lokasinya cukup strategis dekat dengan gerbang tol makanannya banyak pilihan untuk pelayanan layaknya hotel pada umumnya ramah dan responsif,KOMPETITOR,Bintang 3,IbisStylesJakartaSimatupang,positive,0.9990956783294678,"Location, Accessibility & Parking","Location, Accessibility & Parking (1.00); Facilities & Amenities (1.00); Service Efficiency & Responsiveness (1.00)"
nielsmarmata,2025,5,Saya sudah 2 kali menginap di sini dengan waktu yang panjang dan saya merasa puas dengan pelayanannya,KOMPETITOR,Bintang 3,IbisStylesJakartaSimatupang,positive,0.9967435002326965,Service Quality,Service Quality (0.97); Guest Experience (0.94); Service Efficiency & Responsiveness (0.84)
Swesti Andini,2023,5,Suka bangett kamarnya nyaman kasur empuk ada gulingnya bantal ekstra handuk halus byk saluran tv kabel dengan kualitas gambar yang bening di kamar sudah tersedia 2 botol kaca udara ron 88 dan disediakan air jug yang bisa dikerjakan lgsg di dispenser di luar kamar menu banyak pilihan yang disediakan dengan tatanan cantik dan rasanya pun enakk,KOMPETITOR,Bintang 3,IbisStylesJakartaSimatupang,positive,0.9992782473564148,Facilities & Amenities,Facilities & Amenities (0.98); Room Quality & Comfort (0.95); Service Quality (0.90)
lintang ferawati,2025,5,Sangat bagus nyaman dan bersih,KOMPETITOR,Bintang 3,IbisStylesJakartaSimatupang,positive,0.9992594122886658,Facilities & Amenities,"Facilities & Amenities (0.99); Cleanliness, Hygiene & Maintenance (0.98); Room Quality & Comfort (0.98)"
BALAYA,2025,5,bersih sarapan enak,KOMPETITOR,Bintang 3,IbisStylesJakartaSimatupang,positive,0.9989715814590454,"Cleanliness, Hygiene & Maintenance","Cleanliness, Hygiene & Maintenance (0.98); Service Quality (0.93); Sustainability & Environmental Quality (0.88)"
Muhammad Hadiansyah,2025,5,Hotel kecil tapi luar biasa pengalaman pertama saya di ruang pertemuan lantai 2 ruangan cukup kecil tapi menenangkan makanannya enak banget layanan oke juga bagus,KOMPETITOR,Bintang 3,IbisStylesJakartaSimatupang,positive,0.9984941482543945,Facilities & Amenities,Facilities & Amenities (0.99); Service Quality (0.99); Guest Experience (0.98)
Gendhis Septi,2025,5,kamar nya nyaman dan wangi,KOMPETITOR,Bintang 3,IbisStylesJakartaSimatupang,positive,0.9991359114646912,Room Quality & Comfort,"Room Quality & Comfort (0.99); Facilities & Amenities (0.97); Cleanliness, Hygiene & Maintenance (0.95)"
Alif,2023,5,hotelnya nyaman ambiencenya dapet dari segi fasilitas kamar pun sudah lengkap banget desain kamarnya juga kekinian posisi hotel strategis deket sama akses transportasi publik mrt fatmawati dan sebelahan sama mall citos selain itu juga bisa banget diakses menggunakan kendaraan pribadi karena deket sama simpang tol desari depok antasari pelayanan juga oke baik perhotelan jika mau dapet pemandangan kota bisa coba minta untuk ditempatin di kamar atas jika ingin jajan di luar juga bisa banget karena di sekitar hotel ada warteg dan merek makanan tertentu,KOMPETITOR,Bintang 3,IbisStylesJakartaSimatupang,positive,0.9992030262947083,Facilities & Amenities,"Facilities & Amenities (0.99); Ambience & Design (0.99); Location, Accessibility & Parking (0.97)"
DEDE DJUNIARDI,2024,5,lokasi strategis nyaman bersih ada bantal guling nya sarapan mantap menu nya enak semuanya terima kasih mba noni mba miftah oke banget deh ibis gaya jakarta simatupang dianjurkan deh kalau menginap di jakarta,KOMPETITOR,Bintang 3,IbisStylesJakartaSimatupang,positive,0.9995684027671814,Facilities & Amenities,"Facilities & Amenities (0.98); Service Quality (0.96); Cleanliness, Hygiene & Maintenance (0.96)"
erick satriyo,2025,5,nyaman untuk menginap,KOMPETITOR,Bintang 3,IbisStylesJakartaSimatupang,positive,0.9903727769851685,Room Quality & Comfort,Room Quality & Comfort (0.94); Guest Experience (0.90); Facilities & Amenities (0.88)
Syanes Adishesa,2023,5,Ruang baru sangat nyaman dan bersih furnitur baru seperti baru sehingga selalu lancar saat digunakan saya agak rewel soal kamar mandi jadi langsung tenang melihat kamar mandi bersih dan mandi nyaman sekali saya terutama sangat kagum dengan pelayanan dari pak wahyu sebagai asisten manajer yang bertugas salam dengan kesigapan dan kualitas pelayanannya terima kasih atas keramahan pak,KOMPETITOR,Bintang 3,IbisStylesJakartaSimatupang,positive,0.99898761510849,Service Quality,Service Quality (0.99); Staff Conduct & Hospitality (0.99); Service Efficiency & Responsiveness (0.98)
Aya Aniendya,2024,5,kamarnya cukup nyaman cukup bersih jalan suara dari kamar samping masih cukup terdengar untuk di restonya pelayanan sangat baik ramah khususnya mba noni,KOMPETITOR,Bintang 3,IbisStylesJakartaSimatupang,positive,0.9994072914123535,Service Quality,Service Quality (0.99); Room Quality & Comfort (0.98); Facilities & Amenities (0.97)
Zain Anshari,2025,5,Hotel yang bagus di Simatupang Jakarta terdekat,KOMPETITOR,Bintang 3,IbisStylesJakartaSimatupang,positive,0.9992260932922363,Service Quality,Service Quality (0.89); Sustainability & Environmental Quality (0.85); Facilities & Amenities (0.80)
B2-023-Yanner Kapitan,2025,5,nyaman dan terlayani dengan maksimum terimakasih,KOMPETITOR,Bintang 3,IbisStylesJakartaSimatupang,positive,0.9874448776245117,Guest Experience,Guest Experience (0.96); Service Quality (0.95); Facilities & Amenities (0.92)
Digit Kumara,2024,5,kesini untuk seminar dari kantor tempatnya perwakilan makanannya relatif enak hotelnya tidak tertlalu besar tapi bersih lokasi hotelnya yang agak sempit masuk ke geng sebelah mall citos kalau pagi atau jam pulang kantor lumayan ramai,KOMPETITOR,Bintang 3,IbisStylesJakartaSimatupang,positive,0.9980954527854919,"Cleanliness, Hygiene & Maintenance","Cleanliness, Hygiene & Maintenance (0.96); Service Quality (0.94); Facilities & Amenities (0.88)"
Anisa Arismaya,2025,5,pelayanan di hotel ibis gaya sangat memuaskan makanan enak tempat nyaman dan pelayanan ramah kak elfa bagian layanan membantu kami mendapatkan pelayanan terbaik,KOMPETITOR,Bintang 3,IbisStylesJakartaSimatupang,positive,0.9994587302207947,Facilities & Amenities,Facilities & Amenities (1.00); Staff Conduct & Hospitality (0.99); Service Quality (0.98)
evan arema 02,2025,4,tempatnya bagus nyaman,KOMPETITOR,Bintang 3,IbisStylesJakartaSimatupang,positive,0.9993811845779419,Room Quality & Comfort,"Room Quality & Comfort (1.00); Facilities & Amenities (0.98); Cleanliness, Hygiene & Maintenance (0.88)"
Echy_bdp,2025,5,makanannya enak sesuai lidah sulawesi,KOMPETITOR,Bintang 3,IbisStylesJakartaSimatupang,positive,0.9989017248153687,Cultural & Heritage Experience,Cultural & Heritage Experience (0.87); Sustainability & Environmental Quality (0.85); Food & Beverage (0.80)
A. Fadly Hasibuan,2024,5,hotelnya nyaman makanannya enak dekat kemana mana mana staf hotelnya ramah dan membantu seperti saat memeriksa keluar mba dita melayani dan memberikan informasi yang saya butuhkan dianjurkan untuk nginap disinu,KOMPETITOR,Bintang 3,IbisStylesJakartaSimatupang,positive,0.9992165565490723,Staff Conduct & Hospitality,Staff Conduct & Hospitality (0.98); Facilities & Amenities (0.98); Guest Experience (0.95)
Tusi Maemunah,2025,5,latihan 1 minggu di sini tapi dapet ruangan yang cukup kecil baru bisa pindah hari terakhir tapi secara keseluruhan makanan nya enak2 dan bervariasi musholla cukup kecil jadi harus gantian,KOMPETITOR,Bintang 3,IbisStylesJakartaSimatupang,positive,0.9676598906517029,Facilities & Amenities,Facilities & Amenities (0.98); Check in/out Experience (0.75); Guest Experience (0.72)
Maya 2890,2025,5,oke yuukk pada nginep di ibis simatupang jaksel,KOMPETITOR,Bintang 3,IbisStylesJakartaSimatupang,neutral,0.9987390637397766,Food & Beverage,Food & Beverage (0.97); Facilities & Amenities (0.90); Guest Experience (0.86)
nurul fadia wahyudin,2025,5,Ibiss keren banget hebat deh hotel nyaa selaluu bersihh selalu wangi selaluu staf rendah hati nyaa apalagi massa aryaa yang bantu barang saya terimakasih yaa mas aryaa dan ibis terimakasih selalu jadi yang terbaikk,KOMPETITOR,Bintang 3,IbisStylesJakartaSimatupang,positive,0.9992853999137878,Service Quality,"Service Quality (0.99); Staff Conduct & Hospitality (0.99); Cleanliness, Hygiene & Maintenance (0.99)"
upik nadjamuddin,2025,5,Alhamdulillah 2 malam di ibis gaya simatupang dilayani sama staf2 keren kayak mba mivtah sarapannya enak bersih dan sehat tengkyu ibis makin sukses makin rame,KOMPETITOR,Bintang 3,IbisStylesJakartaSimatupang,positive,0.9992586970329285,Service Quality,"Service Quality (0.99); Cleanliness, Hygiene & Maintenance (0.98); Staff Conduct & Hospitality (0.97)"
Herry Ruswandi,2025,5,minimalis kamar nya unik bersih artistik sekali nyaman nginap disini sarapan pagi menu nya bervariasi pokoknya mantap,KOMPETITOR,Bintang 3,IbisStylesJakartaSimatupang,positive,0.9994781613349915,Room Quality & Comfort,"Room Quality & Comfort (0.93); Cleanliness, Hygiene & Maintenance (0.92); Facilities & Amenities (0.90)"
maurent amelia,2024,1,layanan buruk yang pernah saya miliki dari pertama datang sudah tidak mendapatkan parkir dan keamanan kurang tanggap beranggapan saya belum reservasi tapi diberi solusi untuk vallet yang parahnya adalah saat mau sarapan saya menemukan hanya 1 orang saja yang bisa sarapan padahal 1 kamar itu otomatis untuk 2 orang dan resepsi mba dita tidak memberikan solusi hanya menyalahkan mengapa dipesan untuk 1 orang dari situs perjalanan lucunya bukan hanya saya ada juga seorang tamu bersama anaknya pun terkendala demikian saya yanggian dengan mbak dan anak 1 5 tahun tidak menemukan solusi apapun dari mbak sedihnya saya memeriksa keluar di jam 8 pagi dengan anak yang sedang lapar emp emp emp,KOMPETITOR,Bintang 3,IbisStylesJakartaSimatupang,negative,0.9987587928771973,Facilities & Amenities,"Facilities & Amenities (0.99); Guest Experience (0.98); Location, Accessibility & Parking (0.98)"
Nicesa Gayatri,2025,5,bagus nyaman bersih dan pelayanan ramah,KOMPETITOR,Bintang 3,IbisStylesJakartaSimatupang,positive,0.9993045330047607,Service Efficiency & Responsiveness,"Service Efficiency & Responsiveness (0.99); Facilities & Amenities (0.99); Cleanliness, Hygiene & Maintenance (0.99)"
Bukhari Muslim,2025,5,kamar bagus luas juga dan pelayanannya mantap tempat strategis karena berdekatan dengan tol dan deket dengan mall,KOMPETITOR,Bintang 3,IbisStylesJakartaSimatupang,positive,0.9994315505027771,Service Quality,Service Quality (1.00); Room Quality & Comfort (0.99); Facilities & Amenities (0.99)
FY,2024,5,lokasi deket citos yang banyak makanan dan tempat nongkrong ibis selalu bersih dan ini versi ibis gaya yang lebih nyaman dan menyenangkan kamar oke staf oke fasilitas oke sarapan oke lumayan parkir luas ada lift dari parkir juga cukup menyenangkan di sini nilai besar untuk uang,KOMPETITOR,Bintang 3,IbisStylesJakartaSimatupang,positive,0.9995442032814026,Facilities & Amenities,Facilities & Amenities (1.00); Room Quality & Comfort (1.00); Pricing & Value for Money (0.99)
Septian Dwi Cahyo,2025,5,Terima kasih untuk seluruh staf yang ramah ramah pelayanan untuk bagus ramah fb miftah hk heni kamar bagus keamanan a ramahh pelayanan bagus terima kasih jga buat pak aldi,KOMPETITOR,Bintang 3,IbisStylesJakartaSimatupang,positive,0.9987595081329346,Staff Conduct & Hospitality,Staff Conduct & Hospitality (0.99); Safety & Security (0.99); Facilities & Amenities (0.98)
deny sanjaya,2025,4,Mengapa paket sarapan berbeda dengan hotel lain yang pilihannya termasuk sarapan atau tanpa sarapan saat memilih sarapan ternyata perhitungannya per org jadi terlihat berbeda akhrinya dengan iklan,KOMPETITOR,Bintang 3,IbisStylesJakartaSimatupang,negative,0.9881547689437866,Food & Beverage,Food & Beverage (0.74); Pricing & Value for Money (0.68); Guest Experience (0.53)
Abdul Hasan,2025,5,nyaman bersih dan pelayanannya baik,KOMPETITOR,Bintang 3,IbisStylesJakartaSimatupang,positive,0.9992139339447021,Service Quality,"Service Quality (0.99); Cleanliness, Hygiene & Maintenance (0.99); Service Efficiency & Responsiveness (0.98)"
erik priesta,2024,5,kamarnya bersih wangi dan harum pelayanan memuaskan dan lokasinya strategis apalagi kt ada act di cilandak sports center jadi tinggal jalan kaki dari hotel ke lokasi secara keseluruhan,KOMPETITOR,Bintang 3,IbisStylesJakartaSimatupang,positive,0.9993433356285095,Service Quality,Service Quality (0.99); Facilities & Amenities (0.99); Room Quality & Comfort (0.99)
Meyta Rianoni (Mey),2025,5,hotelnya strategis pinggir jalan depan sudah tol trs belum kena ganjil genap tinggal disini sejauh nyaman dan pengen balik lg,KOMPETITOR,Bintang 3,IbisStylesJakartaSimatupang,positive,0.9989330172538757,Facilities & Amenities,Facilities & Amenities (0.85); Service Quality (0.79); Room Quality & Comfort (0.78)
Schevenko Tendean,2025,5,tempat nya nyaman kemana mana mudah,KOMPETITOR,Bintang 3,IbisStylesJakartaSimatupang,positive,0.9992842078208923,Room Quality & Comfort,Room Quality & Comfort (0.97); Facilities & Amenities (0.94); Service Quality (0.77)
Tya Tatyana,2023,5,dengan harga sekitar 500rb malam tidak bfast ini layak sih mnrt aku kamarnya bersih luasnya oke lah ada tv kabel wifi kamar mandi juga udah ada hujan mandi yang di langit-langit terus di lantai atas juga ada dispenser jadi jangan khawatir kalau udara gratis nya abis dan yang paling unik tuh dia ada guling seperti permata buat yang tidak bisa bobo tanpa guling haha kamar aku cinta 4 bintang karena saat ini mau menggunakan toilet shock melihat banyak jentik2 nyamuk di dalam kamarnya mungkin kamarnya baru sudah lama tidak ditempatin selain itu oke banget buat biz mah perjalanan,KOMPETITOR,Bintang 3,IbisStylesJakartaSimatupang,positive,0.9987614154815674,Facilities & Amenities,"Facilities & Amenities (0.96); Pricing & Value for Money (0.91); Cleanliness, Hygiene & Maintenance (0.85)"
Diaz RA,2025,5,Tetaplah baik terima kasih,KOMPETITOR,Bintang 3,IbisStylesJakartaSimatupang,positive,0.9780634641647339,"Loyalty, Recommendation & Appreciation","Loyalty, Recommendation & Appreciation (0.99); Sustainability & Environmental Quality (0.88); Cleanliness, Hygiene & Maintenance (0.87)"
Eka Kurniawan,2024,5,pelayanan ramah fasilitas mantap dan bersih kamar kamar dan lainnya terang dan bersih parkir cukup luas kamar kedap dan tenang melihatya juga mantap saran prkir di ruang bawah tanah 2 kalau tidak salah bir bisa langsung akses lift makanan cukup beragam dan enak lokasi sangat strategis,KOMPETITOR,Bintang 3,IbisStylesJakartaSimatupang,positive,0.9995883107185364,Facilities & Amenities,"Facilities & Amenities (1.00); Cleanliness, Hygiene & Maintenance (0.99); Service Quality (0.99)"
Defa Hasri Nugraha,2024,5,Tempat bersih nyaman untuk beristirahat dan terawat dengan baik petugas hotel sopan baik murah senyum dan ramah ramah jika ada yang perlu di tanyakan jangan menyanyikan untuk bertanya kepada petugas hotel tersedia kolam renang sarapan oke akses parkir oke,KOMPETITOR,Bintang 3,IbisStylesJakartaSimatupang,positive,0.998969554901123,"Cleanliness, Hygiene & Maintenance","Cleanliness, Hygiene & Maintenance (1.00); Staff Conduct & Hospitality (1.00); Facilities & Amenities (0.99)"
Nuril Huda,2025,5,resepsionis baik kamar tenang,KOMPETITOR,Bintang 3,IbisStylesJakartaSimatupang,positive,0.997961163520813,Service Quality,Service Quality (1.00); Room Quality & Comfort (0.98); Guest Experience (0.97)
Taufik Abdullaah,2020,4,kamar yang bagus sederhana dan modern gaya akses lift terbatas hanya untuk tamu jadi keamanan cukup terjamin lokasi sangat strategis dekat dengan pusat perkantoran dan kuliner fasilitas cukup lengkap proses cek masuk keluar berjalan dengan cepat termasuk pelayanan kamar housekeeping ruang gym kecil dan terbatas untuk beberapa orang saja minus kolam renang karena menginap selama 2 minggu untuk perjalanan bisnis menurut saya variasi makanan kurang bisa ditambah penutup dan aperitipnya pelayan perhotelan sangat luar biasa baik di atas semua hotel sangat direkomendasikan untuk tinggal bisnis,KOMPETITOR,Bintang 3,IbisStylesJakartaSimatupang,positive,0.9082291722297668,Facilities & Amenities,Facilities & Amenities (0.99); Service Quality (0.90); Check in/out Experience (0.78)
Su padmi (padmi),2025,4,berada di jln simatupang masuk geng sedikit tersedia akses untuk kursi roda petugas sangat ramah sarapan lumayan komplit ada buah minuman tersedia jamu kopi teh susu sarapan rasa enak komplit rebusan kurang kamar di luar area merokok tersedia kamar kurang wangi udara panas baik tersedia dispenser udara disetiap lorong hotel,KOMPETITOR,Bintang 3,IbisStylesJakartaSimatupang,positive,0.99937903881073,Facilities & Amenities,Facilities & Amenities (0.94); Service Quality (0.93); Family & Group Friendly (0.87)
BZQ,2025,5,suka banget nginep disini kamarnya bersih pelayanan ramah,KOMPETITOR,Bintang 3,IbisStylesJakartaSimatupang,positive,0.9993070363998413,Guest Experience,"Guest Experience (0.99); Cleanliness, Hygiene & Maintenance (0.99); Service Quality (0.99)"
Dewi Kurniati,2024,5,posisi deket sama citoz luar biassyaa maceet klo kesini saat barengan jam pulang kerja atau pulang kantor klo peta dah nunjukin deket lokasi hati2 jangan sampai kelewat yaa karena pintu masuknya ada di samping kaya masuk ke jalan kecil dulu klo kelewat muterr nya jauh dan macett lagi nyampe sini sih memang nyaman ya khusus nya untuk perjalanan bisnis atau pekerjaan nyampe hotel langsung rebahan manis klo untuk keluarga ruang kamar baru terbatas sih jadi yaa yang bawa anak kecil 1 orang dibawah usia 5 tahun saja nih masih okelah,KOMPETITOR,Bintang 3,IbisStylesJakartaSimatupang,positive,0.998100221157074,"Location, Accessibility & Parking","Location, Accessibility & Parking (0.87); Facilities & Amenities (0.80); Service Quality (0.71)"
Satria Utama,2023,5,kebersihan kamar cukup baik sayangnya pada unit ac sepertinya perlu perawatan karena muncul peringatan pelayanan ramah makanan sahur nya dasar dari rasa variasi lokasi sebelah kota secara keseluruhan memuaskan,KOMPETITOR,Bintang 3,IbisStylesJakartaSimatupang,positive,0.9985470175743103,Service Quality,"Service Quality (1.00); Cleanliness, Hygiene & Maintenance (1.00); Guest Experience (0.99)"
Naura Jasmine Zaafarani,2025,4,Sangat bagus dan oke untuk di tempati,KOMPETITOR,Bintang 3,IbisStylesJakartaSimatupang,positive,0.9973804354667664,Room Quality & Comfort,Room Quality & Comfort (0.99); Facilities & Amenities (0.96); Guest Experience (0.95)
Vivien Rahmawati,2025,5,tempat merokok sebaiknya disediakan kursi yang lebih banyak kadang sebagian tamu berdiri,KOMPETITOR,Bintang 3,IbisStylesJakartaSimatupang,neutral,0.48174476623535156,Facilities & Amenities,Facilities & Amenities (0.89); Guest Experience (0.82); Service Quality (0.72)
Nurachman Nurachman,2025,5,Pelayanannya sangat berkesan dan makanannya juga dianjurkan terima kasih jg kepada pelayan anggi dan miftah yang sangat ramah,KOMPETITOR,Bintang 3,IbisStylesJakartaSimatupang,positive,0.9978901743888855,Service Quality,Service Quality (1.00); Guest Experience (1.00); Service Efficiency & Responsiveness (1.00)
Amalia Hanna,2023,4,hotel yang bersih dan strategis karena dekat dengan jalan dan kota kamarnya cukup kecil tapi bersih begjtu juga kamar mandinya mandi sangat kencang pelayanannya pun ramah makanannya dari segi rasa cukup namun kurang variasi tapi secara keseluruhan oke,KOMPETITOR,Bintang 3,IbisStylesJakartaSimatupang,positive,0.999221682548523,Facilities & Amenities,"Facilities & Amenities (0.99); Cleanliness, Hygiene & Maintenance (0.98); Service Quality (0.95)"
Rasya Arviansyah,2025,5,Saya suka dengan pelayanan nya ramah dan bagus,KOMPETITOR,Bintang 3,IbisStylesJakartaSimatupang,positive,0.9988812804222107,Guest Experience,Guest Experience (1.00); Service Quality (1.00); Staff Conduct & Hospitality (0.98)
Achmad Barakha11,2025,5,liburan bersama keluarga kamar yang nyaman dingin bantal dan kasur yang empuk serta sarapan nya enak pelayanannya juga ramah lingkungan juga mendukung dekat dengan mall kendaraan juga dekat terimakasih hotel ibis simatupang seneng bisa menginap dsini,KOMPETITOR,Bintang 3,IbisStylesJakartaSimatupang,positive,0.9993153810501099,Facilities & Amenities,Facilities & Amenities (1.00); Sustainability & Environmental Quality (0.99); Family & Group Friendly (0.99)
Ridho firmansyah,2025,5,tempatnya nyaman emg paling top,KOMPETITOR,Bintang 3,IbisStylesJakartaSimatupang,positive,0.999206006526947,Room Quality & Comfort,Room Quality & Comfort (0.99); Facilities & Amenities (0.91); Service Quality (0.87)
Fatmawati Edi,2025,5,nyaman dapet kamar yang view sore dan malamnya bagus banget,KOMPETITOR,Bintang 3,IbisStylesJakartaSimatupang,positive,0.9990299940109253,Facilities & Amenities,Facilities & Amenities (0.96); Room Quality & Comfort (0.95); Service Quality (0.88)
Rezkh Awan,2025,5,pelayanan ramah ramah dan mantap,KOMPETITOR,Bintang 3,IbisStylesJakartaSimatupang,positive,0.9992544054985046,Service Quality,Service Quality (0.99); Guest Experience (0.99); Staff Conduct & Hospitality (0.98)
Anjani Prastika,2025,5,susah bbrp kali menginap dsni karena dekat dengan ho pelayanannya selalu baik,KOMPETITOR,Bintang 3,IbisStylesJakartaSimatupang,positive,0.9988855719566345,Service Quality,Service Quality (0.99); Service Efficiency & Responsiveness (0.89); Guest Experience (0.87)
Tree Sukma,2025,5,mantap hotel nyaman,KOMPETITOR,Bintang 3,IbisStylesJakartaSimatupang,positive,0.9993947744369507,Service Quality,Service Quality (0.96); Room Quality & Comfort (0.95); Guest Experience (0.90)
Erza Minatullah,2024,5,kamarnya oke interiornya bagus bisa lihat pemandangan kota sarapannya variatif ada goreng2an juga bubur westernya juga lengkap terima kasih mba noni dan mas rangga untuk hospitalitynya,KOMPETITOR,Bintang 3,IbisStylesJakartaSimatupang,positive,0.9995055198669434,Guest Experience,Guest Experience (0.98); Food & Beverage (0.96); Facilities & Amenities (0.94)
Ramadhani Putra,2025,5,Aksesnya mudah dekat tol dan nyaman,KOMPETITOR,Bintang 3,IbisStylesJakartaSimatupang,positive,0.9995148181915283,Facilities & Amenities,"Facilities & Amenities (0.99); Location, Accessibility & Parking (0.93); Service Efficiency & Responsiveness (0.91)"
halo Byan,2021,5,Salah satu hotel terbaik dan ternyaman yang pernah kami kunjungi anak-anak saya sangat betah sekali di sini karena makanan enak tempat bagus nyaman dan pelayanan yang luar biasa ramah terutama terhadap anak kebetulan bagian area permainan anak sedang direnovasi namun kami ditawari dari staf untuk di set tenda bermain anak di kamar masya allah baik banget kebetulan menginapnya akhir pekan jadi minggu pagi anak bisa ikut kelas memasak untuk anak-anak dan staf sama lupa mas hotelnya sama baik banget siapa nama oya waktu cek ini kita diberi makanan selamat datang baik di lobi maupun saat sampai kamar asyik bisa ini menginap catatan awal tahun sebelum covid,KOMPETITOR,Bintang 3,IbisStylesJakartaSimatupang,positive,0.9993758797645569,Facilities & Amenities,Facilities & Amenities (0.99); Family & Group Friendly (0.97); Service Quality (0.96)
Dewy Shinta,2020,5,kekurangannya tidak ada kolam renang dan anak-anak area karena sudah di ambil makanan sangat standar kamar oke banget kelengkapannya saya pesan kamar 1 queen bed klo tidak salah superior itu didalamnya sudah ada tambahan tempat tidur lhoh jadi cocok buat bawa anak ada kulkas dan pengering rambut ini penting banget bagi sebagian orang lokasi saat sangat sebelahan sama cilandak kota alun-alun,KOMPETITOR,Bintang 3,IbisStylesJakartaSimatupang,positive,0.9966304898262024,Facilities & Amenities,Facilities & Amenities (0.99); Service Quality (0.95); Room Quality & Comfort (0.94)
akhyadi tahir,2025,5,lokasi strategis dan layanan baik,KOMPETITOR,Bintang 3,IbisStylesJakartaSimatupang,positive,0.9976262450218201,Service Quality,Service Quality (1.00); Service Efficiency & Responsiveness (0.99); Facilities & Amenities (0.99)
Ramadani,2025,5,sarapannya enak dan banyak variasinya,KOMPETITOR,Bintang 3,IbisStylesJakartaSimatupang,positive,0.999068558216095,Food & Beverage,Food & Beverage (0.94); Family & Group Friendly (0.84); Service Quality (0.79)
M. Nikhlah,2025,5,Lokasinya strategis banget untuk menu resto sebagai contoh saat bertemu paket kopi istirahat dan makan siangnya sederhana tapi enak,KOMPETITOR,Bintang 3,IbisStylesJakartaSimatupang,positive,0.9974000453948975,Food & Beverage,Food & Beverage (0.99); Facilities & Amenities (0.96); Guest Experience (0.78)
Ardhi Yuniawan,2025,4,Saat buka puasa resto terlalu mengutamakan orang dari luar dari pada yang menginap jadi harus makan di luar yang penuh asap rokok,KOMPETITOR,Bintang 3,IbisStylesJakartaSimatupang,positive,0.8704136610031128,Food & Beverage,Food & Beverage (0.91); Guest Experience (0.69); Religious & Halal Features (0.51)
fariz rianayrafreya,2025,5,kamar bersih pelayanan baik menu sarapan pagi baru variatif,KOMPETITOR,Bintang 3,IbisStylesJakartaSimatupang,positive,0.9986464381217957,Service Quality,"Service Quality (1.00); Guest Experience (1.00); Cleanliness, Hygiene & Maintenance (1.00)"
Apri Yanto,2024,5,pengalaman saya menginap 2 mlm di hotel ini sangat puas pelayanan nya profesional staf nya ramah kamar nya bersih kebetulan dapat yang view nya ke jalan tol makanan nya umum cukup enak letak nya strategis dekat kemana saja sisi mall kota bisa di tempuh dengan jalan kaki,KOMPETITOR,Bintang 3,IbisStylesJakartaSimatupang,positive,0.9995508790016174,Service Quality,Service Quality (0.99); Facilities & Amenities (0.98); Staff Conduct & Hospitality (0.98)
Jocky Hardika Banjarnahor,2025,1,Pelayanan yang tidak baik nginap di kamar 918 1 11 lt kamar mandi sama dengan lt kamar jadi jika udara jatuh dilantai kamar mandi akan mengalir kelantai kamar 2 nginap 2 orang tapi sarapan cuma disediakan 1 seharusnya di awal di infokan bukan saat mau sarapan baru dikasi tau sarapan untuk 1 orang ibis gaya yang ini sepertinya berbeda dari ibis lainnya,KOMPETITOR,Bintang 3,IbisStylesJakartaSimatupang,negative,0.9981681108474731,Guest Experience,Guest Experience (0.89); Facilities & Amenities (0.61); Booking & Reservation Experience (0.59)
Rima Mei Sari,2025,5,kamar layanan terbaik nyaman dan bersih,KOMPETITOR,Bintang 3,IbisStylesJakartaSimatupang,positive,0.9993367791175842,Service Quality,Service Quality (1.00); Room Quality & Comfort (0.99); Guest Experience (0.99)
Restiana Lukitowati,2025,5,untuk makanannya bervariasi rasanya enak,KOMPETITOR,Bintang 3,IbisStylesJakartaSimatupang,positive,0.9992144107818604,Food & Beverage,Food & Beverage (0.78); Sustainability & Environmental Quality (0.58); Family & Group Friendly (0.52)
Danny Ferdiansyah,2021,4,pertemuan di sini ruangan cukup hanya susunan kursi terlalu berdekatan untuk standar ukuran orang dewasa berjumlah sekitar 50 orang ruangan tidak terasa dingin sedikit panas meskipun sudah di pengaturan ac cemtral coffee break dan snack rasanya cukup kopi dan teh cukup enak dengan gula aren nya makan siang anggaran dan cukup beragam pelayan pun terlalu responsif sampai makanan yang belum selesai ditanyakan karena ingin segera diambil semoga ada kemajuan lagi kedepannya,KOMPETITOR,Bintang 3,IbisStylesJakartaSimatupang,positive,0.9957236051559448,Service Efficiency & Responsiveness,Service Efficiency & Responsiveness (0.99); Facilities & Amenities (0.98); Guest Experience (0.98)
Rama Wijaya,2025,5,lokasi strategis di daerah jorr bilangan jakarta selatan dapat kamar yang ter upgrade jadinya layak banget untuk menu menginap panjang sarapan dan resto sesuai standar bintang 3 grup accorhotels masih nyammi dan cukup penuh secara keseluruhan masih di daftar terbaik hotel karna anggota accorplus juga sih hahaha _,KOMPETITOR,Bintang 3,IbisStylesJakartaSimatupang,positive,0.9994555115699768,"Loyalty, Recommendation & Appreciation","Loyalty, Recommendation & Appreciation (0.86); Food & Beverage (0.85); Service Quality (0.75)"
Koesnadi Awa,2025,5,Pelayanan dan makanan nya bagus dan makanan nya enak semuanya terima kasih untuk mbak dwi,KOMPETITOR,Bintang 3,IbisStylesJakartaSimatupang,positive,0.9991475343704224,Facilities & Amenities,Facilities & Amenities (0.99); Service Quality (0.99); Guest Experience (0.99)
Fauzia Octaviani,2022,5,lokasi hotelnya strategis kamarnya bersih bagus dan menariknya ada hand sanitizer dan cairan disinfektan untuk barang2 juga di dalam kamar pelayanan staf2nya juga bagus dan ramah2 semua sangat suka tinggal di ibis gaya simatupang dan pengen kembali lagi akan saya rekomendasikan juga ke teman2 yang lain,KOMPETITOR,Bintang 3,IbisStylesJakartaSimatupang,positive,0.9994192123413086,Facilities & Amenities,"Facilities & Amenities (1.00); Cleanliness, Hygiene & Maintenance (0.99); Service Quality (0.97)"
DAVID JOHNIE,2021,4,hotelnya berkonsep modern minimalis gaya2 kekinian gt kamarnya memiliki desain yang bagus lebih kekinian gt pokoknya suasana baru berbeda dari hotel2 yang biasanya patut untuk dicoba deh lokasinya pun sangat strategis yaitu berada di disebelah mall citos yang terkenal dengan pusat ngumpulnya warga jakarta minusnya ujuran kamar tidak terlalu luas kebersihan masih perlu ditingkatkan khususnya lantai bawah tempat tidur masih perlu diperbaiki pelayan pada bagian sisa sisa kurang cekatan khususnya membenahi kembali meja yang telah dipergunakan oleh tamu seperti menyusun kembali mengirim garpu tidak dll segera dibenahi malah tamu berikutnya yang harus minta dikirim dll,KOMPETITOR,Bintang 3,IbisStylesJakartaSimatupang,positive,0.9949730634689331,"Cleanliness, Hygiene & Maintenance","Cleanliness, Hygiene & Maintenance (0.89); Facilities & Amenities (0.89); Service Quality (0.79)"
Na Azani,2025,5,hotel bagus dan bersih,KOMPETITOR,Bintang 3,IbisStylesJakartaSimatupang,positive,0.9991968274116516,"Cleanliness, Hygiene & Maintenance","Cleanliness, Hygiene & Maintenance (1.00); Service Quality (0.99); Room Quality & Comfort (0.98)"
new me,2025,5,nyaman banget rekomen,KOMPETITOR,Bintang 3,IbisStylesJakartaSimatupang,positive,0.998164713382721,"Loyalty, Recommendation & Appreciation","Loyalty, Recommendation & Appreciation (0.86); Facilities & Amenities (0.84); Room Quality & Comfort (0.81)"
Putra Ariyadi,2024,5,hotel ibis salah satu hotel terbaik buat kamu untuk tinggal baik urusan bisnis maupun liburan ruang yang baik sistem pembayaran yang mudah serta untuk tim hotel yang cepat tanggap membuat kuta nyaman disini terutama untuk front desk dengan nama ricki sangat dihargai dan terima kasih banyak,KOMPETITOR,Bintang 3,IbisStylesJakartaSimatupang,positive,0.9993507266044617,Service Efficiency & Responsiveness,Service Efficiency & Responsiveness (1.00); Staff Conduct & Hospitality (1.00); Facilities & Amenities (0.99)
Yayasan Ayashi,2025,4,lumayan bagus fasilitas oke pelayanan lumayan hanya kamar yang menghadap jln utama tidak ada,KOMPETITOR,Bintang 3,IbisStylesJakartaSimatupang,positive,0.9976065158843994,Facilities & Amenities,Facilities & Amenities (0.95); Service Quality (0.93); Guest Experience (0.88)
Wahyuni Putri,2024,5,kamar bersih dan wangi sarapan variatif apalagi saat akhir pekan ke citos bisa jalan kaki saja deket staf ramah dan membantu ada area bermain anak juga begitu bahagia,KOMPETITOR,Bintang 3,IbisStylesJakartaSimatupang,positive,0.9993578791618347,"Cleanliness, Hygiene & Maintenance","Cleanliness, Hygiene & Maintenance (1.00); Facilities & Amenities (1.00); Service Quality (0.99)"
andira putri,2025,5,seru pelayanan memuaskan tim nya ramab2 makanan banyak opsi lokasinya strategis juga,KOMPETITOR,Bintang 3,IbisStylesJakartaSimatupang,positive,0.9993531107902527,Service Quality,Service Quality (1.00); Guest Experience (0.99); Facilities & Amenities (0.99)
Nur,2020,4,jalan masuk ke hotel agak tersembunyi hotelnya bagus kamar lengkap ada teko pemanas air atributnya pengering rambut brankas menu sarapannya wah rame macamnya dan lezat2 favorit nasi goreng ada satu roti yang enak banget baru tau saat hari terakhir nginap disana pelayanannya ramah2 hanya saya terganggu saat malam hari kamar sebelah sibuk memindahkan perabotan,KOMPETITOR,Bintang 3,IbisStylesJakartaSimatupang,positive,0.9993355870246887,Facilities & Amenities,Facilities & Amenities (0.99); Service Quality (0.96); Food & Beverage (0.86)
Malvino,2021,4,hotel bagus nyaman bersih staf sangat membantu ramah2 kita menginap di lt 10 ngadep tol dan arah citos pemandangan bagus internetnya lancar jaya makanan sarapan enak enak karena kami bawa anak umur 1 tahun 2 bulan jdnya untuk pesan yang lain kyk mash kentang mreka bisa menyediakan ada tempat duduk bayi juga kekurangannya cuma parkir saja karena cuma ada 3 lapis per lapis cuma muat mobil tidak begitu banyak lokasi juga cukup strategis di jakarta selatan serta bersebelahan dengan citos jdnya bisa jalan kaki untuk nyari makan hangout ig malvinofajaro,KOMPETITOR,Bintang 3,IbisStylesJakartaSimatupang,positive,0.9992251396179199,Facilities & Amenities,"Facilities & Amenities (0.98); Location, Accessibility & Parking (0.95); Service Quality (0.95)"
alice sanie,2024,5,hotel yang bertema oase di tengah hiruk pikuk jakarta selatan dengan lobi yang tidak begitu besar tapi bikin adem mata fasilitas untuk di hotel ini ada taman bermain mini resto gym mushola dan sepeda untuk bersepeda di pagi hari kemaren aku tinggal di tipe kamar keluarga yang cocok banget untuk keluarga soalnya di dalam kamar ada kamar lagi untuk anak yang sudah di lengkapi dengan fasilitas tv pintar kamar baru juga lengkap banget mulai dari mulai dari mulai dari mulai dari mini bar kulkas brankas meja kerja kamar mandinya juga bersih dengan amenities yang lengkap untuk menu sarapan nya juga beragam dan banyak pilihan nya paling suka sarapan sini kopi baru,KOMPETITOR,Bintang 3,IbisStylesJakartaSimatupang,positive,0.9991301894187927,Facilities & Amenities,Facilities & Amenities (0.99); Family & Group Friendly (0.98); Service Efficiency & Responsiveness (0.77)
Rudy Sofiyen,2023,5,kamar kebersihan luar biasa jarang ada hotel menyediakan disinfektan dan hand sanitizer hotel yang menyediakan dispenser tiap lantai resto makanan enak stafnya menyambut terima kasih pelayanan fo mas fajar mas destra mba rara dan di restonya mba mivta melayani selalu cek makanan apakah habis apa tdak dan masa lalu dari hati salam saya rekomendasi buat perusahaan atau pribadi nginap disini saya bisa menghubungi pak rudi,KOMPETITOR,Bintang 3,IbisStylesJakartaSimatupang,positive,0.9992005228996277,"Cleanliness, Hygiene & Maintenance","Cleanliness, Hygiene & Maintenance (0.97); Service Quality (0.95); Facilities & Amenities (0.90)"
Dian Nabella,2025,5,Menurut saya hotel ibis wort itu untuk makanan nya sangat enak enak menuunya sangat bervariasi,KOMPETITOR,Bintang 3,IbisStylesJakartaSimatupang,positive,0.9989062547683716,Food & Beverage,Food & Beverage (0.98); Service Quality (0.96); Guest Experience (0.88)
Certified Jawa (Ok),2025,4,bersih nyaman strategis sarapannya enak,KOMPETITOR,Bintang 3,IbisStylesJakartaSimatupang,positive,0.999441921710968,Facilities & Amenities,"Facilities & Amenities (0.97); Cleanliness, Hygiene & Maintenance (0.97); Room Quality & Comfort (0.97)"
Heny Wahyuni,2024,5,suka banget sama interior kamarnya yang segar dan sangat nyaman ketika menginap di sini fasilitas mantap sangat bersih kamarnya indah serta ketika saya meminta di bersihin kamarnya pelayanan sangat ramah cepat dan bersih baru kali ini saya sangat suka degan interiornya,KOMPETITOR,Bintang 3,IbisStylesJakartaSimatupang,positive,0.9992944002151489,Facilities & Amenities,Facilities & Amenities (1.00); Service Efficiency & Responsiveness (0.99); Room Quality & Comfort (0.99)
Ayad Adha,2023,1,menginap disana bawa motor setelah checkout ke citos jalan kaki buat makan siang balik ambil motor kesorean emang keluar parkir dicegat satpam ditanya bapak dari mana bapak tamu hotel bukan dia dia dia kalau satpam nya tidak bisa tidurkan mana tamu hotel mana bukan dengn alasan sering terjadi ya kalau sering terjadi yah dikasih kartu kek atau kasih parkir gitu yang parkir nginep di hotel atau mosok malam tidak ada brif tiket pergantian shift kah jika ini motor menginap menandakan kalau ini tamu hotel apa mentang maaf mentang karna bisa motor jadi tidak dianggap tamu hotel dia atau kata atau kata yang diterima,KOMPETITOR,Bintang 3,IbisStylesJakartaSimatupang,negative,0.998067319393158,"Location, Accessibility & Parking","Location, Accessibility & Parking (0.95); Check in/out Experience (0.75); Booking & Reservation Experience (0.64)"
Bernadetta Anna,2024,5,desain minimalis tapi staf artistik frontliner smuanya generasi milenial rate goshow lebih tinggi drpd aplikasi menu sarapan lumayan lengkap room service lumayan cepat penutupan pesanan jam 22 kalau mau jajan tinggal jalan ke sebelah ada citos terima kasih mb sheny dan mas fo asal lampung yang baru lulus sekolah smoga bisa melanjutkan kuliah yaa meskipun disambi kerja,KOMPETITOR,Bintang 3,IbisStylesJakartaSimatupang,positive,0.9988499879837036,Service Efficiency & Responsiveness,Service Efficiency & Responsiveness (0.97); Service Quality (0.96); Facilities & Amenities (0.84)
Samuel Partogi,2022,1,mengecewakan pelayanannya 1 wifi mati sampai 2 kali dilaporkan baru ada upaya staf 2 permintaan kamar merokok dari jauh hari tapi yang didapat kamar tidak merokok alasan habis tutup saja hotelnya jika ngusahain kamar merokok saja tidak bisa 3 staf restoran tidak jelas padahal saat reservasi sarapan pagi dimeja counter ditawarkan staf depan untuk jika ada permintaan khusus dapat diminta begitu minta dibuatkan omelet telur standar tamu hotel kepada staf yang masak malah dicuekin dan jutek jadi bingung sendiri,KOMPETITOR,Bintang 3,IbisStylesJakartaSimatupang,negative,0.9993733763694763,Booking & Reservation Experience,Booking & Reservation Experience (0.98); Guest Experience (0.96); Digital Connectivity & Technology (0.89)
fani rahma,2025,5,nyaman buat tinggal,KOMPETITOR,Bintang 3,IbisStylesJakartaSimatupang,positive,0.9926409125328064,Room Quality & Comfort,Room Quality & Comfort (0.94); Facilities & Amenities (0.91); Guest Experience (0.84)
Boysandy Sirait,2025,5,nyaman dan strategis di kota tengah jaksel kamar nya bersih dan rapi pelayanannya ramah dan makanan enak,KOMPETITOR,Bintang 3,IbisStylesJakartaSimatupang,positive,0.9995506405830383,"Cleanliness, Hygiene & Maintenance","Cleanliness, Hygiene & Maintenance (1.00); Facilities & Amenities (0.99); Service Quality (0.99)"
Faroukhzad Foundation,2025,5,pelayanan sangat baik dibantu oleh mba mivtah dan mba noni hotel bersih dan nyaman akses ke mall kuga mudah dan dekat,KOMPETITOR,Bintang 3,IbisStylesJakartaSimatupang,positive,0.9994530081748962,Service Quality,Service Quality (1.00); Facilities & Amenities (0.99); Guest Experience (0.99)
Ario dwi prabowo,2021,4,bagus newcomers di daerah simatupang kamarnya bagus dengan asesoris yang beda karna biasayana emang ciri khas hotel itu interiornya menarik dan di ibis style simatupang ini menarik interiornya tv di ruang kamar yang gede banget menurut saya kamar mandinya bagus cukup lengkap amnetiesnya ruang kamar mandinya juga cukup luas untuk ukuran kelas atas yang saya tempati sarapannya cukup variatif menuunya banyak kalau saran sih untuk lauknya ditambah hehehe bubur kacang ijonya suka sama ini jaringan internet buat saya yang suka nge game main dota kalau lagi di kamar hotel jaringan yang kadang kayak auto reconnect saat sudah setengah,KOMPETITOR,Bintang 3,IbisStylesJakartaSimatupang,positive,0.9994514584541321,Facilities & Amenities,Facilities & Amenities (0.99); Ambience & Design (0.92); Food & Beverage (0.91)
Affan Maulana,2025,5,layanan yang sangat baik terimakasih juga buat mbak noni,KOMPETITOR,Bintang 3,IbisStylesJakartaSimatupang,positive,0.9889255166053772,Service Quality,Service Quality (0.99); Guest Experience (0.90); Service Efficiency & Responsiveness (0.88)
Maya Adnan,2025,5,pelayanan nya ramah kamar bersih dekat ke dengan pusat belanja,KOMPETITOR,Bintang 3,IbisStylesJakartaSimatupang,positive,0.9993845224380493,Service Quality,"Service Quality (1.00); Guest Experience (1.00); Cleanliness, Hygiene & Maintenance (0.99)"
Ade IP,2025,5,kamarnya bersih nyaman lokasi strategis cocok untuk resepsi pertemuan oke,KOMPETITOR,Bintang 3,IbisStylesJakartaSimatupang,positive,0.9993777275085449,Room Quality & Comfort,Room Quality & Comfort (1.00); Facilities & Amenities (0.99); Guest Experience (0.99)
Siti Munawaroh,2025,5,pelayanannya baik d bagus makanannya tidak bosenin variasi enak sesuai lidah terima kasih ibis stafnya dwi d noni ramah d melayani,KOMPETITOR,Bintang 3,IbisStylesJakartaSimatupang,positive,0.9993789196014404,Service Quality,Service Quality (0.99); Guest Experience (0.98); Staff Conduct & Hospitality (0.98)
Finny Fiona,2025,4,Sebelumnya saya ada kendala dalam pelayanan hotel akan tetapi hotel sigap menangani masalah tsb dan menfollow ke saya lebih baik terima kasih,KOMPETITOR,Bintang 3,IbisStylesJakartaSimatupang,positive,0.9869444966316223,Service Efficiency & Responsiveness,Service Efficiency & Responsiveness (0.92); Service Quality (0.91); Guest Experience (0.87)
Nadia Mukhlisa,2025,5,upgrade kamar ke kamar keluarga seperti biasa kamar bersih fasilitas oke hanya kurang bud katun kasur n linen semua oke,KOMPETITOR,Bintang 3,IbisStylesJakartaSimatupang,positive,0.9767345190048218,Facilities & Amenities,"Facilities & Amenities (0.99); Room Quality & Comfort (0.96); Cleanliness, Hygiene & Maintenance (0.94)"
Indira Nina,2025,4,lokasi strategis kelengkapan di kamar mandi cukup baik pengering rambut adalah menu sarapan mungkin bisa lebih bervariasi,KOMPETITOR,Bintang 3,IbisStylesJakartaSimatupang,positive,0.9959772229194641,Facilities & Amenities,"Facilities & Amenities (1.00); Service Quality (0.99); Cleanliness, Hygiene & Maintenance (0.97)"
Thomas P,2021,5,berada di jalan tb simatupang dekat cilandak kota alun dan rsup fatmawati kamar di lantai 11 besar nyaman semua fasilitas bekerja dengan baik pelayanan baik resepsionis responsif makanan minuman sangat dianjurkan gym cukup baik sayangnya terhubung dengan ruang pertemuan sehingga tidak bisa dipakai ketika ada pertemuan teruskan pekerjaan yang baik,KOMPETITOR,Bintang 3,IbisStylesJakartaSimatupang,positive,0.999276340007782,Facilities & Amenities,Facilities & Amenities (0.99); Service Efficiency & Responsiveness (0.95); Service Quality (0.86)
audi safira,2023,5,Posisinya menampingan sama cilandak town square tapi anehnya 1 kamar cuma buat satu orang pesanannya jadi sarapan cuma untuk 1 orang dengan kamar segitu kurang menarik saja sih buat saya karena syarat dan kondisi nya berbeda dari biasanya lokasinya memang sangat strategis,KOMPETITOR,Bintang 3,IbisStylesJakartaSimatupang,negative,0.6471443176269531,Facilities & Amenities,Facilities & Amenities (0.87); Booking & Reservation Experience (0.72); Pricing & Value for Money (0.69)
kalila nerisa,2025,5,bersih deket sama banyak mall,KOMPETITOR,Bintang 3,IbisStylesJakartaSimatupang,positive,0.9919317364692688,Service Quality,"Service Quality (0.97); Cleanliness, Hygiene & Maintenance (0.96); Facilities & Amenities (0.95)"
Reza Sebastian,2025,5,keren banget hotelnya manajemen ramah ramah banget sarapannya enak enak dan murah murah puas banget pokoknya,KOMPETITOR,Bintang 3,IbisStylesJakartaSimatupang,positive,0.9989050626754761,Service Quality,Service Quality (0.97); Staff Conduct & Hospitality (0.95); Pricing & Value for Money (0.94)
Refdi Pupah,2022,5,semuanya cukup baik jika boleh makanannya ada karedok gado gado cemilannya ditambah pilihannya karena 1 bulan tinggal kamarnya oke stafnya ramah mba adhe mas naufal dan mas najib tapi wifi nya suka terputus putus,KOMPETITOR,Bintang 3,IbisStylesJakartaSimatupang,positive,0.8329740762710571,Facilities & Amenities,Facilities & Amenities (0.99); Service Quality (0.99); Staff Conduct & Hospitality (0.99)
Pooja Deshika Zasdar,2023,5,Suka dengan desain kamarnya bersih juga mandi ada dua dapat kamar yang melihatya bagus mba adhe dan staf lainnya ramah semua staf salam baik menjaga itu,KOMPETITOR,Bintang 3,IbisStylesJakartaSimatupang,positive,0.9992138147354126,"Cleanliness, Hygiene & Maintenance","Cleanliness, Hygiene & Maintenance (1.00); Family & Group Friendly (1.00); Facilities & Amenities (1.00)"
Shanne Nichole Virginia,2025,5,hotelnya bagus servicenya juga bagus kasir di restoran hotelnya yang bernama elva juga memberikan servis yang terbaik kamarnya bagus,KOMPETITOR,Bintang 3,IbisStylesJakartaSimatupang,positive,0.9989936947822571,Service Quality,Service Quality (1.00); Facilities & Amenities (0.99); Staff Conduct & Hospitality (0.99)
Puji Pertiwi,2022,3,untuk fasilitas kamar oke cuma sayang jendelanya berdebu banget jadi view diluar tidak enak keliatannya bbrp tamu buka pintu kamar ngobrol jadi berisik belum ada ketegasan dari petugas tapi untuk pelayanan nya mba vantya oke tegas dan ramah,KOMPETITOR,Bintang 3,IbisStylesJakartaSimatupang,positive,0.9920153617858887,Facilities & Amenities,Facilities & Amenities (0.82); Guest Experience (0.64); Service Quality (0.62)
Deasy Mayasari,2025,5,Semua yang baik yang perlu diperhatikan dinding kamar mandi bagian bawah harus disikat karena ada noda kuning,KOMPETITOR,Bintang 3,IbisStylesJakartaSimatupang,negative,0.6729975938796997,"Cleanliness, Hygiene & Maintenance","Cleanliness, Hygiene & Maintenance (0.68); Facilities & Amenities (0.54); Sustainability & Environmental Quality (0.40)"
azis ryan,2025,5,Sangat nyaman walaupun harga agak mahal tapi terbayarkan sarapan cukup bervariasi dengan rasa yang baik kamar bersih dan nyaman,KOMPETITOR,Bintang 3,IbisStylesJakartaSimatupang,positive,0.9991293549537659,Facilities & Amenities,Facilities & Amenities (1.00); Pricing & Value for Money (1.00); Room Quality & Comfort (0.99)
Maryanti Novia,2025,5,bagus banget tempatnya rekomen banget buat kalian yang ingin tinggal liburan,KOMPETITOR,Bintang 3,IbisStylesJakartaSimatupang,positive,0.9974972605705261,Facilities & Amenities,Facilities & Amenities (0.90); Room Quality & Comfort (0.76); Family & Group Friendly (0.70)
Erwin Herianto,2023,5,Lokasinya strategis makanannya enak walaupun kurang bervariasi kamarnya sedikit sempit tapi nyaman bersih dan di dukung staf yang ramah pemandangan kamar yang langsung menghadap jalan tb simatupang paling juara,KOMPETITOR,Bintang 3,IbisStylesJakartaSimatupang,positive,0.9994202852249146,Facilities & Amenities,Facilities & Amenities (0.98); Staff Conduct & Hospitality (0.98); Service Quality (0.95)
Budi Raharjo,2025,5,hotel yang nyaman bersih dan dianjurkan untuk berbagai acara dan hotel yang menuunya uenak mantablah,KOMPETITOR,Bintang 3,IbisStylesJakartaSimatupang,positive,0.9994345307350159,Facilities & Amenities,"Facilities & Amenities (0.99); Service Quality (0.98); Cleanliness, Hygiene & Maintenance (0.98)"
Dina Juliani,2025,5,hotelnya nyaman kamar bersih menu sarapan nya bervariasi dan enak semuanya untuk mivtah,KOMPETITOR,Bintang 3,IbisStylesJakartaSimatupang,positive,0.9993374943733215,"Cleanliness, Hygiene & Maintenance","Cleanliness, Hygiene & Maintenance (0.99); Facilities & Amenities (0.99); Service Quality (0.97)"
M Irfan Prasetyo,2025,5,staf karyawan ramah baik dan sopan,KOMPETITOR,Bintang 3,IbisStylesJakartaSimatupang,positive,0.9980854988098145,Staff Conduct & Hospitality,"Staff Conduct & Hospitality (0.99); Service Quality (0.98); Cleanliness, Hygiene & Maintenance (0.98)"
aldha febrianti,2025,5,Pelayanannya baguss bgtt,KOMPETITOR,Bintang 3,IbisStylesJakartaSimatupang,positive,0.9991589784622192,Service Quality,Service Quality (1.00); Guest Experience (0.98); Facilities & Amenities (0.93)
Dina Mufliha,2023,3,untuk bentukan fisiknya enak ya standar ya tadinya pengen kasih bintang tiga saja karena pelayanan cek masuk lama kurang ramah dan kurang informatif tidak disuruh duduk dulu kek ato apa gt pls tidak sah mandang penampilan untuk ngelayanin tamunya dikasih tambahan bintang jadi empat karena ada gulingnya i lucuu tempat makanannya besar tapi untuk duduk rada ribet jam menunggu tamu lain selesai jus dan susu sptnya kurang higienis rawan jatoh kalau ditaro ditempat seperti itu juga stafnya juga cm dikit jadi kasian banyak yang dikerjain dan pesanan telor mata sapi saya jadi lama datengnya,KOMPETITOR,Bintang 3,IbisStylesJakartaSimatupang,negative,0.9256862998008728,Service Quality,Service Quality (0.87); Facilities & Amenities (0.85); Food & Beverage (0.84)
Jose Beno,2025,5,kamar mandi tidak ada sekat dengan area lemari dan kamar tidur sehingga klo mandi udara mengalir ke area tersebut,KOMPETITOR,Bintang 3,IbisStylesJakartaSimatupang,positive,0.939448356628418,Facilities & Amenities,"Facilities & Amenities (0.96); Cleanliness, Hygiene & Maintenance (0.84); Sustainability & Environmental Quality (0.79)"
Annisa Rizkyani Fatimah,2024,5,kamar hotelnya nyaman dengan view city light yang indah menu makanan bervariatif dan enak enak pelayanan yang baik,KOMPETITOR,Bintang 3,IbisStylesJakartaSimatupang,positive,0.999446451663971,Service Quality,Service Quality (1.00); Facilities & Amenities (0.99); Room Quality & Comfort (0.99)
rismayantie noviana suhindang,2025,4,makanannya cukup beragam dan enak,KOMPETITOR,Bintang 3,IbisStylesJakartaSimatupang,positive,0.9991098046302795,Food & Beverage,Food & Beverage (0.85); Family & Group Friendly (0.71); Cultural & Heritage Experience (0.71)
Muhammad Ridha,2025,4,makanannya bervariasi dan enak lounge restaurant nya cozy junita,KOMPETITOR,Bintang 3,IbisStylesJakartaSimatupang,positive,0.9993996620178223,Food & Beverage,Food & Beverage (0.92); Family & Group Friendly (0.86); Sustainability & Environmental Quality (0.75)
Pradipta Gora Kusuma,2023,5,lokasi sebelah talavera bangunan masuk dari geng setelah cilandak kota alun-alun parkiran ruang bawah tanah sempit petugas ramah membantu saat memeriksa masuk kebersihan sangat bersih ruangan di disinfektan setiap hari makanan standar baik rasa dan kualitas udara panas lancar ac sangat dingin secara keseluruhan 4 dari 5 sangat layak untuk tinggal di daerah jakarta selatan,KOMPETITOR,Bintang 3,IbisStylesJakartaSimatupang,positive,0.9994853734970093,Facilities & Amenities,"Facilities & Amenities (0.99); Cleanliness, Hygiene & Maintenance (0.99); Staff Conduct & Hospitality (0.99)"
Juffrina Alwi,2025,5,kamar selalu bersih fasilitas komplit makanan menuunya bervariasi,KOMPETITOR,Bintang 3,IbisStylesJakartaSimatupang,positive,0.9991768002510071,Facilities & Amenities,"Facilities & Amenities (0.99); Cleanliness, Hygiene & Maintenance (0.99); Service Quality (0.97)"
Mirza Herlambang,2023,4,Setelah kota ada jalan masuk kearah cipete belok dan lihat sebelah kiri ada hotel ini masuk lobi ambianceenya modern warna-warni dengan dominan hijau instagramable sebelah kiri pintu masuk ada restoran area sarapan dan sepertinya semacam bar staf menjelaskan dengan baik ada ruang pertemuan di lantai tertentu,KOMPETITOR,Bintang 3,IbisStylesJakartaSimatupang,positive,0.9987289309501648,Food & Beverage,Food & Beverage (0.97); Ambience & Design (0.95); Facilities & Amenities (0.88)
Roni Tua,2025,5,makanan siang oke layanan nya oke cepat terima kasih mba dian untuk layanan nya,KOMPETITOR,Bintang 3,IbisStylesJakartaSimatupang,positive,0.991685152053833,Service Quality,Service Quality (0.99); Guest Experience (0.96); Service Efficiency & Responsiveness (0.94)
halima tussadiyah,2023,5,hotel nya sangat nyaman bersih dan staf nya ramah semua kmrn menginap saat merayakan ulang tahun dan mendapatkan kue serta dekorasi terimakasih atas pelayanan yang luar biasa ketika memeriksa masuk dan memeriksa keluar mudah terimaksih buat untuk staf untuk mba rara juga terimaksih,KOMPETITOR,Bintang 3,IbisStylesJakartaSimatupang,positive,0.9989045858383179,Check in/out Experience,Check in/out Experience (0.99); Service Quality (0.99); Facilities & Amenities (0.99)
karimunkotak_,2025,5,Dua malam disini sejauh ini nyaman cuma karena pinggir jalan raya tol suara kendaraan ramenya jakarta dari luar terdengar sampai dalam kamar walaupun di lantai 12,KOMPETITOR,Bintang 3,IbisStylesJakartaSimatupang,positive,0.9528822898864746,Facilities & Amenities,Facilities & Amenities (0.68); Room Quality & Comfort (0.58); Guest Experience (0.48)
Aren Latte 25,2022,5,pertama kali masuk ibis suka banget sih sama konsep hotelnya bener bener gaya banget kemarin dapet kamar 708 bersih bangett kamarnya konsep kamar mandi nya juga keren banget view nyaa citos teruss lampu dikamarnyaa oke banget sabunnya wangi baru ad brangkas ada kulkas juga dikamar ada hand sanitizer dan disingfetan juga,KOMPETITOR,Bintang 3,IbisStylesJakartaSimatupang,positive,0.9995085000991821,Service Quality,"Service Quality (0.94); Facilities & Amenities (0.93); Cleanliness, Hygiene & Maintenance (0.86)"
muhammadizyanmustafid30,2025,5,sangat nyaman dan juga strategis serta pelayanan yang tidak diragukan lagi,KOMPETITOR,Bintang 3,IbisStylesJakartaSimatupang,positive,0.9992009997367859,Facilities & Amenities,Facilities & Amenities (0.99); Service Quality (0.98); Service Efficiency & Responsiveness (0.97)
dailylifeofmario,2022,1,Tidak dianjurkan untuk membuat tamu yang datang pertama kali ke hotel ini karena resepsionisnya sangat pelit info contohnya tidak di kasih tau bahwa kartu akses itu selain membuat pintu buka juga bisa membuat akses lift dan lampu kamar dan tidak diinfo juga driver layanan antar tidak bisa sampai ke kamar jadi pengunjung harus turun ke lobi serta jika sarapan a la carte juga tidak diinfookan sebelum menginap di sini,KOMPETITOR,Bintang 3,IbisStylesJakartaSimatupang,negative,0.969711184501648,Facilities & Amenities,"Facilities & Amenities (0.99); Location, Accessibility & Parking (0.99); Food & Beverage (0.91)"
Erwin Gultom,2025,5,pelayanan dari resepsionis pak panji terbaik kamar kamar merokok nya bersih dan tidak bau rokok,KOMPETITOR,Bintang 3,IbisStylesJakartaSimatupang,positive,0.9988872408866882,Service Quality,"Service Quality (1.00); Cleanliness, Hygiene & Maintenance (1.00); Guest Experience (1.00)"
Rendy Sapoetra Ismail,2023,5,Sebelahan banget ama mall cilandak alun-alun kota trus juga deket jalan gede protokol deket ma rumah sakit fatmawati ni hotel nyaman banget ada restoran nya dibawah makanan nya enak kamar nya nyaman lobi nya nyaman parkiriran juga tersedia banget pelayanan nya ramah,KOMPETITOR,Bintang 3,IbisStylesJakartaSimatupang,positive,0.999599277973175,Facilities & Amenities,"Facilities & Amenities (0.99); Location, Accessibility & Parking (0.98); Service Quality (0.96)"
Fandita Roni,2022,5,selama menginap tidak ada kendala kamarnya nyaman wifi bagus makanan hanya sedikit kurang variasi terima kasih resepsi najib dan adhe telah membantu checkout,KOMPETITOR,Bintang 3,IbisStylesJakartaSimatupang,positive,0.9985173344612122,Facilities & Amenities,Facilities & Amenities (0.99); Service Quality (0.99); Guest Experience (0.99)
Ishak SIP,2022,5,kamar bagus ruang pertemuan agak sempit makananya lumayan karyawan ramah mba adhe mas najib makanan di restoran lebih baik jika banyak pilihannya,KOMPETITOR,Bintang 3,IbisStylesJakartaSimatupang,positive,0.9989240765571594,Facilities & Amenities,Facilities & Amenities (0.99); Guest Experience (0.96); Staff Conduct & Hospitality (0.96)
Devri Nevill,2020,4,kalau tidur tidak terasa sempurna tanpa memeluk guling maka tempat ini adalah pilihannya ibis styles merupakan salah satu hotel yang menyediakan guling di kamar tidurnya kamarnya bersih dan rapi makanannya juga menggugah selera pelayanan yang diberikan juga ramah tapi secara keseluruhan yang paling berkesan adalah istri belanda alias guling yang disediakan hotel ini,KOMPETITOR,Bintang 3,IbisStylesJakartaSimatupang,positive,0.9988640546798706,Service Quality,"Service Quality (0.99); Cleanliness, Hygiene & Maintenance (0.99); Room Quality & Comfort (0.98)"
reynabil malik,2024,5,pertama kali menginap di hotel bener2 puas layanan cepat respon kamar bersih adem apalgi di tambah saat buka gorden permandangan citylig sangat baik staf ramah2 terimakasih,KOMPETITOR,Bintang 3,IbisStylesJakartaSimatupang,positive,0.9994205236434937,Service Efficiency & Responsiveness,"Service Efficiency & Responsiveness (1.00); Service Quality (0.99); Cleanliness, Hygiene & Maintenance (0.99)"
Nurenny Oktarina,2025,4,cek masuk nya agak lama kurang saat klo untuk liburan keluarga karna hiburan untuk anak kurang lebih cocok untuk bisnis sptnya terima kasih sih,KOMPETITOR,Bintang 3,IbisStylesJakartaSimatupang,positive,0.9831151366233826,Guest Experience,Guest Experience (0.93); Check in/out Experience (0.91); Pricing & Value for Money (0.65)
Alvini Ariani,2025,5,Selamat datang hangat dengan mba melati kamarnya oke banget semua ramah,KOMPETITOR,Bintang 3,IbisStylesJakartaSimatupang,positive,0.9990948438644409,Guest Experience,Guest Experience (1.00); Room Quality & Comfort (0.99); Staff Conduct & Hospitality (0.98)
Mutia Latifa,2023,4,belum pernah menginap cuma icip resto ketika buka puasa hanya saja makanan kurang variatif penutup kurang banyak untuk pelayanan sangat ramah sigap sangat membantu sekali,KOMPETITOR,Bintang 3,IbisStylesJakartaSimatupang,positive,0.9961393475532532,Service Quality,Service Quality (0.96); Service Efficiency & Responsiveness (0.94); Guest Experience (0.91)
Dian Hermana Putra,2022,5,pengalaman menginap yang menyenangkan di hotel ini serasa bukan menginap di hotel anggaran staf yang ramah dan respon yang cepat pada setiap kebutuhan tamu adhe dan naufal selalu mamas memastikan para tamu mendapatkan pelayanan yang maksimal,KOMPETITOR,Bintang 3,IbisStylesJakartaSimatupang,positive,0.9967413544654846,Service Efficiency & Responsiveness,Service Efficiency & Responsiveness (1.00); Staff Conduct & Hospitality (0.99); Guest Experience (0.98)
Denis Aryanto,2025,5,sangat nyaman menginap di sini terima kasih atas sambutan dan pelayanannya,KOMPETITOR,Bintang 3,IbisStylesJakartaSimatupang,positive,0.9966616630554199,Guest Experience,Guest Experience (0.99); Service Quality (0.98); Staff Conduct & Hospitality (0.98)
Novita Apriliah,2023,5,tempatnya aman dan nyaman pelayanannya bagus makanannya enak enak dan banyak variannya jadi tidak bosen terima kasih chef ujang udah membantu selama buka bersama sampai jumpa lain kali,KOMPETITOR,Bintang 3,IbisStylesJakartaSimatupang,positive,0.9995169639587402,Facilities & Amenities,Facilities & Amenities (1.00); Room Quality & Comfort (0.98); Service Quality (0.97)
Athar Pras,2023,3,nginep saat puasa kamar cukup luas dan nyaman menu sahur nya lumayan mantab tempat parkirnya agak sempit resepsionis nya agak ketus dan kurang senyum apa karena memakai topeng jadi senyumnya tak melihat dia dia lainnya oke,KOMPETITOR,Bintang 3,IbisStylesJakartaSimatupang,positive,0.9687439799308777,Facilities & Amenities,"Facilities & Amenities (0.91); Room Quality & Comfort (0.89); Location, Accessibility & Parking (0.84)"
Benny Bona Party,2025,5,tempatnya bersih nyaman lokasi strategis di daerah perkantoran,KOMPETITOR,Bintang 3,IbisStylesJakartaSimatupang,positive,0.9993966817855835,Room Quality & Comfort,Room Quality & Comfort (1.00); Facilities & Amenities (0.99); Service Quality (0.97)
Edison Malau,2025,5,kualitas layanan ramah profesional,KOMPETITOR,Bintang 3,IbisStylesJakartaSimatupang,positive,0.9987824559211731,Service Quality,Service Quality (1.00); Guest Experience (0.99); Service Efficiency & Responsiveness (0.97)
dwi yoga,2025,5,tetap dipertahankan pelayanannya,KOMPETITOR,Bintang 3,IbisStylesJakartaSimatupang,positive,0.9976966977119446,Service Quality,"Service Quality (0.91); Cleanliness, Hygiene & Maintenance (0.90); Guest Experience (0.87)"
qurratul ain nasution,2023,4,Tidak menginap cuma ada acara pertemuan bukber saja di sini makanannya rasanya lumayan lah ada yang enak ada yang saat melewati kamar mandi bersih hanya musholanya terbatas ruangannya,KOMPETITOR,Bintang 3,IbisStylesJakartaSimatupang,positive,0.9944979548454285,Guest Experience,Guest Experience (0.91); Booking & Reservation Experience (0.89); Service Quality (0.89)
Anas Kurnia,2025,5,tempatnya rame dan semisalnya ada yang mau beli kopi jago lagi mangkal untuk seterusnya,KOMPETITOR,Bintang 3,IbisStylesJakartaSimatupang,positive,0.897075891494751,Facilities & Amenities,"Facilities & Amenities (0.97); Food & Beverage (0.88); Location, Accessibility & Parking (0.87)"
Erika Juanita,2024,5,Hotel ini nyaman bersih dan tenang selain cuma tinggal jalan kaki menuju pusat perbelanjaan kota ternyata disediakan sepeda gratis untuk turis yang menginap cukup asyik juga tinggal di sini,KOMPETITOR,Bintang 3,IbisStylesJakartaSimatupang,positive,0.9991952776908875,Facilities & Amenities,"Facilities & Amenities (1.00); Cleanliness, Hygiene & Maintenance (1.00); Service Quality (0.99)"
denny saputra,2025,5,enak dan nyaman dengan lokasi strategis namun parkir mobil masih sangat terbatas,KOMPETITOR,Bintang 3,IbisStylesJakartaSimatupang,positive,0.9966402053833008,Facilities & Amenities,"Facilities & Amenities (0.98); Location, Accessibility & Parking (0.97); Room Quality & Comfort (0.87)"
Siti Muyasaroh,2025,5,tempat nya sangat bagus nyaman dan pelayanan nya oke banget,KOMPETITOR,Bintang 3,IbisStylesJakartaSimatupang,positive,0.9993701577186584,Facilities & Amenities,Facilities & Amenities (0.99); Room Quality & Comfort (0.99); Service Quality (0.99)
Dian Indriany,2024,4,Hotel yang bagus kamar tidak terlalu besar tapi luas lah enak sarapan jadi banyak pilihan terima kasih buat pemasarannya yang gercep mba novi,KOMPETITOR,Bintang 3,IbisStylesJakartaSimatupang,positive,0.9992237091064453,Facilities & Amenities,Facilities & Amenities (0.95); Guest Experience (0.91); Room Quality & Comfort (0.77)
indrawan adisulistyo,2025,5,kamar nyaman lokasi strategis pelayanan ramah dianjurkan,KOMPETITOR,Bintang 3,IbisStylesJakartaSimatupang,positive,0.9991887211799622,Room Quality & Comfort,Room Quality & Comfort (0.99); Guest Experience (0.98); Facilities & Amenities (0.96)
LEINDERT HERMEINADI,2022,5,pelayanannya bagus sabar dan mulai paham tentang disabilitas bukan difabel sb difabel itu adalah penghitungan kaum yang berbeda kemampuan pdhl kita tidak ada yang punya kemampuan sama sedang disabilitas itu sesuai dengan uu psl 8 th 2016 hanya sedikit saja mungkin karena pandemi jadi tidak ada karaoke nya secara umum oke makan kalau bisa sesekali masakan rumah saya sayur lodeh ada tahunya itu kalau allah benar enak tenan sesekali ada kolak cendol dawet pakai tape tapi dipisahkan yang tidak suka ya biar cendol saja kedepan tentunya ada 2 dari jumlah karyawan yang disabilitas ibis masukan saja mungkin di tgl 3 desember,KOMPETITOR,Bintang 3,IbisStylesJakartaSimatupang,positive,0.9733729362487793,Service Quality,Service Quality (0.99); Service Efficiency & Responsiveness (0.94); Guest Experience (0.91)
Basuki Rakhmad,2025,5,lokasi strategis mudah di jangkau masjid tidak terlalu jauh jika mau sholat atau jum atan cukup jalan kaki saja,KOMPETITOR,Bintang 3,IbisStylesJakartaSimatupang,positive,0.9987769722938538,Facilities & Amenities,Facilities & Amenities (0.92); Service Efficiency & Responsiveness (0.90); Religious & Halal Features (0.75)
Ananda Dwi,2021,5,tempatnya bagus bersih banget pelayanannya bagus juga bagus secara keseluruhan semua bagus lucu juga hotelnya temanya kaktus gitu dan warna hijau juga jadi adem gimana gitu cuma yang tidakayangkan di bagian restonya saja secara makanan bagus semua tapi tempatnya itu kok netes udara gitu dari atas masa lagi enak makan ketetesan udara dari atas mohon diperbaiki ya tidak ada kendala sekali sekali di fasilitasnya pagi pagi saat mau sarapan setiap anak anak cacat dan ditanya mau ngelukis donat atau engga bagus banget sih itu ramah juga kokinya yang membantuku anak anak,KOMPETITOR,Bintang 3,IbisStylesJakartaSimatupang,positive,0.9099787473678589,Service Quality,"Service Quality (0.85); Cleanliness, Hygiene & Maintenance (0.80); Service Efficiency & Responsiveness (0.78)"
Puji Larasati,2024,5,tempatnya nyaman untuk saya waktu bersih banget pelayanan yang diberikan saat datang dan checkout bersama mas yudi dan tim terimakasih atas pelayanan yang telah diberikan,KOMPETITOR,Bintang 3,IbisStylesJakartaSimatupang,positive,0.9985784292221069,Check in/out Experience,Check in/out Experience (0.99); Facilities & Amenities (0.98); Service Quality (0.97)
Tatia Ardilla,2021,5,suka banget menginap di sini di samping mall kota kamar nyaman suhu bisa diatur udara hangatnya tekanannya stabil jadi nyaman banget untuk mandi setelah lelah seharian selain bantal disediakan guling juga jadi nyaman untuk orang seperti saya yang suka menggunakan guling saya pinjam setrika 10 menit langsung diantar cepat respon banget sayangnya belum mencoba sarapannya karena harus berangkat jam 6 pagi terima kasih pengalaman menyenangkannya,KOMPETITOR,Bintang 3,IbisStylesJakartaSimatupang,positive,0.9993446469306946,Service Efficiency & Responsiveness,Service Efficiency & Responsiveness (0.99); Facilities & Amenities (0.99); Guest Experience (0.96)
Arya Satya,2025,5,bersih nyaman sarapan jg enak ada jus sehatnya,KOMPETITOR,Bintang 3,IbisStylesJakartaSimatupang,positive,0.9986881613731384,Facilities & Amenities,"Facilities & Amenities (0.99); Cleanliness, Hygiene & Maintenance (0.97); Food & Beverage (0.97)"
Fajar Mahendra,2024,5,hotel nya rekomendasi banget buat stay cation saya menginap 3 hari pelayanan staf nya ramah semua fasilitas kamar lengkap tempat tidur nya nyaman dengan view yang menghadap tol simatupang terdapat pusat kebugaran memakanan nya cocok di lidah dengan varian menu nusantara tq ibis gaya jakarta simatupang,KOMPETITOR,Bintang 3,IbisStylesJakartaSimatupang,positive,0.9995546936988831,Facilities & Amenities,Facilities & Amenities (0.99); Staff Conduct & Hospitality (0.99); Service Quality (0.98)
Amos PLS,2024,4,Salah satu daftar hotel di daerah jakarta selatan lokasinya ada di daerah cilandak lebih tepatnya di samping cilandak kota persegi pemesanan tipe deluxe 1 king bed dengan fasilitas kamar ada tv ac wifi mini kulkas aminities air mineral untuk fasilitas hotel ada ruang pertemuan restoran,KOMPETITOR,Bintang 3,IbisStylesJakartaSimatupang,positive,0.9883890151977539,Facilities & Amenities,Facilities & Amenities (0.99); Booking & Reservation Experience (0.81); Family & Group Friendly (0.67)
Astrie lubis,2023,4,tinggal untuk satu malam pelayanan cek masuk cepat cek masuk malam hari dilayani dengan baik ukuran kamar ngga terlalu besar ya dan yang terbaik dari terbaik sih makanan di resto yang enak dan terjangkau harga,KOMPETITOR,Bintang 3,IbisStylesJakartaSimatupang,positive,0.9988517761230469,Service Efficiency & Responsiveness,Service Efficiency & Responsiveness (1.00); Pricing & Value for Money (1.00); Guest Experience (0.99)
Warung Macca,2023,5,Rare kebersihan oke makanan juga enak serta tersedia pula alat sholat seperti sarung dan sajadah yang bisa dipinjam dan pelayananya cepat baik kalau ke jakarta lagi pasti jadi hotel pilihan pertama,KOMPETITOR,Bintang 3,IbisStylesJakartaSimatupang,positive,0.9990936517715454,Facilities & Amenities,"Facilities & Amenities (0.99); Cleanliness, Hygiene & Maintenance (0.99); Service Quality (0.99)"
Anggie MasK,2023,5,Tempat strategis untuk menginap tapi jika mw check out awal harus memperhatikan stafnya berkali2 tapi secara keseluruhan semuanya layak,KOMPETITOR,Bintang 3,IbisStylesJakartaSimatupang,positive,0.9916752576828003,Service Quality,Service Quality (0.91); Check in/out Experience (0.89); Guest Experience (0.78)
soleh channel,2025,5,tempat menginap dianjurkan,KOMPETITOR,Bintang 3,IbisStylesJakartaSimatupang,positive,0.9983543157577515,"Cleanliness, Hygiene & Maintenance","Cleanliness, Hygiene & Maintenance (0.80); Loyalty, Recommendation & Appreciation (0.78); Sustainability & Environmental Quality (0.72)"
candra munthe,2025,5,hotelnya bagus dan bersih pelayanannya juga oke petugasnya ramah2 keren mantapp ibis,KOMPETITOR,Bintang 3,IbisStylesJakartaSimatupang,positive,0.9993769526481628,"Cleanliness, Hygiene & Maintenance","Cleanliness, Hygiene & Maintenance (0.99); Staff Conduct & Hospitality (0.99); Facilities & Amenities (0.98)"
Hilda Gondaima,2022,5,pelayanannya baik ramah kamar bersih dan sarapan pagi nya enak2 dn u ambil makanan hrs pk sarung tangan yang sudah disiapkan pokoknya prokes nya baik mulai masuk hotel,KOMPETITOR,Bintang 3,IbisStylesJakartaSimatupang,positive,0.99906986951828,"Cleanliness, Hygiene & Maintenance","Cleanliness, Hygiene & Maintenance (1.00); Service Quality (0.99); Facilities & Amenities (0.99)"
Adji Budiono,2024,4,kalau ada kegiatan disini istirahat kopi nya udah kayak sarapan banyak makanan beratnya jadi kalau belum sempat sarapan saat berangkat masih bisa sarapan pakai istirahat kopi,KOMPETITOR,Bintang 3,IbisStylesJakartaSimatupang,positive,0.9927492141723633,Food & Beverage,Food & Beverage (0.90); Service Efficiency & Responsiveness (0.56); Sustainability & Environmental Quality (0.54)
Mursalin Arbian,2025,5,Lokasinya strategis karena berada di pusat bisnis dan memiliki fasilitas ruang pertemuan yang banyak dan luas,KOMPETITOR,Bintang 3,IbisStylesJakartaSimatupang,positive,0.9985803365707397,Facilities & Amenities,Facilities & Amenities (0.99); Service Efficiency & Responsiveness (0.85); Room Quality & Comfort (0.81)
Amini Mustajab,2025,5,kamar nyaman menu sarapan jg bervariasi terima kasih ibis simatupang,KOMPETITOR,Bintang 3,IbisStylesJakartaSimatupang,positive,0.9986221790313721,Food & Beverage,Food & Beverage (0.98); Facilities & Amenities (0.97); Room Quality & Comfort (0.96)
vennezia hari,2020,4,kamarnya bagus lucu minimalis dengan konsep pergi hijau dekorasi yang tidak terlalu memakan tempat karena kamarnya yang kecil tapi tidak tampak membosankan konsepnya seperti koboy2 gt kayak di gurun2 tapi di padu dengan warna hijau untuk kesan dinginnya sudah tidak melihat botol plastik di kamar atau pun di ruang pertemuan makan secara keseluruhan enak,KOMPETITOR,Bintang 3,IbisStylesJakartaSimatupang,positive,0.99893718957901,Ambience & Design,Ambience & Design (0.93); Room Quality & Comfort (0.87); Family & Group Friendly (0.85)
Eizer Watutman,2024,1,check masuk seharusnya jam 2 malam baru masuk kamar jam 3 15 malam reservasi online tapi kamar merokok saat check masuk tidak dikasih kamar buat kamar merokok ini bukan pertama kalinya,KOMPETITOR,Bintang 3,IbisStylesJakartaSimatupang,negative,0.9965213537216187,Booking & Reservation Experience,Booking & Reservation Experience (0.85); Guest Experience (0.71); Pricing & Value for Money (0.69)
Reginawayan Salon,2025,5,kamar bersih rapi sarapan enak2,KOMPETITOR,Bintang 3,IbisStylesJakartaSimatupang,positive,0.9991440773010254,"Cleanliness, Hygiene & Maintenance","Cleanliness, Hygiene & Maintenance (1.00); Facilities & Amenities (0.98); Service Quality (0.97)"
Riska widiasari,2023,5,pertama kali datang ke sini saat acara bukber sama temen temen menu makananya banyak samapi gk bisa d cipin semua yang paling suka sama layanan nya yang ramah tamah tempatnya aman dan nyaman bikin betah,KOMPETITOR,Bintang 3,IbisStylesJakartaSimatupang,positive,0.9993700385093689,Service Quality,Service Quality (0.99); Facilities & Amenities (0.99); Room Quality & Comfort (0.96)
Aprilia Christiani,2022,4,Saya ingin meninap 24 28 Oktober 2021 pelayanan sangat baik kasir dan semua karyawan ramah hotel sangat bersih hanya 1 yang kurang menu lauknya itu2 saja tidak diganti ganti,KOMPETITOR,Bintang 3,IbisStylesJakartaSimatupang,positive,0.9276472330093384,Service Quality,Service Quality (1.00); Guest Experience (0.99); Staff Conduct & Hospitality (0.99)
DVY Nana,2025,5,nyaman dan strategis tempatnya,KOMPETITOR,Bintang 3,IbisStylesJakartaSimatupang,positive,0.999322772026062,Room Quality & Comfort,Room Quality & Comfort (0.98); Facilities & Amenities (0.98); Sustainability & Environmental Quality (0.85)
Emil Lano,2023,4,lokasi baru bagus deket sama kota dan mudah kalau mao ke blok m pintu masuk harus melalui jalan kecil parkir baru kecil dan sedikit untuk kamar tidak terlalu luas tapi bersih sarapan baru enak pelayanan pun cukup memuaskan,KOMPETITOR,Bintang 3,IbisStylesJakartaSimatupang,positive,0.9992129802703857,Facilities & Amenities,"Facilities & Amenities (0.99); Service Quality (0.99); Location, Accessibility & Parking (0.98)"
Elva Saputri,2025,5,makanan nya enak layanan nya bagus menu nya bervariasi,KOMPETITOR,Bintang 3,IbisStylesJakartaSimatupang,positive,0.9988390803337097,Service Quality,Service Quality (0.99); Facilities & Amenities (0.97); Food & Beverage (0.90)
Putu Sudarsa,2025,5,tempatnya strategis,KOMPETITOR,Bintang 3,IbisStylesJakartaSimatupang,positive,0.9992945194244385,Facilities & Amenities,Facilities & Amenities (0.92); Sustainability & Environmental Quality (0.86); Safety & Security (0.84)
Sky Bird,2025,5,pelayanan sangat baik makanan enak pelayanan mba dian ramah,KOMPETITOR,Bintang 3,IbisStylesJakartaSimatupang,positive,0.9990897178649902,Service Quality,Service Quality (1.00); Guest Experience (0.99); Staff Conduct & Hospitality (0.97)
Panji Meizardy,2025,5,tempatnya strategis kemana mana mana,KOMPETITOR,Bintang 3,IbisStylesJakartaSimatupang,positive,0.9991142153739929,Facilities & Amenities,"Facilities & Amenities (0.91); Location, Accessibility & Parking (0.78); Sustainability & Environmental Quality (0.77)"
Lala,2025,5,Oke semua tidak ada masalah semoga lebih ramah lagi yaa semua petugas resto sarapan terimakasih dapet es krim gratis,KOMPETITOR,Bintang 3,IbisStylesJakartaSimatupang,positive,0.9785505533218384,Service Quality,Service Quality (0.93); Staff Conduct & Hospitality (0.91); Food & Beverage (0.89)
Eri Herawati,2025,5,acara nya nyaman sekali mas yudi fo super ramah,KOMPETITOR,Bintang 3,IbisStylesJakartaSimatupang,positive,0.9992451667785645,Guest Experience,Guest Experience (0.96); Staff Conduct & Hospitality (0.91); Service Quality (0.90)
Bagus Aji,2024,3,bukber kantor di sini makannya yang biasa ditemui sehari hari rasanya pun biasa tidak istimewa update ada yang terlupakan yang paling mengecewakan itu adalah tekwan kok bisa bisanya judulnya tekwan tapi pakai baso ikan itu sudah bukan tekwan namanya,KOMPETITOR,Bintang 3,IbisStylesJakartaSimatupang,negative,0.7923256158828735,Food & Beverage,Food & Beverage (0.56); Booking & Reservation Experience (0.50); Guest Experience (0.24)
Shofia Marta,2025,5,kamarnya enak dan makananya enak pelayanan dari kak elva sangat ramah juga,KOMPETITOR,Bintang 3,IbisStylesJakartaSimatupang,positive,0.9993056058883667,Guest Experience,Guest Experience (0.99); Facilities & Amenities (0.99); Room Quality & Comfort (0.99)
Arief Widya (Keong),2021,3,harga netnya 804rb per malam kalau bayar langsung danuk tidak diganti jika kita memperpanjang harus minta dulu sabun tidak otomatis diisi jadi ada kemungkinan lagi mandi sabun habis kaya yang saya alami makanannya biasa saja sangat tidak menguntungkan dibandingkan hotel yang di cipete sudah jauh lebih murah makanan lebih enak kloset di kamar mandi pakai semprotan dan itu bikin lantai basah,KOMPETITOR,Bintang 3,IbisStylesJakartaSimatupang,negative,0.9024696350097656,Pricing & Value for Money,Pricing & Value for Money (0.76); Facilities & Amenities (0.64); Booking & Reservation Experience (0.42)
Decy Susanti,2025,5,kamar lumayan layanan makanan enak2 dan banyak pilihannya lokasi strategis,KOMPETITOR,Bintang 3,IbisStylesJakartaSimatupang,positive,0.9993983507156372,Service Quality,Service Quality (0.99); Facilities & Amenities (0.99); Room Quality & Comfort (0.98)
Lya Afarani,2025,5,sering memesan ruang pertemuan buat sama pelanggan disinii penjualannya sama bu airinne membantu ramah cepat respon banget banget banget banget luvv banget sama bu airinne,KOMPETITOR,Bintang 3,IbisStylesJakartaSimatupang,positive,0.9990259408950806,Service Efficiency & Responsiveness,Service Efficiency & Responsiveness (0.98); Guest Experience (0.97); Service Quality (0.96)
ajron adhiema,2022,4,Protokol kesehatannya bagus sangat mudah untuk menemukan hand sanitizer bahkan di dalam kamar disediakan desinfektan dan hand sanitizer kamar sangat bersih dan tersedia port USB charger di dalam kamar,KOMPETITOR,Bintang 3,IbisStylesJakartaSimatupang,positive,0.9987683892250061,Facilities & Amenities,"Facilities & Amenities (0.99); Service Quality (0.99); Cleanliness, Hygiene & Maintenance (0.99)"
Muhammad Taufick,2022,5,selalu puas dengan pelayanan disini staf ramah lingkungan bersih dengan protokol kesehatan yang berjalan dengan sangat baik makanan enak bersih dan cocok di kantong tempat yang direkomendasikan untuk pertemuan atau menginap,KOMPETITOR,Bintang 3,IbisStylesJakartaSimatupang,positive,0.9992964267730713,Service Quality,"Service Quality (1.00); Staff Conduct & Hospitality (1.00); Cleanliness, Hygiene & Maintenance (1.00)"
Surya Pratama,2024,5,Lokasi yang bagus pemandangan kamarnya nyaman bersihh karyawan bisa lah di bandingin sama hotel bintang 4 5 dianjurkan,KOMPETITOR,Bintang 3,IbisStylesJakartaSimatupang,positive,0.9991067051887512,Service Quality,Service Quality (0.99); Room Quality & Comfort (0.98); Facilities & Amenities (0.98)
nur dwi privita,2025,5,Semuanya oke cuma kurang karena tidak ada kolam renang baru saja,KOMPETITOR,Bintang 3,IbisStylesJakartaSimatupang,negative,0.5997568368911743,Facilities & Amenities,"Facilities & Amenities (0.94); Cleanliness, Hygiene & Maintenance (0.74); Service Quality (0.73)"
Ghufran Musta'an,2022,5,Hotel sangat nyaman dan layak untuk uang lokasi sangat strategis dan pelayanan ramah dan sangat merekomendasikan terutama untuk perjalanan bisnis terjangkau ke akses transportasi umum seperti mrt dan juga perjalanan dan dekat dengan mall sehingga memudahkan jika terkait kebutuhan sehari-hari,KOMPETITOR,Bintang 3,IbisStylesJakartaSimatupang,positive,0.9994322657585144,Facilities & Amenities,Facilities & Amenities (0.99); Service Efficiency & Responsiveness (0.99); Pricing & Value for Money (0.99)
Annisa Salsabilla,2023,5,bagus banget pelayanannya lokasi nya juga strategis tinggal jalan doang nyampe kota tempat yang nyaman buat liburan resepsionis nya ramah banget dan super duper membantu terutama buat mas faisal dan mas destra yang siap melayani dengan baik sukses teruss,KOMPETITOR,Bintang 3,IbisStylesJakartaSimatupang,positive,0.9992522597312927,Family & Group Friendly,Family & Group Friendly (0.99); Service Quality (0.99); Guest Experience (0.98)
Miranti -,2022,5,Pelayanannya luar biasa sih kamarnya bersih dan nyaman benar benar mengurangi panik takut tertular covid karena disterilkan setiap hari protokol kesehatannya keren makanannya juga enak,KOMPETITOR,Bintang 3,IbisStylesJakartaSimatupang,positive,0.9988918900489807,Service Quality,Service Quality (1.00); Facilities & Amenities (1.00); Room Quality & Comfort (1.00)
Affif Mohamad,2025,5,pelayanan memuaskan istirahat nyaman sarapan enak kenyang,KOMPETITOR,Bintang 3,IbisStylesJakartaSimatupang,positive,0.9994403719902039,Service Quality,Service Quality (1.00); Guest Experience (0.99); Facilities & Amenities (0.98)
Surya Ekasari,2025,5,jamu kunyit asam nya enak banget,KOMPETITOR,Bintang 3,IbisStylesJakartaSimatupang,positive,0.9938259720802307,Sustainability & Environmental Quality,Sustainability & Environmental Quality (0.86); Cultural & Heritage Experience (0.86); Religious & Halal Features (0.77)
winda candra,2020,5,secara keseluruhan tempatnya nyaman bersih cuma sayang sekali toiletnya tidak bisa dikunci karena emng tidak ada kail penguncinya jadi klo nginep sama temen atau ada acara tertentu privasiya jadi agak kurang,KOMPETITOR,Bintang 3,IbisStylesJakartaSimatupang,positive,0.759976863861084,Facilities & Amenities,Facilities & Amenities (0.96); Room Quality & Comfort (0.91); Service Quality (0.89)
Levin Natalia,2021,4,Dari kamarnya bagus desainnya modern minimalis dari segi fasilitas masih kurang karena tidak ada kolam renang nya kalau fasilitas di dalam kamar sudah lengkap yang tidak disayangkan hanya 1 air minum yang disediakan dari pihak hotel kayanya kurang deh memang betul biasa nya disediakan 2 botol perhari tapi ini per 1 botol baru hanya 300ml jadi jika pihak hotel menyediakan 2 botol itu berarti hanya 600ml per hari biasa nya di hotel per hari 2 botol yang 600ml jadi total 1200ml jika untuk makanan baru sengaja pesennya yang tidak digunakan jam sarapan pada pagi soalnya biasanya lebih enak tidur dari pagi harus meninggalkan sarapan buat pagi lokasinya sangat dekat dengan kota cilandak,KOMPETITOR,Bintang 3,IbisStylesJakartaSimatupang,positive,0.6283199787139893,Food & Beverage,Food & Beverage (0.59); Pricing & Value for Money (0.44); Facilities & Amenities (0.42)
Sari Tania,2024,5,hotelnya bagus semua pelayanan nya bagus resesi dik yudi dan cip keamanan bpk hendro dan rekan sangat ramah sekali,KOMPETITOR,Bintang 3,IbisStylesJakartaSimatupang,positive,0.999300479888916,Service Quality,Service Quality (0.99); Staff Conduct & Hospitality (0.99); Facilities & Amenities (0.99)
Unggul Wahyu,2025,5,sarapan enak dan variatif,KOMPETITOR,Bintang 3,IbisStylesJakartaSimatupang,positive,0.9990537762641907,Food & Beverage,"Food & Beverage (0.97); Family & Group Friendly (0.82); Loyalty, Recommendation & Appreciation (0.69)"
Yan Ota,2024,5,ibis simatupang sangat cocok untuk saya yang sering melakukan perjalanan bisnis karena lokasi dekat dengan kantor staf nya sangat ramah terutama mas yang berseragam pink hotel bagus dan layanan yang baik,KOMPETITOR,Bintang 3,IbisStylesJakartaSimatupang,positive,0.9993011951446533,Service Quality,Service Quality (1.00); Staff Conduct & Hospitality (0.97); Service Efficiency & Responsiveness (0.97)
Aris Pujud Kurniawan,2025,5,Tempat strategis dan selalu ramai yang merekomendasikan untuk tinggal perjalanan bisnis,KOMPETITOR,Bintang 3,IbisStylesJakartaSimatupang,positive,0.9976972937583923,"Loyalty, Recommendation & Appreciation","Loyalty, Recommendation & Appreciation (0.88); Facilities & Amenities (0.87); Location, Accessibility & Parking (0.69)"
deta wijaya marzuki,2025,5,petugas nya ramah dan energik,KOMPETITOR,Bintang 3,IbisStylesJakartaSimatupang,positive,0.9985491633415222,Staff Conduct & Hospitality,Staff Conduct & Hospitality (0.96); Service Quality (0.90); Service Efficiency & Responsiveness (0.89)
Ibey Ridwan,2025,5,Pelayan bagus sangat memuskan,KOMPETITOR,Bintang 3,IbisStylesJakartaSimatupang,positive,0.9981746673583984,Service Quality,Service Quality (1.00); Guest Experience (0.99); Staff Conduct & Hospitality (0.95)
Zuhri 95,2025,5,tiba disini bertemu hotelnya nyaman makanannya enak top,KOMPETITOR,Bintang 3,IbisStylesJakartaSimatupang,positive,0.9992938041687012,Service Quality,Service Quality (0.98); Facilities & Amenities (0.97); Room Quality & Comfort (0.93)
Agus Selbest,2024,5,Untuk mbak noni pelayanan sangat bagus rapih dan santun terbaik pokonya di atas semua pelayanan oke makanan juga enak2 dianjurkan lah,KOMPETITOR,Bintang 3,IbisStylesJakartaSimatupang,positive,0.9995421171188354,Service Quality,"Service Quality (1.00); Cleanliness, Hygiene & Maintenance (1.00); Service Efficiency & Responsiveness (0.99)"
Meylani Dwi,2025,5,hotel nya bersih dan nyaman untuk ditempati sangat dianjurkan untuk yang mencari hotel bintang 5,KOMPETITOR,Bintang 3,IbisStylesJakartaSimatupang,positive,0.9985639452934265,Service Quality,"Service Quality (0.99); Cleanliness, Hygiene & Maintenance (0.99); Room Quality & Comfort (0.98)"
Asep Nicky,2022,5,makanan bagus mba adhe dan mas shandy pelayanan nyaman kamar bagus selama tinggal 1 bulan tidak ada masalah jika bisa ada jalur khusus untuk cacat,KOMPETITOR,Bintang 3,IbisStylesJakartaSimatupang,positive,0.9989357590675354,Facilities & Amenities,Facilities & Amenities (0.99); Room Quality & Comfort (0.99); Guest Experience (0.99)
Shella Adzany,2024,5,Terima kasih atas pelayanan membantu sekali checkin dadakan dan tetap mencari di kamarnya sehat selalu mas resepsionis yang kemarin,KOMPETITOR,Bintang 3,IbisStylesJakartaSimatupang,positive,0.9942881464958191,Service Quality,Service Quality (1.00); Guest Experience (0.99); Booking & Reservation Experience (0.99)
Ivani,2025,5,kamar oke bersih wangi sejauh ini begitu baik sudah dua kali inep selama kunjungan ke rs fatmawati,KOMPETITOR,Bintang 3,IbisStylesJakartaSimatupang,positive,0.9922991394996643,Room Quality & Comfort,"Room Quality & Comfort (0.98); Cleanliness, Hygiene & Maintenance (0.98); Service Quality (0.98)"
Fajar Rizki Dharmawan,2025,5,indah pelayanan ramah makananya enak tema nusantara,KOMPETITOR,Bintang 3,IbisStylesJakartaSimatupang,positive,0.9992884397506714,Service Quality,Service Quality (0.99); Guest Experience (0.98); Cultural & Heritage Experience (0.96)
Dhany Hamiddan Khoir,2025,5,dekat dengan cilandak kota alun kamarnya pun juga bersih dan pelayanan yang ramah tempat permainan anaknya juga oke,KOMPETITOR,Bintang 3,IbisStylesJakartaSimatupang,positive,0.9992209672927856,"Cleanliness, Hygiene & Maintenance","Cleanliness, Hygiene & Maintenance (1.00); Facilities & Amenities (1.00); Room Quality & Comfort (1.00)"
Zidane Ramadhan,2025,5,pelayanannya bagus baik kamarnya juga oke makannya enak enak,KOMPETITOR,Bintang 3,IbisStylesJakartaSimatupang,positive,0.9990103244781494,Facilities & Amenities,Facilities & Amenities (1.00); Service Quality (1.00); Room Quality & Comfort (0.99)
Hendry Nurdin,2023,5,Rara dan Vanya resepsionis sangat baik dalam melayani tamu hotel mudah di akses dekat dengan tol dan ke bandara cukup 45 menit kebersihan dan keamanan baik walau hanya semalam tidak ada keluhan direkomendasikan,KOMPETITOR,Bintang 3,IbisStylesJakartaSimatupang,positive,0.9990304708480835,"Cleanliness, Hygiene & Maintenance","Cleanliness, Hygiene & Maintenance (1.00); Facilities & Amenities (1.00); Safety & Security (1.00)"
Firman Syah,2025,1,Di jadikan tempat pemerasaan,KOMPETITOR,Bintang 3,IbisStylesJakartaSimatupang,negative,0.6906254291534424,Check in/out Experience,Check in/out Experience (0.99); Guest Experience (0.97); Facilities & Amenities (0.89)
Doni Fatah,2025,5,hotel bintang 3 yang bagus desain kamarnya modern dan gaya cocok untuk jiwa muda yang perlu suasana kamar yang gaya,KOMPETITOR,Bintang 3,IbisStylesJakartaSimatupang,positive,0.9990450739860535,Ambience & Design,Ambience & Design (0.99); Room Quality & Comfort (0.98); Facilities & Amenities (0.96)
Endang Mulyana,2024,5,Selama menginap di hotel oke banget pelayanan mantap terutama teh aku pasti kesini lagi karena dekat dengan perusahaan,KOMPETITOR,Bintang 3,IbisStylesJakartaSimatupang,positive,0.999487042427063,Service Quality,Service Quality (1.00); Food & Beverage (0.99); Guest Experience (0.98)
Teguh Adi,2023,5,kamar dan kebersihan oke cuma sistem kartu aksesnya nyusahin dkmar harus pakai kartu di lift harus pakai kartu lartunya satu jdi kalau nginep brdua mau kluar sendiri susah,KOMPETITOR,Bintang 3,IbisStylesJakartaSimatupang,positive,0.5556315183639526,Facilities & Amenities,"Facilities & Amenities (0.99); Cleanliness, Hygiene & Maintenance (0.99); Room Quality & Comfort (0.96)"
Lilik Nugroho,2025,5,Salah satu hotel dengan modern minimalis lobby yqng minimalis satu area dengan resto cafe hotel yang menyediakan guling karena jarang ada hotel yang menyediakan guling,KOMPETITOR,Bintang 3,IbisStylesJakartaSimatupang,positive,0.9964816570281982,Food & Beverage,Food & Beverage (0.64); Facilities & Amenities (0.62); Service Quality (0.48)
Edhitya Pramita,2022,5,hotelnya oke nyaman makanan mungkin bisa lebih bervariasi tapi untuk yang lain okee rara dan vantya ramah orangnya baik layanan baik,KOMPETITOR,Bintang 3,IbisStylesJakartaSimatupang,positive,0.9963454604148865,Service Quality,Service Quality (0.99); Facilities & Amenities (0.99); Staff Conduct & Hospitality (0.91)
adit nurrochma,2024,1,Pelayanan kamar layanan nya sangat jelek telepon belum selesai ditutup dengan tidak sopan dan tidak ada salam sapa nya sabun di kamar hanis air tidk dik dik dan di ganti,KOMPETITOR,Bintang 3,IbisStylesJakartaSimatupang,negative,0.9991500377655029,Facilities & Amenities,Facilities & Amenities (0.95); Guest Experience (0.92); Service Quality (0.89)
Elvina Zora,2025,5,pemandangan cantik dari lantai 12,KOMPETITOR,Bintang 3,IbisStylesJakartaSimatupang,positive,0.9954321384429932,"Cleanliness, Hygiene & Maintenance","Cleanliness, Hygiene & Maintenance (0.89); Facilities & Amenities (0.88); Ambience & Design (0.81)"
Adinda Meisya,2025,5,nyaman layanan yang baik cocok untuk liburan bersama teman dan keluarga,KOMPETITOR,Bintang 3,IbisStylesJakartaSimatupang,positive,0.9972324967384338,Family & Group Friendly,Family & Group Friendly (1.00); Service Quality (1.00); Facilities & Amenities (0.99)
Elly Nurhayati,2022,5,hotel stylish strategis dekat dengan jalan tol kamar nya yang sangat nyaman bersih dan wangi tentu saja layanan yang sangat berkesan dan ini akan menjadi pengalaman terbaik tinggal di hotel terima kasih untuk semua terutama staf housekeeping dan mas ari sudah membantu saya,KOMPETITOR,Bintang 3,IbisStylesJakartaSimatupang,positive,0.9994333386421204,"Cleanliness, Hygiene & Maintenance","Cleanliness, Hygiene & Maintenance (1.00); Service Quality (1.00); Guest Experience (1.00)"
Nasywa Aurdelia fisabillah,2024,5,untuk pelayanan reservasiinya sangat bagus dan pelayanan servisnya juga bagus saya suka untuk makanan di resto juga enak dan untuk kamarnya juga sangat unik dan menarik,KOMPETITOR,Bintang 3,IbisStylesJakartaSimatupang,positive,0.999482274055481,Service Quality,Service Quality (1.00); Booking & Reservation Experience (1.00); Facilities & Amenities (1.00)
Siti Nurfalah,2024,5,Sangat mengesankan menginap di hotel ibis simatupang hotel nya bersih staf nya ramah dekat dengan mall cilandak jadi mudah untuk mencari tempat hiburan jika bosan kamar saya sangat senang menginap di sana,KOMPETITOR,Bintang 3,IbisStylesJakartaSimatupang,positive,0.9995494484901428,Facilities & Amenities,"Facilities & Amenities (1.00); Cleanliness, Hygiene & Maintenance (1.00); Service Quality (1.00)"
Akhmad Hakim,2022,5,Selama menginap kamarnya nyaman dan bersih pelayanan stafnya bagus mas naufal dan mba adhe untuk sarapannya lumayan enak,KOMPETITOR,Bintang 3,IbisStylesJakartaSimatupang,positive,0.9994747042655945,Facilities & Amenities,"Facilities & Amenities (1.00); Cleanliness, Hygiene & Maintenance (1.00); Room Quality & Comfort (0.99)"
Arsyaka Fabrian,2024,5,pengalaman saya menginap sangat menyenangkan karena resepsionis nya sangat baik dan membantu saya untuk menitipkan asi di freezer terimakasih mas yang jaga malam pada saat itu saya lupa namanya,KOMPETITOR,Bintang 3,IbisStylesJakartaSimatupang,positive,0.9969381093978882,Service Quality,Service Quality (0.99); Service Efficiency & Responsiveness (0.99); Guest Experience (0.98)
Film Nista,2024,5,pelayanan dan tempat bagus fasilitas lengkap makanan enak pegawai ramah ramah sukses trus terimakasihh lihat u berikutnya lagi,KOMPETITOR,Bintang 3,IbisStylesJakartaSimatupang,positive,0.9994303584098816,Facilities & Amenities,Facilities & Amenities (0.99); Guest Experience (0.97); Staff Conduct & Hospitality (0.96)
Hery Mulyadi,2022,2,liftnya tidak jalan parkirannya keluarnya susah karena sempit tidak masuk akal juga kalau gara gara Covid di matiin liftnya khan tinggal di stop di lobi saja liftnya hari minggu saya bawa mertua saya umur 72 tahun untuk kondangan dan kami harus naik tangga 2 lantai masih untungnya beliau tidak harus masuk rumah sakit gara gara itu,KOMPETITOR,Bintang 3,IbisStylesJakartaSimatupang,negative,0.7051026821136475,"Location, Accessibility & Parking","Location, Accessibility & Parking (0.96); Facilities & Amenities (0.74); Religious & Halal Features (0.73)"
Nabila Azka,2023,4,bagus bersih pelayanannya juga tidak mengecewakan tapi kamar yang saya tempatkan di exhaust fan kamar mandinya mati jadi lama keringnya di kamar mandi makanannya juga enak terima kasih ya,KOMPETITOR,Bintang 3,IbisStylesJakartaSimatupang,positive,0.9977436065673828,"Cleanliness, Hygiene & Maintenance","Cleanliness, Hygiene & Maintenance (0.99); Guest Experience (0.98); Service Quality (0.98)"
dyan andriaty,2023,5,tempat parkir kecil buat pertemuan tidak cocok karena parkir tidak ada jam di kota dan makan di restoran bersama tamu yang lain jadi banyak tamu tidak bisa makan karena kehabisan,KOMPETITOR,Bintang 3,IbisStylesJakartaSimatupang,negative,0.7468000054359436,"Location, Accessibility & Parking","Location, Accessibility & Parking (0.97); Facilities & Amenities (0.90); Food & Beverage (0.81)"
Kuat Kuat,2023,5,menginap diibis adalah pengalaman yang luar biasa makanannya bagus karyawan ramah dari keamanan dan resepsionis mba adhe mas naufal semuanya baik dan ramah untuk makanan klo bisa selalu ada buah,KOMPETITOR,Bintang 3,IbisStylesJakartaSimatupang,positive,0.9992201328277588,Staff Conduct & Hospitality,Staff Conduct & Hospitality (1.00); Guest Experience (1.00); Facilities & Amenities (0.99)
Henri Pandu,2025,5,Selalu senang menginap di sini karena nyaman dan bersih,KOMPETITOR,Bintang 3,IbisStylesJakartaSimatupang,positive,0.9991933703422546,"Cleanliness, Hygiene & Maintenance","Cleanliness, Hygiene & Maintenance (1.00); Service Quality (0.99); Facilities & Amenities (0.99)"
Epril Hardani,2025,5,karyawan nya ramah2,KOMPETITOR,Bintang 3,IbisStylesJakartaSimatupang,positive,0.9966637492179871,Staff Conduct & Hospitality,Staff Conduct & Hospitality (0.97); Service Quality (0.96); Service Efficiency & Responsiveness (0.91)
Sara Yahya,2025,5,hotel yang terjangkau dengan interior kamar yang minimalis membuat aku dan keluarga betah selama menginap disini tersedia anak-anak kornet juga sehingga membuat anak2 betah untuk menginap disini,KOMPETITOR,Bintang 3,IbisStylesJakartaSimatupang,positive,0.9993324875831604,Facilities & Amenities,Facilities & Amenities (0.99); Family & Group Friendly (0.95); Service Quality (0.93)
Cindy Octarina,2022,4,fasilitas sudah cukup ramah untuk penyandang cacat untuk masukan tolong makanannya lebih bervariasi karena tinggal sebulan disini cukup membosankan menuunya itu saja disarankan staf pada apri,KOMPETITOR,Bintang 3,IbisStylesJakartaSimatupang,positive,0.7790282964706421,Facilities & Amenities,Facilities & Amenities (0.89); Guest Experience (0.76); Service Efficiency & Responsiveness (0.65)
Labib Hayatul Maqibun,2025,5,pengalaman berarti dan hebat,KOMPETITOR,Bintang 3,IbisStylesJakartaSimatupang,positive,0.9982059001922607,"Loyalty, Recommendation & Appreciation","Loyalty, Recommendation & Appreciation (0.82); Cultural & Heritage Experience (0.79); Sustainability & Environmental Quality (0.71)"
selfi febrilia,2023,5,layanan umum nya oke mba yasmine layanan resepsi oke banget selalu cepat tindak lanjut permintaan saya dan tolong ditingkatkan lagi detail pembersihan kamarnya,KOMPETITOR,Bintang 3,IbisStylesJakartaSimatupang,positive,0.9960875511169434,Service Efficiency & Responsiveness,Service Efficiency & Responsiveness (1.00); Service Quality (1.00); Guest Experience (1.00)
Ayu Usman,2025,5,nyaman dan menyenangkan,KOMPETITOR,Bintang 3,IbisStylesJakartaSimatupang,positive,0.9984000325202942,Facilities & Amenities,Facilities & Amenities (0.96); Room Quality & Comfort (0.87); Family & Group Friendly (0.86)
Fadli Putra,2025,5,pelayanan mba juliana sangat ramah,KOMPETITOR,Bintang 3,IbisStylesJakartaSimatupang,positive,0.9993135929107666,Guest Experience,Guest Experience (0.99); Staff Conduct & Hospitality (0.98); Service Quality (0.98)
sena pradana,2025,5,lokasi strategis dekat dengan fasilitas perkantoran sekaligus mall di kota bersih dan nyaman,KOMPETITOR,Bintang 3,IbisStylesJakartaSimatupang,positive,0.9994706511497498,"Cleanliness, Hygiene & Maintenance","Cleanliness, Hygiene & Maintenance (0.97); Facilities & Amenities (0.97); Service Quality (0.96)"
Riva Kurniadi,2025,5,untuk pelayanan layanan dan rasa makanannya mantaps,KOMPETITOR,Bintang 3,IbisStylesJakartaSimatupang,positive,0.9992953538894653,Service Quality,Service Quality (0.99); Facilities & Amenities (0.98); Service Efficiency & Responsiveness (0.96)
Desty Ramdhayanti,2023,5,selama menginap di ibis pelayanan sangat baik makanan enak stafnya ramah terutama ka adhe resepsionis terima kasih ibis top deh,KOMPETITOR,Bintang 3,IbisStylesJakartaSimatupang,positive,0.9992401599884033,Service Quality,Service Quality (1.00); Staff Conduct & Hospitality (0.98); Guest Experience (0.97)
Yuli Maulita,2025,5,lokasi strategis dekat dengan tol,KOMPETITOR,Bintang 3,IbisStylesJakartaSimatupang,positive,0.99930739402771,Facilities & Amenities,Facilities & Amenities (0.94); Sustainability & Environmental Quality (0.82); Pricing & Value for Money (0.80)
shafa aurelia,2025,5,kamar bersih dan nyaman cukup luas makanan enak,KOMPETITOR,Bintang 3,IbisStylesJakartaSimatupang,positive,0.9994446635246277,Room Quality & Comfort,"Room Quality & Comfort (0.99); Facilities & Amenities (0.99); Cleanliness, Hygiene & Maintenance (0.98)"
Ihwan Anwari,2023,5,kamarnya nyaman sarapannya enak pelayanan karyawan cukup memuaskan terutama mba adhe,KOMPETITOR,Bintang 3,IbisStylesJakartaSimatupang,positive,0.9994004964828491,Room Quality & Comfort,Room Quality & Comfort (0.99); Facilities & Amenities (0.99); Guest Experience (0.98)
Bobby Fitrio,2025,5,Nice nginep di ibis rekom bersih sarapan oke juga,KOMPETITOR,Bintang 3,IbisStylesJakartaSimatupang,positive,0.9988321661949158,"Cleanliness, Hygiene & Maintenance","Cleanliness, Hygiene & Maintenance (0.99); Service Quality (0.98); Food & Beverage (0.98)"
Abanda jabulani,2022,5,hotel nyaman dengan pelayanan prima yang tulus dari hati fasilitas lengkap berlokasi di tengah kota dengan harga yang terjangkau pelayanan ramah disabilitas kamar nya bersih wifi kencang,KOMPETITOR,Bintang 3,IbisStylesJakartaSimatupang,positive,0.999439537525177,Service Quality,Service Quality (1.00); Facilities & Amenities (0.99); Pricing & Value for Money (0.99)
Dona Harahap,2024,5,hotel ibis style jakarta simatupang sangat strategis cocok untuk pertemuan dan juga menginap makanan bervariasi kamar bersih fasilitas lengkap wifi mudah di akses dan juga sangat cepat,KOMPETITOR,Bintang 3,IbisStylesJakartaSimatupang,positive,0.9994383454322815,Facilities & Amenities,Facilities & Amenities (0.99); Food & Beverage (0.97); Service Quality (0.96)
ndaru dwiyatmoko,2022,4,Pelayanan hotel bagus fasilitas bagus pelayanan garis depan atasnama mba rara ramah hanya kamar kurang kedap adanya menghubungkan pintu membuat kamar tidak kedap,KOMPETITOR,Bintang 3,IbisStylesJakartaSimatupang,positive,0.9921030402183533,Service Quality,Service Quality (0.99); Facilities & Amenities (0.99); Guest Experience (0.96)
Salsa,2025,5,kamar bersih dan terawat,KOMPETITOR,Bintang 3,IbisStylesJakartaSimatupang,positive,0.9989449381828308,"Cleanliness, Hygiene & Maintenance","Cleanliness, Hygiene & Maintenance (1.00); Room Quality & Comfort (0.99); Service Quality (0.98)"
Efendi Simamora,2025,5,lokasi strategis untuk melakukang pertemuan rasa makanan bagus dan menu varuatif,KOMPETITOR,Bintang 3,IbisStylesJakartaSimatupang,positive,0.9993042945861816,Facilities & Amenities,Facilities & Amenities (0.98); Check in/out Experience (0.97); Food & Beverage (0.97)
Deta Wijaya Marzuki,2023,5,Hotel nya bersih pelayanan ramah harga laundry nya mahal pemandangan dari jendela nya bagus di atas gedung ada kafe dan kolam renang,KOMPETITOR,Bintang 3,IbisStylesJakartaSimatupang,positive,0.9993304014205933,Facilities & Amenities,"Facilities & Amenities (0.99); Service Quality (0.99); Cleanliness, Hygiene & Maintenance (0.99)"
Arista Ginting,2022,5,pelayanannya mantap kamarnya bagus makanan yang diantarnya sedap mas naufal membantu pada saat cek keluar terimakasih,KOMPETITOR,Bintang 3,IbisStylesJakartaSimatupang,positive,0.9987938404083252,Service Quality,Service Quality (0.99); Guest Experience (0.99); Facilities & Amenities (0.99)
Davish dmk,2025,5,ruangan rapi dan bersih,KOMPETITOR,Bintang 3,IbisStylesJakartaSimatupang,positive,0.9990838766098022,"Cleanliness, Hygiene & Maintenance","Cleanliness, Hygiene & Maintenance (0.99); Room Quality & Comfort (0.96); Facilities & Amenities (0.89)"
Hafidh Prasetianto,2025,5,hotel nya nyaman dan bersihh menu sarapannya pun beragam dan enak enak sangat merekomendasikan,KOMPETITOR,Bintang 3,IbisStylesJakartaSimatupang,positive,0.9991351962089539,Facilities & Amenities,"Facilities & Amenities (0.99); Cleanliness, Hygiene & Maintenance (0.99); Service Quality (0.96)"
hanif afriza,2025,5,sarapannya enak,KOMPETITOR,Bintang 3,IbisStylesJakartaSimatupang,positive,0.9992239475250244,Food & Beverage,"Food & Beverage (0.97); Cleanliness, Hygiene & Maintenance (0.94); Service Quality (0.93)"
ian ian,2025,5,rekomendasi bersih sarapan banyak pilihan menu staf oke ramah sangat membantu,KOMPETITOR,Bintang 3,IbisStylesJakartaSimatupang,positive,0.9980164766311646,Service Quality,"Service Quality (1.00); Food & Beverage (0.99); Cleanliness, Hygiene & Maintenance (0.99)"
E2 Syarif Hidayah,2024,5,terima kasih banyak gaya ibis jakarta simatupang cuma sehari saja sih di sini tapi pelayanannya bagus ramah ramah staf stafnya jugaa baik ramah untuk kak shendy ka elva ka miftah terimakasih banyak ya,KOMPETITOR,Bintang 3,IbisStylesJakartaSimatupang,positive,0.9992774128913879,Service Quality,Service Quality (0.99); Staff Conduct & Hospitality (0.98); Service Efficiency & Responsiveness (0.95)
H. Achmad Kiki Kiki,2020,5,hotel nyaman bersih pelayanan baik pelayanan di restoran ramah dan sangat membantu senyuman dari pelayan restourant sangat baik terutama hanna cepat membantu aktif jika kita meminta sesuatu rekomen untuk mengajak relasi maupun keluarga menginap d ibis gaya simatupang,KOMPETITOR,Bintang 3,IbisStylesJakartaSimatupang,positive,0.9993849992752075,Staff Conduct & Hospitality,Staff Conduct & Hospitality (1.00); Family & Group Friendly (1.00); Service Efficiency & Responsiveness (1.00)
Romadhon Yudianto,2025,5,Bufet beragam makanan minuman baik bervariasi,KOMPETITOR,Bintang 3,IbisStylesJakartaSimatupang,positive,0.9789682030677795,Food & Beverage,Food & Beverage (1.00); Service Quality (0.97); Guest Experience (0.92)
Rahmad Hakiki,2022,5,Saya menginap 6 hari kamar oke makanan oke pelayanan karyawan memuaskan terima kasih mba adhe,KOMPETITOR,Bintang 3,IbisStylesJakartaSimatupang,positive,0.9991821646690369,Room Quality & Comfort,Room Quality & Comfort (1.00); Service Quality (0.99); Guest Experience (0.99)
Mamah Puspa,2025,5,kamar bersih nyaman dan tidak berisik,KOMPETITOR,Bintang 3,IbisStylesJakartaSimatupang,positive,0.9971242547035217,Room Quality & Comfort,Room Quality & Comfort (1.00); Facilities & Amenities (0.99); Service Quality (0.98)
Hayatun Nabila,2023,5,kamarnya nyaman banget pelayanan nya pun ramah ramah tempat strategis dan menu sarapannya ter terbaik layak banget,KOMPETITOR,Bintang 3,IbisStylesJakartaSimatupang,positive,0.9993677735328674,Facilities & Amenities,Facilities & Amenities (0.99); Room Quality & Comfort (0.99); Guest Experience (0.99)
shahifa kabisati,2020,2,check masuk tgl 31 malem mau masuk saja sudah macet kyanya lg ada acara sudah dilobby nih eh gw disuruh maju krna macet trus gw disuruh parkir dimidlton logikanya barang2 gw angkat sendiri dari mildtown ke ibis gtu tau sendiri ujan tidak berenti2 dan ternyata ibis itu bukan punyq parkir sendiri sumpah kali baru ini gw nginep di hotel kaya gini udah dikamar gw mau pesen makan tapi tidak bisa karena lg fokus acara tidak lg nginep diibis simatupang,KOMPETITOR,Bintang 3,IbisStylesJakartaSimatupang,negative,0.9981106519699097,"Location, Accessibility & Parking","Location, Accessibility & Parking (0.84); Check in/out Experience (0.64); Booking & Reservation Experience (0.55)"
Reza Hermawan,2024,5,Tempat yang nyaman dan ramah ramah di lobi ketemu sama kak ahmad dan kak adhe di beri saran terbaik untuk pelayanannya,KOMPETITOR,Bintang 3,IbisStylesJakartaSimatupang,positive,0.9991400241851807,Room Quality & Comfort,Room Quality & Comfort (0.99); Guest Experience (0.99); Service Quality (0.99)
Anissa Rahayu Utami,2024,5,Makan malam keluarga disini makanannya oke pelayanan dari mulai di resepsi langsung Mba Jasmine sangat membantu dan staf resto baru baiik2 semua,KOMPETITOR,Bintang 3,IbisStylesJakartaSimatupang,positive,0.9992238283157349,Service Quality,Service Quality (0.98); Staff Conduct & Hospitality (0.94); Guest Experience (0.94)
Moh. Toha,2022,5,kamar oke makanan lebih baik lebih bervariasi ruang merokoknya diperluas mba adhe dan mas naufal bagus dan karyawan yang lain ramah,KOMPETITOR,Bintang 3,IbisStylesJakartaSimatupang,positive,0.9985432624816895,Facilities & Amenities,Facilities & Amenities (0.99); Guest Experience (0.99); Staff Conduct & Hospitality (0.99)
Fir Man,2024,5,lokasi strategis di pusat kota dan mudah di akses kamar bersih dan nyaman pelayanan petugas sangat ramah,KOMPETITOR,Bintang 3,IbisStylesJakartaSimatupang,positive,0.9994277358055115,Room Quality & Comfort,Room Quality & Comfort (1.00); Service Quality (0.99); Facilities & Amenities (0.99)
Chevrolet TrailBlazer,2025,5,hotel yang nyaman bersih dan strategis,KOMPETITOR,Bintang 3,IbisStylesJakartaSimatupang,positive,0.9992830157279968,"Cleanliness, Hygiene & Maintenance","Cleanliness, Hygiene & Maintenance (0.98); Service Quality (0.97); Room Quality & Comfort (0.95)"
Sandi Rizqi,2024,5,bagus dan nyaman untuk kamar merokok bisa lebih dibersihkan lagi untuk aroma yang masih nyengat,KOMPETITOR,Bintang 3,IbisStylesJakartaSimatupang,positive,0.9873636364936829,Room Quality & Comfort,"Room Quality & Comfort (0.98); Facilities & Amenities (0.95); Cleanliness, Hygiene & Maintenance (0.88)"
abdul kadir rifai,2022,5,kamarnya oke tapi ac terlalu dingin makanannya mantap pelayanan karyawan baik terutama mba adhe dan mba dinda resepsionis,KOMPETITOR,Bintang 3,IbisStylesJakartaSimatupang,positive,0.9980279803276062,Staff Conduct & Hospitality,Staff Conduct & Hospitality (0.99); Service Quality (0.99); Guest Experience (0.98)
Affandy Pratama,2025,5,Pelayanan sangat baik dan memuaskan,KOMPETITOR,Bintang 3,IbisStylesJakartaSimatupang,positive,0.9987785220146179,Guest Experience,Guest Experience (1.00); Service Quality (1.00); Service Efficiency & Responsiveness (0.99)
Arnold Papua,2025,5,tempatnya strategis dekat dengan kota dan sangat nyaman dan bersih,KOMPETITOR,Bintang 3,IbisStylesJakartaSimatupang,positive,0.9994864463806152,Facilities & Amenities,"Facilities & Amenities (0.99); Cleanliness, Hygiene & Maintenance (0.99); Room Quality & Comfort (0.98)"
LUTFIA IFTITAH,2025,5,untuk tempatnya bersih nyaman dan makanannya enak2 sekali,KOMPETITOR,Bintang 3,IbisStylesJakartaSimatupang,positive,0.9993743300437927,Facilities & Amenities,"Facilities & Amenities (1.00); Room Quality & Comfort (0.99); Cleanliness, Hygiene & Maintenance (0.99)"
porkas siregar,2023,4,hotel yang berlokasi dekat banget pusat kuliner kota jalan raya transportasi mudah dan harga kamar tidak mahal dengan kondisi fasilitas memadai namun kurang untuk sarapan pagi yang rasa kurang biasa2 saja,KOMPETITOR,Bintang 3,IbisStylesJakartaSimatupang,positive,0.9805906414985657,Facilities & Amenities,"Facilities & Amenities (0.98); Pricing & Value for Money (0.95); Location, Accessibility & Parking (0.84)"
Aresha Syafania,2024,5,Pelayanan oke terutama dari mas riki kantor depan sangat membantu kamarnya juga oke bakal balik lagi,KOMPETITOR,Bintang 3,IbisStylesJakartaSimatupang,positive,0.9970724582672119,Service Quality,Service Quality (1.00); Guest Experience (1.00); Check in/out Experience (0.99)
Trias Warahanjani,2025,5,Tempatnya keren buat foto2 deket kemana2 oke banget,KOMPETITOR,Bintang 3,IbisStylesJakartaSimatupang,positive,0.9992519021034241,Facilities & Amenities,Facilities & Amenities (0.92); Cultural & Heritage Experience (0.76); Room Quality & Comfort (0.75)
ErnaIwd Iwan,2022,5,Pelayanannya bagus sangat menyenangkan bisa menginapa di ibis stilis apalagi resepsionis nya tu si mas naufal baik sopan tidak sombong juga anaknya pokonya senang lah bisa berkunjung ke sini,KOMPETITOR,Bintang 3,IbisStylesJakartaSimatupang,positive,0.9991840720176697,Service Quality,Service Quality (1.00); Staff Conduct & Hospitality (1.00); Facilities & Amenities (0.98)
Mariya Qibtia,2025,5,menuunya beragam stafnya yang bernama anggi dan miftah juga ramah restorannya bersih dan nyaman,KOMPETITOR,Bintang 3,IbisStylesJakartaSimatupang,positive,0.9988043308258057,Staff Conduct & Hospitality,"Staff Conduct & Hospitality (0.99); Cleanliness, Hygiene & Maintenance (0.99); Service Quality (0.99)"
Aifah Aifah,2022,5,hotel yang sangat besih rapi wangi nyaman sekali pada tingl di hotel ibis style simatupang terima kasih juga kepada pak ari selama saya sty sangat membantu saya dari bawa masuk barang kekamar sampai kamar yang di siapkan pun sangat bersih dan sangat rapi pengalaman yang tak terlupakan terima kasih bayank pak ari pasti saya akan kembali lagi,KOMPETITOR,Bintang 3,IbisStylesJakartaSimatupang,positive,0.9991664886474609,Guest Experience,"Guest Experience (0.99); Cleanliness, Hygiene & Maintenance (0.99); Service Quality (0.98)"
Tb Suryadi,2022,5,Selama menginap saya sangat nyaman di sini dibantu dengan stafnya yang ramah dan baik2 seperti resepsi mba vantya mba rara mas najib palingan hanya dari makanan yang lebih dibanyakan berbagaiinnya lgi,KOMPETITOR,Bintang 3,IbisStylesJakartaSimatupang,positive,0.9994747042655945,Staff Conduct & Hospitality,Staff Conduct & Hospitality (1.00); Guest Experience (0.99); Service Quality (0.98)
Athaya Diah Dakota,2025,5,bagus untuk bertahan,KOMPETITOR,Bintang 3,IbisStylesJakartaSimatupang,positive,0.9974707365036011,"Cleanliness, Hygiene & Maintenance","Cleanliness, Hygiene & Maintenance (0.99); Safety & Security (0.95); Loyalty, Recommendation & Appreciation (0.94)"
Rifki Ardiansyah,2025,5,tempat nyaman pelayanan ramah makanan nya enak,KOMPETITOR,Bintang 3,IbisStylesJakartaSimatupang,positive,0.9990639090538025,Facilities & Amenities,Facilities & Amenities (0.99); Service Quality (0.98); Guest Experience (0.98)
R1 vani,2023,5,walau hanya semalam tapi secara sekilas interior fasilitas kamar bagus nyaman hanya yang perlu diperhatikan lagi waktu pengantaran sarapan ke kamar harus lebih pagi,KOMPETITOR,Bintang 3,IbisStylesJakartaSimatupang,positive,0.9882932305335999,Facilities & Amenities,Facilities & Amenities (0.98); Room Quality & Comfort (0.85); Service Quality (0.80)
Erwan Bahar,2024,5,tempatnya nyaman bersih dan tenang wajib di rekomendasikan dan untuk resepsionis nya rendah hati ada mba adhe dan mas ahmad dan juga tempatnya strategis,KOMPETITOR,Bintang 3,IbisStylesJakartaSimatupang,positive,0.9993846416473389,Service Quality,"Service Quality (0.99); Room Quality & Comfort (0.99); Cleanliness, Hygiene & Maintenance (0.99)"
Adrian Syah,2025,5,makanannya enak pelayanan restorasiinya ramah baik bangett,KOMPETITOR,Bintang 3,IbisStylesJakartaSimatupang,positive,0.9991342425346375,Service Quality,Service Quality (0.99); Guest Experience (0.99); Staff Conduct & Hospitality (0.97)
Fatmawati,2025,5,Alhamdulillah asik menyenangkan,KOMPETITOR,Bintang 3,IbisStylesJakartaSimatupang,positive,0.998337984085083,Cultural & Heritage Experience,"Cultural & Heritage Experience (0.79); Family & Group Friendly (0.76); Cleanliness, Hygiene & Maintenance (0.72)"
Shintya Putri,2025,5,hotelnya nyaman stafnya ramah trimakasih mba imah,KOMPETITOR,Bintang 3,IbisStylesJakartaSimatupang,positive,0.9992460012435913,Service Quality,Service Quality (0.96); Staff Conduct & Hospitality (0.96); Facilities & Amenities (0.95)
hastin_rrh,2023,5,selama menginap pelayanan baik mba adhe sangat membantu sekali makanan enak juga saat sarapan,KOMPETITOR,Bintang 3,IbisStylesJakartaSimatupang,positive,0.9992338418960571,Service Quality,Service Quality (1.00); Guest Experience (1.00); Staff Conduct & Hospitality (0.99)
Tafia Sulistyani,2021,4,makanan lumayan suka sama hotel ini karena deket banget sama citos tgl jalan kaki jika mau mencoba ketan susu jg deket tgl jalan kaki mau ke kafe non mall jg tgl jalan kaki,KOMPETITOR,Bintang 3,IbisStylesJakartaSimatupang,positive,0.99928218126297,Food & Beverage,Food & Beverage (0.96); Service Efficiency & Responsiveness (0.79); Service Quality (0.79)
wanti LAM-PTkes,2025,5,makanan nya enak terima kasih mba novi sales dan tim bank masuk acara biaya hari ini mas rangga,KOMPETITOR,Bintang 3,IbisStylesJakartaSimatupang,positive,0.9975035786628723,Service Quality,Service Quality (0.89); Check in/out Experience (0.89); Pricing & Value for Money (0.85)
Sayyid Akhyar Hidayatullah,2025,5,makanannya bagus mocktail signature nya yang hijau kabut dianjurkan,KOMPETITOR,Bintang 3,IbisStylesJakartaSimatupang,positive,0.9992724061012268,Sustainability & Environmental Quality,"Sustainability & Environmental Quality (0.98); Food & Beverage (0.96); Loyalty, Recommendation & Appreciation (0.87)"
Meizardy Shoot,2025,5,Oke semua,KOMPETITOR,Bintang 3,IbisStylesJakartaSimatupang,positive,0.5779141783714294,"Cleanliness, Hygiene & Maintenance","Cleanliness, Hygiene & Maintenance (0.91); Facilities & Amenities (0.89); Sustainability & Environmental Quality (0.77)"
Aan Aditiya,2022,5,kamar hotel yang cukup luas dengan kualitas makanan yang oke dan staf yang ramah dekat dengan pusat perbelanjaan terima kasih hotel ibis sukses selalu,KOMPETITOR,Bintang 3,IbisStylesJakartaSimatupang,positive,0.9993616938591003,Staff Conduct & Hospitality,Staff Conduct & Hospitality (0.99); Service Quality (0.99); Room Quality & Comfort (0.99)
Miftahul Lutfi,2022,5,hotelnya aman nyaman makanan enaak fasilitas lengkap pelayanan sangat baik dan ramah mba vantya mba rara dan mas najib,KOMPETITOR,Bintang 3,IbisStylesJakartaSimatupang,positive,0.9994600415229797,Facilities & Amenities,Facilities & Amenities (0.99); Service Quality (0.99); Service Efficiency & Responsiveness (0.98)
Cartens Autosound,2023,5,ibis style simatupang selalu memberikan layanan yang luar biasa meja depan hingga staf restoran yang sangat ramah pilihan hotel terbaik dengan harga terjangkau di daerah simatupang dan sekitarnya,KOMPETITOR,Bintang 3,IbisStylesJakartaSimatupang,positive,0.9988068342208862,Service Quality,Service Quality (0.99); Facilities & Amenities (0.99); Staff Conduct & Hospitality (0.98)
Lilik Hendrarini,2023,5,pengalaman menginap nyaman makanan bagus cocok dengan selera resepsi vantya membantu memeriksa keluar oke,KOMPETITOR,Bintang 3,IbisStylesJakartaSimatupang,positive,0.9991095662117004,Check in/out Experience,Check in/out Experience (1.00); Guest Experience (1.00); Facilities & Amenities (0.99)
Widya Permatasari,2023,5,Hotel saat tinggal h 1 ku jadi pengantin hehe cinta banget stafnya super ramah dan tidak rewel atau ribet seneng banget pokonya klo tiap nginep sini suka di bagian kamar paling ujung biar bercahaya view jalan dkt mall juga pokonya fav,KOMPETITOR,Bintang 3,IbisStylesJakartaSimatupang,positive,0.9994574189186096,Service Efficiency & Responsiveness,Service Efficiency & Responsiveness (0.99); Staff Conduct & Hospitality (0.99); Service Quality (0.99)
Tegar Fisabilillah,2025,5,sarapannya mantap,KOMPETITOR,Bintang 3,IbisStylesJakartaSimatupang,positive,0.999340832233429,Service Quality,"Service Quality (0.99); Food & Beverage (0.98); Cleanliness, Hygiene & Maintenance (0.90)"
ari oebet134,2025,5,dekat dengan pusat belanja kota dan lokasi tujuan menara 165 jakarta selatan mudah diakses ambil gojek taksi dekat terminal lebak bulus,KOMPETITOR,Bintang 3,IbisStylesJakartaSimatupang,positive,0.9977695941925049,Facilities & Amenities,Facilities & Amenities (0.97); Service Efficiency & Responsiveness (0.90); Service Quality (0.83)
Harminto Parlan,2022,5,rara vantya kamar bagus amenitas lengkap staf ramah dan murah senyum menginap meski hanya 1 malam sangat nyaman terimakasih,KOMPETITOR,Bintang 3,IbisStylesJakartaSimatupang,positive,0.9988808035850525,Facilities & Amenities,Facilities & Amenities (0.99); Service Efficiency & Responsiveness (0.99); Staff Conduct & Hospitality (0.99)
Kang Pao,2021,3,sepertinya hanya cocok untuk singgah saja fasilitas terbatas menu dan rasa sarapan standar tidak ada yang istimewa kritik kemiringan lantai km mandi toilet menuju ke dalam kamar akibatnya udara lebih mengalir di dalam kamar daripada ke lobang pembuangan perlu sedikit pembenahan lain dianjurkan untuk singgah,KOMPETITOR,Bintang 3,IbisStylesJakartaSimatupang,positive,0.5867839455604553,Facilities & Amenities,Facilities & Amenities (0.99); Food & Beverage (0.90); Guest Experience (0.83)
Amelia Suci,2020,4,kesini buat rapat sih tempat rapatnya enak tapi toiletnya nerawang banget jadi keliatan terus kasian pegawainya cuma satu buat pegang ruangan sebanyak itu makanannya kurang enak kue nya lebih enak,KOMPETITOR,Bintang 3,IbisStylesJakartaSimatupang,negative,0.9950507283210754,Facilities & Amenities,Facilities & Amenities (0.51); Service Quality (0.49); Food & Beverage (0.33)
Novyanti Kartoni,2025,5,kamar rapi makanannya enak dan strategis tmpnya,KOMPETITOR,Bintang 3,IbisStylesJakartaSimatupang,positive,0.9993311166763306,"Cleanliness, Hygiene & Maintenance","Cleanliness, Hygiene & Maintenance (0.99); Facilities & Amenities (0.98); Service Quality (0.96)"
Yully kh,2025,5,Ibis style jakarta bersih tempatnya makanannya banyak varian dan enak2 desiannya segar di mata,KOMPETITOR,Bintang 3,IbisStylesJakartaSimatupang,positive,0.9994131326675415,"Cleanliness, Hygiene & Maintenance","Cleanliness, Hygiene & Maintenance (0.98); Ambience & Design (0.90); Service Quality (0.89)"
Laila Agustina,2025,5,hotel terbaik dan pelayanan terbaik,KOMPETITOR,Bintang 3,IbisStylesJakartaSimatupang,positive,0.9992923736572266,Service Quality,Service Quality (1.00); Service Efficiency & Responsiveness (0.99); Facilities & Amenities (0.98)
Andhi Setya H.,2025,5,senang rasanya bisa menginap di hotel ini puas dan akan kembali bermalam disini,KOMPETITOR,Bintang 3,IbisStylesJakartaSimatupang,positive,0.998616099357605,Service Quality,Service Quality (0.91); Guest Experience (0.88); Facilities & Amenities (0.85)
Rinduwati D Permata (inirindu),2021,4,kamarnya sempit saat menginap kemarin liftnya tidak bisa sampai parkir jadinya kalau mau ke parkir harus jalan kaki dulu jadi tidak efisien,KOMPETITOR,Bintang 3,IbisStylesJakartaSimatupang,negative,0.9951872825622559,"Location, Accessibility & Parking","Location, Accessibility & Parking (0.90); Facilities & Amenities (0.79); Guest Experience (0.67)"
Allen Rajagukguk,2023,5,kamar t4 tidur kamar mandi bersih bisa melihat viw di luar jendela ac bagus cukup nyaman dan resepsi ramah,KOMPETITOR,Bintang 3,IbisStylesJakartaSimatupang,positive,0.9992708563804626,Guest Experience,Guest Experience (0.99); Facilities & Amenities (0.99); Family & Group Friendly (0.98)
Azalia Nasywa,2025,5,kantor depan nya keren terutama kak melati ramah betul,KOMPETITOR,Bintang 3,IbisStylesJakartaSimatupang,positive,0.9991689920425415,Staff Conduct & Hospitality,Staff Conduct & Hospitality (0.94); Service Quality (0.92); Guest Experience (0.91)
Eka Sukawati,2025,5,makanannya enak staf ramah dwi,KOMPETITOR,Bintang 3,IbisStylesJakartaSimatupang,positive,0.9989125728607178,Staff Conduct & Hospitality,Staff Conduct & Hospitality (0.99); Service Quality (0.98); Family & Group Friendly (0.96)
Nur Eza Imandayanti,2025,5,nyaman bersih,KOMPETITOR,Bintang 3,IbisStylesJakartaSimatupang,positive,0.9983676075935364,"Cleanliness, Hygiene & Maintenance","Cleanliness, Hygiene & Maintenance (0.94); Service Quality (0.92); Room Quality & Comfort (0.91)"
Ainun Pratiwi,2025,5,sukaa banget interiornya estetik nyaman makanannya enak karyawannya ramah mba dwi juga ramah lokasinya strategi,KOMPETITOR,Bintang 3,IbisStylesJakartaSimatupang,positive,0.9994921684265137,Facilities & Amenities,Facilities & Amenities (0.99); Room Quality & Comfort (0.99); Family & Group Friendly (0.97)
irma yuniar syahrial,2022,5,Hotel dianjurkan saat penat bekerja dan membutuhkan refresh pikiran dan suasana resepsionis dan staf hotelnya profesional pelayanan bagus dan baik semoga nanti bisa kembali lagi ke sana ya,KOMPETITOR,Bintang 3,IbisStylesJakartaSimatupang,positive,0.9990198612213135,Service Quality,Service Quality (0.99); Facilities & Amenities (0.97); Staff Conduct & Hospitality (0.94)
Dudung R,2021,5,mungkin perlu diperhatikan untuk pihak hotel udara dari kamar mandi keluar ke kamar tidur baik melalui sela2 pintu maupun kaca pembatas,KOMPETITOR,Bintang 3,IbisStylesJakartaSimatupang,neutral,0.9837284088134766,Facilities & Amenities,Facilities & Amenities (0.92); Safety & Security (0.80); Sustainability & Environmental Quality (0.77)
Miss Joolie,2023,4,makanan utamanya enak takjilnya terlalu manis salad ya tidak segar dan sayurnya rusak sausnya sedikit gorenganya di tampilan sedikit padahal hanya hanya gorengan ya tapi diluar itu lumayan,KOMPETITOR,Bintang 3,IbisStylesJakartaSimatupang,positive,0.9620018601417542,Food & Beverage,Food & Beverage (0.61); Ambience & Design (0.44); Service Quality (0.44)
DitaReva Lina,2025,5,hotelnya sangat nyaman untuk ditempati dan sangan nyaman,KOMPETITOR,Bintang 3,IbisStylesJakartaSimatupang,positive,0.9994875192642212,Facilities & Amenities,Facilities & Amenities (0.99); Room Quality & Comfort (0.98); Service Quality (0.95)
pawer_parulian hutapea,2022,5,tinggal 6 malam di hotel ibis untuk makanan tidak ada kendala kamar oke pelayanan karyawan bagus mba adhe mas najib mas bias,KOMPETITOR,Bintang 3,IbisStylesJakartaSimatupang,positive,0.9992683529853821,Service Quality,Service Quality (1.00); Room Quality & Comfort (0.99); Guest Experience (0.99)
aldythea anjani,2023,5,sangaat amat rekomenn nyamaan banget stafnya juga juara bgtt ramahnyaa terima kasih terima kasih juga unyuk resepsi mba yasmine akan balik lg kesini pasti,KOMPETITOR,Bintang 3,IbisStylesJakartaSimatupang,positive,0.9991648197174072,Service Quality,"Service Quality (0.99); Staff Conduct & Hospitality (0.99); Loyalty, Recommendation & Appreciation (0.96)"
Abdul Majid,2022,5,Suka sih sama kamarnya bagus banget yang lain sih sudah oke mas naufal sama mba adhe baik dan ramah juga,KOMPETITOR,Bintang 3,IbisStylesJakartaSimatupang,positive,0.9987155199050903,Room Quality & Comfort,Room Quality & Comfort (0.97); Staff Conduct & Hospitality (0.96); Guest Experience (0.93)
Riski,2025,5,semuanya baik karyawan hotel ramah masakannya enak yang terbaik,KOMPETITOR,Bintang 3,IbisStylesJakartaSimatupang,positive,0.9989135265350342,Food & Beverage,Food & Beverage (1.00); Staff Conduct & Hospitality (1.00); Service Quality (1.00)
Rafi Ari Utomo,2024,5,hotel yang bagus dengan pelayanan yang cepat fasilitas yang lengkap khususnya dengan layanan mas robi sebagai fo,KOMPETITOR,Bintang 3,IbisStylesJakartaSimatupang,positive,0.9990598559379578,Service Quality,Service Quality (0.99); Facilities & Amenities (0.99); Service Efficiency & Responsiveness (0.98)
Fajar Nandang,2024,5,Hotelnya mengesankan selama menginap disana semua pelayanannya bagus resepsiinya nya ramah,KOMPETITOR,Bintang 3,IbisStylesJakartaSimatupang,positive,0.9993340373039246,Service Quality,Service Quality (1.00); Facilities & Amenities (0.99); Staff Conduct & Hospitality (0.99)
krisdiani sundari,2025,5,ruangan bersih pelayanan baik,KOMPETITOR,Bintang 3,IbisStylesJakartaSimatupang,positive,0.9966974258422852,Service Quality,"Service Quality (0.99); Room Quality & Comfort (0.99); Cleanliness, Hygiene & Maintenance (0.98)"
M. Ega Agustian,2022,5,cek masuk prosedur yang sangat baik dengan di cek suhu badan di depan dan scan vaksin staf yang juga ramah pada saat dtang ke resesipsi disambut oeh mas naufal,KOMPETITOR,Bintang 3,IbisStylesJakartaSimatupang,positive,0.9846961498260498,Staff Conduct & Hospitality,Staff Conduct & Hospitality (0.99); Service Efficiency & Responsiveness (0.98); Service Quality (0.98)
Afni Permata,2022,5,makanan enak kamar bersih acnya dingin dan pelayanan karyawannya baik terutama rara dan vantya terima kasih,KOMPETITOR,Bintang 3,IbisStylesJakartaSimatupang,positive,0.9993026256561279,"Cleanliness, Hygiene & Maintenance","Cleanliness, Hygiene & Maintenance (1.00); Guest Experience (1.00); Family & Group Friendly (0.99)"
Afrizal Amin,2023,5,hotel sama resto nya nyaman banget bikin betah pelayanan nya juga cekatan terima kasih juga kepada mba mila,KOMPETITOR,Bintang 3,IbisStylesJakartaSimatupang,positive,0.9994258880615234,Service Efficiency & Responsiveness,Service Efficiency & Responsiveness (0.99); Facilities & Amenities (0.98); Service Quality (0.97)
Nathan Rentak,2025,5,Ruang menyenangkan bagus akses mudah jika mau kemana mana,KOMPETITOR,Bintang 3,IbisStylesJakartaSimatupang,positive,0.9988892674446106,Facilities & Amenities,Facilities & Amenities (0.99); Room Quality & Comfort (0.99); Ambience & Design (0.79)
Boby Supriyanto,2022,4,nyaman karena 1 kamar 1 org di kegiatan pelatihan instalasi perangkat nirkabel dan gelombang mikro batch 2 bulan oktober 2021,KOMPETITOR,Bintang 3,IbisStylesJakartaSimatupang,neutral,0.896429717540741,Facilities & Amenities,Facilities & Amenities (0.96); Guest Experience (0.94); Room Quality & Comfort (0.88)
Rudi Haerudin,2022,5,kamarnya oke makanan oke wifi suka putus nyambung pelayanan karyawan bagus mas najib dan mba adhe oke,KOMPETITOR,Bintang 3,IbisStylesJakartaSimatupang,positive,0.9991527795791626,Facilities & Amenities,Facilities & Amenities (0.99); Service Quality (0.99); Guest Experience (0.98)
BE AZZ ME,2025,5,tempatnya baru strategis playanan ramah smua stafnya nya,KOMPETITOR,Bintang 3,IbisStylesJakartaSimatupang,positive,0.9994331002235413,Service Quality,Service Quality (0.99); Service Efficiency & Responsiveness (0.98); Staff Conduct & Hospitality (0.97)
Adi guna Guna,2022,5,Pelayanan yang ramah sekali dan merekomendasikan hotel ibis ini buat teman2 dan perusahaannya bagus,KOMPETITOR,Bintang 3,IbisStylesJakartaSimatupang,positive,0.9983408451080322,Staff Conduct & Hospitality,Staff Conduct & Hospitality (1.00); Service Quality (0.99); Family & Group Friendly (0.98)
Arif Arifuddin,2025,5,pelayanan dan kebersihan kamar sangat memuaskan,KOMPETITOR,Bintang 3,IbisStylesJakartaSimatupang,positive,0.9992222785949707,Room Quality & Comfort,"Room Quality & Comfort (1.00); Cleanliness, Hygiene & Maintenance (1.00); Service Quality (1.00)"
satria aja,2025,5,Sangat nyaman bersih berkualitas pelayan sangat ramah,KOMPETITOR,Bintang 3,IbisStylesJakartaSimatupang,positive,0.9990956783294678,Service Quality,Service Quality (1.00); Guest Experience (0.99); Staff Conduct & Hospitality (0.99)
Varentio Eraz,2023,5,pintu masuk nya kurang oke jadi mobil mau masuk ya kaget kadang suka kelewat abis belokan tapi semua staf kerja nya profesional dari yang staf di luar sampai yang di dalam bekerja sangat baik kamar juga nyaman banget,KOMPETITOR,Bintang 3,IbisStylesJakartaSimatupang,positive,0.9973854422569275,Facilities & Amenities,Facilities & Amenities (0.98); Room Quality & Comfort (0.96); Family & Group Friendly (0.92)
Nur fadilah fadilah,2024,5,hotel bersih makanan enak lokasi strategis staf ramah nice hotel tengkyu ibis simatupang,KOMPETITOR,Bintang 3,IbisStylesJakartaSimatupang,positive,0.999325156211853,Service Quality,"Service Quality (0.99); Cleanliness, Hygiene & Maintenance (0.99); Staff Conduct & Hospitality (0.98)"
Ibnu Taufik,2023,5,pelayanan selama menginap di hotel ibis tb simatupang memuaskan dan resepsionis atas vantya dan rara sangat ramah terhadap pengunjung,KOMPETITOR,Bintang 3,IbisStylesJakartaSimatupang,positive,0.9992648959159851,Service Quality,Service Quality (1.00); Staff Conduct & Hospitality (1.00); Guest Experience (0.99)
Mulawarman 19,2025,5,puas menhinap di sini sarapannya enak juga,KOMPETITOR,Bintang 3,IbisStylesJakartaSimatupang,positive,0.9991040825843811,Food & Beverage,Food & Beverage (0.94); Service Quality (0.88); Cultural & Heritage Experience (0.84)
Galuh Anggorowati,2023,5,acaranya meriah untuk tahun baruuan makanan lumayan enak stafnya ramah mas gunawan dan mba adhe superb,KOMPETITOR,Bintang 3,IbisStylesJakartaSimatupang,positive,0.9992283582687378,Service Quality,Service Quality (0.98); Staff Conduct & Hospitality (0.97); Family & Group Friendly (0.95)
Ali Sabbichis Ardhana,2025,4,lokasi strategis di samping kota persis deket juga kemana mana mana mana di daerah jaksel,KOMPETITOR,Bintang 3,IbisStylesJakartaSimatupang,positive,0.9983966946601868,Facilities & Amenities,"Facilities & Amenities (0.95); Location, Accessibility & Parking (0.84); Pricing & Value for Money (0.79)"
Kurniawan Ayyas,2025,5,fasilitas lengkap pelayanan ramah dan sarapannya mantap,KOMPETITOR,Bintang 3,IbisStylesJakartaSimatupang,positive,0.9994502663612366,Facilities & Amenities,Facilities & Amenities (0.99); Service Quality (0.99); Service Efficiency & Responsiveness (0.97)
didik yulianto,2025,5,selama menginap tidak ada kendala mba adhe membantu saat cek keluar,KOMPETITOR,Bintang 3,IbisStylesJakartaSimatupang,positive,0.995740532875061,Guest Experience,Guest Experience (0.96); Service Efficiency & Responsiveness (0.96); Service Quality (0.94)
Affandi Muhammad,2023,5,Cukup n kenyamanan pekerjaan baik untuk Nazwa jeje yang ramah ketika sarapan pagi terima kasih untuk mas mbak resepsi yang tiap pagi sabar mesenin taksi pekerjaan baik semua,KOMPETITOR,Bintang 3,IbisStylesJakartaSimatupang,positive,0.9987356066703796,Facilities & Amenities,Facilities & Amenities (1.00); Staff Conduct & Hospitality (1.00); Room Quality & Comfort (1.00)
Aji Bagus,2025,5,kamar rapi dan bersih,KOMPETITOR,Bintang 3,IbisStylesJakartaSimatupang,positive,0.9990572333335876,"Cleanliness, Hygiene & Maintenance","Cleanliness, Hygiene & Maintenance (1.00); Room Quality & Comfort (0.99); Service Quality (0.97)"
ahmad hudin,2025,5,pelayanan memuaskan,KOMPETITOR,Bintang 3,IbisStylesJakartaSimatupang,positive,0.9991390705108643,Service Quality,Service Quality (1.00); Guest Experience (0.98); Facilities & Amenities (0.91)
jodie getoo,2021,5,ruang pertemuan nya sudah bagus dan pelayanan nya pun sudah oke banget makanannya lumayan enak sukses terus buat ibis semoga semakin baik lagi dalam pelayanan nya mantap,KOMPETITOR,Bintang 3,IbisStylesJakartaSimatupang,positive,0.9992833733558655,Service Quality,Service Quality (0.97); Facilities & Amenities (0.97); Room Quality & Comfort (0.95)
Raden Agus Hanif,2024,5,tempat yang nyaman lokasi berada di tengah antara parung dan jakpus aksesnya mudah dan dekat untuk menuju ke 2 wilayah tersebut,KOMPETITOR,Bintang 3,IbisStylesJakartaSimatupang,positive,0.9992151260375977,Facilities & Amenities,"Facilities & Amenities (0.98); Location, Accessibility & Parking (0.96); Room Quality & Comfort (0.94)"
Anisa Kadriah,2025,5,enak nyaman banget buat tetap mendesak,KOMPETITOR,Bintang 3,IbisStylesJakartaSimatupang,positive,0.9986768364906311,Facilities & Amenities,Facilities & Amenities (0.68); Food & Beverage (0.61); Room Quality & Comfort (0.60)
Kang Rusun,2022,5,pelayanannya sangat cepat dan tanggap untuk semua kru hotel ibis tb simatupang terimakasih secara khusus juga kepada mba rara dan mba dinda atas kecepatan dan layananenya dalam melayani keperluan kami,KOMPETITOR,Bintang 3,IbisStylesJakartaSimatupang,positive,0.998604953289032,Service Efficiency & Responsiveness,Service Efficiency & Responsiveness (1.00); Staff Conduct & Hospitality (0.95); Service Quality (0.94)
Jeni Susilo,2022,3,menginap di ibis style simatupang terasa nyaman dengan pelayanan yang diberikan dengan memberikan kemudahan bagi penyandang disabilitas seperti saya terimakasih seluruh staf dan manajemen hotel juga untuk mb ade dan mb vantya,KOMPETITOR,Bintang 3,IbisStylesJakartaSimatupang,positive,0.9984139204025269,Service Quality,Service Quality (0.97); Staff Conduct & Hospitality (0.97); Service Efficiency & Responsiveness (0.97)
Finastri Annisa,2020,4,hotel baru dengan ambience yang modern nyaman dan juga sederhana cocok untuk menginap tapi masih belum ada kolam renangnya katanya mau dibuat makananya enak enak,KOMPETITOR,Bintang 3,IbisStylesJakartaSimatupang,positive,0.9975873231887817,Ambience & Design,Ambience & Design (0.99); Facilities & Amenities (0.99); Room Quality & Comfort (0.88)
Arini W,2023,4,kamarnya bersih hotel baru petugas ramah makanan ruang pertemuan standar terbatas dekat kota jadi bisa melipir jajan,KOMPETITOR,Bintang 3,IbisStylesJakartaSimatupang,positive,0.9984039664268494,Facilities & Amenities,"Facilities & Amenities (0.99); Service Quality (0.98); Cleanliness, Hygiene & Maintenance (0.97)"
Andhika F.S.,2025,5,kamarnya nyamann kamar mandi juga bersih petugasnya juga ramah ramah,KOMPETITOR,Bintang 3,IbisStylesJakartaSimatupang,positive,0.998996913433075,"Cleanliness, Hygiene & Maintenance","Cleanliness, Hygiene & Maintenance (0.99); Staff Conduct & Hospitality (0.96); Room Quality & Comfort (0.96)"
IRMAN SYAH,2025,5,pelayanan nyaman bersih dan lokasi mudah di akses,KOMPETITOR,Bintang 3,IbisStylesJakartaSimatupang,positive,0.9993066787719727,Service Quality,Service Quality (0.99); Facilities & Amenities (0.99); Guest Experience (0.98)
rurun harun,2022,5,kamarnya bagus wifi selama dihotel lumayan makanan baik juga najib dan adhe sangat membantu,KOMPETITOR,Bintang 3,IbisStylesJakartaSimatupang,positive,0.9991562366485596,Facilities & Amenities,Facilities & Amenities (0.99); Food & Beverage (0.99); Room Quality & Comfort (0.98)
Ida Ramadhani,2021,5,Harga oke kamar nya bersih dan nyaman desain nya minimalis modern makanannya enak ruang pertemuan nyaman dan tersedia musholla yang nyaman dekat ruang pertemuannya,KOMPETITOR,Bintang 3,IbisStylesJakartaSimatupang,positive,0.9994857311248779,Facilities & Amenities,Facilities & Amenities (1.00); Room Quality & Comfort (0.97); Pricing & Value for Money (0.95)
Aisyah,2025,5,pelayanan nya bagus mantap,KOMPETITOR,Bintang 3,IbisStylesJakartaSimatupang,positive,0.9993922710418701,Service Quality,Service Quality (1.00); Guest Experience (0.98); Service Efficiency & Responsiveness (0.92)
Achep Kuswara,2022,5,pelayanan hotelnya nya sangat baik sarapannya cukup variatif nasi gorengnya enak resepsionisnya mas naufal sangat baik membantu,KOMPETITOR,Bintang 3,IbisStylesJakartaSimatupang,positive,0.9992311000823975,Service Quality,Service Quality (0.99); Food & Beverage (0.99); Guest Experience (0.96)
Neshya Ratna Puri,2025,5,tempatnya bagus makanan enak,KOMPETITOR,Bintang 3,IbisStylesJakartaSimatupang,positive,0.9982830286026001,Facilities & Amenities,Facilities & Amenities (0.99); Room Quality & Comfort (0.85); Cultural & Heritage Experience (0.79)
Bagus Arijanto,2025,4,Lokasinya yang strategis dan tidak terlalu jauh ke bandara soekarno hatta,KOMPETITOR,Bintang 3,IbisStylesJakartaSimatupang,positive,0.9993575215339661,Facilities & Amenities,Facilities & Amenities (0.91); Service Efficiency & Responsiveness (0.82); Sustainability & Environmental Quality (0.77)
Ansori 1971,2022,5,menginap selama kurang lebih 6 malam pelayanan dan fasilitas hotelnya sangat baik layanan stafnya sangat ramah terlebih mas naufal mba adhe dan mba vantya,KOMPETITOR,Bintang 3,IbisStylesJakartaSimatupang,positive,0.9993882179260254,Facilities & Amenities,Facilities & Amenities (1.00); Service Quality (0.99); Staff Conduct & Hospitality (0.99)
Vonny wienata,2025,5,makanannya enak bisa u semua stafnya bernama anggi sangat ramah,KOMPETITOR,Bintang 3,IbisStylesJakartaSimatupang,positive,0.9990745782852173,Service Quality,Service Quality (0.98); Guest Experience (0.97); Staff Conduct & Hospitality (0.97)
Tongbret Dongbret,2023,1,Baru pernah ada hotel servicenya sejelek ini saya telepon bebeapa x untuk pagi panggilan ke suami saya yang sedang menjalani karantina di hotel ini,KOMPETITOR,Bintang 3,IbisStylesJakartaSimatupang,negative,0.5249009132385254,Guest Experience,Guest Experience (0.71); Service Quality (0.59); Booking & Reservation Experience (0.53)
Hang Rahar,2024,4,lokasi strategis pelayanan ramah kamar bersih dan nyaman dan yang paling oke adalah parkir gratis,KOMPETITOR,Bintang 3,IbisStylesJakartaSimatupang,positive,0.9993875026702881,Service Quality,Service Quality (1.00); Room Quality & Comfort (0.99); Facilities & Amenities (0.99)
Ambar Probo,2023,5,makanan alhamdulillah cocok pelayanan mba adhe ramah sangat membantu kamar bagus,KOMPETITOR,Bintang 3,IbisStylesJakartaSimatupang,positive,0.9993355870246887,Guest Experience,Guest Experience (0.99); Staff Conduct & Hospitality (0.98); Service Quality (0.98)
achmad ts,2024,5,Pelayanan semua mulai dari keamanan resepsionis layanan kamar lebih dari semua sangat baik,KOMPETITOR,Bintang 3,IbisStylesJakartaSimatupang,positive,0.9935357570648193,Safety & Security,Safety & Security (1.00); Service Quality (1.00); Guest Experience (0.99)
Bernad Berti,2022,5,kamarnya nyaman bersih rapih ramah sopan untuk resepsi rara dan imam selalu setia melayani kami,KOMPETITOR,Bintang 3,IbisStylesJakartaSimatupang,positive,0.999257504940033,Room Quality & Comfort,"Room Quality & Comfort (1.00); Cleanliness, Hygiene & Maintenance (0.99); Facilities & Amenities (0.99)"
Dr ayuni Chintyarya,2025,1,1 pertama masuk nyari minum ternyata tidak ada botol air tapi disediain botol kaca kosong ternyata mengambil minum di galon luar tidak ada udara dingin atau panas 2 mau beli makan tapi bayarnya harus tunai atau pakai kartu tidak bisa ditransfer atau masuk tagihan kamar atau qris 3 di iklan dan foto ada kolam renang tapi ternyata tidak ada kolam renang 4 hari sehari keluar hotel karena ada kegiatan pulang hotel jam 16 30 rencana mau istirahat eh kamar belum selesai dibersihkan dan jadinya hk buru2 masih banyak rambut di tempat tidur di kamar ada noda sabun mandi tangan kosong kirimkan cuci sempat masuk ke tempat tidur kolong 1 tapi dibiarkan dan,KOMPETITOR,Bintang 3,IbisStylesJakartaSimatupang,negative,0.9961887001991272,Facilities & Amenities,Facilities & Amenities (0.90); Pricing & Value for Money (0.82); Check in/out Experience (0.70)
Ferdi Permana,2025,1,Awal check masuk sudah pagi namun karena saya harus kekantor dahulu sehingga saya titip bagasi dahulu di garis depan dan sudah disampaikan akan check masuk sore hari nya sepulang dari kantor harapan saya kamar sudah dibook kan dan disiapkan namun kembali ke hotel kamar tidak ada yang tersedia single bed tidak merokok ada tersedia dikasih di kamar merokok walaupun sudah ditreatment karena saya alergi dengan asap rokok akhirnya tidak tahan dikamar dan dipindah lagi ke kamar yang kembar bednya besok baru dipindah lagi ke kamar yang tunggal bed tidak merokok mengapa pihak hotel sedari pagi tidak menyiapkan kamarnya padahal sudah tahu tamu ini akan yach,KOMPETITOR,Bintang 3,IbisStylesJakartaSimatupang,negative,0.9722078442573547,Booking & Reservation Experience,Booking & Reservation Experience (0.66); Check in/out Experience (0.58); Service Quality (0.50)
Ricky Muchtar,2025,1,manajemen yang tidak profesional dan tidak kompeten punya voucher sarapan valid tapi masih di muatan juga,KOMPETITOR,Bintang 3,IbisStylesJakartaSimatupang,negative,0.999068558216095,Food & Beverage,Food & Beverage (0.93); Pricing & Value for Money (0.54); Management & Policy Issues (0.51)
Jhon Saragih,2025,1,masukkan pakaian ke laundry tapi celana dalam tidak kembali tanya ke resepsionis dibilang nanti akan diantar ke kamar tapi ternyata tidak diantar kemungkinan celana dalam hilang sarapan jam 8 pagi pesan telor dan ternyata telor habis apa kacau ini hotel,KOMPETITOR,Bintang 3,IbisStylesJakartaSimatupang,negative,0.9980777502059937,Booking & Reservation Experience,Booking & Reservation Experience (0.88); Guest Experience (0.77); Service Quality (0.63)
Yudi S,2025,1,Saya sudah menginap di sini lebih dari sekali tapi yang terakhir ini cukup mengecewakan saya memeriksa masuk pkl 3 sore kamar saya belum siap ketika saya naik keatas kebetulan saya menginap tidak termasuk sarapan setelah selesai sarapan saya buru2 keatas ke kamar saya karena saya mules staf restoran mengejar saya untuk segera membayar pembayaran saya bilang nanti karena perut saya sakit saya juga nanti ingin memeriksa keluar dan sekalian baru saya naik sebentar dan habis membayar dari kamar kecil staf keatas menggedor2 pintu saya menyuruh saya bayar segera menyelesaikan pembayaran saya pasti kok tapi kesannya kayak saya dikejar2 seperti ini bukan pertama kalinya saya menginap di sini sekarang pelayanan sangat mengece,KOMPETITOR,Bintang 3,IbisStylesJakartaSimatupang,negative,0.9982452392578125,Check in/out Experience,Check in/out Experience (0.82); Food & Beverage (0.78); Guest Experience (0.72)
Siti Aisyah,2024,1,1 pegawai cuek cuek bebek kudu kita yang nyapa saat ketrmu di lift 2 dari hari pertama pertemuan di oasis smpe seminggu makanan smua tidak ada yang enak tidak jelas ngasih kue2x asal banyak tapi tidak enak smua ditambah dingin pula tidak penghangatnya dibawah makanannya ditambah lg hari ke 4 iklan menyelesaikan saya makan rasanya kaya bahan sumpah kimia mp muntah tapi dah ketelen sedikit bau dan mual kapok banget 3 makanan diresto halaman tidak ada yang enak dan makanan murah smua omletnya jg biasa banget saya berdiri tidak koki omletnya didiemin saya sapa dia nengok ke gadapan saya pdhl,KOMPETITOR,Bintang 3,IbisStylesJakartaSimatupang,negative,0.998883068561554,Pricing & Value for Money,Pricing & Value for Money (0.84); Check in/out Experience (0.79); Facilities & Amenities (0.78)
maurent amelia,2024,1,layanan buruk yang pernah saya miliki dari pertama datang sudah tidak mendapatkan parkir dan keamanan kurang tanggap beranggapan saya belum reservasi tapi diberi solusi untuk vallet yang parahnya adalah saat mau sarapan saya menemukan hanya 1 orang saja yang bisa sarapan padahal 1 kamar itu otomatis untuk 2 orang dan resepsi mba dita tidak memberikan solusi hanya menyalahkan mengapa dipesan untuk 1 orang dari situs perjalanan lucunya bukan hanya saya ada juga seorang tamu bersama anaknya pun terkendala demikian saya yanggian dengan mbak dan anak 1 5 tahun tidak menemukan solusi apapun dari mbak sedihnya saya memeriksa keluar di jam 8 pagi dengan anak yang sedang lapar emp emp emp,KOMPETITOR,Bintang 3,IbisStylesJakartaSimatupang,negative,0.9987587928771973,Facilities & Amenities,"Facilities & Amenities (0.99); Guest Experience (0.98); Location, Accessibility & Parking (0.98)"
Jocky Hardika Banjarnahor,2025,1,Pelayanan yang tidak baik nginap di kamar 918 1 11 lt kamar mandi sama dengan lt kamar jadi jika udara jatuh dilantai kamar mandi akan mengalir kelantai kamar 2 nginap 2 orang tapi sarapan cuma disediakan 1 seharusnya di awal di infokan bukan saat mau sarapan baru dikasi tau sarapan untuk 1 orang ibis gaya yang ini sepertinya berbeda dari ibis lainnya,KOMPETITOR,Bintang 3,IbisStylesJakartaSimatupang,negative,0.9981681108474731,Guest Experience,Guest Experience (0.89); Facilities & Amenities (0.60); Booking & Reservation Experience (0.60)
Ayad Adha,2023,1,menginap disana bawa motor setelah checkout ke citos jalan kaki buat makan siang balik ambil motor kesorean emang keluar parkir dicegat satpam ditanya bapak dari mana bapak tamu hotel bukan dia dia dia kalau satpam nya tidak bisa tidurkan mana tamu hotel mana bukan dengn alasan sering terjadi ya kalau sering terjadi yah dikasih kartu kek atau kasih parkir gitu yang parkir nginep di hotel atau mosok malam tidak ada brif tiket pergantian shift kah jika ini motor menginap menandakan kalau ini tamu hotel apa mentang maaf mentang karna bisa motor jadi tidak dianggap tamu hotel dia atau kata atau kata yang diterima,KOMPETITOR,Bintang 3,IbisStylesJakartaSimatupang,negative,0.998067319393158,"Location, Accessibility & Parking","Location, Accessibility & Parking (0.95); Check in/out Experience (0.75); Booking & Reservation Experience (0.64)"
Samuel Partogi,2022,1,mengecewakan pelayanannya 1 wifi mati sampai 2 kali dilaporkan baru ada upaya staf 2 permintaan kamar merokok dari jauh hari tapi yang didapat kamar tidak merokok alasan habis tutup saja hotelnya jika ngusahain kamar merokok saja tidak bisa 3 staf restoran tidak jelas padahal saat reservasi sarapan pagi dimeja counter ditawarkan staf depan untuk jika ada permintaan khusus dapat diminta begitu minta dibuatkan omelet telur standar tamu hotel kepada staf yang masak malah dicuekin dan jutek jadi bingung sendiri,KOMPETITOR,Bintang 3,IbisStylesJakartaSimatupang,negative,0.9993733763694763,Booking & Reservation Experience,Booking & Reservation Experience (0.98); Guest Experience (0.96); Digital Connectivity & Technology (0.89)
dailylifeofmario,2022,1,Tidak dianjurkan untuk membuat tamu yang datang pertama kali ke hotel ini karena resepsionisnya sangat pelit info contohnya tidak di kasih tau bahwa kartu akses itu selain membuat pintu buka juga bisa membuat akses lift dan lampu kamar dan tidak diinfo juga driver layanan antar tidak bisa sampai ke kamar jadi pengunjung harus turun ke lobi serta jika sarapan a la carte juga tidak diinfookan sebelum menginap di sini,KOMPETITOR,Bintang 3,IbisStylesJakartaSimatupang,negative,0.969745934009552,Facilities & Amenities,"Facilities & Amenities (0.99); Location, Accessibility & Parking (0.99); Food & Beverage (0.91)"
Eizer Watutman,2024,1,check masuk seharusnya jam 2 malam baru masuk kamar jam 3 15 malam reservasi online tapi kamar merokok saat check masuk tidak dikasih kamar buat kamar merokok ini bukan pertama kalinya,KOMPETITOR,Bintang 3,IbisStylesJakartaSimatupang,negative,0.9965181350708008,Booking & Reservation Experience,Booking & Reservation Experience (0.85); Guest Experience (0.71); Pricing & Value for Money (0.69)
adit nurrochma,2024,1,Pelayanan kamar layanan nya sangat jelek telepon belum selesai ditutup dengan tidak sopan dan tidak ada salam sapa nya sabun di kamar hanis air tidk dik dik dan di ganti,KOMPETITOR,Bintang 3,IbisStylesJakartaSimatupang,negative,0.9991500377655029,Facilities & Amenities,Facilities & Amenities (0.95); Guest Experience (0.92); Service Quality (0.89)
Yunita Ardian,2026,1,beda sama iklan instagram,KOMPETITOR,Bintang 3,IbisStylesJakartaSimatupang,negative,0.7040650248527527,"Cleanliness, Hygiene & Maintenance","Cleanliness, Hygiene & Maintenance (0.74); Sustainability & Environmental Quality (0.68); Facilities & Amenities (0.54)"
Firman Syah,2025,1,Di jadikan tempat pemerasaan,KOMPETITOR,Bintang 3,IbisStylesJakartaSimatupang,negative,0.6906798481941223,Check in/out Experience,Check in/out Experience (0.99); Guest Experience (0.97); Facilities & Amenities (0.89)
Tongbret Dongbret,2023,1,Baru pernah ada hotel servicenya sejelek ini saya telpon bebeapa x untuk pagi panggilan ke suami saya yang sedang menjalani karantina di hotel ini sudah 1 jam saya telepon ber kali kali tidak ada tubuh jawaban gila ini hotel apa kos kos satu sisi menurut suami kamar ada kue nya betapa joroknya,KOMPETITOR,Bintang 3,IbisStylesJakartaSimatupang,negative,0.9985301494598389,Guest Experience,Guest Experience (0.77); Booking & Reservation Experience (0.67); Food & Beverage (0.66)
Tony Setiawan,2023,1,susah dihubungi resepsi ditelp berkali kali baik dari hp maupun telepon kamar tidak diangkat sudah berulang kali dikomplain tapi tetap tidak ada perbaikan,KOMPETITOR,Bintang 3,IbisStylesJakartaSimatupang,negative,0.9972156286239624,Guest Experience,Guest Experience (0.78); Check in/out Experience (0.57); Digital Connectivity & Technology (0.57)
Syahril Lawfirm,2020,1,kurang memuaskan karena hotelnya kotor dan fasilitas ac air kamar mandi dan tempat tidur bau,KOMPETITOR,Bintang 3,IbisStylesJakartaSimatupang,negative,0.9990434050559998,Facilities & Amenities,Facilities & Amenities (0.99); Guest Experience (0.91); Booking & Reservation Experience (0.69)
Kristian Vembrianto,2023,1,pelayanan cek masuk sangat sangat lama perlengkapan kamar mandi yang sangat kurang,KOMPETITOR,Bintang 3,IbisStylesJakartaSimatupang,negative,0.998594343662262,Guest Experience,Guest Experience (0.99); Facilities & Amenities (0.94); Service Quality (0.93)
REINZY RZ,2024,1,order makan malam hampir 2 jam belum dikirim,KOMPETITOR,Bintang 3,IbisStylesJakartaSimatupang,negative,0.997579038143158,Food & Beverage,Food & Beverage (0.90); Service Quality (0.82); Sustainability & Environmental Quality (0.77)
Alfian Arianto,2025,1,tempat sangat bagus,KOMPETITOR,Bintang 3,IbisStylesJakartaSimatupang,positive,0.9976980090141296,Room Quality & Comfort,"Room Quality & Comfort (0.98); Facilities & Amenities (0.98); Cleanliness, Hygiene & Maintenance (0.93)"
josh daulat,2022,1,ikan dan chipnya ada rambutnya,KOMPETITOR,Bintang 3,IbisStylesJakartaSimatupang,negative,0.503389298915863,Food & Beverage,"Food & Beverage (0.84); Sustainability & Environmental Quality (0.75); Cleanliness, Hygiene & Maintenance (0.67)"
Aditya Aidin,2021,1,Dari lokasi y bagus dan terjangkau,KOMPETITOR,Bintang 3,IbisStylesJakartaSimatupang,positive,0.9990708827972412,Facilities & Amenities,"Facilities & Amenities (0.98); Location, Accessibility & Parking (0.88); Service Quality (0.88)"
nduwae,2020,1,belum kelar coy,KOMPETITOR,Bintang 3,IbisStylesJakartaSimatupang,negative,0.9946212768554688,Facilities & Amenities,"Facilities & Amenities (0.45); Pricing & Value for Money (0.33); Cleanliness, Hygiene & Maintenance (0.31)"
KAGAME,2025,1,respons setelah membaca jawaban di bawah ini serius saya tidak mengerti dan Anda bilang Anda menawarkan ruangan itu atas pujian dari perusahaan kami Bercanda dan yang saya maksud dengan warteg bukan makanannya melainkan kursiinya nah sekarang saya akan berbagi foto saya ketika saya menunjukkannya kepada rekan kerja saya semua mengatakan penampilan buruk tidak seperti makan di hotel persis seperti makan di kantin bahkan kantin kami memiliki lebih baik ulasan pengalaman yang sangat buruk kami berencana untuk mengadakan buka puasa bersama perusahaan di sini katanya tanggalnya tersedia untuk 30 orang dan kami meminta ruangan di dalam ruangan tetapi hanya dua hari sebelum acara mereka memberi tahu kami bahwa mereka memesan ruangan di luar ruangan dengan ruangan yang,KOMPETITOR,Bintang 3,IbisStylesJakartaSimatupang,negative,0.9989193677902222,Food & Beverage,Food & Beverage (0.93); Guest Experience (0.92); Check in/out Experience (0.78)
Tita Ananda,2025,1,pengalaman buruk dengan hotel ini pelayanannya tidak menyenangkan saya memesan 2 malam melalui aplikasi accor namun stafnya membuat aturan yang rumit sehingga kami tidak bisa memeriksa masuk karena poin yang kami gunakan untuk memesan kamar ini panduannya tidak jelas dan komunikasinya sangat buruk pastikan untuk tidak menggunakan poin accor Anda di cabang ini kecuali Anda ingin kehilangan poin Anda dengan gratis,KOMPETITOR,Bintang 3,IbisStylesJakartaSimatupang,negative,0.9992870688438416,Guest Experience,Guest Experience (0.87); Booking & Reservation Experience (0.86); Service Quality (0.78)
C K,2025,1,kamarnya sangat berisik saya hampir tidak bisa tidur di malam hari karena kebisingan lalu lintas dari jalan 16 jalur sarapan prasmanannya juga sangat kecil dan piring piringnya tidak bersih,KOMPETITOR,Bintang 3,IbisStylesJakartaSimatupang,negative,0.9990690350532532,Facilities & Amenities,Facilities & Amenities (0.99); Food & Beverage (0.98); Guest Experience (0.82)
Murugan vadivel,2025,1,Tidak ada jaringan wi fi yang memadai kecepatan unduh 2 mbps kecepatan unggah 1 6 mbps tidak ada saluran tv yang hanya memutar video iklan hotel tidak ada pusat kebugaran yang tersedia dan ruangan yang mereka gunakan adalah ruang rapat dan ruang pesta manajer tidak merespons saat kami bertanya,KOMPETITOR,Bintang 3,IbisStylesJakartaSimatupang,negative,0.9961976408958435,Facilities & Amenities,Facilities & Amenities (0.99); Service Quality (0.89); Digital Connectivity & Technology (0.85)
Harnan Haryono,2025,1,pengalaman yang sangat buruk saya tidak akan merekomendasikan hotel ini kepada siapa pun dan tidak akan pernah merekomendasikan hotel lain di sekitar sini atau mungkin memesan mercure saja,KOMPETITOR,Bintang 3,IbisStylesJakartaSimatupang,negative,0.9988018274307251,Guest Experience,Guest Experience (0.83); Pricing & Value for Money (0.55); Booking & Reservation Experience (0.51)
Ciprian Pop,2023,1,menginap 5 hari di hotel ini karena karantina wajib di bulan Maret dan hanya boleh makan makanan yang disediakan hotel tidak boleh pesan makanan dari luar menu karantina resmi cuma becandaan kenyataannya makanannya nasi dingin dengan ayam atau yang lain juga dingin untuk 3 kali sehari makanan dingin hampir sama untuk 3 kali sehari selama 5 hari pengalaman yang mengerikan seperti di penjara senang sekali ketika karantina selesai mengeluh setiap hari dan akhirnya meminta pengembalian sebagian uang untuk makanan jika bisa disebut makanan mereka tidak peduli dengan keluhan kami jadi sayang sekali di level layanan ini seperti ini yang Anda terima untuk paket yang lebih dari 6 juta rupiah,KOMPETITOR,Bintang 3,IbisStylesJakartaSimatupang,negative,0.9987371563911438,Guest Experience,Guest Experience (0.93); Check in/out Experience (0.85); Facilities & Amenities (0.62)
Christopher Steele,2022,1,dijelaskan dari awal saya ingin menu barat tidak komunikasi tidak ada di seluruh hotel makanannya dingin tetap harus menelepon resepsionis tentang makanan udara teh gula dll terus menerus sayangnya saya tetap mendapatkan staf yang tidak bisa mengerti bahasa inggris dalam bentuk apapun hotel dekat persimpangan utama jadi berisik wifi buruk,KOMPETITOR,Bintang 3,IbisStylesJakartaSimatupang,negative,0.9970083832740784,Food & Beverage,Food & Beverage (0.95); Facilities & Amenities (0.95); Service Quality (0.88)
Mario Wirya,2023,1,kepada manajer mohon maaf atas penurunan peringkatmu menjadi satu bintang saya baru saja kembali untuk perjalanan bisnis dari 2 bulan yang lalu dan menginap di ibis saya sangat lelah dan memesan layanan kamar ketika saya ingin membayar mesin edc tidak berfungsi sayangnya saya tidak memiliki uang tunai saya meminta untuk turun ke keesokan pagi saat sarapan saya menginap selama 3 malam tetapi tim restoran Anda bersikeras untuk membayar dan membangunkan saya di malam hari tidak profesional dan tidak nyaman sepertinya Anda belum siap untuk layanan kamar,KOMPETITOR,Bintang 3,IbisStylesJakartaSimatupang,negative,0.999298095703125,Booking & Reservation Experience,Booking & Reservation Experience (0.92); Guest Experience (0.89); Facilities & Amenities (0.81)
Fairuz Sallim,2022,1,karantina sangat mengecewakan saya harus menelepon resepsi setiap hari karena makanan tidak kunjung datang setelah 30 menit makanan selalu dingin mereka tidak mengizinkan pemesanan dari luar jadi saya kurang lebih terjebak dengan pelayanan yang buruk hotelnya dikelola dengan buruk saya akan mencari hotel lain,KOMPETITOR,Bintang 3,IbisStylesJakartaSimatupang,negative,0.9991382360458374,Guest Experience,Guest Experience (0.93); Booking & Reservation Experience (0.88); Service Quality (0.82)
NN Gerking,2022,1,Kami 2 orang memilih hotel ini untuk karantina covid selama lima hari kami tiba di hotel pukul 15 00 di kamar kami hanya menemukan 2 botol air minum 330ml untuk mendapatkan lebih banyak kami menelepon resepsi lebih dari 3 kali hari ini kami pertama kali di hotel ini dan pelayanannya kurang memuaskan kali lain saya akan memilih hotel karantina lain,KOMPETITOR,Bintang 3,IbisStylesJakartaSimatupang,negative,0.9972144961357117,Booking & Reservation Experience,Booking & Reservation Experience (0.58); Guest Experience (0.57); Check in/out Experience (0.48)
Leslie T,2020,1,ruangannya sangat kecil dan gym tutup karena ada acara yang membutuhkan ruang makan tidak ada komunikasi yang memadai stafnya sangat tidak tahu apa apa dan tidak membantu dalam memberikan informasi bahkan tidak tahu apakah gym tutup atau buka ketika saya akhirnya masuk gymnya sangat kecil dan sempit bahkan tidak ada ruang untuk lompat tali,KOMPETITOR,Bintang 3,IbisStylesJakartaSimatupang,negative,0.9970436692237854,Facilities & Amenities,Facilities & Amenities (0.97); Guest Experience (0.88); Service Quality (0.80)
Candra Juliawan,2024,1,Tidak bisa membawa sarapan,KOMPETITOR,Bintang 3,IbisStylesJakartaSimatupang,negative,0.9467902779579163,Pricing & Value for Money,Pricing & Value for Money (0.83); Religious & Halal Features (0.83); Sustainability & Environmental Quality (0.81)
Claudia Mihesan,2023,1,makanan disajikan dingin,KOMPETITOR,Bintang 3,IbisStylesJakartaSimatupang,positive,0.9889166355133057,Sustainability & Environmental Quality,"Sustainability & Environmental Quality (0.90); Facilities & Amenities (0.86); Loyalty, Recommendation & Appreciation (0.77)"
Riuwni Novitasari,2025,2,hotel teribet sepanjang perjalanan nginap dan dinas bukaanyak alasan sangat banyak minta surat keterangan menginap ampun ribet nama yang memesan ttp harus muncul di keterangan nginap yaampuun baru kali ini loh nginap nama pemesan juga mesti ditulis trus tanyain bawa sppd gakk padahakl dah tau kalau kita mmg diundang karena ada kegiatan di sni yang ttd sppd perjadin kita yaa yang mengundang kita datang donk dan harga perusahaan bisa berubah dengan alasan karena lagi banyak yang memesan wahh bisa gitu yaa karena baru kali ini nemu begini yaa yaa karena lagi tlg diperbaikin yaa karena harga dis,KOMPETITOR,Bintang 3,IbisStylesJakartaSimatupang,negative,0.9859212040901184,Booking & Reservation Experience,Booking & Reservation Experience (0.69); Guest Experience (0.68); Pricing & Value for Money (0.67)
Fajar Wibowo,2024,2,cek masuk agak lama karena memang bersama tamu yang lain kamar lumayan luas tv auto nyala dan menampilkan iklan dari hotel sangat mengganggu karena volume suaranya harus selalu cari TV remote untuk menurunkan volume suaranya ada fasilitas sepeda yang bisa digunakan gratis dibawah 3 jam perlu diperbaiki adalah layanan kamar pertama sampah di tempat sampah dalam kamar tidak dibuang selama 2 hari kek mana hotel sekelas ibis sampah tidak dibuang setiap kamar dibersihkan kedua restoran hari pertama dan kedua masih bisa mengambil untuk sarapan hari ketiga dibilang tidak bisa karena sudah aturan dari hotel setelah dikomplainkan baru diinikan melalui email klo bisa mengambil jika diformasi info 1 hari sebelumnya,KOMPETITOR,Bintang 3,IbisStylesJakartaSimatupang,negative,0.9582027196884155,Facilities & Amenities,Facilities & Amenities (0.97); Check in/out Experience (0.96); Service Quality (0.94)
Hery Mulyadi,2022,2,liftnya tidak jalan parkirannya keluarnya susah karena sempit tidak masuk akal juga kalau gara gara Covid di matiin liftnya khan tinggal di stop di lobi saja liftnya hari minggu saya bawa mertua saya umur 72 tahun untuk kondangan dan kami harus naik tangga 2 lantai masih untungnya beliau tidak harus masuk rumah sakit gara gara itu,KOMPETITOR,Bintang 3,IbisStylesJakartaSimatupang,negative,0.7037957906723022,"Location, Accessibility & Parking","Location, Accessibility & Parking (0.96); Facilities & Amenities (0.74); Religious & Halal Features (0.73)"
shahifa kabisati,2020,2,check masuk tgl 31 malem mau masuk saja sudah macet kyanya lg ada acara sudah dilobby nih eh gw disuruh maju krna macet trus gw disuruh parkir dimidlton logikanya barang2 gw angkat sendiri dari mildtown ke ibis gtu tau sendiri ujan tidak berenti2 dan ternyata ibis itu bukan punyq parkir sendiri sumpah kali baru ini gw nginep di hotel kaya gini udah dikamar gw mau pesen makan tapi tidak bisa karena lg fokus acara tidak lg nginep diibis simatupang,KOMPETITOR,Bintang 3,IbisStylesJakartaSimatupang,negative,0.9981106519699097,"Location, Accessibility & Parking","Location, Accessibility & Parking (0.84); Check in/out Experience (0.64); Booking & Reservation Experience (0.55)"
Radith Sylva,2022,2,Hari ke 2 nginep ngantar sarapan telat tidak nanyain sarapan mau makan apa,KOMPETITOR,Bintang 3,IbisStylesJakartaSimatupang,negative,0.9718590378761292,Guest Experience,Guest Experience (0.93); Service Quality (0.88); Booking & Reservation Experience (0.84)
Vina Subaidi,2023,2,Tidak ada parkir jauh banget jalan ke kota,KOMPETITOR,Bintang 3,IbisStylesJakartaSimatupang,positive,0.9910575151443481,Sustainability & Environmental Quality,Sustainability & Environmental Quality (0.74); Facilities & Amenities (0.69); Service Efficiency & Responsiveness (0.68)
Eko Bawono,2021,2,biasa saja dengan harga 730rban wifi lemot selang semprotan kloset kaku,KOMPETITOR,Bintang 3,IbisStylesJakartaSimatupang,negative,0.9989240765571594,Pricing & Value for Money,Pricing & Value for Money (0.97); Digital Connectivity & Technology (0.94); Facilities & Amenities (0.92)
Messakh owen,2020,2,Parkiran sempit juga tidak ada sinyal telepon di bawah,KOMPETITOR,Bintang 3,IbisStylesJakartaSimatupang,negative,0.9987508058547974,Facilities & Amenities,"Facilities & Amenities (0.99); Location, Accessibility & Parking (0.98); Service Quality (0.83)"
laurensius yuvianto,2020,2,kamar kecil banget dan tempat parkir sempit banget,KOMPETITOR,Bintang 3,IbisStylesJakartaSimatupang,negative,0.6996869444847107,"Location, Accessibility & Parking","Location, Accessibility & Parking (0.96); Facilities & Amenities (0.94); Guest Experience (0.80)"
Siswoyo Uban,2024,2,pelyanan kurang respon tidak sigap,KOMPETITOR,Bintang 3,IbisStylesJakartaSimatupang,negative,0.9990045428276062,Guest Experience,Guest Experience (0.82); Facilities & Amenities (0.75); Service Quality (0.68)
Diski Naim,2025,2,saya menulis surat ini untuk menyampaikan kekecewaan saya atas kunjungan saya baru baru ini di ibis gaya simatupang sebagai anggota accor emas dan pelanggan tetap saya selalu menghargai standar layanan yang konsisten di seluruh properti accor namun pengalaman saya kali ini di bawah ekspektasi karena beberapa hal berikut 1 ketersediaan handuk yang tidak konsisten layanan kebersihan kamar tidak selalu menyediakan handuk di kamar saya sehingga saya harus mengingat beberapa kali hal ini seharusnya menjadi standar dalam persiapan kamar 2 sikap layanan pelanggan meskipun beberapa staf membantu tidak semua anggota tim menunjukkan tingkat layanan pelanggan yang diharapkan dari sebuah properti accor pendekatan yang lebih seragam terhadap keramaht,KOMPETITOR,Bintang 3,IbisStylesJakartaSimatupang,negative,0.9959757924079895,Guest Experience,Guest Experience (0.96); Facilities & Amenities (0.85); Service Quality (0.80)
MsAndiena,2022,2,standar layanan pelanggan harus lebih meningkatkan setahu saya ini hotel bintang 3 saya sudah memesan layanan kamar untuk memesan makanan setelah beberapa kali saya menelepon mereka tidak menjawab saya memesan sup buntut dan menemukan plastik kecil di dalamnya saya mencoba menghubungi mereka untuk memberi tahu tentang hal ini tidak ada jawaban atau bahkan saya menelepon kembali di sisi lain saat memeriksa masuk resepsionis tidak memberikan informasi apapun untuk semua prosedur proses karantina saya sedang menjalani karantina di hotel ini jadi saya harus mencari tahu sendiri mereka bahkan lupa mengirim makan saya siang hari pertama saya saya saya harus menelepon mereka dan mengingat saya tiga kali saya seharusnya memberi saya 1 bintang,KOMPETITOR,Bintang 3,IbisStylesJakartaSimatupang,negative,0.9979117512702942,Service Quality,Service Quality (0.99); Guest Experience (0.97); Booking & Reservation Experience (0.93)
Hugo Sager,2025,2,stafnya ramah lokasinya bagus tapi kebisinganannya tidak tertahan saya mengukur puncak kebisingan hingga 95 db di dalam ruangan itu mesin diesel yang menyala di sebelah anda,KOMPETITOR,Bintang 3,IbisStylesJakartaSimatupang,positive,0.9132727980613708,Facilities & Amenities,Facilities & Amenities (0.93); Service Quality (0.89); Guest Experience (0.77)
Joscha Schmitz,2020,2,sangat berisik di samping jalan tol 10 jalur dan jendela kaca tunggal luar biasa secara keseluruhan menyelesaikan nya kurang bagus lumayan untuk harga tapi kebisingannya sungguh tak tertahan kecewa dengan mereknya,KOMPETITOR,Bintang 3,IbisStylesJakartaSimatupang,positive,0.9983481168746948,Facilities & Amenities,Facilities & Amenities (0.97); Pricing & Value for Money (0.96); Ambience & Design (0.71)
esti asri,2024,2,Saya merasa kurang enak waktu cek masuk stafnya memberi kamar karena tamu lain masih di dalam kamar,KOMPETITOR,Bintang 3,IbisStylesJakartaSimatupang,negative,0.9980456829071045,Guest Experience,Guest Experience (0.93); Check in/out Experience (0.85); Service Quality (0.72)
Malika Ramadhani,2020,2,Tempat parkir mereka sangat buruk terlalu sempit untuk manuver mobil lebih baik serahkan kunci mobil Anda ke petugas valet dan selesaikan urusan Anda,KOMPETITOR,Bintang 3,IbisStylesJakartaSimatupang,negative,0.9965468049049377,"Location, Accessibility & Parking","Location, Accessibility & Parking (0.99); Facilities & Amenities (0.92); Service Quality (0.78)"
Alexander C,2025,2,kecil,KOMPETITOR,Bintang 3,IbisStylesJakartaSimatupang,negative,0.977951169013977,"Cleanliness, Hygiene & Maintenance","Cleanliness, Hygiene & Maintenance (0.83); Facilities & Amenities (0.77); Pricing & Value for Money (0.62)"
Rio Wirawan,2021,2,Itu sama sekali,KOMPETITOR,Bintang 3,IbisStylesJakartaSimatupang,negative,0.9956822395324707,"Cleanliness, Hygiene & Maintenance","Cleanliness, Hygiene & Maintenance (0.72); Facilities & Amenities (0.62); Safety & Security (0.52)"
Abah Enjoy,2025,3,Selama beberapa kali bertemu sejak tahun 2023 ini istirahat kopi dulu enak enak seperti rumah dibuat sekarang agak kecewa si seperti beli di kue jajanan pagi,KOMPETITOR,Bintang 3,IbisStylesJakartaSimatupang,negative,0.9947400689125061,Guest Experience,Guest Experience (0.97); Check in/out Experience (0.90); Food & Beverage (0.87)
Arus Ruswanda,2025,3,Saya belum mengetahui secara rinci fasilitas dan keunggulannya,KOMPETITOR,Bintang 3,IbisStylesJakartaSimatupang,neutral,0.5714192986488342,Facilities & Amenities,Facilities & Amenities (0.71); Religious & Halal Features (0.21); Digital Connectivity & Technology (0.20)
Sundary Puput,2024,3,Saya ingin menulis ulasan saya selama menginap saya 5 6 malam di ibis simatupang saya tinggal di sini kira2 5 6 malam untuk jujur alasan nya adalah lokasi yang membuat saya memutuskan untuk tinggal di sini saya rasa hotel ini bagus untuk tinggal singkat saja dengan lokasi area selatan yang strategis dan parkir mobil yang aman hal yang saya jadikan perhatian adalah 1 selama menginap saya setiap jam 6 8 malam saya baru sampai kamar hotel selalu di membersihkan namun jika ingin mengganti handuk harus menelepon dulu ke resepsi dan agak lama datangnya 2 ramah staf operator yang menelepon tidak pernah jadi jika minta apa2 ke mereka dan mau hang up saya harus,KOMPETITOR,Bintang 3,IbisStylesJakartaSimatupang,positive,0.9895296692848206,"Location, Accessibility & Parking","Location, Accessibility & Parking (1.00); Facilities & Amenities (0.99); Service Quality (0.99)"
Fadly Oktaviano,2025,3,Kamar bagus tapi terlalu berisik oleh lalu lalang kendaraan yang ada di tol nya karena kurang kedap suara pengalaman staf kurang ramah ketua jam 9an sudah ditelp,KOMPETITOR,Bintang 3,IbisStylesJakartaSimatupang,negative,0.9936624765396118,Guest Experience,Guest Experience (0.91); Facilities & Amenities (0.84); Check in/out Experience (0.66)
Qiswah Property Syariah,2025,3,parkirang kurang dan tidak ada kolam renang nya ternyata jadi cocok buat bisnis saja klo anak2 kasian tidak ada kolam baru hehe klo hotel nya lumayan,KOMPETITOR,Bintang 3,IbisStylesJakartaSimatupang,positive,0.9972773194313049,"Location, Accessibility & Parking","Location, Accessibility & Parking (0.96); Facilities & Amenities (0.89); Pricing & Value for Money (0.73)"
Kak Aya Uya,2025,3,biasa dipakai untuk kegiatan rapat beberapa kali menginap mungkin di saya minus makanan yang di bawah ekspektasi saya pribadi bisa jadi ini di saya saja,KOMPETITOR,Bintang 3,IbisStylesJakartaSimatupang,negative,0.6518723368644714,Guest Experience,Guest Experience (0.85); Check in/out Experience (0.70); Pricing & Value for Money (0.58)
Puji Pertiwi,2022,3,untuk fasilitas kamar oke cuma sayang jendelanya berdebu banget jadi view diluar tidak enak keliatannya bbrp tamu buka pintu kamar ngobrol jadi berisik belum ada ketegasan dari petugas tapi untuk pelayanan nya mba vantya oke tegas dan ramah,KOMPETITOR,Bintang 3,IbisStylesJakartaSimatupang,positive,0.9920153617858887,Facilities & Amenities,Facilities & Amenities (0.82); Guest Experience (0.64); Service Quality (0.62)
Dina Mufliha,2023,3,untuk bentukan fisiknya enak ya standar ya tadinya pengen kasih bintang tiga saja karena pelayanan cek masuk lama kurang ramah dan kurang informatif tidak disuruh duduk dulu kek ato apa gt pls tidak sah mandang penampilan untuk ngelayanin tamunya dikasih tambahan bintang jadi empat karena ada gulingnya i lucuu tempat makanannya besar tapi untuk duduk rada ribet jam menunggu tamu lain selesai jus dan susu sptnya kurang higienis rawan jatoh kalau ditaro ditempat seperti itu juga stafnya juga cm dikit jadi kasian banyak yang dikerjain dan pesanan telor mata sapi saya jadi lama datengnya,KOMPETITOR,Bintang 3,IbisStylesJakartaSimatupang,negative,0.9256862998008728,Service Quality,Service Quality (0.87); Facilities & Amenities (0.85); Food & Beverage (0.84)
Athar Pras,2023,3,nginep saat puasa kamar cukup luas dan nyaman menu sahur nya lumayan mantab tempat parkirnya agak sempit resepsionis nya agak ketus dan kurang senyum apa karena memakai topeng jadi senyumnya tak melihat dia dia lainnya oke,KOMPETITOR,Bintang 3,IbisStylesJakartaSimatupang,positive,0.9687439799308777,Facilities & Amenities,"Facilities & Amenities (0.90); Room Quality & Comfort (0.89); Location, Accessibility & Parking (0.84)"
Bagus Aji,2024,3,bukber kantor di sini makannya yang biasa ditemui sehari hari rasanya pun biasa tidak istimewa update ada yang terlupakan yang paling mengecewakan itu adalah tekwan kok bisa bisanya judulnya tekwan tapi pakai baso ikan itu sudah bukan tekwan namanya,KOMPETITOR,Bintang 3,IbisStylesJakartaSimatupang,negative,0.7923256158828735,Food & Beverage,Food & Beverage (0.55); Booking & Reservation Experience (0.49); Guest Experience (0.24)
Arief Widya (Keong),2021,3,harga netnya 804rb per malam kalau bayar langsung danuk tidak diganti jika kita memperpanjang harus minta dulu sabun tidak otomatis diisi jadi ada kemungkinan lagi mandi sabun habis kaya yang saya alami makanannya biasa saja sangat tidak menguntungkan dibandingkan hotel yang di cipete sudah jauh lebih murah makanan lebih enak kloset di kamar mandi pakai semprotan dan itu bikin lantai basah,KOMPETITOR,Bintang 3,IbisStylesJakartaSimatupang,negative,0.9024696350097656,Pricing & Value for Money,Pricing & Value for Money (0.76); Facilities & Amenities (0.64); Booking & Reservation Experience (0.42)
Kang Pao,2020,3,sepertinya hanya cocok untuk singgah saja fasilitas terbatas menu dan rasa sarapan standar tidak ada yang istimewa kritik kemiringan lantai km mandi toilet menuju ke dalam kamar akibatnya udara lebih mengalir di dalam kamar daripada ke lobang pembuangan perlu sedikit pembenahan lain dianjurkan untuk singgah,KOMPETITOR,Bintang 3,IbisStylesJakartaSimatupang,positive,0.5867807269096375,Facilities & Amenities,Facilities & Amenities (0.99); Food & Beverage (0.90); Guest Experience (0.83)
Jeni Susilo,2022,3,menginap di ibis style simatupang terasa nyaman dengan pelayanan yang diberikan dengan memberikan kemudahan bagi penyandang disabilitas seperti saya terimakasih seluruh staf dan manajemen hotel juga untuk mb ade dan mb vantya,KOMPETITOR,Bintang 3,IbisStylesJakartaSimatupang,positive,0.9984139204025269,Service Quality,Service Quality (0.97); Staff Conduct & Hospitality (0.97); Service Efficiency & Responsiveness (0.97)
Anto Doel,2020,3,nyaman lah cuma kalau ada barang yang ktinggalan segera di info ke customer satu lagi pengembalian uang sisa deposit harus disertakan kwitansi,KOMPETITOR,Bintang 3,IbisStylesJakartaSimatupang,positive,0.9052843451499939,Service Efficiency & Responsiveness,Service Efficiency & Responsiveness (0.79); Service Quality (0.75); Pricing & Value for Money (0.58)
Didi Mulyadi,2021,3,Buat saya sebagai sopir tidak ada pasilitas ruang tunggu sama toilet parkir susah di besmen buat mobil velp fire kalau b 1 penuh,KOMPETITOR,Bintang 3,IbisStylesJakartaSimatupang,negative,0.8450625538825989,"Location, Accessibility & Parking","Location, Accessibility & Parking (0.78); Management & Policy Issues (0.61); Sustainability & Environmental Quality (0.60)"
Widayat Budiasto,2023,3,hotel yang nyaman akses strategis pelayanan baik pertahankan bro,KOMPETITOR,Bintang 3,IbisStylesJakartaSimatupang,positive,0.9993818998336792,Service Quality,Service Quality (0.99); Service Efficiency & Responsiveness (0.97); Facilities & Amenities (0.96)
Hutama Putra Wibawa,2021,3,desainya bagus tapi sangat minimalis dan kecil tapi sayangnya makananya biasa saja dan menuunya hanya sedikit saja pilihannya,KOMPETITOR,Bintang 3,IbisStylesJakartaSimatupang,positive,0.7931815385818481,Ambience & Design,Ambience & Design (0.91); Food & Beverage (0.80); Service Quality (0.74)
Jafis AR MHY,2020,3,hotel bagus dan strategis namun pelayana sudah lumayan bagus tempat parkir memadai,KOMPETITOR,Bintang 3,IbisStylesJakartaSimatupang,positive,0.9750974178314209,"Location, Accessibility & Parking","Location, Accessibility & Parking (0.98); Facilities & Amenities (0.96); Service Quality (0.88)"
ricky hariwibowo,2025,3,lokasi strategis sarapan cukup bsik,KOMPETITOR,Bintang 3,IbisStylesJakartaSimatupang,positive,0.9993471503257751,Food & Beverage,Food & Beverage (0.80); Facilities & Amenities (0.77); Sustainability & Environmental Quality (0.74)
wahyudi yudi,2022,3,Hrs ada menu pilihan setiap hari noval dan ibu ade,KOMPETITOR,Bintang 3,IbisStylesJakartaSimatupang,neutral,0.9843350052833557,Food & Beverage,Food & Beverage (0.85); Family & Group Friendly (0.57); Personalized & Special Services (0.50)
Robertto Eko Pranata,2023,3,ruangannya kecil dan agak bau ketika baru masuk agak kurg layak,KOMPETITOR,Bintang 3,IbisStylesJakartaSimatupang,positive,0.9514744877815247,Guest Experience,Guest Experience (0.76); Facilities & Amenities (0.72); Sustainability & Environmental Quality (0.61)
Chrysanthi Juzar,2023,3,tempat parkir kecil bgts menu makan siang b saja,KOMPETITOR,Bintang 3,IbisStylesJakartaSimatupang,positive,0.4985671639442444,Facilities & Amenities,"Facilities & Amenities (0.91); Location, Accessibility & Parking (0.90); Food & Beverage (0.67)"
ola Yolla,2025,3,lumayan,KOMPETITOR,Bintang 3,IbisStylesJakartaSimatupang,positive,0.9958822727203369,Facilities & Amenities,"Facilities & Amenities (0.78); Pricing & Value for Money (0.75); Cleanliness, Hygiene & Maintenance (0.74)"
Daryono wong bmsDaryono Wisnu,2022,3,kurang memuaskan pelayanannya mg kedepan lebih baik,KOMPETITOR,Bintang 3,IbisStylesJakartaSimatupang,negative,0.9803752303123474,Guest Experience,Guest Experience (0.89); Service Quality (0.77); Sustainability & Environmental Quality (0.66)
Wendy Via jonata,2025,3,nyaman deh pokoknya,KOMPETITOR,Bintang 3,IbisStylesJakartaSimatupang,positive,0.9980008006095886,Room Quality & Comfort,"Room Quality & Comfort (0.91); Family & Group Friendly (0.84); Cleanliness, Hygiene & Maintenance (0.84)"
Unofficial Account,2024,3,okelah buat penginapan perjalanan dinas,KOMPETITOR,Bintang 3,IbisStylesJakartaSimatupang,neutral,0.8015883564949036,Service Quality,Service Quality (0.82); Guest Experience (0.80); Facilities & Amenities (0.77)
DAMANHURI,2022,3,Mbhk rara hotel layanan bagus dan baik,KOMPETITOR,Bintang 3,IbisStylesJakartaSimatupang,positive,0.9981790781021118,Service Quality,Service Quality (1.00); Facilities & Amenities (0.99); Guest Experience (0.99)
Akbar Ramadhan Kusuma,2025,3,bagus dan enak,KOMPETITOR,Bintang 3,IbisStylesJakartaSimatupang,positive,0.9978848099708557,Facilities & Amenities,Facilities & Amenities (0.95); Food & Beverage (0.91); Sustainability & Environmental Quality (0.89)
Lulus Pujiono,2022,3,lobby ruang tgu tidak begitu nyaman,KOMPETITOR,Bintang 3,IbisStylesJakartaSimatupang,negative,0.9992340803146362,Guest Experience,Guest Experience (0.92); Check in/out Experience (0.81); Facilities & Amenities (0.77)
Unggul Sudrajat Galeri Omah Nara,2025,3,sering menginap di sini,KOMPETITOR,Bintang 3,IbisStylesJakartaSimatupang,positive,0.9952730536460876,"Cleanliness, Hygiene & Maintenance","Cleanliness, Hygiene & Maintenance (0.94); Cultural & Heritage Experience (0.88); Guest Experience (0.88)"
Arya Ramaniya,2020,3,makanan tidak enak,KOMPETITOR,Bintang 3,IbisStylesJakartaSimatupang,negative,0.9991520643234253,Food & Beverage,Food & Beverage (0.63); Sustainability & Environmental Quality (0.59); Management & Policy Issues (0.58)
Andhorid ID,2020,3,Saat ini masih baru masih banyak uang,KOMPETITOR,Bintang 3,IbisStylesJakartaSimatupang,positive,0.5847235918045044,Pricing & Value for Money,Pricing & Value for Money (0.58); Facilities & Amenities (0.43); Religious & Halal Features (0.38)
Aditya Arinanda,2020,3,Tidak ada kolam renang,KOMPETITOR,Bintang 3,IbisStylesJakartaSimatupang,negative,0.5080851912498474,Facilities & Amenities,"Facilities & Amenities (0.94); Sustainability & Environmental Quality (0.88); Cleanliness, Hygiene & Maintenance (0.86)"
Budi Sulistyo,2021,3,keluar hotel langsung ke kunci di pertigaan,KOMPETITOR,Bintang 3,IbisStylesJakartaSimatupang,neutral,0.9941831231117249,Service Efficiency & Responsiveness,Service Efficiency & Responsiveness (0.84); Safety & Security (0.80); Sustainability & Environmental Quality (0.78)
Adi Surya (ADIS),2021,3,tempat nya nyaman,KOMPETITOR,Bintang 3,IbisStylesJakartaSimatupang,positive,0.9994408488273621,Room Quality & Comfort,Room Quality & Comfort (0.99); Facilities & Amenities (0.93); Guest Experience (0.90)
Agus Ginting,2024,3,lokasi dekat pinggir jalan,KOMPETITOR,Bintang 3,IbisStylesJakartaSimatupang,positive,0.9988885521888733,Sustainability & Environmental Quality,Sustainability & Environmental Quality (0.83); Safety & Security (0.74); Service Efficiency & Responsiveness (0.74)
Teddy Setiawan,2023,3,kapasitas parkir sedikit,KOMPETITOR,Bintang 3,IbisStylesJakartaSimatupang,negative,0.5505641102790833,"Location, Accessibility & Parking","Location, Accessibility & Parking (0.92); Facilities & Amenities (0.87); Sustainability & Environmental Quality (0.70)"
Irfan Fauzi,2020,3,hotel baru samping citos,KOMPETITOR,Bintang 3,IbisStylesJakartaSimatupang,positive,0.538229763507843,Facilities & Amenities,"Facilities & Amenities (0.82); Sustainability & Environmental Quality (0.78); Cleanliness, Hygiene & Maintenance (0.74)"
Sigit Suyono,2023,3,mantap,KOMPETITOR,Bintang 3,IbisStylesJakartaSimatupang,positive,0.9991816878318787,"Cleanliness, Hygiene & Maintenance","Cleanliness, Hygiene & Maintenance (0.93); Facilities & Amenities (0.89); Sustainability & Environmental Quality (0.75)"
Bang Jimat,2022,3,bagus,KOMPETITOR,Bintang 3,IbisStylesJakartaSimatupang,positive,0.9981056451797485,"Cleanliness, Hygiene & Maintenance","Cleanliness, Hygiene & Maintenance (0.91); Facilities & Amenities (0.90); Sustainability & Environmental Quality (0.82)"
adzicro Kusuma,2020,3,seperti itu,KOMPETITOR,Bintang 3,IbisStylesJakartaSimatupang,negative,0.9794148802757263,"Cleanliness, Hygiene & Maintenance","Cleanliness, Hygiene & Maintenance (0.81); Facilities & Amenities (0.73); Sustainability & Environmental Quality (0.67)"
Puteri Paramita,2025,3,Ukuran kamar lokasi dan sarapan hotel sangat sesuai dengan harga yang saya bayar stafnya ramah dan mudah diajak bicara namun kamarnya bahkan di lantai 10 tidak ada suara kedap dan Anda dapat mendengar suara lalu lintas dari jalan tol terdekat hampir 24 jam sehari saya tidak bisa tidur lebih dari beberapa jam jika Anda mudah bangun dan membutuhkan istirahat total tanyakan pada diri sendiri apakah Anda benar-benar membutuhkan tidur atau Anda hanya membutuhkan hotel yang terjangkau,KOMPETITOR,Bintang 3,IbisStylesJakartaSimatupang,positive,0.5465027689933777,Facilities & Amenities,Facilities & Amenities (0.99); Pricing & Value for Money (0.98); Staff Conduct & Hospitality (0.98)
Ann Tan,2025,3,Saya hanya menginap semalam di sana tapi pengalamannya sungguh mengecewakan karena kamarnya baunya sangat sibuk bau apeknya begitu menyengat bahkan setelah saya mengoleskan minyak obat ke tersembunyi saya masih bisa menciumnya jika bukan karena saya memeriksa masuk terlambat dan memeriksa keluar lebih awal saya pasti sudah minta pindah kamar,KOMPETITOR,Bintang 3,IbisStylesJakartaSimatupang,negative,0.9968722462654114,Check in/out Experience,Check in/out Experience (0.96); Guest Experience (0.87); Facilities & Amenities (0.71)
Anggraini Ang,2024,3,Lokasinya bagus dekat dengan pusat perbelanjaan gaya hidup dengan supermarket dan restoran hanya 10 menit berjalan kaki kamarnya juga bagus tapi harganya agak mahal butuh waktu lama untuk menanyakan apa pun seperti sabun dll selain itu ketika Anda menelepon resepsi kadang tidak ada yang mengangkat,KOMPETITOR,Bintang 3,IbisStylesJakartaSimatupang,positive,0.904755711555481,Facilities & Amenities,Facilities & Amenities (0.99); Pricing & Value for Money (0.94); Guest Experience (0.88)
henry syarif,2025,3,hotel dengan harga terjangkau dan sesuai dengan harga akomodasi dan fasilitasnya,KOMPETITOR,Bintang 3,IbisStylesJakartaSimatupang,positive,0.9987133741378784,Pricing & Value for Money,Pricing & Value for Money (0.99); Facilities & Amenities (0.98); Service Efficiency & Responsiveness (0.76)
Rh,2023,3,Saya mengikuti pelatihan di sini sayang sekali makanan dan camilannya rasanya biasa saja tidak sepadan dengan harga lokasinya mudah diakses dengan transjakarta,KOMPETITOR,Bintang 3,IbisStylesJakartaSimatupang,negative,0.9224584102630615,Food & Beverage,Food & Beverage (0.98); Pricing & Value for Money (0.94); Facilities & Amenities (0.86)
takaki yukio,2024,3,kinerja biayanya bagus tapi fasilitasnya buruk saya khawatir sistem pembayaran kartu reservasi tidak berfungsi dengan baik di resepsionis hotel,KOMPETITOR,Bintang 3,IbisStylesJakartaSimatupang,negative,0.9991017580032349,Pricing & Value for Money,Pricing & Value for Money (0.92); Service Quality (0.82); Management & Policy Issues (0.81)
Adeyemi Abimbola,2022,3,stafnya bagus tapi makanannya selalu dingin selain masalah makanan sisanya bagus,KOMPETITOR,Bintang 3,IbisStylesJakartaSimatupang,positive,0.9576007127761841,Service Quality,Service Quality (0.97); Facilities & Amenities (0.90); Service Efficiency & Responsiveness (0.89)
arash ghajar,2023,3,Mereka tidak menyediakan colokan di kamar mandi untuk penggunaan clipper bahkan mereka tidak menyediakan kabel ekstensi daya untuk menyelesaikan masalah saya,KOMPETITOR,Bintang 3,IbisStylesJakartaSimatupang,negative,0.9972290396690369,Facilities & Amenities,Facilities & Amenities (0.97); Service Quality (0.89); Guest Experience (0.85)
Bintang Pamungkas,2020,3,tempatnya masih baru baru beberapa bulan kamar hotelnya biasa saja sandalnya sangat tidak nyaman,KOMPETITOR,Bintang 3,IbisStylesJakartaSimatupang,negative,0.9958806037902832,Facilities & Amenities,Facilities & Amenities (0.74); Guest Experience (0.67); Sustainability & Environmental Quality (0.60)
Jon Doe,2023,3,Tempat yang lumayan untuk menginap tidak terlalu bagus tapi tidak jelek juga lumayanlah,KOMPETITOR,Bintang 3,IbisStylesJakartaSimatupang,positive,0.9925493001937866,Room Quality & Comfort,Room Quality & Comfort (0.96); Facilities & Amenities (0.90); Guest Experience (0.87)
Purnama Dewi,2022,3,kamarnya bagus tapi kualitas makanannya di bawah ekspektasi rata rata,KOMPETITOR,Bintang 3,IbisStylesJakartaSimatupang,negative,0.9311109185218811,Guest Experience,Guest Experience (0.94); Facilities & Amenities (0.94); Ambience & Design (0.88)
Chikal Alsay,2025,3,bagus,KOMPETITOR,Bintang 3,IbisStylesJakartaSimatupang,positive,0.9981056451797485,"Cleanliness, Hygiene & Maintenance","Cleanliness, Hygiene & Maintenance (0.91); Facilities & Amenities (0.89); Sustainability & Environmental Quality (0.82)"
Maggie,2020,3,lumayan lah untuk ruang pertemuan dan makanannya lumayan tapi tempatnya cukup strategis,KOMPETITOR,Bintang 3,IbisStylesJakartaSimatupang,positive,0.9979515671730042,Food & Beverage,Food & Beverage (0.98); Facilities & Amenities (0.95); Room Quality & Comfort (0.82)
Pebi Pebriadi,2022,3,karena tata letak ruangannya nyaman jadi saya menikmatinya,KOMPETITOR,Bintang 3,IbisStylesJakartaSimatupang,positive,0.9993867874145508,Room Quality & Comfort,Room Quality & Comfort (0.99); Facilities & Amenities (0.98); Guest Experience (0.88)
GURPREET SINGH,2022,3,Tidak bisa menyajikan makanan India jika tidak bagus untuk menginap,KOMPETITOR,Bintang 3,IbisStylesJakartaSimatupang,negative,0.9467884302139282,Food & Beverage,Food & Beverage (0.89); Guest Experience (0.86); Facilities & Amenities (0.85)
Didi Achmad,2023,3,tempat yang mudah dijangkau di daerah jakarta selatan dekat dengan mall citos,KOMPETITOR,Bintang 3,IbisStylesJakartaSimatupang,positive,0.9987857937812805,Facilities & Amenities,"Facilities & Amenities (0.83); Service Efficiency & Responsiveness (0.80); Cleanliness, Hygiene & Maintenance (0.76)"
Edy Safrudin,2022,3,bersih dan nyaman stafnya membantu,KOMPETITOR,Bintang 3,IbisStylesJakartaSimatupang,positive,0.9991303086280823,Room Quality & Comfort,"Room Quality & Comfort (0.98); Service Quality (0.98); Cleanliness, Hygiene & Maintenance (0.96)"
Udin Labake,2022,3,Adhe imam dan bias,KOMPETITOR,Bintang 3,IbisStylesJakartaSimatupang,neutral,0.5609976649284363,Religious & Halal Features,Religious & Halal Features (0.68); Pricing & Value for Money (0.51); Management & Policy Issues (0.43)
Trias arfidini Tato,2022,3,area parkir terlalu kecil,KOMPETITOR,Bintang 3,IbisStylesJakartaSimatupang,negative,0.9866407513618469,"Location, Accessibility & Parking","Location, Accessibility & Parking (0.88); Facilities & Amenities (0.75); Management & Policy Issues (0.59)"
william halim,2021,3,"Oke, oke.",KOMPETITOR,Bintang 3,IbisStylesJakartaSimatupang,neutral,0.7126657962799072,"Cleanliness, Hygiene & Maintenance","Cleanliness, Hygiene & Maintenance (0.86); Facilities & Amenities (0.79); Sustainability & Environmental Quality (0.70)"
Wendri Wijaya,2023,3,bagus,KOMPETITOR,Bintang 3,IbisStylesJakartaSimatupang,positive,0.9981056451797485,"Cleanliness, Hygiene & Maintenance","Cleanliness, Hygiene & Maintenance (0.91); Facilities & Amenities (0.89); Sustainability & Environmental Quality (0.82)"
Aby rahman,2022,3,bagus,KOMPETITOR,Bintang 3,IbisStylesJakartaSimatupang,positive,0.9981056451797485,"Cleanliness, Hygiene & Maintenance","Cleanliness, Hygiene & Maintenance (0.91); Facilities & Amenities (0.90); Sustainability & Environmental Quality (0.82)"
said van bouman,2022,3,staf yang ramah,KOMPETITOR,Bintang 3,IbisStylesJakartaSimatupang,positive,0.9964560866355896,Service Quality,Service Quality (0.98); Staff Conduct & Hospitality (0.97); Service Efficiency & Responsiveness (0.92)
Richi Gunandi Sutarsa,2020,3,Begitulah,KOMPETITOR,Bintang 3,IbisStylesJakartaSimatupang,positive,0.996580183506012,"Cleanliness, Hygiene & Maintenance","Cleanliness, Hygiene & Maintenance (0.92); Facilities & Amenities (0.89); Sustainability & Environmental Quality (0.79)"
