User Name,Review Time,Rating,clean_text,Tipe,Kelas,Nama_Hotel,AI_Sentiment,AI_Sentiment_Score,AI_Primary_Theme,AI_All_Themes
Tsabit Lefi,2025,5,terbaik si ini kamarnya servicenya dan makanannya juga kamarnya memang tidak begitu luas tapi sangat nyaman dan dingin banget acnya hahha deket banget sama sarinah dan hi jadi klo mau cfd saat banget ini strategis di tengah kota pusat,KOMPETITOR,Bintang 3,HolidayInnExpressJakartaWahidhasyim,positive,0.9994019269943237,Facilities & Amenities,Facilities & Amenities (1.00); Room Quality & Comfort (0.99); Service Quality (0.99)
Annisa Yuli,2025,1,kamar kaya sauna ac mati exhause mati mending tidur di depan kamar lebih adem sudah telp bilang nya mau di cek sampai kami cek keluar saya masih komplain bilangnya akan di cek,KOMPETITOR,Bintang 3,HolidayInnExpressJakartaWahidhasyim,negative,0.9003992080688477,Facilities & Amenities,Facilities & Amenities (0.78); Check in/out Experience (0.72); Room Quality & Comfort (0.55)
Olenka Siregar,2025,4,Salah satu rekomendasi hotel tenang meskipun berada di pusat kota tepatnya di belakang gedung bawaslu pusat keramaian mudah dijangkau karena jarak berjalan kaki bukan hotel aneh2 jadi tamunya juga tidak aneh2 staf nya sangat ramah dan selalu tersenyum keamanan nya juga ramah pintu mobil dibukain dan langsung gercep bawa koper kita kamar bagus bersih ac nya fasilitas kamar dan kamar mandi lengkap yang bikin senang di sini sampo dan sabun yang dipakai merpati sarapannya enak tapi kurang banyak jenisnya untuk harga segitu tapi roti2 dan kue nya kayaknya boleh bungkus karena disediakan kantong kertas dan aku lihat ada beberapa tamu yang masuk2 di rot,KOMPETITOR,Bintang 3,HolidayInnExpressJakartaWahidhasyim,positive,0.9994251728057861,Facilities & Amenities,Facilities & Amenities (1.00); Staff Conduct & Hospitality (0.99); Service Efficiency & Responsiveness (0.98)
Mirma Alia Fahrani,2025,4,lokasi terletak di tengah kota jakarta pusat dekat dengan mall tempat makan pusat perkantoran ketika saya menginap di sana 3 malam banyak tamu yang menginap domestik maupun internasional saya menginap di kamar 321 tidak ada pemandangan di luar kamar saya buka gorden yang terlihat tembok warna putih jadi selama 3 malam menginap tidak buka gorden sama sekali makanan sarapan enak buah2nya juga matang manis staf resepsionis sekuriti ramah membantu,KOMPETITOR,Bintang 3,HolidayInnExpressJakartaWahidhasyim,positive,0.9990572333335876,Service Quality,Service Quality (0.41); Staff Conduct & Hospitality (0.38); Family & Group Friendly (0.35)
Aira _.,2025,4,untuk kamar bersih kasurnya empuk semua gag da masalah hanya menu sarapan nya tidak banyak pilhan dan rasa kalau dirating 6 5 atau 7 10 lah yang lain semuanya oke,KOMPETITOR,Bintang 3,HolidayInnExpressJakartaWahidhasyim,positive,0.9986276626586914,"Cleanliness, Hygiene & Maintenance","Cleanliness, Hygiene & Maintenance (0.98); Facilities & Amenities (0.97); Room Quality & Comfort (0.97)"
Tirta Kurniawan,2025,5,lokasi yang sangat strategis di tengah pusat kota bisa di cek di google map kamar sangat nyaman dan bersih toilet kelengkapan yang oke pelayanan ramah sarapan cukup lengkap namun menu kurang bervariasi,KOMPETITOR,Bintang 3,HolidayInnExpressJakartaWahidhasyim,positive,0.9990481734275818,Facilities & Amenities,Facilities & Amenities (0.97); Room Quality & Comfort (0.95); Service Quality (0.94)
andira putri,2025,5,Pelayannya mantap semua petugaanya gesit kamarnya bersih sarapannya lumayan enak 4 5 pusat kebugaran buka 24 jam ada ruang cuci juga yang menyenangkan tidak pelit udara mineral satu kamar disediakan 1 pitcher dan bisa refil di dispenser terdekat lokasi oke banget jalan 5 menit sampai sarinah ojek 10 menit ke monas atau ke hi mantap,KOMPETITOR,Bintang 3,HolidayInnExpressJakartaWahidhasyim,positive,0.9994595646858215,Service Quality,"Service Quality (0.99); Facilities & Amenities (0.99); Cleanliness, Hygiene & Maintenance (0.99)"
ajus jusa,2025,5,pengalaman yang sangat luar biasa menginap di hotel liburan masuk suite gajah mada sangat terjaga sekali kebersihan nya kolom renang sangat indah di sore hari pelayanan nya sangat luar biasa kepada massa aldyy,KOMPETITOR,Bintang 3,HolidayInnExpressJakartaWahidhasyim,positive,0.9992154836654663,"Cleanliness, Hygiene & Maintenance","Cleanliness, Hygiene & Maintenance (1.00); Facilities & Amenities (0.99); Service Quality (0.98)"
Irene Y,2025,5,lokasi yang direkomendasikan di pusat kota mudah dijangkau pelayanan sangat baik kamar cukup luas dan bersih terima kasih untuk istri yang telah menyambut dengan baik dan rizal yang merapikan dan membersihkan kamar,KOMPETITOR,Bintang 3,HolidayInnExpressJakartaWahidhasyim,positive,0.9993964433670044,Service Quality,Service Quality (1.00); Guest Experience (1.00); Facilities & Amenities (1.00)
Indah Lestary,2025,5,untuk kamar nya cukup bagus dan untuk staf nya ramah menu sarapan nya juga enak dan untuk staf fnb mas dimas sangat ramah dan membantu saya,KOMPETITOR,Bintang 3,HolidayInnExpressJakartaWahidhasyim,positive,0.9990082383155823,Facilities & Amenities,Facilities & Amenities (1.00); Room Quality & Comfort (0.99); Food & Beverage (0.99)
Peggy Anitza,2025,5,hotelnya enak dan kamarnya bagus banget untuk kebersiaan kamarnya bersih banget pelayanannya juga ramah untuk makanannya juga enak banget terima kasih,KOMPETITOR,Bintang 3,HolidayInnExpressJakartaWahidhasyim,positive,0.999334990978241,Facilities & Amenities,"Facilities & Amenities (0.99); Cleanliness, Hygiene & Maintenance (0.99); Staff Conduct & Hospitality (0.97)"
Khusnul K,2025,1,pengering rambut di kamar rusak gakbisa dibenerin dan gakada pengering rambut portabel gimana sih emg tidak diketuk berkala ya,KOMPETITOR,Bintang 3,HolidayInnExpressJakartaWahidhasyim,negative,0.9959755539894104,Facilities & Amenities,Facilities & Amenities (0.67); Service Quality (0.58); Management & Policy Issues (0.43)
Bagus Budianto,2025,3,datang cek masuk jam 16 15 kamar belum ada yang tersedia disuruh menunggu dan baru tersedia 17 00,KOMPETITOR,Bintang 3,HolidayInnExpressJakartaWahidhasyim,neutral,0.8374236226081848,Guest Experience,Guest Experience (0.83); Booking & Reservation Experience (0.82); Facilities & Amenities (0.80)
Fajar Edisya Putera,2025,3,hotel ini secara umum cukup baik tapi tidak menghadirkan layanan penuh dari ihg 1 tidak bisa mengklaim makanan dan minuman hadiah dari resepsionis bilang manajemen tidak menginginkan fungsi ini aktif 2 kualitas makanan jauh berkurang dibandingkan saya terakhir kesini saat sarapan saya tidak menemukan seperti olahan ayam atau ikan apa karena efek efisiensi jadi juga kualitas sarapan berkurang adanya olahan sosis 3 kondisi parkir masih sama seperti dulu penuh 4 meskipun menghadap jalan kamar cukup kedap,KOMPETITOR,Bintang 3,HolidayInnExpressJakartaWahidhasyim,negative,0.985931396484375,"Location, Accessibility & Parking","Location, Accessibility & Parking (0.97); Facilities & Amenities (0.96); Food & Beverage (0.84)"
Evi Lusiana,2025,5,kami mengadakan seminar fullboard di sini tempat mudah dijangkau kamar bersih dan nyaman pelayanan pak agung selama pertemuan sangat membantu kami selalu siap di dekat ruang rapat sehingga mudah dipanggil saat kami meninggalkan ruang dia selalu menjaga keamanan barang dan kebersihan ruang,KOMPETITOR,Bintang 3,HolidayInnExpressJakartaWahidhasyim,positive,0.9995006322860718,"Cleanliness, Hygiene & Maintenance","Cleanliness, Hygiene & Maintenance (1.00); Facilities & Amenities (1.00); Room Quality & Comfort (0.99)"
Christyna Marissani,2025,5,Pelayanan baru menu makan dn mnuman bnyk pilihan kebersih ruangan oke terima ksih pelayanan dri mas dimas dn rohman,KOMPETITOR,Bintang 3,HolidayInnExpressJakartaWahidhasyim,positive,0.9991243481636047,"Cleanliness, Hygiene & Maintenance","Cleanliness, Hygiene & Maintenance (0.99); Room Quality & Comfort (0.99); Service Quality (0.99)"
Febrina Natasia,2025,5,tempatnya nyaman menu rasa makanan enak enak pelayanan juga sangat sangat sigap dilayani dengan baik oleh kak dimas bahagia disini,KOMPETITOR,Bintang 3,HolidayInnExpressJakartaWahidhasyim,positive,0.999476969242096,Service Efficiency & Responsiveness,Service Efficiency & Responsiveness (1.00); Service Quality (0.99); Staff Conduct & Hospitality (0.98)
Agen Perisai BPJamsostek,2025,5,terima kasih pelayanan mas dimas dn rohman pelayanan ramah baik harum pilihan makanan dn mnuman bnyk makanan nya enak2,KOMPETITOR,Bintang 3,HolidayInnExpressJakartaWahidhasyim,positive,0.9994408488273621,Guest Experience,Guest Experience (0.99); Staff Conduct & Hospitality (0.99); Service Quality (0.99)
Fransiska Arista,2025,5,suka sama pelayananannya terutama bapak satpamnya yang super ramah dan membantu dengan tulus,KOMPETITOR,Bintang 3,HolidayInnExpressJakartaWahidhasyim,positive,0.9989833235740662,Staff Conduct & Hospitality,Staff Conduct & Hospitality (1.00); Service Quality (1.00); Guest Experience (1.00)
Sofia Nurul A,2025,5,alasan saya memilih dihotel ini karena lokasinya strategis dan review di google nya bagus menurut saya meskipun dari depan terlihat minimalis tapi ternyata luas kamarnya juga cukup luas untuk saya yang bepergian sendiri kulkas mininya unik hehehehhe ac nya juga dingin banget jadi saya betah untuk tidur tim resepsi nya baik dan telaten dalam melayani tamu secara keseluruhan saya puas menginap di sini jika lagi membutuhkan penginapan dijakpus pasti akan kembali ke sini lagi,KOMPETITOR,Bintang 3,HolidayInnExpressJakartaWahidhasyim,positive,0.9993247985839844,Staff Conduct & Hospitality,Staff Conduct & Hospitality (1.00); Service Efficiency & Responsiveness (1.00); Service Quality (0.99)
Arum P,2025,5,lokasi strategis dekat dengan pusat perbelanjaan dan daerah kuliner akses menuju hotel mudah dah banyak pilihan kamar bersih dan fasilitas lengkap staf ramah dan membantu direkomendasikan,KOMPETITOR,Bintang 3,HolidayInnExpressJakartaWahidhasyim,positive,0.9994781613349915,Facilities & Amenities,Facilities & Amenities (0.99); Service Quality (0.98); Service Efficiency & Responsiveness (0.97)
ranti tarihoran,2025,4,makanan di hotel ini enak pelayanannya juga baik sukses terus untuk liburan penginapan,KOMPETITOR,Bintang 3,HolidayInnExpressJakartaWahidhasyim,positive,0.9991508722305298,Service Quality,Service Quality (1.00); Food & Beverage (1.00); Facilities & Amenities (0.99)
hky 66,2025,5,kamar oke bersih dan untuk staf nya ramah untuk makan dan minum yang saya pesan semua nya enak untuk staf nya ramah terimakasih mas dimas telah memberikan pelayanan yang baik,KOMPETITOR,Bintang 3,HolidayInnExpressJakartaWahidhasyim,positive,0.9984561204910278,Food & Beverage,Food & Beverage (1.00); Room Quality & Comfort (0.99); Service Quality (0.99)
Astri Amalia Ramadhona,2025,5,hotelnya nyaman dan menyenangkan stafnya ramah jugaa selalu sigap membantu kamarnya bersih fasilitas lengkap dan sarapan juga enak hehe oiya lokasinya strategis cocok untuk yang mau liburan atau perjalanan bisnis,KOMPETITOR,Bintang 3,HolidayInnExpressJakartaWahidhasyim,positive,0.9994244575500488,Facilities & Amenities,Facilities & Amenities (1.00); Staff Conduct & Hospitality (0.99); Service Efficiency & Responsiveness (0.99)
Aprilia Wulandari,2025,5,overall pengalaman menginap di hotel ini sangat menyenangkan kamar bersih nyaman dan fasilitasnya lengkap staf hotel ramah dan selalu siap membantu lokasi strategis dekat ke sarinah dan tanah abang sarapan juga enak dan banyak pilihannya yang saya suka suasana hotel tenang cocok untuk istirahat setelah aktivitas sehari-hari wi fi nya juga kencang jadi nyaman untuk bekerja atau streaming kalau boleh saran proses cek masuk nya dipercepat lagi hehehe karena agak lama nunggunya secara keseluruhan saya puas dan pasti akan kembali ke sini terima kasih,KOMPETITOR,Bintang 3,HolidayInnExpressJakartaWahidhasyim,positive,0.9994522929191589,Facilities & Amenities,Facilities & Amenities (1.00); Guest Experience (0.99); Staff Conduct & Hospitality (0.98)
Reno Rindiatama,2025,5,kamar tenang dan nyaman menu sarapan nyaman di perut lokasi segar strategis dekat sarinah thamrin banyak ekspatriat asing menginap di sini,KOMPETITOR,Bintang 3,HolidayInnExpressJakartaWahidhasyim,positive,0.9992037415504456,Room Quality & Comfort,Room Quality & Comfort (1.00); Facilities & Amenities (0.99); Food & Beverage (0.96)
Aniza Ashianti,2025,5,hotelnya strategis karena dipusat kota kamar luas dan bersih toiletnya pun bersih staf nya ramah termasuk mas wahid yang mau bantu bersihkan kamar karena ada kejadian tak terduga ac dikamar berfungsi dengan baik dan kulkas mini nya ternyata berfungsi saya paling sukaa kopi di express bar karena rasanya unik dan harganya masih terjangkau sukes selalu liburan inn,KOMPETITOR,Bintang 3,HolidayInnExpressJakartaWahidhasyim,positive,0.999397873878479,Staff Conduct & Hospitality,"Staff Conduct & Hospitality (0.99); Cleanliness, Hygiene & Maintenance (0.98); Facilities & Amenities (0.98)"
Ngalimatuz zahro,2025,5,hotelnya keren nyaman dan pelayanannya juara stafnya ramah dan selalu sigap membantu bapak keamanan juga baik banget mau bantu ngangkat koper kami jadi merasa aman dan tenang selama menginap kamarnya bersih fasilitas lengkap dan sarapan juga enak lokasinya strategis cocok untuk perjalanan bisnis dan liburan menginap di sini benar benar benar pengalaman yang menyenangkan saya sangat puas dan pasti akan merekomendasikan hotel ini ke teman teman serta keluarga sukses terus semoga makin banyak tamu yang merasakan kenyamanan dan pelayanan terbaik di sini,KOMPETITOR,Bintang 3,HolidayInnExpressJakartaWahidhasyim,positive,0.9993564486503601,Staff Conduct & Hospitality,Staff Conduct & Hospitality (1.00); Family & Group Friendly (0.99); Facilities & Amenities (0.99)
Anggy Kartika,2025,5,baru pertama kali kesini dan pengalaman menginap di hotel ini luar biasa lokasinya strategis karena dekat dengan berbagai tempat menarik fasilitasnya lengkap banget mulai dari gym sendiri cuci sampai restoran nyaa okee banget stafnya juga super ramah dan cepat tanggap selalu siap bantu kami kapan saja kamar yang saya tempati bersih nyaman dan fasilitasnya lengkap bikin betah menginap di sini,KOMPETITOR,Bintang 3,HolidayInnExpressJakartaWahidhasyim,positive,0.999477207660675,Service Efficiency & Responsiveness,Service Efficiency & Responsiveness (0.99); Staff Conduct & Hospitality (0.99); Facilities & Amenities (0.98)
Azzahra Aninda,2025,5,overall hotelnya bagus dan pelayanan nya juga oke mulai dari keamanan sampai resepsi semua membantu kami proses cek masuk dan cek keluar nya cepat jadi kita tidak perlu menunggu lama ketika masuk kamarnya sudah bersih dan wangi siapkan handuk bersih dan disediakan minuman juga dekat juga jika mau gi dan sarinah,KOMPETITOR,Bintang 3,HolidayInnExpressJakartaWahidhasyim,positive,0.9991024732589722,Facilities & Amenities,"Facilities & Amenities (1.00); Service Efficiency & Responsiveness (1.00); Cleanliness, Hygiene & Maintenance (1.00)"
fuad zikri,2025,4,kamar lumayan nyaman beberapa kali nginep kamar kayak bau aroma rokok layanan oke tapi agak lama lokasi sangat strategis,KOMPETITOR,Bintang 3,HolidayInnExpressJakartaWahidhasyim,positive,0.9931607246398926,Service Quality,Service Quality (0.98); Room Quality & Comfort (0.98); Facilities & Amenities (0.96)
Muhammad Tyas Saputra,2025,4,hotelnya bagus kamar lobi nyaa luas dan banyak disediakan tempat duduk proses cek masuk nyaa mudah dan dilayani dengan ramah kamar single bedanya nyaman ac nyala dan dingin wifi nyaa cepat ternyata disediakan meja kerjanya jugaa saat menu sarapan pilihannya banyak dan menggoda berikutnya mau menginap disini lagi hehehehehhee,KOMPETITOR,Bintang 3,HolidayInnExpressJakartaWahidhasyim,positive,0.9994875192642212,Facilities & Amenities,Facilities & Amenities (0.99); Service Efficiency & Responsiveness (0.98); Service Quality (0.97)
Shifa Badrein,2025,5,belum pernah menginap saya review karena mau kasih apresiasi buat pintu orang dan resepsionis luarr biasa pelayanannya padahal saya cuma numpang nge charge hp baikk dan ramah bangett koper saya diangkut padahal tidak menginap disitu kondisinya saya bawa koper karena habis perjalanan luar kota kehabisan baterai hp smbil menunggu gocar terima kasih yaa,KOMPETITOR,Bintang 3,HolidayInnExpressJakartaWahidhasyim,positive,0.9928183555603027,Staff Conduct & Hospitality,Staff Conduct & Hospitality (1.00); Service Efficiency & Responsiveness (1.00); Service Quality (1.00)
nabila alvira,2025,5,pertama kali menginap di hotel ini cukup memuaskan dari proses checkin yang mudah kamar nya sesuai permintaan singe bed nya cukup nyaman untuk istirahat titik tambah nya disekitar hotel banyak jajanan dan tempat belanja jadi bisa sekalian cuci mata makanan di restoran nya juga enak dan termasuk terjangkau untuk ukuran hotel,KOMPETITOR,Bintang 3,HolidayInnExpressJakartaWahidhasyim,positive,0.9992955923080444,Facilities & Amenities,Facilities & Amenities (0.99); Service Quality (0.99); Service Efficiency & Responsiveness (0.97)
Annisya Bunga Rahmadhani,2025,4,saya sangat senang menginap di sini kasurnya empuk dan nyaman kamarnya rapi wangi dan fasilitasnya lengkap menu sarapannya enak ditambah lagi stafnya super ramah dan bahkan mau membantu membuat kopi suasana hotelnya juga tenang dan bersih membuat saya betah lokasinya strategis jadi mudah untuk pergi ke mana mana pelayanannya top banget,KOMPETITOR,Bintang 3,HolidayInnExpressJakartaWahidhasyim,positive,0.9995558857917786,Facilities & Amenities,Facilities & Amenities (1.00); Room Quality & Comfort (1.00); Food & Beverage (0.99)
Anugrah Romel Aldo,2025,5,Salah satu hotel terbaik di jakarta pusat lokasinya strategis makanannya beragam dan enak kamarnya jugaa bersih dan rapih dengan fasilitas lengkap yang bikin betah pelayanan dari para stafnya juga luar biasa ramah sigap dan selalu siap membantu terutama bapak keamanan kopi diexpress bar nya juga enak banget dan yang paling keren ruang cuci nya yang minimalis dan modern,KOMPETITOR,Bintang 3,HolidayInnExpressJakartaWahidhasyim,positive,0.9995810389518738,Facilities & Amenities,"Facilities & Amenities (1.00); Cleanliness, Hygiene & Maintenance (0.99); Service Efficiency & Responsiveness (0.98)"
Maharani Jodi11,2025,4,Pertama kalinya saya menginap di hotel ini dan saya merasa puas semua karyawan saya baik dan murah senyum cek masuk cepat kamar bersih nyaman fasilitas lengkap mulai dari gym sampai ada pencucian diri juga restoran baru juga lumayan luas dan bisa untuk bekerja sarapan pagi ini banyak variasi dan lezat,KOMPETITOR,Bintang 3,HolidayInnExpressJakartaWahidhasyim,positive,0.9991196990013123,Facilities & Amenities,Facilities & Amenities (1.00); Service Efficiency & Responsiveness (1.00); Service Quality (1.00)
Wildan Ashari,2025,5,pengalaman menginap yang menyenangkan lokasi hotel strategis didepan hotel terdapat halte trans jakarta di sisi kanan kiri sebrang banyak menjual makanan mini pasar dan coffeeshop ruang parkir cukup luas dan gedung bersih dan nyaman kondisi kamar yang bersih dan lengkap dikelasnya amenitas lengkap kulkas dan safe deposit box staf sangatt ramah,KOMPETITOR,Bintang 3,HolidayInnExpressJakartaWahidhasyim,positive,0.9995470643043518,Facilities & Amenities,"Facilities & Amenities (0.99); Location, Accessibility & Parking (0.99); Service Quality (0.98)"
Syifa Putri,2025,5,hotel yang saya rekomendasikan di jakarta pusat lokasinya dekat kemana saja termasuk grand indonesia dan tanah abang walaupun kamarnya gk terlalu luas tapi okelahh bersih dan halus kasurnya toiletnya bersih staf saat sarapan ramah pilihan menuunya juga banyak harganya juga gk terlalu mahal masih bersaing dengan hotel bintang tiga yang lainnya selanjutnya kalau ke jakarta pasti akan tinggal di sini lagi,KOMPETITOR,Bintang 3,HolidayInnExpressJakartaWahidhasyim,positive,0.9992720484733582,"Cleanliness, Hygiene & Maintenance","Cleanliness, Hygiene & Maintenance (0.98); Service Quality (0.98); Pricing & Value for Money (0.97)"
Zida Natasya R,2025,5,4 hari menginap di hotel ini sangat memuaskan proses cek masuk cepat resepsionisnya ramah bapak keamanan nya juga baik dan mau bantu kami mengeluarkan barang dari mobil fasilitasnya lengkap kasur dan bantalnya empuk meja kerjanya bagus dan kokoh jadi tetap semangat kerja walaupun sedang di hotel yang paling saya suka adalah steak dan peti semoga bisa menginap di sini lebih lama lagi,KOMPETITOR,Bintang 3,HolidayInnExpressJakartaWahidhasyim,positive,0.9991334080696106,Service Efficiency & Responsiveness,Service Efficiency & Responsiveness (1.00); Facilities & Amenities (0.99); Staff Conduct & Hospitality (0.99)
Wulan PuspitaMaharani,2025,5,Salah satu hotel strategis di Jakarta pusat kamar bersih dan wangi kasur dan bantal empuk banyak pilihan menu saat sarapan ac dikamar dingin kulkas mini nyaa jugaa dingin pelayanannya cepat lobi baru luas dan bersih sangat puas menginap di hotel ini selanjutnya pasti akan kembali lagi,KOMPETITOR,Bintang 3,HolidayInnExpressJakartaWahidhasyim,positive,0.9995423555374146,Facilities & Amenities,Facilities & Amenities (0.99); Service Quality (0.99); Room Quality & Comfort (0.99)
Aisyah Errin Prameswari,2025,5,bener bener hauche pelayanannya oke kamar bersih sarapan enak lengkap lokasi strategis banget deket sama sarinah,KOMPETITOR,Bintang 3,HolidayInnExpressJakartaWahidhasyim,positive,0.9994577765464783,Service Quality,Service Quality (1.00); Facilities & Amenities (1.00); Guest Experience (0.99)
SABRINA AYU FERNANDA,2025,5,Salah satu hotel bintang 3 terbaik di jakarta pusat lokasinya mendukung banget karena disekitar hotel banyak mall dan tempat wisata sejauh ini kamar nyaman ac dan tv nyala sarapan banyak pilihannya dan greatroom nya cukup luas staf saat sarapan juga ramah saran lebih baik parkirannya diperluas lagi supaya yang bawa kendaraan tidak bingung mau parkir di mana bagus,KOMPETITOR,Bintang 3,HolidayInnExpressJakartaWahidhasyim,positive,0.999417781829834,Facilities & Amenities,"Facilities & Amenities (1.00); Location, Accessibility & Parking (0.99); Staff Conduct & Hospitality (0.99)"
putri renata,2025,5,hotelnya cukup nyaman kamar bersih dan cukup luas kamar mandi bersih dan amenitasnya lengkap lokasi strategis dekat dengan pusat kota bisa jalan kaki untuk kuliner malam secara keseluruhan akan menjadi pilihan hotel kembali bila ke jakarta,KOMPETITOR,Bintang 3,HolidayInnExpressJakartaWahidhasyim,positive,0.999427855014801,Facilities & Amenities,"Facilities & Amenities (1.00); Room Quality & Comfort (0.99); Cleanliness, Hygiene & Maintenance (0.99)"
Shafyra Nabyla Maheswary,2025,5,lokasi hotelnya menjual sangat sih karena dekat ke sarinah tabang abang bundaran hi dan mall akses ke transportasi umum juga mudah lobi nya cukup luas jadi bisa untuk bekerja karena mejanya banyak dan wifi nya kencang kamar dan toilet nya bersih tv berfungsi dengan baik makanan saat sarapan juga enak dan banyak pilihannya berikutnya akan tinggal lebih lama lagi terima kasih,KOMPETITOR,Bintang 3,HolidayInnExpressJakartaWahidhasyim,positive,0.999549925327301,Facilities & Amenities,Facilities & Amenities (0.99); Service Quality (0.93); Guest Experience (0.91)
Miftahur Ramadhani,2025,5,lokasi hotelnya strategis banget dipusat kota saat dateng disambut pak keamanan lobi nya luas dan banyak tempat menunggu resepsi nyaa ramah dan proses cek masuk cepat kamarnya nyaman dan pemandangan kota view nya bagus bangett terima kasih,KOMPETITOR,Bintang 3,HolidayInnExpressJakartaWahidhasyim,positive,0.9995779395103455,Service Efficiency & Responsiveness,Service Efficiency & Responsiveness (0.99); Staff Conduct & Hospitality (0.99); Facilities & Amenities (0.99)
Salsabila Iwanina,2025,5,hotelnya oke kamarnya nyaman dan bersih staf ramah lokasinya juga strategis banget deket jika mau kemana mana dan aksesnya mudah lobi nya juga luas dan banyak tempat duduk jadi bisa santai waktu menunggu proses checkin cepat saran saja mungkin bisa diperluas area parkirnya jadi buat tamu yang bawa kendaraan bisa parkir dengan mudah secara keseluruhan semua nya oke dan pasti akan kesini lagi,KOMPETITOR,Bintang 3,HolidayInnExpressJakartaWahidhasyim,positive,0.9992685914039612,Facilities & Amenities,"Facilities & Amenities (0.99); Location, Accessibility & Parking (0.99); Staff Conduct & Hospitality (0.95)"
Alika Sinta,2025,5,Salah satu hotel terbaik di Jakarta pusat hotelnya bagus dan strategis lobi luas staf dihotel ramah proses cek masuk mudahh dan cepat makanan saat sarapan enak harga juga masih terjangkau untuk level bintang 3 saran lebih diperhatikan parkirnya baru selebihnya sudah bagus,KOMPETITOR,Bintang 3,HolidayInnExpressJakartaWahidhasyim,positive,0.9994696974754333,"Location, Accessibility & Parking","Location, Accessibility & Parking (0.99); Pricing & Value for Money (0.98); Service Efficiency & Responsiveness (0.96)"
Mega Fauziah Aryanti,2025,4,pengalaman menginap yang memuaskan selama tiga hari menginap di sini selalu dapat pengalaman yang memuaskan kamarnya bersih kasur dan bantal empuk makanan saat sarapan enak staf saat sarapan ramah peralatan diruang gym baru lengkap,KOMPETITOR,Bintang 3,HolidayInnExpressJakartaWahidhasyim,positive,0.9993371367454529,Facilities & Amenities,Facilities & Amenities (1.00); Service Quality (1.00); Room Quality & Comfort (0.99)
Idah Faridah,2025,5,puas banget menginap disini hotel bintang 3 dengan pelayanan juara proses cek masuk nya cepat dan tim fo nya juga ramah sambil ngajak ngobrol view kamarnya cantik dengan kasur empuk dan selimut harum sarapannya enak banget staf yang bernama roman murah senyum m dan baik banget mau bantuin saya ambil minum saat sarapan terima kasih liburan inn berikutnya pastii kesini lagi,KOMPETITOR,Bintang 3,HolidayInnExpressJakartaWahidhasyim,positive,0.9993956089019775,Service Efficiency & Responsiveness,Service Efficiency & Responsiveness (1.00); Service Quality (1.00); Staff Conduct & Hospitality (1.00)
Ramdani Chaniago,2025,5,meskipun ekspres tapi nyaman kamarnya tidak terlalu kecil fasilitasnya lengkap seperti hotel pada umumnya harga masih terjangkau staf ramah sarapan nya banyak pilihan menu saranya ajaa mungkin lebih diperhatikan lagi untuk parkir nya selebihnya sudah bagus,KOMPETITOR,Bintang 3,HolidayInnExpressJakartaWahidhasyim,positive,0.9985734224319458,Facilities & Amenities,"Facilities & Amenities (0.99); Staff Conduct & Hospitality (0.98); Location, Accessibility & Parking (0.97)"
Nelson Aldora,2025,5,Sejauh ini oke selama dua hari tinggal di liburan Inn wahid hasyim kamar okee ac dan mini kulkas berfungsi proses cek masuk cepat resepsionis dan keamanan ramah staf saat sarapan juga baik lokasi hotelnya dekat dengan sarinah dan tanah abang harga makanan dan minuman di restoran masih terjangkau,KOMPETITOR,Bintang 3,HolidayInnExpressJakartaWahidhasyim,positive,0.9992263317108154,Service Efficiency & Responsiveness,Service Efficiency & Responsiveness (1.00); Facilities & Amenities (1.00); Staff Conduct & Hospitality (1.00)
Lisa Fionita,2025,5,Terimakasih liburan di hotel saya merasa senang menginap di sini semua stafnya ramah termasuk keamanan dan resepsi proses cek masuk cepat sarapan enak meskipun dari depan terlihat minimalis ternyata oke juga kamarnyaa kasur empuk ac dingin dan wifi nya lumayan cepat jadi bisa dipakai untuk pertemuan google,KOMPETITOR,Bintang 3,HolidayInnExpressJakartaWahidhasyim,positive,0.9993651509284973,Staff Conduct & Hospitality,Staff Conduct & Hospitality (1.00); Service Efficiency & Responsiveness (1.00); Facilities & Amenities (1.00)
Bambang Setiawan,2025,5,kamar kurang luas dan jendela tidak ada pemandangan tertutup tembok,KOMPETITOR,Bintang 3,HolidayInnExpressJakartaWahidhasyim,negative,0.9847345352172852,Facilities & Amenities,Facilities & Amenities (0.91); Ambience & Design (0.65); Sustainability & Environmental Quality (0.62)
Eky Muriza,2025,1,Berapa kali menginap di sini 1x dikasih kamar merokok padahal sudah jelas reservasi tidak merokok 1x dikasih kamar bocor dan dijanjikan kompensasi 1 malam tapi ternyata tidak ada,KOMPETITOR,Bintang 3,HolidayInnExpressJakartaWahidhasyim,negative,0.997115969657898,Booking & Reservation Experience,Booking & Reservation Experience (0.82); Guest Experience (0.76); Pricing & Value for Money (0.62)
Nur Hafifah,2025,5,rekomendasi hotel di jakarta semuanya oke mulai darii staf sarapan kamar dan kebersihan lokasi hotelnya juara bangett karena deket kee mana mana harga masih masuk lah untuk hotel di jakarta pusat suatu saat pastii akan kembali ke sini,KOMPETITOR,Bintang 3,HolidayInnExpressJakartaWahidhasyim,positive,0.9994121789932251,"Cleanliness, Hygiene & Maintenance","Cleanliness, Hygiene & Maintenance (1.00); Staff Conduct & Hospitality (1.00); Service Quality (1.00)"
Joly Tonius,2025,2,kebersihan bagus kamar tidak cocok jika ingin menginap bersama teman karena pintu toilet tidak bisa dikunci saya merasa terganggu dengan suara dari kamar tetangga bisa mendengar suara alarm dengkuran dll,KOMPETITOR,Bintang 3,HolidayInnExpressJakartaWahidhasyim,negative,0.9732185006141663,Service Quality,"Service Quality (0.99); Facilities & Amenities (0.98); Cleanliness, Hygiene & Maintenance (0.95)"
nadiffa ashariana putri,2025,5,pengalaman menginap yang menyenangkan lokasi hotel strategis didepan hotel terdapat halte trans jakarta di sisi kanan kiri sebrang banyak menjual makanan mini pasar dan coffeeshop ruang parkir cukup luas dan gedung bersih kondisi kamar yang bersih dan lengkap dikelasnya amenitas lengkap kulkas dan safe deposit box staf ramah untuk pilihan sarapan sangat bervariasi dengan rasanya cukup enak pelayanannya ramah dan keluarga besar kami dilayani dengan baik oleh mbak dan terimakasih mbak dan sudah melayani kami dengan baik selama kami menginap di sana,KOMPETITOR,Bintang 3,HolidayInnExpressJakartaWahidhasyim,positive,0.9995477795600891,Family & Group Friendly,Family & Group Friendly (1.00); Facilities & Amenities (0.99); Service Quality (0.98)
LIA NINGSIH,2025,5,Setiap ada acara di Jakarta pasti pakai hotel ini hartanya terjangkau dan disekitar hotel banyak mall dan tempat wisata jadi bisa sekalian sembuh hehehehehe hotelnya nyaman lobi sampai kamar bersih dan wangi staf di hotel ini juga ramah terutama bapak keamanan nya kalian harus mencoba pesan yang kota view karena pemandangan baru bagus banget tidak perlu memilih hotel liburan wahid hasyim,KOMPETITOR,Bintang 3,HolidayInnExpressJakartaWahidhasyim,positive,0.9994497895240784,Staff Conduct & Hospitality,Staff Conduct & Hospitality (0.99); Service Efficiency & Responsiveness (0.96); Facilities & Amenities (0.95)
Meri Anjani,2025,5,hotelnya keren pelayanannya sih juara bangett dari awal datang sudah disambut dengan baik resepsionis cepat tanggap kamarnya baru dingin wifi berfungsi dengan baik makanan nya menggiurkan sesuai dengan harga nyaa,KOMPETITOR,Bintang 3,HolidayInnExpressJakartaWahidhasyim,positive,0.999286949634552,Service Quality,Service Quality (1.00); Service Efficiency & Responsiveness (1.00); Staff Conduct & Hospitality (0.99)
Tia Kamila,2025,5,selalu pilih holiday inn wahid hasyim kalau menginap di jakarta pusat hotelnya dipusat kota lobby nya luas dan disediakan banyak tempat duduk jadi kita untuk tamu merasa diperhatikan menu sarapan banyak pilihannya ac dingin toilet bersih staf nya ramah dan selalu menjaga kebersihan bapak keamanan nya juga baik banget mau bantu angkat koper kami lihat anda holiday inn wahid hasyim,KOMPETITOR,Bintang 3,HolidayInnExpressJakartaWahidhasyim,positive,0.9995735287666321,Facilities & Amenities,"Facilities & Amenities (1.00); Staff Conduct & Hospitality (0.99); Cleanliness, Hygiene & Maintenance (0.99)"
novia rahman,2025,5,Pertama kali menginap di sini sangat memuaskan resepsi baik pemandangan nyaa bagus lobi luas makanan saat sarapan lumayan enak restoran nyaa bersih dan nyaman harga makanan di resto juga masih terjangkau ternyata hotel ini tidak jauh dari pasar tanah abang jadii bisa sekalian belanja deh,KOMPETITOR,Bintang 3,HolidayInnExpressJakartaWahidhasyim,positive,0.9994866847991943,Facilities & Amenities,Facilities & Amenities (0.97); Service Quality (0.97); Pricing & Value for Money (0.97)
Ferdian PPF,2025,5,setelah mungkin sekitar 2 tahun yang lalu menginap di sini awal tahun 2020 sebeum pandemi melanda dan alhamdulillah berkesempatan menginap lagi di hotel ini selalu suka dan menyenangkan ketika menginap di hotel ini lokasi yang strategis dan mudah diakses menjadi salah satu pertimbangan utama untuk menginap di hotel ini selain itu pelayanan yang ramah dan baik dari staf hotel ini kepada para pengunjung membuat tamu akan kembali menginap lagi di hotel ini ketika ada kebutuhan bisnis atau yang lain di daerah jakarta pusat kamar hotel nya bersih dan alhamdulillah kali ini dapat kamar yang berukuran lebih luas jaringan internet wifi hotel cukup kencang tersedia safety box kulkas kecil serta tersedia beberapa peralatan lainnya,KOMPETITOR,Bintang 3,HolidayInnExpressJakartaWahidhasyim,positive,0.9988157749176025,Staff Conduct & Hospitality,Staff Conduct & Hospitality (1.00); Service Efficiency & Responsiveness (0.99); Service Quality (0.99)
Naswa Ayusya Prananda,2025,5,dapet rekomendasi hotel ini dari temen kantor saya hotelnya bagus kamarnya nyaman untuk bermalam kasur empuk handuk baru toilet bersih sarapan nya enak cuci nya berfungsi tim housekeeping nya ramah harga kopi dan makanan di express bar juga termasuk terjangkau untuk hotel dijakarta pusat,KOMPETITOR,Bintang 3,HolidayInnExpressJakartaWahidhasyim,positive,0.9995831847190857,Facilities & Amenities,"Facilities & Amenities (1.00); Cleanliness, Hygiene & Maintenance (1.00); Food & Beverage (0.99)"
tiara nabilah,2025,5,selama menginap di diholiday inn dapat pengalaman baik lokasi hotel startegis dekat sarinah gi harga nya juga masih standar untuk sekelas bintang 3 karyawan nya ramah ramah kopi di express bar nya juara banget,KOMPETITOR,Bintang 3,HolidayInnExpressJakartaWahidhasyim,positive,0.9995762705802917,Service Quality,Service Quality (0.99); Staff Conduct & Hospitality (0.98); Service Efficiency & Responsiveness (0.98)
Khofifah Alawiyah,2025,5,happy banget stay here kamarnya harum bersih menu makanan nya enak enak staf nya juga ramah terutama mas edison lokasinya strategis karna dekat ke tanah abang dan mall di jakarta tidak nyesel tinggal di hotel ini selanjutnya akan tinggal lebih lama lagi jika ke jakarta,KOMPETITOR,Bintang 3,HolidayInnExpressJakartaWahidhasyim,positive,0.9995835423469543,Staff Conduct & Hospitality,Staff Conduct & Hospitality (0.99); Service Efficiency & Responsiveness (0.98); Service Quality (0.98)
dilaayu ananda,2025,5,senang banget stay di holiday inn wahid hasyim harganya layak kamar nyaman semua peralatan dikamar berfungsi nasi goreng saat saat saat sarapan nya enak bangett resepsi dan keamanan ramah suatu saat akan kembali kembali kesini terima kasih,KOMPETITOR,Bintang 3,HolidayInnExpressJakartaWahidhasyim,positive,0.9994803071022034,Facilities & Amenities,Facilities & Amenities (1.00); Pricing & Value for Money (0.98); Safety & Security (0.98)
Dhedhe Dirgawijaya,2025,4,kamar tidak terlalu besar tapi semua ruang berfungsi maksimal ada cuci gratis untuk paket menu menginap panjang sarapan standar tapi untuk kue cukup enak dan bisa dibungkus tersedi tas kertas untuk perhotelan sangat bagus ada tempat gym 24 jam yang tidak begitu luas tapi sangat berfungsi dengan baik lahan parkir kecil dan lokasi sangat strategis dekat stasiun mrt dan berhenti tj,KOMPETITOR,Bintang 3,HolidayInnExpressJakartaWahidhasyim,positive,0.9992688298225403,Facilities & Amenities,"Facilities & Amenities (0.99); Location, Accessibility & Parking (0.99); Service Quality (0.85)"
irma armenia,2025,5,sarapan sederhana tapi serasa resto bintang mesin kopinya oke tk buat kak vita atas senyum dan keramahannya,KOMPETITOR,Bintang 3,HolidayInnExpressJakartaWahidhasyim,positive,0.9993677735328674,Service Quality,Service Quality (0.94); Staff Conduct & Hospitality (0.89); Food & Beverage (0.88)
Giatri Maharani,2025,5,termasuk layak dengan harga segitu keamanan nya ramah resepsi cepat melayani kamar bersih dan wangi makanan enak fasilitas lengkap lokasi nya strategis banget jadi berasa liburan karena bisa pergi ke beberapa tempat berikutnya pasti kembali lagi,KOMPETITOR,Bintang 3,HolidayInnExpressJakartaWahidhasyim,positive,0.9995494484901428,Facilities & Amenities,Facilities & Amenities (1.00); Service Efficiency & Responsiveness (1.00); Pricing & Value for Money (0.99)
Benedik Noya,2025,5,hotel ini sangat nyaman dan stafnya pun sangat ramah walaupun hotel ini terlihat sederhana namun kamarnya bersih dan harum sehingga sangat nyaman sekali untuk menginap dan saya juga berterima kasih kepada staf yang sudah membantu saya membersihkan kamar saya,KOMPETITOR,Bintang 3,HolidayInnExpressJakartaWahidhasyim,positive,0.9990209341049194,Staff Conduct & Hospitality,Staff Conduct & Hospitality (0.95); Service Quality (0.93); Room Quality & Comfort (0.89)
Shafa Karmila,2025,5,Ini kali kedua saya menginap di Holiday Inn Wahid Hasyim secara keseluruhan semuanya baik saja ketika datang disambut baik oleh resepsi keamanan ramah dan mau menjelaskan secara rinci makanan nya juara banget view kamarnya bagus banget karena pesen yang kota view harganyaa juga layak untuk manfaat sebanyak ini terima kasih Holiday Inn,KOMPETITOR,Bintang 3,HolidayInnExpressJakartaWahidhasyim,positive,0.9985039234161377,Staff Conduct & Hospitality,Staff Conduct & Hospitality (1.00); Service Quality (1.00); Service Efficiency & Responsiveness (1.00)
Puji Ayu Lestari,2025,5,Salah satu hotel yang mengutamakan layanan ke tamu baru kali ini nginap dihotel yang dari awal sampai akhir tidak ada masalah apapun hotelnya bagus nyaman bersih harga masih standar fasilitas lengkap sarapan beragam staf nya baik pokoknya,KOMPETITOR,Bintang 3,HolidayInnExpressJakartaWahidhasyim,positive,0.9990279674530029,Service Quality,Service Quality (1.00); Facilities & Amenities (0.99); Guest Experience (0.99)
Jumhan Prayitno,2025,5,Ada beberapa ruang pertemuan serbaguna dilantai 10 tempanya bersih dan rapi,KOMPETITOR,Bintang 3,HolidayInnExpressJakartaWahidhasyim,positive,0.9986026883125305,Facilities & Amenities,"Facilities & Amenities (0.98); Service Quality (0.89); Cleanliness, Hygiene & Maintenance (0.87)"
Reza Aprilia,2025,5,untuk makanan konsumsi kartu baru enak terutama di nasi goreng baru untuk pelayanan dari mas dimas cukup baik dan ramah,KOMPETITOR,Bintang 3,HolidayInnExpressJakartaWahidhasyim,positive,0.9954131245613098,Service Quality,Service Quality (1.00); Guest Experience (1.00); Food & Beverage (1.00)
Ginafebrina Febrina,2025,5,bagus banget pelayanannya apalagi makanannya juga enak makan di resto stafnya ramah juga ngebantu banget terutama mas dimas makasi buat pelayanannya,KOMPETITOR,Bintang 3,HolidayInnExpressJakartaWahidhasyim,positive,0.9989367127418518,Service Quality,Service Quality (0.99); Staff Conduct & Hospitality (0.94); Guest Experience (0.88)
destania shalsabilla,2025,5,hotelnya bagus kebersihan terjamin stafnya sangat ramah dan bisa membantu kita makanan yang disajikan juga cukup enak rekomen buat yang mau ajak keluarga menginap di sini,KOMPETITOR,Bintang 3,HolidayInnExpressJakartaWahidhasyim,positive,0.9991771578788757,"Cleanliness, Hygiene & Maintenance","Cleanliness, Hygiene & Maintenance (0.99); Staff Conduct & Hospitality (0.99); Service Quality (0.99)"
Diva Fitri,2025,5,hotelnya bagus pelayanan nya bagus kamar nyaman view nya keren toilet bersih makanannya mantul dekat juga kalau mau ke mall untuk sekelas hotel bintang 3 termasuk okee lah,KOMPETITOR,Bintang 3,HolidayInnExpressJakartaWahidhasyim,positive,0.9994848966598511,Service Quality,Service Quality (0.99); Facilities & Amenities (0.99); Room Quality & Comfort (0.98)
Shafandya Wristi,2025,5,pengalaman menginap disini nyaman banget kemaren sempet tinggal sebentar mau ada pertemuan daerah deket hotel kamarnya nyaman banget aku bahagia banget,KOMPETITOR,Bintang 3,HolidayInnExpressJakartaWahidhasyim,positive,0.9992423057556152,Guest Experience,Guest Experience (0.98); Check in/out Experience (0.95); Facilities & Amenities (0.82)
Alsastika Lovia,2025,5,hotel nya nyaman banget fasilitasnya lengkap staf nya juga ramah ramahh bgtt seneng deh bisa nginep dihotel ini ini lain kali mau nginep disini lagii,KOMPETITOR,Bintang 3,HolidayInnExpressJakartaWahidhasyim,positive,0.9993109703063965,Facilities & Amenities,Facilities & Amenities (0.99); Staff Conduct & Hospitality (0.97); Service Efficiency & Responsiveness (0.89)
Naomi Juntak,2025,4,stay in here karena event kantor karena d pusat kota tapi aku tidak akan kembali ke hotel ini lg karena menurutku dari awal aku memeriksa masuk resepsionis kurang ramah kemudian ketika ibuku membuat nyusul cek masuk padahal dari pagi ketika aku mau keluar aku sudah mencatat ke resepsi bahwa di kamarku nanti ada ibuku yang datang tlg d bantu ya mnrtku org2 itu benar2 kurang ramah dan pellit senyum 2 aroma kamar kurang enak bau sepre bantal apeg bau bau sangat sangat sampai aku malam2 minta ganti baru 3 gantung baju cm ada 1 doank d kamar apakah pin bnr cm1 aku akhirnya,KOMPETITOR,Bintang 3,HolidayInnExpressJakartaWahidhasyim,negative,0.9970914125442505,Check in/out Experience,Check in/out Experience (0.95); Guest Experience (0.66); Booking & Reservation Experience (0.56)
Liliana Lin,2025,5,ini tempatnya betul2 strategis bisa jalan saja dari hotel ke mall cari makan dan juga lsg depannya hentikan bus semua staf nya ramah dan sangat membantu kamarnya bagus bersih dan nyaman,KOMPETITOR,Bintang 3,HolidayInnExpressJakartaWahidhasyim,positive,0.9994555115699768,Room Quality & Comfort,Room Quality & Comfort (1.00); Facilities & Amenities (1.00); Service Efficiency & Responsiveness (0.99)
Inara Saka,2025,5,kamar nya sangat bersih staf sangat ramah untuk lokasi strategis karena deket banget sama mall untuk memeriksa masuk prosesnya baru cepat apalagi untuk staf yang nama mba dan dan mba selmi sangat ramah dalam melayani tamu baik deh untuk ihg,KOMPETITOR,Bintang 3,HolidayInnExpressJakartaWahidhasyim,positive,0.9993034601211548,Guest Experience,Guest Experience (0.99); Staff Conduct & Hospitality (0.99); Room Quality & Comfort (0.98)
isnaini bakrie,2025,5,kami tinggal 2 malam saat akhir pekan panjang di atas semua kami puas tinggal di hotel ini dan akan menginap kembali kamar dan kamar mandi bersih serta berlantai kayu sarapan standar saja namun sesuai dengan harga kamar yang relatif murah untuk lokasi yang tepat di tengah kota sedikit kekurangan kami datang sebelum jam cek masuk dan permintaan untuk lantai atas namun saat kami kembali ternyata kamar kami belum siap dan diberi kamar di lantai 3 terimakasih,KOMPETITOR,Bintang 3,HolidayInnExpressJakartaWahidhasyim,positive,0.9973644614219666,Facilities & Amenities,"Facilities & Amenities (0.98); Cleanliness, Hygiene & Maintenance (0.98); Pricing & Value for Money (0.98)"
Meita Abigail,2025,1,Dari segi lokasi memang sangat bagus karena dekat dengan transportasi umum dan tempat makan masalahnya adalah parkir yang kurang terorganisir setelah check out kami harus menunggu lama agar bisa keluar dari hotel karena kebetulan bisa parkir di dalam sedangkan pihak keamanan tidak tahu menahu tentang mobil yang parkir paralel di depan mobil kami ini sebenarnya masalah dasar yang seharusnya dapat diatur dengan baik oleh pihak hotel kami terus terang sangat kecewa sampai saat ini ulasan ini dibuat kami masih di lobi karena mobil tidak bisa keluar,KOMPETITOR,Bintang 3,HolidayInnExpressJakartaWahidhasyim,negative,0.9986850619316101,"Location, Accessibility & Parking","Location, Accessibility & Parking (0.99); Check in/out Experience (0.73); Guest Experience (0.70)"
Dzul Renaldy Ali (Erluzd),2025,4,Salah satu penginapan yang berlokasi strategis di tengah pusat kota dan dekat dengan sarinah untuk pilihan kamar beragam pilihan sarapannya lumayan tersedia area gym,KOMPETITOR,Bintang 3,HolidayInnExpressJakartaWahidhasyim,positive,0.99949049949646,Facilities & Amenities,Facilities & Amenities (0.89); Service Efficiency & Responsiveness (0.75); Food & Beverage (0.74)
Barbie Mae-Elsyam,2025,5,hotelnya nyaman fasilitas oke dan variasi menu sarapan juga lebih banyak makasi juga untuk mba dan yang sudah gercep membantu saya selama saya menginap,KOMPETITOR,Bintang 3,HolidayInnExpressJakartaWahidhasyim,positive,0.9986507296562195,Facilities & Amenities,Facilities & Amenities (1.00); Service Quality (0.99); Guest Experience (0.98)
Arandelle Official,2025,5,hotelnya bagus letaknya strategis dekat sarinah dan bundaran hi akses bus trans pun sampai ke depan hotelnya stafnya ramah2 dan cocok banget buat buat pertemuan konferensi wfc disini karena nyaman bersih wifi gratis modern,KOMPETITOR,Bintang 3,HolidayInnExpressJakartaWahidhasyim,positive,0.9995653033256531,Staff Conduct & Hospitality,Staff Conduct & Hospitality (0.99); Facilities & Amenities (0.98); Service Quality (0.97)
Sobat Traveler,2025,5,Hotel ini sangat cocok dan saat bagi anda yang sedang memiliki kegiatan di pusat kota jakarta sangat mudah mencari tempat makan dekat dengan minimarket tidak jauh dari pusat perbelanjaan dekat bioskop dan banyak lagi yang bisa anda jelajahi di daerah sekitar hotel catatan penting bagi anda seorang vaper atau perokok sekaligus vaping hotel ini memiliki kebijakan yang cukup aneh di mana kamar merokok baru boleh merokok tapi tidak boleh vaping jika melanggar akan dikenakan denda 1 3 juta,KOMPETITOR,Bintang 3,HolidayInnExpressJakartaWahidhasyim,positive,0.9952821135520935,Pricing & Value for Money,Pricing & Value for Money (0.55); Facilities & Amenities (0.46); Management & Policy Issues (0.39)
Luciana Shafa N,2025,5,hotelnya sangat nyaman dan bagus kamar dan lingkungan nya juga bersih layak untuk diajak nginap bersama teman atau keluarga,KOMPETITOR,Bintang 3,HolidayInnExpressJakartaWahidhasyim,positive,0.9993483424186707,Facilities & Amenities,"Facilities & Amenities (1.00); Cleanliness, Hygiene & Maintenance (1.00); Family & Group Friendly (1.00)"
Hajrull RL,2025,5,kamar nyaman bersih dan stafnya ramah ramah tempat strategis dekat di pusat kota dekat dengan mall dan lainnya kebersihan kamar dan semua area hotel terjaga rekomen hotel di daerah pusat ibu kota,KOMPETITOR,Bintang 3,HolidayInnExpressJakartaWahidhasyim,positive,0.9994246959686279,"Cleanliness, Hygiene & Maintenance","Cleanliness, Hygiene & Maintenance (1.00); Facilities & Amenities (0.99); Staff Conduct & Hospitality (0.98)"
Trump,2025,4,kamar lumayan gede ada karpet juga sama jendela gede parkir aman tidak panas2an sarapan juga variatif walau kebanyakan hambar cuma bubur ayam nya yang terasa enak banget,KOMPETITOR,Bintang 3,HolidayInnExpressJakartaWahidhasyim,positive,0.9989109039306641,Facilities & Amenities,"Facilities & Amenities (0.99); Location, Accessibility & Parking (0.97); Safety & Security (0.87)"
Andini Eka Saputri Ningsih,2025,5,Tidak ada bosennya menginap di Holiday Inn Express wahid hasyim selalu ngasih pelayanan yang baik fasilitas nya juga lengkap deket tanah abang juga cocok buat perjalanan bisnis dan liburan terimakasih juga kepada mas roman dan staf lain atas jasanya,KOMPETITOR,Bintang 3,HolidayInnExpressJakartaWahidhasyim,positive,0.9992895126342773,Service Quality,Service Quality (0.99); Facilities & Amenities (0.98); Family & Group Friendly (0.96)
Muhammad Ali,2025,3,Saya pikir hotel ini hanya menang di lokasi saja saya pesan 2 kamar untuk menginap 1 hari 23 24 Februari 24 saya sampai hotel jam 14 20 dan kamar belum siap setelah menunggu sekitar 50 menit kantor depan memberikan 1 kunci kamar yang sudah siap yang satu lagi menyusul katanya saya masuk kamar standar saja tidak ada suatu yang istimewa artinya untuk harga yang saya bayar di tempat lain dengan hotel yang setara saya bisa lebih murah atau lebih baik kamar mandi kecil dan terlihat sudah lama kurang pemeliharaan banyak kerak di mandi akibatnya jika kita buka mandi airnya tidak fokus jadi klo saya ke kamar mandi untuk wudhu sarhu saya memakai celana atoung,KOMPETITOR,Bintang 3,HolidayInnExpressJakartaWahidhasyim,negative,0.9967703819274902,Pricing & Value for Money,Pricing & Value for Money (0.96); Booking & Reservation Experience (0.82); Check in/out Experience (0.71)
Anang Maulana,2025,5,rekomendasi hotel di pusat kota jakarta lokasi sangat strategis kamar bersih pelayanan sangat ramah sarapan nya enak,KOMPETITOR,Bintang 3,HolidayInnExpressJakartaWahidhasyim,positive,0.9993865489959717,Service Quality,"Service Quality (0.99); Cleanliness, Hygiene & Maintenance (0.98); Staff Conduct & Hospitality (0.96)"
Nur Hayati,2025,5,kamar nyaman dan bersih saya puas menginap di sini karyawan ramah dan sangat membantu sekali hotel berada di pusat kota yang mau kemana mana dekat,KOMPETITOR,Bintang 3,HolidayInnExpressJakartaWahidhasyim,positive,0.9991239905357361,Room Quality & Comfort,Room Quality & Comfort (1.00); Facilities & Amenities (0.99); Staff Conduct & Hospitality (0.99)
Michael HW,2025,3,hotel yang selalu jadi langganan kalau bisnes perjalanan ke jakarta awal saya tidak suka banget dengan hotel ini karena kadang kamar bau rokok yang menyengat dan bau apek ini menjadi masalah besar karena bagi saya hotel ini identik dengan rumah kedua yang di mana sanitasi dan higenitas sangat jadi perhatian tanpa saya kehilangan kelasnya namun dengan banyaknya komplain dari saya hotel ini memiliki beberapa rumah tim menjaga yang bisa saya andalkan dan selalu perhatian dengan kebutuhan saya meskipun sempat ada 1 oknum staf yang sempat berbohong ke saya namun respon cepat dari pemimpin membuat saya cukup puas terima kasih banyak liburan rumah tim menjaga inn wahid hasyim,KOMPETITOR,Bintang 3,HolidayInnExpressJakartaWahidhasyim,positive,0.9608013033866882,"Cleanliness, Hygiene & Maintenance","Cleanliness, Hygiene & Maintenance (1.00); Facilities & Amenities (0.99); Service Quality (0.98)"
Achmad Fadil,2025,5,Tmpat nya nyaman tapi parkir nya kurang luas,KOMPETITOR,Bintang 3,HolidayInnExpressJakartaWahidhasyim,negative,0.6533397436141968,"Location, Accessibility & Parking","Location, Accessibility & Parking (0.94); Facilities & Amenities (0.85); Service Quality (0.82)"
fira work,2025,5,Baik sekali mba istri kami diberi cek awal masuk dan pelayanannya sangat sangat baik,KOMPETITOR,Bintang 3,HolidayInnExpressJakartaWahidhasyim,positive,0.9976668357849121,Guest Experience,Guest Experience (0.99); Service Quality (0.99); Check in/out Experience (0.97)
Wahid Okta,2025,5,Hotel nya bagus di pusat kota lokasi strategis dekat dengan sarinah dan mall grand indonesia untuk kamar sangat bersih dan staf sangat ramah dan baik,KOMPETITOR,Bintang 3,HolidayInnExpressJakartaWahidhasyim,positive,0.9994545578956604,Service Quality,"Service Quality (1.00); Cleanliness, Hygiene & Maintenance (1.00); Room Quality & Comfort (1.00)"
balya ibnu,2024,4,Barusan menginap di sini dari tanggal 15 18 Desember stafnya ramah semua bahkan keamanannya juga super ramah untuk kamar bersih dan semua alat berfungsi dengan baik tapi ada sedikit perbedaan dengan hotel liburan suite gadjah mada kamar tidak seluas di gadjah mada tidak ada setrikaan juga jika mau nyetrika harus ke ruang cuci di lantai 5 padahal jika dari segi harga ratenya sama mungkin karena hotel liburan yang ini express dan lokasi dekat sarinah makanya harganya jadi sama dengan yang suite di gadjah mada yang disajikan cukup bervariasi dengan sistem buffet ada stasiun telur juga jika mau makan malam bisa ke sarinah atau ke ke ke,KOMPETITOR,Bintang 3,HolidayInnExpressJakartaWahidhasyim,positive,0.9573975205421448,Facilities & Amenities,"Facilities & Amenities (1.00); Cleanliness, Hygiene & Maintenance (0.99); Staff Conduct & Hospitality (0.98)"
Audy Faudziah,2024,4,keamanan nya ramah ramah resepsionisnya terlihat sibuk meskipun memakai masker tapi dari suaranya kurang senyum cek masuk jam 2 pesan kamar tipe queen bed standar dengan harga 700rban 22sqm dapet yang lantai tinggi sudah termasuk sarapan lokasi di pusat kota dekat sarinah kamarnya bersih kamar mandinya cantik hanya di sediakan gigi kit saja sama sama satu pasang slipper cuci tangan sabun tubuh dengan sampo sudah di botol mungkin standarnya begitu mineral air masih di kemasan saluran TV standar wi fi lumayan cepat sarapannya variannya tidak terlalu banyak kursus utama nya enak rasanya desertnya ketemu danish butter pudding enak rasanya enak rasanya enak menurutku,KOMPETITOR,Bintang 3,HolidayInnExpressJakartaWahidhasyim,positive,0.9977279305458069,Facilities & Amenities,Facilities & Amenities (0.96); Service Quality (0.95); Safety & Security (0.91)
Zarien Zarienna,2025,5,Layanan terbaik terutama dari staf bernama Dimas dan Rohman terima kasih ya massa berdua teruskan beri servis yang terbaik,KOMPETITOR,Bintang 3,HolidayInnExpressJakartaWahidhasyim,positive,0.9966304898262024,Service Quality,Service Quality (1.00); Guest Experience (0.96); Service Efficiency & Responsiveness (0.90)
Cicilia Desiani,2025,1,pengalaman yang tidak menyenangkan saya beberapa kali ke jakarta memilih liburan hotel express karena kamar yang bersih baru kali ini memilih di liburan hotel wahid hasyim karena dekat lokasi acara kantor saya memesan kamar standar non merokok melalui agen dan sudah ternote di resepsi hotel bahwa saya meminta non merokok berhubung acara kantor sampai malam maka saya terlambat memeriksa masuk pk 20 30 sangat mengecewakan catatan non merokok tidak dihiraukan hotel dan saya diberi kamar merokok bahkan lantai merokok dengan alasan tidak ada kamar saya terima karena sudah malam saya tidak ada opsi lain hotel yang menjanjikan perawatan kamar ozon untuk menghilangkan bau rokok tapi percuma tidak nge,KOMPETITOR,Bintang 3,HolidayInnExpressJakartaWahidhasyim,negative,0.9973710775375366,Service Quality,Service Quality (0.09); Check in/out Experience (0.04); Booking & Reservation Experience (0.03)
Taufik Nur Arifin,2025,4,kamar bersih kamar akses wangi sanitasi bersih sarapan oke deket akses sama enak buat jalan2 ngga berisik anak2 juga suka,KOMPETITOR,Bintang 3,HolidayInnExpressJakartaWahidhasyim,positive,0.9994693398475647,"Cleanliness, Hygiene & Maintenance","Cleanliness, Hygiene & Maintenance (0.99); Facilities & Amenities (0.97); Family & Group Friendly (0.97)"
Anamichan,2025,4,hotel yang nyaman berada di pusat kota mau kemana mana dekat kamar bersih sprei wangi ac dingin mantap lah pokoknya tidak perlu nginap di sini untuk menu sarapan mungkin bisa di tingkatkan lagi next pasti nginap di sini lagi,KOMPETITOR,Bintang 3,HolidayInnExpressJakartaWahidhasyim,positive,0.9994657635688782,Service Quality,"Service Quality (0.84); Facilities & Amenities (0.81); Cleanliness, Hygiene & Maintenance (0.65)"
Ledy Novita,2025,3,malam tahun baru kemarin saya menginap di sini wktu datang pukul 2 siang yang seharusnya sudah bisa cek masuk tpi menunggu hampir 2 jam lebih bilang ny suruh tunggu karena kamar lg di beresin halo saya itu tamu boking hotel sudah jauh2 hari sblm mlm tahun baru seharusnya sudah di siapkan bukan malah menunggu jam 4 bru bisa masuk kamar hotel tolong lah pihak manajemen memperbaiki lg y k depan ny nginap dsni meskipun strategis tpi pelayanan kurang memuaskan mandi kamar bau bau apek kurang bersih sbnrnya msih banyak kekurangan tpi ysdh lah tolong di perbaikan lg saja thnks,KOMPETITOR,Bintang 3,HolidayInnExpressJakartaWahidhasyim,negative,0.9972708821296692,Guest Experience,Guest Experience (0.73); Booking & Reservation Experience (0.72); Management & Policy Issues (0.58)
Deshinta Aurora,2025,5,tinggal dua hari di hotel ini memuaskan kamar bersih seprai wangi ac dingin makanan di restoran nyaa enak harganya terjangkau,KOMPETITOR,Bintang 3,HolidayInnExpressJakartaWahidhasyim,positive,0.9992561936378479,"Cleanliness, Hygiene & Maintenance","Cleanliness, Hygiene & Maintenance (0.99); Facilities & Amenities (0.99); Service Quality (0.99)"
Febti Winnun Ammallia,2025,5,kamarnya tidak terlalu luas akan tetapi bersih dan nyaman sarapan paginya sangat banyak pilihan pelayanan dari edison dan rohman sangat baik dan ramah kereen,KOMPETITOR,Bintang 3,HolidayInnExpressJakartaWahidhasyim,positive,0.9994843006134033,Facilities & Amenities,"Facilities & Amenities (1.00); Cleanliness, Hygiene & Maintenance (0.99); Guest Experience (0.99)"
suparman esk,2025,4,Tidak tinggal hanya ada pertemuan saja,KOMPETITOR,Bintang 3,HolidayInnExpressJakartaWahidhasyim,negative,0.9892401695251465,Check in/out Experience,Check in/out Experience (0.99); Guest Experience (0.97); Cultural & Heritage Experience (0.77)
Handaka Gatot,2024,5,hotel ini merupakan salah satu langganan kantor kami jika ada tugas ke jakarta tempatnya yang strategis layanan yang baik dan ramah serta suasana yang nyaman menjadi pilihan kami memilih hotel ini kamarnya bersih rapi semua perlengkapan berfungsi baik layanan yang baik dan ramah dari resepsionis satpam kantor anak petugas resto menambah betah berada di hotel ini lokasinya yang strategis memudahkan tugas untuk berkunjung ke kantor kantor atau lembaga pemerintah dengan berbagai moda transportasi yang dapat diperoleh dengan cepat dan murah,KOMPETITOR,Bintang 3,HolidayInnExpressJakartaWahidhasyim,positive,0.9994367957115173,Facilities & Amenities,Facilities & Amenities (1.00); Room Quality & Comfort (1.00); Service Quality (0.99)
kedai nongki & boba meow,2025,5,hotel bagus karyawan ramah dan kamarnya juga bersih,KOMPETITOR,Bintang 3,HolidayInnExpressJakartaWahidhasyim,positive,0.9990357160568237,"Cleanliness, Hygiene & Maintenance","Cleanliness, Hygiene & Maintenance (1.00); Service Quality (0.99); Staff Conduct & Hospitality (0.99)"
Widy N. Habibah,2024,4,perasaan pesan kamarnya yang pemandangan kota tapi ini pemandangannya ya dalam menu sarapan yang sangat bervariasi namun sangat tidak menyenangkan pada menu sayur tumisan terdapat kue kecil mohon diperhatikan dalam setiap masakan ataupun penyajiannya sehingga tidak menimbulkan kerugian yang besar pada hotel ketika bertemu orang yang emosional berwenang diluar sana nantinya terimakasih,KOMPETITOR,Bintang 3,HolidayInnExpressJakartaWahidhasyim,negative,0.9603087306022644,Booking & Reservation Experience,Booking & Reservation Experience (0.96); Guest Experience (0.90); Check in/out Experience (0.89)
Ishartati Arifin,2025,5,Semua staf baru ramah dan sangat membantu sekali proses cek masuk cek keluar kamar bersih wangi dan strategis dari pusat kuliner terima kasih,KOMPETITOR,Bintang 3,HolidayInnExpressJakartaWahidhasyim,positive,0.9988371729850769,Staff Conduct & Hospitality,Staff Conduct & Hospitality (1.00); Check in/out Experience (0.99); Facilities & Amenities (0.99)
Iskana Anisa,2023,4,untuk lokasi sangat oke dekat ke djakarta xxi dan sarinah lahan parkir sangat terbatas jika kondisi penuh sulit cari parkir penerimaan di resepsi ini sepertinya perlu ditingkatkan lagi karena kurang menyambut saya pesan kamar non merokok tapi dapat yang merokok alasannya kamar penuh kekecewaan begitu benar-benar dan tidak bagus kesan pertama saya juga pesan kamar dengan pemandangan kota tapi lagi lagi dengan alasan kamar 100 penuh saya bisa seadanya lagi kekecewaan untuk timer pertama di sini kondisi kamar standar bukan yang baru dan terjaga banget karena sudah banyak bekas penggunaan disana sini bekas goresan di pintu kamar bekas kehitaman di kaca cermin noda di karpet,KOMPETITOR,Bintang 3,HolidayInnExpressJakartaWahidhasyim,negative,0.9920180439949036,Guest Experience,"Guest Experience (0.96); Location, Accessibility & Parking (0.93); Booking & Reservation Experience (0.86)"
Mohamad Sakum,2025,5,hotelnya nyaman bersih dan wangi lokasi strategis nyaman banget pokoknya menu iftarnya juga enak banget,KOMPETITOR,Bintang 3,HolidayInnExpressJakartaWahidhasyim,positive,0.9994358420372009,Facilities & Amenities,"Facilities & Amenities (0.99); Cleanliness, Hygiene & Maintenance (0.99); Service Quality (0.97)"
Siti Rukayah,2025,5,Alhamdulillah hotel ini sudah menjadi langganan om dan tante saya dari Malaysia sejak tahun 20an sampai kemarin tgl 17 Agustus 2024 karena menurut beliau tempat ini sangat nyaman dan aman kemarin kami berkumpul di sini n om hari selasa dan tante dari Malaysia,KOMPETITOR,Bintang 3,HolidayInnExpressJakartaWahidhasyim,positive,0.9973971843719482,Safety & Security,"Safety & Security (0.96); Loyalty, Recommendation & Appreciation (0.93); Family & Group Friendly (0.92)"
Siti ani Nurjanah,2025,5,Holiday Inn Terbaik di Jakarta Terimakasih Pak Marcel Dan Pa Mungkin,KOMPETITOR,Bintang 3,HolidayInnExpressJakartaWahidhasyim,positive,0.9985724687576294,Service Quality,"Service Quality (0.89); Loyalty, Recommendation & Appreciation (0.86); Staff Conduct & Hospitality (0.69)"
Handi Rizali,2025,5,hotel di pusat kota jakarta mudah ke semua akses yang akan menjadi tujuan kamar bagus dan sangat bersih layanan sangat ramah disekitar hotel banyak ragam makanan warteg dengan harga terjangkau bagi yang kantongnya tidak tebal,KOMPETITOR,Bintang 3,HolidayInnExpressJakartaWahidhasyim,positive,0.9993815422058105,Facilities & Amenities,Facilities & Amenities (0.99); Service Efficiency & Responsiveness (0.99); Service Quality (0.98)
putri,2025,5,Secara keseluruhan sangat baik sarapannya enak tersedia kopi capucino kamar sangat bersih tersedia ruang cuci gym dekat sama sarinah bp sekuritynya sangat baik cekatan,KOMPETITOR,Bintang 3,HolidayInnExpressJakartaWahidhasyim,positive,0.9994358420372009,"Cleanliness, Hygiene & Maintenance","Cleanliness, Hygiene & Maintenance (1.00); Service Quality (1.00); Facilities & Amenities (1.00)"
IlyasA,2025,5,Hotel bintang 3 serasa hotel bintang 5 dan letaknya strategis mantap buat hotel ini mempertahankan kualitas pelayanannya,KOMPETITOR,Bintang 3,HolidayInnExpressJakartaWahidhasyim,positive,0.9992130994796753,Service Quality,Service Quality (0.99); Service Efficiency & Responsiveness (0.82); Sustainability & Environmental Quality (0.82)
Ning Wahyuningtyas Yahya,2025,5,Semuanya bagus hny tidak ada kran buat wudhu tidak ada arah petunjuk kiblat,KOMPETITOR,Bintang 3,HolidayInnExpressJakartaWahidhasyim,positive,0.997065007686615,Facilities & Amenities,Facilities & Amenities (0.99); Service Quality (0.95); Religious & Halal Features (0.90)
WULAN SUWARTO PUTRI,2025,5,Resepsiis tidak mau membantu buka kamar saat kunci kamar saya terbawa suami keluar dengan alasan tidak bisa,KOMPETITOR,Bintang 3,HolidayInnExpressJakartaWahidhasyim,negative,0.9963423609733582,Guest Experience,Guest Experience (0.98); Booking & Reservation Experience (0.94); Check in/out Experience (0.89)
djarot herdiman,2025,4,sesuai namanya express jadi luas kamar tidak begitu besar fasilitas di resto jg terbatas kelebihan adalah deket thamrin jadi mau jalan kemana saja dekat ruangan bersih koridor penunjuk arah sangat informatif wifi gratis parkir depan hotel kalau penuh ada area parkir diseberang yang luas,KOMPETITOR,Bintang 3,HolidayInnExpressJakartaWahidhasyim,positive,0.999345600605011,Facilities & Amenities,"Facilities & Amenities (0.96); Location, Accessibility & Parking (0.95); Service Quality (0.95)"
subandono rachmadi,2024,5,satu lagi pilihan hotel di kawasan strategis ibu kota jakarta lokasi terletak di jalan wahid hasyim yang langsung berpotongan dengan jalan thamrin di simpang empat sarinah dan jakarta theatre jalan sabang dan tanah abang bahkan bisa ditempuh dengan berjalan kaki sungguh lokasi yang mantab hotel ini memiliki lahan parkir yang tidak luas akan tetapi satpam dengan cepat tanggap akan mengatur parkir untuk anda dan ini yang membuat parkir menjadi kamar hotel bersih dan view kota menjadi pilihan karena sepanjang mata melihat keluar jendela benar benar merasakan tidur di tengah kota dengan aktivitas kesibukan di tengah kota kepungan gedung yang menjulang tinggi layanan kamar ramah,KOMPETITOR,Bintang 3,HolidayInnExpressJakartaWahidhasyim,positive,0.9992460012435913,"Location, Accessibility & Parking","Location, Accessibility & Parking (0.99); Service Efficiency & Responsiveness (0.98); Service Quality (0.93)"
rendy irawan,2025,5,hotel nya bagus kamarnya juga bersih ada view street city nya juga pelayanannya juga ramah,KOMPETITOR,Bintang 3,HolidayInnExpressJakartaWahidhasyim,positive,0.9994034767150879,Facilities & Amenities,"Facilities & Amenities (0.98); Cleanliness, Hygiene & Maintenance (0.98); Service Quality (0.97)"
Permata Dewi Andanti Danti,2021,4,ukuran kamarnya tidak terlalu luas tidak ada ruang untuk ekstrabed tidak nanya juga sih tersedia apa tidak jadi yudah emang untuk sendiri atau berdua saja satu kamar dilengkapi dengan satu meja kopi dan sofa berlengan dan meja kerja serta kursi kerja yang beroda gitu peralatan di kamar kaya tv banyak saluran tv kabelnya kulkas ac pengering rambut WC dan mandi bekerja dengan baik udara saja hanya kurang hangat sih rasanya terus ada senter darurat gitu tapi tidak nyala resepsiinya responsif minta danuk atau refil botol minum ditanggapi dengan baik oiya di sini selamat datang minumnya bukan botol plastik lagi gitu tapi pakai jar,KOMPETITOR,Bintang 3,HolidayInnExpressJakartaWahidhasyim,positive,0.5928740501403809,Facilities & Amenities,Facilities & Amenities (0.99); Service Efficiency & Responsiveness (0.95); Guest Experience (0.91)
Mayke Putri Hasta Rani,2024,4,Sejauh ini puas 2x menginap di sini dan semua ny puas dan bersyukur sangat kali ini bisa cepat cek masuk lumayan sangat cek masuk 2 jam lebih cepat dari ketentuan buat yang ada kebutuhan dinas lingkungan gambir medan merdeka ini salah satu hotel yang direkomendasikan yang,KOMPETITOR,Bintang 3,HolidayInnExpressJakartaWahidhasyim,positive,0.9984956979751587,Sustainability & Environmental Quality,Sustainability & Environmental Quality (0.94); Service Quality (0.90); Service Efficiency & Responsiveness (0.90)
funny joker,2025,1,Jangan pernah mau kalau dikasih kamar d lt 1 kamar merokok bau menyengat sampai bersembunyi perih mata perih tidur sehari bisa kena kanker padahal saya perokok tapi tetap tidak kuat minta ganti kamar bilangnya penuh ditreatment juga percuma,KOMPETITOR,Bintang 3,HolidayInnExpressJakartaWahidhasyim,negative,0.9992753863334656,Pricing & Value for Money,Pricing & Value for Money (0.76); Guest Experience (0.52); Management & Policy Issues (0.48)
sabrian Kampon,2023,5,hotel dengan lokasi yang strategis di pusat ibu kota jakarta dekat dengan mall sarinah bundaran hi monas kamar bersih dapat salinan teh set air mineral dikamar mandi ada 1 handuk 2 sikat gigi dan pasta gigi kasur standar tidak terlalu besar yang model kembar bantal empuk salura tv banyak ada mini kulkas tidak ada sandal kamar tidak ada penunjuk kiblat menu sarapan termasuk minimalis tapi untuk rasa enak banget untuk kopi mesin ada kopi tinggal pilih mau latte capucino dsb pelayanan staf ramah dan cepat jalan keamanan yang perlu ditingkatkan keramahan terhadap tamu yang datang,KOMPETITOR,Bintang 3,HolidayInnExpressJakartaWahidhasyim,positive,0.9988778233528137,Facilities & Amenities,Facilities & Amenities (0.97); Service Efficiency & Responsiveness (0.95); Service Quality (0.92)
Wahyu Utami,2024,5,Tidak ada kulkas kecil dalam kamar mandi aku kesulitan menyimpan obat sekalinya dititip ke pihak hotel 2 es kering ketika cek keluar aku mengambil es keringnya ternyata cm ada 1,KOMPETITOR,Bintang 3,HolidayInnExpressJakartaWahidhasyim,negative,0.6280304789543152,Facilities & Amenities,Facilities & Amenities (0.59); Service Quality (0.56); Check in/out Experience (0.52)
Ali Ridwan,2025,4,lokasi terbaik untuk menjangkau daerah Sarinah dan sekitarnya cukup jalan kaki beberapa meter sudah bisa menyebrang jalan ke Sarinah atau bisa ke bundaran hi menggunakan bus transjakarta mau menonton dekat ke djakarta teather mau fast food dekat mcdonalds di seberang hotel ada indomaret mau ke tanah abang bisa jalan beberapa ratus meter hanya saja beberapa kamar jendelanya menghadap tembok gedung gada sebelah pemandangan dan minim cahaya matahari tv set juga belum yang pintar tapi lumayan buat cuma menonton acara tv,KOMPETITOR,Bintang 3,HolidayInnExpressJakartaWahidhasyim,positive,0.9980089068412781,Facilities & Amenities,Facilities & Amenities (0.72); Service Efficiency & Responsiveness (0.40); Cultural & Heritage Experience (0.38)
Emilda Ramandhani,2025,5,seneng banget nginep disini sama suamiku dan anak perempuanku zaline hotel nya dengan pelayanan yang baik waktu sarapan terimakasih mas anwar dah bantu aku dan suamiku waktu sarapan,KOMPETITOR,Bintang 3,HolidayInnExpressJakartaWahidhasyim,positive,0.998534083366394,Service Quality,Service Quality (1.00); Family & Group Friendly (0.98); Service Efficiency & Responsiveness (0.97)
Dimas Satria,2025,4,nyaman Ikamar bersih lokasi saat membuat cari makan cuma menu pagi agar diperhatikan sudah 15 menit buah habis sejak dilaporkan lambat diisi,KOMPETITOR,Bintang 3,HolidayInnExpressJakartaWahidhasyim,positive,0.9710453152656555,Facilities & Amenities,Facilities & Amenities (0.97); Room Quality & Comfort (0.97); Service Quality (0.96)
Fiona Citra Dewi,2024,1,Dari cek masuk sudah kotor semua meja dan cermin tidak ada yang dibersihin trs ada binatang di meja besok pagi nya sudah mengeluh ke resepsionis sblm pergi tapi waktu kembali hotel ttp tidak dibersihin yang diberesin bnr2 cuma ranjang doang ganti keset sama tangan udah dan parahnya ada tisu kotor dan botol kosong pun tidak dibuang tidak akan kembali lg terima kasih,KOMPETITOR,Bintang 3,HolidayInnExpressJakartaWahidhasyim,negative,0.9992844462394714,Check in/out Experience,Check in/out Experience (0.92); Guest Experience (0.73); Facilities & Amenities (0.69)
Vania Hugeng,2025,4,tempatnya strategis dekat dengan halte transjakarta dan mrt jalan kaki ke sarinah mall juga dekat kamarnya lumayan luas dan bersih sayangnya dapet kamar di lantai merokok jadi kalau mau ke kamar atau naik melewati koridor bau rokok dan tidak bisa pindah kamar katanya lagi penuh fasilitasnya cukup lengkap ada tempat gym dan area cuci untuk pilihan sarapannya juga cukup banyak,KOMPETITOR,Bintang 3,HolidayInnExpressJakartaWahidhasyim,positive,0.9991676807403564,Facilities & Amenities,"Facilities & Amenities (0.97); Service Quality (0.92); Cleanliness, Hygiene & Maintenance (0.84)"
Yoga Kusuma Barata,2024,1,Tidak pernah menginap di sini lokasi hotelnya di pinggir jalan sangat strategis tetapi parkir kendaraannya sangat terbatas tidak jarang kendaraan tamu hotel tersebut parkir di pejalan kaki sehingga sangat mengganggu pejalan kaki bahkan kendaraan mobil tamu taksi online juga sering parkir di bahu jalan menyebabkan kemacetan,KOMPETITOR,Bintang 3,HolidayInnExpressJakartaWahidhasyim,negative,0.9682137966156006,"Location, Accessibility & Parking","Location, Accessibility & Parking (0.97); Facilities & Amenities (0.72); Sustainability & Environmental Quality (0.57)"
filiya klh,2024,1,saya sangat kecewa dengan hotel ini saya pesan kamar dengan permintaan khusus non-rokok kamar tapi saya dikasih kamar merokok kamar dengan alasan semua kamar felksibel jadi buat apa membuat pilihan permintaan khusus jika semua kamar fleksibel setau saya kamar non-rokok benar benar tidak bisa digabung dengan yang merokok jadi tolong diutamakan pesanan orang yang jelas sudah pesan dan sudah membayar duluan saya sangat terganggu dengan asap rokok di kamar apalagi saya alergi dan itu membuat sesak nafas dan sangat mengganggu sampai sulit tidur penuh dan dari beberapa review yang saya baca ternyata banyak yang mengalami hal serupa dengan saya non-rokok kamar,KOMPETITOR,Bintang 3,HolidayInnExpressJakartaWahidhasyim,negative,0.9992513060569763,Booking & Reservation Experience,Booking & Reservation Experience (0.84); Personalized & Special Services (0.80); Guest Experience (0.77)
Muhammad Nabil,2024,5,Holiday Inn Express Jakarta sangat baik pelayanannya kamar bersih dan nyaman toiletries lengkap pelayanan ramah sarapan cukup enak terutama ayamnya lembut akses setiap lantai harus sesuai dengan kunci kamar masing masing masing cukup nyaman bagi yang ingin berkunjung ke kawasan tanah abang sarinah dan thamrin,KOMPETITOR,Bintang 3,HolidayInnExpressJakartaWahidhasyim,positive,0.9995668530464172,Service Quality,"Service Quality (0.99); Facilities & Amenities (0.99); Cleanliness, Hygiene & Maintenance (0.99)"
Ipandi Lukman,2024,5,2x menginap di hotel ini untuk keperluan dinas untuk daerah sabang wahid hasyim hotelnya enak kamarnya bersih petugas ruang layanannya ramah wifi kamar kurang mantab secara keseluruhan sip lah,KOMPETITOR,Bintang 3,HolidayInnExpressJakartaWahidhasyim,positive,0.9986359477043152,Service Quality,"Service Quality (0.41); Cleanliness, Hygiene & Maintenance (0.38); Staff Conduct & Hospitality (0.21)"
arya tegar,2025,5,lokasi strategis dekat dengan pusat perbelanjaan dan kota untuk kamarnya sangat bersih dan stafnya ramah ramah,KOMPETITOR,Bintang 3,HolidayInnExpressJakartaWahidhasyim,positive,0.9992856383323669,Service Quality,"Service Quality (1.00); Cleanliness, Hygiene & Maintenance (1.00); Staff Conduct & Hospitality (0.99)"
Basrizal,2023,4,pertama kali menginap di sini saat check masuk sedikit kendala karena harus menunggu 5 10 menit dapat kamar di lantai 9 untuk kamar tidak terlalu besar tapi cukup luas dapat melihat yang lumayan lah yang mengarah ke gedung2 pencakae langit thamrin jg rusuk boncang untuk mandi dikamar mandi agak pr sangat harus dipegangin terus karena gagangnya meleyot ke bawah tidak kokoh ac kamar cukup dingin secara keseluruhan okelah menginap di sini terima kasih holiday inn express,KOMPETITOR,Bintang 3,HolidayInnExpressJakartaWahidhasyim,positive,0.9980598092079163,Service Quality,Service Quality (0.52); Check in/out Experience (0.33); Facilities & Amenities (0.27)
Nur Hikmah Aulia,2025,5,Secara keseluruhan cukup bagus kamar bersih dan wangi harga terjangkau dan staf ramah,KOMPETITOR,Bintang 3,HolidayInnExpressJakartaWahidhasyim,positive,0.9993016719818115,Pricing & Value for Money,"Pricing & Value for Money (1.00); Cleanliness, Hygiene & Maintenance (1.00); Facilities & Amenities (1.00)"
Dewi Andiyaniramadani,2025,5,kamar nyaman kamar bersih staf sangat ramah dekat dengan pusat perbelanjaan dan kota lokasi strategis untuk ke mrt,KOMPETITOR,Bintang 3,HolidayInnExpressJakartaWahidhasyim,positive,0.9993277788162231,Room Quality & Comfort,Room Quality & Comfort (1.00); Facilities & Amenities (0.99); Service Quality (0.99)
BlackBust,2025,5,bagus namun kurang di fasilitas kamar mandi,KOMPETITOR,Bintang 3,HolidayInnExpressJakartaWahidhasyim,negative,0.9254755973815918,Service Quality,Service Quality (0.78); Facilities & Amenities (0.64); Sustainability & Environmental Quality (0.59)
Rogrius Sinulingga,2021,4,lokasi hotel sangat strategis dan berada di pusat kota dki jakarta yaitu tidak jauh dari simpang jl thamrin serta tidak jauh dari lokasi pusat kuliner jl sabang dan pusat perbelanjaan sarinah pelayanan sangat baik terutama resepsionis dimana kebersihan kamar sangat terjaga serta interior kamar yang modern kamar sangat privasi dimana tidak sembarangan tamu dapat mengakses langsung ke kamar tanpa persetujuan yang bersangkutan harga sesuai dengan kelas hotelnya menu sarapan kurang lengkap dan sangat standar namun tidak sesuai kelas hotelnya bagi anda yang ingin mencari hotel yang berada di kantor pusat kota khususnya urusan bisnis atau tepat memilih di sini,KOMPETITOR,Bintang 3,HolidayInnExpressJakartaWahidhasyim,positive,0.9960131645202637,"Cleanliness, Hygiene & Maintenance","Cleanliness, Hygiene & Maintenance (0.99); Service Quality (0.97); Facilities & Amenities (0.91)"
Zerlinda Sanam,2023,4,kamar wangi dan bersih meskipun kemarin pemandangan dari jendela kamar tembok beton hehe tapi itu baik-baik saja masih bisa ditolerir area hotel juga strategis dan mudah diakses meskipun parkirnya terlalu terbatas menurut saya tempat yang disarankan untuk menginap,KOMPETITOR,Bintang 3,HolidayInnExpressJakartaWahidhasyim,positive,0.9984124898910522,"Location, Accessibility & Parking","Location, Accessibility & Parking (0.99); Cleanliness, Hygiene & Maintenance (0.99); Facilities & Amenities (0.99)"
Abdul Muhaimin,2025,1,Tidak tersedia non-bersain kamar dengan alasan kamar penuh setelah cek di platform perjalanan kamar masih tersedia gratis buku dan permintaan di awal saat checkin,KOMPETITOR,Bintang 3,HolidayInnExpressJakartaWahidhasyim,neutral,0.6545236706733704,Facilities & Amenities,Facilities & Amenities (0.80); Booking & Reservation Experience (0.79); Check in/out Experience (0.73)
Elly Safitri,2022,4,untuk kamar wanginya enak nyaman dan bersih tapi sayang handuk dan sandal cuma 1 padahal saya buku untuk 2 orang trus saat check masuk lambat banget alasannya kamarnya belum siap baru bisa masuk kamar jam 16 20 untuk sarapan tidak mengecewakan buffet tapi tetap diservis dengan baik makanannya juga enak2,KOMPETITOR,Bintang 3,HolidayInnExpressJakartaWahidhasyim,positive,0.9981208443641663,Facilities & Amenities,"Facilities & Amenities (0.99); Service Quality (0.99); Cleanliness, Hygiene & Maintenance (0.96)"
Jonathan Alexander Citra,2023,5,Holiday Inn Express Wahid Hasyim Lokasinya strategis dekat dengan Sarinah dan jalan sedikit bisa ke Bundaran Hi dan Plaza Indonesia kamar termasuk luas untuk kelasnya bantal disediakan yang lembut dan firma sesuai preferensi sarapan rasa oke bisa ditambah lagi variasi,KOMPETITOR,Bintang 3,HolidayInnExpressJakartaWahidhasyim,positive,0.9995542168617249,Facilities & Amenities,Facilities & Amenities (0.98); Room Quality & Comfort (0.95); Service Quality (0.92)
carwek bae,2025,5,enak cuma parkiran sempit,KOMPETITOR,Bintang 3,HolidayInnExpressJakartaWahidhasyim,negative,0.999350368976593,Food & Beverage,"Food & Beverage (0.62); Location, Accessibility & Parking (0.28); Religious & Halal Features (0.23)"
muhammad firmansyah,2021,5,lokasi hotel ini sangat dekat dengan cfd dan sarinah sehingga sangat saat bagi yang ingin berolahraga pagi hari minggu hotel dengan manajemen ihg ini sangat baik dalam penerapan protokol covid 19 dengan tag line ihg berjanji bersih mereka semua terlihat rapi dan bersih sehingga menjadi lebih nyaman untuk menginap ukuran kamar cukup luas dengan kasur double bed yang terlalu besar mungkin berukuran 160x200 dengan merek simons sangat nyaman dan empuk juga disediakan 2 bantal firma ditambah 2 bantal soft sofa tunggal nya juga empuk dengan terang yang catching eye equipment warna fitness juga sangat memadai dengan beberapa pilihan alat olahraga ditambah juga ada sendiri,KOMPETITOR,Bintang 3,HolidayInnExpressJakartaWahidhasyim,positive,0.9993902444839478,"Cleanliness, Hygiene & Maintenance","Cleanliness, Hygiene & Maintenance (1.00); Service Quality (1.00); Facilities & Amenities (1.00)"
Budi Khairin,2019,4,Lokasinya sangat strategis tepat di perempatan Sarinah Thamin bisa jalan kaki jika mau ke tanah abang blok sangat ideal bagi pengunjung luar daerah yang mau menginap di tempat yang strategis sangat mudah dan banyak pilihan untuk mencari tempat makan malam di Sarinah cukup lengkap tempat fast food ada Kcf dan mcd disampingnya digedung cakrawala ada pizza hut dan burger king terus jika mau menonton ada jakarta xxi jika mau belanja ada sarinah department store dan planet asia untuk kamar cukup nyaman dan bersih pelayanan cukup baik untuk sarapan lumayan bervariasi dan enak,KOMPETITOR,Bintang 3,HolidayInnExpressJakartaWahidhasyim,positive,0.9994816184043884,Facilities & Amenities,Facilities & Amenities (0.98); Service Efficiency & Responsiveness (0.86); Family & Group Friendly (0.85)
Mudo Kenza,2025,5,Semua staf hotel ramah dan sangat membantu sekali lokasi strategis dekat Sarinah tanah abang bundaran hi plaza indonesia dan mrt jakarta,KOMPETITOR,Bintang 3,HolidayInnExpressJakartaWahidhasyim,positive,0.9994214773178101,Staff Conduct & Hospitality,Staff Conduct & Hospitality (1.00); Service Efficiency & Responsiveness (0.97); Facilities & Amenities (0.97)
Shenna Rwp,2023,3,hotel oke kesana gara2 karantina sehabis penerbangan dari luar negri kamar nyaman ac dingin wifi kencang tv juga lengkap staf sangat ramah mengakomodasi makanan saat karantina rasanya biasa saja porsi juga terkadang kurang banyak,KOMPETITOR,Bintang 3,HolidayInnExpressJakartaWahidhasyim,positive,0.9865615963935852,Facilities & Amenities,Facilities & Amenities (0.99); Staff Conduct & Hospitality (0.98); Service Quality (0.97)
Devri Hernawan,2025,5,lokasi sangat dekat dengan pusat perbelanjaan dan pelayanan sangat bagus kamar bersih staf ny ramah ramah berikutnya saya pasti kembali lagi ke sana,KOMPETITOR,Bintang 3,HolidayInnExpressJakartaWahidhasyim,positive,0.9993970394134521,Facilities & Amenities,"Facilities & Amenities (1.00); Service Quality (1.00); Cleanliness, Hygiene & Maintenance (1.00)"
tiara noor,2024,2,Koridor dan kamar sangat bau rokok sudah dilakukan pengasapan ozone di kamar tapi kamar masih berbau resepsionis tidak bisa memberikan kamar non merokok lokasi bagus dekat kemana kemana tidak pernah kembali ke hotel ini,KOMPETITOR,Bintang 3,HolidayInnExpressJakartaWahidhasyim,negative,0.9464105367660522,Facilities & Amenities,"Facilities & Amenities (0.92); Service Quality (0.79); Location, Accessibility & Parking (0.66)"
Dyah,2024,4,Lokasinya strategis bisa jalan kaki ke sarinah dekat halte busway mh thamrin tidak jauh dari tanah abang kamar dan layanan sesuai bintang dan harga lah ya pilihan makanan di restorannya juga cukup,KOMPETITOR,Bintang 3,HolidayInnExpressJakartaWahidhasyim,positive,0.9994213581085205,Service Quality,Service Quality (1.00); Facilities & Amenities (1.00); Pricing & Value for Money (0.99)
Ayesha Rizal,2019,4,hotelnya deket dengan pusat perbelanjaan deket juga dengan tanah abang lumayan aku bisa kulakan kebetulan ikut suami makan disini kamarnya tersedia area merokok dan yang tidak jadi misalnya kamu bukan perokok tapi kamarnya di area merokok yaa kamarnya bau rokok menu sarapannya lumayan beragam dan enak enak staf nya juga ramah fasilitas hotelnya juga lumayan,KOMPETITOR,Bintang 3,HolidayInnExpressJakartaWahidhasyim,positive,0.9993543028831482,Facilities & Amenities,Facilities & Amenities (0.97); Staff Conduct & Hospitality (0.97); Food & Beverage (0.92)
husamuddin Ahmad,2024,5,kamar cukup luas pelayanan ramah ditengah kota dekat dengan kementerian cek masuk mudah belum mencoba sarapan pagi karena hanya menu sahur jam 3 pagi,KOMPETITOR,Bintang 3,HolidayInnExpressJakartaWahidhasyim,positive,0.9908568263053894,Facilities & Amenities,Facilities & Amenities (0.99); Service Quality (0.99); Guest Experience (0.99)
AnQoRa Channel,2020,5,hotel holiday inn express wahid hasyim lokasinya strategis sangat dekat dengan perempatan sarinah thamrin dan juga dekat dengan pasar grosir tanah abang banyak kuliner disekitar hotel pelayanan resepsionis cepat hangat dan ramah begitu juga di ruang restoran saat sarapan menu sarapan pagi sangat bervariasi begitu juga minumannya untuk kamar superior desain kamar bagus wifi kenceng terdapat kulkas dan safe deposit box sdb lantai kamar diallasi karpet lobby hotel nyaman dan terdapat meja santai yang juga dapat digunakan untuk bekerja menggunakan laptop,KOMPETITOR,Bintang 3,HolidayInnExpressJakartaWahidhasyim,positive,0.9994532465934753,Service Efficiency & Responsiveness,Service Efficiency & Responsiveness (1.00); Food & Beverage (1.00); Facilities & Amenities (0.99)
Hariyudo Susatio Nugroho,2021,4,kamar cukup luas tempat tidur yang empuk dengan bantal besar 4 sarapan meskipun menu minimalis tapi rasa kualitas dan lokasi yang sangat dekat dengan jantung ibukota di jalan thamrin pasar tanah abang,KOMPETITOR,Bintang 3,HolidayInnExpressJakartaWahidhasyim,positive,0.9992994070053101,Room Quality & Comfort,Room Quality & Comfort (0.99); Facilities & Amenities (0.99); Family & Group Friendly (0.92)
Joel Mgl,2025,5,Hotel ini cukup dekat dengan kawasan pusat bisnis dan monumen nasional monas dekat dengan segitiga emas jakarta dalam beberapa menit untuk mencapai grand indonesia plaza indonesia sarinah thamrin bundaran hi the djakarta theatre dan pasar tekstil populer tanah abang terletak di wahid hasyim,KOMPETITOR,Bintang 3,HolidayInnExpressJakartaWahidhasyim,positive,0.9961562752723694,Cultural & Heritage Experience,Cultural & Heritage Experience (0.91); Service Efficiency & Responsiveness (0.89); Facilities & Amenities (0.88)
Nursyamsu Bakhtiar,2024,4,kalau saya rasa dari sisi sarapannya mengalami penurunan dari sebelumnya baik dari variasi dan rasanya b saja termasuk buah buahannya scrambled telur nya kurang estetik pengolahan penyajian dan penampilannya yang lain masih oke,KOMPETITOR,Bintang 3,HolidayInnExpressJakartaWahidhasyim,positive,0.9178773760795593,Food & Beverage,Food & Beverage (0.79); Ambience & Design (0.52); Service Quality (0.29)
Putri Zahra,2025,5,letaknya strategis ditengah kota dan banyak transportasi umum untuk menuju lokasi hotelnya mewah,KOMPETITOR,Bintang 3,HolidayInnExpressJakartaWahidhasyim,positive,0.999241828918457,Facilities & Amenities,"Facilities & Amenities (0.93); Location, Accessibility & Parking (0.85); Service Quality (0.84)"
Yoga Pria Utama,2023,1,saya menginap dua malam di hotel ini di kamar 0220 hari pertama pelayanan makanan pada saat sarapan oke namun masuk ke malem kedua pelayanannya sangat buruk 1 hotel ini parkirannya sangat sempit tapi hotel ini tidak menyediakan petugas vallet sehingga tamu sendiri yang harus menandai kendaraannya ke parkir umum yang bekerja sama dengan hotel 2 keamanan tidak ramah ketika saya salah posisi parkir keamanan datang dengan nada tinggi menghimbau saya untuk parkir di parkir umum menurut saya cara menyampaikan nya tidak sopan 3 dari hari pertama saya memeriksa masuk saya minta kartu kamar dua buah dan ternyata pada saat saya kembali dari aktivitas saya yang nempel di kamar sudah dica dica,KOMPETITOR,Bintang 3,HolidayInnExpressJakartaWahidhasyim,negative,0.9979410767555237,"Location, Accessibility & Parking","Location, Accessibility & Parking (0.97); Guest Experience (0.91); Safety & Security (0.88)"
sulaeman al-rasid,2025,5,Setiap urusan bisnis ke jkt pasti tinggal disini karena hotelnya strategis deket ke pusat rekomend deh pokonya,KOMPETITOR,Bintang 3,HolidayInnExpressJakartaWahidhasyim,positive,0.9994267225265503,Facilities & Amenities,"Facilities & Amenities (0.67); Loyalty, Recommendation & Appreciation (0.66); Service Efficiency & Responsiveness (0.63)"
Fadlil Arif,2024,4,Ke sini untuk kegiatan rapat rapat cukup lucu menarik untuk posisi ruang rapatnya merasa masuk labirin karena begitu keluar dari lift jalannya sempit dan rendah jadi karena untuk pertemuan saya tidak merasakan kamar dan servicenya,KOMPETITOR,Bintang 3,HolidayInnExpressJakartaWahidhasyim,negative,0.7254666090011597,Ambience & Design,Ambience & Design (0.93); Facilities & Amenities (0.92); Check in/out Experience (0.91)
Emmy Endut,2020,4,pemandangannya bagus saya tidur di hotel ini dekat dengan lokasi tujuan saya di jakarta pusat dekat dengan pasar tanah abang dan pusat perbelanjaan keamanannya ramah dan membantu sarapannya cukup enak saya rasa saat ini untuk menginap di sini untuk kegiatan bisnis dengan sedikit hiburan sebagai pembuat kopi masukan dapat diperbaiki karena macet waktu sayacdan tamu lain ingin membuat sendiri kopi lift dan pintu kamar mohon dapat ditingkatkan keamanannya lift sempat mati sebentar kunci pintu kamar sempat kesalahan saya dan rekan saya tidak terlalu nyaman dengan pintu kamar mandi yang tidak memiliki kunci untuk kembali secara umum masih tertarik karena lokasi yang strategis layanan yang cukup baik,KOMPETITOR,Bintang 3,HolidayInnExpressJakartaWahidhasyim,positive,0.998896598815918,Facilities & Amenities,Facilities & Amenities (0.99); Food & Beverage (0.99); Staff Conduct & Hospitality (0.97)
Prawira Hendrik,2025,5,hotel bintang 5 kelas internasional bagi kaum gen z di link deskripsi,KOMPETITOR,Bintang 3,HolidayInnExpressJakartaWahidhasyim,neutral,0.9939728379249573,Service Quality,Service Quality (0.78); Guest Experience (0.59); Facilities & Amenities (0.56)
Muhammad Rahmadani,2019,4,lokasi sangat strategis di pusat kota jakarta dekat dengan pasar grosir tanah abang anda tidak perlu naik transportasi cukup dengan berjalan kaki sekitar 1km untuk kuliner bertebaran apalagi di malam hari tidak repot repot memesan makanan cukup menyebrangi jalan di depan hotel layanan hotel tidak terlalu mantap jika anda cuci anda harus membawa turun ke meja depan demikian juga bila sudah selesai anda ambil sendiri,KOMPETITOR,Bintang 3,HolidayInnExpressJakartaWahidhasyim,positive,0.9741843342781067,Facilities & Amenities,"Facilities & Amenities (0.82); Location, Accessibility & Parking (0.69); Guest Experience (0.69)"
putra depa,2025,5,kamar nyaman bersih staf nya ramah lokasi strategis saya senang menginap di sini,KOMPETITOR,Bintang 3,HolidayInnExpressJakartaWahidhasyim,positive,0.9990602135658264,Facilities & Amenities,Facilities & Amenities (0.99); Room Quality & Comfort (0.99); Service Quality (0.99)
Irnantiami Krisnasatya,2025,2,pengalaman tidak menyenangkan menginap di kamar dan lorong bau asap rokok tidak seperti di kamar gambar berkarpet dan terang,KOMPETITOR,Bintang 3,HolidayInnExpressJakartaWahidhasyim,negative,0.999315619468689,Guest Experience,Guest Experience (0.99); Check in/out Experience (0.97); Ambience & Design (0.92)
Alysa Selvyna,2022,5,hotel letaknya strategis di pusat kota dekat dengan transportasi umum kamarnya bersih dan menerapkan protokol covid 19 nyaman dan aman jika menginap di sini apalagi makanan di restorannya enak dilayani oleh staf nya yang ramah,KOMPETITOR,Bintang 3,HolidayInnExpressJakartaWahidhasyim,positive,0.9995784163475037,"Cleanliness, Hygiene & Maintenance","Cleanliness, Hygiene & Maintenance (1.00); Service Quality (1.00); Safety & Security (1.00)"
Agus budi santoso,2020,5,hotelnya keren kamar bersih pelayanan bagus dan ramah lokasi sangat strategis deket jalan sabang sarinah teater indonesia dan pusat jajanan harga cukup lah sesuai dengan fasilitas menginap semalam di sini dan kayaknya akan kembali lagi nanti,KOMPETITOR,Bintang 3,HolidayInnExpressJakartaWahidhasyim,positive,0.9995269775390625,Room Quality & Comfort,Room Quality & Comfort (1.00); Facilities & Amenities (0.99); Service Quality (0.99)
Alwi Dahlan,2025,4,Parkiran nya sempit dig deg,KOMPETITOR,Bintang 3,HolidayInnExpressJakartaWahidhasyim,negative,0.9990845918655396,Facilities & Amenities,"Facilities & Amenities (0.97); Location, Accessibility & Parking (0.97); Pricing & Value for Money (0.83)"
Najma,2022,2,hospitality nya bagus room serviceenya lama sekali pesan dari jam 13 30 sampai jam 4 lebih belum datang juga dan harus di telepon berkali-kali sudah 3 hari berturut turut pesan menu dari room service dan selalu datang lama sekali biasanya lebih dari dua jam menu nya juga tidak banyak makanannya sedikit membosankan untuk karantina 8 hari tolong di memperbaiki lagi untuk pelayanan room service nya jadi tidak perlu telepon dan menunggu berkali-kali,KOMPETITOR,Bintang 3,HolidayInnExpressJakartaWahidhasyim,negative,0.9464964866638184,Service Quality,Service Quality (0.83); Guest Experience (0.18); Staff Conduct & Hospitality (0.14)
Rachel Bahkri,2025,5,kamar nya nyaman sarapan nya enak lokasi nya juga strategis dekat dengan halte dan juga dekat dengan lokasi belanja,KOMPETITOR,Bintang 3,HolidayInnExpressJakartaWahidhasyim,positive,0.9993366599082947,Facilities & Amenities,Facilities & Amenities (0.99); Room Quality & Comfort (0.97); Food & Beverage (0.93)
Milawati Ashari Toha,2020,4,kekurangan 1 kamar terlalu gelap kurang cahaya 2 ranjang ganda terlalu kecil uk 160 harusnya minimal 180 toh sampingnya masih sangat luas menurut saya pemilihan ranjangnya salah 3 sanitasi nya byk mulai membutuhkan perbaikan showernya bocor keran wastafel goyang2 4 toilet tidak ada jet shower untuk tamu indonesia sedikit kesulitan 5 tidak ada cermin di kamar hny di kamar mandi menurut saya hrsnya kaca didepan meja mini bar hrsnya dipasang kaca cermin bukan kaca gelap 6 malam mulai susah parkir kelebihan 1 walaupun kecil ranjang nyaman 2 kamar tenang 3 tv ac kulkas berfungsi baik 4 pelayanan ramah cek masuk,KOMPETITOR,Bintang 3,HolidayInnExpressJakartaWahidhasyim,negative,0.9871719479560852,"Location, Accessibility & Parking","Location, Accessibility & Parking (0.85); Facilities & Amenities (0.78); Cleanliness, Hygiene & Maintenance (0.71)"
kartika ayu wandari,2025,4,4 hari menginap di sini kamarnya cukup nyaman dengan melihat menu rusun belakang makanannya kurang bervariasi yaa mohon ditingkatkan ruang rapat lumayan nyaman dan lokasi strategis,KOMPETITOR,Bintang 3,HolidayInnExpressJakartaWahidhasyim,positive,0.993202269077301,Facilities & Amenities,Facilities & Amenities (0.93); Room Quality & Comfort (0.90); Guest Experience (0.75)
Sara Sara,2023,1,super worst saya tinggal dari Tgl 2 5 sept 2022 malam ke 1 kunci kamar tidak bisa digunakan dan awal nya disuru turun ke lobi buat memperbaiki hari kedua terjadi lagi dan saya komplain ke resepsi dan saya tegur tekniknya ketika di tegur saya di tegur kembali tolong ibu jika mau ngomel ke resepsi saja mrk yang urus bukan saya oh yang terburuk saya seharusnya apapun status anda di hotel tetap membawa nama liburan di inn sabtu siang terjadi kartu kamar tidak aktif dan malam saya memutuskan untuk memeriksa keluar supaya tidak makan dengan pelayanan staf liburan inn dan saat saya mengingatkan kasusnya mrk hhya jawab akan kami sampaikan,KOMPETITOR,Bintang 3,HolidayInnExpressJakartaWahidhasyim,negative,0.9991949200630188,Complaint Handling & Service Recovery,Complaint Handling & Service Recovery (0.99); Guest Experience (0.95); Check in/out Experience (0.92)
Patilaya,2023,4,tmpatnya strategis di jantung kota bisa jalan kaki kemana2 trus didepannya ada jualan pecel lele dkt ma pasar tanah abang dan kantor2 birokrat tpi lorongnya antar kamarnya sampo dan sabunnya pakai yang bermerk bukan yang asal2 sih,KOMPETITOR,Bintang 3,HolidayInnExpressJakartaWahidhasyim,positive,0.9986771941184998,Facilities & Amenities,"Facilities & Amenities (0.94); Location, Accessibility & Parking (0.89); Service Quality (0.85)"
Football Viral,2024,1,Maaf saya kasih bintang 1 semua sebenarnya secara pelayanan dan kamar sangat sangat oke tapi sayang saya benci dengan praktek pungli oleh satpam terhadap taksi bahkan saya dapat cerita dari supir taksi bahwa mereka di patok 20rb untuk ke bandara menurut saya amat amat merugikan saya kasih gambaran dari sopir jika sopir bisa argo 180rb ke bandara mereka hanya dapat 40 dari argo tsb yaitu 72rb diambil 20rb sama satpam trus sisa 52rb berapa bensin dari sana ke bandara apa tidak ada sisa sedikit buat sopir klo dibiasakan akan sangat amat merugikan sopir mohon di tegur untuk,KOMPETITOR,Bintang 3,HolidayInnExpressJakartaWahidhasyim,negative,0.9986656904220581,Facilities & Amenities,Facilities & Amenities (0.99); Service Quality (0.97); Room Quality & Comfort (0.93)
Heri S,2018,1,hotel terburuk yang pernah kami tempati pertama kami cek masuk saya diberikan kamar yang wastafel nya mampet saya tidak yakin hotel yang katanya berbintang tidak bisa mengendalikan kondisi kamar beberapa saat setelah cek masuk saya telepon resepsi dari kamar apakah ada pelayanan untuk antar makanan ke kamar karena istri saya tiba tiba sakit staf bilang tidak bisa karena tidak ada staf akhirnya saya harus memesan online yang juga akhirnya menunggu lama akhirnya kami harus dipindahkan ke kamar lain karena wastafelnya tidak bisa diperbaiki hari berikutnya kami kembali ke hotel siang hari setelah selesai acara di luar kami istirahat sekitar 1 jam 5 dan kemudian alarm berbunyi kebakaran berbunyi,KOMPETITOR,Bintang 3,HolidayInnExpressJakartaWahidhasyim,negative,0.9975766539573669,Check in/out Experience,Check in/out Experience (0.89); Booking & Reservation Experience (0.84); Guest Experience (0.78)
Ferry Prabowo,2024,5,teman malaysia saya sangat puas bisa menginap di sini hotel yang menurut saya dengan layanan premium bukan cuma ramah tapi memang mereka total dalam melayani istilah ini saya bisa saya rekomendasikan lagi bagi teman malaysia saya yang lain,KOMPETITOR,Bintang 3,HolidayInnExpressJakartaWahidhasyim,positive,0.9981377124786377,Service Quality,Service Quality (0.99); Staff Conduct & Hospitality (0.97); Service Efficiency & Responsiveness (0.96)
Agus Soegito,2024,4,Lokasinya itu lho yang woww banget bagi yang suka blanja di tanah abang tinggal jln kaki doang sudah sampai mau ke monas deket sarinah deket banget kulineran di jln sabang juga tidak terlalu jauh pelayanan staf nya cukup ramah kamarnya cukup luas dan bersih jika ada kesempatan lagi kami akan kembali tinggal di sini,KOMPETITOR,Bintang 3,HolidayInnExpressJakartaWahidhasyim,positive,0.9996039271354675,Facilities & Amenities,Facilities & Amenities (1.00); Service Efficiency & Responsiveness (1.00); Service Quality (0.99)
Purbo Cahyo Utomo,2025,5,Saya dilayani saat cek masuk dengan kak anisa pelayanan yang ramah dan jelas ruangan bersih dan luas,KOMPETITOR,Bintang 3,HolidayInnExpressJakartaWahidhasyim,positive,0.9978764057159424,Service Quality,Service Quality (0.99); Guest Experience (0.99); Room Quality & Comfort (0.99)
Sevriandi Cahyana,2025,5,nyaman dan enak karena berada hari di kota dan dekat dengan pasar tanah abang,KOMPETITOR,Bintang 3,HolidayInnExpressJakartaWahidhasyim,positive,0.9993914365768433,Facilities & Amenities,Facilities & Amenities (0.99); Room Quality & Comfort (0.92); Service Efficiency & Responsiveness (0.89)
Ade Krisna,2025,5,pertama kali tinggal di sini pelayanannya semua staf nya ramah dan respon cepat apalagi di proses checkin di bantu sama mba istri yang baik semua di jelasin sama mba istri klo untuk makanan nya enak juga dan layak sama harga nya terima kasih dan sakit kembali,KOMPETITOR,Bintang 3,HolidayInnExpressJakartaWahidhasyim,positive,0.9988177418708801,Service Efficiency & Responsiveness,Service Efficiency & Responsiveness (1.00); Staff Conduct & Hospitality (1.00); Guest Experience (0.99)
Nur hasanah,2022,5,hotel sangat strategis berlokasi di daerah sarinah jakarta pusat pelayanan sangat memuaskan staf hotel sangat ramah dan membantu kamar bersih sarapan bervariasi dan protokol kesehatan sangat sangat terapkan sekali di hotel ini direkomendasikan,KOMPETITOR,Bintang 3,HolidayInnExpressJakartaWahidhasyim,positive,0.9994930028915405,"Cleanliness, Hygiene & Maintenance","Cleanliness, Hygiene & Maintenance (1.00); Service Quality (0.99); Staff Conduct & Hospitality (0.99)"
Vera Bullock,2025,3,Kasurnya terlalu kosong jadi badan sakit semua mungkin bisa di ganti dengan yang baru,KOMPETITOR,Bintang 3,HolidayInnExpressJakartaWahidhasyim,negative,0.9989516735076904,Facilities & Amenities,Facilities & Amenities (0.51); Service Quality (0.39); Sustainability & Environmental Quality (0.36)
Wahdi Hafizy,2017,1,pengalaman datang waktu hujan lebat disambut servis yang sangat tidak menyenangkan dari keamanan kami disuruh parkir yang membuat kami berbasah basahan masuk ke hotel barang juga tidak ada yang bantu mengangkat dari mobil ke lobi padahal kondisi hujan lebat kemudian kami dilarang parkir di tempat teduh dan diarahkan parkir paralel di tengah hujan yang lebat kamar juga biasa saja meskipun hotel baru tidak terlalu bagus mohon pihak manajemen meningkatkan pelayanan jangan karena hotel anggaran kepuasan pelanggan dikorbankan juga saat hujan lebat tolong beri diskres terkait parkir mobil yang membuat pelanggan nyaman bagi saya hotel ini tidak direkomendasikan,KOMPETITOR,Bintang 3,HolidayInnExpressJakartaWahidhasyim,negative,0.9980248212814331,Guest Experience,"Guest Experience (0.99); Location, Accessibility & Parking (0.99); Check in/out Experience (0.98)"
Syah Hasyim Jenie,2024,1,Pelayanan payah proses cek masuk lama banget sudah sampai jam setengah 4 belum bisa cek saat ditanyain kamar baru mulai proses bersihkan belum ada yang bisa bersihin kamarnya,KOMPETITOR,Bintang 3,HolidayInnExpressJakartaWahidhasyim,negative,0.9992358684539795,Service Quality,Service Quality (0.78); Check in/out Experience (0.61); Guest Experience (0.58)
Ryrie Lestari,2021,5,tahun baru di sekitar monas dan grand indonesia cocok banget nginepnya disini salesnya sangat dianjurkan layanan makanannya cukup bervariasi bisa dengan gym dan ada ruang cuci juga euy katanya bisa gratis pijat tapi karena sibuk jadi terlewatkan kan untuk mencoba pasti manti aku kembali lagi jika memungkinkan ada penambahan kolam renang dong,KOMPETITOR,Bintang 3,HolidayInnExpressJakartaWahidhasyim,positive,0.9993273019790649,Facilities & Amenities,Facilities & Amenities (0.99); Service Quality (0.88); Service Efficiency & Responsiveness (0.86)
Yan Robby Fadillah,2022,4,pelayanan yang cukup ramah dari para stafnya saat pertama kali datang dan cek masuk kamar bersih dan cukup baik tapi saya tidak tahu untuk lensa nya apakah di ganti dengan yang baru apa tidak sepertinya agak lecek seperti saat masuk pertama kali d kamar makanan jika bisa di taruh di pemanas karena yang baru datang karantina malam hari juga bisa mendapatkan makanan yang masih hangat terima kasih,KOMPETITOR,Bintang 3,HolidayInnExpressJakartaWahidhasyim,positive,0.8901015520095825,Service Quality,Service Quality (0.99); Staff Conduct & Hospitality (0.99); Check in/out Experience (0.98)
Arindra Dewani,2022,2,hotel bagus tapi tidak punya lahan parkir saat bikin hotel kau berpikir tidak sih tidak sekalian saja tidak punya kasur diedit iya ada lahan parkir tapi tidak persis diseberangnya didepan verselite lumayan jarak ada sekitar 80m jadi jika mau ke hotel harus geret2 koper gitu ya ke tengah jalan raya dan nyebrang secara gitu ya mau turun di lobi tidak bisak penuh pdhal cuma 5 mobil duh hotel bagus loh padahal saran kalau tidak ada lahan bisa bikin basement jika tidak ada anggaran bikin basement maksa banget sih lahan parkir di seberang jauh jika sudah terlanjur gitu yahudah setidaknya depan lob,KOMPETITOR,Bintang 3,HolidayInnExpressJakartaWahidhasyim,positive,0.9849004745483398,"Location, Accessibility & Parking","Location, Accessibility & Parking (0.68); Pricing & Value for Money (0.65); Facilities & Amenities (0.51)"
I Gusti Agung Made Suhartana,2020,3,hotel yang dekat dengan sarina gi maupun pi tidak jauh dari hotel terdapat kuliner yang menyejukan hati pusat perbelanjaan tanah abang berjarak hanya 4 5 km dari hotel berati bisa di perkiraan mau jalan kaki atau naik ojol kesana karena dari jam 08 14 kawasan tanah abang pasti macetnya penuh untuk kebersihan liburan inn sangatlah terjaga pelayanannya ramah makanan standar hotel bertaraf harga kisaran 700k 800k dengan dekatnya tempat merehatkan stres cocok lah hotel ini jadi pilihan terima kasih,KOMPETITOR,Bintang 3,HolidayInnExpressJakartaWahidhasyim,positive,0.9994521737098694,Service Quality,"Service Quality (0.98); Cleanliness, Hygiene & Maintenance (0.95); Pricing & Value for Money (0.87)"
Ika Nuryanti,2022,5,pertama menginap mendapat kamar dengan pemandangan croosway sarinah sangat indah pemandangan ketika malam belanja ke tanah abang tinggal naik busway dari depan hotel makanan di restoran enak stafnya ramah dan sangat membantu,KOMPETITOR,Bintang 3,HolidayInnExpressJakartaWahidhasyim,positive,0.9995562434196472,Staff Conduct & Hospitality,Staff Conduct & Hospitality (0.99); Service Efficiency & Responsiveness (0.98); Facilities & Amenities (0.97)
Bagus Rama,2023,1,berniat menginap namun menjadi mimpi buruk keluarga kamar tidak dingin ac sangat berisik mengganggu saat sedang tidur pemeliharaan sangat lambat datang tidak pelayanan bel boy jadi semua koper angkat sendiri dari mobil hingga kamar sungguh pengalaman terburuk untuk hotel sekelas holiday inn,KOMPETITOR,Bintang 3,HolidayInnExpressJakartaWahidhasyim,negative,0.9992498755455017,Facilities & Amenities,Facilities & Amenities (0.87); Guest Experience (0.87); Management & Policy Issues (0.69)
Henry Prasetyo,2023,1,sangat buruk pengalaman sebagai anggota elit ihg saya kecewa berat sama fasilitas hotel saya menginap di kamar 926 sejak pagi pk 08 30 sampai saya menulis pesan ini pk 15 30 tanggal 1 Januari 2023 udara di kamar mandi mati total respon hotel hanya minta maaf saja tanpa kasih info nya udara sudah mulai normal di lantai bawah saya minta hotel untuk bisa memberikan kamar di lantai bawah mata-mata saya dan keluarga saya bisa numpang mandi hotel berikan pinjam kamar di kamar 103 namun nyata nya sama saja udara di kamar mandi juga tidak keluar sangat buruk pengalaman untuk tidak kembali ke hotel ini ihg pusat akan saya hubungi mengenai hal ini,KOMPETITOR,Bintang 3,HolidayInnExpressJakartaWahidhasyim,negative,0.9994508624076843,Guest Experience,Guest Experience (0.75); Facilities & Amenities (0.75); Check in/out Experience (0.52)
Sari Nafitri,2023,4,kamar lengkap ada pengering rambut minibar ada karpet di dalam kamar bersih tapi pelayanan lambat sudah jam 14:30 masih belum bisa masuk ke kamar karena masih dipersiapkan,KOMPETITOR,Bintang 3,HolidayInnExpressJakartaWahidhasyim,positive,0.7769534587860107,Facilities & Amenities,"Facilities & Amenities (0.95); Cleanliness, Hygiene & Maintenance (0.83); Service Quality (0.71)"
Nenek Kembar,2020,5,sangat mengesankan kamar enak cukup luas sarapan enak pelayanan sangat ramah kemana mana dekat baik mrt atau busway atau kereta api jalur pendaki kuliner berhamburan bioskop xxi deket lengkap deh bakal kesini lagi dari puas nya,KOMPETITOR,Bintang 3,HolidayInnExpressJakartaWahidhasyim,positive,0.9994820952415466,Facilities & Amenities,Facilities & Amenities (1.00); Guest Experience (0.99); Service Efficiency & Responsiveness (0.99)
Daryo Sudaryono,2024,5,lokasi strategis antara bundaran hi dan bundaran air mancur bi kamar bersih n rapi cuma sayang jendela tertutup bangunan sebelahnya,KOMPETITOR,Bintang 3,HolidayInnExpressJakartaWahidhasyim,positive,0.9990053772926331,"Cleanliness, Hygiene & Maintenance","Cleanliness, Hygiene & Maintenance (0.98); Service Quality (0.98); Room Quality & Comfort (0.96)"
Chevy Trax,2022,3,check masuk nya lama sekali saya sudah berkunjung ke berbagai tempat di australia cina korea filipina hampir seluruh kota besar di indonesia kali ini baru bisa pengalaman check masuk di hotel lebih dari 1 jam saya tiba jam 14 40 dan harus menunggu sampai jam 15 50 untuk mendapatkan kamar saya permintaan online minta kamar yang ada jendela dan view keluar tapi dikasih kamar dengan jendela tanpa view 10 jan 2021 pengalaman yang kurang baik semoga bisa diperbaiki untuk waktu lain,KOMPETITOR,Bintang 3,HolidayInnExpressJakartaWahidhasyim,negative,0.9968386888504028,Check in/out Experience,Check in/out Experience (0.94); Guest Experience (0.76); Booking & Reservation Experience (0.71)
Kevin,2024,1,iphone ibu saya ketinggalan di kamar saat checkout saat kembali sudah tidak ada tidak ada yang mengaku bilangnya belum ada yang beberes tapi posisi kabel sudah pindah tidak di tempat seharusnya minta di buka cctv susah tiba2 ada yang nganterin hp nya bilang di ambil ob tapi belum sempet di kasih kan ke pihak hotel tidak mungkin banget jika tidak niat nyolong hp nya di matiin karena iphone jika di chas otomatis nyala pihak hotel seharusnya memihak konsumen dan jujur jangan di tutup tutupi di seleksi lagi pegawainya tolong jangan sampai mencoreng nama hotel,KOMPETITOR,Bintang 3,HolidayInnExpressJakartaWahidhasyim,negative,0.9959841966629028,Safety & Security,Safety & Security (0.79); Check in/out Experience (0.77); Guest Experience (0.74)
Muhtar Clinchem,2025,5,hotel dianjurkan ditengah kota,KOMPETITOR,Bintang 3,HolidayInnExpressJakartaWahidhasyim,positive,0.986574113368988,Sustainability & Environmental Quality,"Sustainability & Environmental Quality (0.86); Cleanliness, Hygiene & Maintenance (0.82); Safety & Security (0.81)"
Luthfi Sidik,2023,4,lumayan tenang walaupun di tengah tengah pusat kota jakarta kamarnya besar pula tapi sempat kebingungan mencari qiblat arah sholat yang ternyata menyembunyikan di laci bawah tv,KOMPETITOR,Bintang 3,HolidayInnExpressJakartaWahidhasyim,positive,0.9707859754562378,Facilities & Amenities,Facilities & Amenities (0.74); Service Quality (0.73); Room Quality & Comfort (0.68)
Ony Onz,2025,4,sudah cek masuk jam 14 00 trnyata belum ada kamar baru bisa kamar jam 14 24 kalau sarapan makanan enak ruangan juga nyaman dan bersih,KOMPETITOR,Bintang 3,HolidayInnExpressJakartaWahidhasyim,positive,0.9862516522407532,Facilities & Amenities,"Facilities & Amenities (0.96); Cleanliness, Hygiene & Maintenance (0.95); Room Quality & Comfort (0.93)"
Ute Khadijah,2020,5,semuanya serba bagus ada ruang cuci khusus untuk tamu hotel kebetulan dapat kamar yang terhubung pintu eh suara kamar sebelah kedemgeran padahal saat masuk saja masih awal banget jam 10 20 tapi mereka ijinkan kita masuk juara banget terima kasih ya hopiday inn express jakarta,KOMPETITOR,Bintang 3,HolidayInnExpressJakartaWahidhasyim,positive,0.998674750328064,Facilities & Amenities,"Facilities & Amenities (0.99); Service Quality (0.95); Cleanliness, Hygiene & Maintenance (0.90)"
Randi,2025,5,hotel nya bagus kamar bersih staf ramah dan lokasi d pusat perkotaan,KOMPETITOR,Bintang 3,HolidayInnExpressJakartaWahidhasyim,positive,0.9991804957389832,Facilities & Amenities,"Facilities & Amenities (1.00); Service Quality (1.00); Cleanliness, Hygiene & Maintenance (1.00)"
Ayu Rahayu,2025,5,sangat bahagia luar biasa pokonya kamar dan pelayananya saya puas terimakasih hotel liburan masuk express wahid hasyim,KOMPETITOR,Bintang 3,HolidayInnExpressJakartaWahidhasyim,positive,0.9988799691200256,Facilities & Amenities,Facilities & Amenities (0.98); Guest Experience (0.97); Room Quality & Comfort (0.95)
Liesnawati Wibowo,2020,5,Pelayanan baik menu sarapan sederhana tapi enak kamar bersih kamar mandi bersih seperti baru karpet mpuk lokasi strategis di kota besar kamar dpt kota view kesimpulannya puas suka hotelnya,KOMPETITOR,Bintang 3,HolidayInnExpressJakartaWahidhasyim,positive,0.9995125532150269,"Cleanliness, Hygiene & Maintenance","Cleanliness, Hygiene & Maintenance (1.00); Facilities & Amenities (1.00); Service Quality (1.00)"
Robiansyah,2021,4,lokasi sangat strategis banyak akses transprtasi busway mrt mall2 besar seperti gi kamar cukup besa terdapat fasilitas cuci sendiri namun untuk sarapan tidak begitu bervariasi dan rasanya enak,KOMPETITOR,Bintang 3,HolidayInnExpressJakartaWahidhasyim,positive,0.9988607168197632,Facilities & Amenities,"Facilities & Amenities (0.92); Cleanliness, Hygiene & Maintenance (0.72); Location, Accessibility & Parking (0.65)"
Achmad Yusuf,2022,2,sayang hotel besar dan cukup bersih tapi tidak menyediakan mushollah khusus buat tamu jika mau sholah disuruh ikut sholat ke mushollah pegawai nya dan kondisinya tidak representatif sekali dengan tamu sebagian besar beragama islam tapi tidak disediakan musholla kata pemasaran sudah berkali-kali dikomplain sama tamu dan sudah disampaikan ke gm dan manajemen tapi tidak pernah dapat menjawab yang baik sayang sekalai,KOMPETITOR,Bintang 3,HolidayInnExpressJakartaWahidhasyim,negative,0.997246265411377,Guest Experience,Guest Experience (0.72); Management & Policy Issues (0.68); Facilities & Amenities (0.64)
cherrymoon,2022,5,hotel dengan konsep minimalis dengan desain modern kamarnya nyaman dan bersih udara lancar wifi kencang staf yang sangat ramah sarapannya juga enak senang tinggal 7 malam disini keramahan sejati,KOMPETITOR,Bintang 3,HolidayInnExpressJakartaWahidhasyim,positive,0.9994718432426453,Staff Conduct & Hospitality,Staff Conduct & Hospitality (0.99); Facilities & Amenities (0.99); Room Quality & Comfort (0.99)
Kwinta Masalit,2020,5,tempat yang nyaman dan strategis untuk berakhir pekan di jakarta wisata belanja wisata kuliner dan bonus wisata olah raga saat mobil gratis hari hari minggu pagi di jalan mh thamrin yang hanya beberapa langkah saja dari lobi hotel,KOMPETITOR,Bintang 3,HolidayInnExpressJakartaWahidhasyim,positive,0.999171257019043,Facilities & Amenities,Facilities & Amenities (0.94); Family & Group Friendly (0.82); Service Efficiency & Responsiveness (0.77)
Hardi Z,2020,5,Hotel cukup bersih dan strategis di kota tengah dekat denga tugu monas dan stasiun gambir 5 menit fasilitas pergi hijau sangat bagus dimana mengurangi pemakaian bahan dasar plastik kita cukup bawa thumbler untuk minum,KOMPETITOR,Bintang 3,HolidayInnExpressJakartaWahidhasyim,positive,0.999313473701477,Facilities & Amenities,Facilities & Amenities (0.99); Service Quality (0.98); Sustainability & Environmental Quality (0.97)
Amsi Puri Dirgantari,2023,1,kamar bau asap rokok sudah mengeluh tapi tidak bisa pindah kamar dan hanya dikasih pengharum ruangan semprotan kecewa berat saya semalaman menghirup asap rokok padahal saya bawa balita juga paginya malah makin parah bau asap rokoknya,KOMPETITOR,Bintang 3,HolidayInnExpressJakartaWahidhasyim,negative,0.999427080154419,Guest Experience,Guest Experience (0.66); Pricing & Value for Money (0.54); Check in/out Experience (0.53)
Ilham Fathul,2019,5,Kamar nyaman parkir sempit tempat makan cucuo dekat lokasi strategis di pusat kota hotel ini berkonsep express dan efektif keperluan amenitas kebanyakan harus minta ke resepsi dan harus di ambil sendiri,KOMPETITOR,Bintang 3,HolidayInnExpressJakartaWahidhasyim,positive,0.998687207698822,Facilities & Amenities,"Facilities & Amenities (0.99); Location, Accessibility & Parking (0.98); Room Quality & Comfort (0.98)"
Daniel Tok,2022,1,Satgas covidnya terlalu pintar orang d paksa makan2an dari hotel yang jelas2 rasanya kurang dan kurang nutrisi memperbaiki beli di luar tetapi d ijinkan peraturan sih peraturan tapi di mana tanggung jawabnya kalau sampai kelaperan karena menu makanan d hotel tidak cocok pelayanannya pun sangat buruk pertama dan terakhir menginap d sni,KOMPETITOR,Bintang 3,HolidayInnExpressJakartaWahidhasyim,negative,0.9990729093551636,Management & Policy Issues,Management & Policy Issues (0.87); Guest Experience (0.59); Pricing & Value for Money (0.49)
Rian Steel,2025,5,hotel dengan layanan yang ke kinian bagus banget buat liburan yang menunggu kereta di gambir bisa ke sini sekalian lihat monas dan bundaran hi bener bener deket sekali,KOMPETITOR,Bintang 3,HolidayInnExpressJakartaWahidhasyim,positive,0.9990768432617188,Facilities & Amenities,Facilities & Amenities (0.99); Service Quality (0.97); Ambience & Design (0.93)
"Muhammad Ahdiat, ST",2023,4,hotel yang nyaman terletak di tengah kota disini saat mengurus anak kuliah sekalian liburan fasilitas oke dan staf ramah serta tanggap terhadap permintaan dari penginap hanya perlu ditingkatkan layanan cek masuk yang lumayan lama menunggunya secara keseluruhan dianjurkan terima kasih,KOMPETITOR,Bintang 3,HolidayInnExpressJakartaWahidhasyim,positive,0.9989128112792969,Facilities & Amenities,Facilities & Amenities (0.99); Staff Conduct & Hospitality (0.99); Service Efficiency & Responsiveness (0.98)
dwi P Prasetyo,2025,1,Tidak ada sepatu bersinar kit dan tidak ada baju sendiri tidak sesuai dengan deskripsi diawal waktu telepon resepsi hotel tidak ada,KOMPETITOR,Bintang 3,HolidayInnExpressJakartaWahidhasyim,negative,0.9971609115600586,Facilities & Amenities,Facilities & Amenities (0.80); Guest Experience (0.46); Pricing & Value for Money (0.36)
farid nugraha,2021,3,Saat kondisi covid seperti ini seharusnya pihak hotel dan restoran sudah berkoordinasi terkait jumlah porsi sarapan cust sehingga cust tidak menunggu lama untuk mendapatkan sarapan dikarenakan stok makanan kurang untung saya sedang dalam kondisi santai jika orang lain yang sedang terburu buru apakabar,KOMPETITOR,Bintang 3,HolidayInnExpressJakartaWahidhasyim,positive,0.7686317563056946,Staff Conduct & Hospitality,Staff Conduct & Hospitality (0.91); Service Efficiency & Responsiveness (0.90); Facilities & Amenities (0.90)
Muhammad Sofyan,2020,5,letaknya yang strategis dekat dengan jalan m h thamrin tinggal jalan kaki terdapat angkutan umum mulai dari kopaja hingga busway dekat dengan pisat perbelanjaan modern yaitu sarinah untuk pasilitas hotelnya lumayan lengkap ya guys jadi nyaman dan ramah ya,KOMPETITOR,Bintang 3,HolidayInnExpressJakartaWahidhasyim,positive,0.9995330572128296,Facilities & Amenities,Facilities & Amenities (0.99); Service Efficiency & Responsiveness (0.97); Family & Group Friendly (0.93)
Motopacker Indonesia,2024,5,strategis tengah kota banget ke sarinah dan skitarnya tinggal jalan kaki dan kamarnya sih yang 820 kucing deket WC nya lembab kliatan terkupas,KOMPETITOR,Bintang 3,HolidayInnExpressJakartaWahidhasyim,positive,0.998497724533081,Facilities & Amenities,"Facilities & Amenities (0.93); Location, Accessibility & Parking (0.83); Sustainability & Environmental Quality (0.69)"
Dias Mutiara,2025,5,kamar okee staf ramah sarapan enak fasilitas nya juga oke,KOMPETITOR,Bintang 3,HolidayInnExpressJakartaWahidhasyim,positive,0.9982618689537048,Facilities & Amenities,Facilities & Amenities (0.98); Room Quality & Comfort (0.98); Service Quality (0.98)
Salma Luthfiyah,2025,5,Setiap ke jakarta pasti tinggal di hari libur wahid hasyim kamarnya luas dan fasilitasnya lengkap,KOMPETITOR,Bintang 3,HolidayInnExpressJakartaWahidhasyim,positive,0.9992627501487732,Facilities & Amenities,Facilities & Amenities (0.97); Room Quality & Comfort (0.92); Service Efficiency & Responsiveness (0.74)
Adriani,2018,1,layanan housekeeping lamban sekali kamar sudah dtinggal dari jam 7 pagi sampai jam 2 siang belum jg diberesin pdhl sudah dipasang tanda dipintu akhirnya telepon langsung ke bagian housekeeping tapi ttp saja lama dtengnya sprei yang jelas2 keliatan banget dimata ada noda disana sini malah tidak diganti jg ambal karpet pun pengalaman tidak divakuum nampakny terlalu mementingkan bersiin kamar yang mau dijual lg drpd kamar tamu yang msh tinggal,KOMPETITOR,Bintang 3,HolidayInnExpressJakartaWahidhasyim,negative,0.9993133544921875,Guest Experience,Guest Experience (0.76); Facilities & Amenities (0.69); Check in/out Experience (0.65)
Arief Hidayatullah,2023,1,sangat kecewa hotel sekelas liburan masuk jakarta wahid hasyim tidak ada udara dari jam 10 15 sampai sekarang jam 15 45 belum juga terselesaikan kendala udara masa harus mandi dan buang air kecil harus ke loby bawah,KOMPETITOR,Bintang 3,HolidayInnExpressJakartaWahidhasyim,negative,0.9995388984680176,Facilities & Amenities,Facilities & Amenities (0.88); Check in/out Experience (0.78); Guest Experience (0.78)
Nardi Nd,2022,4,Saya suka banget karena tempatnya strategis dekat Sarinah pasar tanah abang di kamarnya menggunakan karpet sehingga nyaman untuk sholat dan dekat dengan tempat kuliner hanya sekitar 50m,KOMPETITOR,Bintang 3,HolidayInnExpressJakartaWahidhasyim,positive,0.9995301961898804,Facilities & Amenities,Facilities & Amenities (0.99); Room Quality & Comfort (0.97); Service Efficiency & Responsiveness (0.90)
Kang Eby,2025,5,hotel yang berada di jantung jakarta deket dengan gedung sarinah yang legendaris dan bunderan hi eh jangan lupa deket juga dengan perbelanjaan grosiran tanah abang,KOMPETITOR,Bintang 3,HolidayInnExpressJakartaWahidhasyim,positive,0.9989988207817078,Facilities & Amenities,Facilities & Amenities (0.94); Cultural & Heritage Experience (0.83); Sustainability & Environmental Quality (0.78)
Alexander Kevin,2021,5,kamar bersih ac dingin pelayanan oke banget senang adain acara di hotel ini fasilitas komplit wifi nya kenceng arsitektur bagus terawat pemasarannya mas roman oke dan profesional banget,KOMPETITOR,Bintang 3,HolidayInnExpressJakartaWahidhasyim,positive,0.9994532465934753,"Cleanliness, Hygiene & Maintenance","Cleanliness, Hygiene & Maintenance (0.99); Service Quality (0.98); Facilities & Amenities (0.98)"
Anastasia Mega,2024,5,Hotel yang strategis dekat kemana2 kamar nya bagus view nya oke bersih ada tempat untuk gym nya pelayanan baik sarapan nya enak2 makanannya selalu menginap di sni kalau ke jkt,KOMPETITOR,Bintang 3,HolidayInnExpressJakartaWahidhasyim,positive,0.9995487332344055,Facilities & Amenities,"Facilities & Amenities (0.99); Service Quality (0.98); Cleanliness, Hygiene & Maintenance (0.94)"
Faisal M,2019,5,Holiday Inn Express Jakarta Wahid Hasyim adalah sebuah hotel yang lokasinya sangat strategis karena banyak beberapa puluh meter dari pusat perbelanjaan Sarinah thamrin dan tidak terlalu jauh dengan pusat perbelanjaan plaza Indonesia dan Grand Indonesia lokasi hotel juga dekat monas dan pusat kuliner jl sabang hotel ini sangat cocok bagi anda yang sedang berlibur ke Jakarta atau sedang melakukan kunjungan bisnis,KOMPETITOR,Bintang 3,HolidayInnExpressJakartaWahidhasyim,positive,0.9993243217468262,Facilities & Amenities,Facilities & Amenities (0.87); Service Efficiency & Responsiveness (0.83); Pricing & Value for Money (0.78)
Cyril Parera,2019,5,hotel yang berada di pusat kota dekat dengan pusat perbelanjaan sarinah dan berbagai tempat makan yang mursh meriah sampai yang mahal desain hotelnya mininalis modern dan sangat luas untuk makanannya pun enak dan harga hotek sesuai anggaran jadi tidak mahal,KOMPETITOR,Bintang 3,HolidayInnExpressJakartaWahidhasyim,positive,0.9994602799415588,Pricing & Value for Money,Pricing & Value for Money (0.96); Ambience & Design (0.89); Facilities & Amenities (0.75)
Yurni Ati,2025,5,kamarnya nyaman dan bersih makanannya enak dan variatif karyawannya ramah dan ramah,KOMPETITOR,Bintang 3,HolidayInnExpressJakartaWahidhasyim,positive,0.9993680119514465,Facilities & Amenities,"Facilities & Amenities (0.99); Cleanliness, Hygiene & Maintenance (0.99); Room Quality & Comfort (0.99)"
Risma Diana,2023,4,Ke sini untuk karantina kamarnya yaa okelah walau agak engap yaa karena jendelanya mati jadi tidak bisa ganti udara padahal buat karantina tidak bisa buat berjemur juga makanan untuk karantina enak walau sering salah menu semoga bisa ditingkatkan dan sukses terus yaa,KOMPETITOR,Bintang 3,HolidayInnExpressJakartaWahidhasyim,positive,0.9980736970901489,Facilities & Amenities,Facilities & Amenities (0.71); Guest Experience (0.64); Sustainability & Environmental Quality (0.64)
Asep MS,2023,5,rencana nginap 2 malam baru cekin tadi siang sejauh ini begitu baik lah tidak ada masalah mau belanja ke sarinah dekat mau borong ke tanah abang sekitar 1 km bolehlah,KOMPETITOR,Bintang 3,HolidayInnExpressJakartaWahidhasyim,positive,0.9969820380210876,Service Efficiency & Responsiveness,Service Efficiency & Responsiveness (0.95); Service Quality (0.92); Facilities & Amenities (0.84)
Feri Kurnia,2021,4,hotel dengan konsep minimalis dengan desain modern kamarnya nyaman dan bersih udara lancar wifi kencang pelayanan ramah sarapannya juga enak senang dengan alat makannya yang berwarna-warni,KOMPETITOR,Bintang 3,HolidayInnExpressJakartaWahidhasyim,positive,0.9994876384735107,Service Efficiency & Responsiveness,Service Efficiency & Responsiveness (0.99); Facilities & Amenities (0.99); Service Quality (0.99)
Faisal adiyatna,2025,5,Baru pertama kali ke Holiday Inn dan sangat puas pelayanannya sangat ramah terima kasih rohman dan tim membantu pada saat sarapan,KOMPETITOR,Bintang 3,HolidayInnExpressJakartaWahidhasyim,positive,0.9991368651390076,Staff Conduct & Hospitality,Staff Conduct & Hospitality (1.00); Service Quality (0.99); Guest Experience (0.98)
Loeid bembofag,2025,5,tempat ternyaman u istirahat lokasi strategis dekat dengan mana saja,KOMPETITOR,Bintang 3,HolidayInnExpressJakartaWahidhasyim,positive,0.9994358420372009,Room Quality & Comfort,Room Quality & Comfort (0.89); Facilities & Amenities (0.87); Family & Group Friendly (0.68)
Arie Yuranda,2021,3,kamarnya enak tapi sayang mushola nya di basement agak bau sama kotor semoga kedepannya ada perbaikan agar tamu juga enak jika mau beribadah,KOMPETITOR,Bintang 3,HolidayInnExpressJakartaWahidhasyim,negative,0.7183905839920044,Facilities & Amenities,Facilities & Amenities (0.92); Guest Experience (0.82); Religious & Halal Features (0.69)
Bayu Station (Bayu Station),2020,3,berada tepat di belakang karena nyaman untuk yang ingin suasana nyaman tapi bagi gua yang ngerokok susah karena tidak bisa harus pula turun ke luar untuk bisa ngerokok jika mau makan ya pikir kecil karena saya berdua makan minum saja 300 ribu lebih,KOMPETITOR,Bintang 3,HolidayInnExpressJakartaWahidhasyim,positive,0.7023079991340637,Facilities & Amenities,Facilities & Amenities (0.90); Food & Beverage (0.79); Pricing & Value for Money (0.79)
Putri Wulandari,2024,5,Seruu banget disinii cocok buat liburan atau kepentingan lain dan mewah kamar nya juga sangat bersih lucu pemandangannya indah bikin nyaman tidak pernah nyesel aku kasih bintang 5,KOMPETITOR,Bintang 3,HolidayInnExpressJakartaWahidhasyim,positive,0.9992750287055969,Facilities & Amenities,Facilities & Amenities (1.00); Room Quality & Comfort (0.99); Family & Group Friendly (0.96)
Endy Sagita,2025,5,dekat sarinah memudahkan akses jalan2 beneran jalan kaki dari hotel ke sarinah pp,KOMPETITOR,Bintang 3,HolidayInnExpressJakartaWahidhasyim,positive,0.9992945194244385,Facilities & Amenities,Facilities & Amenities (0.93); Service Efficiency & Responsiveness (0.79); Family & Group Friendly (0.65)
Nabila Putri Damayanti,2021,4,Pelayanan cukup baik hanya saja saat minta mengisi ulang udara minum datangnya lebih dari 1 jam dan meminta mangkuk yang datang piring akhirnya harus mengambil di resepsi karena staf sedang sibuk dengan restorannya jumlah staf mungkin perku ditambahkan,KOMPETITOR,Bintang 3,HolidayInnExpressJakartaWahidhasyim,negative,0.6248460412025452,Service Quality,Service Quality (1.00); Guest Experience (0.95); Food & Beverage (0.84)
Tobi Pd,2025,5,hotel di pusat kota jakarta mudah ke semua akses yang akan menjadi tujuan kamar bagus dan sangat bersih layanan sangat ramah,KOMPETITOR,Bintang 3,HolidayInnExpressJakartaWahidhasyim,positive,0.9991902709007263,Service Efficiency & Responsiveness,Service Efficiency & Responsiveness (0.99); Room Quality & Comfort (0.99); Service Quality (0.99)
FJ,2023,4,lokasi strategis cukup jalan kaki ke beberapa destinasi misal monas masjid istiqlal sarinah xxi tanah abang semua dekat2 hanya ingin menambahkan terima kasih pak sekuriti asep yang sudah bersedia membantu mengurus untuk mengirim barang saya yang tertinggal,KOMPETITOR,Bintang 3,HolidayInnExpressJakartaWahidhasyim,positive,0.9969933032989502,"Loyalty, Recommendation & Appreciation","Loyalty, Recommendation & Appreciation (0.99); Guest Experience (0.98); Service Efficiency & Responsiveness (0.96)"
Arief Hidayat,2020,1,kamar bagus semua bagus sudah gogreen jg gda botol minuman cuma sayang banget kenapa vaping dilarang masih belum masuk diakal sih ngrokok boleh tapi vaping tidak boleh,KOMPETITOR,Bintang 3,HolidayInnExpressJakartaWahidhasyim,negative,0.545486569404602,Facilities & Amenities,Facilities & Amenities (0.94); Sustainability & Environmental Quality (0.91); Room Quality & Comfort (0.83)
bambang nugroho,2019,3,Ke tempat ini saat ini merasakan paket berbuka puasa yang ditawarkan hotel dengan biaya 125k atau 18 Juni menu kurang bervariasi sementara rasa nya biasa saja salat magrib di sediakan khusus di lt 10,KOMPETITOR,Bintang 3,HolidayInnExpressJakartaWahidhasyim,positive,0.8116837739944458,Guest Experience,Guest Experience (0.88); Pricing & Value for Money (0.85); Food & Beverage (0.79)
Abel Ryan,2022,5,tempat strategis dekat kepusat kota mudah mau kemana mana pelayanan yang bagus kamar yang nyaman tidak kalah makanannya juga enak oke lah buat menginap disini dan tidak lupa prokesnya mantab puas banget deh,KOMPETITOR,Bintang 3,HolidayInnExpressJakartaWahidhasyim,positive,0.9995007514953613,Facilities & Amenities,Facilities & Amenities (0.99); Service Quality (0.99); Room Quality & Comfort (0.99)
Ahmad Muhajir (Cak Hajir),2021,5,nyaman dekat dengan pusat kota akses juga mudah dan sarapannya enak yang penting kalau malam banyak warung warung kaki lima dekat dengan hotel atau bisa ke sarinah dengan jalan kaki,KOMPETITOR,Bintang 3,HolidayInnExpressJakartaWahidhasyim,positive,0.9992392063140869,Facilities & Amenities,Facilities & Amenities (0.99); Service Quality (0.97); Service Efficiency & Responsiveness (0.97)
Dodi Hermanto,2025,5,Saya sangat senang menginap di sini karna kamar sangat bagus dan karyawan servisnya bagus,KOMPETITOR,Bintang 3,HolidayInnExpressJakartaWahidhasyim,positive,0.998932421207428,Service Quality,Service Quality (1.00); Room Quality & Comfort (1.00); Facilities & Amenities (0.99)
Aprianto Nugraha,2024,5,tempat sangat strategis ke mall sarinah cukup jalan kaki dekat xxi dekat mc donald dekat rm padang sarapan hotelnya enak cocok untuk bahasa indonesia,KOMPETITOR,Bintang 3,HolidayInnExpressJakartaWahidhasyim,positive,0.9995052814483643,Facilities & Amenities,Facilities & Amenities (0.91); Guest Experience (0.85); Food & Beverage (0.84)
Andre Notohamijoyo,2022,5,hotel ini sangat strategis dekat dengan halte trans jakarta dan juga relatif dekat dengan stasiun mrt bundaran hi hotel ini juga dekat dengan tempat jajanan atau wisata kuliner seperti sabang,KOMPETITOR,Bintang 3,HolidayInnExpressJakartaWahidhasyim,positive,0.9993863105773926,Facilities & Amenities,Facilities & Amenities (0.97); Food & Beverage (0.95); Service Efficiency & Responsiveness (0.82)
Malikurrachman Kusumah (Malik),2020,4,kamar hotel yang cukup cepat dan bersih serta mengucapkan selamat tinggal penyambutan yang ramah membuat saya nyaman hanya tempat parkir hotel kurang leluasa serta pemandangan dari jendela kamar hotel ke bwh msh perlu dibenahi,KOMPETITOR,Bintang 3,HolidayInnExpressJakartaWahidhasyim,positive,0.9769448041915894,Service Efficiency & Responsiveness,"Service Efficiency & Responsiveness (0.99); Location, Accessibility & Parking (0.97); Facilities & Amenities (0.96)"
desy indira,2019,4,buat yang ke jakarta dan pengen nyari penginapan di pusat kota jakarta holiday inn express pilihan tepat selain mudah ke mana mana di sini juga menyediakan ruang laundry jadi jangan khawatir baju kusut saat keluar dari koper karena bisa nyetrika di tempat yang sudah disediakan,KOMPETITOR,Bintang 3,HolidayInnExpressJakartaWahidhasyim,positive,0.9980261921882629,Facilities & Amenities,Facilities & Amenities (0.99); Service Efficiency & Responsiveness (0.97); Family & Group Friendly (0.91)
Amelia Putri,2025,5,hotel nya nyaman pokonya pelayanan nya juga okeyy tidak mengecewakan,KOMPETITOR,Bintang 3,HolidayInnExpressJakartaWahidhasyim,positive,0.9992455244064331,Service Quality,Service Quality (0.99); Facilities & Amenities (0.99); Guest Experience (0.97)
Dani Ramdhani Kartasasmita,2018,5,Hotel yang nyaman dan strategis banget depan sarinah belakang tanah abang samping kanan plaza indonesia dan grand indonesia samping kiri ada monas sangat dianjurkan kalau ke jakarta lagi selain itu dekat sekali dengan berhenti kota wisata jakarta,KOMPETITOR,Bintang 3,HolidayInnExpressJakartaWahidhasyim,positive,0.9994649291038513,Facilities & Amenities,"Facilities & Amenities (0.99); Room Quality & Comfort (0.91); Location, Accessibility & Parking (0.86)"
Endang Kuswanda,2021,1,keamanan nya sangat tidak ramah pandang bulu tamu pakai mobil mewah di hormat sampai bungkuk giliran pakai mobil sejuta perlakuan nya sangat tidak menyenangkan mohon magement sdm supaya di brifing lagi keamanan macam ini ingat saya sama sama tamu lho,KOMPETITOR,Bintang 3,HolidayInnExpressJakartaWahidhasyim,negative,0.9994196891784668,Guest Experience,Guest Experience (0.96); Management & Policy Issues (0.82); Safety & Security (0.65)
TAUFIK ARIFIN,2023,5,pengalaman kehotel ini kamar bersih parkiriran cukup luas loby bagus ada godaan duduk mayan byk ac dingin udara panas berfungsi,KOMPETITOR,Bintang 3,HolidayInnExpressJakartaWahidhasyim,positive,0.9993475079536438,Guest Experience,"Guest Experience (1.00); Facilities & Amenities (1.00); Cleanliness, Hygiene & Maintenance (0.99)"
Johan Viryana,2024,1,sudah menunggu lama cek masuk ternyata dibilang tidak ada ad kamar padahal ud ada voucher tidak ada solusi apa2 cuma disuruh hubungi pihak ke3 tidak ada usaha,KOMPETITOR,Bintang 3,HolidayInnExpressJakartaWahidhasyim,negative,0.9888434410095215,Pricing & Value for Money,Pricing & Value for Money (0.54); Management & Policy Issues (0.50); Check in/out Experience (0.41)
Budiman Angsanajaya,2023,5,dapat kesempatan mampir ke sini karena pekerjaan hanya sempat merasakan toilet di lobi dan parkir mobil yang di seberang hotel karena parkir mobil di depan hotel penuh toilet dan fasilitas yang saya sempat rasakan bersih dan nyaman,KOMPETITOR,Bintang 3,HolidayInnExpressJakartaWahidhasyim,positive,0.9985411167144775,"Location, Accessibility & Parking","Location, Accessibility & Parking (0.89); Facilities & Amenities (0.88); Service Quality (0.78)"
Liana Tanaya,2021,5,menyenangkan kamarnya nyaman dan fasilitasnya cukup lengkap berada di tengah kota jakarta sehingga memudahkan untuk kemana saja dekat dengan berhenti busway dan sarinah tempatnya aman sarapannya juga enak koq secara keseluruhan memuaskan,KOMPETITOR,Bintang 3,HolidayInnExpressJakartaWahidhasyim,positive,0.999555766582489,Facilities & Amenities,Facilities & Amenities (1.00); Room Quality & Comfort (0.99); Guest Experience (0.94)
Nurachmat Herlambang,2020,4,Hotel yang terletak di pusat kota jakarta berada di perempatan sarinah dekat mau kemana saja jika ingin ke tanah abang juga tidak sampai 500 meter dekat jika mau ke seputaran monas dan istana sabang dan kebon sirih juga dengan hi grand hyatt dan thamrin city,KOMPETITOR,Bintang 3,HolidayInnExpressJakartaWahidhasyim,positive,0.9990397095680237,"Location, Accessibility & Parking","Location, Accessibility & Parking (0.86); Service Efficiency & Responsiveness (0.85); Loyalty, Recommendation & Appreciation (0.78)"
Anisa Fitri,2024,4,punya harga yang bisa dikatakan standar tapi punya pelayanan yang amat luar biasa cuma emang agak seram kalau bawa mobil di sini soalnya parkir sempit,KOMPETITOR,Bintang 3,HolidayInnExpressJakartaWahidhasyim,negative,0.5368483066558838,Service Quality,Service Quality (0.98); Facilities & Amenities (0.94); Guest Experience (0.91)
Tika Widianingsih,2024,1,Tidak sangat deh staf nya 0 besar banget semuanya parah Handuk dari awal datang SMA jam 8 tidak d kasih staf g ada yang mengatakan maaf atau persilahkan gt datang jam 3 belum siap semua staf tidak sopan tidak ramah bahkan stapamnya jg benar2 semuanya,KOMPETITOR,Bintang 3,HolidayInnExpressJakartaWahidhasyim,negative,0.9993218183517456,Facilities & Amenities,Facilities & Amenities (0.56); Guest Experience (0.50); Religious & Halal Features (0.40)
antonius indragunawan,2019,5,letak strategis dekat ke perbelanjaan deket ke tanah abang untuk beli fashion ecer grosiran mudah dijangkau terlihat tempat bersih kamar mandi oke sarapan oke staf membantu,KOMPETITOR,Bintang 3,HolidayInnExpressJakartaWahidhasyim,positive,0.9995433688163757,"Cleanliness, Hygiene & Maintenance","Cleanliness, Hygiene & Maintenance (1.00); Facilities & Amenities (1.00); Service Quality (1.00)"
Muhammad Isroffi Pramudito,2020,4,kamarny nyaman cocok untuk beristirahat karna sunyi lokasiny strategis dipusat kota deket dengan sarinah gmpang untuk cari makan es kopi di barnya juga enak,KOMPETITOR,Bintang 3,HolidayInnExpressJakartaWahidhasyim,positive,0.9995156526565552,Food & Beverage,Food & Beverage (0.98); Facilities & Amenities (0.97); Room Quality & Comfort (0.97)
Tengku Adi,2022,5,Protokol kesehatan diterapkan dan posisi strategis di jantung kota jakarta dekat dengan jalan utama ibu kota dan tidak jauh dari akses tol dengan harga yang terjangkau membuat hotel hotel liburan express ini masuk perhitungan pilihan utama,KOMPETITOR,Bintang 3,HolidayInnExpressJakartaWahidhasyim,positive,0.9985973238945007,Service Quality,"Service Quality (1.00); Cleanliness, Hygiene & Maintenance (1.00); Safety & Security (0.99)"
Indon Novo,2020,5,dekat pusat kota mudah dijangkau banyak tempat makan disekitarnya kamar cukup besar pelayanan oke dianjurkan untuk hotel bintang 3 masuk jakarta,KOMPETITOR,Bintang 3,HolidayInnExpressJakartaWahidhasyim,positive,0.9993933439254761,Service Quality,Service Quality (0.99); Facilities & Amenities (0.97); Room Quality & Comfort (0.95)
m. prasetyo,2023,4,kamar bersih dan luas kamarmandi bersih pelayanan baik lokasi di pusat keramaian mudah kemana mana mana menu makan pagi banyak macamnya dan enak terimakasih,KOMPETITOR,Bintang 3,HolidayInnExpressJakartaWahidhasyim,positive,0.99947589635849,Facilities & Amenities,"Facilities & Amenities (0.99); Cleanliness, Hygiene & Maintenance (0.99); Guest Experience (0.98)"
kristie sholeha22,2021,3,Saya menginap di sini tanggal 14 November cek masuk dan 15 November cek keluar namun tagihan hotel saya dibikin salah sama resepsionis dan saya minta diperbaiki ternyata lambat respon sekali padahal saya perlu tagihan hotel untuk klaim di kantor saya kecewa sarapan juga bukan di tempat yang nyaman karena ada yang pesta,KOMPETITOR,Bintang 3,HolidayInnExpressJakartaWahidhasyim,negative,0.9993459582328796,Check in/out Experience,Check in/out Experience (0.98); Booking & Reservation Experience (0.89); Guest Experience (0.85)
yahhya udin,2025,5,kamar sangat bagus nyaman dan bersih karyawan ramah tamah,KOMPETITOR,Bintang 3,HolidayInnExpressJakartaWahidhasyim,positive,0.9991999268531799,Room Quality & Comfort,Room Quality & Comfort (1.00); Facilities & Amenities (1.00); Staff Conduct & Hospitality (0.99)
nailadwi ramadhani,2025,5,bersih nyaman untuk staf nya ramah dan bagian f b layanan dan dapur,KOMPETITOR,Bintang 3,HolidayInnExpressJakartaWahidhasyim,positive,0.998734176158905,Facilities & Amenities,"Facilities & Amenities (0.99); Cleanliness, Hygiene & Maintenance (0.99); Staff Conduct & Hospitality (0.99)"
Galung Frans,2019,5,Hotel ini dengan harga 800an ribu memang agak mahal namun kualitas pelayanannya sangat bagus kamarnya luas dan interiornya menarik makanan juga selalu berganti setiap hari meskipun tidak terlalu banyak variasi,KOMPETITOR,Bintang 3,HolidayInnExpressJakartaWahidhasyim,positive,0.9988089799880981,Service Quality,Service Quality (0.99); Facilities & Amenities (0.99); Service Efficiency & Responsiveness (0.92)
Aldrick Ferdian,2022,5,tempatnya strategis untuk kemana2 staf yang ramah keamanan yang membantu dan kamar memuaskan bersih dan wangi serta sarapan yang memuaskan pokoknya saat deh semuanya mantab,KOMPETITOR,Bintang 3,HolidayInnExpressJakartaWahidhasyim,positive,0.9994485974311829,"Cleanliness, Hygiene & Maintenance","Cleanliness, Hygiene & Maintenance (1.00); Facilities & Amenities (1.00); Staff Conduct & Hospitality (1.00)"
Aa Ajun,2019,5,Harga yang cocok kisaran 700an permalam nyaman dan pules ko bobonya enaknya lagi kalian kalau pagi disedian sarapan enak2 lhoo makanannya lebih enak lagi kalau kalian tggl 2 3 hari dsni menu sarapannya beda2 jadi gk bosen berakhir sangat makanannya haha bisa berlama2 dsna bisa menambah lagi hahaha,KOMPETITOR,Bintang 3,HolidayInnExpressJakartaWahidhasyim,positive,0.9993065595626831,Pricing & Value for Money,Pricing & Value for Money (0.92); Facilities & Amenities (0.85); Room Quality & Comfort (0.73)
bobby samputra,2024,5,hotelnya cukup bersih kamarnya bagus sarapan paginya banyak pilihannya dijamin kenyang,KOMPETITOR,Bintang 3,HolidayInnExpressJakartaWahidhasyim,positive,0.9993053674697876,"Cleanliness, Hygiene & Maintenance","Cleanliness, Hygiene & Maintenance (0.98); Facilities & Amenities (0.98); Service Quality (0.98)"
Si Gulu Bk Tv,2023,5,akses jalan baru strategis dan cepat tapi saya deket lampu merah jadi agak macet jika masuk kedalam parkir nya agak luas sampai ke atas keluar masuk nya masih aman tidak ada antrian panjang pokok nya bagus deh,KOMPETITOR,Bintang 3,HolidayInnExpressJakartaWahidhasyim,positive,0.9993719458580017,"Location, Accessibility & Parking","Location, Accessibility & Parking (0.83); Service Quality (0.63); Service Efficiency & Responsiveness (0.47)"
F M,2024,5,hotel di pusat bisnis dekat dengan mall dan pusat perbelanjaan terkenal jakarta banyak kuliner disekitarnya mulai dari yang murah sampai mahal staf hotel ramah dan sopan hotel bersih dan suasananya nyaman dan enak sarapan nya lumayan enak dan banyak pilihannya,KOMPETITOR,Bintang 3,HolidayInnExpressJakartaWahidhasyim,positive,0.9995158910751343,Staff Conduct & Hospitality,"Staff Conduct & Hospitality (0.99); Service Quality (0.99); Cleanliness, Hygiene & Maintenance (0.99)"
noviyanah farhanah,2020,5,kamarnya luas desain kamarnya bagus sarapannya lumanyan enak tapi cepat habis petugaznya ramah2 harga paket pertemuannya bisa di nego,KOMPETITOR,Bintang 3,HolidayInnExpressJakartaWahidhasyim,positive,0.9993545413017273,Facilities & Amenities,Facilities & Amenities (0.96); Room Quality & Comfort (0.94); Family & Group Friendly (0.93)
Hanin Dito,2022,5,hotelnya bersih nyaman lokasinya juga sangat dekat dengan pasar tanah abang bundaran hi dan jln sabang cuma sayang saluran televisi di kamar banyak yang tidak bisa,KOMPETITOR,Bintang 3,HolidayInnExpressJakartaWahidhasyim,positive,0.9933874607086182,Facilities & Amenities,"Facilities & Amenities (0.99); Service Quality (0.96); Cleanliness, Hygiene & Maintenance (0.95)"
Fransisca Wiwien,2023,4,makanannya enak2 menu sarapan lengkap ac kamar kurang dingin pdhal dah dipasang suhu rendah staf nya jg ramah2,KOMPETITOR,Bintang 3,HolidayInnExpressJakartaWahidhasyim,positive,0.9990102052688599,Staff Conduct & Hospitality,Staff Conduct & Hospitality (0.96); Service Efficiency & Responsiveness (0.92); Service Quality (0.92)
andy navar,2022,5,terima kasih atas pelayanan nya yang sangat ramah sangat puas tinggal di sini kamar nya bersih makanan nya juga enak dan juga akses nya dekat untuk berbelanja ke tanah abang,KOMPETITOR,Bintang 3,HolidayInnExpressJakartaWahidhasyim,positive,0.9990824460983276,Guest Experience,Guest Experience (1.00); Service Quality (1.00); Facilities & Amenities (1.00)
Meliawati Susanti,2022,4,menginap saat kemalaman plg kerja lumayan untuk tarif dibawah 500 dengan sarapan bersih rasa sarapan lumayan enak dekat grand indonesia cuma kurang parkirnya sempit,KOMPETITOR,Bintang 3,HolidayInnExpressJakartaWahidhasyim,positive,0.998740017414093,Service Quality,"Service Quality (0.97); Cleanliness, Hygiene & Maintenance (0.95); Facilities & Amenities (0.91)"
Diar Ananda,2025,5,bagus nyaman dan juga baik pelayanan nya layak dengan harga yang terjangkau,KOMPETITOR,Bintang 3,HolidayInnExpressJakartaWahidhasyim,positive,0.9989909529685974,Facilities & Amenities,Facilities & Amenities (1.00); Pricing & Value for Money (0.99); Service Quality (0.99)
Romi Akbar,2020,4,Ya beginilah harga mungkin karena di kota tengah jadi daftar harga nya agak tinggi klo kamar layaknya hotel bintang 3 tapi ini bersih pelayanannya jg memuaskan sih,KOMPETITOR,Bintang 3,HolidayInnExpressJakartaWahidhasyim,positive,0.9963217973709106,Service Quality,"Service Quality (1.00); Cleanliness, Hygiene & Maintenance (0.99); Pricing & Value for Money (0.97)"
Willy Shermansyah,2023,5,staf layanan luar biasanya pak budi terima kasih atas perhatian dan bantuan akomodasi dari bandara ke bandara mantapp pokoknya hotelnya nyaman dan bersih,KOMPETITOR,Bintang 3,HolidayInnExpressJakartaWahidhasyim,positive,0.9987061023712158,Service Quality,"Service Quality (1.00); Staff Conduct & Hospitality (1.00); Cleanliness, Hygiene & Maintenance (0.99)"
Ian Harfianty,2022,2,mengecewakan untuk kamar yang tinggal di rumah menjaga g bekerja jadi dibiarin gitu saja pulang dari kegiatan kamar msh sama g ada perubahan pelayanan lambat untuk sarapan dibuat bento g ada pelayanan sarapan di resto,KOMPETITOR,Bintang 3,HolidayInnExpressJakartaWahidhasyim,negative,0.9990781545639038,Guest Experience,Guest Experience (0.99); Check in/out Experience (0.96); Food & Beverage (0.90)
Kriswatiningsih Ahmad,2020,4,lumayan lokasi strategis sarapan juga enak kamarnya lumayan tapi karena restorannya kecil di jam2 tertentu sering sulit cari kursi kosong,KOMPETITOR,Bintang 3,HolidayInnExpressJakartaWahidhasyim,positive,0.997899055480957,Facilities & Amenities,Facilities & Amenities (0.98); Room Quality & Comfort (0.86); Food & Beverage (0.84)
Irma Septia,2023,5,Pelayanan ramah pilihan menu sarapan sedikit tapi bisa meminta omelette atau sisi cerah bisa meminta kopi ada pilihan americano latte cappucino atau espresso,KOMPETITOR,Bintang 3,HolidayInnExpressJakartaWahidhasyim,positive,0.9955026507377625,Service Quality,Service Quality (0.99); Facilities & Amenities (0.98); Guest Experience (0.97)
Yuliana Kendar Ekoriyanti,2022,1,pernah menginap di sini dan tidak buruk cuman beberapa waktu lalu cari hotel buat karantina saya cari di web dan ig disana juga ada wa nya dituliskan kalau cs 24 7 saya bertanya tentang paket karantina nya saat malam cuman dibales oleh sistem tanpa ada balasan dengan pertanyaan yang saya ajukan padahal di wa online kemudian hari esok saya wa lagi namun tidak dibuka dibalas sekali lagi dan pada waktu itu jelas2 online gatau mengapa mungkin alasan wa yang masuk jutaan jadi admin kewalahan atau gimana,KOMPETITOR,Bintang 3,HolidayInnExpressJakartaWahidhasyim,negative,0.9968697428703308,Service Quality,Service Quality (0.48); Booking & Reservation Experience (0.48); Guest Experience (0.48)
Tri Adi Pasha,2021,5,pilihan terbaik untuk membuat hotel di pusat jakarta selain harga yang cengli dengan kualitas sarapan yang tahu pelayanan alias keramahan dari si resepsionis housekeeper greeter keamanan nya jos gandos ini adalah emang kualitas rantai hotel emang tapi si modernisasi dan standardisasi yang didorong sama manajemennya tidak ngebatasin kontekstualisasi pendekatan di setiap momentumnya wangi wanginya sih ini manajernya tahu dia menembaknya bahkan ini saja di antara hujan mereka dan perjalanan bandung jakarta yang kecepetan kita bisa dibolehin awal cek masuk jam 11 00 melihat kondisinya emang mengerikan meskipun didorong membuat review gini tapi,KOMPETITOR,Bintang 3,HolidayInnExpressJakartaWahidhasyim,positive,0.9982638955116272,Service Efficiency & Responsiveness,Service Efficiency & Responsiveness (1.00); Service Quality (1.00); Staff Conduct & Hospitality (1.00)
AlLex xam,2021,5,adalah nama hotel ya mbah bukan tempat kirim paket dia dia dia punya sodara kembar juga di jl matraman raya sisi timur arah st jatinegara tempat baru bersih pelayanannya muantep jika bosen bisa keluar kemana saja karena ada di jantung pusat jakarta yaitu di jl wahid hasim dekat dengan perempatan sarinah alias jl mh tamrin,KOMPETITOR,Bintang 3,HolidayInnExpressJakartaWahidhasyim,positive,0.9950130581855774,Service Quality,"Service Quality (0.99); Service Efficiency & Responsiveness (0.98); Cleanliness, Hygiene & Maintenance (0.96)"
Sulton Adam,2025,1,Check masuk nya lama mungkin kamar nya lagi di renovasi atau di bangun baru kali ini check masuk hampir satu jam lebih,KOMPETITOR,Bintang 3,HolidayInnExpressJakartaWahidhasyim,negative,0.9933888912200928,Facilities & Amenities,Facilities & Amenities (0.78); Sustainability & Environmental Quality (0.60); Pricing & Value for Money (0.54)
Edria Hotmaida,2023,1,fasilitas parkirnya sangat buruk tidak ada parkir lembah tamu disuruh parkir lumayan jauh dari hotel sudah buruk duluan deh,KOMPETITOR,Bintang 3,HolidayInnExpressJakartaWahidhasyim,negative,0.9984612464904785,"Location, Accessibility & Parking","Location, Accessibility & Parking (0.98); Facilities & Amenities (0.79); Guest Experience (0.67)"
christina debora,2022,5,hotel yang sangat nyaman untuk ditinggalkan dekat dengan pusat2 belanja tn abang gi monas kamar nyaman makanan jg enak2,KOMPETITOR,Bintang 3,HolidayInnExpressJakartaWahidhasyim,positive,0.9994727969169617,Facilities & Amenities,Facilities & Amenities (0.99); Room Quality & Comfort (0.93); Service Quality (0.90)
Supri yanto,2024,5,dapat kamar lantai 2 viewya bagus masih keliat gedung btingkat lainny tapi msh keliatan juga atap seng penduduk,KOMPETITOR,Bintang 3,HolidayInnExpressJakartaWahidhasyim,positive,0.9979197382926941,Room Quality & Comfort,Room Quality & Comfort (0.74); Ambience & Design (0.62); Sustainability & Environmental Quality (0.59)
Ihrom Cihuhuyyy,2021,1,Hotel doang bagus resepsionistnya tidak percaya gue dikasih tips nganter kesitu dikasih 100rb malah di patok 50rb wkwkwk masih aje udeh kerja tapi begitu kalau mau bukti ini aku punya bukti cs gue telpon ngasih 100rb tapi gue di kasih 50rb doang paraah pakai gigi,KOMPETITOR,Bintang 3,HolidayInnExpressJakartaWahidhasyim,negative,0.99519944190979,Staff Conduct & Hospitality,Staff Conduct & Hospitality (0.69); Pricing & Value for Money (0.68); Service Quality (0.65)
Mas Kur,2025,4,kurang nyaman bising dekat kejalan raya tempat parkir yang sempit,KOMPETITOR,Bintang 3,HolidayInnExpressJakartaWahidhasyim,negative,0.9697775840759277,"Location, Accessibility & Parking","Location, Accessibility & Parking (0.94); Facilities & Amenities (0.81); Sustainability & Environmental Quality (0.61)"
Rahayu Oktaviani,2023,4,bagus pelayanan nya kamar juga bersih tempat strategis di pusat kota klo mau cari makanan kaki 5 nya juga deket,KOMPETITOR,Bintang 3,HolidayInnExpressJakartaWahidhasyim,positive,0.9993389248847961,Service Quality,"Service Quality (1.00); Facilities & Amenities (0.99); Cleanliness, Hygiene & Maintenance (0.99)"
Dwi Agung Wibowo,2022,3,sementara beberapa hotel menyediakan ruang cuci gratis seperti Ashley dan Morrisey disini ruang cuci cukup mahal 75rb untuk cuci setrika,KOMPETITOR,Bintang 3,HolidayInnExpressJakartaWahidhasyim,positive,0.9883038997650146,Pricing & Value for Money,"Pricing & Value for Money (0.76); Facilities & Amenities (0.65); Loyalty, Recommendation & Appreciation (0.37)"
Lilo Lilo,2023,5,puas banget sama layanannya dari resepsionis dan keamanan terutama pak buddy yang selamat datang dan bantuin banget lokasi asing dekat mall dan kuliner lain kali bakal kesini lg kalau ke jkt,KOMPETITOR,Bintang 3,HolidayInnExpressJakartaWahidhasyim,positive,0.998623251914978,Service Quality,Service Quality (1.00); Safety & Security (1.00); Staff Conduct & Hospitality (0.99)
Dian Amalina,2024,5,makanannya cukup cocok buat orang2 yang singgah untuk kunjungan bisnis ada ruang cuci dan mini gym diakses juga tmptnya,KOMPETITOR,Bintang 3,HolidayInnExpressJakartaWahidhasyim,positive,0.998777449131012,Facilities & Amenities,"Facilities & Amenities (0.98); Food & Beverage (0.96); Cleanliness, Hygiene & Maintenance (0.89)"
Irfan Agan Maulana,2020,5,hotel yang dianjurkan sekali untuk kalian yang sedang berkunjung ke jakarta untuk urusan bisnis atau liburan kamar yang sangat bersih fasilitas yang komplit dan pelayanan yang ramah,KOMPETITOR,Bintang 3,HolidayInnExpressJakartaWahidhasyim,positive,0.9989836812019348,Service Efficiency & Responsiveness,Service Efficiency & Responsiveness (1.00); Facilities & Amenities (1.00); Service Quality (0.99)
T,2020,4,lumayan akses masuk pakai kartu kamar lumayan cakep dekat sarinah masjid lumayan jauh jalan kaki di belakang hotel pelayanan okelah edit tidak sopan hahaha,KOMPETITOR,Bintang 3,HolidayInnExpressJakartaWahidhasyim,positive,0.9964954257011414,Facilities & Amenities,"Facilities & Amenities (0.95); Service Quality (0.82); Location, Accessibility & Parking (0.65)"
Rangga Syahputra,2025,5,hotel bagus kamar nyaman dan bersih karyawan ramah,KOMPETITOR,Bintang 3,HolidayInnExpressJakartaWahidhasyim,positive,0.9991351962089539,Room Quality & Comfort,Room Quality & Comfort (1.00); Facilities & Amenities (1.00); Staff Conduct & Hospitality (0.99)
Oopick Pick,2023,5,hotel yang sangat nyaman dekat menuju krl tanah abang dekat dengan jajanan kuliner harga terjangkau dan hati puas,KOMPETITOR,Bintang 3,HolidayInnExpressJakartaWahidhasyim,positive,0.9995526671409607,Facilities & Amenities,Facilities & Amenities (0.98); Pricing & Value for Money (0.95); Guest Experience (0.91)
Mr.Huseini,2023,5,tempat yang bagus untuk mengadakan acara bukber atau pertemuan reuni makanannya enak variatif hanya saja untuk kolak rasanya kurang umum sejauh ini yang lainnya masakanya mantaap,KOMPETITOR,Bintang 3,HolidayInnExpressJakartaWahidhasyim,positive,0.9971501231193542,Food & Beverage,Food & Beverage (0.95); Family & Group Friendly (0.89); Booking & Reservation Experience (0.83)
Enung Yani Rukman,2020,5,tempatnya stategis kamar bersih bangunan hotel sederhana modern pelayanan resepsionis cepat makanan sederhana kopinya sangat enak ada layanan pencucian diri,KOMPETITOR,Bintang 3,HolidayInnExpressJakartaWahidhasyim,positive,0.9993805885314941,"Cleanliness, Hygiene & Maintenance","Cleanliness, Hygiene & Maintenance (1.00); Facilities & Amenities (0.99); Service Quality (0.99)"
Emon Emon,2023,5,hotel bersih pelayanan staf ramah dan terima kasih pak sobat keamanan sudah rekomendasi untuk parkir mobil tepat saya cek masuk di malam hari,KOMPETITOR,Bintang 3,HolidayInnExpressJakartaWahidhasyim,positive,0.9987385869026184,Staff Conduct & Hospitality,Staff Conduct & Hospitality (0.99); Service Quality (0.99); Guest Experience (0.99)
Fitriana Era Madani,2020,4,kamarnya nyaman restonya kecil pilihan agak sedikit tapi nyaman minimalis tidak ada kolam renang deket dari transportasi umum berhenti sarinah,KOMPETITOR,Bintang 3,HolidayInnExpressJakartaWahidhasyim,positive,0.9930601119995117,Facilities & Amenities,Facilities & Amenities (0.95); Food & Beverage (0.91); Room Quality & Comfort (0.87)
Anna afriana,2024,4,kamar rapih bersih wlw kecil hotelier membantu toilet jg bersih belum ada pengering rambut layak mau kemana mana mana tn tn abang sarnah gi dekat,KOMPETITOR,Bintang 3,HolidayInnExpressJakartaWahidhasyim,positive,0.9981070756912231,"Cleanliness, Hygiene & Maintenance","Cleanliness, Hygiene & Maintenance (0.99); Facilities & Amenities (0.98); Service Quality (0.97)"
Tutik koesmining,2018,5,hotel ini mudah ditemukan mudah diaksesnya kemana mana jika mau nongkrong di sarinah cukup berjalan kaki melewati jembatan penyeberangan ke arah sarinah yang berada di depan kantor fkppi dan bawa lu pusat,KOMPETITOR,Bintang 3,HolidayInnExpressJakartaWahidhasyim,positive,0.9931447505950928,Service Efficiency & Responsiveness,"Service Efficiency & Responsiveness (0.89); Facilities & Amenities (0.86); Location, Accessibility & Parking (0.82)"
rianglala manila,2024,5,Hotel dianjurkan kamar nya cukup nyaman wlu tidak terlalu luas pelayanan oke sarapan beragam,KOMPETITOR,Bintang 3,HolidayInnExpressJakartaWahidhasyim,positive,0.9990691542625427,Facilities & Amenities,Facilities & Amenities (0.99); Service Quality (0.99); Room Quality & Comfort (0.99)
Nurhayati Timu,2018,5,Lokasinya strategis kamarnya nyaman pakai karpet jadi anak2 bisa bersiaran di karpet bteakfastnya juga enak dan sudah termasuk dengan anak2 tidak perlu bayar uang tunai,KOMPETITOR,Bintang 3,HolidayInnExpressJakartaWahidhasyim,positive,0.9994087219238281,Facilities & Amenities,Facilities & Amenities (0.99); Room Quality & Comfort (0.98); Family & Group Friendly (0.97)
Arjuna Cakrabirawa,2018,4,hotel nyaman kamar lumayan besar untuk tidak merokok kamar yang merokok kamar lebih kecil sayangnya tidak memiliki fasilitas parkir yang luas di depan hotel,KOMPETITOR,Bintang 3,HolidayInnExpressJakartaWahidhasyim,positive,0.9892029166221619,Room Quality & Comfort,"Room Quality & Comfort (0.86); Facilities & Amenities (0.74); Location, Accessibility & Parking (0.68)"
Yashika Sidik,2023,4,untuk kamar cukup bersih namun untuk sarapan masih dirasa kurang dari segi rasa dan menu varian,KOMPETITOR,Bintang 3,HolidayInnExpressJakartaWahidhasyim,positive,0.9402835369110107,Facilities & Amenities,"Facilities & Amenities (0.96); Cleanliness, Hygiene & Maintenance (0.93); Guest Experience (0.83)"
Hary Brilliant,2017,5,hotelnya sangat nyaman pelayanan ramah kamar kenyamanan sarapan banyak variasi pilihan lokasi sangat strategis di sebrang sarinah,KOMPETITOR,Bintang 3,HolidayInnExpressJakartaWahidhasyim,positive,0.9995552897453308,Facilities & Amenities,Facilities & Amenities (0.99); Service Quality (0.98); Room Quality & Comfort (0.97)
Riski Firdaus,2022,5,kamar nyaman bersih pelayanan juga ramah agak rame karena akhir pekan tapi itu oke kuliner juga banyak sekitar karena hanya 5 menit jalan kaki ke jalan sabang,KOMPETITOR,Bintang 3,HolidayInnExpressJakartaWahidhasyim,positive,0.9992316961288452,Facilities & Amenities,"Facilities & Amenities (1.00); Room Quality & Comfort (0.99); Cleanliness, Hygiene & Maintenance (0.99)"
Juna,2022,5,kamar luas bersih nyaman dan cocok buat liburan atau staycation tingeh kota dekat dengan tanah abang thamrin grand indonesia,KOMPETITOR,Bintang 3,HolidayInnExpressJakartaWahidhasyim,positive,0.9994803071022034,Room Quality & Comfort,"Room Quality & Comfort (1.00); Cleanliness, Hygiene & Maintenance (0.99); Facilities & Amenities (0.99)"
Yoshua Reinhard,2020,4,lokasi yang sangat strategis dan mudah dicapai dengan berbagai macam transportasi umum maupun online dari segi fasilitas di dalam hotel sendiri cukup baik bahkan dari segi interior terlihat sekali bahwa bagian ruangan dirancang semaksimal mungkin dengan kapasitas luas area yang ada area lobi juga terbilang sangat nyaman untuk menunggu,KOMPETITOR,Bintang 3,HolidayInnExpressJakartaWahidhasyim,positive,0.9989939332008362,Facilities & Amenities,Facilities & Amenities (1.00); Service Quality (0.97); Service Efficiency & Responsiveness (0.97)
Thio Fellyx,2025,4,kamar nya sudah oke tapi kamar mandi nya harus licin nya dikasih alas karet,KOMPETITOR,Bintang 3,HolidayInnExpressJakartaWahidhasyim,negative,0.553841233253479,Service Quality,"Service Quality (0.85); Cleanliness, Hygiene & Maintenance (0.74); Sustainability & Environmental Quality (0.66)"
Peny Gama,2021,2,menu sarapan minimalis pelayanan kurang memuaskan banyak self service tapi lokasi hotel dekat dengan pusat kota,KOMPETITOR,Bintang 3,HolidayInnExpressJakartaWahidhasyim,negative,0.9599753022193909,Guest Experience,Guest Experience (0.93); Food & Beverage (0.93); Service Quality (0.85)
Penguna Sekitar,2025,5,sangat senang menginap di hotel inii terima kasih liburan Inn wahid hasyim,KOMPETITOR,Bintang 3,HolidayInnExpressJakartaWahidhasyim,positive,0.9983975291252136,Guest Experience,"Guest Experience (0.93); Loyalty, Recommendation & Appreciation (0.86); Service Quality (0.82)"
Richa Danuri,2024,4,hotelnya enak lokasi saat tidur jg enak sayang sarapan kurang variatif menuunya,KOMPETITOR,Bintang 3,HolidayInnExpressJakartaWahidhasyim,positive,0.9984470009803772,Facilities & Amenities,Facilities & Amenities (0.97); Guest Experience (0.86); Food & Beverage (0.83)
nassan ch,2023,4,Hari pertama sarapan masih dikirim ke kamar blum di resto hari kedua direspon sarapan ke resto mantap masakan enak terima kasih,KOMPETITOR,Bintang 3,HolidayInnExpressJakartaWahidhasyim,positive,0.9970278143882751,Service Quality,Service Quality (0.86); Service Efficiency & Responsiveness (0.84); Guest Experience (0.79)
Veronica Tarjadinata,2021,5,tempatnya nyaman banget protokol kesehatan dijalankan pastinya resepsionis serta pemasaran juga ramah btw jangan takut batre hp habis karena di tempat lounge saja banyak colokan,KOMPETITOR,Bintang 3,HolidayInnExpressJakartaWahidhasyim,positive,0.9990943670272827,Staff Conduct & Hospitality,"Staff Conduct & Hospitality (0.99); Cleanliness, Hygiene & Maintenance (0.99); Facilities & Amenities (0.99)"
Dave,2024,5,interiornya lumayan bagus meskipun beberapa lampu kutang di pemeliharaan untuk sarapan juga lumayan enak dan banyak variannya,KOMPETITOR,Bintang 3,HolidayInnExpressJakartaWahidhasyim,positive,0.997319757938385,Facilities & Amenities,"Facilities & Amenities (0.99); Cleanliness, Hygiene & Maintenance (0.93); Room Quality & Comfort (0.89)"
Yogi Wardhana,2018,4,hotel ini hampir setiap ke jakarta saya menginap di sini kelebihan nya kamar bagus bergaya modern untuk menu sarapan juga enak walaupun tidak banyak pilihan untuk pelayan hotel nya sangat ramah koperatif dan sangat membantu dan pastinya tempat lokasinya di kota mau kemana2 mudah dan hotel ini cocok untuk teman2 yang di tugaskan di jakarta dan kantor pusat daerah tamrin dan jenderal sudirman,KOMPETITOR,Bintang 3,HolidayInnExpressJakartaWahidhasyim,positive,0.9994497895240784,Facilities & Amenities,Facilities & Amenities (0.99); Service Efficiency & Responsiveness (0.99); Room Quality & Comfort (0.99)
Anom T. P.,2017,4,Koridor tiap lantainya ac kamarnya sangat bersih pelayanannya juga sangat ramah sangat saya rekomendasikan untuk menu sarapan mungkin bisa lebih bervariasi lagi,KOMPETITOR,Bintang 3,HolidayInnExpressJakartaWahidhasyim,positive,0.9993677735328674,Facilities & Amenities,"Facilities & Amenities (1.00); Cleanliness, Hygiene & Maintenance (0.99); Service Quality (0.99)"
Winda Jackson,2024,5,Saya tinggal di kamar 303 kamarnya baik Dan staf sangat ramah terima kasih untuk pak fajar sarapannya baik,KOMPETITOR,Bintang 3,HolidayInnExpressJakartaWahidhasyim,positive,0.9981811046600342,Staff Conduct & Hospitality,Staff Conduct & Hospitality (0.99); Guest Experience (0.99); Room Quality & Comfort (0.98)
Wachyono Kopral,2025,5,tempat nyaman pelayannya ramah dan santun semua pelayanan kendala tempat parkir terbatas dan terdekat di sarinah dan pasar tanah abang buat parkirnya,KOMPETITOR,Bintang 3,HolidayInnExpressJakartaWahidhasyim,positive,0.9992990493774414,Facilities & Amenities,"Facilities & Amenities (0.99); Location, Accessibility & Parking (0.99); Staff Conduct & Hospitality (0.98)"
Roy Yuki,2019,5,memesan lewat perjalanan proses cek masuk cepat pelayanan resepsionis sangat memuaskan kebersihan kamar memuaskan menu sarapan cukup variatif dan enak kesimpulannya saya sangat puas menginap di sini,KOMPETITOR,Bintang 3,HolidayInnExpressJakartaWahidhasyim,positive,0.9993752837181091,"Cleanliness, Hygiene & Maintenance","Cleanliness, Hygiene & Maintenance (1.00); Service Efficiency & Responsiveness (1.00); Service Quality (1.00)"
The Radit,2021,5,bagus bersih yang berada di tengah kota aku baru pertama kali datang ke sini tempat baru nyaman banget buat aku yang penakut untuk tidur sendiri tidak merasa takut d tmpat ini,KOMPETITOR,Bintang 3,HolidayInnExpressJakartaWahidhasyim,positive,0.9976741671562195,"Cleanliness, Hygiene & Maintenance","Cleanliness, Hygiene & Maintenance (0.99); Facilities & Amenities (0.99); Service Quality (0.99)"
Rainada Syahbina,2025,5,makanan nya enak pelayanan nya ramah ramah bintang 3 kaya bintang 4,KOMPETITOR,Bintang 3,HolidayInnExpressJakartaWahidhasyim,positive,0.9988068342208862,Service Quality,Service Quality (0.99); Guest Experience (0.95); Staff Conduct & Hospitality (0.93)
Dhani Rahmadhani,2024,5,bagus dekat dengan kawasan sarinah dan dekat mau ke mana saja pemandangan depannya kota banget pemandangan belakangnya perkampungan padat,KOMPETITOR,Bintang 3,HolidayInnExpressJakartaWahidhasyim,positive,0.9993607401847839,Facilities & Amenities,Facilities & Amenities (0.92); Family & Group Friendly (0.89); Ambience & Design (0.88)
BOIM,2024,1,gambar traveloka sama yang dapet beda cek masuk jam 4 sore suruh nunggu lama buat masuk kamar tidak disiapin dari siang,KOMPETITOR,Bintang 3,HolidayInnExpressJakartaWahidhasyim,negative,0.9876567125320435,Safety & Security,Safety & Security (0.78); Booking & Reservation Experience (0.75); Pricing & Value for Money (0.73)
benyamin videnord,2020,4,tempatnya bersih rapi nyaman juga untuk ruang pertemuannya asik khusus di lantai 10 paketnya murah meriah sayangnya atapnya terlalu pendek dan terlalu mati untuk dekorasinya standar banget,KOMPETITOR,Bintang 3,HolidayInnExpressJakartaWahidhasyim,positive,0.9990136623382568,"Cleanliness, Hygiene & Maintenance","Cleanliness, Hygiene & Maintenance (0.97); Pricing & Value for Money (0.96); Facilities & Amenities (0.94)"
icha melisa,2023,5,Terimakasih Windi Pelayanan nya bagus dan sarapannya enak banget hotel nya juga nyaman banget dan bersih juga semua staf nya ramah,KOMPETITOR,Bintang 3,HolidayInnExpressJakartaWahidhasyim,positive,0.9994025230407715,Facilities & Amenities,Facilities & Amenities (1.00); Service Quality (1.00); Staff Conduct & Hospitality (0.98)
Aditya Priambodo,2021,4,dapat kamar yang acnya kalau suhunya dinaikan 25 derajat pasti mati sendiri dan gabisa dihidupkan lagi harus manggil teknisi untuk nyalakan ac lagi,KOMPETITOR,Bintang 3,HolidayInnExpressJakartaWahidhasyim,negative,0.9584550857543945,Sustainability & Environmental Quality,Sustainability & Environmental Quality (0.61); Facilities & Amenities (0.61); Pricing & Value for Money (0.58)
Adri Rivai,2021,3,Hotel bagus cuma berisik banget bisa kamar depan jalan tidak bisa tidur sekali,KOMPETITOR,Bintang 3,HolidayInnExpressJakartaWahidhasyim,negative,0.9956385493278503,Facilities & Amenities,Facilities & Amenities (0.84); Guest Experience (0.81); Ambience & Design (0.60)
Ojak Murdani,2024,3,kali ini mengeluh selang bocor tidak memperbaiki menginap 2 malam 2 kali nginap sayang tidak bisa uang rambu-rambu,KOMPETITOR,Bintang 3,HolidayInnExpressJakartaWahidhasyim,negative,0.9969121217727661,Facilities & Amenities,Facilities & Amenities (0.82); Pricing & Value for Money (0.82); Guest Experience (0.77)
Rendy Arwi Saputro,2020,5,bagus dan nyaman namun untuk parkiriran kurang luas sehingga drop off tidak ada karena digunakan untuk parkir mobil enaknya dekat dengan pusat perbelanjaan,KOMPETITOR,Bintang 3,HolidayInnExpressJakartaWahidhasyim,positive,0.9984800219535828,Facilities & Amenities,"Facilities & Amenities (0.98); Location, Accessibility & Parking (0.96); Room Quality & Comfort (0.94)"
Stefhanie Safira,2022,5,hotel yang sangat nyaman untuk disinggahi dari segi makanan kebersihan kamar nya dan juga pelayanannya semuanya sangat sempurna,KOMPETITOR,Bintang 3,HolidayInnExpressJakartaWahidhasyim,positive,0.9991011619567871,"Cleanliness, Hygiene & Maintenance","Cleanliness, Hygiene & Maintenance (1.00); Service Quality (1.00); Facilities & Amenities (1.00)"
Albert,2024,5,Hotel nya bersih sabun nya merpati kalau malam lapar di depan jalan banyak makanan kaki lima hmm joss,KOMPETITOR,Bintang 3,HolidayInnExpressJakartaWahidhasyim,positive,0.9992051720619202,Service Quality,"Service Quality (0.99); Cleanliness, Hygiene & Maintenance (0.98); Facilities & Amenities (0.93)"
Fachri Rizki Valentino,2022,5,Hotel yang bagus dengan staf yang sangat ramah menginap 7 malam yang luar biasa rasa makanan yang bagus kamar dan strategis lokasi baru,KOMPETITOR,Bintang 3,HolidayInnExpressJakartaWahidhasyim,positive,0.9989935755729675,Staff Conduct & Hospitality,Staff Conduct & Hospitality (1.00); Service Quality (1.00); Guest Experience (0.99)
Putri Nabila,2025,5,hotel bintang 3 rasa bintang 5 layanan nyaa juara memuaskan,KOMPETITOR,Bintang 3,HolidayInnExpressJakartaWahidhasyim,positive,0.999308705329895,Service Quality,Service Quality (1.00); Guest Experience (0.97); Facilities & Amenities (0.96)
Izumi Muqorrobin,2019,4,Ukuran hotel lantai kamar pertemuan nya goyang labil meja tidak kokoh lama2 jadi pusing klo nulis di atas meja nya,KOMPETITOR,Bintang 3,HolidayInnExpressJakartaWahidhasyim,negative,0.9937219023704529,Guest Experience,Guest Experience (0.64); Facilities & Amenities (0.53); Check in/out Experience (0.40)
reza andrea,2022,4,lokasi strategis berada di pusat kota dekat dengan pusat perbelanjaan dan perkantoran di depan hotel banyak pedagang kaki lima,KOMPETITOR,Bintang 3,HolidayInnExpressJakartaWahidhasyim,positive,0.9988654851913452,Facilities & Amenities,"Facilities & Amenities (0.91); Service Efficiency & Responsiveness (0.77); Location, Accessibility & Parking (0.74)"
Bagus Wd,2025,1,waktu nuruni koper satpam tidak ada fo juga sama saja pelayanan kurang baik hakim ngomongnya motong2 mulu,KOMPETITOR,Bintang 3,HolidayInnExpressJakartaWahidhasyim,negative,0.9994176626205444,Facilities & Amenities,Facilities & Amenities (0.88); Guest Experience (0.83); Check in/out Experience (0.78)
N41N,2024,5,pertama kali nginap disini hotel 3 yang sangat strategis fasilitas standar sesuai kelasnya,KOMPETITOR,Bintang 3,HolidayInnExpressJakartaWahidhasyim,positive,0.9969525337219238,Service Quality,Service Quality (0.94); Facilities & Amenities (0.88); Room Quality & Comfort (0.67)
Mande Astaman,2025,5,ramai berara di jalan wahid hasyim tanah abang dekat dengan berhenti busway,KOMPETITOR,Bintang 3,HolidayInnExpressJakartaWahidhasyim,neutral,0.8231974244117737,Religious & Halal Features,Religious & Halal Features (0.81); Sustainability & Environmental Quality (0.80); Cultural & Heritage Experience (0.79)
Tegar Masloman,2020,5,Pelayanan begitu ramah akses mudah kemana mana mana sarapannya lengkap dan enak ada layanan pencucian diri dan 24 jam akses gratis ke gym,KOMPETITOR,Bintang 3,HolidayInnExpressJakartaWahidhasyim,positive,0.9994404911994934,Facilities & Amenities,"Facilities & Amenities (1.00); Service Efficiency & Responsiveness (1.00); Cleanliness, Hygiene & Maintenance (1.00)"
irwan nurdin,2023,5,Lokasinya sangat bagus layanannya sangat baik mulai dari resepsi ini kondisinya kamar yang sangat bagus rapi,KOMPETITOR,Bintang 3,HolidayInnExpressJakartaWahidhasyim,positive,0.9982372522354126,Service Quality,Service Quality (1.00); Guest Experience (1.00); Facilities & Amenities (0.99)
Linda Novitta,2017,4,kamarnya bagus lumayan luas sarapan juga lumayan semuanya cukup oke kok mana dekat tnh abang lagi,KOMPETITOR,Bintang 3,HolidayInnExpressJakartaWahidhasyim,positive,0.9991150498390198,Facilities & Amenities,Facilities & Amenities (0.99); Room Quality & Comfort (0.98); Service Quality (0.90)
rishanda fahrudin,2020,4,kamar yang nyaman akan tetapi pemandangan di belakang yang kurang enak dan tempat parkir kurang banyak meskipun sudah ada parkir luar,KOMPETITOR,Bintang 3,HolidayInnExpressJakartaWahidhasyim,negative,0.814393162727356,Facilities & Amenities,"Facilities & Amenities (0.94); Location, Accessibility & Parking (0.89); Room Quality & Comfort (0.77)"
Dewantika,2021,5,bersih nyaman saat buka jendela langsung langit jakarta cuma stafnya kadang suka ngilang meja resepsiis kosong saat siang siang,KOMPETITOR,Bintang 3,HolidayInnExpressJakartaWahidhasyim,positive,0.8859757781028748,Service Quality,"Service Quality (0.91); Cleanliness, Hygiene & Maintenance (0.90); Room Quality & Comfort (0.87)"
Andre Munthe,2024,3,keamanan ngga jelas kerjanya banyak merokok dan tidak membantu parkir dan sering menawarkan pijat,KOMPETITOR,Bintang 3,HolidayInnExpressJakartaWahidhasyim,negative,0.9991864562034607,Facilities & Amenities,Facilities & Amenities (0.92); Safety & Security (0.79); Guest Experience (0.77)
Asih Abdurrahman,2025,5,bersih nyaman ramah apapun yang anda harapkan dari hotel bintang 4 dengan harga terjangkau,KOMPETITOR,Bintang 3,HolidayInnExpressJakartaWahidhasyim,positive,0.9956269264221191,Service Quality,Service Quality (0.97); Facilities & Amenities (0.96); Pricing & Value for Money (0.96)
Hamba Allah,2022,4,parkir luas hotelnya bersih ada kafe di bawah cocok buat ngobrol n ketemu sanak saudara,KOMPETITOR,Bintang 3,HolidayInnExpressJakartaWahidhasyim,positive,0.9993575215339661,Family & Group Friendly,"Family & Group Friendly (0.99); Cleanliness, Hygiene & Maintenance (0.98); Facilities & Amenities (0.97)"
Mulyana Josie,2025,1,Jam 4 datang belum ada kamar yang siap padahal sudah pesan secara online,KOMPETITOR,Bintang 3,HolidayInnExpressJakartaWahidhasyim,negative,0.9943023920059204,Booking & Reservation Experience,Booking & Reservation Experience (0.76); Service Quality (0.71); Digital Connectivity & Technology (0.70)
Edwins Gabrelle Hendrawan Dalfado,2022,3,untuk kamar oke cuma sedikit mengecewakan karna waktu cek masuk terlalu lama menunggu untuk menyiapkan kamar pelayanan kurang memuaskan,KOMPETITOR,Bintang 3,HolidayInnExpressJakartaWahidhasyim,negative,0.9982624650001526,Guest Experience,Guest Experience (0.99); Check in/out Experience (0.97); Booking & Reservation Experience (0.82)
detra,2024,3,resepsi dan keamanan kurang tanggap tamu bawa koper tidak dibantu kamar tidak kedap suara sarapan lumayan,KOMPETITOR,Bintang 3,HolidayInnExpressJakartaWahidhasyim,negative,0.9753578305244446,Safety & Security,Safety & Security (0.99); Facilities & Amenities (0.95); Guest Experience (0.95)
Diy,2022,4,Lokasinya oke dekat dengan pusat kota bundaran hi gi dan mrt harga terjangkau kamar oke difabel anak ramah,KOMPETITOR,Bintang 3,HolidayInnExpressJakartaWahidhasyim,positive,0.9994508624076843,Facilities & Amenities,Facilities & Amenities (0.99); Room Quality & Comfort (0.98); Pricing & Value for Money (0.97)
Eka Setiyawan,2021,4,tempat yang nyaman untuk melepas penat cuma akses parkirnya kurang luas klo lg penuh kita di arahkan ke seberang jalan untuk akses parkir cadangan lebih oke,KOMPETITOR,Bintang 3,HolidayInnExpressJakartaWahidhasyim,positive,0.9970097541809082,"Location, Accessibility & Parking","Location, Accessibility & Parking (0.92); Facilities & Amenities (0.75); Room Quality & Comfort (0.41)"
ilfi jandrisno,2024,1,sudah request dari aplikasi untuk lantai atas tapi bisa lantai 2 dan padahal sudah datang lebih awal untuk memeriksa masuk,KOMPETITOR,Bintang 3,HolidayInnExpressJakartaWahidhasyim,negative,0.822010338306427,Check in/out Experience,Check in/out Experience (0.66); Booking & Reservation Experience (0.60); Service Efficiency & Responsiveness (0.55)
Salsabila Aisyah Azzahra,2019,5,lokasi yang strategis bersih wifi kenceng namun menu sarapan sedikit serta tidak ada menu makanan yang bisa dipesan di kamar,KOMPETITOR,Bintang 3,HolidayInnExpressJakartaWahidhasyim,positive,0.5587940812110901,Facilities & Amenities,Facilities & Amenities (0.97); Digital Connectivity & Technology (0.93); Service Quality (0.92)
Agus Rian Pratama,2021,5,tempat menginanp yang nyaman berada di tempat yang strategis tempatnya nyaman pelayanannya juga baik lumayan dekat dengan grand indonesia dan plaza indonesia dekat dengan sarinah pokoknya dianjurkan,KOMPETITOR,Bintang 3,HolidayInnExpressJakartaWahidhasyim,positive,0.9995296001434326,Facilities & Amenities,Facilities & Amenities (0.99); Room Quality & Comfort (0.97); Service Quality (0.94)
Shaiful Jihad,2021,4,Lokasinya sangat strategis ada kamar merokok cocok untuk menginap selama bekerja atau tugas dinas,KOMPETITOR,Bintang 3,HolidayInnExpressJakartaWahidhasyim,positive,0.9986183643341064,Facilities & Amenities,Facilities & Amenities (0.99); Guest Experience (0.80); Room Quality & Comfort (0.77)
tulus wahyuno,2023,5,lokasi sangat strategis dekat dengan sarinah dan jalan sabang pusat kuliner malam lokasi hotel dipusat kota sehingga akses kemana mana mana dekat,KOMPETITOR,Bintang 3,HolidayInnExpressJakartaWahidhasyim,positive,0.9994981288909912,Food & Beverage,Food & Beverage (0.98); Facilities & Amenities (0.92); Cultural & Heritage Experience (0.88)
Mbah Slamet,2018,5,Suka banget kenapa yah saya tidak pernah ke hotel soalnya saya sudah lama sih saya masuk ke hotel itu hanya dokumen karena saya hanya seorang kurir terimakasih,KOMPETITOR,Bintang 3,HolidayInnExpressJakartaWahidhasyim,positive,0.8247817754745483,Religious & Halal Features,Religious & Halal Features (0.38); Pricing & Value for Money (0.37); Sustainability & Environmental Quality (0.37)
Fadli Rakhman Herdiansyah,2021,4,Ya seperti hotel pada umumnya tidak ada kolam renang sarapan nya jg standar,KOMPETITOR,Bintang 3,HolidayInnExpressJakartaWahidhasyim,positive,0.5172063112258911,Guest Experience,Guest Experience (0.92); Facilities & Amenities (0.92); Service Quality (0.88)
Fakih Abdillah,2020,5,tempat nya mudah di akses dekat dengan gradu Indonesia dan gk jauh dari monas untuk pelayanan nya baik satpam nya juga ramah ramah untuk bermain resepsionis nya juga baik pokok nya gk nyesel deh nginep disini,KOMPETITOR,Bintang 3,HolidayInnExpressJakartaWahidhasyim,positive,0.9994773268699646,Facilities & Amenities,Facilities & Amenities (0.99); Staff Conduct & Hospitality (0.99); Service Efficiency & Responsiveness (0.99)
risnanda nurmajdia,2022,3,kebersihannya lumayan saja bisa lebih xi tingkatkan lagi letak strategis berdekatan dengan kuliner namun pelayannya tidak ramah sih,KOMPETITOR,Bintang 3,HolidayInnExpressJakartaWahidhasyim,positive,0.9673385620117188,Facilities & Amenities,"Facilities & Amenities (0.97); Service Quality (0.96); Cleanliness, Hygiene & Maintenance (0.94)"
Satria Indra wijaya,2021,5,hotel yang nyaman bersih serta sangat ramah untuk stafnya nya dekat dengan tempat wisata dan belanja,KOMPETITOR,Bintang 3,HolidayInnExpressJakartaWahidhasyim,positive,0.9993613362312317,"Cleanliness, Hygiene & Maintenance","Cleanliness, Hygiene & Maintenance (0.99); Service Quality (0.99); Facilities & Amenities (0.99)"
Ruly Nurul Qomaria,2024,5,bener2 direkom dari petugasnya servisnya tempat dan sarananya sangat memuaskan sudah gitu deket dari gambir mall mrt dan henti pasti jadi andalan kalau ke jkt lagi,KOMPETITOR,Bintang 3,HolidayInnExpressJakartaWahidhasyim,positive,0.9994210004806519,Service Quality,"Service Quality (1.00); Facilities & Amenities (0.99); Location, Accessibility & Parking (0.96)"
ARA,2023,5,Staff sangat membantu terutama pak buddy keamanan terima kasih pak buddy sudah membantu agar saya bisa parkir lebih aman bisa beristirahat dengan nyaman,KOMPETITOR,Bintang 3,HolidayInnExpressJakartaWahidhasyim,positive,0.9972860813140869,Safety & Security,Safety & Security (1.00); Staff Conduct & Hospitality (0.93); Guest Experience (0.88)
ZAENAL ZAENAL,2020,5,bagus banget arsitek nya luar biasa kalah hotel ibis dan amaris juga tapi menu makanan nya kurang lengkap tolong di perbaiki menu nya,KOMPETITOR,Bintang 3,HolidayInnExpressJakartaWahidhasyim,positive,0.8045490980148315,Ambience & Design,Ambience & Design (0.96); Facilities & Amenities (0.95); Service Quality (0.93)
payana,2022,4,layanan bagus tempat bagus bersih dan nyaman saran saja untuk menu brekafast 3hari mginep di sana selalu saja hambar,KOMPETITOR,Bintang 3,HolidayInnExpressJakartaWahidhasyim,negative,0.9674550294876099,Facilities & Amenities,Facilities & Amenities (1.00); Service Quality (0.99); Room Quality & Comfort (0.99)
yos W.,2019,4,bersih dan bagus konsep layanan mandiri tapi masih mau juga dimintai tolong harga menerbitkan cukup mahal tapi wajar jika disekitar thamrin memang seperti itu,KOMPETITOR,Bintang 3,HolidayInnExpressJakartaWahidhasyim,positive,0.5003054141998291,Service Quality,"Service Quality (0.98); Cleanliness, Hygiene & Maintenance (0.97); Pricing & Value for Money (0.90)"
Aulia Sannya,2022,5,kamarnya bersih sarapannya juga bagus pelayanan cepat dan ramah secara keseluruhan memuaskan,KOMPETITOR,Bintang 3,HolidayInnExpressJakartaWahidhasyim,positive,0.9993622899055481,Service Efficiency & Responsiveness,"Service Efficiency & Responsiveness (1.00); Cleanliness, Hygiene & Maintenance (1.00); Room Quality & Comfort (1.00)"
Rudy Wijaya,2020,4,menangnya lokasi yang tepat di pusat jakarta dekat stasiun mrt hi akses ke banyak opsi makanan dan kamar yang bersih,KOMPETITOR,Bintang 3,HolidayInnExpressJakartaWahidhasyim,positive,0.9990254640579224,Facilities & Amenities,"Facilities & Amenities (0.98); Service Quality (0.97); Cleanliness, Hygiene & Maintenance (0.94)"
Widia Putri utami,2025,5,lokasi yang strategis kamar yang nyaman dan bersih,KOMPETITOR,Bintang 3,HolidayInnExpressJakartaWahidhasyim,positive,0.9993335604667664,Room Quality & Comfort,"Room Quality & Comfort (1.00); Cleanliness, Hygiene & Maintenance (0.99); Service Quality (0.98)"
Cooking Girl,2021,5,bersih nyaman banget varian makanan lumayan banyak rasa lumayan enak tapi yang paling penting nyaman bersih bantalnya empuk banget,KOMPETITOR,Bintang 3,HolidayInnExpressJakartaWahidhasyim,positive,0.9989619255065918,"Cleanliness, Hygiene & Maintenance","Cleanliness, Hygiene & Maintenance (0.91); Room Quality & Comfort (0.82); Facilities & Amenities (0.79)"
Lutvi Hastowo,2020,5,nyaman makan pagi cukup lengkap kopi bisa dibawa keluar menyediakan cangkir,KOMPETITOR,Bintang 3,HolidayInnExpressJakartaWahidhasyim,positive,0.9958178400993347,Food & Beverage,Food & Beverage (0.95); Facilities & Amenities (0.94); Service Efficiency & Responsiveness (0.80)
Wicak Hardhika Putra,2022,4,hotel karantina yang bisa dijadikan pilihan pelayanan ramah dan membantu untuk makanan relatif enak walau tidak istimewa,KOMPETITOR,Bintang 3,HolidayInnExpressJakartaWahidhasyim,positive,0.995003879070282,Staff Conduct & Hospitality,Staff Conduct & Hospitality (0.99); Service Efficiency & Responsiveness (0.99); Guest Experience (0.98)
MyTravel Malang 4,2019,1,kotak sarapan jelek pesan abf kotak yang disiapkan nasi goreng dengan telur dadar dan kerupuk saja padahal menu abf ada di resto,KOMPETITOR,Bintang 3,HolidayInnExpressJakartaWahidhasyim,negative,0.9815295338630676,Food & Beverage,Food & Beverage (0.82); Booking & Reservation Experience (0.42); Pricing & Value for Money (0.32)
Yenni Arisanti,2023,5,kanarnya luas bersih lengkap kamar mandi luas tapi pencahayaan kurang shg u berdandan cukup kesulitan,KOMPETITOR,Bintang 3,HolidayInnExpressJakartaWahidhasyim,positive,0.9898082613945007,Facilities & Amenities,"Facilities & Amenities (0.89); Cleanliness, Hygiene & Maintenance (0.88); Service Quality (0.82)"
Kharisma Ramadhan,2024,1,Ini staf keamanan nya diajarin sopan santun kerja tidak ya gaada etika banget kasar banget sama pengguna jalan maki2 orang pakai kata2 kasar dan binatang,KOMPETITOR,Bintang 3,HolidayInnExpressJakartaWahidhasyim,negative,0.999377429485321,Safety & Security,Safety & Security (0.97); Management & Policy Issues (0.45); Religious & Halal Features (0.37)
Moel,2022,3,lokasi strategis di tengah kota dekat mall tempt bersih dan nyaman cocok kalau bawa keluarga anak2,KOMPETITOR,Bintang 3,HolidayInnExpressJakartaWahidhasyim,positive,0.9995397329330444,"Cleanliness, Hygiene & Maintenance","Cleanliness, Hygiene & Maintenance (0.98); Room Quality & Comfort (0.98); Facilities & Amenities (0.98)"
Afrizal Tanjung,2023,1,staf tidak ramah saya memesan kamar merokok namun tidak diberikan tangan hanya dikasih satu buah,KOMPETITOR,Bintang 3,HolidayInnExpressJakartaWahidhasyim,negative,0.9990450739860535,Guest Experience,Guest Experience (0.95); Booking & Reservation Experience (0.91); Facilities & Amenities (0.87)
Yudhianto,2022,5,kamarnya bersih lokasi strategis deket berhenti busway jadi mudah ke mana2 makanannya enak,KOMPETITOR,Bintang 3,HolidayInnExpressJakartaWahidhasyim,positive,0.9994843006134033,Facilities & Amenities,"Facilities & Amenities (0.99); Cleanliness, Hygiene & Maintenance (0.99); Service Quality (0.97)"
Rio Pelu,2019,4,lokasi strategis kamar nyaman sarapan lebih variasi lagi ada mesin cuci pakai koin,KOMPETITOR,Bintang 3,HolidayInnExpressJakartaWahidhasyim,positive,0.998781144618988,Facilities & Amenities,Facilities & Amenities (0.99); Room Quality & Comfort (0.95); Food & Beverage (0.91)
sri mertaningsih,2023,5,Hotel bersih staf ramah dan cepat tanggap keseluruhan tinggal yang baik dan sangat dianjurkan hotel,KOMPETITOR,Bintang 3,HolidayInnExpressJakartaWahidhasyim,positive,0.9983532428741455,Service Efficiency & Responsiveness,"Service Efficiency & Responsiveness (1.00); Staff Conduct & Hospitality (1.00); Cleanliness, Hygiene & Maintenance (0.99)"
Dzuhazhzhin Azhim,2024,5,cocok untuk perjalanan bisnis dekat dengan lokasi pusat bisnis jakarta dan lokasi kuliner terkenal daerah jl sabang,KOMPETITOR,Bintang 3,HolidayInnExpressJakartaWahidhasyim,positive,0.9992432594299316,Food & Beverage,Food & Beverage (0.90); Facilities & Amenities (0.86); Service Efficiency & Responsiveness (0.78)
Didiet Hardoyo,2021,4,Salah satu hotel bintang 3 dengan kamar cukup nyaman sesuai dengan biaya yang kita keluarkan,KOMPETITOR,Bintang 3,HolidayInnExpressJakartaWahidhasyim,positive,0.9980356097221375,Pricing & Value for Money,Pricing & Value for Money (0.96); Room Quality & Comfort (0.96); Service Quality (0.91)
putri zahra,2025,5,bagus bangett letaknya strategis ditengah kota,KOMPETITOR,Bintang 3,HolidayInnExpressJakartaWahidhasyim,positive,0.9991716146469116,Facilities & Amenities,Facilities & Amenities (0.88); Sustainability & Environmental Quality (0.83); Service Efficiency & Responsiveness (0.71)
azis ryan,2021,5,Semua cukup baik lokasi strategis staf ramah kamar bersih pemanas air cukup saluran TV cukup sarapan cukup,KOMPETITOR,Bintang 3,HolidayInnExpressJakartaWahidhasyim,positive,0.9992151260375977,Facilities & Amenities,"Facilities & Amenities (1.00); Service Quality (0.99); Cleanliness, Hygiene & Maintenance (0.98)"
Iqbal Ardiansyah,2022,5,layanan bagus hotelnya nyaman pegawai nya ramah pokoknya dianjurkan banget deh yo buruuan di coba,KOMPETITOR,Bintang 3,HolidayInnExpressJakartaWahidhasyim,positive,0.9989509582519531,Service Quality,Service Quality (1.00); Facilities & Amenities (0.98); Staff Conduct & Hospitality (0.98)
Diana ana,2022,3,tempatnya nyaman tapi klau bisa ditambah air mineral dalam bentuk botol biar bisa minum saat kpn pun,KOMPETITOR,Bintang 3,HolidayInnExpressJakartaWahidhasyim,positive,0.9183509349822998,Facilities & Amenities,Facilities & Amenities (0.98); Room Quality & Comfort (0.85); Sustainability & Environmental Quality (0.70)
khelly chan,2025,5,seru dr sama sarinah bisa lgs cfd kalau nginep saat akhir pekan syg kmrnya kecil hehe,KOMPETITOR,Bintang 3,HolidayInnExpressJakartaWahidhasyim,neutral,0.7141110897064209,Check in/out Experience,Check in/out Experience (0.90); Guest Experience (0.79); Service Quality (0.75)
arief arfianto,2019,3,hotel di jantung kota jakarta yang mudah dijangkau hi tanah abang sarinah tinggal jalan kaki sekalian jantung sehat ya kaann,KOMPETITOR,Bintang 3,HolidayInnExpressJakartaWahidhasyim,positive,0.9987887740135193,Facilities & Amenities,Facilities & Amenities (0.86); Service Efficiency & Responsiveness (0.85); Sustainability & Environmental Quality (0.78)
Caroline Chandra,2018,4,mudah cari makan karena dekat dengan jl sabang tempat makan kaki lima mall sarinah ada mcd n kfc food court mall lotus ada burger king n pizza hut ada cafe jg,KOMPETITOR,Bintang 3,HolidayInnExpressJakartaWahidhasyim,positive,0.9994226694107056,Facilities & Amenities,Facilities & Amenities (0.94); Food & Beverage (0.88); Service Efficiency & Responsiveness (0.84)
muhammadrival albana,2025,1,Keamanan Loby Songong Mentang Mentang Ke Kurir Noto 20 November jam 15 10,KOMPETITOR,Bintang 3,HolidayInnExpressJakartaWahidhasyim,negative,0.7233960032463074,Safety & Security,Safety & Security (0.99); Guest Experience (0.98); Check in/out Experience (0.85)
Bowors Channel,2019,5,hotel yang berada di kawasan sarinah lebih tepatnya nya disebrang sarinah yang membuat anda bisa berinteraksi di kawasan antara lain thamrin sabang dan lain lain,KOMPETITOR,Bintang 3,HolidayInnExpressJakartaWahidhasyim,positive,0.9836962819099426,Guest Experience,Guest Experience (0.92); Cultural & Heritage Experience (0.83); Facilities & Amenities (0.79)
Yosep Wiryawan,2020,4,pertama kali menginap di hotel holiday inn express karena dekat dengan bunderan hi pusat lokasi acara malam tahun baru 2019,KOMPETITOR,Bintang 3,HolidayInnExpressJakartaWahidhasyim,positive,0.999251663684845,Facilities & Amenities,Facilities & Amenities (0.70); Service Quality (0.70); Sustainability & Environmental Quality (0.67)
Susianawati,2025,5,hotelnya bagus dan nyaman banget,KOMPETITOR,Bintang 3,HolidayInnExpressJakartaWahidhasyim,positive,0.9993042945861816,Facilities & Amenities,Facilities & Amenities (0.98); Room Quality & Comfort (0.98); Service Quality (0.97)
Riko Setiawan,2021,4,Oke la buat yang cari hotel anggaran kamar bersih tapi emang sedikit sempit,KOMPETITOR,Bintang 3,HolidayInnExpressJakartaWahidhasyim,negative,0.9517163634300232,Pricing & Value for Money,"Pricing & Value for Money (0.63); Cleanliness, Hygiene & Maintenance (0.62); Service Quality (0.61)"
Muhammad Ikhsan,2021,5,tempat lumayan bersih ac dingin kamar merokok kamar baru mantap,KOMPETITOR,Bintang 3,HolidayInnExpressJakartaWahidhasyim,positive,0.9992796778678894,"Cleanliness, Hygiene & Maintenance","Cleanliness, Hygiene & Maintenance (0.98); Facilities & Amenities (0.96); Service Quality (0.91)"
Aminul Wahyu Decky,2024,5,senang dan sangat puas terimakasih untuk staf hotel liburan masuk express membuat kami betah menginap di hotel ini,KOMPETITOR,Bintang 3,HolidayInnExpressJakartaWahidhasyim,positive,0.9986733198165894,Service Quality,Service Quality (0.98); Service Efficiency & Responsiveness (0.97); Guest Experience (0.97)
Arya Wang,2023,4,lokasi strategis dekat sarinah sebrang nya sudah termasuk tanah abang fasilitas lumayan komplit,KOMPETITOR,Bintang 3,HolidayInnExpressJakartaWahidhasyim,positive,0.9993252754211426,Facilities & Amenities,Facilities & Amenities (0.97); Service Efficiency & Responsiveness (0.80); Pricing & Value for Money (0.72)
Nia Yuniati,2020,5,eh ini liburan masuk yang dekat simpanglima smg bukan ya kalau ya nih 1hal yang mau saya komentar parkir bawah sangat tidak kondusif untuk keluarnya sulit ruang nya terlalu sedikit,KOMPETITOR,Bintang 3,HolidayInnExpressJakartaWahidhasyim,negative,0.9916633367538452,"Location, Accessibility & Parking","Location, Accessibility & Parking (0.92); Check in/out Experience (0.51); Facilities & Amenities (0.34)"
Papah Aban,2021,5,bagi yang capek2 pegel2 silahkan hubungi saya siap datang untuk pijat reflekssi pijat,KOMPETITOR,Bintang 3,HolidayInnExpressJakartaWahidhasyim,neutral,0.9131784439086914,Service Efficiency & Responsiveness,Service Efficiency & Responsiveness (0.74); Service Quality (0.72); Booking & Reservation Experience (0.61)
Gw Akun,2024,5,Dari pelayanan dan desain sangat bagus cocok untuk kalian yang ingin santai dan berlibur di sisin,KOMPETITOR,Bintang 3,HolidayInnExpressJakartaWahidhasyim,positive,0.9972606897354126,Facilities & Amenities,Facilities & Amenities (1.00); Service Quality (1.00); Guest Experience (0.99)
Muhammad Nazil Hilmie,2023,4,dekat kantor dan fasilititasi publik terjangkau menu warteq meninggalkannya bikin rindu mau kembali ke sana klomke jakarta,KOMPETITOR,Bintang 3,HolidayInnExpressJakartaWahidhasyim,positive,0.9989161491394043,Facilities & Amenities,Facilities & Amenities (0.97); Food & Beverage (0.97); Guest Experience (0.91)
Zhilly Hilmansyah,2025,5,hotel yang bersih wangi dan staf yang ramah,KOMPETITOR,Bintang 3,HolidayInnExpressJakartaWahidhasyim,positive,0.9980778694152832,Staff Conduct & Hospitality,"Staff Conduct & Hospitality (0.99); Cleanliness, Hygiene & Maintenance (0.99); Service Quality (0.99)"
ali zamroni,2020,4,lokasi strategis pusat kota bersih makanan enak walau kurang variasi pelayanan baik,KOMPETITOR,Bintang 3,HolidayInnExpressJakartaWahidhasyim,positive,0.9993569254875183,Service Quality,"Service Quality (0.92); Guest Experience (0.88); Cleanliness, Hygiene & Maintenance (0.83)"
Affan Abdurraheem,2019,4,mudah diakses dari mana saja lobi ny nyaman kamarnya juga bagus walau tidak terlalu luas,KOMPETITOR,Bintang 3,HolidayInnExpressJakartaWahidhasyim,positive,0.9989961981773376,Facilities & Amenities,Facilities & Amenities (0.98); Room Quality & Comfort (0.95); Service Efficiency & Responsiveness (0.91)
Saiful Drum,2025,5,kamarnya tidak ada petunjuk menuju kiblat,KOMPETITOR,Bintang 3,HolidayInnExpressJakartaWahidhasyim,negative,0.9979427456855774,Guest Experience,Guest Experience (0.90); Facilities & Amenities (0.77); Service Quality (0.58)
Priyo Sucipto,2019,5,bersih nyaman paling dekat dengan lampu merah sarinah dibandingkan hotel lain di jl wahid hasyim arah tanah abang,KOMPETITOR,Bintang 3,HolidayInnExpressJakartaWahidhasyim,positive,0.9990620017051697,Service Quality,"Service Quality (0.97); Cleanliness, Hygiene & Maintenance (0.91); Facilities & Amenities (0.86)"
Zakia Fitri,2021,5,kamar luas fasilitas lengkap brankas pendingin sofa pokoknya lengkap,KOMPETITOR,Bintang 3,HolidayInnExpressJakartaWahidhasyim,positive,0.9993441700935364,Facilities & Amenities,Facilities & Amenities (0.99); Room Quality & Comfort (0.86); Family & Group Friendly (0.76)
PAPA SULTAN GAMING,2017,4,nyaman bersih dan sejuk wifi gratis dekat dengan pasar tanah abang sarinah dan thamrin city,KOMPETITOR,Bintang 3,HolidayInnExpressJakartaWahidhasyim,positive,0.9994226694107056,Facilities & Amenities,"Facilities & Amenities (0.99); Service Quality (0.98); Cleanliness, Hygiene & Maintenance (0.97)"
Muhammad Zainuddin,2021,5,hotel nyaman dr sarinah banyak jual makanan enak di sekitarnya jl sabang,KOMPETITOR,Bintang 3,HolidayInnExpressJakartaWahidhasyim,positive,0.9993799924850464,Food & Beverage,"Food & Beverage (0.75); Sustainability & Environmental Quality (0.72); Loyalty, Recommendation & Appreciation (0.69)"
nila nurlita,2023,5,hotelnya bagus pelayanannya baik makanan juga enak kamar oke,KOMPETITOR,Bintang 3,HolidayInnExpressJakartaWahidhasyim,positive,0.9992544054985046,Facilities & Amenities,Facilities & Amenities (1.00); Service Quality (0.99); Room Quality & Comfort (0.99)
Vera Marpaung,2019,4,parkirnya susah tapi untung ada lembah gratisnya letak strategis makanan enak kamar lumayan enak dan besar,KOMPETITOR,Bintang 3,HolidayInnExpressJakartaWahidhasyim,positive,0.9989891648292542,"Location, Accessibility & Parking","Location, Accessibility & Parking (0.98); Facilities & Amenities (0.97); Room Quality & Comfort (0.94)"
Maya Damayanti,2021,5,Hotelnya bersih kalau dapet kamar 7003 view saat perempatan ikonik,KOMPETITOR,Bintang 3,HolidayInnExpressJakartaWahidhasyim,positive,0.998153030872345,Service Quality,"Service Quality (0.99); Cleanliness, Hygiene & Maintenance (0.95); Room Quality & Comfort (0.92)"
Darwis Razak,2021,4,kamarnya bersih di depan hotek banyak disajikan makanan dan minuman tidak makan ditempat,KOMPETITOR,Bintang 3,HolidayInnExpressJakartaWahidhasyim,positive,0.9653048515319824,Facilities & Amenities,"Facilities & Amenities (0.99); Cleanliness, Hygiene & Maintenance (0.99); Food & Beverage (0.98)"
new me,2023,5,Kamar nya bersih tempat nya dekat dari mana2 strategis banget dan bermain nya juga bagus,KOMPETITOR,Bintang 3,HolidayInnExpressJakartaWahidhasyim,positive,0.9991951584815979,"Cleanliness, Hygiene & Maintenance","Cleanliness, Hygiene & Maintenance (0.99); Facilities & Amenities (0.99); Service Quality (0.98)"
Sitti Maysarah,2024,5,bersih kamar nyaman sarapan juga tersedia standar dan enak,KOMPETITOR,Bintang 3,HolidayInnExpressJakartaWahidhasyim,positive,0.9989344477653503,Facilities & Amenities,"Facilities & Amenities (1.00); Cleanliness, Hygiene & Maintenance (1.00); Room Quality & Comfort (0.99)"
AGUS SUGIYARTO,2025,5,ditengah kota menginap 3 hari sebelum lebaran 2024 dianjurkan hotel masuk jakarta,KOMPETITOR,Bintang 3,HolidayInnExpressJakartaWahidhasyim,neutral,0.9915494918823242,Sustainability & Environmental Quality,Sustainability & Environmental Quality (0.75); Safety & Security (0.70); Religious & Halal Features (0.67)
Gusti Muhammad Chandra Suryana,2020,5,lokasi strategis kamar luas sarapannya sangat beragam dan enak,KOMPETITOR,Bintang 3,HolidayInnExpressJakartaWahidhasyim,positive,0.9994511008262634,Food & Beverage,Food & Beverage (0.99); Facilities & Amenities (0.98); Room Quality & Comfort (0.96)
Rozy,2020,5,hotelnya strategis mau kemana2 dekat ke tanah abang ke sarinah ke bundaran hi dan tempat lain dekat,KOMPETITOR,Bintang 3,HolidayInnExpressJakartaWahidhasyim,positive,0.9992777705192566,Facilities & Amenities,"Facilities & Amenities (0.86); Location, Accessibility & Parking (0.78); Service Efficiency & Responsiveness (0.76)"
Wie Ningsih Setia,2025,5,mampir kasih barang ke klien parkir lumayan lha,KOMPETITOR,Bintang 3,HolidayInnExpressJakartaWahidhasyim,neutral,0.860481858253479,Guest Experience,"Guest Experience (0.96); Location, Accessibility & Parking (0.92); Service Quality (0.91)"
Lambang Amandugati,2025,5,lobby sangat bersih dan wangi pelayanan resepsionis jelas,KOMPETITOR,Bintang 3,HolidayInnExpressJakartaWahidhasyim,positive,0.9989891648292542,Service Quality,"Service Quality (0.99); Cleanliness, Hygiene & Maintenance (0.99); Guest Experience (0.97)"
Almas Rausan,2024,5,Kamar layanan sangat oke lokasi sangat dekat stasiun mrt bundaran hi,KOMPETITOR,Bintang 3,HolidayInnExpressJakartaWahidhasyim,positive,0.9991890788078308,Service Quality,Service Quality (1.00); Guest Experience (1.00); Facilities & Amenities (0.99)
Moel One,2021,5,pelayanan hotel bagus serta harga relatif lebih di tingkatkan lg,KOMPETITOR,Bintang 3,HolidayInnExpressJakartaWahidhasyim,positive,0.9981233477592468,Service Quality,Service Quality (0.99); Pricing & Value for Money (0.98); Facilities & Amenities (0.97)
fauziyah fuad,2020,5,tempat istirahat yang bersih aman dan nyaman serta menu sarapannya enak enak,KOMPETITOR,Bintang 3,HolidayInnExpressJakartaWahidhasyim,positive,0.9993299245834351,Facilities & Amenities,"Facilities & Amenities (1.00); Cleanliness, Hygiene & Maintenance (0.99); Room Quality & Comfort (0.99)"
Tareno,2025,5,Chef nya ganteng soalnya ada tareno dan samir,KOMPETITOR,Bintang 3,HolidayInnExpressJakartaWahidhasyim,positive,0.9931994080543518,Service Quality,Service Quality (0.90); Staff Conduct & Hospitality (0.87); Religious & Halal Features (0.84)
Agus Setiawan,2018,5,lokasi strategis kamar bersih dan interior modern sipp kalau nginap disini,KOMPETITOR,Bintang 3,HolidayInnExpressJakartaWahidhasyim,positive,0.9993164539337158,"Cleanliness, Hygiene & Maintenance","Cleanliness, Hygiene & Maintenance (0.99); Room Quality & Comfort (0.99); Facilities & Amenities (0.99)"
MasAde,2020,3,Waktu acara pertemuan disini parkir gratis tepat dipinggir jalan namun makanan diresto kurang bervariasi,KOMPETITOR,Bintang 3,HolidayInnExpressJakartaWahidhasyim,positive,0.8846670985221863,"Location, Accessibility & Parking","Location, Accessibility & Parking (0.93); Guest Experience (0.85); Facilities & Amenities (0.83)"
Eci Moci,2023,5,lokasi strategis pelayanan oke view nya keren langsung gedung2 kota jkt,KOMPETITOR,Bintang 3,HolidayInnExpressJakartaWahidhasyim,positive,0.9995546936988831,Service Quality,Service Quality (0.98); Facilities & Amenities (0.96); Service Efficiency & Responsiveness (0.87)
Muhammad Ludfi,2021,4,hotelnya bagus hanya saja fasilitas parkirnya sangat minim,KOMPETITOR,Bintang 3,HolidayInnExpressJakartaWahidhasyim,positive,0.7685052156448364,"Location, Accessibility & Parking","Location, Accessibility & Parking (0.79); Service Quality (0.79); Facilities & Amenities (0.74)"
Tri Zanuar,2025,5,kamarnya bersih dan lokasinya strategis,KOMPETITOR,Bintang 3,HolidayInnExpressJakartaWahidhasyim,positive,0.9991757273674011,Room Quality & Comfort,"Room Quality & Comfort (0.99); Service Quality (0.99); Cleanliness, Hygiene & Maintenance (0.99)"
saikh uddin,2023,4,Layanan bagus ramah baru cek masuk makanan siap terus berkembang ditingkatkan lg pelayananx,KOMPETITOR,Bintang 3,HolidayInnExpressJakartaWahidhasyim,positive,0.9971127510070801,Guest Experience,Guest Experience (1.00); Service Quality (1.00); Check in/out Experience (0.99)
Naufal Yuwantoro,2025,5,bagus bengkel ps otomotif harga byk diskon,KOMPETITOR,Bintang 3,HolidayInnExpressJakartaWahidhasyim,positive,0.9369046688079834,Service Quality,Service Quality (0.98); Pricing & Value for Money (0.87); Facilities & Amenities (0.80)
ari prass,2021,4,staf hotelnya bersih sangat membantu sangat bagus interior,KOMPETITOR,Bintang 3,HolidayInnExpressJakartaWahidhasyim,positive,0.9987872242927551,Service Quality,"Service Quality (0.99); Cleanliness, Hygiene & Maintenance (0.99); Service Efficiency & Responsiveness (0.97)"
Sujaka Gocar,2019,5,hotel hotel hotel hotel hotel hotel hotel hotel hotel hotel hotel hotel hotel hotel hotel hotel hotel hotel hotel hotel hotel hotel hotel hotel hotel hotel hotel hotel hotel hotel hotel hotel hotel hotel hotel hotel hotel hotel hotel hotel hotel hotel hotel hotel hotel hotel hotel hotel hotel hotel hotel hotel hotel hotel hotel hotel hotel hotel hotel hotel hotel hotel hotel hotel hotel hotel hotel hotel hotel hotel hotel hotel hotel hotel hotel hotel hotel hotel hotel hotel hotel hotel hotel hotel hotel hotel hotel hotel hotel hotel hotel hotel hotel hotel hotel hotel hotel hotel hotel hotel hotel hotel hotel hotel hotel hotel hotel hotel hotel hotel hotel hotel hotel hotel hotel hotel hotel hotel hotel hotel hotel hotel hotel hotel hotel hotel hotel,KOMPETITOR,Bintang 3,HolidayInnExpressJakartaWahidhasyim,positive,0.7889301180839539,Pricing & Value for Money,"Pricing & Value for Money (0.87); Location, Accessibility & Parking (0.83); Facilities & Amenities (0.82)"
Herusse Yulanda,2021,4,kamarnya bagus dan bersih berada di tengah pusat kota dekat monas,KOMPETITOR,Bintang 3,HolidayInnExpressJakartaWahidhasyim,positive,0.9994344115257263,Room Quality & Comfort,"Room Quality & Comfort (0.99); Cleanliness, Hygiene & Maintenance (0.99); Facilities & Amenities (0.98)"
Supriadi d'Cassanova,2023,4,kamarnya nyaman layanan baik dan lokasinya strategis di kota tengah,KOMPETITOR,Bintang 3,HolidayInnExpressJakartaWahidhasyim,positive,0.9993289709091187,Service Quality,Service Quality (1.00); Room Quality & Comfort (1.00); Facilities & Amenities (1.00)
suwedi suwedi,2024,4,hotel strategis dan makanan sarapan pagi banyak pilihan pokoknya mantap,KOMPETITOR,Bintang 3,HolidayInnExpressJakartaWahidhasyim,positive,0.9994031190872192,Facilities & Amenities,Facilities & Amenities (0.98); Food & Beverage (0.95); Service Quality (0.91)
Decinta K Lalujan,2019,5,kamar dan kamar mandinya bersih pelayanan baik lokasi strategis sangat baik,KOMPETITOR,Bintang 3,HolidayInnExpressJakartaWahidhasyim,positive,0.998640239238739,"Cleanliness, Hygiene & Maintenance","Cleanliness, Hygiene & Maintenance (1.00); Facilities & Amenities (1.00); Service Quality (1.00)"
Novita Amalia,2021,5,staf ramah kamar bersih makanan enak lokasi di jantung kota,KOMPETITOR,Bintang 3,HolidayInnExpressJakartaWahidhasyim,positive,0.9992455244064331,Facilities & Amenities,"Facilities & Amenities (1.00); Cleanliness, Hygiene & Maintenance (0.99); Service Quality (0.99)"
Muhammad Riyandi,2025,5,sengat senang dan di jamin bersih enak buat keluarga berlibur bersama,KOMPETITOR,Bintang 3,HolidayInnExpressJakartaWahidhasyim,positive,0.999250590801239,Family & Group Friendly,"Family & Group Friendly (0.99); Cleanliness, Hygiene & Maintenance (0.99); Service Quality (0.97)"
Citra ZW,2024,5,sarapannya enak lokasi strategis transportasi umum sangat banyak,KOMPETITOR,Bintang 3,HolidayInnExpressJakartaWahidhasyim,positive,0.9992838501930237,Food & Beverage,Food & Beverage (0.98); Facilities & Amenities (0.94); Service Quality (0.93)
Ve Lucky,2021,5,Saat saat berbelanja saat ini kalau disini dekat bundaran hi monas gambir menerapkn protokol kesehatan,KOMPETITOR,Bintang 3,HolidayInnExpressJakartaWahidhasyim,neutral,0.4986860156059265,"Cleanliness, Hygiene & Maintenance","Cleanliness, Hygiene & Maintenance (0.89); Safety & Security (0.88); Religious & Halal Features (0.87)"
F. E Purnamasari,2023,5,kamar cukup luas fasilitas lengkap ada ruang ruang ruang ruang ruang kamar mandi,KOMPETITOR,Bintang 3,HolidayInnExpressJakartaWahidhasyim,positive,0.9989261031150818,Facilities & Amenities,Facilities & Amenities (0.98); Room Quality & Comfort (0.76); Family & Group Friendly (0.74)
ADES WAN,2024,4,kamarnya oke cuma pilihan menu makanannya sedikit,KOMPETITOR,Bintang 3,HolidayInnExpressJakartaWahidhasyim,positive,0.6720354557037354,Facilities & Amenities,Facilities & Amenities (0.95); Guest Experience (0.94); Room Quality & Comfort (0.88)
Mami Ria,2025,5,makanannya enak semua tempat strategis ini tm kasih ibu mega sayang,KOMPETITOR,Bintang 3,HolidayInnExpressJakartaWahidhasyim,positive,0.9994276165962219,Facilities & Amenities,"Facilities & Amenities (0.96); Location, Accessibility & Parking (0.89); Food & Beverage (0.87)"
CHOIRUL AZIM,2021,5,kamarnya bersih dan nyaman view bagus mnghadap ke jln sarinah,KOMPETITOR,Bintang 3,HolidayInnExpressJakartaWahidhasyim,positive,0.9995718598365784,Room Quality & Comfort,"Room Quality & Comfort (1.00); Facilities & Amenities (0.99); Cleanliness, Hygiene & Maintenance (0.99)"
Ade Sutarman,2020,3,Hotel ini dekat Lampumerah Sarinah Tamrin kalau hari minggu bisa jalan ke monas hi,KOMPETITOR,Bintang 3,HolidayInnExpressJakartaWahidhasyim,positive,0.9987230896949768,Facilities & Amenities,Facilities & Amenities (0.88); Service Quality (0.88); Sustainability & Environmental Quality (0.86)
Esra Ebil,2020,5,Tempatnya bagus makanannya oke cocok banget untuk berbuka puasa bersama teman kerja,KOMPETITOR,Bintang 3,HolidayInnExpressJakartaWahidhasyim,positive,0.9957271814346313,Facilities & Amenities,Facilities & Amenities (0.99); Room Quality & Comfort (0.96); Service Quality (0.92)
Sulaiman Sulaiman,2020,4,bersih nyaman dekat kemana mana stasiun busway dan mati cuma sarapan nya standar,KOMPETITOR,Bintang 3,HolidayInnExpressJakartaWahidhasyim,positive,0.9956240057945251,Facilities & Amenities,"Facilities & Amenities (0.99); Service Quality (0.98); Cleanliness, Hygiene & Maintenance (0.97)"
Royhan Bagas,2025,5,hotelnya nyaman dan bersih,KOMPETITOR,Bintang 3,HolidayInnExpressJakartaWahidhasyim,positive,0.9993333220481873,"Cleanliness, Hygiene & Maintenance","Cleanliness, Hygiene & Maintenance (0.99); Service Quality (0.98); Room Quality & Comfort (0.97)"
Jesaya7,2020,5,Tempat menginp yang bisa direkomended saya pernah menginap disni 4 hari 3 malam,KOMPETITOR,Bintang 3,HolidayInnExpressJakartaWahidhasyim,positive,0.9777103066444397,Facilities & Amenities,Facilities & Amenities (0.91); Guest Experience (0.76); Booking & Reservation Experience (0.72)
Joseph Bakker,2024,5,bagus cocok untuk berlibur bersama keluarga atau sendiri juga bole pokoknya komplit smuanya,KOMPETITOR,Bintang 3,HolidayInnExpressJakartaWahidhasyim,positive,0.9991704225540161,Family & Group Friendly,Family & Group Friendly (0.99); Facilities & Amenities (0.93); Guest Experience (0.89)
Doddy Hardiyana,2019,5,penginapan yang sangat nyaman dekat tengah kota jakarta dan pusat pembelanjaan pasar tanah abang,KOMPETITOR,Bintang 3,HolidayInnExpressJakartaWahidhasyim,positive,0.9992693066596985,Room Quality & Comfort,Room Quality & Comfort (0.92); Facilities & Amenities (0.91); Service Quality (0.88)
abu sagr,2025,5,tempatnya bagus lokasinya dekat sarina,KOMPETITOR,Bintang 3,HolidayInnExpressJakartaWahidhasyim,positive,0.9993535876274109,Facilities & Amenities,"Facilities & Amenities (0.99); Room Quality & Comfort (0.87); Loyalty, Recommendation & Appreciation (0.83)"
Bayu Sulistio,2018,3,tempat bagus dan tersedia tempat parkir yang nyaman serta petugas keamanan yang siaga 24 jam,KOMPETITOR,Bintang 3,HolidayInnExpressJakartaWahidhasyim,positive,0.9989309906959534,Facilities & Amenities,"Facilities & Amenities (1.00); Location, Accessibility & Parking (1.00); Service Efficiency & Responsiveness (0.98)"
Antie,2018,5,harga yang pantas untuk kamar dan dekat dengan pusat perbelanjaan sarinah dept store,KOMPETITOR,Bintang 3,HolidayInnExpressJakartaWahidhasyim,positive,0.9980207681655884,Pricing & Value for Money,Pricing & Value for Money (0.98); Facilities & Amenities (0.91); Sustainability & Environmental Quality (0.74)
Yoseph Mariato,2021,5,tempatnya strategis harga kompetitif pelayanan bagus kamar bersih,KOMPETITOR,Bintang 3,HolidayInnExpressJakartaWahidhasyim,positive,0.9994588494300842,Service Quality,Service Quality (1.00); Pricing & Value for Money (0.99); Guest Experience (0.99)
Rafky Andrian,2021,5,Tidak ada kolam renang baru tempat gym baru jga kecil,KOMPETITOR,Bintang 3,HolidayInnExpressJakartaWahidhasyim,positive,0.5170689225196838,Facilities & Amenities,"Facilities & Amenities (0.98); Sustainability & Environmental Quality (0.73); Cleanliness, Hygiene & Maintenance (0.58)"
Sofia,2022,5,Hotelnya bagus kebetulan tinggal disini untuk karantina dan menu makannya juga enak,KOMPETITOR,Bintang 3,HolidayInnExpressJakartaWahidhasyim,positive,0.9992215633392334,Food & Beverage,Food & Beverage (0.99); Facilities & Amenities (0.99); Guest Experience (0.95)
Sueb,2020,5,lumayan bagus dan strategis Cma agak sedikit tidak terlihat karena terlalu minimalis lokasinya,KOMPETITOR,Bintang 3,HolidayInnExpressJakartaWahidhasyim,positive,0.998445451259613,Facilities & Amenities,Facilities & Amenities (0.51); Room Quality & Comfort (0.35); Service Quality (0.29)
Bayu Himawan,2024,4,lokasi oke tengah kota mudah dicari minus ruang makannya sempit selebihnya oke,KOMPETITOR,Bintang 3,HolidayInnExpressJakartaWahidhasyim,positive,0.998776376247406,Facilities & Amenities,"Facilities & Amenities (0.94); Food & Beverage (0.86); Location, Accessibility & Parking (0.72)"
Maria Irma Kurniawati,2020,5,hotel favorit saya jika nginap di jakarta karena strategis bersih dan nyaman,KOMPETITOR,Bintang 3,HolidayInnExpressJakartaWahidhasyim,positive,0.9994773268699646,Service Quality,"Service Quality (0.98); Cleanliness, Hygiene & Maintenance (0.97); Room Quality & Comfort (0.97)"
Betty Mangunsong,2019,5,Fasilitasnya bagus dekat dengan mall tapi ruang kamar sempit banget,KOMPETITOR,Bintang 3,HolidayInnExpressJakartaWahidhasyim,positive,0.8387494087219238,Facilities & Amenities,Facilities & Amenities (0.99); Service Quality (0.77); Guest Experience (0.69)
Tatang Hamjah,2025,5,Joss bagus,KOMPETITOR,Bintang 3,HolidayInnExpressJakartaWahidhasyim,positive,0.9966390132904053,"Cleanliness, Hygiene & Maintenance","Cleanliness, Hygiene & Maintenance (0.88); Facilities & Amenities (0.81); Service Quality (0.80)"
Stevan Moidady,2024,5,tempat nginap dengan aksesibilitas yang tinggi tepat di pusat kota jakarta dan harganya juga murah,KOMPETITOR,Bintang 3,HolidayInnExpressJakartaWahidhasyim,positive,0.9991647005081177,Pricing & Value for Money,Pricing & Value for Money (0.96); Facilities & Amenities (0.93); Service Efficiency & Responsiveness (0.84)
Ed Rivano,2021,5,kamar interior nya nice kamar mandi cukup lega dan bersih,KOMPETITOR,Bintang 3,HolidayInnExpressJakartaWahidhasyim,positive,0.9988429546356201,"Cleanliness, Hygiene & Maintenance","Cleanliness, Hygiene & Maintenance (0.99); Facilities & Amenities (0.99); Room Quality & Comfort (0.99)"
Ramses Sianipar,2019,4,lokasi bagus kamar dan toilet bersih peralatan fitness terawat koridor bersih,KOMPETITOR,Bintang 3,HolidayInnExpressJakartaWahidhasyim,positive,0.999303936958313,"Cleanliness, Hygiene & Maintenance","Cleanliness, Hygiene & Maintenance (1.00); Facilities & Amenities (1.00); Service Quality (0.99)"
simbg distarumks,2025,5,lokasi strategis,KOMPETITOR,Bintang 3,HolidayInnExpressJakartaWahidhasyim,positive,0.9988574981689453,Facilities & Amenities,Facilities & Amenities (0.90); Sustainability & Environmental Quality (0.85); Safety & Security (0.75)
Fromesa Pamungkas,2018,5,kamarnya nyaman dan bersih menu sarapan variatif pelayanannya ramah,KOMPETITOR,Bintang 3,HolidayInnExpressJakartaWahidhasyim,positive,0.9994636178016663,Facilities & Amenities,"Facilities & Amenities (1.00); Cleanliness, Hygiene & Maintenance (0.99); Guest Experience (0.99)"
Rahendra Mansi,2020,5,bagus tapi ada kamarnya yang bisa melihat tembok gedung sebelah,KOMPETITOR,Bintang 3,HolidayInnExpressJakartaWahidhasyim,positive,0.6896093487739563,Facilities & Amenities,Facilities & Amenities (0.88); Ambience & Design (0.81); Guest Experience (0.81)
Firman Firdaus,2025,1,Keamanan Loby Songong ke Kurir Keamanan begitu ko diterima,KOMPETITOR,Bintang 3,HolidayInnExpressJakartaWahidhasyim,neutral,0.9019742012023926,Safety & Security,Safety & Security (0.99); Guest Experience (0.98); Service Quality (0.78)
Anne Angeliq,2020,3,hotel dan kamar bagus sarapan habisa dan makanan kurang enak,KOMPETITOR,Bintang 3,HolidayInnExpressJakartaWahidhasyim,negative,0.9345096349716187,Facilities & Amenities,Facilities & Amenities (0.83); Food & Beverage (0.75); Guest Experience (0.69)
Ajeng Maydiyanti,2023,5,tempatnya nyaman dengan lokasi yang strategis pemandangannya juga lumayan khas perkotaan,KOMPETITOR,Bintang 3,HolidayInnExpressJakartaWahidhasyim,positive,0.9992262125015259,Room Quality & Comfort,Room Quality & Comfort (0.99); Facilities & Amenities (0.96); Family & Group Friendly (0.86)
Lida Bogor,2025,5,oke buat nginep bareng klg,KOMPETITOR,Bintang 3,HolidayInnExpressJakartaWahidhasyim,neutral,0.9490858316421509,Food & Beverage,Food & Beverage (0.98); Family & Group Friendly (0.97); Guest Experience (0.87)
Aan khan,2023,5,hotel hotel express jakarta posisi tempat strategis nyaman sekali,KOMPETITOR,Bintang 3,HolidayInnExpressJakartaWahidhasyim,positive,0.9994370341300964,Room Quality & Comfort,Room Quality & Comfort (0.90); Family & Group Friendly (0.87); Sustainability & Environmental Quality (0.86)
Richard Sitorus,2020,5,tempat parkirnya kecil sekali dan jarak lobi ke tempat berdiri di nya untuk keluar jg kecil yah,KOMPETITOR,Bintang 3,HolidayInnExpressJakartaWahidhasyim,negative,0.7546016573905945,"Location, Accessibility & Parking","Location, Accessibility & Parking (0.99); Facilities & Amenities (0.98); Religious & Halal Features (0.65)"
Zaenal Abidin,2023,5,Hotel ini sangat ramai oleh pengunjung dari berbagai daerah di luar Jakarta,KOMPETITOR,Bintang 3,HolidayInnExpressJakartaWahidhasyim,positive,0.9972405433654785,Guest Experience,Guest Experience (0.83); Sustainability & Environmental Quality (0.80); Booking & Reservation Experience (0.77)
jonathan adrian,2024,1,layanan resepsi tidak jujur dalam menyampaikan kondisi yang diminta oleh tamu,KOMPETITOR,Bintang 3,HolidayInnExpressJakartaWahidhasyim,negative,0.9902036190032959,Guest Experience,Guest Experience (0.97); Check in/out Experience (0.86); Staff Conduct & Hospitality (0.76)
Ary wardana Siregar,2023,5,pelayanannya ramah dengan mbak angin makanannya enak dan kamarnya bersih,KOMPETITOR,Bintang 3,HolidayInnExpressJakartaWahidhasyim,positive,0.9994091987609863,"Cleanliness, Hygiene & Maintenance","Cleanliness, Hygiene & Maintenance (1.00); Guest Experience (1.00); Staff Conduct & Hospitality (0.99)"
Bilqiis Mutiara Syifa,2025,5,Bagus sekali super nyaman,KOMPETITOR,Bintang 3,HolidayInnExpressJakartaWahidhasyim,positive,0.9993380904197693,Room Quality & Comfort,"Room Quality & Comfort (0.98); Facilities & Amenities (0.95); Cleanliness, Hygiene & Maintenance (0.94)"
akhmad ikhsan,2020,5,tempat rapi dan bersih pelayanan yang ramah cma saya brkunjung dalam kondisi genting karena kisruh di gd bawaslu,KOMPETITOR,Bintang 3,HolidayInnExpressJakartaWahidhasyim,positive,0.9846639037132263,"Cleanliness, Hygiene & Maintenance","Cleanliness, Hygiene & Maintenance (0.99); Guest Experience (0.99); Facilities & Amenities (0.99)"
Jen Nabila,2024,5,Hotel ini bersih pelayanannya jg oke,KOMPETITOR,Bintang 3,HolidayInnExpressJakartaWahidhasyim,positive,0.9986604452133179,Service Quality,"Service Quality (1.00); Cleanliness, Hygiene & Maintenance (0.99); Service Efficiency & Responsiveness (0.99)"
Kristi Ningrum,2025,5,kamar nyaman staf membantu,KOMPETITOR,Bintang 3,HolidayInnExpressJakartaWahidhasyim,positive,0.9980351328849792,Room Quality & Comfort,Room Quality & Comfort (1.00); Guest Experience (0.98); Facilities & Amenities (0.97)
Sang Rahman Chanel,2019,5,hotelnya bagus bersih nyaman lokasi mudah dan dekat kemana2,KOMPETITOR,Bintang 3,HolidayInnExpressJakartaWahidhasyim,positive,0.9992720484733582,Facilities & Amenities,Facilities & Amenities (0.99); Service Quality (0.98); Room Quality & Comfort (0.97)
Teuku pupun z,2021,3,lumayan cuma tidak bisa merokok di dalam merokok harus keluar gedung,KOMPETITOR,Bintang 3,HolidayInnExpressJakartaWahidhasyim,negative,0.9923874139785767,Facilities & Amenities,Facilities & Amenities (0.69); Check in/out Experience (0.65); Management & Policy Issues (0.59)
Stefan 15,2019,5,tempat strategis kamar nyaman sesuai harapan puas menginap di sini,KOMPETITOR,Bintang 3,HolidayInnExpressJakartaWahidhasyim,positive,0.9987680315971375,Room Quality & Comfort,Room Quality & Comfort (0.99); Guest Experience (0.94); Facilities & Amenities (0.94)
Anastasia Landa,2020,5,bersih makanannya saat ada buah pelayanannya cepat dan ramah,KOMPETITOR,Bintang 3,HolidayInnExpressJakartaWahidhasyim,positive,0.9991413354873657,Service Efficiency & Responsiveness,"Service Efficiency & Responsiveness (1.00); Cleanliness, Hygiene & Maintenance (0.99); Service Quality (0.99)"
Alibina Tube,2022,5,nyaman suasana kamar crew ramah pelayanan oke,KOMPETITOR,Bintang 3,HolidayInnExpressJakartaWahidhasyim,positive,0.9993901252746582,Service Quality,Service Quality (0.99); Guest Experience (0.99); Room Quality & Comfort (0.99)
Juni Martin,2024,5,sarapan baru mantap betul dah pelayanan nya juga ramah dan baik,KOMPETITOR,Bintang 3,HolidayInnExpressJakartaWahidhasyim,positive,0.9990897178649902,Service Quality,Service Quality (0.99); Guest Experience (0.99); Staff Conduct & Hospitality (0.99)
Yongky Widjaja,2019,4,kami kumpul dengan kawan kawan untuk buka puasa bersama enak tempatnya dan makannya mantap,KOMPETITOR,Bintang 3,HolidayInnExpressJakartaWahidhasyim,positive,0.9958329796791077,Family & Group Friendly,Family & Group Friendly (0.96); Facilities & Amenities (0.96); Food & Beverage (0.95)
Edi Winarno,2020,4,kamar nyaman luas dan tempat strategis di pusat kota,KOMPETITOR,Bintang 3,HolidayInnExpressJakartaWahidhasyim,positive,0.9993394017219543,Room Quality & Comfort,Room Quality & Comfort (0.99); Facilities & Amenities (0.99); Family & Group Friendly (0.87)
Burhanuddin Muhtadi,2021,4,tempatnya strategis hotelnya nyaman dan bersih pelayanan ramah,KOMPETITOR,Bintang 3,HolidayInnExpressJakartaWahidhasyim,positive,0.999396562576294,Service Quality,"Service Quality (0.99); Facilities & Amenities (0.99); Cleanliness, Hygiene & Maintenance (0.98)"
Joy Sumarno,2020,5,hotelnya cukup nyaman untuk singgah bermalam bersama keluarga,KOMPETITOR,Bintang 3,HolidayInnExpressJakartaWahidhasyim,positive,0.998910665512085,Family & Group Friendly,Family & Group Friendly (0.99); Facilities & Amenities (0.96); Service Quality (0.90)
Nur khafidhatun,2018,5,hotel yang bagus dengan fasilitas oke kekurangan view hotel tidak menarik,KOMPETITOR,Bintang 3,HolidayInnExpressJakartaWahidhasyim,negative,0.7172576189041138,Facilities & Amenities,Facilities & Amenities (0.98); Service Quality (0.88); Guest Experience (0.64)
Annida dwi,2025,5,hotel strategis di Jakarta Pusat,KOMPETITOR,Bintang 3,HolidayInnExpressJakartaWahidhasyim,positive,0.9983635544776917,Facilities & Amenities,"Facilities & Amenities (0.86); Sustainability & Environmental Quality (0.81); Cleanliness, Hygiene & Maintenance (0.76)"
DoeL Bang'toyib,2025,5,baik,KOMPETITOR,Bintang 3,HolidayInnExpressJakartaWahidhasyim,positive,0.9978875517845154,"Cleanliness, Hygiene & Maintenance","Cleanliness, Hygiene & Maintenance (0.93); Facilities & Amenities (0.91); Sustainability & Environmental Quality (0.79)"
mohammad adi bagus triprastiyo,2018,5,tempat istirhtnya cukup nyaman sarapannya jg menuunya saya cocok,KOMPETITOR,Bintang 3,HolidayInnExpressJakartaWahidhasyim,positive,0.9993529915809631,Facilities & Amenities,Facilities & Amenities (0.99); Room Quality & Comfort (0.99); Food & Beverage (0.96)
Erika Mulyasari,2022,5,letak hotel strategis staf nya ramah hotelnya bersih dan nyaman,KOMPETITOR,Bintang 3,HolidayInnExpressJakartaWahidhasyim,positive,0.9994521737098694,Service Quality,"Service Quality (0.98); Cleanliness, Hygiene & Maintenance (0.98); Staff Conduct & Hospitality (0.97)"
Tri Yuliwanda,2020,5,kamar bagus menu sarapan byk dan enak pelayan juga ramah,KOMPETITOR,Bintang 3,HolidayInnExpressJakartaWahidhasyim,positive,0.9988810420036316,Staff Conduct & Hospitality,Staff Conduct & Hospitality (0.99); Facilities & Amenities (0.99); Food & Beverage (0.99)
Yohanes Hendrik,2019,5,lokasi strategis sarapan pelayanan ramah cepat dan memuaskan,KOMPETITOR,Bintang 3,HolidayInnExpressJakartaWahidhasyim,positive,0.9993380904197693,Service Efficiency & Responsiveness,Service Efficiency & Responsiveness (1.00); Service Quality (0.99); Guest Experience (0.99)
Ibnu Rusdi,2019,5,nyaman dan pelayanan ramah lokasinya sangat strategis dekat jl thamrin,KOMPETITOR,Bintang 3,HolidayInnExpressJakartaWahidhasyim,positive,0.9995225667953491,Facilities & Amenities,Facilities & Amenities (0.99); Service Quality (0.98); Staff Conduct & Hospitality (0.98)
RH. WHOAMI,2019,4,Tmpt nyaman pusat kota dekat tanah abang kamar bagus berkelas,KOMPETITOR,Bintang 3,HolidayInnExpressJakartaWahidhasyim,positive,0.9995104074478149,Room Quality & Comfort,Room Quality & Comfort (0.98); Facilities & Amenities (0.95); Service Quality (0.91)
Arum Sukapto,2018,5,lokasi strategi di tengah kota dr dengan sarinah dan banyak pilihan makan malam di jalan sabang,KOMPETITOR,Bintang 3,HolidayInnExpressJakartaWahidhasyim,positive,0.9993343949317932,Facilities & Amenities,Facilities & Amenities (0.98); Food & Beverage (0.96); Cultural & Heritage Experience (0.85)
Prayitno Superboy Official,2025,3,parkirnya susah,KOMPETITOR,Bintang 3,HolidayInnExpressJakartaWahidhasyim,negative,0.998557984828949,"Location, Accessibility & Parking","Location, Accessibility & Parking (0.94); Facilities & Amenities (0.89); Service Quality (0.69)"
Chamals 68,2025,5,dekat dari perkantoran bawaslu sarinah akses lancar,KOMPETITOR,Bintang 3,HolidayInnExpressJakartaWahidhasyim,positive,0.9985575079917908,Facilities & Amenities,Facilities & Amenities (0.94); Service Efficiency & Responsiveness (0.89); Service Quality (0.86)
paramita dwijayanti,2019,4,kamar nyaa besaarr dan bersiih nyamaann banget deh bikin betah,KOMPETITOR,Bintang 3,HolidayInnExpressJakartaWahidhasyim,positive,0.9991416931152344,Room Quality & Comfort,Room Quality & Comfort (0.99); Service Quality (0.98); Guest Experience (0.96)
Om andri,2023,3,Masa sudah mau jam 14 jam wib belum bisa cek masuk kamar,KOMPETITOR,Bintang 3,HolidayInnExpressJakartaWahidhasyim,neutral,0.9977654218673706,Sustainability & Environmental Quality,Sustainability & Environmental Quality (0.74); Safety & Security (0.73); Pricing & Value for Money (0.72)
Wiga Purnomo,2023,5,Layanan sarapan enak meski pilihan tidak cukup banyak dekat Sarinah,KOMPETITOR,Bintang 3,HolidayInnExpressJakartaWahidhasyim,positive,0.998712420463562,Service Quality,Service Quality (0.99); Facilities & Amenities (0.98); Guest Experience (0.90)
Ardiansyah Azhary Suhandoko (蘇亞迪),2025,5,enak kemana2 ini di daerah shibuya nya jakarta,KOMPETITOR,Bintang 3,HolidayInnExpressJakartaWahidhasyim,positive,0.9784107208251953,Facilities & Amenities,Facilities & Amenities (0.79); Cultural & Heritage Experience (0.76); Food & Beverage (0.73)
Rere Victorantyo,2021,4,lokasi strategis kamar bersih staf ramah sesuai harga,KOMPETITOR,Bintang 3,HolidayInnExpressJakartaWahidhasyim,positive,0.9992249011993408,Pricing & Value for Money,Pricing & Value for Money (0.98); Service Quality (0.98); Guest Experience (0.95)
Marini Ponulele,2019,5,untuk barang angkat sendiri pesan makanan ambil sendiri semuanya serba sendiri makanannya enak lokasi menyenangkan,KOMPETITOR,Bintang 3,HolidayInnExpressJakartaWahidhasyim,positive,0.9976933598518372,Facilities & Amenities,Facilities & Amenities (0.99); Booking & Reservation Experience (0.98); Personalized & Special Services (0.96)
Benni Triyono,2021,4,nyaman dan bersih dengan kehangatan air mandi rileks disaat kita mandi,KOMPETITOR,Bintang 3,HolidayInnExpressJakartaWahidhasyim,positive,0.9981098175048828,Facilities & Amenities,"Facilities & Amenities (0.98); Cleanliness, Hygiene & Maintenance (0.98); Service Quality (0.97)"
faker faker,2024,4,lokasi strategis keamanan nya ramah dan staf nya juga,KOMPETITOR,Bintang 3,HolidayInnExpressJakartaWahidhasyim,positive,0.9991752505302429,Safety & Security,Safety & Security (0.99); Staff Conduct & Hospitality (0.97); Service Efficiency & Responsiveness (0.96)
Bakhtiar Darwis,2021,5,tempat yang nyaman u liburan ramah dan bersih meskipun di masa pandemi covid_19,KOMPETITOR,Bintang 3,HolidayInnExpressJakartaWahidhasyim,positive,0.9950984120368958,"Cleanliness, Hygiene & Maintenance","Cleanliness, Hygiene & Maintenance (0.96); Service Quality (0.96); Room Quality & Comfort (0.95)"
Nurokhman,2020,5,tempat nyaman deket dengan pusat kota aksesnya mudah ke pusat belanja tanah abang,KOMPETITOR,Bintang 3,HolidayInnExpressJakartaWahidhasyim,positive,0.9994632601737976,Facilities & Amenities,Facilities & Amenities (0.98); Room Quality & Comfort (0.93); Service Efficiency & Responsiveness (0.85)
Wahyu RR,2020,5,nyaman dekat tanah abang kalau mau belanja deket,KOMPETITOR,Bintang 3,HolidayInnExpressJakartaWahidhasyim,positive,0.9992251396179199,Facilities & Amenities,Facilities & Amenities (0.88); Service Efficiency & Responsiveness (0.81); Sustainability & Environmental Quality (0.78)
Dwina Haryono,2021,3,ruang rapat terlalu sempit makanan kurang bervariasi,KOMPETITOR,Bintang 3,HolidayInnExpressJakartaWahidhasyim,negative,0.9963690042495728,Facilities & Amenities,Facilities & Amenities (0.85); Guest Experience (0.57); Food & Beverage (0.56)
Gugi Dawn,2018,3,Rekomen buat tidur saja jika mau cari makan atau cemilan memperbaiki keluar,KOMPETITOR,Bintang 3,HolidayInnExpressJakartaWahidhasyim,neutral,0.9973611235618591,Food & Beverage,Food & Beverage (0.82); Check in/out Experience (0.49); Sustainability & Environmental Quality (0.41)
yofi gayo,2025,5,tempatnya nyaman,KOMPETITOR,Bintang 3,HolidayInnExpressJakartaWahidhasyim,positive,0.9994245767593384,Room Quality & Comfort,"Room Quality & Comfort (0.99); Facilities & Amenities (0.94); Cleanliness, Hygiene & Maintenance (0.89)"
Yankiess,2025,5,Lokasi strategis dekat MRT Dan Dan Kuliner,KOMPETITOR,Bintang 3,HolidayInnExpressJakartaWahidhasyim,positive,0.9993332028388977,Food & Beverage,Food & Beverage (1.00); Facilities & Amenities (1.00); Cultural & Heritage Experience (0.96)
Rommel hutabarat,2023,5,hotel yang cukup strategis di pusat jakarta sekitaran sarinah,KOMPETITOR,Bintang 3,HolidayInnExpressJakartaWahidhasyim,positive,0.9924977421760559,"Loyalty, Recommendation & Appreciation","Loyalty, Recommendation & Appreciation (0.75); Sustainability & Environmental Quality (0.74); Booking & Reservation Experience (0.70)"
wawan poetra,2020,4,bagus berada di pusat kota dan kamar baru bagus dengan furnitur terbaru,KOMPETITOR,Bintang 3,HolidayInnExpressJakartaWahidhasyim,positive,0.9991770386695862,Facilities & Amenities,Facilities & Amenities (0.98); Ambience & Design (0.96); Room Quality & Comfort (0.95)
Ade Indah Nadhila Madiutomo,2023,3,Cukup mengecewakan aku harus menunggu 3-4 jam untuk memeriksa masuk,KOMPETITOR,Bintang 3,HolidayInnExpressJakartaWahidhasyim,negative,0.9991324543952942,Guest Experience,Guest Experience (0.83); Safety & Security (0.75); Pricing & Value for Money (0.68)
Nurlela Missber,2024,5,Layak pelayannya ramah ramah makanan restorannya oke,KOMPETITOR,Bintang 3,HolidayInnExpressJakartaWahidhasyim,positive,0.9984496831893921,Service Quality,Service Quality (0.98); Staff Conduct & Hospitality (0.96); Family & Group Friendly (0.94)
polos Etoo,2024,5,buat yang ingin sembuh ke sini saja di mulai dari kenyamanan semua terjamin,KOMPETITOR,Bintang 3,HolidayInnExpressJakartaWahidhasyim,positive,0.9731007218360901,Facilities & Amenities,Facilities & Amenities (0.99); Safety & Security (0.99); Room Quality & Comfort (0.96)
Nanazz,2020,3,tempat bagus bersih harga lumayan menu standar bintang tiga,KOMPETITOR,Bintang 3,HolidayInnExpressJakartaWahidhasyim,positive,0.9985590577125549,Facilities & Amenities,Facilities & Amenities (0.95); Pricing & Value for Money (0.95); Service Quality (0.93)
Bagas Cahyo Nugroho,2021,5,lokasi di kota tengah jakarta bersih petugas hotel ramah,KOMPETITOR,Bintang 3,HolidayInnExpressJakartaWahidhasyim,positive,0.9992315769195557,Service Quality,"Service Quality (0.98); Staff Conduct & Hospitality (0.98); Cleanliness, Hygiene & Maintenance (0.97)"
halikul djindan,2021,5,Pelayan yang memuaskan dan mudah mendapatkan taksi biru burung,KOMPETITOR,Bintang 3,HolidayInnExpressJakartaWahidhasyim,positive,0.9968329071998596,Service Quality,Service Quality (1.00); Guest Experience (1.00); Facilities & Amenities (0.98)
Muchlis Anwar,2024,5,lokasi strategis di kota tengah jakarta pelayanan yang ramah dan profesional,KOMPETITOR,Bintang 3,HolidayInnExpressJakartaWahidhasyim,positive,0.9986203908920288,Service Quality,Service Quality (0.99); Service Efficiency & Responsiveness (0.99); Staff Conduct & Hospitality (0.98)
Aristyo Widianto,2024,5,nyaman bersih tapi lampu di kamar kurang terang,KOMPETITOR,Bintang 3,HolidayInnExpressJakartaWahidhasyim,negative,0.9917987585067749,"Cleanliness, Hygiene & Maintenance","Cleanliness, Hygiene & Maintenance (0.90); Service Quality (0.89); Facilities & Amenities (0.87)"
Lasea Monika,2022,5,tempat bersih tapi pelayanan sangat baik pemandangan bagus laundry bersih,KOMPETITOR,Bintang 3,HolidayInnExpressJakartaWahidhasyim,positive,0.9936140179634094,Service Quality,"Service Quality (0.99); Cleanliness, Hygiene & Maintenance (0.99); Facilities & Amenities (0.99)"
Budhi Suharto,2018,4,Tempat di lokasi oke tapi fasilitas rasanya kurang maxi deh,KOMPETITOR,Bintang 3,HolidayInnExpressJakartaWahidhasyim,negative,0.9115501642227173,Sustainability & Environmental Quality,Sustainability & Environmental Quality (0.61); Service Quality (0.61); Facilities & Amenities (0.60)
Yesica Clara,2022,4,lumayan okelah sesuai standar hotel bintang 3,KOMPETITOR,Bintang 3,HolidayInnExpressJakartaWahidhasyim,positive,0.995259702205658,Service Quality,Service Quality (0.94); Room Quality & Comfort (0.83); Sustainability & Environmental Quality (0.67)
Calvin Satyarahardja,2022,5,Pelayanan memuaskan staf ramah kamar bersih cepat menanggapi,KOMPETITOR,Bintang 3,HolidayInnExpressJakartaWahidhasyim,positive,0.9975484013557434,Service Quality,Service Quality (1.00); Guest Experience (1.00); Service Efficiency & Responsiveness (0.99)
D. Andrena,2021,3,kasurnya empuk suka sama desain interior kamar mandinyaa,KOMPETITOR,Bintang 3,HolidayInnExpressJakartaWahidhasyim,positive,0.9991538524627686,Room Quality & Comfort,"Room Quality & Comfort (0.99); Ambience & Design (0.98); Cleanliness, Hygiene & Maintenance (0.96)"
yogi permadi,2020,5,ramah strategis karpet penuh nyaman parkir gratis,KOMPETITOR,Bintang 3,HolidayInnExpressJakartaWahidhasyim,positive,0.9989460110664368,"Location, Accessibility & Parking","Location, Accessibility & Parking (0.99); Facilities & Amenities (0.97); Room Quality & Comfort (0.96)"
Akhda Afif Rasyidi,2020,5,hotelnya minimalis nyaman untuk rapat makanannya enak,KOMPETITOR,Bintang 3,HolidayInnExpressJakartaWahidhasyim,positive,0.9993878602981567,Facilities & Amenities,Facilities & Amenities (0.97); Service Quality (0.93); Guest Experience (0.88)
Jowvy Kum,2020,5,tempatnya strategis dekat mall t4 makan pusat kota,KOMPETITOR,Bintang 3,HolidayInnExpressJakartaWahidhasyim,positive,0.9994871616363525,Food & Beverage,Food & Beverage (0.95); Facilities & Amenities (0.92); Service Efficiency & Responsiveness (0.83)
Iffaa Kosmetik,2020,5,bagus deket sama kota jadi jalan kakipun bertanya lebih,KOMPETITOR,Bintang 3,HolidayInnExpressJakartaWahidhasyim,positive,0.9987088441848755,Facilities & Amenities,Facilities & Amenities (0.92); Sustainability & Environmental Quality (0.75); Safety & Security (0.67)
Enie Marali,2021,5,nyaman dan harga miring karena baru normal baru,KOMPETITOR,Bintang 3,HolidayInnExpressJakartaWahidhasyim,positive,0.9696013927459717,Pricing & Value for Money,"Pricing & Value for Money (0.97); Facilities & Amenities (0.92); Cleanliness, Hygiene & Maintenance (0.70)"
Yohan Vania,2020,5,tempatnya bagus terus bersih juga sama buat foto foto juga bagus,KOMPETITOR,Bintang 3,HolidayInnExpressJakartaWahidhasyim,positive,0.998817503452301,"Cleanliness, Hygiene & Maintenance","Cleanliness, Hygiene & Maintenance (1.00); Facilities & Amenities (0.99); Room Quality & Comfort (0.99)"
Rayya Rayyinda,2023,5,petugas ramah pelayanan oke rapi makanan enak bersih lokasi strategis,KOMPETITOR,Bintang 3,HolidayInnExpressJakartaWahidhasyim,positive,0.9993867874145508,"Cleanliness, Hygiene & Maintenance","Cleanliness, Hygiene & Maintenance (0.99); Service Quality (0.99); Guest Experience (0.98)"
Andy Chrisman Sianturi,2021,5,Saya pernah pelatihan dsni makananya enak dan tempatnya nyaman juga,KOMPETITOR,Bintang 3,HolidayInnExpressJakartaWahidhasyim,positive,0.9990164041519165,Room Quality & Comfort,Room Quality & Comfort (0.99); Facilities & Amenities (0.99); Check in/out Experience (0.93)
Mr. John S,2019,5,kualitas hotel berbintang tidak perlu diragukan lagi,KOMPETITOR,Bintang 3,HolidayInnExpressJakartaWahidhasyim,positive,0.9962702989578247,Service Quality,"Service Quality (0.93); Loyalty, Recommendation & Appreciation (0.77); Room Quality & Comfort (0.56)"
Tuap Hakes (Hakes),2024,4,kamar yang sangat memadai penataan dan pencahayaan yang baik,KOMPETITOR,Bintang 3,HolidayInnExpressJakartaWahidhasyim,positive,0.9985465407371521,Room Quality & Comfort,Room Quality & Comfort (1.00); Facilities & Amenities (1.00); Ambience & Design (0.99)
Saifullah Andi,2017,4,tempat nyaman dekat dari pusat kota banyak fasilitas baru,KOMPETITOR,Bintang 3,HolidayInnExpressJakartaWahidhasyim,positive,0.9993641972541809,Facilities & Amenities,Facilities & Amenities (0.96); Room Quality & Comfort (0.67); Family & Group Friendly (0.65)
Adrian adrian,2021,5,kamarnya kedap suara nyaman banget kamarnya,KOMPETITOR,Bintang 3,HolidayInnExpressJakartaWahidhasyim,positive,0.9993956089019775,Room Quality & Comfort,Room Quality & Comfort (0.96); Sustainability & Environmental Quality (0.84); Guest Experience (0.83)
Diana Adnan,2020,5,klu ke jakarta mesti nginap sini dekat sarinah n tanah abg,KOMPETITOR,Bintang 3,HolidayInnExpressJakartaWahidhasyim,positive,0.9748656749725342,Cultural & Heritage Experience,Cultural & Heritage Experience (0.90); Sustainability & Environmental Quality (0.83); Facilities & Amenities (0.81)
Ivana Chandra,2024,5,lokasi strategis kamar oke,KOMPETITOR,Bintang 3,HolidayInnExpressJakartaWahidhasyim,positive,0.9992369413375854,Room Quality & Comfort,Room Quality & Comfort (0.97); Guest Experience (0.92); Facilities & Amenities (0.89)
Almer Atharizz,2020,5,Hotel yang sangat bagus tingkat bintang 4,KOMPETITOR,Bintang 3,HolidayInnExpressJakartaWahidhasyim,positive,0.9988824725151062,Service Quality,Service Quality (0.90); Sustainability & Environmental Quality (0.80); Facilities & Amenities (0.77)
Muhammad Fajar Arifin,2020,4,Staff sebagian besar ramah istirahat cepat enak bangun panggilan pada waktu 4 bintang,KOMPETITOR,Bintang 3,HolidayInnExpressJakartaWahidhasyim,positive,0.9980666041374207,Service Quality,Service Quality (0.99); Staff Conduct & Hospitality (0.98); Guest Experience (0.97)
Yes Ganteng banget,2019,4,tempatnya bersih parkirannya termasuk terbatas untuk hotel,KOMPETITOR,Bintang 3,HolidayInnExpressJakartaWahidhasyim,positive,0.9983997941017151,Service Quality,"Service Quality (0.97); Cleanliness, Hygiene & Maintenance (0.95); Location, Accessibility & Parking (0.93)"
k setiamihardja,2024,1,Parkiran dan petugas hotel di Seberang hotel sangat buruk,KOMPETITOR,Bintang 3,HolidayInnExpressJakartaWahidhasyim,negative,0.9993651509284973,"Location, Accessibility & Parking","Location, Accessibility & Parking (1.00); Facilities & Amenities (0.98); Guest Experience (0.94)"
Hasta Budiratna,2021,4,Oke City View nya saat mlm hari kamar juga oke,KOMPETITOR,Bintang 3,HolidayInnExpressJakartaWahidhasyim,positive,0.9904877543449402,Ambience & Design,Ambience & Design (0.93); Sustainability & Environmental Quality (0.92); Cultural & Heritage Experience (0.92)
Syafrial Makmir,2023,5,Pelayanan nya bagus dengan mba windi kamar juga bagus makanan oke,KOMPETITOR,Bintang 3,HolidayInnExpressJakartaWahidhasyim,positive,0.9979846477508545,Guest Experience,Guest Experience (1.00); Service Quality (1.00); Facilities & Amenities (0.99)
Ririanti S,2019,5,kamar bersih letak strategis sarapan mantap,KOMPETITOR,Bintang 3,HolidayInnExpressJakartaWahidhasyim,positive,0.9993839263916016,Service Quality,Service Quality (0.99); Facilities & Amenities (0.99); Room Quality & Comfort (0.98)
Aditya Garik Waskita Nugraha,2020,5,hotel yang nyaman strategis tenang dan makanannya enak,KOMPETITOR,Bintang 3,HolidayInnExpressJakartaWahidhasyim,positive,0.9993625283241272,Facilities & Amenities,Facilities & Amenities (0.98); Service Quality (0.98); Room Quality & Comfort (0.93)
Muhammad Pujiyono,2018,5,penginapan yang homey bersaing lah untuk hotel menangah di jakarta,KOMPETITOR,Bintang 3,HolidayInnExpressJakartaWahidhasyim,positive,0.922876238822937,Family & Group Friendly,Family & Group Friendly (0.88); Facilities & Amenities (0.80); Religious & Halal Features (0.72)
Cholid Mawardi,2021,4,Kamar cukup luas tapi fasilitasnya kurang,KOMPETITOR,Bintang 3,HolidayInnExpressJakartaWahidhasyim,positive,0.8644338846206665,Guest Experience,"Guest Experience (0.59); Sustainability & Environmental Quality (0.49); Loyalty, Recommendation & Appreciation (0.47)"
Bambang ari wibowo,2018,5,hotelnya bersih dah sarapannya lumayan enak,KOMPETITOR,Bintang 3,HolidayInnExpressJakartaWahidhasyim,positive,0.9990965127944946,Service Quality,"Service Quality (0.99); Cleanliness, Hygiene & Maintenance (0.98); Facilities & Amenities (0.97)"
Abyan Qolbi,2025,5,sangat memuaskan dan pelayanan yang ramah,KOMPETITOR,Bintang 3,HolidayInnExpressJakartaWahidhasyim,positive,0.9990842342376709,Service Quality,Service Quality (1.00); Guest Experience (0.99); Staff Conduct & Hospitality (0.99)
Agustiono,2020,5,enak dan nyaman buat kumpul nginep bersama sama teman teman,KOMPETITOR,Bintang 3,HolidayInnExpressJakartaWahidhasyim,positive,0.9988272786140442,Family & Group Friendly,Family & Group Friendly (0.96); Room Quality & Comfort (0.91); Facilities & Amenities (0.89)
Aditya Haryanto,2019,5,tempat strategis dan pelayanan kamar yang baik,KOMPETITOR,Bintang 3,HolidayInnExpressJakartaWahidhasyim,positive,0.9990678429603577,Service Quality,Service Quality (1.00); Room Quality & Comfort (1.00); Guest Experience (1.00)
Christine Ho,2020,4,terletak di tengah kota sangat dekat dengan pusat perbelanjaan besar,KOMPETITOR,Bintang 3,HolidayInnExpressJakartaWahidhasyim,positive,0.9993332028388977,Facilities & Amenities,Facilities & Amenities (0.90); Sustainability & Environmental Quality (0.83); Service Efficiency & Responsiveness (0.82)
muhammad ismail,2020,5,tempatnya nyaman tengah kota bersih ramah pegawainya dan enak makannya,KOMPETITOR,Bintang 3,HolidayInnExpressJakartaWahidhasyim,positive,0.9993879795074463,"Cleanliness, Hygiene & Maintenance","Cleanliness, Hygiene & Maintenance (0.99); Staff Conduct & Hospitality (0.99); Service Quality (0.99)"
Indra Saputra,2019,4,strategis dan ramai jg harga per malam nya tidak mahal,KOMPETITOR,Bintang 3,HolidayInnExpressJakartaWahidhasyim,positive,0.9992290735244751,Pricing & Value for Money,Pricing & Value for Money (0.94); Facilities & Amenities (0.93); Service Efficiency & Responsiveness (0.81)
Mesakh Alexsandry,2025,5,cukup strategis letaknya bagus desain nya,KOMPETITOR,Bintang 3,HolidayInnExpressJakartaWahidhasyim,positive,0.9993202686309814,Facilities & Amenities,Facilities & Amenities (0.78); Sustainability & Environmental Quality (0.76); Service Efficiency & Responsiveness (0.62)
Tri Iisd,2020,5,tempatnya strategis makanannya enak tapi lebih bervariasi yang di kemayoran,KOMPETITOR,Bintang 3,HolidayInnExpressJakartaWahidhasyim,positive,0.9843209981918335,Facilities & Amenities,"Facilities & Amenities (0.76); Food & Beverage (0.74); Location, Accessibility & Parking (0.67)"
Ketut Widhiyani,2024,5,fasilitas bagus pelayanan sangat baik dari bu reflika dan bu viola,KOMPETITOR,Bintang 3,HolidayInnExpressJakartaWahidhasyim,positive,0.99870765209198,Service Quality,Service Quality (0.99); Guest Experience (0.98); Facilities & Amenities (0.97)
Aditya Suryana Santoso,2021,5,kamar tidur yang nyaman dan pelayanan karyawan yang baik,KOMPETITOR,Bintang 3,HolidayInnExpressJakartaWahidhasyim,positive,0.9987514019012451,Room Quality & Comfort,Room Quality & Comfort (1.00); Service Quality (1.00); Facilities & Amenities (1.00)
Dimas Wibowo Sentanu,2020,4,kamar nyaman belum liat sarapannya,KOMPETITOR,Bintang 3,HolidayInnExpressJakartaWahidhasyim,negative,0.9432215690612793,Room Quality & Comfort,Room Quality & Comfort (0.93); Facilities & Amenities (0.87); Guest Experience (0.87)
Rio Aji Purnomo,2020,5,hotel ditengah kota dengan kenyamanan yang bagus,KOMPETITOR,Bintang 3,HolidayInnExpressJakartaWahidhasyim,positive,0.9977388381958008,Room Quality & Comfort,Room Quality & Comfort (0.99); Facilities & Amenities (0.99); Safety & Security (0.99)
agus mudiono,2023,4,Bantuan ramah bersih nyaman lokasi strategis dekt mrt busway,KOMPETITOR,Bintang 3,HolidayInnExpressJakartaWahidhasyim,positive,0.9993278980255127,Facilities & Amenities,"Facilities & Amenities (0.99); Service Quality (0.99); Cleanliness, Hygiene & Maintenance (0.98)"
dede taufik,2021,5,Jos mantap makanannya untuk bawa anak kecil kurang,KOMPETITOR,Bintang 3,HolidayInnExpressJakartaWahidhasyim,positive,0.9987316727638245,Sustainability & Environmental Quality,Sustainability & Environmental Quality (0.78); Food & Beverage (0.75); Pricing & Value for Money (0.59)
Zainur Rokhim,2023,5,Sangat nyaman buat karantina jg mantap banget,KOMPETITOR,Bintang 3,HolidayInnExpressJakartaWahidhasyim,positive,0.9994059801101685,Room Quality & Comfort,Room Quality & Comfort (0.98); Facilities & Amenities (0.93); Service Efficiency & Responsiveness (0.89)
Sulis Ani,2024,5,lokasi strategis layanan baik kamar nyaman,KOMPETITOR,Bintang 3,HolidayInnExpressJakartaWahidhasyim,positive,0.9992709755897522,Room Quality & Comfort,Room Quality & Comfort (1.00); Service Quality (1.00); Facilities & Amenities (0.99)
thedy susanto,2020,5,enak tempatnya buat nginep deket sarinah dan sabang,KOMPETITOR,Bintang 3,HolidayInnExpressJakartaWahidhasyim,positive,0.9991195797920227,Cultural & Heritage Experience,Cultural & Heritage Experience (0.91); Sustainability & Environmental Quality (0.89); Facilities & Amenities (0.89)
Yuyun Yustina,2020,5,Rekomendasi hotel ruang meetingnya juga oke,KOMPETITOR,Bintang 3,HolidayInnExpressJakartaWahidhasyim,positive,0.9992673993110657,Facilities & Amenities,Facilities & Amenities (0.93); Service Quality (0.86); Sustainability & Environmental Quality (0.82)
puri tomo,2019,4,interior bagus n bersih makanan perlu ditambah berbagaiinya,KOMPETITOR,Bintang 3,HolidayInnExpressJakartaWahidhasyim,positive,0.9993209838867188,"Cleanliness, Hygiene & Maintenance","Cleanliness, Hygiene & Maintenance (0.99); Facilities & Amenities (0.99); Room Quality & Comfort (0.98)"
ria putri,2019,4,lokasi strategis dengan harga bersaing komplain dilayani dengan baik,KOMPETITOR,Bintang 3,HolidayInnExpressJakartaWahidhasyim,positive,0.9979502558708191,Service Quality,Service Quality (1.00); Pricing & Value for Money (0.98); Guest Experience (0.97)
RARF YT,2023,3,jendela kamar 708 tertutup dinding bangunan lain,KOMPETITOR,Bintang 3,HolidayInnExpressJakartaWahidhasyim,neutral,0.9988112449645996,Religious & Halal Features,Religious & Halal Features (0.61); Pricing & Value for Money (0.59); Facilities & Amenities (0.58)
Hamid Amren,2020,4,hotelnya strategis banget dijantung kota jakarta,KOMPETITOR,Bintang 3,HolidayInnExpressJakartaWahidhasyim,positive,0.9991983771324158,Sustainability & Environmental Quality,"Sustainability & Environmental Quality (0.87); Loyalty, Recommendation & Appreciation (0.80); Service Efficiency & Responsiveness (0.79)"
Jeffry Anthoni Fischer,2021,5,Satu kompleks dengan panakukang mall makanannya lengkap,KOMPETITOR,Bintang 3,HolidayInnExpressJakartaWahidhasyim,positive,0.9993976354598999,Facilities & Amenities,Facilities & Amenities (0.98); Food & Beverage (0.94); Sustainability & Environmental Quality (0.88)
Didi H.,2024,5,pelatihan di lantai 10 dianjurkan makanannya enak,KOMPETITOR,Bintang 3,HolidayInnExpressJakartaWahidhasyim,positive,0.9982838034629822,Food & Beverage,Food & Beverage (0.79); Facilities & Amenities (0.61); Check in/out Experience (0.60)
Lia Wardah Nadhifah,2022,4,kamar mandi transparan sarapan pagi biasa,KOMPETITOR,Bintang 3,HolidayInnExpressJakartaWahidhasyim,positive,0.7465366125106812,Facilities & Amenities,"Facilities & Amenities (0.98); Cleanliness, Hygiene & Maintenance (0.97); Guest Experience (0.90)"
Syihab Ponsel,2021,4,dekat mana mana mana lumayanlah kalau hanya untuk menginap,KOMPETITOR,Bintang 3,HolidayInnExpressJakartaWahidhasyim,positive,0.9959087371826172,Guest Experience,"Guest Experience (0.74); Location, Accessibility & Parking (0.62); Pricing & Value for Money (0.60)"
Mina Warni,2022,1,Saya karantina 10 jam menuunya sangat sangat buruk sangat mengecewakan,KOMPETITOR,Bintang 3,HolidayInnExpressJakartaWahidhasyim,negative,0.9995040893554688,Food & Beverage,Food & Beverage (0.96); Check in/out Experience (0.95); Guest Experience (0.73)
Muhammad Hanafi,2020,4,hotel strategis untuk pilihan memudahkan ke mana saja di jakarta,KOMPETITOR,Bintang 3,HolidayInnExpressJakartaWahidhasyim,positive,0.9968340992927551,Facilities & Amenities,"Facilities & Amenities (0.79); Service Efficiency & Responsiveness (0.77); Location, Accessibility & Parking (0.73)"
andi perdana,2020,5,lokasi hotel yang strategis berada di pusat kota,KOMPETITOR,Bintang 3,HolidayInnExpressJakartaWahidhasyim,positive,0.9983332753181458,Facilities & Amenities,Facilities & Amenities (0.85); Sustainability & Environmental Quality (0.84); Pricing & Value for Money (0.80)
Nanan Supriatna,2020,4,secara umum tempatnya bersih makan paginya juga enak,KOMPETITOR,Bintang 3,HolidayInnExpressJakartaWahidhasyim,positive,0.9988827109336853,"Cleanliness, Hygiene & Maintenance","Cleanliness, Hygiene & Maintenance (1.00); Facilities & Amenities (0.99); Room Quality & Comfort (0.99)"
Eko Jadi Roso,2020,4,nyaman dan dingin serta terima kasih telah melayani saya,KOMPETITOR,Bintang 3,HolidayInnExpressJakartaWahidhasyim,positive,0.9940395355224609,Guest Experience,"Guest Experience (0.99); Loyalty, Recommendation & Appreciation (0.99); Service Quality (0.98)"
Viki Kurdiansyah,2023,5,lokasi sangat strategis kamar bersih dan wangi,KOMPETITOR,Bintang 3,HolidayInnExpressJakartaWahidhasyim,positive,0.9992340803146362,"Cleanliness, Hygiene & Maintenance","Cleanliness, Hygiene & Maintenance (1.00); Room Quality & Comfort (0.99); Service Quality (0.99)"
Randy Maulana,2021,4,dapet kamar yang oemandangannya kurang bagus,KOMPETITOR,Bintang 3,HolidayInnExpressJakartaWahidhasyim,negative,0.9661781787872314,Guest Experience,Guest Experience (0.72); Facilities & Amenities (0.69); Booking & Reservation Experience (0.63)
Yopi Saputra,2020,2,lumayan karena saya ke sana untuk kebutuhan menembak jadi b saja,KOMPETITOR,Bintang 3,HolidayInnExpressJakartaWahidhasyim,positive,0.9841277003288269,Pricing & Value for Money,Pricing & Value for Money (0.59); Guest Experience (0.59); Cultural & Heritage Experience (0.54)
Ika Malika,2021,5,hotel yang nyaman kamar nya pun nyaman,KOMPETITOR,Bintang 3,HolidayInnExpressJakartaWahidhasyim,positive,0.9985663294792175,Room Quality & Comfort,Room Quality & Comfort (0.96); Facilities & Amenities (0.93); Service Quality (0.88)
Mega Silvia,2022,5,hotel strategis dan karyawan yang ramah,KOMPETITOR,Bintang 3,HolidayInnExpressJakartaWahidhasyim,positive,0.9983672499656677,Staff Conduct & Hospitality,Staff Conduct & Hospitality (1.00); Service Efficiency & Responsiveness (0.98); Service Quality (0.98)
erine widya,2019,5,Oke pelayanan dan kamar tempat sangat strategis,KOMPETITOR,Bintang 3,HolidayInnExpressJakartaWahidhasyim,positive,0.9966017007827759,Facilities & Amenities,Facilities & Amenities (1.00); Guest Experience (1.00); Service Quality (0.99)
Wahyudin,2024,5,suasana indah dan nyaman untuk keluarga yang lagi tour,KOMPETITOR,Bintang 3,HolidayInnExpressJakartaWahidhasyim,positive,0.9980735778808594,Room Quality & Comfort,Room Quality & Comfort (0.99); Family & Group Friendly (0.98); Facilities & Amenities (0.98)
ALdi Gareng,2023,5,enak nyaman nyaman buat nongki wfc kerja dari kopi,KOMPETITOR,Bintang 3,HolidayInnExpressJakartaWahidhasyim,positive,0.9990580677986145,Food & Beverage,Food & Beverage (0.95); Facilities & Amenities (0.87); Room Quality & Comfort (0.73)
Nurul Wathani,2020,5,Sarjan Stratigis membuat nginap terletk dipusat bisnis dokter kemana2,KOMPETITOR,Bintang 3,HolidayInnExpressJakartaWahidhasyim,positive,0.6686632037162781,Service Quality,Service Quality (0.72); Sustainability & Environmental Quality (0.66); Guest Experience (0.64)
Fatan Maulana,2025,5,bagus,KOMPETITOR,Bintang 3,HolidayInnExpressJakartaWahidhasyim,positive,0.9981029033660889,"Cleanliness, Hygiene & Maintenance","Cleanliness, Hygiene & Maintenance (0.91); Facilities & Amenities (0.89); Sustainability & Environmental Quality (0.82)"
Pipin Dewi Kuswarjanti,2019,5,Rekomendasi staf ramah fasilitas sesuai deskripsi atas semua oke lah,KOMPETITOR,Bintang 3,HolidayInnExpressJakartaWahidhasyim,positive,0.9985097050666809,Service Quality,Service Quality (0.99); Facilities & Amenities (0.98); Staff Conduct & Hospitality (0.96)
Henry's Channel,2021,4,bagus bersih dan nyaman stafnya juga ramah,KOMPETITOR,Bintang 3,HolidayInnExpressJakartaWahidhasyim,positive,0.9992196559906006,Facilities & Amenities,"Facilities & Amenities (0.99); Room Quality & Comfort (0.99); Cleanliness, Hygiene & Maintenance (0.99)"
Fitria Ramadhani,2021,5,Homey dekat dengan Grand Indonesia sarapannya oke,KOMPETITOR,Bintang 3,HolidayInnExpressJakartaWahidhasyim,positive,0.9993994235992432,Food & Beverage,Food & Beverage (0.98); Family & Group Friendly (0.92); Staff Conduct & Hospitality (0.88)
Nhofhi Chania,2023,3,kamarnya makan sudah lama ya kurang bagus,KOMPETITOR,Bintang 3,HolidayInnExpressJakartaWahidhasyim,negative,0.998256266117096,Guest Experience,Guest Experience (0.82); Food & Beverage (0.70); Facilities & Amenities (0.63)
Impron Zaelani,2022,5,hotel nyaman dan pelayanan yang baikl,KOMPETITOR,Bintang 3,HolidayInnExpressJakartaWahidhasyim,positive,0.9990684390068054,Service Quality,Service Quality (1.00); Facilities & Amenities (0.99); Room Quality & Comfort (0.98)
Brilla Mokodongan,2025,5,pelayanan di hotel memuaskan,KOMPETITOR,Bintang 3,HolidayInnExpressJakartaWahidhasyim,positive,0.9983187913894653,Service Quality,Service Quality (1.00); Guest Experience (0.99); Facilities & Amenities (0.96)
tio dama asmara,2018,5,hotel yang nyaman dan memuaskan sukses selalu,KOMPETITOR,Bintang 3,HolidayInnExpressJakartaWahidhasyim,positive,0.9986239671707153,Service Quality,Service Quality (0.97); Room Quality & Comfort (0.96); Facilities & Amenities (0.93)
Jauhari Efendi,2024,5,lokasi kenyamanan dan kamar semuanya oke disini,KOMPETITOR,Bintang 3,HolidayInnExpressJakartaWahidhasyim,positive,0.9992552399635315,Facilities & Amenities,Facilities & Amenities (1.00); Room Quality & Comfort (1.00); Guest Experience (0.99)
RIRIN DIAN RIVAI,2021,3,Hotel yang strategis kemana mana deket,KOMPETITOR,Bintang 3,HolidayInnExpressJakartaWahidhasyim,positive,0.9988824725151062,"Location, Accessibility & Parking","Location, Accessibility & Parking (0.81); Facilities & Amenities (0.75); Sustainability & Environmental Quality (0.69)"
Noly Lantang,2019,5,lokasi strategis di pusat kota kamar bersih,KOMPETITOR,Bintang 3,HolidayInnExpressJakartaWahidhasyim,positive,0.9993308782577515,Service Quality,"Service Quality (0.99); Room Quality & Comfort (0.99); Cleanliness, Hygiene & Maintenance (0.98)"
Rudy Gunawan,2020,4,Hotel yang bagus lokasi strategis,KOMPETITOR,Bintang 3,HolidayInnExpressJakartaWahidhasyim,positive,0.9993107318878174,Facilities & Amenities,Facilities & Amenities (0.93); Service Quality (0.90); Sustainability & Environmental Quality (0.87)
Nurmayani Rima,2020,5,Centong banget g nyesel pernah nginap disini,KOMPETITOR,Bintang 3,HolidayInnExpressJakartaWahidhasyim,positive,0.9918930530548096,Guest Experience,Guest Experience (0.74); Pricing & Value for Money (0.72); Check in/out Experience (0.63)
Rheval Gerard Ramadhan,2020,4,kamarnya luas dan bersih baik,KOMPETITOR,Bintang 3,HolidayInnExpressJakartaWahidhasyim,positive,0.9990617632865906,Room Quality & Comfort,"Room Quality & Comfort (0.99); Facilities & Amenities (0.99); Cleanliness, Hygiene & Maintenance (0.99)"
Hotasi gultom,2022,5,hotel bersih nyaman dan tempat strategis,KOMPETITOR,Bintang 3,HolidayInnExpressJakartaWahidhasyim,positive,0.9993645548820496,Facilities & Amenities,Facilities & Amenities (0.99); Room Quality & Comfort (0.98); Service Quality (0.98)
ahda hidayat,2023,5,Kamar oke bersih jacqueline luar biasa,KOMPETITOR,Bintang 3,HolidayInnExpressJakartaWahidhasyim,positive,0.9337767958641052,Room Quality & Comfort,Room Quality & Comfort (0.99); Service Quality (0.99); Guest Experience (0.98)
Christian Mangundap,2019,5,makanan nya enak dan pelayanan nya puas sekali,KOMPETITOR,Bintang 3,HolidayInnExpressJakartaWahidhasyim,positive,0.999258816242218,Service Quality,Service Quality (0.98); Guest Experience (0.93); Service Efficiency & Responsiveness (0.89)
S_ D'Stian,2022,5,hotel yang nyaman di jakpus harga brsaing,KOMPETITOR,Bintang 3,HolidayInnExpressJakartaWahidhasyim,positive,0.9970375299453735,Pricing & Value for Money,Pricing & Value for Money (0.88); Facilities & Amenities (0.82); Booking & Reservation Experience (0.74)
Nahum Sihotang,2023,1,Pelayanan hotel nya parah sekali,KOMPETITOR,Bintang 3,HolidayInnExpressJakartaWahidhasyim,negative,0.9994999170303345,Guest Experience,Guest Experience (0.95); Service Quality (0.84); Facilities & Amenities (0.84)
Iwan Sopian Operator,2025,5,ac bocor,KOMPETITOR,Bintang 3,HolidayInnExpressJakartaWahidhasyim,negative,0.9991324543952942,Facilities & Amenities,Facilities & Amenities (0.61); Pricing & Value for Money (0.57); Booking & Reservation Experience (0.49)
eldy kurniawan,2023,1,bintang 1 untuk pelayanan mau cek masuk lama pelayanan,KOMPETITOR,Bintang 3,HolidayInnExpressJakartaWahidhasyim,neutral,0.7341572046279907,Service Quality,Service Quality (0.95); Guest Experience (0.88); Check in/out Experience (0.62)
Alfin N Aziz,2021,5,kamar nyaman pelayanan ramah,KOMPETITOR,Bintang 3,HolidayInnExpressJakartaWahidhasyim,positive,0.9988151788711548,Room Quality & Comfort,Room Quality & Comfort (1.00); Guest Experience (0.99); Service Quality (0.99)
agung sudira,2017,5,Pelayanannya sangat memuaskn oke tank s banget,KOMPETITOR,Bintang 3,HolidayInnExpressJakartaWahidhasyim,positive,0.9986054301261902,Service Quality,Service Quality (0.99); Guest Experience (0.97); Facilities & Amenities (0.90)
Nuni Asyrofiah,2018,4,Modern minimalis cocok untuk pengunjung yang sederhana tapi membutuhkan kenyamanan,KOMPETITOR,Bintang 3,HolidayInnExpressJakartaWahidhasyim,positive,0.9754430055618286,Guest Experience,Guest Experience (0.95); Safety & Security (0.86); Facilities & Amenities (0.78)
Kambingjelek 13,2024,5,fasilitas baru bagus,KOMPETITOR,Bintang 3,HolidayInnExpressJakartaWahidhasyim,positive,0.996493399143219,Service Quality,Service Quality (0.97); Facilities & Amenities (0.85); Sustainability & Environmental Quality (0.80)
Wirkos,2024,5,kamar seperti nya kurang luas,KOMPETITOR,Bintang 3,HolidayInnExpressJakartaWahidhasyim,negative,0.9931736588478088,"Loyalty, Recommendation & Appreciation","Loyalty, Recommendation & Appreciation (0.83); Facilities & Amenities (0.76); Guest Experience (0.72)"
Guid Cardi,2020,5,nyaman dan dalam kota dekat dengan kantor pusat,KOMPETITOR,Bintang 3,HolidayInnExpressJakartaWahidhasyim,positive,0.9988995790481567,Facilities & Amenities,Facilities & Amenities (0.98); Room Quality & Comfort (0.96); Family & Group Friendly (0.91)
Devita Lestari,2023,5,hotelnya nyaman bersih dekat mana mana mana,KOMPETITOR,Bintang 3,HolidayInnExpressJakartaWahidhasyim,positive,0.9990959167480469,Service Quality,"Service Quality (0.98); Cleanliness, Hygiene & Maintenance (0.98); Facilities & Amenities (0.95)"
Tessa Wemona Giandra,2021,5,kamar bersih dan sangat nyaman,KOMPETITOR,Bintang 3,HolidayInnExpressJakartaWahidhasyim,positive,0.9991759657859802,Room Quality & Comfort,"Room Quality & Comfort (1.00); Cleanliness, Hygiene & Maintenance (0.99); Facilities & Amenities (0.98)"
Lie Rudy,2020,4,pelayanan memuaskan namun untuk ruang parkir sangat terbatas,KOMPETITOR,Bintang 3,HolidayInnExpressJakartaWahidhasyim,positive,0.9844293594360352,Service Quality,Service Quality (1.00); Guest Experience (0.98); Facilities & Amenities (0.95)
Umi Muzayanah,2022,5,kamarnya nyaman pelayanan ramah,KOMPETITOR,Bintang 3,HolidayInnExpressJakartaWahidhasyim,positive,0.9991029500961304,Guest Experience,Guest Experience (0.99); Room Quality & Comfort (0.99); Service Quality (0.98)
Leo Willy,2022,5,pengalaman yang cukup oke tinggal disini,KOMPETITOR,Bintang 3,HolidayInnExpressJakartaWahidhasyim,positive,0.9634606242179871,Guest Experience,"Guest Experience (0.83); Cleanliness, Hygiene & Maintenance (0.74); Service Quality (0.71)"
Choirul Musfiki,2020,5,hanya bisa menegok dari luar sudah bagus tempatnya,KOMPETITOR,Bintang 3,HolidayInnExpressJakartaWahidhasyim,positive,0.9865137934684753,Facilities & Amenities,Facilities & Amenities (0.52); Check in/out Experience (0.46); Room Quality & Comfort (0.41)
Sandy Bakhtiar,2021,5,Tempat menginap yang sangat cocok untuk cfd,KOMPETITOR,Bintang 3,HolidayInnExpressJakartaWahidhasyim,positive,0.9986802935600281,Guest Experience,Guest Experience (0.80); Staff Conduct & Hospitality (0.79); Cultural & Heritage Experience (0.77)
Muhammad Zyan Zikrillah (Zyan),2018,4,tempat parkir mobilnya kecil muat sedikit,KOMPETITOR,Bintang 3,HolidayInnExpressJakartaWahidhasyim,negative,0.948139488697052,"Location, Accessibility & Parking","Location, Accessibility & Parking (0.93); Facilities & Amenities (0.89); Sustainability & Environmental Quality (0.66)"
Amad Haedoni,2020,3,bagus cuma tempat parkir tidak ingat,KOMPETITOR,Bintang 3,HolidayInnExpressJakartaWahidhasyim,negative,0.8919567465782166,"Location, Accessibility & Parking","Location, Accessibility & Parking (0.56); Management & Policy Issues (0.19); Facilities & Amenities (0.15)"
Kharis Ashary,2022,5,bersih nyaman dan sarapannya enak,KOMPETITOR,Bintang 3,HolidayInnExpressJakartaWahidhasyim,positive,0.9993355870246887,Facilities & Amenities,"Facilities & Amenities (0.99); Room Quality & Comfort (0.98); Cleanliness, Hygiene & Maintenance (0.98)"
s m,2020,5,bersih makanan enak petugas ramah,KOMPETITOR,Bintang 3,HolidayInnExpressJakartaWahidhasyim,positive,0.9986937642097473,"Cleanliness, Hygiene & Maintenance","Cleanliness, Hygiene & Maintenance (0.99); Service Quality (0.99); Staff Conduct & Hospitality (0.97)"
Dian pelita,2023,5,Pelayanan n makanan nya smua bagus,KOMPETITOR,Bintang 3,HolidayInnExpressJakartaWahidhasyim,positive,0.9863961935043335,Service Quality,"Service Quality (0.99); Facilities & Amenities (0.98); Cleanliness, Hygiene & Maintenance (0.98)"
Muhammad Baridwan,2024,5,pelayanan ramah servis harga standar bagus,KOMPETITOR,Bintang 3,HolidayInnExpressJakartaWahidhasyim,positive,0.9991010427474976,Service Quality,Service Quality (0.98); Pricing & Value for Money (0.93); Guest Experience (0.88)
aska ziwaq,2022,5,indahnya berbagi dalam suasana yang relevan dengan iklim,KOMPETITOR,Bintang 3,HolidayInnExpressJakartaWahidhasyim,positive,0.9168868660926819,Sustainability & Environmental Quality,Sustainability & Environmental Quality (0.98); Guest Experience (0.88); Family & Group Friendly (0.87)
adika candra,2021,5,nyaman dan sangat dekat dengan pusat pembelanjaan,KOMPETITOR,Bintang 3,HolidayInnExpressJakartaWahidhasyim,positive,0.99931800365448,Facilities & Amenities,Facilities & Amenities (0.99); Room Quality & Comfort (0.95); Service Quality (0.92)
Br Zyan walalangi,2024,5,kamar mewah dengan tipe yang saya boking,KOMPETITOR,Bintang 3,HolidayInnExpressJakartaWahidhasyim,positive,0.7549375891685486,Facilities & Amenities,Facilities & Amenities (0.82); Booking & Reservation Experience (0.77); Room Quality & Comfort (0.75)
Rico Fishing,2020,5,Mantaf pokoke uhuy dah kamar gede2,KOMPETITOR,Bintang 3,HolidayInnExpressJakartaWahidhasyim,positive,0.7160765528678894,Room Quality & Comfort,"Room Quality & Comfort (0.96); Facilities & Amenities (0.94); Cleanliness, Hygiene & Maintenance (0.82)"
Santosa Tri,2023,5,tempatnya nya nyaman lokasi strategis,KOMPETITOR,Bintang 3,HolidayInnExpressJakartaWahidhasyim,positive,0.9993016719818115,Room Quality & Comfort,Room Quality & Comfort (0.99); Facilities & Amenities (0.94); Family & Group Friendly (0.89)
[את] Handi Sukiwa,2020,5,hotel nya bagus bersih,KOMPETITOR,Bintang 3,HolidayInnExpressJakartaWahidhasyim,positive,0.9992042183876038,Service Quality,"Service Quality (0.99); Cleanliness, Hygiene & Maintenance (0.99); Sustainability & Environmental Quality (0.93)"
Nopiyanti Nopiyanti,2020,5,tempatnya bersih strategis dan dekat kemana saja,KOMPETITOR,Bintang 3,HolidayInnExpressJakartaWahidhasyim,positive,0.9992650151252747,"Cleanliness, Hygiene & Maintenance","Cleanliness, Hygiene & Maintenance (0.97); Facilities & Amenities (0.96); Service Quality (0.96)"
Aziz Kendari,2023,5,kamar luas bersih dan nyaman,KOMPETITOR,Bintang 3,HolidayInnExpressJakartaWahidhasyim,positive,0.9992684721946716,Room Quality & Comfort,"Room Quality & Comfort (1.00); Cleanliness, Hygiene & Maintenance (0.98); Facilities & Amenities (0.98)"
Andree Raymond,2018,4,lokasi strategis dan resepsionis nya ramah,KOMPETITOR,Bintang 3,HolidayInnExpressJakartaWahidhasyim,positive,0.9987640380859375,Staff Conduct & Hospitality,Staff Conduct & Hospitality (0.99); Guest Experience (0.98); Service Efficiency & Responsiveness (0.98)
Muhamad Aqil,2018,5,kamar nyaman desain interiornya mantap,KOMPETITOR,Bintang 3,HolidayInnExpressJakartaWahidhasyim,positive,0.9994392991065979,Room Quality & Comfort,"Room Quality & Comfort (1.00); Ambience & Design (0.96); Cleanliness, Hygiene & Maintenance (0.94)"
Arditya Raharja,2018,3,Hotel Nerlokasi strategis dan bersih,KOMPETITOR,Bintang 3,HolidayInnExpressJakartaWahidhasyim,positive,0.9992823004722595,"Cleanliness, Hygiene & Maintenance","Cleanliness, Hygiene & Maintenance (0.99); Sustainability & Environmental Quality (0.99); Service Quality (0.99)"
boedi hartono,2020,5,dekat dengan pusat kuliner dan akses transportasi mudah,KOMPETITOR,Bintang 3,HolidayInnExpressJakartaWahidhasyim,positive,0.9994472861289978,Facilities & Amenities,Facilities & Amenities (0.99); Food & Beverage (0.98); Service Efficiency & Responsiveness (0.91)
zakaria abahsafwa,2024,5,tempatnya enak buat istirahat,KOMPETITOR,Bintang 3,HolidayInnExpressJakartaWahidhasyim,positive,0.9987779259681702,Room Quality & Comfort,Room Quality & Comfort (0.92); Facilities & Amenities (0.88); Family & Group Friendly (0.75)
Afna Masrifah,2024,5,nyaman bersih tingkatkan trs dalam pelayanan,KOMPETITOR,Bintang 3,HolidayInnExpressJakartaWahidhasyim,positive,0.993878185749054,Service Quality,"Service Quality (0.98); Cleanliness, Hygiene & Maintenance (0.97); Sustainability & Environmental Quality (0.93)"
Evi Yuliana Kamil,2020,5,bagus n nyaman lokasinya juga mudah dicari,KOMPETITOR,Bintang 3,HolidayInnExpressJakartaWahidhasyim,positive,0.9989332556724548,Facilities & Amenities,Facilities & Amenities (0.99); Room Quality & Comfort (0.98); Sustainability & Environmental Quality (0.82)
Garwin Limarto,2022,5,hotel bermutu pelayanan mantaplah,KOMPETITOR,Bintang 3,HolidayInnExpressJakartaWahidhasyim,positive,0.9993871450424194,Service Quality,Service Quality (1.00); Guest Experience (0.98); Service Efficiency & Responsiveness (0.95)
NINO SUTRISNO,2025,5,mbaknya ramah,KOMPETITOR,Bintang 3,HolidayInnExpressJakartaWahidhasyim,positive,0.9440904259681702,Staff Conduct & Hospitality,Staff Conduct & Hospitality (0.91); Service Quality (0.90); Guest Experience (0.84)
Yetty Suhesty Gaib,2020,5,pelayanan ramah makanan untuk sarapan,KOMPETITOR,Bintang 3,HolidayInnExpressJakartaWahidhasyim,positive,0.9985036849975586,Guest Experience,Guest Experience (0.98); Service Quality (0.97); Staff Conduct & Hospitality (0.93)
candra kirana,2019,5,trmpatnya nyaman ditengah hiruk pikuk kendaraan dijakarta,KOMPETITOR,Bintang 3,HolidayInnExpressJakartaWahidhasyim,positive,0.999010443687439,Room Quality & Comfort,Room Quality & Comfort (0.81); Facilities & Amenities (0.73); Sustainability & Environmental Quality (0.52)
Coco Jacobson,2019,4,nyaman dekat sama tempat makan,KOMPETITOR,Bintang 3,HolidayInnExpressJakartaWahidhasyim,positive,0.9988853335380554,Food & Beverage,Food & Beverage (0.97); Facilities & Amenities (0.96); Sustainability & Environmental Quality (0.87)
zaldy ale,2023,5,Staff dan keamanan nya ramah dan sangat membantu,KOMPETITOR,Bintang 3,HolidayInnExpressJakartaWahidhasyim,positive,0.9985363483428955,Safety & Security,Safety & Security (1.00); Staff Conduct & Hospitality (0.99); Service Efficiency & Responsiveness (0.97)
Rilyadi Satar,2020,5,lokasi strategis bersih pelayanan mantab,KOMPETITOR,Bintang 3,HolidayInnExpressJakartaWahidhasyim,positive,0.9994520545005798,Service Quality,"Service Quality (0.99); Cleanliness, Hygiene & Maintenance (0.98); Guest Experience (0.96)"
Fatihatul Aqilah,2019,3,Hotel ini tidak nyaman,KOMPETITOR,Bintang 3,HolidayInnExpressJakartaWahidhasyim,negative,0.9993189573287964,Guest Experience,Guest Experience (0.91); Facilities & Amenities (0.85); Sustainability & Environmental Quality (0.77)
dynara bilqis,2025,5,dipusat kota dan nyaman,KOMPETITOR,Bintang 3,HolidayInnExpressJakartaWahidhasyim,positive,0.9994637370109558,Facilities & Amenities,"Facilities & Amenities (0.97); Room Quality & Comfort (0.96); Cleanliness, Hygiene & Maintenance (0.89)"
Hardhy Suhardi,2020,5,bagus semua layananenya sangat membantu,KOMPETITOR,Bintang 3,HolidayInnExpressJakartaWahidhasyim,positive,0.9983204007148743,Service Quality,Service Quality (1.00); Facilities & Amenities (0.99); Service Efficiency & Responsiveness (0.97)
Farhatun Fauziyyah,2021,4,lokasi strategis,KOMPETITOR,Bintang 3,HolidayInnExpressJakartaWahidhasyim,positive,0.9988529682159424,Facilities & Amenities,Facilities & Amenities (0.91); Sustainability & Environmental Quality (0.85); Safety & Security (0.75)
aloysius yudo,2019,4,hotel yang nyaman di tengah kota jakarta,KOMPETITOR,Bintang 3,HolidayInnExpressJakartaWahidhasyim,positive,0.9983392953872681,Service Quality,"Service Quality (0.86); Facilities & Amenities (0.82); Cleanliness, Hygiene & Maintenance (0.81)"
Adi Patria,2024,4,kamar kecil,KOMPETITOR,Bintang 3,HolidayInnExpressJakartaWahidhasyim,positive,0.9416879415512085,Guest Experience,"Guest Experience (0.90); Cleanliness, Hygiene & Maintenance (0.89); Facilities & Amenities (0.81)"
adam debrianto,2024,5,terima kasih buat bapak soleh atas profesionalismenya,KOMPETITOR,Bintang 3,HolidayInnExpressJakartaWahidhasyim,positive,0.9973184466362,Service Quality,"Service Quality (0.99); Loyalty, Recommendation & Appreciation (0.93); Religious & Halal Features (0.81)"
faisal setiawan,2020,4,Hotel strategis dekat Sarinah Plaza,KOMPETITOR,Bintang 3,HolidayInnExpressJakartaWahidhasyim,positive,0.9994341731071472,Sustainability & Environmental Quality,"Sustainability & Environmental Quality (0.88); Cleanliness, Hygiene & Maintenance (0.82); Facilities & Amenities (0.80)"
Dedi Kurnia,2022,4,kamar nyaman dan dekat dari perkantoran,KOMPETITOR,Bintang 3,HolidayInnExpressJakartaWahidhasyim,positive,0.9990673661231995,Room Quality & Comfort,Room Quality & Comfort (0.99); Facilities & Amenities (0.97); Guest Experience (0.91)
Hazelgolvinar “Hazelgolvinar” golvinar,2025,5,Sangat cocok untuk bersantai,KOMPETITOR,Bintang 3,HolidayInnExpressJakartaWahidhasyim,positive,0.997310996055603,Facilities & Amenities,Facilities & Amenities (0.83); Family & Group Friendly (0.75); Food & Beverage (0.58)
Dheaz Anugrah Bakhtiar,2020,5,fasilitas lengkap melihatya lumayan,KOMPETITOR,Bintang 3,HolidayInnExpressJakartaWahidhasyim,positive,0.9896524548530579,Facilities & Amenities,"Facilities & Amenities (0.85); Service Quality (0.76); Cleanliness, Hygiene & Maintenance (0.47)"
Hildakhoirun Niswa,2025,5,parkiran sempit,KOMPETITOR,Bintang 3,HolidayInnExpressJakartaWahidhasyim,negative,0.7981135249137878,Facilities & Amenities,"Facilities & Amenities (0.94); Location, Accessibility & Parking (0.85); Sustainability & Environmental Quality (0.60)"
rochmat hadi,2025,5,menginap di sini lokasi strategis,KOMPETITOR,Bintang 3,HolidayInnExpressJakartaWahidhasyim,positive,0.9988119602203369,Facilities & Amenities,Facilities & Amenities (0.96); Safety & Security (0.92); Guest Experience (0.90)
Tri W gmail,2019,4,nyaman saat berbuka bersama keluarga,KOMPETITOR,Bintang 3,HolidayInnExpressJakartaWahidhasyim,positive,0.9992349147796631,Family & Group Friendly,Family & Group Friendly (0.99); Food & Beverage (0.94); Cultural & Heritage Experience (0.82)
solihin mulyono,2023,5,bersih dan strategis di jantung ibukota,KOMPETITOR,Bintang 3,HolidayInnExpressJakartaWahidhasyim,positive,0.9987336993217468,"Cleanliness, Hygiene & Maintenance","Cleanliness, Hygiene & Maintenance (0.98); Sustainability & Environmental Quality (0.96); Service Quality (0.95)"
Rendi Andika,2019,4,Mantab kekurangannya hanya tempat parkir,KOMPETITOR,Bintang 3,HolidayInnExpressJakartaWahidhasyim,negative,0.7434354424476624,"Location, Accessibility & Parking","Location, Accessibility & Parking (0.01); Pricing & Value for Money (0.01); Management & Policy Issues (0.01)"
Makky H,2021,4,kamar nya nyaman,KOMPETITOR,Bintang 3,HolidayInnExpressJakartaWahidhasyim,positive,0.9992881417274475,Room Quality & Comfort,"Room Quality & Comfort (1.00); Guest Experience (0.98); Cleanliness, Hygiene & Maintenance (0.97)"
Panji Purwoatmojo,2019,5,bersih dan nyaman motor parkir gratis,KOMPETITOR,Bintang 3,HolidayInnExpressJakartaWahidhasyim,positive,0.998504638671875,"Cleanliness, Hygiene & Maintenance","Cleanliness, Hygiene & Maintenance (0.97); Facilities & Amenities (0.97); Service Quality (0.96)"
Tarsono Sono,2025,5,nyaman dan bersih,KOMPETITOR,Bintang 3,HolidayInnExpressJakartaWahidhasyim,positive,0.99916672706604,"Cleanliness, Hygiene & Maintenance","Cleanliness, Hygiene & Maintenance (0.98); Room Quality & Comfort (0.93); Service Quality (0.91)"
akbar mulyana,2021,5,nyam sich hotelnya,KOMPETITOR,Bintang 3,HolidayInnExpressJakartaWahidhasyim,negative,0.9919147491455078,Facilities & Amenities,Facilities & Amenities (0.91); Guest Experience (0.78); Pricing & Value for Money (0.77)
Fajri Tika,2020,5,tempat dan pelayanan keren dan memuaskan,KOMPETITOR,Bintang 3,HolidayInnExpressJakartaWahidhasyim,positive,0.998994767665863,Facilities & Amenities,Facilities & Amenities (1.00); Service Quality (1.00); Room Quality & Comfort (0.99)
Husni Malik,2019,5,Hotelnya bagus sekali,KOMPETITOR,Bintang 3,HolidayInnExpressJakartaWahidhasyim,positive,0.9990285634994507,Service Quality,Service Quality (0.99); Facilities & Amenities (0.97); Ambience & Design (0.93)
Dwi Nufus,2021,5,nayaman bersih harga terjangkau,KOMPETITOR,Bintang 3,HolidayInnExpressJakartaWahidhasyim,positive,0.9993450045585632,Pricing & Value for Money,"Pricing & Value for Money (0.93); Sustainability & Environmental Quality (0.91); Cleanliness, Hygiene & Maintenance (0.87)"
Yurmita Herwanti,2020,5,nyaman banget tempatnya,KOMPETITOR,Bintang 3,HolidayInnExpressJakartaWahidhasyim,positive,0.9988425970077515,Room Quality & Comfort,Room Quality & Comfort (0.98); Facilities & Amenities (0.95); Sustainability & Environmental Quality (0.83)
Ajeng Indria,2024,4,kamar bersih akses dekat,KOMPETITOR,Bintang 3,HolidayInnExpressJakartaWahidhasyim,positive,0.9991162419319153,Service Quality,"Service Quality (0.98); Cleanliness, Hygiene & Maintenance (0.94); Room Quality & Comfort (0.93)"
Cucu Firmansyah,2022,5,bagus kamarnya,KOMPETITOR,Bintang 3,HolidayInnExpressJakartaWahidhasyim,positive,0.9986072182655334,Room Quality & Comfort,Room Quality & Comfort (1.00); Guest Experience (0.98); Facilities & Amenities (0.98)
Tri Efendi,2018,3,Sayang sarapannya kurang sedap,KOMPETITOR,Bintang 3,HolidayInnExpressJakartaWahidhasyim,positive,0.532884955406189,Food & Beverage,Food & Beverage (0.90); Pricing & Value for Money (0.62); Sustainability & Environmental Quality (0.62)
long offies cenell Yanto,2021,5,mantap yaman pelayan untuk berduaan,KOMPETITOR,Bintang 3,HolidayInnExpressJakartaWahidhasyim,positive,0.9991182684898376,Guest Experience,Guest Experience (1.00); Staff Conduct & Hospitality (0.99); Religious & Halal Features (0.99)
Adis C Ashari,2025,5,dekat dari pusat kota,KOMPETITOR,Bintang 3,HolidayInnExpressJakartaWahidhasyim,positive,0.9993715882301331,Facilities & Amenities,"Facilities & Amenities (0.95); Cleanliness, Hygiene & Maintenance (0.94); Sustainability & Environmental Quality (0.86)"
Noera Ra,2020,5,sarapannya enak t4 nyaman,KOMPETITOR,Bintang 3,HolidayInnExpressJakartaWahidhasyim,positive,0.9994314312934875,Food & Beverage,Food & Beverage (0.96); Family & Group Friendly (0.94); Service Quality (0.89)
fauzi ahmad,2019,4,bagus bersih modern minimalis wifi gratis,KOMPETITOR,Bintang 3,HolidayInnExpressJakartaWahidhasyim,positive,0.9992687106132507,"Cleanliness, Hygiene & Maintenance","Cleanliness, Hygiene & Maintenance (0.98); Facilities & Amenities (0.94); Service Quality (0.93)"
Darlis Idrus,2023,5,pelayanan dan kualitas sesuai harga ramah ramah,KOMPETITOR,Bintang 3,HolidayInnExpressJakartaWahidhasyim,positive,0.9992307424545288,Pricing & Value for Money,"Pricing & Value for Money (0.99); Service Quality (0.99); Cleanliness, Hygiene & Maintenance (0.98)"
Mul Yadi,2022,5,hotel paling ramai di kunjungi,KOMPETITOR,Bintang 3,HolidayInnExpressJakartaWahidhasyim,positive,0.9649105668067932,Sustainability & Environmental Quality,Sustainability & Environmental Quality (0.60); Booking & Reservation Experience (0.60); Guest Experience (0.59)
Arif Rahman,2023,5,bagus banget,KOMPETITOR,Bintang 3,HolidayInnExpressJakartaWahidhasyim,positive,0.998884379863739,Facilities & Amenities,"Facilities & Amenities (0.84); Cleanliness, Hygiene & Maintenance (0.84); Sustainability & Environmental Quality (0.81)"
Yoseph Syah Layono,2025,5,mantap,KOMPETITOR,Bintang 3,HolidayInnExpressJakartaWahidhasyim,positive,0.9991816878318787,"Cleanliness, Hygiene & Maintenance","Cleanliness, Hygiene & Maintenance (0.93); Facilities & Amenities (0.89); Sustainability & Environmental Quality (0.75)"
Haris,2018,3,Rekomendasi tapi relatif mahal jika dilihat sekelasnya,KOMPETITOR,Bintang 3,HolidayInnExpressJakartaWahidhasyim,positive,0.7447537779808044,Pricing & Value for Money,Pricing & Value for Money (0.82); Facilities & Amenities (0.55); Sustainability & Environmental Quality (0.51)
arif abdillah,2021,4,sangat bagus pelayanan oke,KOMPETITOR,Bintang 3,HolidayInnExpressJakartaWahidhasyim,positive,0.99906986951828,Service Quality,Service Quality (1.00); Guest Experience (0.99); Facilities & Amenities (0.95)
Musyafa,2020,5,tempat strategis di kota jakarta,KOMPETITOR,Bintang 3,HolidayInnExpressJakartaWahidhasyim,positive,0.9990432858467102,Facilities & Amenities,Facilities & Amenities (0.84); Sustainability & Environmental Quality (0.80); Safety & Security (0.72)
Arief Indrawijoyo,2023,5,dekat dengan kantor pusat pusat perbelanjaan,KOMPETITOR,Bintang 3,HolidayInnExpressJakartaWahidhasyim,positive,0.9988552331924438,Facilities & Amenities,Facilities & Amenities (0.91); Sustainability & Environmental Quality (0.88); Service Efficiency & Responsiveness (0.87)
Ruzi Kan,2022,5,oke banget,KOMPETITOR,Bintang 3,HolidayInnExpressJakartaWahidhasyim,positive,0.9906098246574402,"Cleanliness, Hygiene & Maintenance","Cleanliness, Hygiene & Maintenance (0.86); Sustainability & Environmental Quality (0.77); Facilities & Amenities (0.73)"
Demi Tuhepaly,2020,4,bagus hotelnya,KOMPETITOR,Bintang 3,HolidayInnExpressJakartaWahidhasyim,positive,0.9990455508232117,Service Quality,Service Quality (0.99); Facilities & Amenities (0.97); Room Quality & Comfort (0.91)
Elly Rachmawati,2019,5,pelayanan memuaskan dan para pegawainya ramah dan baik,KOMPETITOR,Bintang 3,HolidayInnExpressJakartaWahidhasyim,positive,0.9990617632865906,Service Quality,Service Quality (1.00); Staff Conduct & Hospitality (1.00); Service Efficiency & Responsiveness (0.99)
Majid Gantenglah,2022,5,Oke lah,KOMPETITOR,Bintang 3,HolidayInnExpressJakartaWahidhasyim,positive,0.7735949158668518,"Cleanliness, Hygiene & Maintenance","Cleanliness, Hygiene & Maintenance (0.81); Sustainability & Environmental Quality (0.70); Facilities & Amenities (0.68)"
Khairil Anwar,2019,4,bagus hotelnya,KOMPETITOR,Bintang 3,HolidayInnExpressJakartaWahidhasyim,positive,0.9990455508232117,Service Quality,Service Quality (0.99); Facilities & Amenities (0.97); Room Quality & Comfort (0.91)
Harviyaddin Harviyaddin,2022,4,hotel nyaman dekat kantor,KOMPETITOR,Bintang 3,HolidayInnExpressJakartaWahidhasyim,positive,0.9993067979812622,Service Quality,Service Quality (0.92); Facilities & Amenities (0.92); Room Quality & Comfort (0.88)
Akbar Gusta Felani,2018,5,tempat yang nyaman pelayanan istimewa,KOMPETITOR,Bintang 3,HolidayInnExpressJakartaWahidhasyim,positive,0.9992842078208923,Room Quality & Comfort,Room Quality & Comfort (0.98); Guest Experience (0.98); Service Quality (0.98)
Daniel Eko Rahardjo,2018,4,hotelnya bagus,KOMPETITOR,Bintang 3,HolidayInnExpressJakartaWahidhasyim,positive,0.9991342425346375,Service Quality,Service Quality (0.99); Facilities & Amenities (0.96); Sustainability & Environmental Quality (0.92)
Angelina Watang,2026,1,untuk harga 1jt buat hotel ini kurang berbaloi dari ketepatan waktu masuk kamar saja kan jam 14 00 tapi kamar baru siap dijam 14 20 telat banget hitungannya dan tidak ada komensasi gtu seharusnya tepat waktu klo gk siap dan g bisa tepat waktu seharusnya jangan langsung masuk di perjalanan biar bisa cust bisa cri hotel lain buat istirahat ac kamarnya juga tidak dingin ya tpi gk panas juga sedang lah dan pertama kali klo hotel gk dikasi sandal dikamarnya entah kelupaan apa gmna housekeeping nya tp sandal hotel g ada jdi enak banget nginjak lantainya sabun mandi di WC,KOMPETITOR,Bintang 3,HolidayInnExpressJakartaWahidhasyim,negative,0.9868478178977966,Pricing & Value for Money,Pricing & Value for Money (0.86); Facilities & Amenities (0.52); Service Quality (0.41)
Annisa Yuli,2025,1,kamar kaya sauna ac mati exhause mati mending tidur di depan kamar lebih adem sudah telp bilang nya mau di cek sampai kami cek keluar saya masih komplain bilangnya akan di cek,KOMPETITOR,Bintang 3,HolidayInnExpressJakartaWahidhasyim,negative,0.9003992080688477,Facilities & Amenities,Facilities & Amenities (0.78); Check in/out Experience (0.72); Room Quality & Comfort (0.55)
Khusnul K,2025,1,pengering rambut di kamar rusak gakbisa dibenerin dan gakada pengering rambut portabel gimana sih emg tidak diketuk berkala ya,KOMPETITOR,Bintang 3,HolidayInnExpressJakartaWahidhasyim,negative,0.9959755539894104,Facilities & Amenities,Facilities & Amenities (0.67); Service Quality (0.59); Management & Policy Issues (0.43)
Eky Muriza,2025,1,Berapa kali menginap di sini 1x dikasih kamar merokok padahal sudah jelas reservasi tidak merokok 1x dikasih kamar bocor dan dijanjikan kompensasi 1 malam tapi ternyata tidak ada,KOMPETITOR,Bintang 3,HolidayInnExpressJakartaWahidhasyim,negative,0.9971184730529785,Booking & Reservation Experience,Booking & Reservation Experience (0.81); Guest Experience (0.77); Pricing & Value for Money (0.62)
Meita Abigail,2025,1,Dari segi lokasi memang sangat bagus karena dekat dengan transportasi umum dan tempat makan masalahnya adalah parkir yang kurang terorganisir setelah check out kami harus menunggu lama agar bisa keluar dari hotel karena kebetulan bisa parkir di dalam sedangkan pihak keamanan tidak tahu menahu tentang mobil yang parkir paralel di depan mobil kami ini sebenarnya masalah dasar yang seharusnya dapat diatur dengan baik oleh pihak hotel kami terus terang sangat kecewa sampai saat ini ulasan ini dibuat kami masih di lobi karena mobil tidak bisa keluar,KOMPETITOR,Bintang 3,HolidayInnExpressJakartaWahidhasyim,negative,0.9986833930015564,"Location, Accessibility & Parking","Location, Accessibility & Parking (0.99); Check in/out Experience (0.73); Guest Experience (0.69)"
Cicilia Desiani,2025,1,pengalaman yang tidak menyenangkan saya beberapa kali ke jakarta memilih liburan hotel express karena kamar yang bersih baru kali ini memilih di liburan hotel wahid hasyim karena dekat lokasi acara kantor saya memesan kamar standar non merokok melalui agen dan sudah ternote di resepsi hotel bahwa saya meminta non merokok berhubung acara kantor sampai malam maka saya terlambat memeriksa masuk pk 20 30 sangat mengecewakan catatan non merokok tidak dihiraukan hotel dan saya diberi kamar merokok bahkan lantai merokok dengan alasan tidak ada kamar saya terima karena sudah malam saya tidak ada opsi lain hotel yang menjanjikan perawatan kamar ozon untuk menghilangkan bau rokok tapi percuma tidak nge,KOMPETITOR,Bintang 3,HolidayInnExpressJakartaWahidhasyim,negative,0.9973710775375366,Service Quality,Service Quality (0.10); Check in/out Experience (0.04); Booking & Reservation Experience (0.03)
funny joker,2025,1,Jangan pernah mau kalau dikasih kamar d lt 1 kamar merokok bau menyengat sampai bersembunyi perih mata perih tidur sehari bisa kena kanker padahal saya perokok tapi tetap tidak kuat minta ganti kamar bilangnya penuh ditreatment juga percuma,KOMPETITOR,Bintang 3,HolidayInnExpressJakartaWahidhasyim,negative,0.9992753863334656,Pricing & Value for Money,Pricing & Value for Money (0.76); Guest Experience (0.52); Management & Policy Issues (0.49)
Fiona Citra Dewi,2024,1,Dari cek masuk sudah kotor semua meja dan cermin tidak ada yang dibersihin trs ada binatang di meja besok pagi nya sudah mengeluh ke resepsionis sblm pergi tapi waktu kembali hotel ttp tidak dibersihin yang diberesin bnr2 cuma ranjang doang ganti keset sama tangan udah dan parahnya ada tisu kotor dan botol kosong pun tidak dibuang tidak akan kembali lg terima kasih,KOMPETITOR,Bintang 3,HolidayInnExpressJakartaWahidhasyim,negative,0.9992844462394714,Check in/out Experience,Check in/out Experience (0.92); Guest Experience (0.73); Facilities & Amenities (0.69)
Yoga Kusuma Barata,2024,1,Tidak pernah menginap di sini lokasi hotelnya di pinggir jalan sangat strategis tetapi parkir kendaraannya sangat terbatas tidak jarang kendaraan tamu hotel tersebut parkir di pejalan kaki sehingga sangat mengganggu pejalan kaki bahkan kendaraan mobil tamu taksi online juga sering parkir di bahu jalan menyebabkan kemacetan,KOMPETITOR,Bintang 3,HolidayInnExpressJakartaWahidhasyim,negative,0.9682137966156006,"Location, Accessibility & Parking","Location, Accessibility & Parking (0.96); Facilities & Amenities (0.72); Sustainability & Environmental Quality (0.57)"
Abdul Muhaimin,2025,1,Tidak tersedia non-bersain kamar dengan alasan kamar penuh setelah cek di platform perjalanan kamar masih tersedia gratis buku dan permintaan di awal saat checkin,KOMPETITOR,Bintang 3,HolidayInnExpressJakartaWahidhasyim,neutral,0.6545236706733704,Facilities & Amenities,Facilities & Amenities (0.80); Booking & Reservation Experience (0.79); Check in/out Experience (0.73)
filiya klh,2024,1,saya sangat kecewa dengan hotel ini saya pesan kamar dengan permintaan khusus non-rokok kamar tapi saya dikasih kamar merokok kamar dengan alasan semua kamar felksibel jadi buat apa membuat pilihan permintaan khusus jika semua kamar fleksibel setau saya kamar non-rokok benar benar tidak bisa digabung dengan yang merokok jadi tolong diutamakan pesanan orang yang jelas sudah pesan dan sudah membayar duluan saya sangat terganggu dengan asap rokok di kamar apalagi saya alergi dan itu membuat sesak nafas dan sangat mengganggu sampai sulit tidur penuh dan dari beberapa review yang saya baca ternyata banyak yang mengalami hal serupa dengan saya non-rokok kamar,KOMPETITOR,Bintang 3,HolidayInnExpressJakartaWahidhasyim,negative,0.9992513060569763,Booking & Reservation Experience,Booking & Reservation Experience (0.84); Personalized & Special Services (0.79); Guest Experience (0.77)
Yoga Pria Utama,2023,1,saya menginap dua malam di hotel ini di kamar 0220 hari pertama pelayanan makanan pada saat sarapan oke namun masuk ke malem kedua pelayanannya sangat buruk 1 hotel ini parkirannya sangat sempit tapi hotel ini tidak menyediakan petugas vallet sehingga tamu sendiri yang harus menandai kendaraannya ke parkir umum yang bekerja sama dengan hotel 2 keamanan tidak ramah ketika saya salah posisi parkir keamanan datang dengan nada tinggi menghimbau saya untuk parkir di parkir umum menurut saya cara menyampaikan nya tidak sopan 3 dari hari pertama saya memeriksa masuk saya minta kartu kamar dua buah dan ternyata pada saat saya kembali dari aktivitas saya yang nempel di kamar sudah dica dica,KOMPETITOR,Bintang 3,HolidayInnExpressJakartaWahidhasyim,negative,0.9979410767555237,"Location, Accessibility & Parking","Location, Accessibility & Parking (0.97); Guest Experience (0.91); Safety & Security (0.88)"
Sara Sara,2023,1,super worst saya tinggal dari Tgl 2 5 sept 2022 malam ke 1 kunci kamar tidak bisa digunakan dan awal nya disuru turun ke lobi buat memperbaiki hari kedua terjadi lagi dan saya komplain ke resepsi dan saya tegur tekniknya ketika di tegur saya di tegur kembali tolong ibu jika mau ngomel ke resepsi saja mrk yang urus bukan saya oh yang terburuk saya seharusnya apapun status anda di hotel tetap membawa nama liburan di inn sabtu siang terjadi kartu kamar tidak aktif dan malam saya memutuskan untuk memeriksa keluar supaya tidak makan dengan pelayanan staf liburan inn dan saat saya mengingatkan kasusnya mrk hhya jawab akan kami sampaikan,KOMPETITOR,Bintang 3,HolidayInnExpressJakartaWahidhasyim,negative,0.9991949200630188,Complaint Handling & Service Recovery,Complaint Handling & Service Recovery (0.99); Guest Experience (0.95); Check in/out Experience (0.93)
Football Viral,2024,1,Maaf saya kasih bintang 1 semua sebenarnya secara pelayanan dan kamar sangat sangat oke tapi sayang saya benci dengan praktek pungli oleh satpam terhadap taksi bahkan saya dapat cerita dari supir taksi bahwa mereka di patok 20rb untuk ke bandara menurut saya amat amat merugikan saya kasih gambaran dari sopir jika sopir bisa argo 180rb ke bandara mereka hanya dapat 40 dari argo tsb yaitu 72rb diambil 20rb sama satpam trus sisa 52rb berapa bensin dari sana ke bandara apa tidak ada sisa sedikit buat sopir klo dibiasakan akan sangat amat merugikan sopir mohon di tegur untuk,KOMPETITOR,Bintang 3,HolidayInnExpressJakartaWahidhasyim,negative,0.9986656904220581,Facilities & Amenities,Facilities & Amenities (0.99); Service Quality (0.97); Room Quality & Comfort (0.93)
Heri S,2018,1,hotel terburuk yang pernah kami tempati pertama kami cek masuk saya diberikan kamar yang wastafel nya mampet saya tidak yakin hotel yang katanya berbintang tidak bisa mengendalikan kondisi kamar beberapa saat setelah cek masuk saya telepon resepsi dari kamar apakah ada pelayanan untuk antar makanan ke kamar karena istri saya tiba tiba sakit staf bilang tidak bisa karena tidak ada staf akhirnya saya harus memesan online yang juga akhirnya menunggu lama akhirnya kami harus dipindahkan ke kamar lain karena wastafelnya tidak bisa diperbaiki hari berikutnya kami kembali ke hotel siang hari setelah selesai acara di luar kami istirahat sekitar 1 jam 5 dan kemudian alarm berbunyi kebakaran berbunyi,KOMPETITOR,Bintang 3,HolidayInnExpressJakartaWahidhasyim,negative,0.9975766539573669,Check in/out Experience,Check in/out Experience (0.89); Booking & Reservation Experience (0.84); Guest Experience (0.79)
Wahdi Hafizy,2017,1,pengalaman datang waktu hujan lebat disambut servis yang sangat tidak menyenangkan dari keamanan kami disuruh parkir yang membuat kami berbasah basahan masuk ke hotel barang juga tidak ada yang bantu mengangkat dari mobil ke lobi padahal kondisi hujan lebat kemudian kami dilarang parkir di tempat teduh dan diarahkan parkir paralel di tengah hujan yang lebat kamar juga biasa saja meskipun hotel baru tidak terlalu bagus mohon pihak manajemen meningkatkan pelayanan jangan karena hotel anggaran kepuasan pelanggan dikorbankan juga saat hujan lebat tolong beri diskres terkait parkir mobil yang membuat pelanggan nyaman bagi saya hotel ini tidak direkomendasikan,KOMPETITOR,Bintang 3,HolidayInnExpressJakartaWahidhasyim,negative,0.9980248212814331,Guest Experience,"Guest Experience (0.99); Location, Accessibility & Parking (0.99); Check in/out Experience (0.98)"
Bagus Rama,2023,1,berniat menginap namun menjadi mimpi buruk keluarga kamar tidak dingin ac sangat berisik mengganggu saat sedang tidur pemeliharaan sangat lambat datang tidak pelayanan bel boy jadi semua koper angkat sendiri dari mobil hingga kamar sungguh pengalaman terburuk untuk hotel sekelas holiday inn,KOMPETITOR,Bintang 3,HolidayInnExpressJakartaWahidhasyim,negative,0.9992498755455017,Guest Experience,Guest Experience (0.86); Facilities & Amenities (0.86); Management & Policy Issues (0.69)
Henry Prasetyo,2023,1,sangat buruk pengalaman sebagai anggota elit ihg saya kecewa berat sama fasilitas hotel saya menginap di kamar 926 sejak pagi pk 08 30 sampai saya menulis pesan ini pk 15 30 tanggal 1 Januari 2023 udara di kamar mandi mati total respon hotel hanya minta maaf saja tanpa kasih info nya udara sudah mulai normal di lantai bawah saya minta hotel untuk bisa memberikan kamar di lantai bawah mata-mata saya dan keluarga saya bisa numpang mandi hotel berikan pinjam kamar di kamar 103 namun nyata nya sama saja udara di kamar mandi juga tidak keluar sangat buruk pengalaman untuk tidak kembali ke hotel ini ihg pusat akan saya hubungi mengenai hal ini,KOMPETITOR,Bintang 3,HolidayInnExpressJakartaWahidhasyim,negative,0.9994508624076843,Guest Experience,Guest Experience (0.75); Facilities & Amenities (0.75); Check in/out Experience (0.52)
Kevin,2024,1,iphone ibu saya ketinggalan di kamar saat checkout saat kembali sudah tidak ada tidak ada yang mengaku bilangnya belum ada yang beberes tapi posisi kabel sudah pindah tidak di tempat seharusnya minta di buka cctv susah tiba2 ada yang nganterin hp nya bilang di ambil ob tapi belum sempet di kasih kan ke pihak hotel tidak mungkin banget jika tidak niat nyolong hp nya di matiin karena iphone jika di chas otomatis nyala pihak hotel seharusnya memihak konsumen dan jujur jangan di tutup tutupi di seleksi lagi pegawainya tolong jangan sampai mencoreng nama hotel,KOMPETITOR,Bintang 3,HolidayInnExpressJakartaWahidhasyim,negative,0.9959841966629028,Safety & Security,Safety & Security (0.79); Check in/out Experience (0.77); Guest Experience (0.74)
Syah Hasyim Jenie,2024,1,Pelayanan payah proses cek masuk lama banget sudah sampai jam setengah 4 belum bisa cek saat ditanyain kamar baru mulai proses bersihkan belum ada yang bisa bersihin kamarnya,KOMPETITOR,Bintang 3,HolidayInnExpressJakartaWahidhasyim,negative,0.9992358684539795,Service Quality,Service Quality (0.78); Check in/out Experience (0.61); Guest Experience (0.58)
Amsi Puri Dirgantari,2023,1,kamar bau asap rokok sudah mengeluh tapi tidak bisa pindah kamar dan hanya dikasih pengharum ruangan semprotan kecewa berat saya semalaman menghirup asap rokok padahal saya bawa balita juga paginya malah makin parah bau asap rokoknya,KOMPETITOR,Bintang 3,HolidayInnExpressJakartaWahidhasyim,negative,0.999427080154419,Guest Experience,Guest Experience (0.66); Pricing & Value for Money (0.54); Check in/out Experience (0.53)
Daniel Tok,2022,1,Satgas covidnya terlalu pintar orang d paksa makan2an dari hotel yang jelas2 rasanya kurang dan kurang nutrisi memperbaiki beli di luar tetapi d ijinkan peraturan sih peraturan tapi di mana tanggung jawabnya kalau sampai kelaperan karena menu makanan d hotel tidak cocok pelayanannya pun sangat buruk pertama dan terakhir menginap d sni,KOMPETITOR,Bintang 3,HolidayInnExpressJakartaWahidhasyim,negative,0.9990729093551636,Management & Policy Issues,Management & Policy Issues (0.87); Guest Experience (0.59); Pricing & Value for Money (0.49)
dwi P Prasetyo,2025,1,Tidak ada sepatu bersinar kit dan tidak ada baju sendiri tidak sesuai dengan deskripsi diawal waktu telepon resepsi hotel tidak ada,KOMPETITOR,Bintang 3,HolidayInnExpressJakartaWahidhasyim,negative,0.9971609115600586,Facilities & Amenities,Facilities & Amenities (0.79); Guest Experience (0.46); Pricing & Value for Money (0.36)
Adriani,2018,1,layanan housekeeping lamban sekali kamar sudah dtinggal dari jam 7 pagi sampai jam 2 siang belum jg diberesin pdhl sudah dipasang tanda dipintu akhirnya telepon langsung ke bagian housekeeping tapi ttp saja lama dtengnya sprei yang jelas2 keliatan banget dimata ada noda disana sini malah tidak diganti jg ambal karpet pun pengalaman tidak divakuum nampakny terlalu mementingkan bersiin kamar yang mau dijual lg drpd kamar tamu yang msh tinggal,KOMPETITOR,Bintang 3,HolidayInnExpressJakartaWahidhasyim,negative,0.9993133544921875,Guest Experience,Guest Experience (0.76); Facilities & Amenities (0.69); Check in/out Experience (0.64)
Arief Hidayatullah,2023,1,sangat kecewa hotel sekelas liburan masuk jakarta wahid hasyim tidak ada udara dari jam 10 15 sampai sekarang jam 15 45 belum juga terselesaikan kendala udara masa harus mandi dan buang air kecil harus ke loby bawah,KOMPETITOR,Bintang 3,HolidayInnExpressJakartaWahidhasyim,negative,0.9995384216308594,Facilities & Amenities,Facilities & Amenities (0.88); Check in/out Experience (0.78); Guest Experience (0.78)
Arief Hidayat,2020,1,kamar bagus semua bagus sudah gogreen jg gda botol minuman cuma sayang banget kenapa vaping dilarang masih belum masuk diakal sih ngrokok boleh tapi vaping tidak boleh,KOMPETITOR,Bintang 3,HolidayInnExpressJakartaWahidhasyim,negative,0.5437979698181152,Facilities & Amenities,Facilities & Amenities (0.94); Sustainability & Environmental Quality (0.91); Room Quality & Comfort (0.83)
Endang Kuswanda,2021,1,keamanan nya sangat tidak ramah pandang bulu tamu pakai mobil mewah di hormat sampai bungkuk giliran pakai mobil sejuta perlakuan nya sangat tidak menyenangkan mohon magement sdm supaya di brifing lagi keamanan macam ini ingat saya sama sama tamu lho,KOMPETITOR,Bintang 3,HolidayInnExpressJakartaWahidhasyim,negative,0.9994196891784668,Guest Experience,Guest Experience (0.96); Management & Policy Issues (0.82); Safety & Security (0.65)
Johan Viryana,2024,1,sudah menunggu lama cek masuk ternyata dibilang tidak ada ad kamar padahal ud ada voucher tidak ada solusi apa2 cuma disuruh hubungi pihak ke3 tidak ada usaha,KOMPETITOR,Bintang 3,HolidayInnExpressJakartaWahidhasyim,negative,0.9888434410095215,Pricing & Value for Money,Pricing & Value for Money (0.54); Management & Policy Issues (0.50); Check in/out Experience (0.42)
Tika Widianingsih,2024,1,Tidak sangat deh staf nya 0 besar banget semuanya parah Handuk dari awal datang SMA jam 8 tidak d kasih staf g ada yang mengatakan maaf atau persilahkan gt datang jam 3 belum siap semua staf tidak sopan tidak ramah bahkan stapamnya jg benar2 semuanya,KOMPETITOR,Bintang 3,HolidayInnExpressJakartaWahidhasyim,negative,0.9993218183517456,Facilities & Amenities,Facilities & Amenities (0.56); Guest Experience (0.49); Religious & Halal Features (0.40)
Yuliana Kendar Ekoriyanti,2022,1,pernah menginap di sini dan tidak buruk cuman beberapa waktu lalu cari hotel buat karantina saya cari di web dan ig disana juga ada wa nya dituliskan kalau cs 24 7 saya bertanya tentang paket karantina nya saat malam cuman dibales oleh sistem tanpa ada balasan dengan pertanyaan yang saya ajukan padahal di wa online kemudian hari esok saya wa lagi namun tidak dibuka dibalas sekali lagi dan pada waktu itu jelas2 online gatau mengapa mungkin alasan wa yang masuk jutaan jadi admin kewalahan atau gimana,KOMPETITOR,Bintang 3,HolidayInnExpressJakartaWahidhasyim,negative,0.9968731999397278,Booking & Reservation Experience,Booking & Reservation Experience (0.48); Service Quality (0.48); Guest Experience (0.48)
Sulton Adam,2025,1,Check masuk nya lama mungkin kamar nya lagi di renovasi atau di bangun baru kali ini check masuk hampir satu jam lebih,KOMPETITOR,Bintang 3,HolidayInnExpressJakartaWahidhasyim,negative,0.9933888912200928,Facilities & Amenities,Facilities & Amenities (0.78); Sustainability & Environmental Quality (0.60); Pricing & Value for Money (0.54)
Edria Hotmaida,2023,1,fasilitas parkirnya sangat buruk tidak ada parkir lembah tamu disuruh parkir lumayan jauh dari hotel sudah buruk duluan deh,KOMPETITOR,Bintang 3,HolidayInnExpressJakartaWahidhasyim,negative,0.9984619617462158,"Location, Accessibility & Parking","Location, Accessibility & Parking (0.98); Facilities & Amenities (0.79); Guest Experience (0.67)"
Ihrom Cihuhuyyy,2021,1,Hotel doang bagus resepsionistnya tidak percaya gue dikasih tips nganter kesitu dikasih 100rb malah di patok 50rb wkwkwk masih aje udeh kerja tapi begitu kalau mau bukti ini aku punya bukti cs gue telpon ngasih 100rb tapi gue di kasih 50rb doang paraah pakai gigi,KOMPETITOR,Bintang 3,HolidayInnExpressJakartaWahidhasyim,negative,0.9951960444450378,Staff Conduct & Hospitality,Staff Conduct & Hospitality (0.69); Pricing & Value for Money (0.68); Service Quality (0.65)
Bagus Wd,2024,1,waktu nuruni koper satpam tidak ada fo juga sama saja pelayanan kurang baik hakim ngomongnya motong2 mulu,KOMPETITOR,Bintang 3,HolidayInnExpressJakartaWahidhasyim,negative,0.9994170665740967,Facilities & Amenities,Facilities & Amenities (0.88); Guest Experience (0.83); Check in/out Experience (0.79)
BOIM,2024,1,gambar traveloka sama yang dapet beda cek masuk jam 4 sore suruh nunggu lama buat masuk kamar tidak disiapin dari siang,KOMPETITOR,Bintang 3,HolidayInnExpressJakartaWahidhasyim,negative,0.9876567125320435,Safety & Security,Safety & Security (0.79); Booking & Reservation Experience (0.75); Pricing & Value for Money (0.73)
Mulyana Josie,2025,1,Jam 4 datang belum ada kamar yang siap padahal sudah pesan secara online,KOMPETITOR,Bintang 3,HolidayInnExpressJakartaWahidhasyim,negative,0.9943093061447144,Booking & Reservation Experience,Booking & Reservation Experience (0.76); Service Quality (0.71); Digital Connectivity & Technology (0.70)
ilfi jandrisno,2024,1,sudah request dari aplikasi untuk lantai atas tapi bisa lantai 2 dan padahal sudah datang lebih awal untuk memeriksa masuk,KOMPETITOR,Bintang 3,HolidayInnExpressJakartaWahidhasyim,negative,0.8214821815490723,Check in/out Experience,Check in/out Experience (0.67); Booking & Reservation Experience (0.60); Service Efficiency & Responsiveness (0.55)
MyTravel Malang 4,2019,1,kotak sarapan jelek pesan abf kotak yang disiapkan nasi goreng dengan telur dadar dan kerupuk saja padahal menu abf ada di resto,KOMPETITOR,Bintang 3,HolidayInnExpressJakartaWahidhasyim,negative,0.9815295338630676,Food & Beverage,Food & Beverage (0.82); Booking & Reservation Experience (0.42); Pricing & Value for Money (0.32)
Kharisma Ramadhan,2024,1,Ini staf keamanan nya diajarin sopan santun kerja tidak ya gaada etika banget kasar banget sama pengguna jalan maki2 orang pakai kata2 kasar dan binatang,KOMPETITOR,Bintang 3,HolidayInnExpressJakartaWahidhasyim,negative,0.999377429485321,Safety & Security,Safety & Security (0.97); Management & Policy Issues (0.45); Religious & Halal Features (0.36)
Afrizal Tanjung,2022,1,staf tidak ramah saya memesan kamar merokok namun tidak diberikan tangan hanya dikasih satu buah,KOMPETITOR,Bintang 3,HolidayInnExpressJakartaWahidhasyim,negative,0.9990450739860535,Guest Experience,Guest Experience (0.95); Booking & Reservation Experience (0.91); Facilities & Amenities (0.87)
muhammadrival albana,2025,1,Keamanan Loby Songong Mentang Mentang Ke Kurir Noto 20 November jam 15 10,KOMPETITOR,Bintang 3,HolidayInnExpressJakartaWahidhasyim,negative,0.7249477505683899,Safety & Security,Safety & Security (0.99); Guest Experience (0.98); Check in/out Experience (0.85)
Firman Firdaus,2025,1,Keamanan Loby Songong ke Kurir Keamanan begitu ko diterima,KOMPETITOR,Bintang 3,HolidayInnExpressJakartaWahidhasyim,neutral,0.9012819528579712,Safety & Security,Safety & Security (0.99); Guest Experience (0.98); Service Quality (0.78)
jonathan adrian,2024,1,layanan resepsi tidak jujur dalam menyampaikan kondisi yang diminta oleh tamu,KOMPETITOR,Bintang 3,HolidayInnExpressJakartaWahidhasyim,negative,0.9901690483093262,Guest Experience,Guest Experience (0.97); Check in/out Experience (0.86); Staff Conduct & Hospitality (0.76)
k setiamihardja,2024,1,Parkiran dan petugas hotel di Seberang hotel sangat buruk,KOMPETITOR,Bintang 3,HolidayInnExpressJakartaWahidhasyim,negative,0.9993651509284973,"Location, Accessibility & Parking","Location, Accessibility & Parking (1.00); Facilities & Amenities (0.98); Guest Experience (0.94)"
Mina Warni,2022,1,Saya karantina 10 jam menuunya sangat sangat buruk sangat mengecewakan,KOMPETITOR,Bintang 3,HolidayInnExpressJakartaWahidhasyim,negative,0.9995020627975464,Food & Beverage,Food & Beverage (0.96); Check in/out Experience (0.95); Guest Experience (0.73)
Nahum Sihotang,2023,1,Pelayanan hotel nya parah sekali,KOMPETITOR,Bintang 3,HolidayInnExpressJakartaWahidhasyim,negative,0.9994999170303345,Guest Experience,Guest Experience (0.95); Service Quality (0.84); Facilities & Amenities (0.83)
eldy kurniawan,2023,1,bintang 1 untuk pelayanan mau cek masuk lama pelayanan,KOMPETITOR,Bintang 3,HolidayInnExpressJakartaWahidhasyim,neutral,0.73810875415802,Service Quality,Service Quality (0.95); Guest Experience (0.88); Check in/out Experience (0.62)
Bang De Nizar,2023,1,ac nya aduh,KOMPETITOR,Bintang 3,HolidayInnExpressJakartaWahidhasyim,negative,0.9992734789848328,Pricing & Value for Money,Pricing & Value for Money (0.53); Sustainability & Environmental Quality (0.46); Religious & Halal Features (0.44)
sukarno putro,2020,1,susah parkir kalau bawa mbl,KOMPETITOR,Bintang 3,HolidayInnExpressJakartaWahidhasyim,negative,0.9786831140518188,"Location, Accessibility & Parking","Location, Accessibility & Parking (0.84); Religious & Halal Features (0.61); Sustainability & Environmental Quality (0.56)"
Ham Res,2019,1,mahal dengan kamar yang sekecil itu,KOMPETITOR,Bintang 3,HolidayInnExpressJakartaWahidhasyim,negative,0.9955314993858337,Pricing & Value for Money,Pricing & Value for Money (0.95); Facilities & Amenities (0.88); Guest Experience (0.83)
Beny Suatmaji,2019,1,parkir mobil tidak memadai,KOMPETITOR,Bintang 3,HolidayInnExpressJakartaWahidhasyim,negative,0.9992331266403198,"Location, Accessibility & Parking","Location, Accessibility & Parking (0.83); Management & Policy Issues (0.62); Facilities & Amenities (0.60)"
belut goreng,2019,1,makanan kurang rasa,KOMPETITOR,Bintang 3,HolidayInnExpressJakartaWahidhasyim,negative,0.8594812750816345,Sustainability & Environmental Quality,Sustainability & Environmental Quality (0.79); Food & Beverage (0.60); Management & Policy Issues (0.54)
ramly sp,2023,1,kurang menyenangkan,KOMPETITOR,Bintang 3,HolidayInnExpressJakartaWahidhasyim,negative,0.9990860223770142,Pricing & Value for Money,Pricing & Value for Money (0.53); Religious & Halal Features (0.44); Management & Policy Issues (0.44)
Abenx Qubenx,2022,1,mahal,KOMPETITOR,Bintang 3,HolidayInnExpressJakartaWahidhasyim,negative,0.9983469247817993,"Cleanliness, Hygiene & Maintenance","Cleanliness, Hygiene & Maintenance (0.88); Facilities & Amenities (0.85); Pricing & Value for Money (0.84)"
Elly Bondeng,2022,1,mantap,KOMPETITOR,Bintang 3,HolidayInnExpressJakartaWahidhasyim,positive,0.9991816878318787,"Cleanliness, Hygiene & Maintenance","Cleanliness, Hygiene & Maintenance (0.93); Facilities & Amenities (0.89); Sustainability & Environmental Quality (0.74)"
Zipa Sejahtera,2022,1,kurang menyenangkan,KOMPETITOR,Bintang 3,HolidayInnExpressJakartaWahidhasyim,negative,0.9990860223770142,Pricing & Value for Money,Pricing & Value for Money (0.53); Religious & Halal Features (0.44); Management & Policy Issues (0.44)
Rudy tabuti,2020,1,Tidak bagus,KOMPETITOR,Bintang 3,HolidayInnExpressJakartaWahidhasyim,negative,0.9989835619926453,Pricing & Value for Money,Pricing & Value for Money (0.50); Food & Beverage (0.46); Management & Policy Issues (0.45)
Deepesh Jain,2025,1,mungkin hotel terburuk di lingkungan ini resepsionisnya sama sekali tidak membantu alih alih memperbaiki masalah mereka terus mencoba memindahkan kamar tanpa menyelesaikan masalah dindingnya sangat tipis Anda bisa mendengar semuanya dari kamar sebelah bahkan langkah kaki di lorong saya tidak bisa tidur semalaman karena kebisingan yang terus menerus benar benar tidak sepadan dengan harga tidak akan saya rekomendasikan tempat ini kepada siapa pun,KOMPETITOR,Bintang 3,HolidayInnExpressJakartaWahidhasyim,negative,0.9988192915916443,Guest Experience,Guest Experience (0.84); Pricing & Value for Money (0.70); Check in/out Experience (0.53)
Abdulrahman Bakraa,2025,1,pengalaman menginap terburuk yang pernah ada kamarnya berbau sangat tidak sedap seprai bantal dan selimut semuanya kotor dengan noda kuning dan hitam harus mandi dengan botol minum karena udara yang keluar berwarna tidak normal ketika saya membiarkannya memenuhi wastafel dan menguras udara semua polusi tertinggal di wastafel tidak tahan lagi kami harus segera pergi kesimpulannya itulah pengalaman menginap terburuk yang pernah kami alami 2 bintang terlalu banyak untuk hotel ini,KOMPETITOR,Bintang 3,HolidayInnExpressJakartaWahidhasyim,negative,0.9993109703063965,Guest Experience,Guest Experience (0.86); Check in/out Experience (0.48); Facilities & Amenities (0.26)
Mansour Alnafisah,2025,1,hotelnya dinilai sangat bagus tapi sayangnya hotelnya sangat buruk tidak ada layanan di resepsionis dan kamar berbau tidak sedap terutama handuknya yang sangat pengap dan bau asap rokok yang mengganggu tidur anda memesan kamar tidur raja dan malah mendapatkan kamar tunggal atau sebaliknya dengan dalih hotel penuh atau anda membayar lebih untuk mendapatkan kamar bebas rokok anda tidak tahu bahwa anda belum pernah berada di kafe yang penuh asap rokok demi tuhan anda tidak akan tidur dengan dalih bahwa yang ada hanyalah asap rokok,KOMPETITOR,Bintang 3,HolidayInnExpressJakartaWahidhasyim,negative,0.9988129138946533,Booking & Reservation Experience,Booking & Reservation Experience (0.97); Pricing & Value for Money (0.89); Facilities & Amenities (0.87)
Mohammad Caesario,2025,1,Hari ini saya check masuk ke hotel ini dan kali ini bukan pertama kalinya saya menginap di sini resepsionis bersikap diskriminasi karena saya memesan kamar melalui tiket com dan mereka tidak bisa memenuhi permintaan saya untuk mendapatkan 1 tempat tidur besar tetapi hanya dua tempat tidur jadi saya benar benar kesal kali ini dan saya berjanji tidak akan menginap di hotel ini lagi sampai ada permintaan yang pantas maaf dari manajemen atas tindakan diskriminasi yang saya lakukan terhadap tamu tetap seperti saya sebelum emosi saya meledak saya sempat bernegosiasi dengan resepsionis karena saya sebenarnya tidak keberatan membayar lebih dan upgrade ke kamar yang lebih mahal namun resepsionis saat itu tetap mela,KOMPETITOR,Bintang 3,HolidayInnExpressJakartaWahidhasyim,negative,0.9992465972900391,Check in/out Experience,Check in/out Experience (0.97); Booking & Reservation Experience (0.93); Guest Experience (0.75)
Anonymous,2025,1,Lokasinya nyaman dengan tempat makan terdekat dan akses mudah ke berbagai tempat namun kamarnya kurang terawat karpet dan kamar berbau tidak sedap tanganuk berbau bekas dan terjadi korsleting di tengah malam sarapannya juga mengecewakan,KOMPETITOR,Bintang 3,HolidayInnExpressJakartaWahidhasyim,negative,0.9883654117584229,Facilities & Amenities,Facilities & Amenities (1.00); Food & Beverage (0.90); Service Quality (0.85)
Son manthaboi,2025,1,Ini pertama kalinya saya menunggu hampir 4 jam untuk kamar saya staf meja depan tidak profesional wanita di sebelahnya seperti tipe yang tidak bisa diganggu saya sadar sebagian besar kebijakan check masuk hotel adalah pada pukul 14.00 tetapi Anda sangat tepat waktu Anda memberi saya kartu kunci tepat pada pukul 14.00 sop macam apa yang Anda ikuti saya sedang bepergian lelah setelah penerbangan dengan transportasi darat ke hotel saya perlu cepat dan berganti pakaian untuk bertemu staf kantor saya saya saya benar-benar menunggu yang mengerikan dan harus berada di sofa besar merasa lapar dan saya tidak bisa melakukan banyak selama momen menegangkan itu saya digigit beberapa parasit yang diyakini bersembunyi,KOMPETITOR,Bintang 3,HolidayInnExpressJakartaWahidhasyim,negative,0.997387707233429,Check in/out Experience,Check in/out Experience (0.96); Service Quality (0.94); Service Efficiency & Responsiveness (0.82)
prateek dugar,2025,1,Saya memesan hotel ini selama 7 malam dan ini adalah salah satu pengalaman terburuk di liburan hotel pertama saya adalah anggota ohh ketika saya memesan saya meminta tempat tidur ratu tetapi mereka memberi saya kamar kembar dan meminta uang tambahan untuk tempat tidur ratu kedua sudah dua hari dan setiap hari saya menemukan semut saya melompat di kamar saya dari sana sini sangat frustrasi berpikir dua kali sebelum memesan properti ini saya sering datang ke jakarta dan menginap di Ashley tang sari Pasifik double tree oleh hilton ini adalah pertama kalinya saya memesan liburan hotel ini dan sekarang saya telah memesan hotel ini,KOMPETITOR,Bintang 3,HolidayInnExpressJakartaWahidhasyim,negative,0.9989321827888489,Booking & Reservation Experience,Booking & Reservation Experience (0.93); Guest Experience (0.88); Check in/out Experience (0.74)
Sofia Mab,2025,1,pengalaman yang tidak menyenangkan pelayanannya buruk stafnya tidak bisa berbahasa inggris dengan baik kami memesan kamar bebas rokok tapi mereka memberi saya kamar merokok dengan bau yang tak tertahankan seseorang bisa muntah di kamar itu dan setelah keluhan kami mereka tidak ingin mengganti kamar atau mengembalikan uang kami saya tidak merekomendasikan hotel ini,KOMPETITOR,Bintang 3,HolidayInnExpressJakartaWahidhasyim,negative,0.9993085861206055,Booking & Reservation Experience,Booking & Reservation Experience (0.97); Guest Experience (0.94); Check in/out Experience (0.86)
Tracy Chu,2024,1,pengalaman menginap yang buruk kedap suara hotelnya buruk sekali saya menginap di lantai 8 di sebelah tempat ibadah dan saya bisa mendengar doa lantunan seharian kemarin siaran lantunan doa sekitar pukul 4 pagi berlangsung selama setengah jam dan hari ini saya bisa mendengarnya di ruang konferensi hotel saya mengerti ini mungkin karena keyakinan agama tetapi jika hotel memiliki kedap suara yang lebih baik hal ini tidak akan terjadi saya bangun pukul 4 pagi dan sangat sulit untuk tidur kembali saya sangat tidak merekomendasikan hotel ini kecuali Anda tidur nyenyak dan tidak keberatan dengan kebisingan,KOMPETITOR,Bintang 3,HolidayInnExpressJakartaWahidhasyim,negative,0.997590184211731,Guest Experience,Guest Experience (0.93); Religious & Halal Features (0.64); Check in/out Experience (0.61)
Annie Gwok,2025,1,Saya sudah menginap di sini berkali-kali tapi kali ini lebih mengecewakan saya tidak ingin kembali lagi waktu cek masuk pukul 14.00 tetapi saya tiba sekitar pukul 16.00 namun mereka mengatakan kamar belum siap jadi saya menunggu di lobi selama sekitar satu setengah jam setelah menunggu lebih dari satu jam ketika saya mulai lelah mereka melakukan cek masuk untuk dua tamu indonesia dalam waktu lima menit saya bertanya mengapa dan mereka mengatakan mereka adalah anggota ha saya memesan kamar rokok bebas tetapi mereka memberi saya kamar dengan pemandangan dinding besar kamar seperti penjara astaga bahkan ada serangga lucu di kamar sebelah hati jangan membuat suara di kamar mereka tahu jika Anda sedang menonton,KOMPETITOR,Bintang 3,HolidayInnExpressJakartaWahidhasyim,negative,0.9987540245056152,Check in/out Experience,Check in/out Experience (0.81); Booking & Reservation Experience (0.73); Guest Experience (0.73)
Engineer engineer,2023,1,Saya mencoba dua kamar karena baunya yang tidak sedap beberapa kamar berbau seperti jamur dan yang lainnya seperti asap rokok sarapannya lumayan mereka punya stasiun omelet tanpa mentop hanya telur mereka juga menyediakan sarapan khas indonesia secara keseluruhan ini bukan penginapan liburan yang bagus jauh dari kualitas hotel di sisi amerika saya merekomendasikan untuk mencoba hotel lain,KOMPETITOR,Bintang 3,HolidayInnExpressJakartaWahidhasyim,negative,0.9857381582260132,Facilities & Amenities,Facilities & Amenities (0.70); Service Quality (0.39); Guest Experience (0.33)
Reema M,2025,1,kalau saja bintangnya kurang dari satu saya pasti akan memberikannya saya menilai berdasarkan penilaian orang orang di pemesanan com ternyata sangat buruk begitu tiba saya duduk di lobi selama tiga jam mereka bilang kami akan mengizinkan masuk pukul 14 jam cek masuk terlambat mereka memberi saya kamar di lantai dua bau lorong dan kamar sangat menyengat sampai saya sakit kepala saya meminta mereka untuk mengganti kamar tetapi mereka menolak karena kamar tidak tersedia kebersihan kamar yang buruk Tirai kamar sangat buruk bernoda asap pemandangannya tidak ada tidak ada tangan kamar mandinya sangat buruk dan perabotannya bobrok dan tua saya memilih opsi yang sudah termasuk sarapan dan sangat meny,KOMPETITOR,Bintang 3,HolidayInnExpressJakartaWahidhasyim,negative,0.9969933032989502,Check in/out Experience,Check in/out Experience (0.98); Booking & Reservation Experience (0.97); Guest Experience (0.97)
Kurt Hakim,2024,1,saya sangat kecewa dengan pengalaman menginap saya di hotel ini saya tiba tengah malam bersama anak saya yang berusia 4 tahun dan setelah saya membayar kamar resepsionis bernama husen memberi tahu saya bahwa hanya kamar merokok yang tersisa kamar tersebut berbau sangat tidak sedap seperti asbak dan tidak cocok untuk anak seharusnya dia memberi tahu saya sebelum saya membayar bahwa tidak ada kamar lain yang tersedia sehingga saya bisa membatalkannya melalui perjalanan saya merasa dia menipu saya jika mengambil kamar tersebut dan menyalahkan perjalanan atas kesalahan tersebut saya tidak merekomendasikan hotel ini kepada siapa pun yang menghargai kebersihan dan kejujuran,KOMPETITOR,Bintang 3,HolidayInnExpressJakartaWahidhasyim,negative,0.9993470311164856,Guest Experience,Guest Experience (0.94); Check in/out Experience (0.94); Booking & Reservation Experience (0.84)
Mand Tolle,2025,1,sebagian besar kamar tidak memiliki pemandangan sama sekali hanya dinding beton resepsionisnya tidak ramah dan tersenyumnya dibuat buat lokasi hotelnya sangat buruk tidak aman untuk berjalan sendirian di sekitar hotel,KOMPETITOR,Bintang 3,HolidayInnExpressJakartaWahidhasyim,negative,0.9986541271209717,Guest Experience,Guest Experience (0.96); Facilities & Amenities (0.94); Ambience & Design (0.93)
X X,2024,1,bagaimana cara terbaik untuk menghubungi hotel ini saya sudah mencoba menelepon tetapi baik bagian reservasi maupun resepsionis tidak mengangkat telepon dalam seminggu terakhir saya sudah mengirim email empat kali tidak ada balasan selain itu semua jenis tarif di aplikasi ihg termasuk yang menggunakan poin ihg satu penghargaan tidak dapat dikembalikan ini akurat meskipun demikian saya telah melihat beberapa video youtube yang bagus dan masih tertarik untuk menginap di sana sejauh ini satu tetap berpikiran terbuka,KOMPETITOR,Bintang 3,HolidayInnExpressJakartaWahidhasyim,negative,0.6410167813301086,"Loyalty, Recommendation & Appreciation","Loyalty, Recommendation & Appreciation (0.94); Booking & Reservation Experience (0.92); Pricing & Value for Money (0.88)"
Dhika Febryna,2023,1,kamarnya bagus tapi kami tidak punya pilihan menu sarapan makanan diantar ke kamar dan kami tidak berharap banyak dengan menu yang tersedia beberapa kentang goreng 1 butir telur rebus 1 roti panggang tomat 2 sosis kecil dalam satu piring sedikit salad di sampingnya sebotol jus jambu biji kecil ukuran dan satu pisang kecil sarapan saya di rumah jauh lebih enak dari ini mohon maaf,KOMPETITOR,Bintang 3,HolidayInnExpressJakartaWahidhasyim,negative,0.9856508374214172,Facilities & Amenities,Facilities & Amenities (0.94); Food & Beverage (0.85); Service Quality (0.73)
Max,2023,1,ini hotel terburuk di jakarta saya tidak merekomendasikannya pelayanannya sangat buruk harus telepon 10 kali untuk dapat makanan jika mau cuci baju harus telepon 20 kali atau mereka mungkin tidak akan menjawab telepon sama sekali tempat tidurnya kotor perlengkapan mandi hanya untuk satu orang padahal kami bertiga termasuk seorang anak ini bukan pertama kalinya saya ke jakarta selama karantina ini hotel terburuk sangat buruk sangat buruk,KOMPETITOR,Bintang 3,HolidayInnExpressJakartaWahidhasyim,negative,0.9993324875831604,Facilities & Amenities,Facilities & Amenities (0.76); Guest Experience (0.72); Check in/out Experience (0.39)
Nur Anissa,2023,1,secara keseluruhan kamar bersih dan sarapannya lumayan meskipun porsinya terbatas tapi demi Tuhan mengapa udara harus dimatikan selama hampir satu jam selama liburan tahun baru 2023 saya membawa anak saya dan kami membutuhkan banyak udara karena kami perlu mandi dan membersihkan botol susu akibatnya itu menjadi pengalaman yang merepotkan bagi keluarga saya,KOMPETITOR,Bintang 3,HolidayInnExpressJakartaWahidhasyim,negative,0.9754241704940796,Facilities & Amenities,"Facilities & Amenities (1.00); Room Quality & Comfort (0.99); Cleanliness, Hygiene & Maintenance (0.99)"
Soul Incubator,2022,1,Saat ini hotel tersebut digunakan sebagai hotel karantina pada hari minggu tanggal 2 meskipun waktu makan siang telah lewat makanan masih belum datang saya menghubungi lobi sekitar pukul 14:30 untuk melaporkan keterlambatan tersebut namun makan siang tidak kunjung tiba dan sekitar pukul 17:30 hanya makan malam yang disajikan melewatkan makan siang saya sangat marah sehingga saya mengirim pesan kepada manajer reservasi hotel untuk mengeluh dan mereka menjawab bahwa mereka akan mengambil tindakan beberapa saat kemudian seorang karyawan anggota makanan tambahan saya mengatakan bahwa mereka akan mengantarkannya sekarang makan siang lebih lambat dari makan malam apa Anda bercanda jika mereka lupa mengantarkan makan siang setidaknya mereka,KOMPETITOR,Bintang 3,HolidayInnExpressJakartaWahidhasyim,negative,0.9985290765762329,Booking & Reservation Experience,Booking & Reservation Experience (0.90); Guest Experience (0.69); Complaint Handling & Service Recovery (0.68)
Monkey,2025,1,Mohon hindari menginap di tempat ini hotel menagih dua kali untuk pemesanan saya dan stafnya bahkan tidak membantu mereka menyuruh kami untuk mengajukan sengketa pembayaran sendiri stafnya tidak membantu,KOMPETITOR,Bintang 3,HolidayInnExpressJakartaWahidhasyim,negative,0.9979130625724792,Booking & Reservation Experience,Booking & Reservation Experience (0.98); Pricing & Value for Money (0.97); Guest Experience (0.93)
Khalid Alghamdi,2025,1,saya menginap semalam sebelum berangkat dari jakarta pengalamannya luar biasa hotel ini merupakan salah satu hotel terburuk yang pernah saya pesan perabotannya tua dan kotor kamarnya sempit sarapannya tidak cocok untuk orang arab sayangnya saya memesan melalui agoda saat tiba dan memeriksa masuk mereka menolak harga agoda dan bersikeras pada harga hotel yang ternyata lebih mahal daripada harga di aplikasi saya sekali pun tidak merekomendasikan hotel ini ada banyak pilihan yang lebih baik dan lebih murah daripada hotel yang buruk ini,KOMPETITOR,Bintang 3,HolidayInnExpressJakartaWahidhasyim,negative,0.9985812902450562,Pricing & Value for Money,Pricing & Value for Money (0.75); Booking & Reservation Experience (0.46); Guest Experience (0.19)
amrft am,2025,1,Jika ada peringkat di bawah satu bintang saya akan memberikannya kepada mereka saya memesan kamar dan mereka memberi saya kamar dengan dua tempat tidur tunggal saya meminta tempat tidur ukuran raja dan mereka mengatakan itu tidak tersedia padahal saya sudah menjelaskan hal ini kepada mereka sebelum memesan pelayanan mereka sangat buruk sarapannya sangat buruk tanpa variasi dan saya sama sekali tidak merekomendasikannya,KOMPETITOR,Bintang 3,HolidayInnExpressJakartaWahidhasyim,negative,0.9987120628356934,Booking & Reservation Experience,Booking & Reservation Experience (0.96); Guest Experience (0.95); Facilities & Amenities (0.88)
이홍빈,2024,1,jujur saja ini hotel terburuk yang pernah saya tinggali kamarnya gelap sekali dan kedap suaranya kurang bagus serius kamar sebelahnya berisik sekali sampai saya hampir berkelahi saya dengar hotel asing tidak peduli dengan kebersihan atau semacamnya tapi kursi dan sepraiinya kotor sekali ck ck meskipun begini memang benar tamu tetap datang tidak perlu memberikan jawaban formal seperti akan diperbaiki atau semacamnya tapi saya toh tidak akan kembali jadi abaikan saja,KOMPETITOR,Bintang 3,HolidayInnExpressJakartaWahidhasyim,negative,0.9994283318519592,Guest Experience,Guest Experience (0.87); Check in/out Experience (0.27); Booking & Reservation Experience (0.22)
فيصل الجابري,2025,1,lokasi hotelnya bagus tapi kamarnya sangat buruk saya tinggal di lantai dua bayangkan demi tuhan bau rokok memenuhi koridor dan kamar saya meminta untuk pindah kamar dan mereka bilang Anda harus menandatangani surat bahwa Anda akan tinggal di kamar khusus perokok kedua saya meminta mereka untuk mengganti selimut dan tempat tidur penutup demi tuhan sepertinya sudah digunakan dan kotor semoga tuhan anggotakati dan pancuran kamar mandi rusak dan kondisinya sangat buruk saya menyarankan keluarga untuk tidak tinggal di sana ada pilihan lain di jalan yang sama,KOMPETITOR,Bintang 3,HolidayInnExpressJakartaWahidhasyim,negative,0.99872225522995,Facilities & Amenities,Facilities & Amenities (0.95); Guest Experience (0.54); Check in/out Experience (0.34)
IWayan Widiarsa,2023,1,kami merasa tertipu oleh hotel ini kami memesan kamar standar dengan harga di muka untuk tempat tidur ganda ratu tapi ketika kami tiba mereka memberikan tempat tidur kembar tidak ada alasan tidak ada permintaan maaf hotel yang tidak bagus sangat kecewa,KOMPETITOR,Bintang 3,HolidayInnExpressJakartaWahidhasyim,negative,0.9992945194244385,Guest Experience,Guest Experience (0.97); Booking & Reservation Experience (0.93); Pricing & Value for Money (0.85)
Alex Cheung,2023,1,Itu benar mimpi buruk saya anggota platinum elite ihg dan saya tiba bersama bayi saya yang berusia 2 tahun pukul 7 malam saya menggendong bayi saya sendirian menunggu petugas resepsi bernama aldi untuk membantu saya memeriksa masuk saat itu aldi sedang membantu pasangan lain di depan saya pelayanannya agak lambat karena saat itu bayi saya sudah melewati waktu makan dan dia sangat lapar tetapi saya mencoba menunggu aldi dengan sabar tiba petugas keamanan liburan hotel kemudian membawa seorang tamu dan petugas keamanan tersebut memberikan paspor tamu baru itu kepada aldi setelah aldi selesai melayani pasangan di depan saya aldi mengambil paspor dari petugas keamanan hotel mengabaikan saya,KOMPETITOR,Bintang 3,HolidayInnExpressJakartaWahidhasyim,negative,0.9865044951438904,Check in/out Experience,Check in/out Experience (0.98); Guest Experience (0.97); Booking & Reservation Experience (0.92)
Chris Irwanto Saputra,2023,1,area parkirnya sangat terbatas hanya 14 tempat parkir dengan ratusan kamar tidak masuk akal stafnya tidak membantu mereka hanya berkata ya hanya itu yang kami punya tanpa aksen yang ramah ini pertama kalinya dan terakhir kali saya menginap di sini,KOMPETITOR,Bintang 3,HolidayInnExpressJakartaWahidhasyim,negative,0.9511486291885376,"Location, Accessibility & Parking","Location, Accessibility & Parking (0.94); Facilities & Amenities (0.88); Guest Experience (0.85)"
Khan kashif,2024,1,biaya tambahan tersembunyi kami sudah upgrade kamar tapi sarapannya tetap tidak termasuk responsnya buruk dan informasi dari manajemen kurang tepat,KOMPETITOR,Bintang 3,HolidayInnExpressJakartaWahidhasyim,negative,0.9978567957878113,Guest Experience,Guest Experience (0.94); Facilities & Amenities (0.84); Food & Beverage (0.80)
Sayang 01,2025,1,Pelayanan resepsionis sangat buruk dengan berbagai alasan yang membuat kami menunggu cek masuk tiba 10 menit sebelum waktu cek masuk dan menunggu berjam jam pelayanannya sangat buruk tidak direkomendasikan,KOMPETITOR,Bintang 3,HolidayInnExpressJakartaWahidhasyim,negative,0.9992707371711731,Guest Experience,Guest Experience (0.97); Check in/out Experience (0.92); Service Quality (0.77)
Muhammad Aseeri,2019,1,Saya sarankan Anda untuk tidak menginap di hotel ini sungguh buruk 1 pelayanannya sangat sangat buruk begitu tiba mereka bilang layanan mandiri artinya Anda harus mengantar barang barang bawaan Anda dari mobil ke mobil 2 jika Anda meminta sesuatu dan Anda harus melupakannya karena tamu adalah hal terakhir yang mereka pikirkan 3 masih banyak hotel lain yang lebih baik dan lebih baik di luar sana jangan tertipu dengan harga yang lebih murah 4 sarapannya biasa saja atau bahkan di bawah rata rata dan semuanya makanan indonesia saya posting foto reservasi saya sehingga Anda tidak berpikir saya menjelek jelek reputasinya meskipun saya tidak menginap di sana,KOMPETITOR,Bintang 3,HolidayInnExpressJakartaWahidhasyim,negative,0.9983674883842468,Pricing & Value for Money,Pricing & Value for Money (0.92); Guest Experience (0.84); Booking & Reservation Experience (0.66)
Sri Valli Suppiah,2023,1,pembaruan pada 2 Januari 2023 masih belum ada udara saya turun dan membeli udara minum kemasan dari toko di Seberang jalan untuk menyikat gigi dan mandi saya menelepon resepsionis untuk meminta udara tidak ada yang diberikan saya diberi tahu bahwa pemeliharaan udara akan berakhir pukul 2 pagi tanggal 2 Januari 2023 sampai sekarang belum ada udara layanannya buruk,KOMPETITOR,Bintang 3,HolidayInnExpressJakartaWahidhasyim,negative,0.9992638230323792,Guest Experience,Guest Experience (0.92); Facilities & Amenities (0.92); Food & Beverage (0.90)
M for Mozarella,2025,1,ruangannya bau rokok mudah banget apa sih yang salah dengan orang yang merokok,KOMPETITOR,Bintang 3,HolidayInnExpressJakartaWahidhasyim,negative,0.9985291957855225,Facilities & Amenities,Facilities & Amenities (0.68); Ambience & Design (0.51); Guest Experience (0.45)
هشام الغامدي,2022,1,Saya memesan dan menyesalinya ketika tiba dari bandara sebelum tengah hari mereka menyuruh saya menunggu di lobi padahal saya sudah mengirimkan waktu kedatangan dan mereka bilang akan mengurusnya bahkan sarapannya pun tidak enak untuk orang arab setelah itu mereka memberi saya kamar yang sangat buruk saya hanya melihat dinding hotel di sekitarnya paman ada hotel yang sangat sangat indah di dekat sini nama ashley saya sarankan semua orang untuk menginap di sana,KOMPETITOR,Bintang 3,HolidayInnExpressJakartaWahidhasyim,negative,0.9991723299026489,Booking & Reservation Experience,Booking & Reservation Experience (0.73); Guest Experience (0.45); Ambience & Design (0.31)
Владлен Громов,2022,1,saya menginap di hotel ini selama karantina dari 24 29 Juni 2021 hotel ini terletak di pusat kota jakarta ada masjid yang relatif dekat dengan hotel sholat dilakukan 4 5 kali sehari melalui pengeras suara kebersihan kamar 1 dari skala 10 sangat kotor tempat tidurnya kotor seprai penuh lubang tirai bernoda dengan semacam saus atau saus tomat tidak jelas layanan kamar 1 dari skala 10 sebelum makan malam saya memesan pasta dengan sandwich dan setelah 1 5 jam saya menelepon resepsi untuk memeriksa pesanan saya mereka membawa makan malam saya makan dan 30 menit kemudian mereka membawa pesanan saya tetapi saya menolak karena saya sudah makan dari kemungkinan 10 saya,KOMPETITOR,Bintang 3,HolidayInnExpressJakartaWahidhasyim,negative,0.9988799691200256,Service Quality,"Service Quality (0.95); Facilities & Amenities (0.88); Cleanliness, Hygiene & Maintenance (0.80)"
annshi,2025,1,meskipun sudah memesan saya baru bisa memeriksa masuk setelah jam 5 sore dan bahkan tidak ada permintaan maaf yang pantas itu yang terburuk,KOMPETITOR,Bintang 3,HolidayInnExpressJakartaWahidhasyim,negative,0.9990693926811218,Booking & Reservation Experience,Booking & Reservation Experience (0.90); Guest Experience (0.81); Pricing & Value for Money (0.73)
Andri Rusli,2025,1,layanan manajemen sangat buruk cek masuk mulai pukul 14 00 tapi dengan banyak alasan yang membuat kami menunggu berjam jam tidak direkomendasikan,KOMPETITOR,Bintang 3,HolidayInnExpressJakartaWahidhasyim,negative,0.9993129968643188,Service Quality,Service Quality (0.95); Guest Experience (0.83); Check in/out Experience (0.72)
مدربة فنون جميله,2020,1,kamarnya tua dan perlu perawatan sayangnya karpet di kamar berbau tidak sedap dan bernoda untuk sarapan ini murni makanan indonesia artinya selera lain diabaikan sekali sekali saya sekali saya sekali tidak merekomendasikannya,KOMPETITOR,Bintang 3,HolidayInnExpressJakartaWahidhasyim,negative,0.9964119791984558,"Cleanliness, Hygiene & Maintenance","Cleanliness, Hygiene & Maintenance (0.99); Facilities & Amenities (0.96); Guest Experience (0.79)"
Ahmed Al-Qahtani,2024,1,Saya tidak merekomendasikannya sangat buruk kamarnya pengap hotelnya pengap demi tuhan tempat ini tidak pantas untuk resepsi mereka tidak kooperatif jika Anda membicarakan masalah dengan mereka mereka tidak akan menyelesaikan untuk Anda,KOMPETITOR,Bintang 3,HolidayInnExpressJakartaWahidhasyim,negative,0.998880922794342,Guest Experience,Guest Experience (0.97); Service Quality (0.82); Check in/out Experience (0.73)
Phil Henderson,2022,1,sayangnya saya tinggal di sini selama karantina wajib 5 hari makanannya buruk banyak kutu busuk dan perlakuan tidak manusiawi dari mgt selama karantina pilih tempat lain saja,KOMPETITOR,Bintang 3,HolidayInnExpressJakartaWahidhasyim,negative,0.9992004036903381,Management & Policy Issues,Management & Policy Issues (0.54); Check in/out Experience (0.46); Pricing & Value for Money (0.44)
Darrell Black,2025,1,sarapan hotel terburuk yang pernah saya alami selama lebih dari 40 tahun perjalanan saya,KOMPETITOR,Bintang 3,HolidayInnExpressJakartaWahidhasyim,negative,0.9989612102508545,Guest Experience,Guest Experience (0.69); Food & Beverage (0.44); Check in/out Experience (0.38)
M R,2018,1,staf resepsionisnya sangat buruk dan kebersiaan sangat kurang saya benar benar menyesal memesan dan menginap di sana karena sebelumnya saya pernah menginap di beberapa hotel di jakarta dan standar mereka lebih baik namun karena kecintaan saya pada perubahan seperti biasanya dan karena nama hotelnya saya lebih memilih untuk menginap di sana dan saya sama sekali tidak merekomendasikannya,KOMPETITOR,Bintang 3,HolidayInnExpressJakartaWahidhasyim,negative,0.9980408549308777,Booking & Reservation Experience,"Booking & Reservation Experience (0.85); Loyalty, Recommendation & Appreciation (0.60); Staff Conduct & Hospitality (0.59)"
Wang Marcus,2017,1,Mungkin ini bulan ramadhan kecuali jika kamu ingin membangun sekitar jam 3 pagi oleh suara drum dan pengeras suara dari masjid jam 5 pagi aku tidak akan menginap di sini lagi,KOMPETITOR,Bintang 3,HolidayInnExpressJakartaWahidhasyim,negative,0.9975070357322693,Religious & Halal Features,Religious & Halal Features (0.85); Facilities & Amenities (0.81); Guest Experience (0.74)
safia al-faify,2018,1,bersih dan tenang kamarnya sempit dan jendelanya tidak bisa dibuka kamar mandinya tidak ada bidet sarapannya tidak mahal dan anda bisa turun,KOMPETITOR,Bintang 3,HolidayInnExpressJakartaWahidhasyim,positive,0.9873613119125366,"Cleanliness, Hygiene & Maintenance","Cleanliness, Hygiene & Maintenance (0.98); Facilities & Amenities (0.96); Room Quality & Comfort (0.95)"
Aboody Ksa,2022,1,Pelayanannya buruk jangan pilih hotel ini untuk karantina hindari hotel ini mereka tidak peduli pada Anda mereka kehilangan pakaian Anda,KOMPETITOR,Bintang 3,HolidayInnExpressJakartaWahidhasyim,negative,0.9993990659713745,Guest Experience,Guest Experience (0.94); Service Quality (0.88); Management & Policy Issues (0.62)
Syamsundar S,2019,1,hotel yang sangat buruk pelayanannya tidak memuaskan mereka tidak bertanggung jawab atas barang berharga tamu saya dengar beberapa ornamen dicuri dari hotel,KOMPETITOR,Bintang 3,HolidayInnExpressJakartaWahidhasyim,negative,0.9992538094520569,Guest Experience,Guest Experience (0.88); Facilities & Amenities (0.86); Ambience & Design (0.78)
Александра Мельничук,2023,1,Jangan pernah pesan hotel ini pelayanannya buruk tidak ada yang peduli dengan Anda,KOMPETITOR,Bintang 3,HolidayInnExpressJakartaWahidhasyim,negative,0.9897319674491882,Guest Experience,Guest Experience (0.99); Service Quality (0.96); Booking & Reservation Experience (0.83)
Julius 2107,2019,1,buruk sekali stafnya tidak responsif dan tidak bergerak sama sekali untuk membantu kami saat kami membawa barang bawaan,KOMPETITOR,Bintang 3,HolidayInnExpressJakartaWahidhasyim,negative,0.9992509484291077,Service Quality,Service Quality (0.80); Guest Experience (0.73); Management & Policy Issues (0.63)
O O,2023,1,Seprai dan bantalnya kotor dan berbau tidak sedap,KOMPETITOR,Bintang 3,HolidayInnExpressJakartaWahidhasyim,negative,0.9993763566017151,Facilities & Amenities,Facilities & Amenities (0.98); Pricing & Value for Money (0.74); Guest Experience (0.73)
Corry Shabier,2022,1,pelayanannya lambat banyak noda tidak enak di kamar dan kamar mandi karantina di sini tidak mudah,KOMPETITOR,Bintang 3,HolidayInnExpressJakartaWahidhasyim,negative,0.9965308308601379,Facilities & Amenities,Facilities & Amenities (0.98); Guest Experience (0.96); Check in/out Experience (0.88)
Oqab Fg,2024,1,Masalahnya adalah tidak ada bidet di kamar mandi,KOMPETITOR,Bintang 3,HolidayInnExpressJakartaWahidhasyim,negative,0.8708674311637878,Facilities & Amenities,Facilities & Amenities (0.88); Religious & Halal Features (0.81); Pricing & Value for Money (0.78)
ПРОФ ПРЙНЧЁСС ХЖ БЙЛЛГЙТТА ГЙРАРА ВЛАДЙМЙРОВЙЧХ МСЧ,2023,1,Demi Tuhan Aku Berbicara bahwa manajemen hotel ini buruk sekali Tuhan saksi,KOMPETITOR,Bintang 3,HolidayInnExpressJakartaWahidhasyim,negative,0.9993292093276978,Management & Policy Issues,Management & Policy Issues (0.63); Facilities & Amenities (0.48); Guest Experience (0.34)
ابراهيم الشريف,2024,1,ac juga tidak berfungsi,KOMPETITOR,Bintang 3,HolidayInnExpressJakartaWahidhasyim,negative,0.9986432194709778,Facilities & Amenities,Facilities & Amenities (0.81); Sustainability & Environmental Quality (0.52); Management & Policy Issues (0.46)
Heyam Taha,2022,1,hotel yang buruk,KOMPETITOR,Bintang 3,HolidayInnExpressJakartaWahidhasyim,negative,0.999170184135437,Facilities & Amenities,Facilities & Amenities (0.62); Guest Experience (0.61); Management & Policy Issues (0.53)
Kira’s Science Experiement,2019,1,layanan binatu yang buruk,KOMPETITOR,Bintang 3,HolidayInnExpressJakartaWahidhasyim,negative,0.9993100166320801,Facilities & Amenities,Facilities & Amenities (0.94); Management & Policy Issues (0.90); Guest Experience (0.82)
Joly Tonius,2025,2,kebersihan bagus kamar tidak cocok jika ingin menginap bersama teman karena pintu toilet tidak bisa dikunci saya merasa terganggu dengan suara dari kamar tetangga bisa mendengar suara alarm dengkuran dll,KOMPETITOR,Bintang 3,HolidayInnExpressJakartaWahidhasyim,negative,0.9731436371803284,Service Quality,"Service Quality (0.99); Facilities & Amenities (0.98); Cleanliness, Hygiene & Maintenance (0.96)"
tiara noor,2024,2,Koridor dan kamar sangat bau rokok sudah dilakukan pengasapan ozone di kamar tapi kamar masih berbau resepsionis tidak bisa memberikan kamar non merokok lokasi bagus dekat kemana kemana tidak pernah kembali ke hotel ini,KOMPETITOR,Bintang 3,HolidayInnExpressJakartaWahidhasyim,negative,0.9462648034095764,Facilities & Amenities,"Facilities & Amenities (0.93); Service Quality (0.79); Location, Accessibility & Parking (0.67)"
Irnantiami Krisnasatya,2025,2,pengalaman tidak menyenangkan menginap di kamar dan lorong bau asap rokok tidak seperti di kamar gambar berkarpet dan terang,KOMPETITOR,Bintang 3,HolidayInnExpressJakartaWahidhasyim,negative,0.999315619468689,Guest Experience,Guest Experience (0.99); Check in/out Experience (0.97); Ambience & Design (0.92)
Najma,2022,2,hospitality nya bagus room serviceenya lama sekali pesan dari jam 13 30 sampai jam 4 lebih belum datang juga dan harus di telepon berkali-kali sudah 3 hari berturut turut pesan menu dari room service dan selalu datang lama sekali biasanya lebih dari dua jam menu nya juga tidak banyak makanannya sedikit membosankan untuk karantina 8 hari tolong di memperbaiki lagi untuk pelayanan room service nya jadi tidak perlu telepon dan menunggu berkali-kali,KOMPETITOR,Bintang 3,HolidayInnExpressJakartaWahidhasyim,negative,0.9464964866638184,Service Quality,Service Quality (0.83); Guest Experience (0.19); Staff Conduct & Hospitality (0.15)
Arindra Dewani,2022,2,hotel bagus tapi tidak punya lahan parkir saat bikin hotel kau berpikir tidak sih tidak sekalian saja tidak punya kasur diedit iya ada lahan parkir tapi tidak persis diseberangnya didepan verselite lumayan jarak ada sekitar 80m jadi jika mau ke hotel harus geret2 koper gitu ya ke tengah jalan raya dan nyebrang secara gitu ya mau turun di lobi tidak bisak penuh pdhal cuma 5 mobil duh hotel bagus loh padahal saran kalau tidak ada lahan bisa bikin basement jika tidak ada anggaran bikin basement maksa banget sih lahan parkir di seberang jauh jika sudah terlanjur gitu yahudah setidaknya depan lob,KOMPETITOR,Bintang 3,HolidayInnExpressJakartaWahidhasyim,positive,0.9849004745483398,"Location, Accessibility & Parking","Location, Accessibility & Parking (0.68); Pricing & Value for Money (0.65); Facilities & Amenities (0.51)"
Achmad Yusuf,2022,2,sayang hotel besar dan cukup bersih tapi tidak menyediakan mushollah khusus buat tamu jika mau sholah disuruh ikut sholat ke mushollah pegawai nya dan kondisinya tidak representatif sekali dengan tamu sebagian besar beragama islam tapi tidak disediakan musholla kata pemasaran sudah berkali-kali dikomplain sama tamu dan sudah disampaikan ke gm dan manajemen tapi tidak pernah dapat menjawab yang baik sayang sekalai,KOMPETITOR,Bintang 3,HolidayInnExpressJakartaWahidhasyim,negative,0.997246265411377,Guest Experience,Guest Experience (0.72); Management & Policy Issues (0.68); Facilities & Amenities (0.63)
Ian Harfianty,2022,2,mengecewakan untuk kamar yang tinggal di rumah menjaga g bekerja jadi dibiarin gitu saja pulang dari kegiatan kamar msh sama g ada perubahan pelayanan lambat untuk sarapan dibuat bento g ada pelayanan sarapan di resto,KOMPETITOR,Bintang 3,HolidayInnExpressJakartaWahidhasyim,negative,0.9990781545639038,Guest Experience,Guest Experience (0.99); Check in/out Experience (0.96); Food & Beverage (0.90)
Peny Gama,2021,2,menu sarapan minimalis pelayanan kurang memuaskan banyak self service tapi lokasi hotel dekat dengan pusat kota,KOMPETITOR,Bintang 3,HolidayInnExpressJakartaWahidhasyim,negative,0.9599753022193909,Guest Experience,Guest Experience (0.93); Food & Beverage (0.93); Service Quality (0.85)
Yopi Saputra,2020,2,lumayan karena saya ke sana untuk kebutuhan menembak jadi b saja,KOMPETITOR,Bintang 3,HolidayInnExpressJakartaWahidhasyim,positive,0.9841396808624268,Guest Experience,Guest Experience (0.59); Pricing & Value for Money (0.59); Cultural & Heritage Experience (0.54)
Freddy Baheramsyah,2023,2,parkiran nya sempit,KOMPETITOR,Bintang 3,HolidayInnExpressJakartaWahidhasyim,negative,0.9955007433891296,"Location, Accessibility & Parking","Location, Accessibility & Parking (0.98); Facilities & Amenities (0.96); Sustainability & Environmental Quality (0.70)"
Ridwan Hakim,2019,2,Cukup bersih,KOMPETITOR,Bintang 3,HolidayInnExpressJakartaWahidhasyim,positive,0.9976739287376404,"Cleanliness, Hygiene & Maintenance","Cleanliness, Hygiene & Maintenance (0.98); Service Quality (0.94); Sustainability & Environmental Quality (0.83)"
Sarah S,2025,2,kembali ke hotel ini setelah bertahun-tahun terutama karena saya ingat betapa nyamannya bantal bantalnya dan masih bagus stafnya ramah sarapannya biasa saja tapi sesuai dengan harga dan pusat kebugarannya kecil tapi cukup baik bagi saya tapi sejujurnya tempatnya sekarang terasa agak kumuh saya memesan kamar dengan pemandangan kota tapi malah dapat pemandangan pohon besar dan tempat parkir suasananya juga sangat bising di malam hari karena suara mobil dan motor jadi sulit tidur kamar mandinya terasa tua dan tangannya berbau aneh secara keseluruhan lumayan untuk kunjungan singkat tapi perawatannya perlu ditingkatkan,KOMPETITOR,Bintang 3,HolidayInnExpressJakartaWahidhasyim,negative,0.9024531245231628,Facilities & Amenities,"Facilities & Amenities (1.00); Location, Accessibility & Parking (0.99); Staff Conduct & Hospitality (0.98)"
Jesus Odulio,2025,2,ini adalah properti yang layak dengan harga yang tepat untuk hotel bintang 3 masalah yang saya alami pada pagi hari tanggal 7 Agustus 2025 adalah kue di atas meja sarapan prasmanan khususnya di dalam dan sekitar area bubur ayam sayangnya saya tidak cukup cepat mengeluarkan ponsel saya untuk mendokumentasikan situasi menjijikkan ini saya memberi tahu karyawan dan berbicara dengan manajer layanan hubungan tamu bernama mungkin soegieandie dia mengatakan bahwa pembasmi hama telah dipanggil sebelumnya untuk mengatasi masalah kue dia bahkan menunjukkan kepada saya gambar di ponselnya dari banyak kue mati sepertinya masalah ini telah berlangsung lama tetapi mereka tampaknya terus mengatasinya meskipun,KOMPETITOR,Bintang 3,HolidayInnExpressJakartaWahidhasyim,negative,0.9965439438819885,Guest Experience,Guest Experience (0.91); Facilities & Amenities (0.77); Pricing & Value for Money (0.65)
zednala,2023,2,kami sangat kecewa tidak sepadan dengan harga kami memesan dua kamar tetapi salah satu kamar hanya mendapatkan satu tangan dan sepasang sandal di aplikasi tertulis bahwa kedua kamar tersebut untuk dua orang tempat tidur tambahan tidak tersedia di hotel ini hotelnya tidak terawat dengan baik karpet di koridornya bau sarapannya biasa saja mereka tidak membersihkan sisa makanan yang kami tinggalkan di pintu depan selama sehari sampai baunya juga sisa makanan dari kamar sebelah bantalnya berbau busuk bukan pengalaman terbaik berharap cari tempat menginap lain kami berharap manajemen hotel dapat meningkatkan layanan dan keber kebersamaan mereka,KOMPETITOR,Bintang 3,HolidayInnExpressJakartaWahidhasyim,negative,0.9993928670883179,Facilities & Amenities,Facilities & Amenities (0.99); Booking & Reservation Experience (0.95); Pricing & Value for Money (0.94)
Danendra Hartawan,2024,2,saya menginap di Holiday Inn Express pada tanggal 3 Maret 2023 biasanya saya mendapatkan pengalaman yang menyenangkan setiap kali menginap di Holiday Inn namun kali ini saya benar-benar mendapatkan pengalaman yang buruk sesuai ulasan saya dari segi tata letak dan lokasi kamar Holiday Inn Express wahid hasyim cukup baik dan kamarnya seperti di gambar namun perlu dicatat bahwa hotel ini memiliki kamar yang dirancang sebagai ruang merokok ketika saya memeriksa masuk mengingat saya memeriksa masuk cukup larut saya tidak memiliki pilihan lain selain diberi kamar merokok saya mengeluh keras dan yang terbaik yang bisa mereka lakukan adalah menyemprotkan pengharum ruangan ke seluruh kamar memang itu tidak banyak membantu karena bau rokok masih ada,KOMPETITOR,Bintang 3,HolidayInnExpressJakartaWahidhasyim,negative,0.9959652423858643,Facilities & Amenities,Facilities & Amenities (0.91); Check in/out Experience (0.76); Ambience & Design (0.70)
Suliman Alatawi,2024,2,kebersihan kamar kurang baik resepsionisnya ramah dan ceria yang terpenting hotelnya tidak memiliki insulasi sama sekali jika mereka menempatkan anda di kamar yang menghadap ke lingkungan sekitar tidak ada pemandangan atau apa pun tidak ada insulasi anda bahkan dapat mendengar suara di kamar samping dan kamar di atas anda,KOMPETITOR,Bintang 3,HolidayInnExpressJakartaWahidhasyim,negative,0.8977182507514954,Staff Conduct & Hospitality,Staff Conduct & Hospitality (0.99); Facilities & Amenities (0.98); Service Efficiency & Responsiveness (0.98)
Sunwoo Lee,2025,2,Saat saya masuk ke kamar baunya apek kepala pancuran di kamar mandi bocor banyak dari selangnya mengingat lokasinya yang strategis sepertinya kamarnya kurang terawat,KOMPETITOR,Bintang 3,HolidayInnExpressJakartaWahidhasyim,negative,0.9933517575263977,Guest Experience,Guest Experience (0.69); Facilities & Amenities (0.66); Check in/out Experience (0.53)
Prithvi Shergill,2025,2,Yuan sangat membantu dan jika saya kembali karena itu tidak bisa memberi saya kamar meskipun telah meminta memeriksa masuk lebih awal,KOMPETITOR,Bintang 3,HolidayInnExpressJakartaWahidhasyim,negative,0.5280433893203735,Service Efficiency & Responsiveness,Service Efficiency & Responsiveness (0.98); Guest Experience (0.97); Service Quality (0.94)
marcus hans,2024,2,Baiklah apa yang bisa saya katakan saya sudah di sana tiga hari sebelum kedatangan untuk memastikan saya mendapatkan tempat tidur ganda seperti yang dipesan melalui agoda mereka bilang saya bisa memberi tahu mereka saat kedatangan,KOMPETITOR,Bintang 3,HolidayInnExpressJakartaWahidhasyim,neutral,0.9394502639770508,Booking & Reservation Experience,Booking & Reservation Experience (0.97); Check in/out Experience (0.88); Facilities & Amenities (0.88)
