User Name,Review Time,Rating,clean_text,Tipe,Kelas,Nama_Hotel,AI_Sentiment,AI_Sentiment_Score,AI_Primary_Theme,AI_All_Themes
Muhammad Luqman Athar,2025,4,menginap di sini waktu miku expo 2025 jadi aku pikir buat yang mau konser atau ada acara di gbk terutama yang dari luar kota bisa menginap di sini karena jalan kakinya mudah ya namanya juga senayan buat hotel budget di senayan ini bagus sarapan nya enak aku jarang ke hotel kasurnya nyaman sepengalamanku disini aku saranin supaya tim hotelnya memberikan tangan dan kain lap di awal cek masuk biar tidak ribet sih pelayanannya juga ramah jadi aku sarankan,KOMPETITOR,Bintang 3,BestWesternSenayan-Jakarta,positive,0.9993106126785278,Facilities & Amenities,Facilities & Amenities (0.99); Staff Conduct & Hospitality (0.99); Service Efficiency & Responsiveness (0.98)
Admiral Azhar,2025,5,Stay cation satu malam di best western merupakan pengalaman yang terbaik lokasi strategis dekat ke plaza senayan senayan kota dan ke gbk untuk jogging kamar cukup luas bersih dan nyaman wifi kenceng ac dingin toilet bersih,KOMPETITOR,Bintang 3,BestWesternSenayan-Jakarta,positive,0.999537467956543,Facilities & Amenities,Facilities & Amenities (0.99); Room Quality & Comfort (0.99); Service Quality (0.98)
RETASARI DEWI,2025,5,sarapannya enak ada beraneka sambal jadi enak makannya petugas d restorannya juga sigap sekali kamarnya bersih rapi tapi karena hotel lama jadi vibes lorong dan kamarnya agak gmn gituu lokasi nya yang juara deket pusat kota,KOMPETITOR,Bintang 3,BestWesternSenayan-Jakarta,positive,0.99936443567276,"Cleanliness, Hygiene & Maintenance","Cleanliness, Hygiene & Maintenance (0.97); Service Quality (0.94); Facilities & Amenities (0.89)"
Mahbub Junaidi,2025,5,ikut mengumpulkan investasi di sini nersama bapak bupati blora mas rudi investor di bogorejo ternak ayam mbak devi ekspor empon2 laos temu jahe kunir pak investor pentawira kalsium karbonat pak vinsen lim tenaga kerja terampil pal muhammad khoirun anam ketua hipmi jawa tengah mas wahyu bumd dki jakarta dan mas siswanto pengusaha muda sekaligus ketua adkasi dan wakil ketua dprd blora,KOMPETITOR,Bintang 3,BestWesternSenayan-Jakarta,neutral,0.9980617165565491,"Loyalty, Recommendation & Appreciation","Loyalty, Recommendation & Appreciation (0.70); Family & Group Friendly (0.61); Service Efficiency & Responsiveness (0.57)"
Iknandi Tiara Lukitasari,2025,5,deket sama gbk jcc dan dikelilingi mall aku pakai tipe kamar keluarga alhamdulillah nyaman banget ada di di lt 7 ada jendela tidak berisik sama sekali dan kamar tipe kamar keluarga kamar ini luas banget makanan sarapan enak lorong hotel bersih wangi kamar apalagi perlengkapan hotel jg lengkap sabun sikat gigi odol shampo sampai ke rambut rontok ada terus resepsionisnya juga ramah dan sangat membantu aku sempet waktu tambahan untuk checkout terakhir ke jam 4 karena keretaku msh jam 7 dan aku bawa 2 anak bayi tapi alhamdulillah dikasih diskon jadi tidak bayar penuh sangat baik resepsionisnya terus eecuritynya,KOMPETITOR,Bintang 3,BestWesternSenayan-Jakarta,positive,0.9993021488189697,Facilities & Amenities,"Facilities & Amenities (0.99); Service Efficiency & Responsiveness (0.99); Cleanliness, Hygiene & Maintenance (0.98)"
Irma Fitriyani,2025,5,lokasi strategis sekali di dalam mall bersebelahan dengan mall juga di bagian depan juga ada mcd banyak starling atau penjual kopi keliling disekitarnya resepsionis ramah kamar bersih toilet bersih siaran tv juga beragam sayang sekali tidak sempat mencoba sarapannya lokasi dekat juga dengan gbk jadi cocok untuk yang suka jogging olahraga atau ada acara disana karena lokasi yang dekat sekali untuk kamar harga 1jt sekian per malam nya tidak ada jendela untuk melihat pemandangan sekitar kamar sayang sayang paling pojok sehingga koneksi wifi nya tidak bisa digunakan untuk memasang listrik dekat tempat tidur agak goyang sehingga harus diganjal agar bisa mengisi hp tapi tidak ada masalah,KOMPETITOR,Bintang 3,BestWesternSenayan-Jakarta,positive,0.9985836744308472,Service Quality,"Service Quality (0.69); Service Efficiency & Responsiveness (0.68); Cleanliness, Hygiene & Maintenance (0.54)"
Febrilla Nantama,2025,5,Pelayanannya bagus banget sopan dan sangat membantu kamar bersih luas banget pesan yang buat ber3 deket pusat mall sarapannya enak dan banyak pilihan sampe menambah2 dari enaknya selanjutnya kalau ke jkt pingin nginep disini lagi buat yang nonton konser di gbk cocok nginep disini tinggal jalan kaki gaperlu repot war naik mrt yang terakhir,KOMPETITOR,Bintang 3,BestWesternSenayan-Jakarta,positive,0.9990559220314026,"Cleanliness, Hygiene & Maintenance","Cleanliness, Hygiene & Maintenance (0.99); Service Quality (0.99); Family & Group Friendly (0.99)"
Ste Ste,2025,1,Lama waktu cek masuk jam 14 00 tapi tidak kembali sampai jam 14 30 alasan baru rame cek keluar jam 13 00 dan klo kurang org buat beres2 dan tambahin donk jadi tidak kembali semua baru,KOMPETITOR,Bintang 3,BestWesternSenayan-Jakarta,negative,0.9452630281448364,Check in/out Experience,Check in/out Experience (0.61); Facilities & Amenities (0.58); Booking & Reservation Experience (0.50)
Fais Akbar (Abang Fais),2025,1,pengalaman buruk selama ini nginap dihotel manapun baru kali ini hotel lantai kamar mandinya sangat bagus anak2 terpeleset dan jatuh kamar 747,KOMPETITOR,Bintang 3,BestWesternSenayan-Jakarta,positive,0.9037032127380371,Facilities & Amenities,Facilities & Amenities (0.85); Guest Experience (0.81); Check in/out Experience (0.63)
Callista Candice,2025,5,hotel secara keseluruhan baik lapar tinggal makan di bawah ada mcd 24 jam kamar hotel cukup nyaman walaupun furnitur agag terkesan kamar mandi lama oke dan udara cukup hangat lokasi strategis saat cek keluar dibantu mas faqih yang ramah dan informatif layaknya lah untk tinggal di sini,KOMPETITOR,Bintang 3,BestWesternSenayan-Jakarta,positive,0.9991884827613831,Staff Conduct & Hospitality,Staff Conduct & Hospitality (1.00); Service Quality (1.00); Facilities & Amenities (1.00)
Nida Farikha,2025,5,kamarnya bersih ac adem condiment di kamar lengkap sarapan menuunya juga beragam dan enak cocok untuk hotel semi transit karena lokasi juga di tengah kota akses kemana mana mana cukup mudah sejauh ini sangat saat dengan harga yang ditawarkan,KOMPETITOR,Bintang 3,BestWesternSenayan-Jakarta,positive,0.9994163513183594,Facilities & Amenities,"Facilities & Amenities (0.99); Cleanliness, Hygiene & Maintenance (0.98); Room Quality & Comfort (0.97)"
Amri Ichsan,2025,3,kamar deluxe tanpa jendela tanpa kulkas kamar mandi mandi mandi tidak ada pembatas jadi lantai selalu basah pelayanan buruk sekali mau bungkus makanan untuk anak saja ditanyakan dulu keterangan anak sakit kemudian paket pertemuan makan siang malam awalnya boleh di kotak makanannya jika masih ada sisa namun tiba2 aturan berubah jika tidak habis kotaknya dibatasi untuk dibawa kami ngabisin puluhan juta disini tapi pelayanan kurang baik untuk pak jajang terimakasih untuk rumah sakit terbaiknya jika tidak ada kasih bapak saya bintang rating 1,KOMPETITOR,Bintang 3,BestWesternSenayan-Jakarta,negative,0.99853515625,Pricing & Value for Money,Pricing & Value for Money (0.65); Guest Experience (0.43); Facilities & Amenities (0.37)
Emysuryadewi Emy,2025,5,lokasi strategis dekat pusat perbelanjaan kamarnya bagus sarapan juga lumayan enak pelayanan baik dan ramah yang asyiknya lagi selamat minum n cemilan baru berbeda setiap hari yang hangat2 cocok dengan suasana,KOMPETITOR,Bintang 3,BestWesternSenayan-Jakarta,positive,0.9993830919265747,Facilities & Amenities,Facilities & Amenities (1.00); Staff Conduct & Hospitality (1.00); Service Efficiency & Responsiveness (0.99)
Abraham,2025,5,kemarin nginap di kamar tipe deluxe kamarnya luas bersih dan nyaman dengan desain modern tempat tidur empuk dan tersedia wifi gratis yang kencang sebagai hotel bintang 3 fasilitasnya sangat memadai dan pelayanan staf juga ramah lokasi hotel strategis cocok untuk liburan atau perjalanan bisnis,KOMPETITOR,Bintang 3,BestWesternSenayan-Jakarta,positive,0.9995052814483643,Facilities & Amenities,Facilities & Amenities (1.00); Room Quality & Comfort (1.00); Service Quality (0.99)
Silver Lining,2025,5,stay cation disini pelayanan cepat staf ramah dapat kamar view jendela kamar bersih sarapan dengan banyak menu lokasi hotel jg strategis transportasi jg mudah,KOMPETITOR,Bintang 3,BestWesternSenayan-Jakarta,positive,0.9995051622390747,Service Efficiency & Responsiveness,Service Efficiency & Responsiveness (1.00); Food & Beverage (1.00); Service Quality (1.00)
Richard Roy,2025,5,posisi hotel yang terletak di tengah tengah kota sangat cocok untuk yang memiliki mobilitas tinggi dan juga dekat dengan gbk,KOMPETITOR,Bintang 3,BestWesternSenayan-Jakarta,positive,0.9987093210220337,"Location, Accessibility & Parking","Location, Accessibility & Parking (0.85); Facilities & Amenities (0.83); Service Efficiency & Responsiveness (0.80)"
Safwa Aljana,2025,5,kamar luas nyaman oke banget deh lokasi dingin oke jg bisa mampir ke senayan city untuk sarapan makananan nya enak pilihan nya banyak menarik semua untuk di coba lagi banget harus cobain nginep disini,KOMPETITOR,Bintang 3,BestWesternSenayan-Jakarta,positive,0.9993541836738586,Facilities & Amenities,Facilities & Amenities (0.98); Room Quality & Comfort (0.93); Guest Experience (0.90)
Lapis Labu Samarinda,2025,5,Hotel yang cukup strategis dan nyaman dekat dengan gbk jika mau ke senayan kota tinggal nyeberang saja jika mau ke plaza senayan tinggal jalan kaki sebentar terus enak ny lagi jika mau cari sarapan saat pagi buat atlet tinggal turun hotel ke depan ada mcd,KOMPETITOR,Bintang 3,BestWesternSenayan-Jakarta,positive,0.9991762042045593,Facilities & Amenities,"Facilities & Amenities (0.94); Service Efficiency & Responsiveness (0.87); Location, Accessibility & Parking (0.83)"
Iswanti iswanti,2025,4,kamar kecil pelayanan oke lah makanan biasa saja lokasi bagus banget sangat strategis dekat berhenti busway dekat mrt bersebelahan dengan dua mall besar,KOMPETITOR,Bintang 3,BestWesternSenayan-Jakarta,positive,0.9962114095687866,Service Quality,Service Quality (0.99); Facilities & Amenities (0.98); Room Quality & Comfort (0.97)
pradnya paramitha,2025,5,menginap disini karena sekalian menonton konser di arena indonesia juga tanggal 3 4 Mei kemarin awal pemesanan sih superior deluxe dan seingat saya memesanan kembar saat itu tapi waktu cek masuk karena tidak tersedia jadi tunggal tempat tidur saja queen size saya rasa saya memesanan yang tidak ada jendela dan tidak sarapan secara keseluruhan saya dan teman teman menikmati masa menginap kami lokasinya juga strategis seberangan dengan senayan city dan sebelahan dengan plaza senayan dan kalau jalan kaki sedikit sudah sampai ke daerah kantin gbk walaupun di pinggir jalan terasa lokasinya tapi di dalam kamar mandi hening dan saya suka itu pela di resepsionis,KOMPETITOR,Bintang 3,BestWesternSenayan-Jakarta,positive,0.9979233741760254,Facilities & Amenities,"Facilities & Amenities (0.95); Booking & Reservation Experience (0.94); Location, Accessibility & Parking (0.91)"
tina Agustina,2025,5,secara keseluruhan mantap mulai dri resepsiisnya mas faqih yang baik banget ramah n tidak perlu menunggu lama untuk proses cek masuk kamarnya bersih nyaman kamar mandi bersih untuk sarapannya jg enak2 ditambah lokasi hotel yang strategis terima kasih hotel terbaik barat,KOMPETITOR,Bintang 3,BestWesternSenayan-Jakarta,positive,0.9995311498641968,Service Efficiency & Responsiveness,Service Efficiency & Responsiveness (1.00); Service Quality (1.00); Staff Conduct & Hospitality (1.00)
kuchiki ikki,2025,4,untuk lokasi berhenti bisnis oke karena pusat jakarta dekat dengan gbk dan sekitarnya,KOMPETITOR,Bintang 3,BestWesternSenayan-Jakarta,positive,0.9992407560348511,Facilities & Amenities,Facilities & Amenities (0.64); Service Efficiency & Responsiveness (0.49); Pricing & Value for Money (0.49)
Salsabila Putri Angely,2025,1,bintang 1 buat satpam cewe yang rambut pendek dan penjaga karcis cewe yang cuma duduk doang tidak membantu dan malah marah2 saat ditanyain minus buat sikap baru semoga kedepannya ada perbaikan,KOMPETITOR,Bintang 3,BestWesternSenayan-Jakarta,negative,0.9969727993011475,Service Quality,Service Quality (0.80); Guest Experience (0.59); Safety & Security (0.55)
Shilla Nisha,2025,5,Harus cobaa karena apa dekett makananya terbaik parah enak enak mana kakak nya baik semua aku waktu itu cekin karena deket ke jcc senayan acara wisudaa kurangnya cuma tidak kedap suaraa,KOMPETITOR,Bintang 3,BestWesternSenayan-Jakarta,positive,0.8582813739776611,Service Quality,Service Quality (0.98); Check in/out Experience (0.95); Guest Experience (0.91)
Adam,2025,5,kamar besih dan sangat bagus sangat bagus pengalaman staf bp faqih sangat ramah,KOMPETITOR,Bintang 3,BestWesternSenayan-Jakarta,positive,0.9989145994186401,Guest Experience,Guest Experience (1.00); Facilities & Amenities (0.99); Room Quality & Comfort (0.99)
Edo Edi,2025,5,kamarnya bagus tempatnya strategis di pusat kota jakarta,KOMPETITOR,Bintang 3,BestWesternSenayan-Jakarta,positive,0.999322772026062,Room Quality & Comfort,Room Quality & Comfort (0.98); Guest Experience (0.90); Facilities & Amenities (0.90)
angela fransisca,2025,5,staycation yang strategis mewah harga ramah dikantong dengan lokasi yang dekat dari kota senayan dan gbk jadi praktis untuk jalan jalan atau menghadiri acara bisnis maupun acara olahraga fasilitasnya lengkap kamar bersih dan nyaman serta stafnya ramah dan profesional sarapan juga enak dengan banyak pilihan menu ditambah lagi ada restoran dengan menu yang bervariasi pasti akan kembali menginap di sini jika ada acara di sekitar senayan sangat direkomendasikan,KOMPETITOR,Bintang 3,BestWesternSenayan-Jakarta,positive,0.999413251876831,Facilities & Amenities,Facilities & Amenities (1.00); Pricing & Value for Money (0.99); Room Quality & Comfort (0.98)
soman bae,2025,5,Baguss nyaman sekalii pelayan nya ramah bersih enak deh nyaman pokoknya wajib dicoba sih ayoo,KOMPETITOR,Bintang 3,BestWesternSenayan-Jakarta,positive,0.9994068145751953,Service Quality,Service Quality (0.98); Guest Experience (0.96); Staff Conduct & Hospitality (0.95)
Ainal Mardiah,2025,5,hotel yang strategis banget dari mall sency plaza senayan gbk mall nya ini di stc untuk harga layaknya dengan fasilitas yang lengkap apalagi dekat dari pusat kota kamar tidur nyaman dengan view bunderan senayan fasilitas hotel kamar tidur kamar mandi lengkap ada selamat minum dan makanan resto nya luas kenyamanan dan menu sarapan nya banyak banget pelayanan juga ramah mau ke sency sama plaza senayan ya tinggal jalan kaki saja guys mau nyari makan diluar pun banyak banget disekitar hotel ada mcd keluarga mart sate taichan,KOMPETITOR,Bintang 3,BestWesternSenayan-Jakarta,positive,0.9994770884513855,Facilities & Amenities,Facilities & Amenities (1.00); Staff Conduct & Hospitality (0.98); Service Efficiency & Responsiveness (0.98)
mima mico,2025,5,lokasi strategis dekat dari Sency Plaza Senayan kalau kuat bisa jalan kaki ke gbk lantai bawah jg ada mcd pemecahan gedung ada sate dan keluarga mart pelayanan jg sangat oke ramah2 semua makanannya jg enak cuman ventilasinya ke kamar tuh kurang jujur engap banget kalau mau ke kamar overal oke banget sih cuman itu saja yang kurang,KOMPETITOR,Bintang 3,BestWesternSenayan-Jakarta,positive,0.9923747181892395,Facilities & Amenities,Facilities & Amenities (0.98); Service Quality (0.95); Guest Experience (0.90)
Eka Ayu Wulandari,2025,5,hotel strategis cocok untuk yang sering punya kegiatan di gbk karna hotel ini deket banget sama gbk senayan kota nginep disini sama suami dapet view patung pemuda ah makin romantis soal harga masih terjangkau buat kaum gaji umr kaya gue bener2 senyaman itu nginep disini asli ini review jujur dari gue untuk makanan destinonya juga enak enak banget,KOMPETITOR,Bintang 3,BestWesternSenayan-Jakarta,positive,0.9992215633392334,Pricing & Value for Money,Pricing & Value for Money (0.98); Facilities & Amenities (0.93); Guest Experience (0.93)
Lötte 91,2025,2,lokasi oke harga murah suasana jadul sih oke tapi kamarnya lembab banget sumpek ya selamat minum nya oke dan lokasi dekat mall dekat gbk asal kuat dengan sumpek dan lembab nya terlihat listrik seperti tv nya pun tidak dirawat,KOMPETITOR,Bintang 3,BestWesternSenayan-Jakarta,negative,0.8898569941520691,Food & Beverage,Food & Beverage (0.95); Pricing & Value for Money (0.93); Facilities & Amenities (0.85)
smauels,2025,5,Jenis kamar yang saya pesan kemaren superior buat harga layaknya bangett dehh fasilitasnya baguss dan tempatnya bersih,KOMPETITOR,Bintang 3,BestWesternSenayan-Jakarta,positive,0.9973546266555786,Facilities & Amenities,Facilities & Amenities (0.99); Pricing & Value for Money (0.99); Service Quality (0.99)
Pleadesitswy,2025,5,Jadi kemarin aku menginap di best western senayan service nya yang sangat baik dan sambil cek masuk juga disuguhkan minuman ringan roomnya bersih luas dengan fasilitas lengkap dan bisa melihat kota view jakarta secantik ini dari kamarnya secara keseluruhan kamarnya nyaman dan bikin betah banget buat menginap disini lokasinya strategis dekat senayan kota gbk dan plaza senayan selanjutnya aku pasti akan menginap disini lagi,KOMPETITOR,Bintang 3,BestWesternSenayan-Jakarta,positive,0.9995943903923035,Service Quality,Service Quality (1.00); Facilities & Amenities (1.00); Room Quality & Comfort (0.99)
Suwi Isabelle,2025,5,Lokasinya strategis pelayanan cepat ramah dari kamar cleaner atendant juga resepsionis harga sesuai dengan kondisi kamar acnya dingin,KOMPETITOR,Bintang 3,BestWesternSenayan-Jakarta,positive,0.9990429282188416,Service Efficiency & Responsiveness,Service Efficiency & Responsiveness (1.00); Staff Conduct & Hospitality (1.00); Facilities & Amenities (0.99)
Muhammad Andalib Hail,2025,5,pelayanan ramah kamar bersih dan nyaman serta fasilitas lengkap sarapan enak dengan banyak pilihan pengalaman menginap yang sangat memuaskan pasti akan kembali lagi,KOMPETITOR,Bintang 3,BestWesternSenayan-Jakarta,positive,0.9993441700935364,Facilities & Amenities,"Facilities & Amenities (1.00); Service Quality (0.99); Cleanliness, Hygiene & Maintenance (0.99)"
Rafa Hari,2026,5,bagus bagus kamar layanan lokasi ke hotel sini,KOMPETITOR,Bintang 3,BestWesternSenayan-Jakarta,positive,0.9981710910797119,Service Quality,Service Quality (1.00); Room Quality & Comfort (0.99); Facilities & Amenities (0.98)
Rizky Nugraha,2025,5,Aku hobi banget menginap hampir setiap minggu malahan tapi salah satu yang paling berkesan bagi aku yaitu bestwestern senayan ini jujur hotel ini murah tapi fasilitas tidak murahan sama sekali meskipun hotel ini bintang 3 tapi aku akui sudah kayak hotel bintang 5 deh dengan konsep hotel uang lama saat masuk udah merasa sultan pelayanan oke kebersihan oke kamar harga apalagi oke lokasi baru strategis dekan sangat dengan gbk dekat juga dengan mall terkenal di jakarta yaitu mall senayan city dan mall plaza mau ke scbd tinggal nyebrang mau olahraga ngesot ke gbk sampai tinggal foto2 cantik dekat daerah jakarta sampai keluar jalan udah udah,KOMPETITOR,Bintang 3,BestWesternSenayan-Jakarta,positive,0.9992401599884033,Service Quality,"Service Quality (0.99); Facilities & Amenities (0.99); Cleanliness, Hygiene & Maintenance (0.98)"
Husnul Alfisyah Rina,2025,4,lokais hotel strategis enak kemana2 pelayanannya lumayan harganya sesuai kelas dan lokasinya kamarnya bersih dan rapi cmn gagang pintunya rada lemah yaa lalu ruang pertemuannya mesti lebih gercep dan memperhatikn lagi untuk tim hotel yang menangani pelayanan untuk makanan apalagi ketika acara dengan peserta yang banyak,KOMPETITOR,Bintang 3,BestWesternSenayan-Jakarta,positive,0.9986321330070496,Pricing & Value for Money,"Pricing & Value for Money (0.99); Cleanliness, Hygiene & Maintenance (0.98); Service Quality (0.97)"
A. Tonra Solie Tonra,2025,5,makanan untuk sarapan mantap agar dipertahankan serta pelayanan juga sangat memuaskan,KOMPETITOR,Bintang 3,BestWesternSenayan-Jakarta,positive,0.999315619468689,Service Quality,"Service Quality (1.00); Loyalty, Recommendation & Appreciation (0.99); Cleanliness, Hygiene & Maintenance (0.98)"
Litafada Wardhani,2025,5,pelayanan ramah kamar tipe deluxe nya bersih dan nyaman lokasi strategis pula,KOMPETITOR,Bintang 3,BestWesternSenayan-Jakarta,positive,0.9994396567344666,Service Quality,Service Quality (1.00); Room Quality & Comfort (0.99); Guest Experience (0.99)
Muhamad Saban,2025,5,kamarnya nyaman banget wifi gratis nya juga kenceng cocok buat tinggal santai atau kerja,KOMPETITOR,Bintang 3,BestWesternSenayan-Jakarta,positive,0.999326229095459,Facilities & Amenities,Facilities & Amenities (0.99); Room Quality & Comfort (0.98); Guest Experience (0.93)
Siti Nawiroh,2025,5,ini hotel strategis banget deket kemana2 rumah sakitnya mantapp abiss sarapannya juga enak dan beragam kotak mobil betah di sini karena dapet kamar 6030 pemandangannya oke banget langsung keliatan patung pemuda membangun senayan coba nih guys kamarnya bisa jadi referensi terima kasih bwsenayan,KOMPETITOR,Bintang 3,BestWesternSenayan-Jakarta,positive,0.9995309114456177,Guest Experience,Guest Experience (0.94); Facilities & Amenities (0.87); Ambience & Design (0.86)
Fitria Choirunnisah,2025,5,happy banget staycation disini salah satu pilihan hotel terbaik sih di jakarta aksesnya deket banget sama gbk atau tempat lain lokasi sangat strategis jadi jika kalian mau kemana2 mudah dan yang aku suka disini kamarnya bersih banget di kasih fasilitas nya juga super lengkap saayy apalagi pemandanganya aduh aduh cakep banget untuk sarapannya juga bervariasi banget bener2 bikin kalap hwa mana rasanya enak2 bangett aku sampai menambah terus ahahahah pelayanan staf juga super ramaah mantap deh terus di lobi juga di sediain bebas minum selamat datang mantap kan mau menginap disini lagi ahh soalnya seruu wajib di bilang sih kalau kalian mau menginap disini,KOMPETITOR,Bintang 3,BestWesternSenayan-Jakarta,positive,0.9995074272155762,Facilities & Amenities,"Facilities & Amenities (0.99); Service Quality (0.97); Cleanliness, Hygiene & Maintenance (0.92)"
Lady Faelivrin,2025,4,menginap di sini untuk dua malam karena sedang ada ujian di sekitaran hotel ini pelayanan stafnya ramah kamarnya juga bersih dan nyaman hanya saja bising sekali aku bisa mendengar semuanya dari orang-orang berbicara di seberang lorong staf memperbaiki kamar sebelah ke orang-orang melakukan sesuatu sus iykwim dengan suara yang sangat keras untuk makan karena hotelnya terletak di stc senayan tamu bisa turun ke lantai bawah atau di dingin masuk kafe yang makanannya lumayan menurut selera saya,KOMPETITOR,Bintang 3,BestWesternSenayan-Jakarta,positive,0.678930401802063,Facilities & Amenities,"Facilities & Amenities (0.99); Service Quality (0.97); Cleanliness, Hygiene & Maintenance (0.95)"
Dea Aulia,2025,5,lokasi stategis sangat tempat bersih ke blok m juga dket ini keren kamarnya wangi kamar mandinya juga lengkap peralatannya sarapan enak walaupun ini hotel bisnis tapi bisa banget ngajak anak karena mall dket dan area utama di taman plaza senayan,KOMPETITOR,Bintang 3,BestWesternSenayan-Jakarta,positive,0.9995881915092468,Facilities & Amenities,"Facilities & Amenities (1.00); Cleanliness, Hygiene & Maintenance (0.99); Service Quality (0.98)"
Qurrota Ayun Chusna,2025,5,kamarnya nyaman cepat untuk bintang 3 satu lantai banyak sekali kamarnya jadi lorong2 banyak harus detail melihat nomornya kamarnya bersih semua fasilitas kamarnya bagus kamar mandi peralatan mandi juga bisa handuk air mineral teh kopi tersedia gula gula diabetes krimer saya pesan 3 kamar meskipun tidak sesuai permintaan di satu lantai semua karena pesan beda hari dan penuh yang di lt 8 ada sofa tunggal terlihat lebih terang lampunya jika di lt 6 saya kedapetan yang tidak ada sofa tapi kursi kantor harga layak sih pada akhir pekan dan tanggal merah aksesnya dekat dengan mall senayan city plaza senayan karena akhir pekan jadi sekalian olahraga ke gbk cukup,KOMPETITOR,Bintang 3,BestWesternSenayan-Jakarta,positive,0.9956511855125427,Facilities & Amenities,Facilities & Amenities (0.96); Pricing & Value for Money (0.75); Service Quality (0.72)
Tiara Moodtiara,2025,5,lokasi nya strategis deket banget sama mall mall kayak senayan city dan plaza senayan terus ke gelora bung karno juga deket kolam renangnya juga cakep banget dengan pemandangan jakarta's skyline terasa sangat estetis kamar di sini super bersih sepenuhnya nyaman terus staf nya mulai dari room service resepsionis sampai pegawai restoranannya semuanya super ramah dan membantu banget seperti mereka benar-benar membuat saya merasa selamat datang sarapan nya banyak pilihan dan mengejutkan enak oh dan wifi kenceng banget tidak ada tamparan parkir juga memadai jadi tidak ada drama kalau bawa mobil saya akan benar-benar kembali ke sini sangat direkomendasikan kalau bawa mobil mau kalian,KOMPETITOR,Bintang 3,BestWesternSenayan-Jakarta,positive,0.9996352195739746,Facilities & Amenities,Facilities & Amenities (1.00); Staff Conduct & Hospitality (1.00); Service Efficiency & Responsiveness (0.99)
Abdul Rachman Tiro (Updoel),2025,5,kamarnya luas dan nyaman dan sarapannya enak dan bervariasi,KOMPETITOR,Bintang 3,BestWesternSenayan-Jakarta,positive,0.9993212223052979,Facilities & Amenities,Facilities & Amenities (1.00); Room Quality & Comfort (0.99); Food & Beverage (0.96)
Mommy Sakha,2025,5,bw senayan jakarta tempat kemwahan dan kenyamanan bertemu di dijantung ibu kota pengalaman menginap yang luar biasa dengan layanan terbaik kamar yang modern dan suasana yang hangat lokasi yang strategis dekat dengan pusat bisnis pusat perbelanjaan dan hiburan utama di jakarta bw senayan jakarta adalah pilihan sempurna untuk menciptakan momen tak terlupakan bersama keluarga dan acara khusus mu,KOMPETITOR,Bintang 3,BestWesternSenayan-Jakarta,positive,0.9984592199325562,Facilities & Amenities,Facilities & Amenities (1.00); Family & Group Friendly (1.00); Room Quality & Comfort (0.99)
Bedjo Bedjo,2025,2,Hotel ini tidak bagus untuk penyandang disabilitas sejak sebelum datang sudah meminta agar kamar dekat lift tapi sekali datang dikasih jauh kalian tidak bisa bayangin orang pakai 2 tongkat jalan kaki jauh dari lift kurang pendidikan kayaknya untuk resepsionis nya,KOMPETITOR,Bintang 3,BestWesternSenayan-Jakarta,negative,0.9943867921829224,Guest Experience,Guest Experience (0.70); Check in/out Experience (0.62); Booking & Reservation Experience (0.62)
NANA AWE,2025,5,hotelnya letaknya strategis cocok buat yang ada keperluan didekat senayan kamar bersih kedap suara jadi nyenyak tdur gk brisik peralatan kamar dan k mandi lengkap cm kamarnya sempit dan penerangan kamar kurang jadi agak remang kesan nya gk terang trus gk ada jendela sarapan enk enk namun ruangan sarapan agak jauh masuk ke dalam mall selebihnya oke,KOMPETITOR,Bintang 3,BestWesternSenayan-Jakarta,positive,0.9979968667030334,Service Quality,"Service Quality (0.86); Facilities & Amenities (0.86); Cleanliness, Hygiene & Maintenance (0.84)"
Lina Syahrilyna,2025,5,akhirnya nemu juga hotel bisnis yang lokasinya super strategis ke sency tinggal nyebrang ke plaza senayan tinggal jalan ke sebelah ke gbk juga deket mana dapet view baguss pula dengan harga yang terjangkau fasilitasnya ngajakin buat balik sini lagi sih,KOMPETITOR,Bintang 3,BestWesternSenayan-Jakarta,positive,0.9988196492195129,Pricing & Value for Money,"Pricing & Value for Money (0.91); Facilities & Amenities (0.91); Location, Accessibility & Parking (0.75)"
Cindy Sofia,2025,4,menginap di sini seru sekali bisa mendengar kamar depan yang sedang berteriak keenakan sepertinya cuma pakai gypsum semua pembatas kamarnya plusnya lokasi sangat strategis kalau saat lagi ada konser di gbk harganya tidak masuk akal,KOMPETITOR,Bintang 3,BestWesternSenayan-Jakarta,positive,0.99880051612854,Facilities & Amenities,Facilities & Amenities (0.97); Guest Experience (0.93); Pricing & Value for Money (0.92)
Amelia Hussana,2025,5,kamar nya oke cepat bersih suka sama konsep nya sarapan jg enak mantap deh tidak nyesel nginep sini depan senayan kota pokonya deket kemana mn,KOMPETITOR,Bintang 3,BestWesternSenayan-Jakarta,positive,0.9994890689849854,"Cleanliness, Hygiene & Maintenance","Cleanliness, Hygiene & Maintenance (0.99); Service Quality (0.99); Room Quality & Comfort (0.99)"
Lucky Adhi Pradana,2025,4,lokasi ckup strategis dekat mal2 besar pelayanan pegawai ckup ramah makanan di restonya enak terutama nasi mie goreng namun kurang banyak variasi makanan lainnya ruang rapat terkadang terkendala di perlengkapan mic kabel2 lcd projector yang kurang mumpuni overall ckup baik,KOMPETITOR,Bintang 3,BestWesternSenayan-Jakarta,positive,0.9988299012184143,Service Quality,Service Quality (0.92); Staff Conduct & Hospitality (0.81); Facilities & Amenities (0.77)
Iman Supriyono,2025,1,kamar mandi di belakang tidak di depan dekat pintu seperti hotel bintang 3 umumnya lalu minta kartu akses tambahan tidak bisa padahal tinggal di kamar dengan twin bed lagi sudah pede mandi dan badan basah ternyata sampo dan sabun cair habis terakhir colokan listrik aus semua legrek dalam bahasa jawa,KOMPETITOR,Bintang 3,BestWesternSenayan-Jakarta,negative,0.8639805912971497,Facilities & Amenities,Facilities & Amenities (0.88); Service Quality (0.68); Booking & Reservation Experience (0.60)
DEVAN FEREL OFFICIAL,2025,5,wah ini sih hotel yang benar benar nyaman karena selain kamar luas bersih lokasi strategis tapi sangat dekat dengan banyak pusat perbelanjaan jadi sambil menginap kita bisa sambil cuci mata juga lokasi nya juga mudah dicari oleh google map sarapan juga banyak variasiinya dan enak2 banget restonya luas dan nyaman estetik juga jadi bagus banget bat selfie2 pokoke enak banget deh nginep disini karena semua staf nya juga ramah banget,KOMPETITOR,Bintang 3,BestWesternSenayan-Jakarta,positive,0.9994317889213562,Facilities & Amenities,Facilities & Amenities (0.99); Service Quality (0.96); Room Quality & Comfort (0.94)
Aanisah Ridlo,2025,5,menginap disini karena ada acara di gbk dan layak banget karena sedeket itu sama gbk tidak cuma gbk belanja ke sency atau ps juga tinggal jalan saja definisi kepleset nyampe cari makan juga mudah banget di mall bisa mau kuliner di sekitar hotel juga banyak pilihan yang bisa dijangkau cuma dengan jalan kaki pasti akan kembali jika ada urusan di jkt,KOMPETITOR,Bintang 3,BestWesternSenayan-Jakarta,positive,0.9985989928245544,Guest Experience,Guest Experience (0.96); Facilities & Amenities (0.92); Service Efficiency & Responsiveness (0.85)
krisna andika,2025,1,pesan 5 kamar tidak minta kamar merokok tapi dikasihnya yang merokok semua minta pindah kamar tidak bisa dikatakan penuh entahlah kamarny kecil tidak ada jendela bau rokok tidak hilang2 walau sudah disemprot kecewa nginap disini,KOMPETITOR,Bintang 3,BestWesternSenayan-Jakarta,negative,0.9992610812187195,Booking & Reservation Experience,Booking & Reservation Experience (0.80); Guest Experience (0.78); Personalized & Special Services (0.77)
wiwit puspitasari,2025,5,kamar keluarga nya luas cocok buat nginep bersama keluarga anak anak juga betah,KOMPETITOR,Bintang 3,BestWesternSenayan-Jakarta,positive,0.9995197057723999,Family & Group Friendly,Family & Group Friendly (1.00); Facilities & Amenities (0.96); Guest Experience (0.95)
Meilin Pakpahan,2025,5,Hotel bw senayan yang lokasinya strategis banget di pusat kota apa lagi klo ada acara di gbk nah saat banget nih jadiin pilihan hotelnya nyaman bersih dan pelayanannya super ramah dan bikin kita jadi nyaman bermalam disini,KOMPETITOR,Bintang 3,BestWesternSenayan-Jakarta,positive,0.9995439648628235,Service Quality,Service Quality (1.00); Service Efficiency & Responsiveness (1.00); Staff Conduct & Hospitality (0.99)
Uni Muljono,2025,2,kesan pertama lihat kamar adalah menyeramkan dan sedih karena tidak ada jendela untuk melihat keluar hanya jendela aksesoris yang ada lampu di lorong ke kamar remang remang di kamar juga kesannya seram bagi yang penakut sangat tidak di sarankan menginap di hotel ini klo tempat memang strategis ke jalan protokol jakarta tapi sangat tidak dianjurkan untuk kamar dan pelayanannya,KOMPETITOR,Bintang 3,BestWesternSenayan-Jakarta,negative,0.9795042872428894,Facilities & Amenities,Facilities & Amenities (0.80); Guest Experience (0.63); Religious & Halal Features (0.43)
Atita Suri,2025,5,Cobain nginep di sini dan tidak berharap pemandangan pagi2 bakal secakep ini kapan lagi bisa melihat gunung dari tengah kota jakarta kan lokasinya strategis deket plaza senayan fasilitasnya juga oke banget sarapannya juga enak layak dicoba,KOMPETITOR,Bintang 3,BestWesternSenayan-Jakarta,positive,0.9993284940719604,Facilities & Amenities,Facilities & Amenities (0.99); Food & Beverage (0.97); Service Quality (0.95)
raymund gifford,2025,3,dinding kamar menggunakan bahan yang khas sangat berisik ketika ada orang berbicara di luar kamar tidak nyaman kiri kanan juga terdengar tidak sesuai dengan harga yang dibayarkan untuk menginap,KOMPETITOR,Bintang 3,BestWesternSenayan-Jakarta,negative,0.9989510774612427,Ambience & Design,Ambience & Design (0.91); Pricing & Value for Money (0.90); Facilities & Amenities (0.89)
Puput Nurul Hayati,2025,5,lokasi strategis di Stc dan Seberang Senayan City meeting room oke musholla oke toilet banyak namun kurang wangi cemilan coffee break oke pelayanan cepat dan ramah harga terjangkau bisa belanja2 parkir luas di basement,KOMPETITOR,Bintang 3,BestWesternSenayan-Jakarta,positive,0.9995299577713013,Service Efficiency & Responsiveness,Service Efficiency & Responsiveness (0.99); Facilities & Amenities (0.99); Pricing & Value for Money (0.97)
Lenny Riana,2025,5,Pilih hotel ini karena dekat ke gbk saat ada acara sepak bola timnas vs iraq kamar bersih dan nyaman walau tanpa jendela pelayanan baik ramah dan memuaskan sarapan banyak pilihan menu dan rasanya enak semuanya,KOMPETITOR,Bintang 3,BestWesternSenayan-Jakarta,positive,0.9995793700218201,Facilities & Amenities,Facilities & Amenities (1.00); Room Quality & Comfort (0.99); Service Quality (0.98)
Ira Paranita,2025,5,hotel bisnis yang direkomendasikan banget lokasi diapit 2 mall besar kamar nyaman makanan enak enak dan pelayanan ramah uniknya tersedia selamat datang cemilan kue tradisional dan harga makanan yang terjangkau,KOMPETITOR,Bintang 3,BestWesternSenayan-Jakarta,positive,0.9993587136268616,Facilities & Amenities,Facilities & Amenities (0.99); Service Quality (0.99); Room Quality & Comfort (0.99)
ina puspa,2025,5,hotel dengan lokasi yang sangat strategis di dalam mall pelayanan terbaik kamarnya bersih luas dijamin betah staycation disini punya pemandangan yang bagus dari dalam kamar,KOMPETITOR,Bintang 3,BestWesternSenayan-Jakarta,positive,0.9995511174201965,Service Quality,"Service Quality (0.99); Cleanliness, Hygiene & Maintenance (0.98); Facilities & Amenities (0.97)"
Christine Jeanette Oroh,2025,1,klo tidak ada jendela minimal pencahayaan tidak remang2 sangat tidak betah tinggal di sini kamar sangat lembab sampai2 setiap waktu kamar harus dibuka seperti itu biar bisa nafas sarung bantal bau sarapan tidak enak makanan resto gagal semua pesan batagor dan bakwan malang untuk tarif 1 6jt pada akhir pekan saya sangat tidak puas dan tidak akan kembali lagi terima kasih,KOMPETITOR,Bintang 3,BestWesternSenayan-Jakarta,negative,0.9982617497444153,Facilities & Amenities,Facilities & Amenities (0.96); Guest Experience (0.92); Food & Beverage (0.84)
Ida Hasty,2025,3,keamanan wanita yang bagian depan lobi bad bangett pelayanannya penjelasan ke pelanggan buruk pakai mobil perjalanan jam jalan jauh menuju lobi cukup sekali saja kesini kecewa,KOMPETITOR,Bintang 3,BestWesternSenayan-Jakarta,negative,0.9992520213127136,Guest Experience,Guest Experience (0.95); Safety & Security (0.94); Check in/out Experience (0.63)
Arnold Bolang,2025,2,lokasi sangat strategis pencahayaan kamar agak gelap kesan pertama masuk kamar mesum pesannya ada view kamar yang didapat tembok semua pelayanan stafnya sangat standar perlu lebih lagi dilatih tentang fokus pelanggan dan bagaimana menciptakan pengalaman yang hebat,KOMPETITOR,Bintang 3,BestWesternSenayan-Jakarta,positive,0.9753299355506897,Guest Experience,Guest Experience (0.96); Facilities & Amenities (0.88); Service Quality (0.84)
Ahmad Fauzi,2025,5,menghadiri acara kumpul teman se angkatan,KOMPETITOR,Bintang 3,BestWesternSenayan-Jakarta,neutral,0.992284893989563,Guest Experience,"Guest Experience (0.89); Loyalty, Recommendation & Appreciation (0.65); Personalized & Special Services (0.60)"
Mella Riza,2025,5,hotel barat terbaiknya jadi jadi saja tapi di menang di lokasi dan aku tadi dilayani sama mas faqih sangat membantu dan ramah banget terima kasih mas faqih top 5 pokoknya,KOMPETITOR,Bintang 3,BestWesternSenayan-Jakarta,positive,0.9994587302207947,Service Quality,Service Quality (0.97); Staff Conduct & Hospitality (0.95); Service Efficiency & Responsiveness (0.94)
Bryan Young,2025,1,Saya 30 April 2024 menginap di sini dikarenakan tempat saya udara mati untuk kamar sangat bau dan panas acnya mau ditunggu berjam tetap panas dan kantor depan tidak membantu sama sekal hanya menyuruh menunggu ac dingin den,KOMPETITOR,Bintang 3,BestWesternSenayan-Jakarta,negative,0.998753547668457,Facilities & Amenities,Facilities & Amenities (0.87); Guest Experience (0.76); Check in/out Experience (0.71)
Aditya Perdana Putra,2025,5,lokasi hotelnya strategis dekat dengan kota senayan dan plaza senayan kamar mandinya bersih dan di kamar sudah disediakan pemanasan untuk memanaskan udara mungkin kurangnya kasur dan bantal nya agak keras,KOMPETITOR,Bintang 3,BestWesternSenayan-Jakarta,positive,0.9985643029212952,Facilities & Amenities,"Facilities & Amenities (0.99); Cleanliness, Hygiene & Maintenance (0.99); Service Quality (0.99)"
mia giri astri,2025,5,Best Western Senayan layanan dan keramahan membantu sekali saat ada kendala pemesanan melalui online saya kedua staycaton di sini dengan keluarga terima kasih terbaik Western Senayan,KOMPETITOR,Bintang 3,BestWesternSenayan-Jakarta,positive,0.9992794394493103,Facilities & Amenities,Facilities & Amenities (1.00); Service Efficiency & Responsiveness (1.00); Staff Conduct & Hospitality (1.00)
DM,2024,4,cukup nyaman kamar juga bersih ac dingin tempat tidur cukup empuk cuman lorong buat ke kamar kita agak suram ya efek motif pemilihan warna lantai sepertinya kalau sendirian jalan agak takut apalagi malem buat makanan sarapan cukup enak cuman lauk untuk makanan berat kurang variasi kurang menu lauk manis cenderung yang sederhana saja buat dessert kue kue tradisional bolu nya enak resto juga bersih nyaman minus mungkin mas yang ada di pintu masuk bisa lebih ramah lagi tidak ada senyum nya deh heran lebih ramah lagi ya,KOMPETITOR,Bintang 3,BestWesternSenayan-Jakarta,positive,0.985037624835968,Ambience & Design,Ambience & Design (0.79); Facilities & Amenities (0.75); Room Quality & Comfort (0.69)
Nailay22,2025,5,harga saat di kantong fasilitas lengkap tipe superior nya nyaman dan tenang,KOMPETITOR,Bintang 3,BestWesternSenayan-Jakarta,positive,0.9990189075469971,Facilities & Amenities,Facilities & Amenities (0.98); Pricing & Value for Money (0.96); Service Quality (0.89)
Liorde Sien,2024,4,lokasi strategis jadi satu dengan stc dekat dengan gbk seberangan dengan senci sampingan dengan plaza senayan kamar cukup kecil sedikit suram terkesan pengap karena tidak ada jendela tapi penataan ruang kamar mandi cukup bagus oiya bingung jg itu ventilator atau apa ya yang terhubung ke lorong rasanya kamar jadi tidak dingin biarpun ac nyala terus makanannya enak2 dan variatif tapi harus melintasi bagian belakang mall buat ke ruang makannya untung mallnya sepi lobi jg kecil sejauh ini layanan nya bagus,KOMPETITOR,Bintang 3,BestWesternSenayan-Jakarta,positive,0.9916907548904419,Facilities & Amenities,"Facilities & Amenities (0.96); Service Quality (0.95); Location, Accessibility & Parking (0.87)"
Matthew Caesar,2025,5,bagus banget kamarnya makanannya enak apalagi bubur ayam ya mantap pelayanannya mas agil juga oke terima kasih mas agil,KOMPETITOR,Bintang 3,BestWesternSenayan-Jakarta,positive,0.9993560910224915,Guest Experience,Guest Experience (0.97); Service Quality (0.97); Room Quality & Comfort (0.96)
Ade Nurtejo,2024,4,kamar cukup luas namun pencahayaan agak temaram kurang terang sedikit kamar mandi saya suka untuk toilet dan mandi dipisah jika berwisata berdua maka ini sangat membantu namun bisa dibilang kamar toilet agak sedikit bau mungkin bisa ditingkatkan kebersamaannya,KOMPETITOR,Bintang 3,BestWesternSenayan-Jakarta,positive,0.9966477751731873,Facilities & Amenities,Facilities & Amenities (0.92); Guest Experience (0.81); Service Quality (0.69)
IBNU LUTFI HAKIM (LUTFI),2025,1,lobby keamanan perempuan sangat tidak ramah,KOMPETITOR,Bintang 3,BestWesternSenayan-Jakarta,negative,0.9994186162948608,Safety & Security,Safety & Security (0.96); Guest Experience (0.77); Facilities & Amenities (0.44)
si tempok,2025,5,Tidak menyesal menginap di sini waktu ulang tahunku karena kasurnya empuk kamarnya sunyi jadi nyaman dan tentram buat aku waktu,KOMPETITOR,Bintang 3,BestWesternSenayan-Jakarta,positive,0.9991623163223267,Room Quality & Comfort,Room Quality & Comfort (0.99); Service Quality (0.98); Facilities & Amenities (0.96)
Alvia Hidayah,2025,5,staf2nya baik mau bantu antar paket ke kamar satpam wanitanya baik banget mau arahin jalan ke sency dan dibawain koper ke mobil buat kamar tidak dulu deh horor banget saya ketindihan kuntilanak,KOMPETITOR,Bintang 3,BestWesternSenayan-Jakarta,positive,0.9893698692321777,Service Efficiency & Responsiveness,Service Efficiency & Responsiveness (0.99); Service Quality (0.99); Facilities & Amenities (0.97)
Ridha Patria,2024,4,bersih dan semua fasilitas berfungsi dengan baik staf membantu sarapan enak dan cukup banyak pilihan layanan pembersihan nya sangat baik barang2 dirapihkan dan ditata dengan lokasi estetik strategis mau ke mall tinggal nyebrang kekurangannya kamarnya kecil tidak ada jendela dan tidak ada kolam renang jadi kurang cocok untuk menginap keluarga,KOMPETITOR,Bintang 3,BestWesternSenayan-Jakarta,positive,0.9600299000740051,Facilities & Amenities,"Facilities & Amenities (1.00); Cleanliness, Hygiene & Maintenance (0.99); Service Quality (0.88)"
Hi! GOODS,2025,4,berisik banget dari luar suara pintu kedengeran kenceng banget semua orang lewat2 tambah setiap pintu kamar sebelah atau depannya kebuka ketutup bunyinya kenceng banget ditambah angkat gada tap kartunya jadi siapa pun bisa masuk bahaya sih cm strategis lokasinya lumayanlah,KOMPETITOR,Bintang 3,BestWesternSenayan-Jakarta,positive,0.8786020874977112,Safety & Security,"Safety & Security (0.82); Facilities & Amenities (0.81); Location, Accessibility & Parking (0.76)"
Shakes Py,2024,5,parkir luas lokasi strategis mau ke mall tinggal jalan karena bersebelahan nginep saat bulan puasa sarapan mengganti sahur menu cukup banyak pilihan dan enak kekurangan kamar tidak ada jendela,KOMPETITOR,Bintang 3,BestWesternSenayan-Jakarta,positive,0.9993100166320801,"Location, Accessibility & Parking","Location, Accessibility & Parking (0.46); Facilities & Amenities (0.06); Service Quality (0.01)"
AINUL FADYAH (FADYAH),2024,5,disini kamar yang saya tempati tidak ada jendela kamar hotelnya tidak ada kolam renang tapi sesuai dengan harga yang trtera dibrbagai aplikasi resto untk sarapan harus turun dulu ke lg lalu dari resepsionis belok kiri lurus mentok belok kanan naik eskalator untk resepsionis tmptnya nyaman wangi ada sambutan minum infus air dan camilan rebusan ubi singkong pisang slebihnya untk karyawan rumah kipping ramah kmrin biaya sarapan untk anak di usia 6thn keatas dikenakan rp 62 0 bisa debit tunai lokasi strategis dpn mall senayan city dkt dengan mall,KOMPETITOR,Bintang 3,BestWesternSenayan-Jakarta,positive,0.999125063419342,Family & Group Friendly,Family & Group Friendly (0.93); Facilities & Amenities (0.91); Service Quality (0.87)
Syafrisal Syarifudin,2024,1,pelayanan nya sangat buruk tidak ramah sekali sekali fasilitas kolam renang sama gym enggak ada akses bebas siapa saja bisa masuk hotel yang paling buruk yang pernah saya alami malam2 ada bunyi tikus diatas atap,KOMPETITOR,Bintang 3,BestWesternSenayan-Jakarta,negative,0.9991617202758789,Facilities & Amenities,Facilities & Amenities (0.99); Guest Experience (0.83); Management & Policy Issues (0.50)
Shelvy Innda,2025,5,langganan di hotel ini kalau ke jakarta kenapa lokasi strategis banget aman dan pelayanan cukup baik meskipun cek masuk jam tengah malam atau lambat cek keluar karena kejebak macet sukses terus,KOMPETITOR,Bintang 3,BestWesternSenayan-Jakarta,positive,0.9993069171905518,Service Quality,Service Quality (1.00); Service Efficiency & Responsiveness (0.99); Safety & Security (0.99)
Rayi Citha,2024,2,Baru sekali kesini lokasinya sangat strategis di dalem stc ada mcd senayan city plaza senayan tapi kurang menyenangkan karena dapat kamar yang bau tikus mati atapnya bocor dan tengah malam ambruk terpaksa pindah kamar jam 1 malam semoga tidak terulang di kamar dan pelanggan lain d,KOMPETITOR,Bintang 3,BestWesternSenayan-Jakarta,negative,0.974371075630188,Facilities & Amenities,Facilities & Amenities (0.67); Guest Experience (0.52); Management & Policy Issues (0.52)
meymey _upinipin,2025,5,nginep di tipe eksekutif puas banget ada semua yang dibutuhin buat short getaway,KOMPETITOR,Bintang 3,BestWesternSenayan-Jakarta,positive,0.9972326159477234,Facilities & Amenities,Facilities & Amenities (0.94); Food & Beverage (0.81); Room Quality & Comfort (0.71)
Shintia Ariska,2024,4,hotel yang sudah cukup tua namun bersih dan interiornya cukup bagus lokasi hotel ini sangat strategis karena dekat dengan pusat perbelanjaan dan perkantoran area senayan hotel ini juga cukup dekat dari gbk tempat ini cocok dijadikan opsi menginap untuk anda yang memiliki kebutuhan di daerah senayan dan sekitarnya,KOMPETITOR,Bintang 3,BestWesternSenayan-Jakarta,positive,0.9991781115531921,Facilities & Amenities,"Facilities & Amenities (0.98); Cleanliness, Hygiene & Maintenance (0.98); Service Quality (0.94)"
Fauzi Aviantara,2023,4,lokasinya strategis dekat ke mall minimarkert dan tempat makan lahan parkir tersedia banyak kamarnya nyaman dan ukurannya cukup tersedia amenity kit udara mineral botol dan teh kopi instan istri stabil dan kencang namun kamarnya tidak ada jendela hanya beberapa kamar saja yang ada,KOMPETITOR,Bintang 3,BestWesternSenayan-Jakarta,positive,0.9991891980171204,Facilities & Amenities,"Facilities & Amenities (0.97); Location, Accessibility & Parking (0.92); Room Quality & Comfort (0.64)"
Weltri Bakara,2025,3,nyaman tapi tidak ada jendela fasilitas kamar lengkap lokasi strategis dan dekat sama ps makanan sarapannya enak,KOMPETITOR,Bintang 3,BestWesternSenayan-Jakarta,positive,0.998979389667511,Facilities & Amenities,Facilities & Amenities (0.99); Room Quality & Comfort (0.88); Service Quality (0.80)
Vira Irma Sari,2024,4,hotelnya berada dalam mall stc petunjuk menuju hotel agak kurang ya jadi kmrn hrs nanya2 dulu kamarnya bagus cuman furnitur memang rada jadul tapi itu oke smua brfungsi baik restonya beda lokasi sama hotelnya harus mengitari bbrp toko di mall dulu baru ketemu resto makanannya enak dan banyak pilihan pekerjaan bagus terbaik barat,KOMPETITOR,Bintang 3,BestWesternSenayan-Jakarta,positive,0.9993079900741577,Facilities & Amenities,"Facilities & Amenities (0.95); Location, Accessibility & Parking (0.66); Service Quality (0.63)"
Inggrita W,2025,3,Hotel anggaran dan sudah berdiri lama kamarnya seperti sebuah malam berdiri hotel tapi sangat mudah diakses karena di atas stc persis,KOMPETITOR,Bintang 3,BestWesternSenayan-Jakarta,positive,0.9948592185974121,Pricing & Value for Money,"Pricing & Value for Money (0.98); Facilities & Amenities (0.89); Location, Accessibility & Parking (0.86)"
Devy S Ratnanda,2025,4,makanannya enak servisenya oke cuma lokasinya saja klo ke stc udah 2x arahan parkirnya tidak jelas,KOMPETITOR,Bintang 3,BestWesternSenayan-Jakarta,positive,0.9871826171875,Service Quality,"Service Quality (0.98); Food & Beverage (0.89); Location, Accessibility & Parking (0.87)"
Nila Puspita Sari,2023,4,lokasi strategis di Stc Sebelahan dengan plaza senayan dan bersebrangan dengan senayan kota makanannya enak enak saya suka laksanya harga terjangkau untuk lokasi di tengah ibukota udara bersih tapi sudut kamar bagian pojokan tidak dibersihkan dan jika tengah malam tikusnya berlarian di atas asbes suaranya kencang jadinya sempat kebangkitan waktu tidur tapi di atas semua oke sihh tolong ditingkatkan kebersiaan lagi terima kasih,KOMPETITOR,Bintang 3,BestWesternSenayan-Jakarta,positive,0.9977949857711792,Facilities & Amenities,Facilities & Amenities (0.93); Pricing & Value for Money (0.93); Service Quality (0.83)
M,2024,4,Pastinya lokas sangat strategis meski merupakan hotel cukup tua tapi kamar bersih kamar mandi pun bersih sebagian besar kamar tidak memiliki jendela tetap nyaman meskipun tanpa jendela jika hanya untuk 1 malam bagi saya,KOMPETITOR,Bintang 3,BestWesternSenayan-Jakarta,positive,0.9984533786773682,Service Quality,"Service Quality (0.98); Cleanliness, Hygiene & Maintenance (0.98); Facilities & Amenities (0.98)"
kpk harahap,2025,5,strategis mknan enak kamar saat untuk luasnya minta sajadah dan sarung untuk sholat langsung diantar,KOMPETITOR,Bintang 3,BestWesternSenayan-Jakarta,positive,0.9991340041160583,Facilities & Amenities,Facilities & Amenities (0.98); Service Quality (0.93); Service Efficiency & Responsiveness (0.93)
Restu Yulia,2025,3,datang jam 14:30 suruh tunggu 15 20 menit tapi kamar tidak siap2 juga jam 15 40 baru siap dan kamar kaya bau apek gitu tapi masih bisa dimaafkan sih untungnya cuma 1 malem,KOMPETITOR,Bintang 3,BestWesternSenayan-Jakarta,negative,0.993863582611084,Guest Experience,Guest Experience (0.69); Check in/out Experience (0.58); Pricing & Value for Money (0.58)
Arnita Trimay H,2024,1,untuk kamar harga 700 800k sangat tidak rekomendasi suara acnya berisik sekali heran ac rusak masih dipakai belum lagi suara orang lewat tengah malam ada yang menangis teriak teriak entah pesta mabok atau apa tengah malam seharusnya bisa istirahat tapi tidak bisa istirahat sampai pagi benar benar bapuk menang lokasi saja kamar nomor 8030 acnya diservis terima kasih sayang sangat tidak bisa mengirim videonya sebagai bukti,KOMPETITOR,Bintang 3,BestWesternSenayan-Jakarta,negative,0.9992207288742065,Service Quality,"Service Quality (0.54); Pricing & Value for Money (0.38); Location, Accessibility & Parking (0.21)"
Fitri Rahayu,2024,4,lokasi strategis dekat plaza senayan dan sency dekat keluarga mart juga cari makan cemilan jg tidak susah fasilitas kamarnya lumayan lengkap dan bersih kurangnya cuma soundproof saja kayanya karena bangunan tiap kamarnya bukan dari tembok tapi dari sekat,KOMPETITOR,Bintang 3,BestWesternSenayan-Jakarta,positive,0.9993023872375488,Facilities & Amenities,"Facilities & Amenities (0.95); Cleanliness, Hygiene & Maintenance (0.79); Family & Group Friendly (0.74)"
Mita Hidayanti,2024,5,pelayanan cepat saat kami meminjam sajadah cepat diantarkan seluruh staf ramah lokasi di tengah kota dan di dalam mall sangat strategis makanannya semuanya enak nilai makanan secara keseluruhan 9 5 10 kekurangannya adalah lantai menginap dapat diakses tanpa kartu padahal hotel jadi satu dengan mall ini membuat keamanan kurang,KOMPETITOR,Bintang 3,BestWesternSenayan-Jakarta,positive,0.9986988306045532,Staff Conduct & Hospitality,Staff Conduct & Hospitality (0.97); Pricing & Value for Money (0.97); Facilities & Amenities (0.97)
Rudy Trisakti,2024,5,hotel yang berkelas dengan di lokasi yang sangat strategis hanya perlu beberapa langkah menuju plaza senayan dan senayan city mall chil inn sebagai resto rekanan menyajikan variasi makanan baik barat maupun benua dengan harga yang cukup terjangkau transportasi yang mudah selain parkir yang cukup luas hotelpun dapat ditempuh melalui transportasi masal mrt dan metro keren,KOMPETITOR,Bintang 3,BestWesternSenayan-Jakarta,positive,0.9993478655815125,"Location, Accessibility & Parking","Location, Accessibility & Parking (0.99); Pricing & Value for Money (0.93); Food & Beverage (0.78)"
Winda Amelya,2022,5,hotelnya unik kamar tidak ada jendelanya saya paham mungkin karena konstruksi bangunannya yang berada di mall kamarnya bersih kamar mandi luas yang saya buat terkesan adalah layanan yang sangat baik untuk staf hotel disini semua staf mulai dari resepsionis sampai staf di restoran semuanya ramah hebat ini pengalaman saya menginap tanggal 11 September 2021 disini terima kasih senayan terbaik barat saya suka menginap di sini,KOMPETITOR,Bintang 3,BestWesternSenayan-Jakarta,positive,0.9993129968643188,Staff Conduct & Hospitality,"Staff Conduct & Hospitality (1.00); Service Quality (1.00); Cleanliness, Hygiene & Maintenance (1.00)"
Aldio Atmaja,2023,5,lokasi ada di dalam stc untuk parkir sendiri ada yang di luar juga ada yang di bawah tanah ramai sekali kalau jam2 pulang kantor kadang antri sampai 5 menit untuk sekedar memilih menu di layar komputer baru untuk rasa dan pelayanan oke standar mcd lainnya,KOMPETITOR,Bintang 3,BestWesternSenayan-Jakarta,positive,0.997266411781311,"Location, Accessibility & Parking","Location, Accessibility & Parking (0.98); Service Quality (0.95); Facilities & Amenities (0.94)"
Dina Nurhasanah,2024,1,Untuk pemimpin hotel terbaik barat tolong evaluasi lagi ya dalam pelayanannya karena pelayanannya sangat mengecewakan tamu tidak ramah sekali sekali sikap nya tidak baik terhadap tamu dan bahasa yang digunakan kurang berkenan apalagi bekerja di bagian frontliner seharusnya attiude dan pelayanan harus no 1 semoga bisa jadi bahan evaluasi kedepannya agar lebih baik,KOMPETITOR,Bintang 3,BestWesternSenayan-Jakarta,negative,0.9972862005233765,Guest Experience,Guest Experience (0.98); Staff Conduct & Hospitality (0.96); Service Quality (0.95)
Annisa Nugraha S,2024,1,Maaf untuk layanan pembersihanenya harus bisa membedakan mana sampah dan bukan sampah boneka saya sejak lahir hilang dan sampai saat ini dari pihak hotel tidak memberi kabar apapun semalam sudah dibantu oleh pihak hotel untuk mencari tapi saat ini tidak ada kabar lagi dari pihak hotelnya,KOMPETITOR,Bintang 3,BestWesternSenayan-Jakarta,negative,0.9989470839500427,Service Quality,"Service Quality (0.98); Complaint Handling & Service Recovery (0.94); Cleanliness, Hygiene & Maintenance (0.91)"
Rita Arianti,2022,4,kalau dikamar serasa malam terus karna tanpa jendela cocok buat pengantin baru untuk tipe kamar deluxe sayangnya tidak da kulkas untuk restonya memuaskan disaat msh banyak yang msh pakai kotak disini sudah bisa makan langsung di restonya,KOMPETITOR,Bintang 3,BestWesternSenayan-Jakarta,positive,0.9990082383155823,Facilities & Amenities,Facilities & Amenities (0.82); Service Quality (0.71); Sustainability & Environmental Quality (0.60)
fina dianofita,2025,4,Meskipun tanpa jendela tapi luas banget buat muslim bisa banget klo mau sholat berjamaah,KOMPETITOR,Bintang 3,BestWesternSenayan-Jakarta,positive,0.9970554113388062,Family & Group Friendly,Family & Group Friendly (0.93); Facilities & Amenities (0.91); Room Quality & Comfort (0.80)
Tyas Arifin,2023,3,kamarnya bersih luas dan rapi tapi mungkin fasilitas kamar bisa ditambah karena kamar saya tidak ada kulkas pdhl perlu banget pemanas berfungsi dengan baik,KOMPETITOR,Bintang 3,BestWesternSenayan-Jakarta,positive,0.6600380539894104,Facilities & Amenities,"Facilities & Amenities (0.98); Cleanliness, Hygiene & Maintenance (0.94); Service Quality (0.89)"
Yohana Aldera,2025,5,Hotel nya nyaman tempat nya strategis dekat ke mall dan gbk pokoknya kalian wajib coba tinggal disini,KOMPETITOR,Bintang 3,BestWesternSenayan-Jakarta,positive,0.9994213581085205,Facilities & Amenities,Facilities & Amenities (0.96); Room Quality & Comfort (0.88); Guest Experience (0.88)
Alfrista Syahvira,2022,5,hotel yang sangat nyaman di daerah senayan kamarnya cukup luas dan kamar mandinya juga luas dan nyaman 3 hari 2 malam rasanya masih betah malas pulang ke senayan kota tinggal nyebrang juga dekat dengan plaza indonesia dan tempat menarik lainnya areanya menarik buat foto foto juga dan makanannya enak enak ada menu promo juga di chillin cafeenya hotelnya ada di dalam mall yang menjual sepeda brompton kamera dan barang barang mewah lainnya,KOMPETITOR,Bintang 3,BestWesternSenayan-Jakarta,positive,0.9995701909065247,Facilities & Amenities,Facilities & Amenities (0.92); Family & Group Friendly (0.76); Food & Beverage (0.68)
0141_SATYO BUDI PERWIRA,2025,5,lokasi strategis nyaman fasilitas oke staf ramah senyum dan merawat tamu sangat rekomen,KOMPETITOR,Bintang 3,BestWesternSenayan-Jakarta,positive,0.9992893934249878,Facilities & Amenities,Facilities & Amenities (0.99); Staff Conduct & Hospitality (0.99); Service Quality (0.97)
Asdar Munandar,2025,4,lokasinya juara depan moll dan dekat gbk,KOMPETITOR,Bintang 3,BestWesternSenayan-Jakarta,neutral,0.9520960450172424,Facilities & Amenities,Facilities & Amenities (0.85); Sustainability & Environmental Quality (0.73); Service Efficiency & Responsiveness (0.67)
Tya Wiyatno,2020,3,lokasi persis diseberang senayan city dan sebelah plaza senayan akses lalu lintas menuju ke hotel ini cukup padat pastikan anda memiliki waktu lebih banyak agar tidak terburu buru kamar cukup bersih namun toilet agak bau kurang sedap meskipun sudah dibersihkan posisi restoran membuat bingung tamu yang menginap karena jaringan hotel ini memanfaatkan fasilitas gedung yang dulunya pertokoan staf cukup ramah dan membantu,KOMPETITOR,Bintang 3,BestWesternSenayan-Jakarta,positive,0.9966985583305359,Facilities & Amenities,"Facilities & Amenities (0.87); Location, Accessibility & Parking (0.76); Service Quality (0.70)"
Vania Hugeng,2024,3,kamarnya luas dan cukup bersih ini dapet kamar yang tidak ada jendela baru aku kurang tahu semua kamar tidak ada jendelanya atau ada yang ada lokasi nya cukup strategis dekat mall dan mrt,KOMPETITOR,Bintang 3,BestWesternSenayan-Jakarta,positive,0.9983689188957214,Room Quality & Comfort,"Room Quality & Comfort (0.91); Service Quality (0.91); Cleanliness, Hygiene & Maintenance (0.90)"
isti anah,2025,5,rekomend kamar bagus bersih cepat sarapan enak staf ramah dan membantu terima kasih,KOMPETITOR,Bintang 3,BestWesternSenayan-Jakarta,positive,0.9990361928939819,Service Efficiency & Responsiveness,"Service Efficiency & Responsiveness (1.00); Guest Experience (1.00); Cleanliness, Hygiene & Maintenance (1.00)"
naila zulfa,2025,5,kamar nya oke dkeat dari moll juga pelayanan mas jangan baik ramah membantu saya membawakan barang tku pesti akan kemari lagi,KOMPETITOR,Bintang 3,BestWesternSenayan-Jakarta,negative,0.9626940488815308,Facilities & Amenities,Facilities & Amenities (0.99); Guest Experience (0.99); Room Quality & Comfort (0.99)
Ruliandi Efrial,2022,5,tempatnya strategis saya paham kenapa tidak ada jendela di kamar karena bangunan dan konstruksiinya berada di mall desain dan dekorasi kamarnya bagus saya sangat apreasi dengan pelayanan yang ramah dari seluruh staf terima kasih terbaik senayan barat,KOMPETITOR,Bintang 3,BestWesternSenayan-Jakarta,positive,0.9994783997535706,Staff Conduct & Hospitality,Staff Conduct & Hospitality (1.00); Facilities & Amenities (0.99); Service Quality (0.99)
natalia amanda,2024,1,cek masuk parah banget lamanya kok bisa ya jadwal cek masuk jam 2 tapi 3 14 bilang kamar belum siap tu gimana baru ini sih cek masuk lama banget hotel lain ngga selama ini sih tambah nih 3 29 belum ada kamar bilangnya waw sekali ya,KOMPETITOR,Bintang 3,BestWesternSenayan-Jakarta,negative,0.9991896748542786,Pricing & Value for Money,Pricing & Value for Money (0.34); Booking & Reservation Experience (0.33); Check in/out Experience (0.33)
Sukma R,2022,5,ada di pusat kota jadi mudah kemana2 deket berhenti bustrans dan mrt tinggal jalan kaki saja jika pertama kali kesana saat mau masuk ke hotel pasti bingung sama pintu masuknya karena ditandatangani dan penanda arah kurang terlihat saat masuk ke interior kamar cukup nyaman sayangnya tidak kedap suara jadi orang lain ngobrol atau mendengkur di kamar lain saja kita bisa mendengar dari kamar kita tapi saya akui pelayanan staf hotel nya ramah terutama pak ari yang waktu itu sangat banyak membantu rombongan kami dan setiap petugas yang bertemu tamu mereka selalu memberi salam dengan ramah baik admin staf pemeliharaan gedung dan staf kebersihannya semua menu ramah sarapan nya juga,KOMPETITOR,Bintang 3,BestWesternSenayan-Jakarta,positive,0.9975399971008301,Staff Conduct & Hospitality,Staff Conduct & Hospitality (0.94); Service Quality (0.90); Service Efficiency & Responsiveness (0.88)
Nina W,2023,4,Salah satu hotel favorit saya adalah yang terbaik barat yang menarik dari yang terbaik barat senayan adalah tempatnya yang cukup strategis deket banget sama senayan kota dan plaza senayan kamarnya luas pelayanan ramah saat ada komplain juga petugasnya gercep sarapan jadi jadi saja saat pesan omelette di sudut telur bilangnya diminta menunggu dan nanti dianterin sampai makan sls ngga kunjung datang tapi semua oke dan pasti akan kembali lagi ke terbaik barat,KOMPETITOR,Bintang 3,BestWesternSenayan-Jakarta,positive,0.9992663264274597,Staff Conduct & Hospitality,Staff Conduct & Hospitality (0.99); Service Quality (0.99); Service Efficiency & Responsiveness (0.98)
Christanty K,2020,5,posisi hotel sangat strategis terletak di dalam stc nyebrang ke depan ada senayan kota nyebrang ke samping kanan bisa ke metro dan plaza senayan mau cari makan juga mudah jadinya tambah kalau mau makan yang rada ringan di kantong bisa ke sisi bagian kiri ada yang jualan gerobakan aneka makanan seperti sate taichan dll ada resto dan kedai indomie n roti bakar juga kalau mager bisa ke mcd di lantai dasar yang buka 24 jam kamar juga nyaman walau tanpa jendela kamar bersih dan luas serta ada pengering rambut di kamar mandi juga kondisi enak masakannya tidak ada kolam renang hotel n gym jadi ini tidak cocok,KOMPETITOR,Bintang 3,BestWesternSenayan-Jakarta,positive,0.9993109703063965,Facilities & Amenities,"Facilities & Amenities (0.90); Service Efficiency & Responsiveness (0.87); Cleanliness, Hygiene & Maintenance (0.78)"
levi mariana,2025,5,kamar bersih pelayan na oke trutama resepsi ronald dan pembersihan servis nya jaka mreka membantu saya dengan pelayanan yang baik dan ramah mreka mau di repotkan oleh saya hahahha berikutnya akan menginap lagi ach di sana terima kasih terbaik barat pertahankan kinerja kalian y,KOMPETITOR,Bintang 3,BestWesternSenayan-Jakarta,positive,0.9985396862030029,"Cleanliness, Hygiene & Maintenance","Cleanliness, Hygiene & Maintenance (1.00); Staff Conduct & Hospitality (1.00); Facilities & Amenities (0.99)"
Syifa Apriani,2025,4,lokasi terbaik banget deket kemana mana sarapannya kue pelayanan nya ramah kamar bersih pemanas air normal hotel strategis yang harganya saku banget cocok,KOMPETITOR,Bintang 3,BestWesternSenayan-Jakarta,positive,0.9995191097259521,Service Quality,Service Quality (0.99); Facilities & Amenities (0.99); Food & Beverage (0.98)
Nana Nurdjanah,2023,3,untuk kamar baru tidak cukup nyaman karena merasa terkurung karena tidak ada jendela baru untuk layanan cukup ramah jika dari segi lokasi sangat strategis dekat dari mana mana baik pusat perbelanjaan maupun transportasi umum,KOMPETITOR,Bintang 3,BestWesternSenayan-Jakarta,positive,0.9981624484062195,Facilities & Amenities,Facilities & Amenities (0.98); Service Efficiency & Responsiveness (0.97); Service Quality (0.94)
Ghaisan Izz Review,2023,5,Suka banget sama hotel ini servicenya oke stafnya ramah walapun secara fasilitas tidak lengkap tapi semua oke banget kamarnya itu nyaman bersih apalagi makanannya enak enak semua juara banget sih resto dan kafeenya mewah banget trus deket dengan mall kalau belanja tinggal nyebrang saja,KOMPETITOR,Bintang 3,BestWesternSenayan-Jakarta,positive,0.9995226860046387,Service Quality,Service Quality (0.99); Staff Conduct & Hospitality (0.98); Facilities & Amenities (0.96)
JELAJAH NUSANTARA,2023,5,Lokasinya sangat bagus kamar sangat luas bersih dan nyaman tidak ada debu excellent pokoknya tidak salah memilihnya sebagai rumah kedua karena saya merasa nyaman kebersihannya memiliki setandar yang baik terimakasih atas pelayanan nya,KOMPETITOR,Bintang 3,BestWesternSenayan-Jakarta,positive,0.9993322491645813,Room Quality & Comfort,Room Quality & Comfort (1.00); Service Quality (1.00); Facilities & Amenities (0.99)
TAUFIK ARIFIN,2023,5,pengalaman ke hotel ini ac dingin kamar cukup luas loby bagus banyak tempat duduk staf ramah parkir gratis hrus daftarin dlu ya hotel gabung sama mall _awal pertma kesini mungkin bingung untuk kri parkir motor tau diluar bukan di besmen karena petujuk arahan kurang ovral puas,KOMPETITOR,Bintang 3,BestWesternSenayan-Jakarta,positive,0.9969748258590698,Guest Experience,Guest Experience (0.97); Booking & Reservation Experience (0.96); Facilities & Amenities (0.96)
Cahyono R.,2022,4,lokasi baru strategis di pusat kota dan dekat dengan gbk untuk kamar baru luas hanya saja konsep hotel lama jadi terlihat sedikit suram untuk sarapan nya harus turun dan jalan cukup jauh karena berada di 1 gedung dengan pusat perbelanjaan pelayanan nya oke,KOMPETITOR,Bintang 3,BestWesternSenayan-Jakarta,positive,0.9988215565681458,Service Quality,"Service Quality (0.97); Facilities & Amenities (0.86); Location, Accessibility & Parking (0.79)"
Dyandra Aditya,2024,3,lokasi strategis kamarnya terdengar dari luar sebelah penerangan kamar redup wifi di kamar lemot dari kamar menuju ke resto hotel harus menyusuri lorong mall hotel berada dilingkup mall stc,KOMPETITOR,Bintang 3,BestWesternSenayan-Jakarta,positive,0.9273160099983215,Digital Connectivity & Technology,Digital Connectivity & Technology (0.66); Facilities & Amenities (0.57); Service Quality (0.56)
Evita Handayani,2024,5,hotel didalam mal stc dan dekat dengan gbk kamarnya enak buat tidur lampunya temaram tetapi pelayanan memuaskan cek masuk ada minuman dan cemilan alternatif penginapan kalau ada konser di gbk,KOMPETITOR,Bintang 3,BestWesternSenayan-Jakarta,positive,0.9995280504226685,Service Quality,Service Quality (0.98); Facilities & Amenities (0.94); Food & Beverage (0.93)
Kevia Aoqi Aqilah Wafi,2025,5,Sangat dianjurkan untuk tinggal kamarnya bersih dan rapih dan staf sangat baik,KOMPETITOR,Bintang 3,BestWesternSenayan-Jakarta,positive,0.9990215301513672,"Cleanliness, Hygiene & Maintenance","Cleanliness, Hygiene & Maintenance (1.00); Service Quality (1.00); Room Quality & Comfort (0.97)"
advendy saputra,2020,4,letak strategis harga terjangkau kamar nyaman dingin parkir ruang bawah tanah luas pelayanan ramah tapi tidak ada jendela di kamarnya parkir gratisnya kalau setiap hari keluar masuk harus lapor setiap hari sarapan standar di peta lebih dikenal dengan stc lobby hotel daripada best western,KOMPETITOR,Bintang 3,BestWesternSenayan-Jakarta,positive,0.9989286065101624,"Location, Accessibility & Parking","Location, Accessibility & Parking (0.97); Facilities & Amenities (0.91); Pricing & Value for Money (0.91)"
The Traveling Cow,2023,2,salah satu hotel terburuk terbaik barat terpaksa menginap di sini karena harus mengurus acara pagi2 di lokasi deket sini tapi semaleman ngga bisa tidur ac kamar bolak balik mati kepanasan terus suara dari luar kedengeran banget jadi sampai jam 1 malam masih denger tuh rekaman tukang jualan tahu bulat digoreng dadakan padahal menginap di lantai 6 dah lah semoga tidak harus menginap di sini lagi,KOMPETITOR,Bintang 3,BestWesternSenayan-Jakarta,negative,0.9951847195625305,Facilities & Amenities,Facilities & Amenities (0.67); Booking & Reservation Experience (0.50); Guest Experience (0.47)
DA Abi Yusuf,2023,5,hotel yang dekat pusat perbelanjaan di samping plaza senayan didepan senayan kota ada kamar yang ada jendela dan ada yang jendelanya tidak ada kolam renang atau gym lokasinya di gedung stc ada mcd 24 jam tidak perlu khawatir tentang saraoan makan siang dan makan malam ditambah lagi ada beberapa kafe lainnya,KOMPETITOR,Bintang 3,BestWesternSenayan-Jakarta,positive,0.9993528723716736,Facilities & Amenities,Facilities & Amenities (0.98); Service Efficiency & Responsiveness (0.93); Service Quality (0.85)
Dani Maulana,2025,3,bagi yang ada kebutuhan di daerah senayan dan perlu menginap maka terbaik senayan barat merupakan alternatif yang cocok akses dekat mana mana mana hanya sayang view dari kamar terbatas,KOMPETITOR,Bintang 3,BestWesternSenayan-Jakarta,positive,0.9966416358947754,Facilities & Amenities,"Facilities & Amenities (0.87); Location, Accessibility & Parking (0.58); Family & Group Friendly (0.56)"
Aris Hidayat,2025,5,minggu lalu saya menginap di sana pelayananya oke resepsi kairo ramah melayani saya yang bawel hahaha pembersihan servis nya juga ramah saya minta tangan ganda dan bantal langsung di layanin dengan baik oleh nanda sampai jumpa western terbaik,KOMPETITOR,Bintang 3,BestWesternSenayan-Jakarta,positive,0.9990755319595337,"Cleanliness, Hygiene & Maintenance","Cleanliness, Hygiene & Maintenance (0.99); Staff Conduct & Hospitality (0.99); Facilities & Amenities (0.99)"
Albertus Aditya,2020,2,karena hotel ini berada di Stc senayan maka tidak semua kamar mendapatkan jendela untuk melihat pemandangan keluar saya kebetulan mendapatkan kamar yang tidak ada jendelanya sehingga kamar menjadi gelap tidak ada sinar matahari yang masuk untuk pelayanan oke menu makanan sarapan oke lokasi strategis publish rate terjangkau,KOMPETITOR,Bintang 3,BestWesternSenayan-Jakarta,positive,0.995978832244873,Service Quality,Service Quality (0.99); Facilities & Amenities (0.99); Pricing & Value for Money (0.98)
Widyo,2024,4,tempat yang cocok untuk belanja keperluan hobi moto nggowes nggitar tembak2an gas hiking atau elektronik senci ps tinggal lompat sarapan lumayan enak salah desain letak tempat wudhu lt 6 sehingga lantai basah ngeblend dengan kotoran sepatu peserta pertemuan o ya penting internet lemot kecepatan zaman seblm masehi,KOMPETITOR,Bintang 3,BestWesternSenayan-Jakarta,positive,0.7406774759292603,Facilities & Amenities,Facilities & Amenities (0.96); Cultural & Heritage Experience (0.81); Religious & Halal Features (0.80)
Aldio Prawira,2023,5,letak hotelnya strategis dekat banget sama mall plaza senayan dan senayan kota apalagi ke gbk cuma 2 menitan saja kamarnya juga nyaman suka banget sama ruang kamar mandinya bersih dan luas,KOMPETITOR,Bintang 3,BestWesternSenayan-Jakarta,positive,0.9995837807655334,Facilities & Amenities,"Facilities & Amenities (0.98); Cleanliness, Hygiene & Maintenance (0.97); Room Quality & Comfort (0.97)"
gulaku Manis,2023,5,staf ramah untuk lokasi sangat strategis untuk kamar oke banget dengam anggaran dan khas kamar yang oke WC bersih AC dingin udara panas oke makanan sarapan oke dengan berbagai pilihan makanan besar hingga roti2an menyatu dengan stc sehingga memudahkan parkir dan juga tinggal jalan mall stc atau senayan city mall nyebrang,KOMPETITOR,Bintang 3,BestWesternSenayan-Jakarta,positive,0.999527096748352,Facilities & Amenities,"Facilities & Amenities (1.00); Pricing & Value for Money (0.99); Location, Accessibility & Parking (0.99)"
Martiana Sipahutar,2020,4,Lokasinya agak membingungkan karena memang ada di dalam kamar saya tidak ada jendelanya dan di sebelah entah ada apa ada suara berisik seperti orang menggeser tempat tidur atau bertukang sarapannya sangat jauh melampaui harapan sangat banyak pilihan dan semuanya enak favorit,KOMPETITOR,Bintang 3,BestWesternSenayan-Jakarta,positive,0.9904476404190063,Facilities & Amenities,Facilities & Amenities (0.93); Guest Experience (0.67); Service Quality (0.65)
Halimatus Sa’diah,2024,5,pelayanan mantap bagi yang mau nnton konser di gbk cocok banget nginep di sini karena harga lebih murah dari pada hotel dekat lain nya dan hotelnya pun sangat nyaman rekomen banget lah pokok nyaa,KOMPETITOR,Bintang 3,BestWesternSenayan-Jakarta,positive,0.9993427395820618,Service Quality,Service Quality (0.98); Pricing & Value for Money (0.97); Facilities & Amenities (0.90)
nini putri Wijaya,2024,3,kamar kecil tanpa jendela kran bidet nya kecil jadi kalau habis po p harus bebersih di mandi lagi resepsi nya tidak melewati sop keramahan menurut ku karena ada titipan dari suami gua dalam amplop difotoin amplopnya sama suami gua tapi saat gua tanya malah resepsiinya yang buka amplop nya dan dikasih ke gua brg dalam amplop tanpa izin apakah itu normal lokasi emang prime sebrang sency 1 area dengan stc,KOMPETITOR,Bintang 3,BestWesternSenayan-Jakarta,negative,0.9639166593551636,Service Quality,Service Quality (0.80); Guest Experience (0.79); Facilities & Amenities (0.67)
Nurul Rejeki,2021,4,letak hotelnya sangat strategis bertempat di gedung stc persis berhadapan dengan senayan city mall juga dekat dengan plaza senayan sehingga bisa ditempuh dengan jalan kaki pelayanannya baik dan ramah sayang dapat kamar yang tidak ada jendela sehingga tidak bisa melihat pemandangan makanannya sangat enak cuma sedikit ribet meskipun di gedung yang sama tapi harus turun ke lantai 1 lalu jalan ke belakang dan naik lagi ke lantai 2,KOMPETITOR,Bintang 3,BestWesternSenayan-Jakarta,positive,0.9992688298225403,Service Efficiency & Responsiveness,Service Efficiency & Responsiveness (0.99); Service Quality (0.96); Staff Conduct & Hospitality (0.92)
Muhammad Irfan,2023,5,lokasi nya strategis di pusat kota dekat dengan mall dan gbk kamar nya luas dan rapih koridor nya bagus dh bersih ac nya dingin mandi nya mengalir kencang jadi puas saat mandi layaknya lah dengan harga yang standar tapi memuaskan,KOMPETITOR,Bintang 3,BestWesternSenayan-Jakarta,positive,0.9995614886283875,Facilities & Amenities,"Facilities & Amenities (0.99); Cleanliness, Hygiene & Maintenance (0.99); Service Quality (0.98)"
mefifa rusli,2023,4,hotelnya nyaman skali loh kamar mandi na juga bersih n luas seneng banget nginep dsni karna deket dengan mall tinggal jalan kaki saja nyampe makanan d resto na jg enak banget puas deh staycation d best western senanyan,KOMPETITOR,Bintang 3,BestWesternSenayan-Jakarta,positive,0.9995833039283752,Facilities & Amenities,"Facilities & Amenities (1.00); Cleanliness, Hygiene & Maintenance (0.99); Service Quality (0.96)"
Nabila Abturahman,2024,5,pilihan yang baguss gasalah saya tinggal di sini untuk beberapa waktu tempatnya bagus wangi makanan nya enak bagus lahh awal bingung mengurusnya untung ada staf dondi yang sigap ngebantu,KOMPETITOR,Bintang 3,BestWesternSenayan-Jakarta,positive,0.9991733431816101,Facilities & Amenities,Facilities & Amenities (0.99); Service Quality (0.95); Room Quality & Comfort (0.94)
Dimas Agy,2023,3,letak hotel strategis banget persis depan senayan city mal tapi secara kamar tidak banget partisi kamar hotel nya cmn pakai macam gypsum gtu doang jadi suara berisik dikit kedengaran dari luar bgtu jg sebaliknya,KOMPETITOR,Bintang 3,BestWesternSenayan-Jakarta,negative,0.8949819207191467,Ambience & Design,Ambience & Design (0.67); Sustainability & Environmental Quality (0.55); Facilities & Amenities (0.55)
Dhedhe Dirgawijaya,2020,3,ngga ada jendelanya tidak tahu deh di luar hujan atau engga panas atau mendung ah entahlah resto juga terpisah dari hotel meskipun masih satu gedung padahal sebenernya hotelnya oke lho meskipun tidak ada kulkasnya cek masuk cek keluar fleksibel jika memungkinkan ada mcd 24 jam di sini untuk sarapannya sebenernya sudah enak tapi kurang variasi saja hari ke hari,KOMPETITOR,Bintang 3,BestWesternSenayan-Jakarta,positive,0.8551434278488159,Facilities & Amenities,Facilities & Amenities (0.94); Check in/out Experience (0.93); Food & Beverage (0.88)
Ayesha Rizal,2020,3,keuntungan nginap disini cuma karena deket sama sency dan berhenti busway hotelnya auranya kayak gimana gitu aku kurang nyaman mengangkatnya juga kurang responsif bikin deg2an saat mau sarapan aku lihat ada tikus berkeliaran di daerah resto bikin tidak mood makan jadinya mana gede pula tikusnya pegawainya juga lama responnya saat dimintai tolong untuk turunkan koper dari kamar ada mungkin 20 menit,KOMPETITOR,Bintang 3,BestWesternSenayan-Jakarta,negative,0.9983114004135132,"Location, Accessibility & Parking","Location, Accessibility & Parking (0.86); Facilities & Amenities (0.77); Guest Experience (0.76)"
TEGUH P,2021,4,sudah beberapa kali menginap di hotel ini karena lokasinya yang satu atap dengan mall hobi jadi tidak sulit lagi kalu mau menikmati belanja hobi btw ini hotel apa tidak ada jendela ya tiap-tiap dapat kamar tidak pernah ada jendelanya jadi kalu sudah pagi g ketahuan suasanya malam terus,KOMPETITOR,Bintang 3,BestWesternSenayan-Jakarta,positive,0.995660126209259,Facilities & Amenities,Facilities & Amenities (0.68); Service Quality (0.50); Service Efficiency & Responsiveness (0.42)
amalia fitri,2023,5,Secara keseluruhan baik semua staf ramah jika perlu apa2 di kamar pelayanan untuk housekeeping jg cepat dan ramah kamar dan kamar mandi bersih tidak ada debu ini yang paling penting sih jadi nyaman tinggalnya hebat,KOMPETITOR,Bintang 3,BestWesternSenayan-Jakarta,positive,0.9986333250999451,"Cleanliness, Hygiene & Maintenance","Cleanliness, Hygiene & Maintenance (1.00); Staff Conduct & Hospitality (1.00); Facilities & Amenities (1.00)"
Dayu Agung,2024,4,hotelnya di tempat yang strategis deket mau kemana tapi sayangnya beberapa stop kontak ada yang gk bgus trus tempat tidurnya berisik karna kayunya,KOMPETITOR,Bintang 3,BestWesternSenayan-Jakarta,positive,0.8649182915687561,Facilities & Amenities,"Facilities & Amenities (0.71); Location, Accessibility & Parking (0.64); Guest Experience (0.54)"
Siska Tri Sukma Ariyani,2023,5,puas menginap disini strategis mau kemana mana mana deket scbd deket stadion dan mall cari makan tinggal ke luar hotel dan yang paling aku seneng hotelnya jadi satu sama mall terima kasih banget kemarin saat menginap dikasih upgrade gratis kamar yang langsung viewnya bundaran sudirman,KOMPETITOR,Bintang 3,BestWesternSenayan-Jakarta,positive,0.9993044137954712,Service Quality,Service Quality (0.77); Facilities & Amenities (0.63); Guest Experience (0.61)
Andrea Rizky,2023,5,tempat strategis ac sangat dingin penerangan baik pemanas airnya juga berfungsi sangat baik mandi mengalir kencang jadi puas saat mandi layaknya lah dengan harga yang standar tapi memuaskan terima kasih bestwestern,KOMPETITOR,Bintang 3,BestWesternSenayan-Jakarta,positive,0.9994770884513855,Facilities & Amenities,Facilities & Amenities (0.99); Pricing & Value for Money (0.98); Service Quality (0.96)
Diecy Franky Gandasuli,2025,5,hotel terjangkau ditengah kota syg saat disini westafelnya mampet semoga diperbaikin dengan respon cepat kedepannya,KOMPETITOR,Bintang 3,BestWesternSenayan-Jakarta,positive,0.9836738109588623,Facilities & Amenities,Facilities & Amenities (0.85); Service Quality (0.80); Service Efficiency & Responsiveness (0.78)
Tri Saptana Wahyudi,2020,4,kelebihan hotel paling menonjol ini adalah berada di lokasi sangat strategis di senayan akses ke semua tujuan kota jakarta mudah sayangnya memang untuk masuk ke hotel bagi yang pertama kali tentu agak bingung karena terintegrasi dengan fasilitas mall dan pelayanan cukup bagus,KOMPETITOR,Bintang 3,BestWesternSenayan-Jakarta,positive,0.9985550045967102,Facilities & Amenities,Facilities & Amenities (0.97); Service Quality (0.96); Service Efficiency & Responsiveness (0.80)
Donny Ariawan,2023,5,lokasi ditengah kota antara mall plaza senayan dan senayan kota mana mana mana mudah jadi pelayanannya oke kamar oke tapi agak mepet untuk tempat tidurnya dengan tembok disalah satu sisinya tapi okelah walaupun tidak ada jendela langsung melihat pemandangan luar kamar,KOMPETITOR,Bintang 3,BestWesternSenayan-Jakarta,positive,0.9986780285835266,Service Quality,Service Quality (0.98); Facilities & Amenities (0.93); Guest Experience (0.87)
Waginah chusnudin Kusroni,2023,5,kamar besar nyaman untuk sekeluarga ac dingin pemanas air menyala dengan baik cocok untuk saya yang sudah usia lanjut tempat strategis terimakasih best western,KOMPETITOR,Bintang 3,BestWesternSenayan-Jakarta,positive,0.9993953704833984,Family & Group Friendly,Family & Group Friendly (0.98); Room Quality & Comfort (0.92); Facilities & Amenities (0.90)
Yureski Belly S,2025,5,hotel sudah agak tua tpi karena di pusat kota masih okelah sarapan lumayan bervariasi,KOMPETITOR,Bintang 3,BestWesternSenayan-Jakarta,positive,0.9966310858726501,Sustainability & Environmental Quality,Sustainability & Environmental Quality (0.78); Service Efficiency & Responsiveness (0.76); Guest Experience (0.75)
Afiatussalwa,2025,5,kamar nya bagus dingin makannan nya enak semuanya kebetulan bisa yang deket dari acara pelayana nya mas resepsi nya baik banget,KOMPETITOR,Bintang 3,BestWesternSenayan-Jakarta,positive,0.9993528723716736,Facilities & Amenities,Facilities & Amenities (0.99); Service Quality (0.98); Room Quality & Comfort (0.97)
Lioni Pusponegoro,2023,5,buat yang mau staycation nih hahahah fasilitas oke maksimum strategis soalnya bawahnya ada stc seberangnya ada senayan kota sampingnya ada plaza senayan dan klo laki-laki ke mall2nya ada keluarga juga pasar juga bakal ngopi2 atau nyemil2 lucu,KOMPETITOR,Bintang 3,BestWesternSenayan-Jakarta,positive,0.9991043210029602,Facilities & Amenities,Facilities & Amenities (0.99); Family & Group Friendly (0.94); Guest Experience (0.91)
Shindi Septionita,2025,5,Untuk Ronald resepsi parah ramah nya neh orang suka dhe sama pelayanan nya dia pertahankan dan kinerja nya untuk nanda layanan pembersihan keren mau ngebantu aku seperti repot nya terima kasih bro,KOMPETITOR,Bintang 3,BestWesternSenayan-Jakarta,positive,0.9989075660705566,Guest Experience,"Guest Experience (1.00); Service Efficiency & Responsiveness (1.00); Cleanliness, Hygiene & Maintenance (0.99)"
put pit,2023,5,Harga tingkat menengah tapi masih terjangkau ada tempat nongkrong area merokok menghadap senayan kota sayang malam minggu tutypnya terlalu cepat jam 20 30,KOMPETITOR,Bintang 3,BestWesternSenayan-Jakarta,positive,0.996292233467102,Facilities & Amenities,Facilities & Amenities (0.99); Pricing & Value for Money (0.97); Guest Experience (0.82)
Sultani Esdete,2021,4,uli bakar bang tatang letaknya persis di pinggir jalan raya bedahan sawangan depok dekat indomaret mulai buka jam 4 sore sampai jam 10 malam uli bakarnya gurih terutama kalau makan di tempat ada kursi meja buat pengunjung yang pesan makan di tempat,KOMPETITOR,Bintang 3,BestWesternSenayan-Jakarta,positive,0.9983225464820862,Service Quality,Service Quality (0.94); Facilities & Amenities (0.89); Service Efficiency & Responsiveness (0.85)
dinoyo kamera malang,2024,5,komunikasi baik kami tidak menginap di sini tapi mengantarkan bule yang tersesat lagi bulenya juga gt gabisa inggris gabisa indonesia gabisa mandarin tapi pelayanannya sangar bis bahasa tubuh wkwkwkwk komunikasi baik,KOMPETITOR,Bintang 3,BestWesternSenayan-Jakarta,positive,0.6186473369598389,Service Quality,Service Quality (0.98); Guest Experience (0.97); Staff Conduct & Hospitality (0.82)
itsichey Nih,2023,5,tempatnya nyaman banget layanan oke banget kebersihan oke dekat ke mall dari hotel dekat ke gbk dari hotel restoran yang nyaman dan masakan enak banget asli kamar yang luas dan besar dari segi harga keren si terjangkau dan murah untuk kisaran hotel daerah senayan patut di coba buat traveler bisnis dan lainnya dapatkan sensasinya mengerikan akan mencoba lagi untuk menginap di hotel ini top banget,KOMPETITOR,Bintang 3,BestWesternSenayan-Jakarta,positive,0.9994634985923767,Pricing & Value for Money,"Pricing & Value for Money (1.00); Cleanliness, Hygiene & Maintenance (0.99); Facilities & Amenities (0.99)"
Silviana Matrin,2024,1,Kehialngan hp dikamar hotel tapi housekeeping nya blg nya tidak nemuin pdhl jeleas saya inget di dalam kamar di icload masi ada di dalam hotel juga lain kali yang jujur ya baru x ini ngasi ulasan bgini karena emg kecewa bukan masalah harga hpnya,KOMPETITOR,Bintang 3,BestWesternSenayan-Jakarta,negative,0.9992862343788147,Service Quality,Service Quality (0.64); Guest Experience (0.53); Pricing & Value for Money (0.40)
Agoesaja Agoesaja,2020,3,Saya dapat kamar 7015 tidak ada jendela bersih tapi agak sumpek ya saat menuju kearah kamar setelah keluar angkat makanannya lumayan baik sarapan maupun saat makan siang yang enak adalah akses ke mall nya karena dekat ke plaza senayan sama senayan kota,KOMPETITOR,Bintang 3,BestWesternSenayan-Jakarta,positive,0.9987576007843018,Facilities & Amenities,Facilities & Amenities (0.94); Food & Beverage (0.88); Service Quality (0.86)
Shanti Melani,2020,5,tempatnya strategis terutama jika kita ada urusan pekerjaan ke kementerian panrb layanan kamarnya baik makananan enak suatu kebanggaan ketika kami menginap di sana gm managernya mr helmi junaidi dengan ramah n antusias membantu apa yang kami butuhkan selama menginap di sana keramahan beliau seperti bertemu dengan keluarga di jakarta kedepan semoga ada sarana kolam renang,KOMPETITOR,Bintang 3,BestWesternSenayan-Jakarta,positive,0.9993278980255127,Staff Conduct & Hospitality,"Staff Conduct & Hospitality (0.99); Loyalty, Recommendation & Appreciation (0.98); Service Quality (0.97)"
Gregorius Dimas,2020,3,Hotel berada dalam lokasi Stc Senayan kebersihan cukup pelayanan cukup kali pertama datang ke hotel ini karena ikut sebuah acara yang sempat dikira adalah workshop pemasaran digital ternyata ya mulai dari sana hehehe,KOMPETITOR,Bintang 3,BestWesternSenayan-Jakarta,positive,0.9960924983024597,Service Quality,"Service Quality (0.96); Cleanliness, Hygiene & Maintenance (0.94); Facilities & Amenities (0.76)"
Fitri Agustini,2023,5,Recommended tempat strategis kamar cukup luas bersih ac dingin fasilitas oke asyik buat saya waktu coz netflixnya lancar tanpa kendala terima kasih ke bestwestern senayan,KOMPETITOR,Bintang 3,BestWesternSenayan-Jakarta,positive,0.9994662404060364,Facilities & Amenities,Facilities & Amenities (0.98); Service Quality (0.94); Room Quality & Comfort (0.93)
Sultan Muhammad Anis Raisya,2022,4,tempat senayan barat ini sangat strategis didekatnya ada banyak mall berbeda dan juga jotel ini menyambung ke stc jika anda suka diecast hotel ini cocok bangett dah karena stc itu tempatnya diecast disebrang nya juga sensi plaza senayan hotel ini juga memiliki kamar keluarga dan juga lokasinya sangat dekat dengan glora bung karno kekurangan hanya beberapa kamar yang ada jendelanya pintu kamar mandi yang hampir tembus pandang transkulant kesimpulan hotel ini cocok untuk anda yang sangat ingin tempat yang strategis bisa ke mall dan lari pagi dan dengan harga yang layak untuk tempat yang strategis itu,KOMPETITOR,Bintang 3,BestWesternSenayan-Jakarta,positive,0.9990680813789368,Facilities & Amenities,"Facilities & Amenities (0.98); Family & Group Friendly (0.94); Location, Accessibility & Parking (0.71)"
Maria Angelina,2024,3,kamar nyaman rumah menjaga cepat tapi kebagian kamar yang deket sama tempat karaoke suaranya bocor berisik banget tidak bisa istirahat malahan,KOMPETITOR,Bintang 3,BestWesternSenayan-Jakarta,positive,0.5610969662666321,Facilities & Amenities,Facilities & Amenities (0.92); Room Quality & Comfort (0.82); Service Quality (0.82)
Aliv Ermija,2023,5,Hotel yang cukup bagus berada di depan kota senayan berada di tengah keramaian kota view malam juga juga unik di deket hotel juga banyak yang menjual kuliner seperti nasi goreng dan sate taican starling juga selalu ada,KOMPETITOR,Bintang 3,BestWesternSenayan-Jakarta,positive,0.9994196891784668,Food & Beverage,"Food & Beverage (0.96); Cultural & Heritage Experience (0.81); Loyalty, Recommendation & Appreciation (0.80)"
Kang Suhe,2022,5,baru pertama masuk ke stc ternyata banyak yang menjual produk antik di sini berbagai macam dijual mulai dari kebutuhan fotografi pakaian bertahan hidup hingga sepeda ada juga toko mainan yang lengkap banget apalagi gundamnya harga terjangkau dan banyak banget pilihannya yang bikin seneng itu ada satu bagian juga ahaha surga banget sih masuk toko ini kali lain ke sini deh lagi buat beli mainan hehe,KOMPETITOR,Bintang 3,BestWesternSenayan-Jakarta,positive,0.9987585544586182,Pricing & Value for Money,Pricing & Value for Money (0.87); Facilities & Amenities (0.59); Cultural & Heritage Experience (0.57)
Mariatun Saputra,2020,5,hotelnya menyatu dengan stc senanyan awalnya agak sulit dicari karena letak hotelnya ada di bagian belakang stc nya namun hotelnya ternyata bagus lobi nya tidak terlalu besar tapi cukup nyaman mengangkatnya hanya satu untuk menuju lantai atas interior hotelnya unik dan bagus kamarnya luas bersih dan sangat nyaman ada brangkas mini kulkas lemari dengan banyak hanger saya suka karena bisa gantung baju agar tidak kusut dan ada 2 kaca besar tambah 2 kaca kecil colokan untuk muatan hp pun banyak jadi tidak perlu rebutan saluran tv kabelnya lengkap dan berfungsi semua kamarinya bersih dan lengkap ada hand shop sikat dan pasta gigi sham,KOMPETITOR,Bintang 3,BestWesternSenayan-Jakarta,positive,0.9994555115699768,Facilities & Amenities,Facilities & Amenities (0.98); Room Quality & Comfort (0.91); Service Efficiency & Responsiveness (0.87)
d d,2020,5,tempat yang berkelas dan strategis sekali keamanan terjaga dengan baik kebersihan terjaga mudah ditemukan dan diakses dari jalan raya baik menggunakan kendaraan umum maupun kendaraan pribadi mudah menemukan tempat parkir,KOMPETITOR,Bintang 3,BestWesternSenayan-Jakarta,positive,0.9992916584014893,"Cleanliness, Hygiene & Maintenance","Cleanliness, Hygiene & Maintenance (0.99); Location, Accessibility & Parking (0.99); Safety & Security (0.99)"
Erina Hertanti,2025,5,sumpah baru x ini nemu hotel yang resepsi robby super super ramah nya apalagi pembersihan servis nya dondi sabar banget bantuin saya di minta tolongin garcep orang nya,KOMPETITOR,Bintang 3,BestWesternSenayan-Jakarta,positive,0.9984325766563416,Service Quality,"Service Quality (0.99); Cleanliness, Hygiene & Maintenance (0.99); Service Efficiency & Responsiveness (0.99)"
tejo utomo,2022,3,kamar tidak ada jendela itu oke kamar bau rokok padahal sudah minta yang non merokok kamar untung sarapan enak,KOMPETITOR,Bintang 3,BestWesternSenayan-Jakarta,positive,0.8504515886306763,Facilities & Amenities,Facilities & Amenities (0.80); Guest Experience (0.66); Food & Beverage (0.50)
Mei Anggara,2025,5,Pelayanan baik sarapannya oke dan kalau mau kemana2 deket rekomendasi kalau ke jkt,KOMPETITOR,Bintang 3,BestWesternSenayan-Jakarta,positive,0.9982343912124634,Service Quality,"Service Quality (0.99); Facilities & Amenities (0.95); Cleanliness, Hygiene & Maintenance (0.95)"
Siti Rahma,2025,5,Pelayanan yang cukup ramah kamar bersihh dan rapihh pkonya baik,KOMPETITOR,Bintang 3,BestWesternSenayan-Jakarta,positive,0.9982085227966309,"Cleanliness, Hygiene & Maintenance","Cleanliness, Hygiene & Maintenance (0.99); Guest Experience (0.99); Service Quality (0.99)"
Roedy Ebat,2021,5,hotelnya nyaman cuma ada beberapa kamar yang melihatnya ketutup tembok kiri dan kanan hotel dekat dengan pusat perbelanjaan dan mol untuk sarapan lengkap dan variatif serta karyawannya ramah ramah semua,KOMPETITOR,Bintang 3,BestWesternSenayan-Jakarta,positive,0.9993867874145508,Facilities & Amenities,Facilities & Amenities (0.99); Staff Conduct & Hospitality (0.98); Service Quality (0.97)
Murah Kurniadi,2020,4,hotel dengan kamar yang cukup luas dan bersih sarapan oke dan bervariasi saran agar menempatkan staf di pintu lift lantai dasar soalnya letak restonya agak tersembunyi,KOMPETITOR,Bintang 3,BestWesternSenayan-Jakarta,positive,0.99897301197052,Facilities & Amenities,"Facilities & Amenities (0.97); Service Quality (0.97); Cleanliness, Hygiene & Maintenance (0.96)"
H Rosyid (datukocit),2022,3,Markir untuk motornya susah rambunya masih menunjuk ketempat parkir lama sedangkan tempat yang lama sudah ditutup dan jika mau kembali ke mall nya harus muter kembali ke arah fx jauh banget jadi saya harus lawan arah untuk mempermudah bahaya sekali memang,KOMPETITOR,Bintang 3,BestWesternSenayan-Jakarta,negative,0.9843416810035706,"Location, Accessibility & Parking","Location, Accessibility & Parking (0.60); Management & Policy Issues (0.55); Pricing & Value for Money (0.50)"
Firdaus Hafidz,2020,5,lokasi hotel di dalam mall jadi sangat nyaman untuk akses restoran dan belanja terutama elektronik dan sepeda datang disambut dengan minuman selamat datang dengan kacang hijau juga masuk ke kamar bersih dan rapi harga terutama cukup bersaing sangat direkomendasikan,KOMPETITOR,Bintang 3,BestWesternSenayan-Jakarta,positive,0.9995821118354797,Pricing & Value for Money,"Pricing & Value for Money (1.00); Cleanliness, Hygiene & Maintenance (1.00); Facilities & Amenities (0.99)"
Yanny Khoe,2020,4,bersih tepat di tengah2 kantor dan dekat mall bahkan ni hotel dalam mall kecil tapi tidak buruk la karena dekat dng mall2 besar lainnya lapar malam2 ada mcd mau sarapan pagi selain mcd ada jg diluar mall ada ketoprak dll hanya ni hotel aksesnya saja jika mau naik ke kamar gausah pakai akses padahal kalau dari kamar hotel mau turun bisa turun dari lt brp saja di mall rada2 tidak nyaman ya disininya,KOMPETITOR,Bintang 3,BestWesternSenayan-Jakarta,negative,0.9534600377082825,Service Quality,"Service Quality (0.94); Cleanliness, Hygiene & Maintenance (0.90); Facilities & Amenities (0.88)"
poppy solleil,2025,5,Suka nyaman bangett kamarnya rapih n bersihh,KOMPETITOR,Bintang 3,BestWesternSenayan-Jakarta,positive,0.9994390606880188,Room Quality & Comfort,"Room Quality & Comfort (0.99); Cleanliness, Hygiene & Maintenance (0.99); Facilities & Amenities (0.97)"
Eric Arfianto,2024,4,Tempatnya cukup strategis cepat sayang tidak ada jendela jadi kesannya sumpek dan tidak tahu perkiraan jam berapa,KOMPETITOR,Bintang 3,BestWesternSenayan-Jakarta,positive,0.948455810546875,Facilities & Amenities,Facilities & Amenities (0.96); Guest Experience (0.72); Safety & Security (0.67)
John Sandi Lembong,2025,5,hotel paling nyaman di sekitaran gbk,KOMPETITOR,Bintang 3,BestWesternSenayan-Jakarta,positive,0.999103307723999,Service Quality,"Service Quality (0.84); Room Quality & Comfort (0.75); Loyalty, Recommendation & Appreciation (0.75)"
HMA Sumatera,2025,5,nyaman dan dekat mall pagi minggu bisa langsung olahraga,KOMPETITOR,Bintang 3,BestWesternSenayan-Jakarta,positive,0.999011754989624,Facilities & Amenities,Facilities & Amenities (0.99); Room Quality & Comfort (0.92); Service Quality (0.90)
iman jatnika,2025,4,sayang nya tidak ada pemandangan di kamar nya penuh ketutup tembok,KOMPETITOR,Bintang 3,BestWesternSenayan-Jakarta,negative,0.8707222938537598,Sustainability & Environmental Quality,Sustainability & Environmental Quality (0.52); Personalized & Special Services (0.48); Pricing & Value for Money (0.44)
Riza Yunan,2020,4,sebuah hotel yang berada dalam kawasan pusat perdagangan senayan kamarnya nyaman dan makanannya enak tapi sayangnya kamarnya tidak ada jendelanya jadi kita tidak bisa menyaksikan suasana luar dari ketinggian lokasinya cukup strategis dekat dengan aneka pusat keramaian lainnya sehingga memudahkan wisatawan mengunjungi tempat tempat di hotel yang diinginkan,KOMPETITOR,Bintang 3,BestWesternSenayan-Jakarta,positive,0.999147891998291,Facilities & Amenities,Facilities & Amenities (0.92); Room Quality & Comfort (0.81); Service Quality (0.40)
Bambang Nursalam,2023,5,lokasi strategi kamarnya luas nyaman dan bersih terutama di dalam kamar mandi sangat bersih dan wangi berikutnya akan datang lagi terima kasih terbaik senayan barat,KOMPETITOR,Bintang 3,BestWesternSenayan-Jakarta,positive,0.9995172023773193,Facilities & Amenities,"Facilities & Amenities (1.00); Room Quality & Comfort (1.00); Cleanliness, Hygiene & Maintenance (0.99)"
Nur Chotimah Afifi,2020,3,seharusnya cocok untuk menjadi tempat beristirahat dengan tenang di tengah kota dan kamar yang benar2 tertutup cuma sayang dinding tidak kedap suara jadi bisa mendengar suara2 yang aneh2 dari kamar lain dan suara kita pun terdengar diluar belum lagi di tengah malam saat saya menginap ada yang menggebrak pintu dan tidak hanya sekali entah apa artinya untuk staf sarapan pelayanan baru bagus dan ramah sekali makanan juga oke dan cukup bervariasi,KOMPETITOR,Bintang 3,BestWesternSenayan-Jakarta,positive,0.9950125813484192,Service Quality,Service Quality (0.98); Facilities & Amenities (0.97); Service Efficiency & Responsiveness (0.96)
Syukron Wahyudi,2020,5,hotel yang nyaman bersih rapih berada di pusat kota jakarta satu gedung dengan senayan pusat perdagangan stc dekat dengan senayan city dan plaza senayan mau belanja sekedar jalan cuci mata atau menikmati kuliner tidak perlu jauh mau kemana mana mana juga dekat kantor kantor pemerintah dan swasta dekat dari sini,KOMPETITOR,Bintang 3,BestWesternSenayan-Jakarta,positive,0.9993442893028259,"Cleanliness, Hygiene & Maintenance","Cleanliness, Hygiene & Maintenance (0.99); Facilities & Amenities (0.96); Service Quality (0.96)"
Adzra Athira,2019,3,Plang yang menunjukan hotel itu kurang besar agak membingungkan tempat sarapan sedikit jauh dari kamar tapi masih dalam satu gedung stc senayan tapi tempat strategis cocok untuk perjalanan bisnis,KOMPETITOR,Bintang 3,BestWesternSenayan-Jakarta,negative,0.5016457438468933,Guest Experience,Guest Experience (0.94); Facilities & Amenities (0.88); Food & Beverage (0.87)
Efa Rahayu,2023,5,kamarnya bagus bersih resik juga staf housekeeping nya ramah dan sangat membantu dalam pelayanan kebersihan selama berada di hotel saya merasa sangat puas,KOMPETITOR,Bintang 3,BestWesternSenayan-Jakarta,positive,0.9989145994186401,"Cleanliness, Hygiene & Maintenance","Cleanliness, Hygiene & Maintenance (1.00); Facilities & Amenities (1.00); Room Quality & Comfort (1.00)"
minion hitam,2024,3,lokasi yang strategis adalah penjualan utamanya kamarnya ya tidak bisa dikatakan bagus bahkan dibawah standar cukup dan tidak ada jendela,KOMPETITOR,Bintang 3,BestWesternSenayan-Jakarta,negative,0.9105854034423828,Facilities & Amenities,Facilities & Amenities (0.90); Pricing & Value for Money (0.82); Guest Experience (0.62)
deny sanjaya,2022,4,tempat di tengah kota dekat sensy dan palza senayan cm konsep kamar mandi dan kamar dengan jendela boneka membuat ruang terlihat sempit pelayanan ramah hanya saat cek keluar petugas tidak otomatis memberikan cetak keluar tagihan pdhl kami dalam rangka perjalanan dinas,KOMPETITOR,Bintang 3,BestWesternSenayan-Jakarta,positive,0.9264901876449585,Facilities & Amenities,Facilities & Amenities (1.00); Guest Experience (0.99); Ambience & Design (0.99)
BMI,2025,5,arah k lobi hotel kurang jelas untk orang yang jarang k sini mungkin bsa pasang informasi yang lebih jelas,KOMPETITOR,Bintang 3,BestWesternSenayan-Jakarta,negative,0.9979508519172668,Sustainability & Environmental Quality,Sustainability & Environmental Quality (0.36); Pricing & Value for Money (0.33); Facilities & Amenities (0.33)
Mesi Agustina,2019,5,tempatnya strategis mudah bepergian ke tempat lain kamarnya bersih nyaman dan dingin rekomendasi buat yang mau menghadiri acara disekitar senayan disini tempat cocok buat bermalam,KOMPETITOR,Bintang 3,BestWesternSenayan-Jakarta,positive,0.9993849992752075,Facilities & Amenities,"Facilities & Amenities (1.00); Room Quality & Comfort (1.00); Cleanliness, Hygiene & Maintenance (1.00)"
dhin sule,2023,5,lokasi setategis kamarnya luas bersih dan nyaman perlengkapan kamar mandinya komplit koridor nya pun bersih dan wangi tempat yang tepat untuk liburan bersama teman,KOMPETITOR,Bintang 3,BestWesternSenayan-Jakarta,positive,0.9994231462478638,Facilities & Amenities,"Facilities & Amenities (1.00); Cleanliness, Hygiene & Maintenance (0.99); Room Quality & Comfort (0.99)"
Adelia Putri,2022,5,letak hotel strategis lumayan buat yang mau keliling di pusat kota jakarta banyak pedagang makanan di sekitar hotel kamar hotel bersih dan suasananya tenang,KOMPETITOR,Bintang 3,BestWesternSenayan-Jakarta,positive,0.9992986917495728,"Cleanliness, Hygiene & Maintenance","Cleanliness, Hygiene & Maintenance (0.95); Room Quality & Comfort (0.91); Service Quality (0.88)"
Muhammad Ajran Saputra,2023,4,kamar lumayan luas bagus dan bersih pelayanan resepsionis sangat bagus hanya saja kamarnya tidak ada jendela untuk kelas saya,KOMPETITOR,Bintang 3,BestWesternSenayan-Jakarta,positive,0.9825055599212646,Service Quality,"Service Quality (0.98); Cleanliness, Hygiene & Maintenance (0.97); Guest Experience (0.95)"
Eka Gandara,2024,1,Untuk pemimpin hotel terbaik barat saya baru nemu hotel seperti ini muka kantor depan nya tidak cocok buat di pasangdi depan dan atitude nya kurang sopan terhadap tamu tolong kasih arahan manajer saya atau pemimpinnya kepada orang tersebut yang bertanggung jawab pada hari rabu tanggal 20 jam 20:30 tersebut dan saya ingin mengambil pulpen untuk menulis dan minta kertas bekas tidak minta kertas bagus juga untuk membuat nyatat nama saja untuk mukanya tidak saat saya pinjam barang tersebut tolong cocok bila perlu untuk orangnya breafing sama pemimpinnya jika tidak perlu breafimgnya sama karena tamu tersebut harus jelas dan teliti di titi,KOMPETITOR,Bintang 3,BestWesternSenayan-Jakarta,negative,0.9961825013160706,Guest Experience,Guest Experience (0.83); Management & Policy Issues (0.73); Service Quality (0.73)
Faizal Adi,2022,5,kamar cukup nyaman dan bersih tapi suara orang di luar kamar lumayan terdengar jelas kanan kiri ada posisi strategis mall,KOMPETITOR,Bintang 3,BestWesternSenayan-Jakarta,positive,0.9973082542419434,Room Quality & Comfort,"Room Quality & Comfort (0.96); Facilities & Amenities (0.92); Cleanliness, Hygiene & Maintenance (0.85)"
mira widiyana,2025,5,Wow keren 2 minggu lalu menginap di sini kasus hp ke tinggalan dan di bantu sama resepsi miranti juga layanan pembersihan anto finaly ketemu donk terima kasih y miranti anto,KOMPETITOR,Bintang 3,BestWesternSenayan-Jakarta,positive,0.9963464140892029,Staff Conduct & Hospitality,Staff Conduct & Hospitality (0.96); Guest Experience (0.96); Facilities & Amenities (0.95)
Indra Rianto,2023,5,lokasi hotel ini berada dekat dengan senayan city mall dan plaza senayan salah satu hotel dengan pelayanan yang harga yang baik juga terjangkau jika ingin melakukan perjalanan bisnis,KOMPETITOR,Bintang 3,BestWesternSenayan-Jakarta,positive,0.9993230104446411,Pricing & Value for Money,Pricing & Value for Money (0.99); Service Quality (0.99); Facilities & Amenities (0.97)
Sipin Putra,2024,4,bagi yang fobia ruangan tertutup tidak dianjurkan karena tidak ada jendela serasa di ruangan karaoke,KOMPETITOR,Bintang 3,BestWesternSenayan-Jakarta,negative,0.5198948383331299,Religious & Halal Features,Religious & Halal Features (0.31); Management & Policy Issues (0.29); Sustainability & Environmental Quality (0.28)
Stella Intan Putri,2020,5,Halo kita mau cek keluar butuh bel boy karena banyak barang bawaan karyawan banyak yang tidak masuk karena kejebak banjir gm nya turun tangan buat bantuin,KOMPETITOR,Bintang 3,BestWesternSenayan-Jakarta,neutral,0.8198591470718384,Check in/out Experience,Check in/out Experience (0.63); Sustainability & Environmental Quality (0.61); Management & Policy Issues (0.60)
Afif N.,2020,3,Berhubung studio kolaborasi ada di sini jadi yauda mampir untuk mengurus menembak sebenernya tempatnya serem terus jika mau beli kopi cuma ada satu tempat saja dan itu cukup mahal,KOMPETITOR,Bintang 3,BestWesternSenayan-Jakarta,positive,0.8433336615562439,Facilities & Amenities,Facilities & Amenities (0.77); Pricing & Value for Money (0.75); Food & Beverage (0.70)
Dhenoer Hidayat,2024,5,Harga masih terjangkau untuk mengakses hotel dan mall seputan senayanl sudirman dan kuningan cukup dengan taksi online,KOMPETITOR,Bintang 3,BestWesternSenayan-Jakarta,positive,0.998710036277771,Pricing & Value for Money,Pricing & Value for Money (0.95); Service Efficiency & Responsiveness (0.85); Facilities & Amenities (0.84)
Aren Latte 25,2020,4,lokasi di stc senayan kemarin anter temen kesini lumayan luas banget dan posisi emang di lantai dasar di mall pibtu masuknya kemarin cuma kurang kulkas kamar dan minibar secara keseluruhan oke,KOMPETITOR,Bintang 3,BestWesternSenayan-Jakarta,positive,0.9984820485115051,Facilities & Amenities,"Facilities & Amenities (0.83); Service Quality (0.73); Location, Accessibility & Parking (0.59)"
Herianto Guci,2021,5,lumayan bagus sebagai hotel di jantung kota jakarta meskipun perlu perbaikan atau penambahan lemari jongkok dekat ruangan yang ada mushalla nya,KOMPETITOR,Bintang 3,BestWesternSenayan-Jakarta,positive,0.9988747239112854,Religious & Halal Features,Religious & Halal Features (0.84); Facilities & Amenities (0.83); Service Quality (0.78)
Pesta Ida,2023,5,lokasi di daerah senayan mudah di cari karena persis dpn mall nyaman bgtu sampai sudah di sambut dengan minuman segar dengan cemilan nusantara harga per kamar cukup terjangkau pegawai yang ramah2,KOMPETITOR,Bintang 3,BestWesternSenayan-Jakarta,positive,0.9995427131652832,Staff Conduct & Hospitality,Staff Conduct & Hospitality (0.96); Food & Beverage (0.95); Service Efficiency & Responsiveness (0.92)
Kazuhiro Ando,2020,5,lokasi strategis makanan dan kue kue kue kue kue enak ruangan pertemuan memadai untuk 50 orang sangat cocok untuk pertemuan bisnis di kawasan senayan,KOMPETITOR,Bintang 3,BestWesternSenayan-Jakarta,positive,0.9992303848266602,Facilities & Amenities,Facilities & Amenities (0.99); Food & Beverage (0.98); Room Quality & Comfort (0.84)
Teguh Subiyanto,2025,5,pelayanan ramah dan full senyum lokasi strategis mudah dan mudah d temukan oke,KOMPETITOR,Bintang 3,BestWesternSenayan-Jakarta,positive,0.9993815422058105,Guest Experience,Guest Experience (0.99); Staff Conduct & Hospitality (0.99); Facilities & Amenities (0.99)
Brendy BENDOT Tirta,2023,5,Dari keamanan kantor depan penjualan resto housekeeping gm semuanya ramah dan mau melayani tamu dengan baik jika ada yang komen kurang ramah masa sih kayanya enggak deh,KOMPETITOR,Bintang 3,BestWesternSenayan-Jakarta,positive,0.9496909976005554,Staff Conduct & Hospitality,Staff Conduct & Hospitality (0.99); Safety & Security (0.99); Service Efficiency & Responsiveness (0.98)
linda widiarsih,2020,4,Lokasinya sangat strategis dekat dengan jantung ibu kota ngemall tinggal jalan kaki mau kuliner malam juga banyak tersedia dikawasan ini tidak ada 10 menit ke gbk saat minggu mau ke cfd juga tinggal jalan kaki kamar bersih peralatan mandi lengkap jendela tidak bisa melihat keluar tergantung pilihan kamar kali yah untuk sarapan rasanya sih biasa saja lokasi di dalam stc senayan seberang senayan kota sampingnya plaza senayan,KOMPETITOR,Bintang 3,BestWesternSenayan-Jakarta,positive,0.96214759349823,Facilities & Amenities,"Facilities & Amenities (0.99); Cleanliness, Hygiene & Maintenance (0.97); Service Quality (0.88)"
Tono Suhartono,2022,4,nyaman juga kamarnya gede banyak nuansa kayu lokasi strategis blom tau sarapannya enak apa ngga blom coba dianjurkan,KOMPETITOR,Bintang 3,BestWesternSenayan-Jakarta,positive,0.9958959817886353,Facilities & Amenities,Facilities & Amenities (0.98); Ambience & Design (0.98); Room Quality & Comfort (0.90)
West Eko,2020,5,hotel bagus di tengah kota depan sency mall harga murah ada kamar untuk bertiga lokasi dekat mall banyak yang menjual sepeda mahal2 kamar bersih parkir bisa gratis jika menginap lokasi parkir luas,KOMPETITOR,Bintang 3,BestWesternSenayan-Jakarta,positive,0.9993500113487244,"Location, Accessibility & Parking","Location, Accessibility & Parking (0.84); Pricing & Value for Money (0.79); Family & Group Friendly (0.79)"
Frenda Fawzia,2020,4,Lokasinya strategis sebelahnya plaza senayan dan di depan senayan kota nyambung dengan senayan pusat perdagangan kamarnya luas sayangnya tidak ada jendela makanannya enak dan beragam,KOMPETITOR,Bintang 3,BestWesternSenayan-Jakarta,positive,0.9993802309036255,Facilities & Amenities,Facilities & Amenities (0.98); Guest Experience (0.69); Service Quality (0.66)
Adhe Tora,2022,5,Suka banget tipe kamar yang menghadap ke arah bundaran senayan terus kafe resto buat sarapannya enak enak banget menuunya,KOMPETITOR,Bintang 3,BestWesternSenayan-Jakarta,positive,0.9993777275085449,Food & Beverage,Food & Beverage (0.97); Facilities & Amenities (0.89); Service Quality (0.84)
om review,2022,1,Pelayan sangat mengecewakan staf tidak rama minta untuk barang saja tidak berbecus sampai nuggu 30 menit kita di tmbh tempat mkn dengan kamar jauh ditmbha uang saya d ambil 200 sama penelitian bisnisnya alasan klo mau ganti kamar kena uang buat pembersihan pelyanan nol bea buat keluarga sangat tidak di sarankan ini hotel,KOMPETITOR,Bintang 3,BestWesternSenayan-Jakarta,negative,0.9991552829742432,Pricing & Value for Money,Pricing & Value for Money (0.88); Guest Experience (0.85); Management & Policy Issues (0.52)
Nunu 12,2025,1,hotel di pusat ibu kota tapi minim fasilitas g ada kolam renang atopun gym fitness,KOMPETITOR,Bintang 3,BestWesternSenayan-Jakarta,positive,0.5917571783065796,Sustainability & Environmental Quality,Sustainability & Environmental Quality (0.79); Service Quality (0.77); Pricing & Value for Money (0.74)
Aditya Perdana,2020,4,tempatnya nyaman bersih dan lokasinya sangat strategis hotel berada 1 bangunan dengan stc dan berseberangan dengan senayan kota dan bersebelahan dengan plaza senayan,KOMPETITOR,Bintang 3,BestWesternSenayan-Jakarta,positive,0.9995142221450806,"Cleanliness, Hygiene & Maintenance","Cleanliness, Hygiene & Maintenance (0.99); Room Quality & Comfort (0.98); Facilities & Amenities (0.98)"
Tantra Aditya,2023,5,kemarin nginap disini untuk kamarnya sangat bersih dan nyaman jadi betah lama disana paling penting lokasinya strategis bget mau kemana mana,KOMPETITOR,Bintang 3,BestWesternSenayan-Jakarta,positive,0.9995391368865967,Room Quality & Comfort,Room Quality & Comfort (1.00); Service Quality (0.99); Facilities & Amenities (0.99)
Alit Martini,2025,5,Staff ramah resepsi dan housekeeping cuma komonikasi mungkin lebih ditingkatkan banyak kebocoran,KOMPETITOR,Bintang 3,BestWesternSenayan-Jakarta,negative,0.8762992024421692,Food & Beverage,Food & Beverage (1.00); Staff Conduct & Hospitality (0.99); Guest Experience (0.99)
rineta inelia,2020,5,lokasi hotel ini memanjakan pelanggan yang cuma tinggal sebentar tapi kepengen cuci mata jalan kaki saja bisa sampai di dua mall berbeda dan ke gbk jg deket banget,KOMPETITOR,Bintang 3,BestWesternSenayan-Jakarta,positive,0.9991582632064819,Facilities & Amenities,Facilities & Amenities (0.98); Guest Experience (0.96); Service Quality (0.93)
Sri Muryani123,2023,5,kamar nya bersih rapih dan nyaman kamar mandi nya bersih wangi dan kaca nya kinclong banget pelayanan nya sangat ramah berikutnya nginep disini lagi deh,KOMPETITOR,Bintang 3,BestWesternSenayan-Jakarta,positive,0.9994232654571533,Room Quality & Comfort,"Room Quality & Comfort (0.99); Facilities & Amenities (0.99); Cleanliness, Hygiene & Maintenance (0.99)"
Irwan Chanif,2023,4,tempatnya sangat strategis kamarnya lumayan nyaman ac nya dingin banget rekomendasi lh buat yang lain tinggal lg,KOMPETITOR,Bintang 3,BestWesternSenayan-Jakarta,positive,0.999243974685669,Room Quality & Comfort,Room Quality & Comfort (0.88); Facilities & Amenities (0.86); Service Quality (0.63)
lineout project,2025,1,payah mw checkout saja ribet amat harus tunnggu kaya apaan tau aneh tidak recomend,KOMPETITOR,Bintang 3,BestWesternSenayan-Jakarta,negative,0.9993140697479248,Guest Experience,Guest Experience (0.54); Check in/out Experience (0.51); Pricing & Value for Money (0.44)
Cynthia Sepang,2019,4,Kamarnya bagus dan tempatnya dekat dengan mall hanya tidak ada pemandangan keluar tapi itu sudah dikasi tahu dari awal jadi menikmati saja,KOMPETITOR,Bintang 3,BestWesternSenayan-Jakarta,positive,0.9979415535926819,Facilities & Amenities,Facilities & Amenities (0.97); Guest Experience (0.96); Room Quality & Comfort (0.96)
oki nugroho,2024,4,Hotel lama kamar biasa tempat strategis dan sudah lebih dari jam 10 pagi masih diizinkan untuk sarapan,KOMPETITOR,Bintang 3,BestWesternSenayan-Jakarta,positive,0.8995065093040466,Facilities & Amenities,Facilities & Amenities (0.88); Service Efficiency & Responsiveness (0.75); Food & Beverage (0.74)
tati larasati,2020,3,Saya tidak menginap di hotel tapi ada bengkel terapi energi kuantum diruang zamrud pada hari sabtu 19 10 19 jam 13 00 15 00 wib,KOMPETITOR,Bintang 3,BestWesternSenayan-Jakarta,neutral,0.9969779253005981,Facilities & Amenities,Facilities & Amenities (0.98); Guest Experience (0.93); Sustainability & Environmental Quality (0.71)
g417 home,2025,5,nyaman bersih dan rapi,KOMPETITOR,Bintang 3,BestWesternSenayan-Jakarta,positive,0.999351441860199,"Cleanliness, Hygiene & Maintenance","Cleanliness, Hygiene & Maintenance (0.99); Room Quality & Comfort (0.93); Service Quality (0.92)"
Budi Widjanarko,2023,5,tempatnya nyaman untuk beristirahat dan meluangkan waktu berbelanja di plaza senayan juga menikmati kuliner sate senayan tinggal jalan kaki saja,KOMPETITOR,Bintang 3,BestWesternSenayan-Jakarta,positive,0.9992103576660156,Facilities & Amenities,Facilities & Amenities (0.99); Room Quality & Comfort (0.97); Food & Beverage (0.94)
Donna Rose,2022,5,kamarnya nyaman bersih lokasi nya strategis klo mau ke mall deket bisa ke senayan city atau plaza senayan deket juga sama mcd,KOMPETITOR,Bintang 3,BestWesternSenayan-Jakarta,positive,0.9994781613349915,Room Quality & Comfort,"Room Quality & Comfort (0.98); Cleanliness, Hygiene & Maintenance (0.97); Facilities & Amenities (0.97)"
hadi sadsilo,2020,5,tempat strategis mudah dicari harga terjangkau fasilitas lengkap pelayanan sangat ramah dan dekat bermacam macam pusat perbelanjaan,KOMPETITOR,Bintang 3,BestWesternSenayan-Jakarta,positive,0.9995338916778564,Facilities & Amenities,Facilities & Amenities (0.99); Service Efficiency & Responsiveness (0.96); Pricing & Value for Money (0.96)
Yosina Marthince,2025,3,makanan b saja menu kurang variatif lokasi resto lewat ruko2,KOMPETITOR,Bintang 3,BestWesternSenayan-Jakarta,negative,0.950813889503479,Food & Beverage,"Food & Beverage (0.71); Location, Accessibility & Parking (0.54); Facilities & Amenities (0.53)"
Umri PDR,2019,5,letak sangat stategis di pusat kota parkirnya sangat luas kamar bersih dan baru sangat dianjurkan untuk menginap bagi kita yang dari luar kota semoga sukses bw senayan,KOMPETITOR,Bintang 3,BestWesternSenayan-Jakarta,positive,0.9994387030601501,"Cleanliness, Hygiene & Maintenance","Cleanliness, Hygiene & Maintenance (1.00); Location, Accessibility & Parking (0.99); Facilities & Amenities (0.99)"
athar Mirza,2020,4,puas banget menginap di lokasi terbaik barat strategis puas banget dengan pelayanan pegawai nya baik2 dan sangat membantu sangat bagus pasti akan kembali lagi ke terbaik barat kalau lagi dinas atau berlibur ke daerah senayan lagi,KOMPETITOR,Bintang 3,BestWesternSenayan-Jakarta,positive,0.9993717074394226,Service Quality,Service Quality (1.00); Service Efficiency & Responsiveness (0.99); Guest Experience (0.99)
maulidah rahma,2025,5,pelayanan nya ramah sopan kamar nya bersih dan nyaman,KOMPETITOR,Bintang 3,BestWesternSenayan-Jakarta,positive,0.9993591904640198,Room Quality & Comfort,Room Quality & Comfort (1.00); Service Quality (0.99); Guest Experience (0.99)
Adi miftah,2022,5,Salah satu hotel yang berlokasi strategi sangat strategis dengan layanan yang baik tidak cuma sebagai bisnis hotel tapi hotel ini jg sangat cocok untuk kaum milenial dan traveler,KOMPETITOR,Bintang 3,BestWesternSenayan-Jakarta,positive,0.9990090131759644,Service Quality,Service Quality (1.00); Service Efficiency & Responsiveness (0.98); Family & Group Friendly (0.97)
Hikmat -,2020,3,hotel menyatu dengan pusat perbelanjaan kamar kurang nyaman karena tidak ada jendela restoran juga jauh terpisah sama hotel baru,KOMPETITOR,Bintang 3,BestWesternSenayan-Jakarta,negative,0.8998444080352783,Facilities & Amenities,Facilities & Amenities (0.93); Food & Beverage (0.80); Guest Experience (0.72)
Rian Syah,2023,5,kamarnya super nyaman dan bersih sekali apa lg kamar mandinya wow banget wangi bersih dan tidak ada kotoran tidak mengecewakan pokonya,KOMPETITOR,Bintang 3,BestWesternSenayan-Jakarta,positive,0.9993218183517456,Room Quality & Comfort,"Room Quality & Comfort (1.00); Facilities & Amenities (0.99); Cleanliness, Hygiene & Maintenance (0.99)"
Macca Madinah,2025,3,cuma ngunjungin teman,KOMPETITOR,Bintang 3,BestWesternSenayan-Jakarta,negative,0.9988963603973389,Guest Experience,Guest Experience (0.97); Pricing & Value for Money (0.55); Sustainability & Environmental Quality (0.29)
Ketut Adhi Kun,2024,3,Kondisi kamar dan lorong kurang bagus ada beberapa titik berlari waktu saya menginap sarapan oke,KOMPETITOR,Bintang 3,BestWesternSenayan-Jakarta,positive,0.778607189655304,Facilities & Amenities,"Facilities & Amenities (0.98); Guest Experience (0.75); Location, Accessibility & Parking (0.52)"
IPS 1981,2025,5,untuk angkat karena ada perbaikan dan hunian penuh jadi antri nya lama,KOMPETITOR,Bintang 3,BestWesternSenayan-Jakarta,neutral,0.9882670044898987,Facilities & Amenities,Facilities & Amenities (0.97); Service Quality (0.81); Sustainability & Environmental Quality (0.79)
halliya citrasari,2020,5,Pelayanan ramah kamar bersih sarapan enak dan lumayan lengkap layanan ekspres cek keluar nya oke dan bisa pesan bluebird di resepsionis,KOMPETITOR,Bintang 3,BestWesternSenayan-Jakarta,positive,0.9988718628883362,Service Efficiency & Responsiveness,Service Efficiency & Responsiveness (0.99); Service Quality (0.99); Facilities & Amenities (0.99)
aza,2025,5,Strategi Saran Penyambutan dan penerimaan tamu perlu ditingkatkan lagi lebih ramah dengan pelayanan sepenuh hati,KOMPETITOR,Bintang 3,BestWesternSenayan-Jakarta,positive,0.8424057960510254,Guest Experience,Guest Experience (0.99); Staff Conduct & Hospitality (0.97); Service Efficiency & Responsiveness (0.97)
dui hadi,2023,4,oke si saat saya tinggal di sana cuma suara brisik dari kamar sebelah terdengar sekali dan sangat menganggu tamu lain,KOMPETITOR,Bintang 3,BestWesternSenayan-Jakarta,negative,0.9965081810951233,Guest Experience,Guest Experience (0.87); Check in/out Experience (0.49); Religious & Halal Features (0.48)
Sardan Yahya,2022,5,parkir luas dan toko sepeda di dalam mallnya sangat nyaman sepeda boleh masuk dalam gedung tetap jaga protokol kesehatan,KOMPETITOR,Bintang 3,BestWesternSenayan-Jakarta,positive,0.9993896484375,Facilities & Amenities,"Facilities & Amenities (0.99); Location, Accessibility & Parking (0.99); Safety & Security (0.93)"
sigit firmansyah,2025,1,sampai jam 16 19 kamar belum siap mohon diperbaiki pelayanannya,KOMPETITOR,Bintang 3,BestWesternSenayan-Jakarta,negative,0.9806155562400818,Guest Experience,Guest Experience (0.82); Service Quality (0.80); Facilities & Amenities (0.80)
Lislis Peot,2023,5,kamar nya bersih terutama daerah kamar mandi nya pertama kali setiap saya menginap di hotel yang saya lihat adalah kamar mandi nya disini kamar mandi nya benar benar bersih dan wangi juga,KOMPETITOR,Bintang 3,BestWesternSenayan-Jakarta,positive,0.9987712502479553,"Cleanliness, Hygiene & Maintenance","Cleanliness, Hygiene & Maintenance (0.98); Service Quality (0.97); Room Quality & Comfort (0.97)"
ari setiawan,2025,5,tempat yang nyaman dan dekat dari gbk jadi sangat dianjurkan agar anda tinggal masuk jakarta,KOMPETITOR,Bintang 3,BestWesternSenayan-Jakarta,positive,0.9986932873725891,Facilities & Amenities,Facilities & Amenities (0.95); Room Quality & Comfort (0.89); Service Efficiency & Responsiveness (0.75)
Melinda Paramitha,2021,4,Karena di dalam pusat perdagangan senayan jadi bentuk kamar pertemuan nya agak belok2 makanannya jadi jadi parkirannya ruang bawah tanah,KOMPETITOR,Bintang 3,BestWesternSenayan-Jakarta,positive,0.9926692247390747,"Location, Accessibility & Parking","Location, Accessibility & Parking (0.92); Facilities & Amenities (0.77); Guest Experience (0.74)"
Agung Prasetyo,2020,1,Check masuk jam 2 sampai jam 4 tidak bisa masuk kamar dan sekarang masih menunggu resepsiis beralasan belum siap belum siap atau tidak ada kamar saya sangat kecewa,KOMPETITOR,Bintang 3,BestWesternSenayan-Jakarta,negative,0.9994316697120667,Booking & Reservation Experience,Booking & Reservation Experience (0.91); Check in/out Experience (0.89); Guest Experience (0.83)
Achmad Syarif,2024,5,kesini cuma karena ada proyek saja lokasinya satu tempat dengan stc senayan lobbynya kecil makanannya ruang standar pertemuannya kecil menurut saya,KOMPETITOR,Bintang 3,BestWesternSenayan-Jakarta,positive,0.6587908267974854,Food & Beverage,Food & Beverage (0.79); Facilities & Amenities (0.78); Guest Experience (0.76)
Dewi Yanti,2023,5,kamar nya luas lumayan bersih sarapan nya jga lumayan enak cm sayang td ad anak kecoa nya 2,KOMPETITOR,Bintang 3,BestWesternSenayan-Jakarta,positive,0.9564945101737976,"Cleanliness, Hygiene & Maintenance","Cleanliness, Hygiene & Maintenance (0.96); Facilities & Amenities (0.96); Service Quality (0.90)"
muji lestari,2021,4,kamar lumayan besar suasana sepi tidak riuh untuk bekerja dianjurkan apalagi di mall sekalian belanja juga bisa,KOMPETITOR,Bintang 3,BestWesternSenayan-Jakarta,positive,0.99543297290802,Guest Experience,Guest Experience (0.97); Room Quality & Comfort (0.96); Facilities & Amenities (0.92)
Devi Irawan,2023,5,hotel nya enak buat tinggal kamar nya bersih luas amenitas nya lengkap poko nya nyaman banget menginap di bw senayan,KOMPETITOR,Bintang 3,BestWesternSenayan-Jakarta,positive,0.9995418787002563,Facilities & Amenities,"Facilities & Amenities (0.99); Cleanliness, Hygiene & Maintenance (0.98); Service Quality (0.97)"
kaila sufi azzahra,2025,5,kamar dan pelayanan nya sangat baguss,KOMPETITOR,Bintang 3,BestWesternSenayan-Jakarta,positive,0.9992451667785645,Service Quality,Service Quality (1.00); Facilities & Amenities (1.00); Guest Experience (0.99)
Andy Lau Craft,2025,5,3 malam di sini lokasi pusat kota di depan mall senayan city deket gbk dll,KOMPETITOR,Bintang 3,BestWesternSenayan-Jakarta,positive,0.9984475374221802,Facilities & Amenities,"Facilities & Amenities (0.93); Booking & Reservation Experience (0.83); Cleanliness, Hygiene & Maintenance (0.82)"
Aa Ganyol,2023,5,staf membantu nyaman kamar bersih terutama daerah kasur kamar mandi makanan enak kalau ke jakarta pasti kesini lagi deh,KOMPETITOR,Bintang 3,BestWesternSenayan-Jakarta,positive,0.9994100332260132,Facilities & Amenities,Facilities & Amenities (0.99); Service Quality (0.99); Room Quality & Comfort (0.98)
Syaaa,2025,5,tempat nya nyaman bgtt rapi dan orang orang nya juga ramah,KOMPETITOR,Bintang 3,BestWesternSenayan-Jakarta,positive,0.9992443323135376,Facilities & Amenities,"Facilities & Amenities (0.99); Room Quality & Comfort (0.99); Cleanliness, Hygiene & Maintenance (0.97)"
Indrajit sutopo,2020,5,lokasi di kawasan elit sederhana tapi tidak ngebosenin minimalis tpi nyenengin karyawan semua ramah klo lagi rame keteteran pekerjaan mrk tpi mrk cukup sigap mengatasinya,KOMPETITOR,Bintang 3,BestWesternSenayan-Jakarta,positive,0.9992357492446899,Service Efficiency & Responsiveness,Service Efficiency & Responsiveness (0.95); Staff Conduct & Hospitality (0.95); Service Quality (0.89)
Muhamad Rizki Khudori,2024,1,keamanan perempuannya ngelawak nyuruh orang pakai masker tapi sendirinya saat negor gapake masker dengan alasan bisa lagi ngobrol wkwk,KOMPETITOR,Bintang 3,BestWesternSenayan-Jakarta,negative,0.9869203567504883,Safety & Security,Safety & Security (0.90); Check in/out Experience (0.38); Guest Experience (0.31)
ferry Qunya,2021,5,selalu kangen makan di dingin masuk kafe sejak awal buka dingin masuk kafe jadi tempat favorit menu Indonesia enak banget favorit saya sego rawon nya uenak banget,KOMPETITOR,Bintang 3,BestWesternSenayan-Jakarta,positive,0.9991006851196289,Food & Beverage,Food & Beverage (0.60); Guest Experience (0.49); Cultural & Heritage Experience (0.46)
Heru,2023,5,menginap begitu menyenangkan karena dekat dengan mall dan lokasinya dekat dengan pusat perkantoran harga sangat murah jika dibandingkan dengan lokasi yang strategis,KOMPETITOR,Bintang 3,BestWesternSenayan-Jakarta,positive,0.999311089515686,Pricing & Value for Money,Pricing & Value for Money (0.97); Guest Experience (0.97); Facilities & Amenities (0.93)
Riby Maulidy,2024,5,pelayanannya sangat ramah dan respon pertama sarapannya juga enak enak lokasi sangat strategis di tengah kota bersebelahan dengan mall besar senayan city,KOMPETITOR,Bintang 3,BestWesternSenayan-Jakarta,positive,0.9994953870773315,Facilities & Amenities,Facilities & Amenities (0.99); Staff Conduct & Hospitality (0.99); Service Efficiency & Responsiveness (0.99)
Plenik Sawitri,2023,5,kamar nyaman fasilitas lengkap makanan enak posisi tengah kota jalan2 ke mall cukup jalan kaki,KOMPETITOR,Bintang 3,BestWesternSenayan-Jakarta,positive,0.9994706511497498,Facilities & Amenities,Facilities & Amenities (0.99); Room Quality & Comfort (0.98); Guest Experience (0.89)
tsani,2024,5,Deket banget sama mall kamar sangat luas dan nyaman staf nya sangat membantu sekali,KOMPETITOR,Bintang 3,BestWesternSenayan-Jakarta,positive,0.999321460723877,Facilities & Amenities,Facilities & Amenities (0.99); Room Quality & Comfort (0.98); Service Efficiency & Responsiveness (0.93)
vievie Sebastian,2021,4,hotel nya bagus kemana mana mana deket cm tembok nya tipis alarm dari kamar sebelah kedengaran banget kaya pasang alarm sendiri,KOMPETITOR,Bintang 3,BestWesternSenayan-Jakarta,positive,0.9981306195259094,Service Quality,Service Quality (0.92); Facilities & Amenities (0.75); Ambience & Design (0.70)
M Savrizal,2024,4,suasana kamar oke tapi untuk kebisingan kamar disebelahnya terlalu terdengar contoh suara batuk atau bising,KOMPETITOR,Bintang 3,BestWesternSenayan-Jakarta,positive,0.5491231679916382,Facilities & Amenities,Facilities & Amenities (0.19); Religious & Halal Features (0.18); Ambience & Design (0.14)
Joko Raharjo,2020,5,lokasi strategis di pusat jakarta disekitarnya juga terdapat beberapa mall besar cari makan mudah nyaman harga masuk akal,KOMPETITOR,Bintang 3,BestWesternSenayan-Jakarta,positive,0.9993720650672913,Pricing & Value for Money,Pricing & Value for Money (0.98); Facilities & Amenities (0.94); Food & Beverage (0.83)
Moch abdul azis,2023,5,ramah dalam pelayanan besar dan bersih kamarnya layak jadi tujuan untuk menginap,KOMPETITOR,Bintang 3,BestWesternSenayan-Jakarta,positive,0.9987441301345825,"Cleanliness, Hygiene & Maintenance","Cleanliness, Hygiene & Maintenance (1.00); Service Quality (1.00); Guest Experience (1.00)"
raden ardyar,2024,4,kamar bersih ac dingin nyaman dan mewah untuk ukuran segini tapi lobbynya kurang mewah dan kurang privasi,KOMPETITOR,Bintang 3,BestWesternSenayan-Jakarta,positive,0.9596213698387146,Room Quality & Comfort,Room Quality & Comfort (0.96); Facilities & Amenities (0.87); Service Quality (0.85)
Robert Silaen,2021,3,Saya baru tahu ada hotel terbaik barat disini bergabung sama stc senayan yang banyak menjual barang hobi seperti sepeda gadget dll,KOMPETITOR,Bintang 3,BestWesternSenayan-Jakarta,positive,0.9974476099014282,Facilities & Amenities,"Facilities & Amenities (0.82); Digital Connectivity & Technology (0.71); Loyalty, Recommendation & Appreciation (0.60)"
Diani Fitriani,2023,5,rekomendasi banget hotel nya pelayanan baik fasilitas lengkap kamar mandinya nyaman bersih alat mandi nya juga lengkap,KOMPETITOR,Bintang 3,BestWesternSenayan-Jakarta,positive,0.9994587302207947,Service Quality,Service Quality (1.00); Facilities & Amenities (0.99); Room Quality & Comfort (0.97)
Daniel Dalimo,2023,5,lokasi strategis kamarnya luas dan nyaman kamar mandi nya pun bersih dan wangi terimakasih terbaik senayan barat,KOMPETITOR,Bintang 3,BestWesternSenayan-Jakarta,positive,0.9994640946388245,Facilities & Amenities,"Facilities & Amenities (1.00); Room Quality & Comfort (0.99); Cleanliness, Hygiene & Maintenance (0.99)"
Aris Triyanto,2025,5,Bukber disini makanannya oke stafnya ramah semoga ada kesempatan untuk menginap nantinya,KOMPETITOR,Bintang 3,BestWesternSenayan-Jakarta,positive,0.9988710284233093,Service Quality,Service Quality (1.00); Staff Conduct & Hospitality (0.99); Guest Experience (0.99)
Wandha Yunita,2025,4,kamarnya luas nyaman tapi tidak ada jendelanya,KOMPETITOR,Bintang 3,BestWesternSenayan-Jakarta,positive,0.9944782257080078,Facilities & Amenities,Facilities & Amenities (0.89); Room Quality & Comfort (0.84); Guest Experience (0.64)
Evy Hindrasari,2020,5,bawahnya tempat belanja kamar oke tapi kurang terang mungkin kursi di loby perlu ditambah menu sarapan oke,KOMPETITOR,Bintang 3,BestWesternSenayan-Jakarta,positive,0.9929701685905457,Facilities & Amenities,Facilities & Amenities (0.96); Food & Beverage (0.81); Guest Experience (0.70)
pcl Minji9,2025,5,enak banget dsini staf nya jg ramah2 banget,KOMPETITOR,Bintang 3,BestWesternSenayan-Jakarta,positive,0.9988322854042053,Staff Conduct & Hospitality,Staff Conduct & Hospitality (0.97); Service Quality (0.93); Guest Experience (0.90)
Sokat Rachman,2020,5,tepat berada di pusat lokasi bisnis Jakarta fasilitas oke kalau saat hari minggu bisa menikmati mobil hari bebas,KOMPETITOR,Bintang 3,BestWesternSenayan-Jakarta,positive,0.9993428587913513,Facilities & Amenities,Facilities & Amenities (0.97); Sustainability & Environmental Quality (0.77); Service Efficiency & Responsiveness (0.77)
Queen Cell,2022,5,pelayanan baik kamar nyaman bersih harga sesuai mantap fasilitas baru,KOMPETITOR,Bintang 3,BestWesternSenayan-Jakarta,positive,0.9993682503700256,Service Quality,Service Quality (0.99); Room Quality & Comfort (0.98); Guest Experience (0.98)
Rosen Sipahutar,2020,4,lokasi strategis tapi ac ruang rapat dingin banget soal nya pakai ac pusat kalau makanan nya b saja,KOMPETITOR,Bintang 3,BestWesternSenayan-Jakarta,positive,0.996295154094696,Facilities & Amenities,Facilities & Amenities (0.71); Sustainability & Environmental Quality (0.71); Management & Policy Issues (0.67)
Nur Astuti,2023,5,Pelayanannya yang terbaik makanannya enak kamar mandinya tolong diliat ya pak agak bau punya,KOMPETITOR,Bintang 3,BestWesternSenayan-Jakarta,positive,0.9985947012901306,Service Quality,Service Quality (1.00); Guest Experience (0.99); Facilities & Amenities (0.98)
Sendy Ryanto,2023,5,hotelnya unik karena berada dalam mall dan memudahkan yang menginap ketika bosan di hotel bisa keliling mall,KOMPETITOR,Bintang 3,BestWesternSenayan-Jakarta,positive,0.9979614019393921,Facilities & Amenities,Facilities & Amenities (0.84); Guest Experience (0.83); Service Efficiency & Responsiveness (0.80)
abelmegan megan,2023,5,untuk acara dingin tv nya oke lokasi di kelilingi mall ternama di jakarta enak untuk ajak pasangan,KOMPETITOR,Bintang 3,BestWesternSenayan-Jakarta,positive,0.9995191097259521,Facilities & Amenities,"Facilities & Amenities (0.93); Loyalty, Recommendation & Appreciation (0.79); Family & Group Friendly (0.64)"
agus salim,2025,5,nyaman bersih dan karyawan nya ramah2 jadi ingin kembali lagi,KOMPETITOR,Bintang 3,BestWesternSenayan-Jakarta,positive,0.9986342787742615,Facilities & Amenities,Facilities & Amenities (0.99); Service Quality (0.99); Staff Conduct & Hospitality (0.98)
Martin Marpaung,2023,5,keren hotel nya letak nya strategis dan ac nya dingin pelayanan nya sangat memuaskan,KOMPETITOR,Bintang 3,BestWesternSenayan-Jakarta,positive,0.9995150566101074,Service Quality,Service Quality (0.99); Facilities & Amenities (0.97); Guest Experience (0.95)
Albi Putra Prasetyo,2025,5,pelayanan nya ramah tempatnya rapih bersih,KOMPETITOR,Bintang 3,BestWesternSenayan-Jakarta,positive,0.999198853969574,"Cleanliness, Hygiene & Maintenance","Cleanliness, Hygiene & Maintenance (0.99); Service Quality (0.99); Guest Experience (0.98)"
Endah Fabrina,2021,5,Suka banget shiroi yukinya dianjurkan banget buat yang cari di tempat bulu mata super tahan lama,KOMPETITOR,Bintang 3,BestWesternSenayan-Jakarta,positive,0.9989238381385803,Sustainability & Environmental Quality,Sustainability & Environmental Quality (0.65); Religious & Halal Features (0.60); Service Quality (0.56)
Revandi Ega Saputra,2023,5,nyaman hotel nya ac nya dingin kamar mandi nya bersih dan wangi pelayanan nya ramah berikutnya kesini lagi,KOMPETITOR,Bintang 3,BestWesternSenayan-Jakarta,positive,0.9990817308425903,Facilities & Amenities,"Facilities & Amenities (0.99); Service Quality (0.99); Cleanliness, Hygiene & Maintenance (0.98)"
Mr P,2021,5,letaknya sangat strategis kamarnya bersih dan lega pelayanannya bagus dan makanannya enak,KOMPETITOR,Bintang 3,BestWesternSenayan-Jakarta,positive,0.9994863271713257,Facilities & Amenities,"Facilities & Amenities (1.00); Room Quality & Comfort (1.00); Cleanliness, Hygiene & Maintenance (0.99)"
Pratama Nur Wijaya,2021,4,hotel bintang 3 dikawasan senayan harga relatif terjangkau dekat dengan mall dan perkantoran pelayanan oke untuk kamar cukup oke,KOMPETITOR,Bintang 3,BestWesternSenayan-Jakarta,positive,0.9994468092918396,Service Quality,Service Quality (0.99); Room Quality & Comfort (0.98); Pricing & Value for Money (0.97)
Ayu Anggraini,2021,5,kamar bersih dan rapi standar kualitasnya baik makanan enak kamar mandi bersih penerangan kamar baik ac dingin,KOMPETITOR,Bintang 3,BestWesternSenayan-Jakarta,positive,0.999049961566925,"Cleanliness, Hygiene & Maintenance","Cleanliness, Hygiene & Maintenance (1.00); Facilities & Amenities (1.00); Room Quality & Comfort (0.99)"
Asep Rudi Irawan,2023,5,Layanan yang sangat baik kamar mandi bersih kamar sangat nyaman peralatan mandi sangat lengkap lokasi sangat strategis,KOMPETITOR,Bintang 3,BestWesternSenayan-Jakarta,positive,0.9988206028938293,Service Quality,Service Quality (1.00); Facilities & Amenities (1.00); Room Quality & Comfort (1.00)
Dzikrul Alam,2023,5,karna pelayanannya sangat baik kamarnya nyaman di lengkapi dengan fasilitas yang yang baik tempatnya strategis,KOMPETITOR,Bintang 3,BestWesternSenayan-Jakarta,positive,0.9991881251335144,Service Quality,Service Quality (1.00); Facilities & Amenities (0.99); Room Quality & Comfort (0.98)
AFRI RIZKi,2024,5,bagus bersih ke sency dan plaza senayan mcd nya buka 24 jam juga topp,KOMPETITOR,Bintang 3,BestWesternSenayan-Jakarta,positive,0.9991936087608337,Service Quality,"Service Quality (1.00); Cleanliness, Hygiene & Maintenance (0.99); Facilities & Amenities (0.99)"
Renald Purbayana,2025,5,mantap,KOMPETITOR,Bintang 3,BestWesternSenayan-Jakarta,positive,0.9991816878318787,"Cleanliness, Hygiene & Maintenance","Cleanliness, Hygiene & Maintenance (0.93); Facilities & Amenities (0.89); Sustainability & Environmental Quality (0.75)"
sy fauziah abrianty,2020,5,Tempat yang bagus dr banget ma mall2 keren n di tengah kota pelayanan oke n sarapannya di masuk dingin,KOMPETITOR,Bintang 3,BestWesternSenayan-Jakarta,positive,0.9993507266044617,Service Quality,Service Quality (0.99); Facilities & Amenities (0.99); Room Quality & Comfort (0.95)
kusumawati0404,2025,5,hotel bw senayan terbaik layanan dan fasilitasx,KOMPETITOR,Bintang 3,BestWesternSenayan-Jakarta,positive,0.9990291595458984,Facilities & Amenities,Facilities & Amenities (0.99); Service Quality (0.98); Service Efficiency & Responsiveness (0.89)
Astrid Vivianni,2020,4,nyaman sih cuma kekurangannya 1 yaitu tidak ada jendela di kamarnya jadi agak sumpek,KOMPETITOR,Bintang 3,BestWesternSenayan-Jakarta,negative,0.9032031893730164,Facilities & Amenities,Facilities & Amenities (0.77); Guest Experience (0.41); Religious & Halal Features (0.33)
Iman Kurniawan,2023,5,nyaman hotelnya ac nya dingin acara tv nya bagus berikutnya ksini lagi,KOMPETITOR,Bintang 3,BestWesternSenayan-Jakarta,positive,0.9984130859375,Facilities & Amenities,Facilities & Amenities (0.96); Service Quality (0.91); Room Quality & Comfort (0.90)
susan lysanty,2025,5,Sangat cocok untuk keperluan dinas atau bisnis dengan akses mudah ke mana,KOMPETITOR,Bintang 3,BestWesternSenayan-Jakarta,positive,0.9969605803489685,Facilities & Amenities,"Facilities & Amenities (0.92); Service Efficiency & Responsiveness (0.90); Location, Accessibility & Parking (0.76)"
Dwi Nuril,2022,5,Suka pelayanan ramah mbak dan mas nya banyak membantu dan nawarin mengambil makanan saat di resto,KOMPETITOR,Bintang 3,BestWesternSenayan-Jakarta,positive,0.9992176294326782,Guest Experience,Guest Experience (1.00); Staff Conduct & Hospitality (0.99); Service Quality (0.99)
Abu Yahya,2023,5,cocok yang butuh hotel yang sifatnya untuk keperluan bisnis saja dan tak perlu bersama lama,KOMPETITOR,Bintang 3,BestWesternSenayan-Jakarta,positive,0.9452710151672363,Facilities & Amenities,Facilities & Amenities (0.68); Pricing & Value for Money (0.47); Management & Policy Issues (0.27)
herriyadi tjoa,2022,5,tempat nyaman serta parkir mobil luas serta aman dan untuk makanannya enak banget begitu,KOMPETITOR,Bintang 3,BestWesternSenayan-Jakarta,positive,0.9995183944702148,"Location, Accessibility & Parking","Location, Accessibility & Parking (1.00); Facilities & Amenities (1.00); Safety & Security (1.00)"
Sherlly Maria,2021,3,manajer dan staf ramah sarapan cukup beragam dan enak lokasi strategis ke pusat perbelanjaan,KOMPETITOR,Bintang 3,BestWesternSenayan-Jakarta,positive,0.9993513226509094,Staff Conduct & Hospitality,Staff Conduct & Hospitality (0.99); Food & Beverage (0.99); Facilities & Amenities (0.98)
FEDRI RAMADHANI,2023,5,makanannya itu loh enak banget terus menontonnya juga keren deket kemana mana terutama plaza senayan atau senayan city,KOMPETITOR,Bintang 3,BestWesternSenayan-Jakarta,positive,0.9994582533836365,Cultural & Heritage Experience,"Cultural & Heritage Experience (0.93); Family & Group Friendly (0.87); Loyalty, Recommendation & Appreciation (0.86)"
Hafizh Nailun Naban,2019,3,hotelnya cukup nyaman tapi standar saja lokasinya dekat dengan kota senayan dan plaza senayan,KOMPETITOR,Bintang 3,BestWesternSenayan-Jakarta,positive,0.9978231191635132,Facilities & Amenities,Facilities & Amenities (0.96); Room Quality & Comfort (0.87); Guest Experience (0.84)
Andri Fahrezi,2025,4,toilet basement 2 nya jorok banget,KOMPETITOR,Bintang 3,BestWesternSenayan-Jakarta,negative,0.9992387294769287,Facilities & Amenities,Facilities & Amenities (0.67); Management & Policy Issues (0.42); Sustainability & Environmental Quality (0.41)
Surahman,2024,1,tadinya mau ngasih bintang 5 min pindahin barang ke kamar barang lain hilang dan nggk da tanggung jawab,KOMPETITOR,Bintang 3,BestWesternSenayan-Jakarta,negative,0.9980378746986389,Guest Experience,Guest Experience (0.49); Pricing & Value for Money (0.43); Check in/out Experience (0.41)
Muhammad Masy'ud,2023,4,kamarnya bersih pelayananya ramah lokasi yang strategis diantara mall mall besar di jakarta,KOMPETITOR,Bintang 3,BestWesternSenayan-Jakarta,positive,0.9985217452049255,Room Quality & Comfort,"Room Quality & Comfort (0.99); Cleanliness, Hygiene & Maintenance (0.99); Service Quality (0.98)"
vincentius suryadi,2020,4,oke jika ingin menginap dekat dengan keperluan untuk berbelanja disekitar senayan saya kamar no window,KOMPETITOR,Bintang 3,BestWesternSenayan-Jakarta,positive,0.9815210700035095,Facilities & Amenities,Facilities & Amenities (0.83); Guest Experience (0.77); Sustainability & Environmental Quality (0.72)
endry yanti,2023,5,kamarnya luas nyaman sangat bersih fasilitas dikamar mandinya lengkap,KOMPETITOR,Bintang 3,BestWesternSenayan-Jakarta,positive,0.9994613528251648,Facilities & Amenities,"Facilities & Amenities (0.99); Room Quality & Comfort (0.97); Cleanliness, Hygiene & Maintenance (0.95)"
Fenny Maysara,2020,5,lokasi strategis dan nyaman untuk harga yah saat lah karena berada di zona pusat perbelanjaan,KOMPETITOR,Bintang 3,BestWesternSenayan-Jakarta,positive,0.999313473701477,Pricing & Value for Money,Pricing & Value for Money (0.99); Facilities & Amenities (0.93); Room Quality & Comfort (0.84)
imror el badri,2022,4,lokasi strategis di dalam stc sayang kamar tidak punya jendela makanan lumayan,KOMPETITOR,Bintang 3,BestWesternSenayan-Jakarta,positive,0.9992031455039978,Facilities & Amenities,Facilities & Amenities (0.82); Food & Beverage (0.71); Sustainability & Environmental Quality (0.69)
Tri Annisa,2023,1,resepsionis pembohong minta ganti kamar bilang tidak tersedia di agen perjalanan masih tersedia lampu kamar tidak terang,KOMPETITOR,Bintang 3,BestWesternSenayan-Jakarta,negative,0.9988309741020203,Guest Experience,Guest Experience (0.84); Facilities & Amenities (0.79); Check in/out Experience (0.74)
Dewangga S.R.D,2020,5,hotel yang nyaman dekat dengan pusat perbelanjaan tempat strategis staf yang ramah,KOMPETITOR,Bintang 3,BestWesternSenayan-Jakarta,positive,0.9992523789405823,Staff Conduct & Hospitality,Staff Conduct & Hospitality (0.98); Service Quality (0.97); Facilities & Amenities (0.95)
kaila sufi azzahra,2025,5,Kamarr bersih dan rapih pelayanan juga ramah rekomend bangett,KOMPETITOR,Bintang 3,BestWesternSenayan-Jakarta,positive,0.9993908405303955,"Cleanliness, Hygiene & Maintenance","Cleanliness, Hygiene & Maintenance (0.99); Room Quality & Comfort (0.99); Facilities & Amenities (0.98)"
Jeje Nainggolan,2021,5,tempat makan barat yang cocok buat kmu yang penasaran sama makanan barat ya gaes strategis banget samping ps plaza senayan metro,KOMPETITOR,Bintang 3,BestWesternSenayan-Jakarta,positive,0.9990240335464478,Food & Beverage,"Food & Beverage (0.71); Facilities & Amenities (0.57); Loyalty, Recommendation & Appreciation (0.49)"
Grace Kim,2023,5,Suka banget sama mallnya ditambah semua yang dibutuhkan ada disini apalagi suka ada acara acara bersama artis gitu xx,KOMPETITOR,Bintang 3,BestWesternSenayan-Jakarta,positive,0.9986516833305359,Facilities & Amenities,Facilities & Amenities (0.99); Service Efficiency & Responsiveness (0.92); Personalized & Special Services (0.81)
Daras Dery,2025,5,Pelayanan nyaa baguss banget mantap poll,KOMPETITOR,Bintang 3,BestWesternSenayan-Jakarta,positive,0.9994099140167236,Service Quality,Service Quality (1.00); Guest Experience (0.98); Facilities & Amenities (0.96)
Yuni Indrayani,2020,4,kamar bersih tapi tidak bisa melihat pemandangan luar makanan cukup enak,KOMPETITOR,Bintang 3,BestWesternSenayan-Jakarta,positive,0.9844343066215515,"Cleanliness, Hygiene & Maintenance","Cleanliness, Hygiene & Maintenance (0.93); Facilities & Amenities (0.91); Guest Experience (0.80)"
Arw Tjg,2020,3,Lokasinya dekat kemana mana mana mau naik bus dekat mau ke mall dekat sayangnya kamar hotelnya dindingnya tipis dia dia suara2 kedengaran,KOMPETITOR,Bintang 3,BestWesternSenayan-Jakarta,positive,0.9965746402740479,Facilities & Amenities,"Facilities & Amenities (0.77); Location, Accessibility & Parking (0.73); Sustainability & Environmental Quality (0.64)"
Khoirul Umam,2021,5,ruang pertemuan yang disediakan bagus cocok untuk digunakan dalam acara acara resmi kantor,KOMPETITOR,Bintang 3,BestWesternSenayan-Jakarta,positive,0.9971930384635925,Facilities & Amenities,"Facilities & Amenities (0.97); Room Quality & Comfort (0.76); Loyalty, Recommendation & Appreciation (0.56)"
Ahmad Firdaus,2021,5,yang suka hobi dateng ke stc senayan ampe sepeda asal inggris yang lagi viral ada disini,KOMPETITOR,Bintang 3,BestWesternSenayan-Jakarta,positive,0.959317147731781,Cultural & Heritage Experience,Cultural & Heritage Experience (0.70); Check in/out Experience (0.52); Facilities & Amenities (0.49)
fauziah maulidiawati,2023,5,Tempatnya nyaman dan strategis bagus untuk liburan bersama keluarga,KOMPETITOR,Bintang 3,BestWesternSenayan-Jakarta,positive,0.999137282371521,Family & Group Friendly,Family & Group Friendly (0.99); Facilities & Amenities (0.99); Room Quality & Comfort (0.99)
Mayolka Perdana,2023,5,Pelayanan karyawan nya bagus cekatan di restoran nya ramah banget yang namanya mas deddy,KOMPETITOR,Bintang 3,BestWesternSenayan-Jakarta,positive,0.999319314956665,Service Quality,Service Quality (1.00); Staff Conduct & Hospitality (0.99); Guest Experience (0.98)
syahrir muhammad,2023,5,pelayanan ramah hotelnya cukup bersih interior kamarnya cukup antik sih,KOMPETITOR,Bintang 3,BestWesternSenayan-Jakarta,positive,0.9990600943565369,Service Quality,"Service Quality (0.99); Cleanliness, Hygiene & Maintenance (0.97); Staff Conduct & Hospitality (0.94)"
THE EXPLORE,2020,4,harga terjangkau dekat dengan mall nginap di sinih pokoknya top lah,KOMPETITOR,Bintang 3,BestWesternSenayan-Jakarta,positive,0.9995005130767822,Pricing & Value for Money,Pricing & Value for Money (0.94); Facilities & Amenities (0.81); Sustainability & Environmental Quality (0.73)
Arie Dwipantoro Rahman (Om Che),2023,4,Tempatnya strategis boleh jadi rekomendasi klo perlu tempat buat sewa,KOMPETITOR,Bintang 3,BestWesternSenayan-Jakarta,positive,0.998680055141449,Facilities & Amenities,"Facilities & Amenities (0.86); Location, Accessibility & Parking (0.72); Sustainability & Environmental Quality (0.68)"
Herman Cheung,2020,3,tempat nginap yang murah sekitar senayan lumayan nyaman sarapan lumayan oke,KOMPETITOR,Bintang 3,BestWesternSenayan-Jakarta,positive,0.9992675185203552,Service Quality,Service Quality (0.84); Facilities & Amenities (0.82); Pricing & Value for Money (0.81)
Heri Nuruadian,2023,5,kamarnya luas nyaman dan sangat bersih pasilitas kamar mandinya lengkap dan sangat bersih,KOMPETITOR,Bintang 3,BestWesternSenayan-Jakarta,positive,0.9994115829467773,Facilities & Amenities,"Facilities & Amenities (1.00); Room Quality & Comfort (0.99); Cleanliness, Hygiene & Maintenance (0.97)"
Wijayanto Soeyadi,2021,4,hanya untuk bertemu teman tetapi dilayani oleh resepsionis dengan baik dengan suguhan minuman hangat,KOMPETITOR,Bintang 3,BestWesternSenayan-Jakarta,positive,0.9728856086730957,Service Quality,Service Quality (1.00); Guest Experience (1.00); Check in/out Experience (0.99)
oschar bodenk,2024,5,nyaman lah tapi kamar agak sempit makanan enak,KOMPETITOR,Bintang 3,BestWesternSenayan-Jakarta,positive,0.9859710335731506,Facilities & Amenities,Facilities & Amenities (0.94); Guest Experience (0.68); Food & Beverage (0.67)
Heru Erlambang,2022,5,tempat nyaman dan strategis gelora bung karno bisa langsung jalan kaki,KOMPETITOR,Bintang 3,BestWesternSenayan-Jakarta,positive,0.9991218447685242,Facilities & Amenities,Facilities & Amenities (0.97); Room Quality & Comfort (0.97); Service Efficiency & Responsiveness (0.83)
Heru Setiawan,2023,5,Tempat favorit menginap di Jakarta Selatan lokasi strategis dekat dengan pusat perbelanjaan dan berburu foto kota,KOMPETITOR,Bintang 3,BestWesternSenayan-Jakarta,positive,0.999243974685669,Facilities & Amenities,"Facilities & Amenities (0.80); Loyalty, Recommendation & Appreciation (0.72); Booking & Reservation Experience (0.71)"
naning suharso,2022,5,pelayanan istimewa mulai tamu datang sampai kembali pulang benar2 luar biasa dianjurkan,KOMPETITOR,Bintang 3,BestWesternSenayan-Jakarta,positive,0.9963243007659912,Guest Experience,Guest Experience (0.99); Service Quality (0.99); Check in/out Experience (0.99)
Timeh Harahap,2022,3,kasurnya keras pegawai super ramah ac di beberapa kamar kurang dingin,KOMPETITOR,Bintang 3,BestWesternSenayan-Jakarta,positive,0.5466353893280029,Service Efficiency & Responsiveness,Service Efficiency & Responsiveness (0.90); Service Quality (0.87); Room Quality & Comfort (0.78)
Doni Patih,2021,5,hotel yang nyaman ditengah kota dengan nuansa dikelilingi mall dan gedung2 perkantoran,KOMPETITOR,Bintang 3,BestWesternSenayan-Jakarta,positive,0.9988526105880737,Ambience & Design,Ambience & Design (0.98); Room Quality & Comfort (0.93); Facilities & Amenities (0.90)
Nasron Dinata,2021,5,lumayan sih tapi pengunjung sepi sampai tidak enak jalan sendiri karena kunjungan sepi,KOMPETITOR,Bintang 3,BestWesternSenayan-Jakarta,negative,0.8612349033355713,Guest Experience,Guest Experience (0.67); Sustainability & Environmental Quality (0.41); Religious & Halal Features (0.39)
Yani Silapurna (Yani),2023,5,parkir mobil bisa di panin bank plaza senayan dan stc dekat dari mrt busway dan bunderan senayan,KOMPETITOR,Bintang 3,BestWesternSenayan-Jakarta,positive,0.9870947003364563,"Location, Accessibility & Parking","Location, Accessibility & Parking (0.96); Facilities & Amenities (0.95); Service Efficiency & Responsiveness (0.82)"
Khoirul Aziz,2023,5,nyaman sekali tinggal beberapa hari di hotel ini dianjurkan,KOMPETITOR,Bintang 3,BestWesternSenayan-Jakarta,positive,0.9974561333656311,Facilities & Amenities,Facilities & Amenities (0.93); Service Quality (0.91); Room Quality & Comfort (0.88)
hadi hidayatullah,2023,5,lokasi yang strategis kamar hotelnya nyaman dan makanannya enak,KOMPETITOR,Bintang 3,BestWesternSenayan-Jakarta,positive,0.999488115310669,Facilities & Amenities,Facilities & Amenities (0.99); Room Quality & Comfort (0.99); Service Quality (0.97)
oewais albany,2022,4,kamar luas bersih depan senayan kota harga oke sarapan oke,KOMPETITOR,Bintang 3,BestWesternSenayan-Jakarta,positive,0.9991598129272461,Facilities & Amenities,"Facilities & Amenities (0.99); Cleanliness, Hygiene & Maintenance (0.98); Service Quality (0.98)"
Yohanes Wahyudi,2024,3,kamar agak horor kucing tembok kamar mandi warnanya merah,KOMPETITOR,Bintang 3,BestWesternSenayan-Jakarta,negative,0.9913949370384216,Ambience & Design,Ambience & Design (0.57); Personalized & Special Services (0.42); Cultural & Heritage Experience (0.41)
guntur kusuma wardhani,2020,5,hotel dengan harga terbaik dikelasnya dan hotel ini menyajikan pelayanan diatas standar hotel dikelasnya,KOMPETITOR,Bintang 3,BestWesternSenayan-Jakarta,positive,0.9982642531394958,Pricing & Value for Money,Pricing & Value for Money (0.99); Service Quality (0.99); Facilities & Amenities (0.90)
Ahmad Fuentess,2020,5,ramah sekali di pusat perbeanjaan namun sedikit kurang pembersihan kamar setiap hari,KOMPETITOR,Bintang 3,BestWesternSenayan-Jakarta,positive,0.9393681287765503,Guest Experience,Guest Experience (0.96); Service Quality (0.94); Staff Conduct & Hospitality (0.84)
goenadie,2024,5,lokasi unik nya ada di lokasi pusat kota mau ke mall deket mau makan sate taican tinggal ke bawah,KOMPETITOR,Bintang 3,BestWesternSenayan-Jakarta,positive,0.9990236759185791,Facilities & Amenities,Facilities & Amenities (0.85); Cultural & Heritage Experience (0.84); Food & Beverage (0.69)
Yanti Nurmayanti,2022,5,akses yang dekat ke kota senayan dan gelora bung karno buat liburan di jakarta ini hotel strategis,KOMPETITOR,Bintang 3,BestWesternSenayan-Jakarta,positive,0.9989774227142334,Facilities & Amenities,"Facilities & Amenities (0.93); Service Efficiency & Responsiveness (0.82); Location, Accessibility & Parking (0.81)"
Nono Hartono,2023,4,lokasi ini berada di kawasan senayan dan cukup mudah di akses parkir cukup luas,KOMPETITOR,Bintang 3,BestWesternSenayan-Jakarta,positive,0.9992838501930237,"Location, Accessibility & Parking","Location, Accessibility & Parking (0.98); Service Efficiency & Responsiveness (0.82); Facilities & Amenities (0.80)"
Ellya Ellya,2021,5,Salon spa ellya membantu aku untuk hari2ku selalu segar n percaya diri,KOMPETITOR,Bintang 3,BestWesternSenayan-Jakarta,positive,0.9986069798469543,Service Quality,Service Quality (0.92); Service Efficiency & Responsiveness (0.86); Facilities & Amenities (0.79)
Rizky Mursyaid,2025,5,pelayanan bagus dari satpam ob dkk makanan enak,KOMPETITOR,Bintang 3,BestWesternSenayan-Jakarta,positive,0.9988548755645752,Service Quality,Service Quality (1.00); Staff Conduct & Hospitality (0.97); Guest Experience (0.97)
dhony saputra,2024,4,minta kunci tambahan tidak dikasih alasan lagi buku penuh aneh,KOMPETITOR,Bintang 3,BestWesternSenayan-Jakarta,negative,0.9988068342208862,Sustainability & Environmental Quality,Sustainability & Environmental Quality (0.38); Pricing & Value for Money (0.37); Religious & Halal Features (0.31)
Ruth Estherlita,2022,5,sarapannya enak banget mie goreng jawawanya strategis banget lokasinya,KOMPETITOR,Bintang 3,BestWesternSenayan-Jakarta,positive,0.9994064569473267,Food & Beverage,Food & Beverage (0.96); Facilities & Amenities (0.90); Sustainability & Environmental Quality (0.83)
Avicena Ups,2025,5,Rapih dan bersih ramah pokoknyaa terbaik,KOMPETITOR,Bintang 3,BestWesternSenayan-Jakarta,positive,0.9993976354598999,"Cleanliness, Hygiene & Maintenance","Cleanliness, Hygiene & Maintenance (1.00); Service Quality (0.99); Service Efficiency & Responsiveness (0.98)"
Iriel Abdul,2024,5,sarapannya enak kamar nyaman,KOMPETITOR,Bintang 3,BestWesternSenayan-Jakarta,positive,0.9994226694107056,Room Quality & Comfort,"Room Quality & Comfort (1.00); Facilities & Amenities (0.98); Cleanliness, Hygiene & Maintenance (0.98)"
swandita adinata,2021,5,pelayanan ramah makanannya enak staf siap di ruang pertemuan,KOMPETITOR,Bintang 3,BestWesternSenayan-Jakarta,positive,0.9991928935050964,Service Quality,Service Quality (0.99); Guest Experience (0.96); Staff Conduct & Hospitality (0.95)
pebrianto ginting,2025,4,Baguss deket banget ke cfd dianjurkan,KOMPETITOR,Bintang 3,BestWesternSenayan-Jakarta,positive,0.998429000377655,Service Quality,Service Quality (0.73); Sustainability & Environmental Quality (0.72); Facilities & Amenities (0.67)
Kurniawan Premiantoro,2024,5,lokasi strategis dekat perkantoran mall dan tempat makan,KOMPETITOR,Bintang 3,BestWesternSenayan-Jakarta,positive,0.9992971420288086,Food & Beverage,Food & Beverage (0.99); Facilities & Amenities (0.97); Service Efficiency & Responsiveness (0.86)
Bagus Setiawan,2023,5,Saya senang kamar bersih rapi toiletnya bersih wangi tak sbw senayan,KOMPETITOR,Bintang 3,BestWesternSenayan-Jakarta,positive,0.9990403056144714,"Cleanliness, Hygiene & Maintenance","Cleanliness, Hygiene & Maintenance (0.99); Service Quality (0.98); Room Quality & Comfort (0.97)"
Itos Osit,2023,5,bersih nyaman cuman tidak ada jendela dekat mall,KOMPETITOR,Bintang 3,BestWesternSenayan-Jakarta,negative,0.8699384927749634,"Cleanliness, Hygiene & Maintenance","Cleanliness, Hygiene & Maintenance (0.88); Facilities & Amenities (0.85); Room Quality & Comfort (0.82)"
Titi Prihatin,2024,4,Saat buka pintu kamar tercium aroma rokok,KOMPETITOR,Bintang 3,BestWesternSenayan-Jakarta,negative,0.9762259721755981,Guest Experience,Guest Experience (0.72); Sustainability & Environmental Quality (0.71); Check in/out Experience (0.63)
Toni Maliki,2023,5,Sumpah aku tidak akan datang ke sini sampai aku ditanyain istri cuma lewat depan jalanannya do'a t_t,KOMPETITOR,Bintang 3,BestWesternSenayan-Jakarta,negative,0.9965974688529968,Guest Experience,Guest Experience (0.85); Religious & Halal Features (0.76); Check in/out Experience (0.71)
iAN Ariesto,2022,5,Lokasinya strategis banget mau kemana mana mana enak apa lagi ke mall,KOMPETITOR,Bintang 3,BestWesternSenayan-Jakarta,positive,0.9983144998550415,Facilities & Amenities,Facilities & Amenities (0.90); Sustainability & Environmental Quality (0.82); Service Efficiency & Responsiveness (0.80)
Tablet Jadul,2020,5,tempat makan dan makan cukup nyaman dan enak pelayanan juga sigap terima kasih,KOMPETITOR,Bintang 3,BestWesternSenayan-Jakarta,positive,0.999382495880127,Service Efficiency & Responsiveness,Service Efficiency & Responsiveness (0.99); Facilities & Amenities (0.99); Guest Experience (0.98)
Tri Sandhy Herlambang,2020,4,Mall cukup bagus tapi harus lebih di perhatikan untuk WC baru,KOMPETITOR,Bintang 3,BestWesternSenayan-Jakarta,positive,0.949417233467102,Facilities & Amenities,Facilities & Amenities (0.91); Ambience & Design (0.43); Pricing & Value for Money (0.34)
Awaludin Malik,2025,5,gatau hotelnya saya cuma mampir ke stc senayan saja,KOMPETITOR,Bintang 3,BestWesternSenayan-Jakarta,neutral,0.9357324242591858,Guest Experience,Guest Experience (0.73); Pricing & Value for Money (0.67); Sustainability & Environmental Quality (0.66)
denay denay,2020,4,Tempat yang cocok buat santai setelah kerja dengan pemandangan patung senayan,KOMPETITOR,Bintang 3,BestWesternSenayan-Jakarta,positive,0.9980806112289429,Cultural & Heritage Experience,Cultural & Heritage Experience (0.89); Facilities & Amenities (0.77); Family & Group Friendly (0.66)
nur fasa,2023,5,untuk ac nya dingin dan lampu kamar saat untuk istirahat nyaman,KOMPETITOR,Bintang 3,BestWesternSenayan-Jakarta,positive,0.9992347955703735,Facilities & Amenities,Facilities & Amenities (0.98); Room Quality & Comfort (0.84); Service Efficiency & Responsiveness (0.83)
Siti Merli Azizah,2021,5,hotelnya nyaman dan bersih enak buat menginap,KOMPETITOR,Bintang 3,BestWesternSenayan-Jakarta,positive,0.9993925094604492,Facilities & Amenities,"Facilities & Amenities (0.99); Cleanliness, Hygiene & Maintenance (0.98); Service Quality (0.98)"
robby cahyadi,2023,5,kamarnya staf yang nyaman nya membantu n ramah,KOMPETITOR,Bintang 3,BestWesternSenayan-Jakarta,positive,0.9949146509170532,Room Quality & Comfort,Room Quality & Comfort (0.99); Staff Conduct & Hospitality (0.97); Guest Experience (0.97)
Hadi Esthree,2025,5,bagus pelayanan oke dekat dengan mall,KOMPETITOR,Bintang 3,BestWesternSenayan-Jakarta,positive,0.9994321465492249,Service Quality,Service Quality (0.99); Guest Experience (0.98); Facilities & Amenities (0.95)
Antonius Hardianto,2021,4,bagus tempatnya dekatbdengan akses perbelanjaan senayan kota dan plaza senayan,KOMPETITOR,Bintang 3,BestWesternSenayan-Jakarta,positive,0.9994727969169617,Facilities & Amenities,"Facilities & Amenities (0.99); Location, Accessibility & Parking (0.87); Service Efficiency & Responsiveness (0.79)"
Eny kusumawaty,2023,5,tempatnya strategis dan harganya terjangkau serta tempatnya nyaman,KOMPETITOR,Bintang 3,BestWesternSenayan-Jakarta,positive,0.9994342923164368,Pricing & Value for Money,Pricing & Value for Money (0.99); Facilities & Amenities (0.98); Room Quality & Comfort (0.98)
Fitri Ekadyahtina,2024,4,Kamarnya cukup sempit tapi pelayanannya baik,KOMPETITOR,Bintang 3,BestWesternSenayan-Jakarta,positive,0.9968175888061523,Service Quality,Service Quality (0.99); Guest Experience (0.98); Facilities & Amenities (0.94)
yanbozo,2023,5,kamarnya nyaman pelayanannya ramah lokasinya strategis,KOMPETITOR,Bintang 3,BestWesternSenayan-Jakarta,positive,0.9993725419044495,Room Quality & Comfort,Room Quality & Comfort (0.99); Guest Experience (0.98); Service Quality (0.98)
BEBEN YULIUS TARIGAN,2025,5,Cukup tempat yang bagus dan pelayanannya,KOMPETITOR,Bintang 3,BestWesternSenayan-Jakarta,positive,0.9992177486419678,Facilities & Amenities,Facilities & Amenities (1.00); Service Quality (0.99); Room Quality & Comfort (0.99)
Andi asrullah Syamsul,2020,5,baik teh hangat selalu tersedia di lobby sayang restox jauh,KOMPETITOR,Bintang 3,BestWesternSenayan-Jakarta,positive,0.9992848038673401,Service Quality,Service Quality (0.95); Facilities & Amenities (0.90); Service Efficiency & Responsiveness (0.89)
mayawati roxelle,2023,4,Karena dpt kamar yang tidak ada jendela jadi saya kasih bintang 3 ya,KOMPETITOR,Bintang 3,BestWesternSenayan-Jakarta,neutral,0.6603860259056091,Guest Experience,Guest Experience (0.70); Service Quality (0.66); Facilities & Amenities (0.59)
Muhammad Naufal,2023,5,Kamar baru bagus lokasi baru strategis dengan mall dan minimarket,KOMPETITOR,Bintang 3,BestWesternSenayan-Jakarta,positive,0.9985021352767944,Facilities & Amenities,Facilities & Amenities (0.97); Room Quality & Comfort (0.96); Guest Experience (0.95)
AA DAULAY,2024,5,stafnya sangat ramah pelayanan bagus juga murah senyum,KOMPETITOR,Bintang 3,BestWesternSenayan-Jakarta,positive,0.9988369345664978,Staff Conduct & Hospitality,Staff Conduct & Hospitality (0.99); Service Quality (0.98); Service Efficiency & Responsiveness (0.97)
Aleena Bilqis,2025,5,mantap,KOMPETITOR,Bintang 3,BestWesternSenayan-Jakarta,positive,0.999182403087616,"Cleanliness, Hygiene & Maintenance","Cleanliness, Hygiene & Maintenance (0.93); Facilities & Amenities (0.89); Sustainability & Environmental Quality (0.75)"
Rain CN,2023,5,lokasi di Stc di tengah sency dan plaza senayan pilihan makanan di sekitar hotel banyak,KOMPETITOR,Bintang 3,BestWesternSenayan-Jakarta,positive,0.9992276430130005,Facilities & Amenities,Facilities & Amenities (0.92); Food & Beverage (0.87); Staff Conduct & Hospitality (0.83)
Bunda Yulin,2025,4,kamar keluarganya luas banget,KOMPETITOR,Bintang 3,BestWesternSenayan-Jakarta,positive,0.9993669390678406,Facilities & Amenities,Facilities & Amenities (0.89); Sustainability & Environmental Quality (0.85); Guest Experience (0.82)
Yosie Cantik,2020,3,lumayan bagus makanan sayang agak kemahalan bagi yang gaji umr,KOMPETITOR,Bintang 3,BestWesternSenayan-Jakarta,positive,0.9952552318572998,Pricing & Value for Money,Pricing & Value for Money (0.84); Food & Beverage (0.74); Sustainability & Environmental Quality (0.51)
Bimo Winardianto,2023,5,hotel yang dekat dengan jcc pelayanan ramah dan fasilitas yang cukup,KOMPETITOR,Bintang 3,BestWesternSenayan-Jakarta,positive,0.9991998076438904,Facilities & Amenities,Facilities & Amenities (0.99); Service Quality (0.98); Staff Conduct & Hospitality (0.97)
Lysander Jayapranata,2021,5,hotel dengan suasana nyaman berada di pusat perdagangan senayan,KOMPETITOR,Bintang 3,BestWesternSenayan-Jakarta,positive,0.9990907907485962,Room Quality & Comfort,Room Quality & Comfort (0.99); Facilities & Amenities (0.96); Service Quality (0.93)
petrusagustinus hermawan,2019,5,sarapannya enak sekali kamar biasa saja,KOMPETITOR,Bintang 3,BestWesternSenayan-Jakarta,positive,0.9982261061668396,Guest Experience,Guest Experience (0.92); Food & Beverage (0.91); Room Quality & Comfort (0.89)
Taufiq Marsikin,2020,5,sarapannya enak indonesia atau makanan barat n kue nya sangat lezat,KOMPETITOR,Bintang 3,BestWesternSenayan-Jakarta,positive,0.9985849857330322,Food & Beverage,"Food & Beverage (0.95); Cultural & Heritage Experience (0.82); Loyalty, Recommendation & Appreciation (0.68)"
Kusnida Indrajaya Hidayat,2022,5,Harga sangat ekonomis lokasi tengah kota pelayanan super unggul,KOMPETITOR,Bintang 3,BestWesternSenayan-Jakarta,positive,0.998994767665863,Service Quality,Service Quality (0.99); Pricing & Value for Money (0.98); Facilities & Amenities (0.97)
chenn desca,2025,5,kamarnya bersih dan rapih,KOMPETITOR,Bintang 3,BestWesternSenayan-Jakarta,positive,0.9976938366889954,"Cleanliness, Hygiene & Maintenance","Cleanliness, Hygiene & Maintenance (1.00); Room Quality & Comfort (0.99); Service Quality (0.97)"
mikimoto pearl Huda,2022,2,sangat tidak nyaman untuk kamar mandi baru bau,KOMPETITOR,Bintang 3,BestWesternSenayan-Jakarta,negative,0.9990656971931458,Facilities & Amenities,Facilities & Amenities (0.83); Guest Experience (0.81); Check in/out Experience (0.68)
Hendra Slash,2024,5,Bagus ada di karaoke de 8 di ruang bawah tanah,KOMPETITOR,Bintang 3,BestWesternSenayan-Jakarta,positive,0.998246431350708,Facilities & Amenities,Facilities & Amenities (0.97); Service Quality (0.86); Room Quality & Comfort (0.74)
Agam Gumilar,2023,5,mantap rekomend banget sih tempatnya kamarnya bersih banget,KOMPETITOR,Bintang 3,BestWesternSenayan-Jakarta,positive,0.9993892908096313,Facilities & Amenities,"Facilities & Amenities (0.95); Cleanliness, Hygiene & Maintenance (0.95); Room Quality & Comfort (0.94)"
Dika Adi Wibowo,2024,5,mantapp lokasi strategis dan harga relatif terjangkau,KOMPETITOR,Bintang 3,BestWesternSenayan-Jakarta,positive,0.9991961121559143,Pricing & Value for Money,Pricing & Value for Money (0.99); Facilities & Amenities (0.95); Service Efficiency & Responsiveness (0.87)
Meilani Amalia,2025,5,tinggal di Newbrang kalau mo ke senci ato ps,KOMPETITOR,Bintang 3,BestWesternSenayan-Jakarta,neutral,0.9817158579826355,Cultural & Heritage Experience,Cultural & Heritage Experience (0.63); Check in/out Experience (0.61); Guest Experience (0.60)
jo nathan,2021,4,terlihat manis manis manis manis manis manis manis tidak bisa makan karena kau tutup tempat baru,KOMPETITOR,Bintang 3,BestWesternSenayan-Jakarta,negative,0.9097974300384521,Guest Experience,Guest Experience (0.86); Facilities & Amenities (0.83); Ambience & Design (0.82)
Nurhidayat Agam,2022,5,lokasi strategis dekat pusat perbelanjaan tidak merokok,KOMPETITOR,Bintang 3,BestWesternSenayan-Jakarta,positive,0.9991492033004761,Religious & Halal Features,Religious & Halal Features (0.98); Facilities & Amenities (0.95); Service Quality (0.94)
Ketut Artawijaya,2024,5,bagus bisa jalan kaki dpt resro deket nyaman,KOMPETITOR,Bintang 3,BestWesternSenayan-Jakarta,positive,0.9993645548820496,Facilities & Amenities,Facilities & Amenities (0.97); Room Quality & Comfort (0.96); Service Quality (0.92)
Septi Riyanti,2020,5,tempatnya adem luas banyak yang jualan mainan game ps dll,KOMPETITOR,Bintang 3,BestWesternSenayan-Jakarta,positive,0.9978426694869995,Facilities & Amenities,Facilities & Amenities (0.96); Room Quality & Comfort (0.93); Sustainability & Environmental Quality (0.78)
Yanto Heriyanto,2023,5,tempat yang bagus dan strategis bersih dan bagus pelayananannya,KOMPETITOR,Bintang 3,BestWesternSenayan-Jakarta,positive,0.9992297887802124,"Cleanliness, Hygiene & Maintenance","Cleanliness, Hygiene & Maintenance (1.00); Service Quality (0.99); Facilities & Amenities (0.99)"
ENO NOE,2022,5,tempatnya harus ada yang bagus untuk berkumpul bersama teman keluarga,KOMPETITOR,Bintang 3,BestWesternSenayan-Jakarta,positive,0.9972827434539795,Family & Group Friendly,Family & Group Friendly (0.95); Facilities & Amenities (0.92); Guest Experience (0.75)
Encu Suheri,2021,5,Cumn kamar mandinya sayang tidak ada klosetnya,KOMPETITOR,Bintang 3,BestWesternSenayan-Jakarta,negative,0.9933547973632812,Facilities & Amenities,Facilities & Amenities (0.92); Service Quality (0.79); Guest Experience (0.77)
Oty Setialalana,2024,5,nonton konser musik di gbk meluruskan badan disini,KOMPETITOR,Bintang 3,BestWesternSenayan-Jakarta,neutral,0.9983236193656921,Cultural & Heritage Experience,Cultural & Heritage Experience (0.91); Check in/out Experience (0.84); Personalized & Special Services (0.81)
Don Jhonson,2022,5,nyaman dan makanan nya enak nonton netflix lancar,KOMPETITOR,Bintang 3,BestWesternSenayan-Jakarta,positive,0.9994354844093323,Facilities & Amenities,Facilities & Amenities (0.99); Service Quality (0.96); Room Quality & Comfort (0.95)
Mommy Nita,2025,5,nyaman,KOMPETITOR,Bintang 3,BestWesternSenayan-Jakarta,positive,0.9835036993026733,"Cleanliness, Hygiene & Maintenance","Cleanliness, Hygiene & Maintenance (0.72); Sustainability & Environmental Quality (0.65); Guest Experience (0.59)"
Eko Febriyanto,2021,5,cocok untuk yang hobi bersepeda dan mencari sperpart nya,KOMPETITOR,Bintang 3,BestWesternSenayan-Jakarta,positive,0.9331346750259399,Personalized & Special Services,Personalized & Special Services (0.90); Facilities & Amenities (0.72); Booking & Reservation Experience (0.67)
Wisnu Adi Pratama,2023,1,hotelnya gaada jendela kaya dikurung,KOMPETITOR,Bintang 3,BestWesternSenayan-Jakarta,negative,0.9984116554260254,Safety & Security,Safety & Security (0.77); Guest Experience (0.71); Facilities & Amenities (0.69)
Vita Siregar,2024,4,temboknya tipe kegiatan di kamar sebelah sampai ke kamar saya,KOMPETITOR,Bintang 3,BestWesternSenayan-Jakarta,negative,0.7541491985321045,Guest Experience,Guest Experience (0.93); Facilities & Amenities (0.90); Check in/out Experience (0.70)
Kiki Oqhemyhakim (Kizmin kizmiz),2023,3,lumayan buat transit dan mall strategis di pusat kota senayan,KOMPETITOR,Bintang 3,BestWesternSenayan-Jakarta,positive,0.9991902709007263,Facilities & Amenities,Facilities & Amenities (0.99); Pricing & Value for Money (0.93); Room Quality & Comfort (0.81)
Arini Sabilal Izzah,2023,4,gedung lama tapi bersih dan baik dipelihara bagus dan tempatnya strategis,KOMPETITOR,Bintang 3,BestWesternSenayan-Jakarta,positive,0.9981933236122131,"Cleanliness, Hygiene & Maintenance","Cleanliness, Hygiene & Maintenance (1.00); Facilities & Amenities (0.99); Sustainability & Environmental Quality (0.95)"
herdyn,2021,5,hoyel yang tidak jauh dari tana abang dan berada di pusat kota jakarta,KOMPETITOR,Bintang 3,BestWesternSenayan-Jakarta,neutral,0.9129107594490051,Religious & Halal Features,"Religious & Halal Features (0.74); Facilities & Amenities (0.72); Cleanliness, Hygiene & Maintenance (0.71)"
Rendi Maulana,2025,5,pelayanan bagus ramah baik top,KOMPETITOR,Bintang 3,BestWesternSenayan-Jakarta,positive,0.9987751841545105,Service Quality,Service Quality (1.00); Guest Experience (0.99); Service Efficiency & Responsiveness (0.96)
Yama,2020,3,lokasi strategis sayangnya tidak ada jendela di kamar,KOMPETITOR,Bintang 3,BestWesternSenayan-Jakarta,positive,0.9403935074806213,Facilities & Amenities,Facilities & Amenities (0.84); Safety & Security (0.82); Guest Experience (0.79)
Sulis Triyono - Tyo,2020,5,Parkiran cukup meskipun jadi satu sama mall,KOMPETITOR,Bintang 3,BestWesternSenayan-Jakarta,positive,0.9976050853729248,Facilities & Amenities,"Facilities & Amenities (0.96); Location, Accessibility & Parking (0.91); Sustainability & Environmental Quality (0.76)"
Yanti Sri,2022,5,meski masih standar tapi pelayanan sangat baik terima kasih,KOMPETITOR,Bintang 3,BestWesternSenayan-Jakarta,positive,0.9933984279632568,Service Quality,Service Quality (1.00); Guest Experience (0.99); Service Efficiency & Responsiveness (0.93)
Mhmmd nopal666,2025,5,pokoknya jempol nginep di sini,KOMPETITOR,Bintang 3,BestWesternSenayan-Jakarta,positive,0.9963356256484985,Guest Experience,Guest Experience (0.98); Cultural & Heritage Experience (0.85); Check in/out Experience (0.84)
Shynta Felicia Souhoka,2020,5,pelayanan baik kamar nyaman lokasi strategis,KOMPETITOR,Bintang 3,BestWesternSenayan-Jakarta,positive,0.9992928504943848,Room Quality & Comfort,Room Quality & Comfort (1.00); Service Quality (1.00); Facilities & Amenities (0.99)
Dhidhin Haris,2020,4,Hidup saya agak kurang nyaman mungkin perlu perawatan,KOMPETITOR,Bintang 3,BestWesternSenayan-Jakarta,negative,0.9796926975250244,Facilities & Amenities,"Facilities & Amenities (0.73); Sustainability & Environmental Quality (0.65); Cleanliness, Hygiene & Maintenance (0.63)"
noey boyz,2025,4,pelayanan oke staf ramah,KOMPETITOR,Bintang 3,BestWesternSenayan-Jakarta,positive,0.9980085492134094,Service Quality,Service Quality (1.00); Guest Experience (0.99); Staff Conduct & Hospitality (0.97)
Joko Gibŕan,2024,5,Salah satu pilihan terbaik untuk bisnis dan liburan tempat terbaik,KOMPETITOR,Bintang 3,BestWesternSenayan-Jakarta,positive,0.9994001388549805,Facilities & Amenities,"Facilities & Amenities (0.98); Cultural & Heritage Experience (0.80); Loyalty, Recommendation & Appreciation (0.79)"
Muslim Machbub,2024,5,kamarnya tidak ada kaca disemua lini,KOMPETITOR,Bintang 3,BestWesternSenayan-Jakarta,positive,0.9255557656288147,Facilities & Amenities,Facilities & Amenities (0.90); Guest Experience (0.82); Ambience & Design (0.71)
Berty,2021,4,bersih pelayanan sangat baik sangat strategis,KOMPETITOR,Bintang 3,BestWesternSenayan-Jakarta,positive,0.9954574108123779,Service Quality,"Service Quality (1.00); Guest Experience (0.99); Cleanliness, Hygiene & Maintenance (0.98)"
Deni Kurniadi,2023,5,posisi strategis pelayanan terbaik dan cepat terimakasih,KOMPETITOR,Bintang 3,BestWesternSenayan-Jakarta,positive,0.9986687898635864,Service Efficiency & Responsiveness,Service Efficiency & Responsiveness (0.99); Service Quality (0.99); Guest Experience (0.95)
Erry Erfiandi,2023,5,nyaman dan sangat memuaskan pelayan nya,KOMPETITOR,Bintang 3,BestWesternSenayan-Jakarta,positive,0.9989638328552246,Guest Experience,Guest Experience (0.99); Service Quality (0.99); Facilities & Amenities (0.95)
Mercy Oktyasari,2019,4,Tidak buruk tidur nyenyak setelah seharian jalan,KOMPETITOR,Bintang 3,BestWesternSenayan-Jakarta,positive,0.9896127581596375,Room Quality & Comfort,Room Quality & Comfort (0.82); Service Efficiency & Responsiveness (0.81); Sustainability & Environmental Quality (0.72)
aminudin rahman,2020,5,Hotel yang punya ruang pertemuan yang sangat keren,KOMPETITOR,Bintang 3,BestWesternSenayan-Jakarta,positive,0.9948235750198364,Facilities & Amenities,Facilities & Amenities (0.97); Guest Experience (0.95); Ambience & Design (0.91)
dian suhafidiansyah,2021,3,Entahlah mungkin kamar dan menu perlu diperhatikan,KOMPETITOR,Bintang 3,BestWesternSenayan-Jakarta,negative,0.7267475724220276,Facilities & Amenities,Facilities & Amenities (0.94); Food & Beverage (0.92); Ambience & Design (0.73)
Gde Artison Andarawata,2021,5,yang hobi ngemall irit dan deket mall gede senayan kesini saja,KOMPETITOR,Bintang 3,BestWesternSenayan-Jakarta,positive,0.9970019459724426,Pricing & Value for Money,"Pricing & Value for Money (0.92); Food & Beverage (0.60); Location, Accessibility & Parking (0.58)"
Fransiska Magdalena,2022,5,lokasi sangat strategis harga sangat terjangkau sangat nyaman,KOMPETITOR,Bintang 3,BestWesternSenayan-Jakarta,positive,0.9993265867233276,Pricing & Value for Money,Pricing & Value for Money (0.97); Facilities & Amenities (0.95); Room Quality & Comfort (0.88)
Mega Utama,2020,4,Yah ini lagi tidak tahu om benar saya hanya numpang parkir di situ,KOMPETITOR,Bintang 3,BestWesternSenayan-Jakarta,negative,0.9959264993667603,"Location, Accessibility & Parking","Location, Accessibility & Parking (0.70); Guest Experience (0.69); Pricing & Value for Money (0.50)"
Sanjaya West,2021,5,Minimal dan nyaman sarapan oke punya nih,KOMPETITOR,Bintang 3,BestWesternSenayan-Jakarta,positive,0.9987751841545105,Room Quality & Comfort,Room Quality & Comfort (0.91); Facilities & Amenities (0.90); Food & Beverage (0.76)
Andris Samuji,2022,5,tempatnya saat berada di jantung kota ke mall sangat dekat,KOMPETITOR,Bintang 3,BestWesternSenayan-Jakarta,positive,0.9993488192558289,Facilities & Amenities,Facilities & Amenities (0.95); Sustainability & Environmental Quality (0.86); Service Efficiency & Responsiveness (0.85)
Rofi Ilham Pratama,2025,5,kamarnya berisik bukan tembok,KOMPETITOR,Bintang 3,BestWesternSenayan-Jakarta,negative,0.9928300976753235,Guest Experience,Guest Experience (0.81); Facilities & Amenities (0.71); Sustainability & Environmental Quality (0.69)
Herman,2024,4,Ada kamar yang tidak punya jendela,KOMPETITOR,Bintang 3,BestWesternSenayan-Jakarta,negative,0.6983143091201782,Facilities & Amenities,"Facilities & Amenities (0.84); Sustainability & Environmental Quality (0.68); Loyalty, Recommendation & Appreciation (0.62)"
Bonar Lankari Halim,2020,4,kurang sisir dan pelayanan servis yang lelet selebihnya bagus,KOMPETITOR,Bintang 3,BestWesternSenayan-Jakarta,negative,0.8656256794929504,Facilities & Amenities,Facilities & Amenities (0.84); Service Quality (0.82); Pricing & Value for Money (0.69)
R Pahlevi,2020,4,Bisa skalian blanja tas2 dan peralatan luar,KOMPETITOR,Bintang 3,BestWesternSenayan-Jakarta,neutral,0.9927545189857483,"Cleanliness, Hygiene & Maintenance","Cleanliness, Hygiene & Maintenance (0.81); Facilities & Amenities (0.79); Service Efficiency & Responsiveness (0.77)"
Akiko Sakura,2024,5,Sangat sangat menyenangkan dan dekat dengan mall kesayanganku,KOMPETITOR,Bintang 3,BestWesternSenayan-Jakarta,positive,0.9994133710861206,Facilities & Amenities,"Facilities & Amenities (0.99); Loyalty, Recommendation & Appreciation (0.92); Family & Group Friendly (0.90)"
Anisa Miftah Hayati,2025,5,bagus pelayanan nya,KOMPETITOR,Bintang 3,BestWesternSenayan-Jakarta,positive,0.9986732006072998,Service Quality,"Service Quality (1.00); Guest Experience (0.98); Cleanliness, Hygiene & Maintenance (0.91)"
Vad Daud,2023,5,hotel yang nyaman untuk ditempati dianjurkan,KOMPETITOR,Bintang 3,BestWesternSenayan-Jakarta,positive,0.9986189603805542,Room Quality & Comfort,Room Quality & Comfort (0.90); Facilities & Amenities (0.90); Service Quality (0.89)
indrawadi indrawadi,2020,4,Hotel di daerah senayan lumayan untuk istirahat sejenak,KOMPETITOR,Bintang 3,BestWesternSenayan-Jakarta,positive,0.9982950091362,Facilities & Amenities,Facilities & Amenities (0.87); Service Quality (0.79); Room Quality & Comfort (0.76)
Halim Khoiron,2024,5,hotel yang tergabung dengan mall bisa menginap sekaligus jalan2 di mall,KOMPETITOR,Bintang 3,BestWesternSenayan-Jakarta,positive,0.7784373760223389,Family & Group Friendly,Family & Group Friendly (0.86); Facilities & Amenities (0.84); Booking & Reservation Experience (0.78)
ronny oramahi,2021,4,tempat nya enak dan lokasi nya strategis,KOMPETITOR,Bintang 3,BestWesternSenayan-Jakarta,positive,0.9991971850395203,Room Quality & Comfort,Room Quality & Comfort (0.98); Facilities & Amenities (0.98); Food & Beverage (0.98)
Samirin Samirin (semmi),2021,5,Lek bangt pokoknya bagus dh gampng si carinya,KOMPETITOR,Bintang 3,BestWesternSenayan-Jakarta,positive,0.9987553358078003,Pricing & Value for Money,Pricing & Value for Money (0.74); Facilities & Amenities (0.68); Sustainability & Environmental Quality (0.67)
Dwiky Dwicahyo,2020,5,Hotel ini lokasinya jadi satu sama pusat perdagangan senayan,KOMPETITOR,Bintang 3,BestWesternSenayan-Jakarta,positive,0.9956918358802795,Facilities & Amenities,Facilities & Amenities (0.94); Guest Experience (0.91); Sustainability & Environmental Quality (0.84)
Budi Renaldi,2022,5,kamarnya bersih staf nya ramah terjangkau,KOMPETITOR,Bintang 3,BestWesternSenayan-Jakarta,positive,0.9986029267311096,Service Quality,"Service Quality (0.98); Room Quality & Comfort (0.97); Cleanliness, Hygiene & Maintenance (0.96)"
Ruth Estherlita,2022,5,kamar nyaman sarapan enak bangeet,KOMPETITOR,Bintang 3,BestWesternSenayan-Jakarta,positive,0.9993454813957214,Room Quality & Comfort,Room Quality & Comfort (0.98); Facilities & Amenities (0.97); Guest Experience (0.95)
Naura Ausyifa K,2025,5,kamar bersih dan rapih,KOMPETITOR,Bintang 3,BestWesternSenayan-Jakarta,positive,0.9991536140441895,"Cleanliness, Hygiene & Maintenance","Cleanliness, Hygiene & Maintenance (1.00); Room Quality & Comfort (0.99); Service Quality (0.98)"
Agisna Ramadhina,2025,5,kamar bersih dan rapih,KOMPETITOR,Bintang 3,BestWesternSenayan-Jakarta,positive,0.9991536140441895,"Cleanliness, Hygiene & Maintenance","Cleanliness, Hygiene & Maintenance (1.00); Room Quality & Comfort (0.99); Service Quality (0.98)"
Mulyana,2022,5,warung sembako buka jam 5 30 tutup 22 30,KOMPETITOR,Bintang 3,BestWesternSenayan-Jakarta,neutral,0.9989936947822571,Food & Beverage,"Food & Beverage (0.97); Cleanliness, Hygiene & Maintenance (0.82); Sustainability & Environmental Quality (0.80)"
Ivana Oktavia,2020,5,kamar nyaman sarapan beragam,KOMPETITOR,Bintang 3,BestWesternSenayan-Jakarta,positive,0.9993420243263245,Facilities & Amenities,Facilities & Amenities (0.98); Room Quality & Comfort (0.98); Guest Experience (0.94)
Andri Sutrisno,2022,5,Tempat yang nyaman untuk singgah saat di Jakarta,KOMPETITOR,Bintang 3,BestWesternSenayan-Jakarta,positive,0.9968671202659607,Facilities & Amenities,"Facilities & Amenities (0.84); Guest Experience (0.78); Cleanliness, Hygiene & Maintenance (0.77)"
Zulkifli Majid,2023,5,tempatnya strategis tenang dan nyaman,KOMPETITOR,Bintang 3,BestWesternSenayan-Jakarta,positive,0.9992007613182068,Room Quality & Comfort,Room Quality & Comfort (0.99); Facilities & Amenities (0.95); Family & Group Friendly (0.90)
safa riza,2024,5,luar biasa memuaskan rasa dan pelayanan,KOMPETITOR,Bintang 3,BestWesternSenayan-Jakarta,positive,0.9977439641952515,Service Quality,Service Quality (0.99); Guest Experience (0.97); Service Efficiency & Responsiveness (0.95)
Muhidin,2024,5,lokasi oke memang hotel tua,KOMPETITOR,Bintang 3,BestWesternSenayan-Jakarta,negative,0.8707885146141052,Sustainability & Environmental Quality,"Sustainability & Environmental Quality (0.86); Cultural & Heritage Experience (0.84); Loyalty, Recommendation & Appreciation (0.69)"
fahmi zulqarnain,2020,4,gedung serbaguna untuk pernikahan dan pesta harga bersahabat,KOMPETITOR,Bintang 3,BestWesternSenayan-Jakarta,positive,0.9984763264656067,Facilities & Amenities,Facilities & Amenities (0.99); Family & Group Friendly (0.98); Pricing & Value for Money (0.96)
Iman Solihin,2020,5,kamarnya nyaman ruangan rapatnya bagus,KOMPETITOR,Bintang 3,BestWesternSenayan-Jakarta,positive,0.9993487000465393,Room Quality & Comfort,Room Quality & Comfort (0.97); Facilities & Amenities (0.93); Check in/out Experience (0.88)
YASIN Hakim,2023,5,strategis dekat dengan perbelanjaan dan terlengkap nan mega,KOMPETITOR,Bintang 3,BestWesternSenayan-Jakarta,positive,0.999427855014801,Facilities & Amenities,Facilities & Amenities (0.96); Pricing & Value for Money (0.79); Sustainability & Environmental Quality (0.72)
Tri Yanto,2020,5,Fotocopy yang lekap bisa cetak foto dan lainnya,KOMPETITOR,Bintang 3,BestWesternSenayan-Jakarta,neutral,0.9970914125442505,Sustainability & Environmental Quality,Sustainability & Environmental Quality (0.47); Service Efficiency & Responsiveness (0.44); Personalized & Special Services (0.42)
Hazrul Iswadi,2020,4,berada di St.C merupakan keunggulan besar bagi hotel ini,KOMPETITOR,Bintang 3,BestWesternSenayan-Jakarta,positive,0.9986668825149536,Guest Experience,Guest Experience (0.89); Facilities & Amenities (0.80); Service Quality (0.77)
Nur Mujiana,2024,5,Ada acara pertemuan disini seru banget,KOMPETITOR,Bintang 3,BestWesternSenayan-Jakarta,positive,0.9985484480857849,Guest Experience,Guest Experience (0.76); Check in/out Experience (0.74); Cultural & Heritage Experience (0.70)
Dani Kusmayadi,2019,4,Bagus nyaman ada mcd 24jam,KOMPETITOR,Bintang 3,BestWesternSenayan-Jakarta,positive,0.9988088607788086,Facilities & Amenities,Facilities & Amenities (0.98); Room Quality & Comfort (0.95); Service Quality (0.90)
Donny Prayono,2024,4,lokasi strategis harga ekonomi,KOMPETITOR,Bintang 3,BestWesternSenayan-Jakarta,positive,0.9992610812187195,Pricing & Value for Money,Pricing & Value for Money (0.97); Facilities & Amenities (0.80); Sustainability & Environmental Quality (0.64)
Prayogo Assabab,2021,5,cocok lah untuk cuci mata dan jalan jalan,KOMPETITOR,Bintang 3,BestWesternSenayan-Jakarta,positive,0.9971513152122498,Check in/out Experience,"Check in/out Experience (0.99); Cleanliness, Hygiene & Maintenance (0.98); Cultural & Heritage Experience (0.84)"
ilham rafi,2023,4,lokasi mudah ditemukan dan pemandangan bagus,KOMPETITOR,Bintang 3,BestWesternSenayan-Jakarta,positive,0.9983580708503723,Facilities & Amenities,Facilities & Amenities (0.97); Sustainability & Environmental Quality (0.84); Service Efficiency & Responsiveness (0.81)
Pramudya Utama,2020,4,Salah satu pusat toko sepeda di Jakarta Selatan,KOMPETITOR,Bintang 3,BestWesternSenayan-Jakarta,neutral,0.8228293061256409,Sustainability & Environmental Quality,"Sustainability & Environmental Quality (0.84); Cleanliness, Hygiene & Maintenance (0.81); Loyalty, Recommendation & Appreciation (0.78)"
Anisah Rofiah,2020,5,mantap dah ada pop up store bt21,KOMPETITOR,Bintang 3,BestWesternSenayan-Jakarta,positive,0.9974437952041626,Service Quality,Service Quality (0.72); Service Efficiency & Responsiveness (0.62); Pricing & Value for Money (0.59)
Hemzo 1898 (Hemzo1898),2022,4,bersih dan staf nya jg ramah n membantu,KOMPETITOR,Bintang 3,BestWesternSenayan-Jakarta,positive,0.9981185793876648,"Cleanliness, Hygiene & Maintenance","Cleanliness, Hygiene & Maintenance (0.99); Staff Conduct & Hospitality (0.99); Service Quality (0.98)"
Harri Daryanto,2021,5,strategis tempat nya enak mau kemanapun,KOMPETITOR,Bintang 3,BestWesternSenayan-Jakarta,positive,0.9994431138038635,Room Quality & Comfort,Room Quality & Comfort (0.88); Facilities & Amenities (0.82); Family & Group Friendly (0.74)
Averus zaman,2022,5,hotel rantai dengan harga untuk nilai terbaik,KOMPETITOR,Bintang 3,BestWesternSenayan-Jakarta,positive,0.9991982579231262,Pricing & Value for Money,"Pricing & Value for Money (0.99); Loyalty, Recommendation & Appreciation (0.84); Facilities & Amenities (0.78)"
Ayu Dianningrum,2023,4,Tapi tidak ada kolam renangnya huhu,KOMPETITOR,Bintang 3,BestWesternSenayan-Jakarta,negative,0.591917097568512,Facilities & Amenities,Facilities & Amenities (0.83); Religious & Halal Features (0.70); Sustainability & Environmental Quality (0.53)
mimin afendy,2020,5,Saya suka rasanya saat dilidah harga hemat,KOMPETITOR,Bintang 3,BestWesternSenayan-Jakarta,positive,0.999270498752594,Pricing & Value for Money,Pricing & Value for Money (0.96); Food & Beverage (0.92); Sustainability & Environmental Quality (0.78)
Bambang Aryanto,2023,4,lokasi saat sarapan enak,KOMPETITOR,Bintang 3,BestWesternSenayan-Jakarta,positive,0.9989686012268066,Facilities & Amenities,"Facilities & Amenities (0.97); Cleanliness, Hygiene & Maintenance (0.85); Sustainability & Environmental Quality (0.84)"
Budi Seno,2024,5,Hotel lama tapi masih dijaga dengan baik,KOMPETITOR,Bintang 3,BestWesternSenayan-Jakarta,positive,0.8955698013305664,"Cleanliness, Hygiene & Maintenance","Cleanliness, Hygiene & Maintenance (0.97); Service Quality (0.96); Facilities & Amenities (0.84)"
Romi Armidi,2023,4,Tidak ada kulkas dikamar,KOMPETITOR,Bintang 3,BestWesternSenayan-Jakarta,negative,0.9772135019302368,Facilities & Amenities,Facilities & Amenities (0.94); Sustainability & Environmental Quality (0.85); Religious & Halal Features (0.82)
Tovan Hageng,2020,2,mall yang sudah lama namun sekarang sepi banget,KOMPETITOR,Bintang 3,BestWesternSenayan-Jakarta,negative,0.9850327968597412,Sustainability & Environmental Quality,Sustainability & Environmental Quality (0.51); Facilities & Amenities (0.48); Pricing & Value for Money (0.35)
denny prisanto,2025,5,nyaman dan tenang,KOMPETITOR,Bintang 3,BestWesternSenayan-Jakarta,positive,0.9987150430679321,Room Quality & Comfort,Room Quality & Comfort (0.78); Service Quality (0.77); Sustainability & Environmental Quality (0.76)
Pur Pur,2025,4,bagus strategis nyaman dekat ke mana mana,KOMPETITOR,Bintang 3,BestWesternSenayan-Jakarta,positive,0.9987467527389526,Facilities & Amenities,Facilities & Amenities (0.96); Room Quality & Comfort (0.91); Family & Group Friendly (0.86)
zul hermansyah,2021,5,toko sepeda stc ini laku keras,KOMPETITOR,Bintang 3,BestWesternSenayan-Jakarta,positive,0.7819724082946777,Sustainability & Environmental Quality,"Sustainability & Environmental Quality (0.76); Pricing & Value for Money (0.72); Loyalty, Recommendation & Appreciation (0.66)"
rico johansyah,2020,4,Suasananya tenang enak buat istirahat,KOMPETITOR,Bintang 3,BestWesternSenayan-Jakarta,positive,0.9992361068725586,Room Quality & Comfort,Room Quality & Comfort (0.94); Service Quality (0.75); Religious & Halal Features (0.74)
Dimas Adi Pratama,2022,5,ruang modern cukup protokol kesehatan ketat,KOMPETITOR,Bintang 3,BestWesternSenayan-Jakarta,neutral,0.8676918745040894,Room Quality & Comfort,"Room Quality & Comfort (0.94); Cleanliness, Hygiene & Maintenance (0.94); Safety & Security (0.88)"
Imam Pratomo,2023,4,hotelnya satu gedung dengan stc senayan,KOMPETITOR,Bintang 3,BestWesternSenayan-Jakarta,positive,0.8986679911613464,Safety & Security,Safety & Security (0.83); Sustainability & Environmental Quality (0.81); Facilities & Amenities (0.79)
Rahmamuriza MUrdih,2022,5,Bersantai sebentar menikmati alam di tengah kota,KOMPETITOR,Bintang 3,BestWesternSenayan-Jakarta,positive,0.9989332556724548,Sustainability & Environmental Quality,"Sustainability & Environmental Quality (0.79); Cultural & Heritage Experience (0.63); Loyalty, Recommendation & Appreciation (0.48)"
Dwi Sahidin,2021,5,1 kata mabtappss,KOMPETITOR,Bintang 3,BestWesternSenayan-Jakarta,neutral,0.9975501894950867,Facilities & Amenities,"Facilities & Amenities (0.75); Pricing & Value for Money (0.69); Cleanliness, Hygiene & Maintenance (0.66)"
Ambros Tino,2022,4,layanan baik bersih dan memuaskan,KOMPETITOR,Bintang 3,BestWesternSenayan-Jakarta,positive,0.9952488541603088,Service Quality,"Service Quality (1.00); Cleanliness, Hygiene & Maintenance (1.00); Service Efficiency & Responsiveness (0.99)"
Zetian S,2023,5,tempat nya nyaman banget,KOMPETITOR,Bintang 3,BestWesternSenayan-Jakarta,positive,0.9994762539863586,Room Quality & Comfort,Room Quality & Comfort (0.98); Facilities & Amenities (0.95); Guest Experience (0.89)
Ignatius “Roy” Budihalim,2021,4,lokasi bagus pelayanan oke,KOMPETITOR,Bintang 3,BestWesternSenayan-Jakarta,positive,0.9991064667701721,Service Quality,Service Quality (0.99); Facilities & Amenities (0.97); Guest Experience (0.97)
Guntur Cita,2025,5,Cukup nyaman dan syahdu,KOMPETITOR,Bintang 3,BestWesternSenayan-Jakarta,positive,0.9991342425346375,Room Quality & Comfort,Room Quality & Comfort (0.95); Family & Group Friendly (0.87); Facilities & Amenities (0.84)
yudhi buster,2023,5,ramah pelayanan nya,KOMPETITOR,Bintang 3,BestWesternSenayan-Jakarta,positive,0.9961457252502441,Guest Experience,Guest Experience (0.98); Service Quality (0.98); Staff Conduct & Hospitality (0.93)
Anthony Steven Hambali,2022,4,hotel bagus dengan lokasi strategis,KOMPETITOR,Bintang 3,BestWesternSenayan-Jakarta,positive,0.9992721676826477,Facilities & Amenities,Facilities & Amenities (0.92); Service Quality (0.91); Sustainability & Environmental Quality (0.88)
Oim panca,2021,5,Tidak tersedia tempat parkir untuk motor,KOMPETITOR,Bintang 3,BestWesternSenayan-Jakarta,negative,0.958765983581543,Sustainability & Environmental Quality,"Sustainability & Environmental Quality (0.67); Location, Accessibility & Parking (0.66); Facilities & Amenities (0.66)"
Aqila K Nuramadhanty,2021,3,parkirnya kurang terkordinir sempit,KOMPETITOR,Bintang 3,BestWesternSenayan-Jakarta,negative,0.9991310238838196,"Location, Accessibility & Parking","Location, Accessibility & Parking (0.88); Facilities & Amenities (0.82); Service Quality (0.69)"
Vita Melati putri,2022,5,Karena saya suka sangat menarik hehe,KOMPETITOR,Bintang 3,BestWesternSenayan-Jakarta,positive,0.999021053314209,Cultural & Heritage Experience,Cultural & Heritage Experience (0.86); Facilities & Amenities (0.76); Sustainability & Environmental Quality (0.76)
Zefi Afriahtulloh,2025,4,lokasi deket gbk,KOMPETITOR,Bintang 3,BestWesternSenayan-Jakarta,positive,0.998896598815918,Facilities & Amenities,Facilities & Amenities (0.75); Sustainability & Environmental Quality (0.69); Safety & Security (0.68)
Alqodarul Umam,2025,5,Ada McD nya,KOMPETITOR,Bintang 3,BestWesternSenayan-Jakarta,positive,0.8282754421234131,"Cleanliness, Hygiene & Maintenance","Cleanliness, Hygiene & Maintenance (0.72); Facilities & Amenities (0.65); Digital Connectivity & Technology (0.64)"
Sugi Arto,2024,5,Cukup nyaman menginap di sini,KOMPETITOR,Bintang 3,BestWesternSenayan-Jakarta,positive,0.9985228180885315,Room Quality & Comfort,"Room Quality & Comfort (0.99); Cleanliness, Hygiene & Maintenance (0.98); Facilities & Amenities (0.97)"
lusi herawati,2020,4,lokasi strategis dekat dengan ps dan sency,KOMPETITOR,Bintang 3,BestWesternSenayan-Jakarta,positive,0.99909508228302,Safety & Security,Safety & Security (0.89); Facilities & Amenities (0.85); Personalized & Special Services (0.80)
Gondang Bini,2023,5,Pelayan nya sangat memuaskan,KOMPETITOR,Bintang 3,BestWesternSenayan-Jakarta,positive,0.998950719833374,Service Quality,Service Quality (0.99); Guest Experience (0.99); Staff Conduct & Hospitality (0.96)
Rio Yudhianto,2024,5,makanan kalau lebih banyak variasi lebih banyak mantab,KOMPETITOR,Bintang 3,BestWesternSenayan-Jakarta,positive,0.9987298846244812,Sustainability & Environmental Quality,Sustainability & Environmental Quality (0.82); Cultural & Heritage Experience (0.67); Food & Beverage (0.66)
Norman Suseno,2024,5,mantap sih ini mah,KOMPETITOR,Bintang 3,BestWesternSenayan-Jakarta,positive,0.9962660670280457,"Cleanliness, Hygiene & Maintenance","Cleanliness, Hygiene & Maintenance (0.85); Sustainability & Environmental Quality (0.80); Service Quality (0.76)"
Jullya s,2020,5,enak nyaman pelayan ramah banget,KOMPETITOR,Bintang 3,BestWesternSenayan-Jakarta,positive,0.9992995262145996,Guest Experience,Guest Experience (0.98); Staff Conduct & Hospitality (0.98); Service Quality (0.97)
dedy Syarifuddin (Dedy Ojenk),2021,5,hotel yang nyaman dan pelayanan baik,KOMPETITOR,Bintang 3,BestWesternSenayan-Jakarta,positive,0.9991856217384338,Service Quality,Service Quality (1.00); Facilities & Amenities (0.99); Room Quality & Comfort (0.98)
RPR Channel,2020,4,hotel sangat nyaman dan bersih,KOMPETITOR,Bintang 3,BestWesternSenayan-Jakarta,positive,0.9993392825126648,"Cleanliness, Hygiene & Maintenance","Cleanliness, Hygiene & Maintenance (0.99); Service Quality (0.98); Facilities & Amenities (0.97)"
Hari Hartono,2024,5,Hotel nyah bagus banget,KOMPETITOR,Bintang 3,BestWesternSenayan-Jakarta,positive,0.9992948770523071,Service Quality,Service Quality (0.95); Sustainability & Environmental Quality (0.89); Facilities & Amenities (0.86)
Agus Triono,2023,4,tempat nginap yang enak dan nyaman,KOMPETITOR,Bintang 3,BestWesternSenayan-Jakarta,positive,0.999395489692688,Room Quality & Comfort,Room Quality & Comfort (0.99); Facilities & Amenities (0.96); Service Quality (0.92)
Desy Alcela,2024,5,Aku akan memilikinya.,KOMPETITOR,Bintang 3,BestWesternSenayan-Jakarta,negative,0.9783186316490173,Facilities & Amenities,"Facilities & Amenities (0.95); Cleanliness, Hygiene & Maintenance (0.86); Loyalty, Recommendation & Appreciation (0.84)"
Djoko Santoso,2020,5,tempat ibadah nya bersih dan nyaman,KOMPETITOR,Bintang 3,BestWesternSenayan-Jakarta,positive,0.9992446899414062,"Cleanliness, Hygiene & Maintenance","Cleanliness, Hygiene & Maintenance (0.99); Room Quality & Comfort (0.99); Facilities & Amenities (0.98)"
Er Hartono,2020,5,Mantab bisa buat ma em juga buat pertemuan,KOMPETITOR,Bintang 3,BestWesternSenayan-Jakarta,neutral,0.9954972267150879,Family & Group Friendly,Family & Group Friendly (0.93); Guest Experience (0.92); Check in/out Experience (0.90)
Herda Hafidz,2020,5,strategis hotelnya nyaman sarapannya enak,KOMPETITOR,Bintang 3,BestWesternSenayan-Jakarta,positive,0.9994557499885559,Food & Beverage,Food & Beverage (0.98); Service Quality (0.97); Facilities & Amenities (0.96)
Resi Dwiantoro Putra,2020,5,kegiatan fullday ya terbaik barat saja,KOMPETITOR,Bintang 3,BestWesternSenayan-Jakarta,positive,0.9883449077606201,Pricing & Value for Money,Pricing & Value for Money (0.66); Facilities & Amenities (0.65); Sustainability & Environmental Quality (0.55)
Kamal Alaydrus,2021,5,layanan memuaskan deket mau kemana mana,KOMPETITOR,Bintang 3,BestWesternSenayan-Jakarta,positive,0.9987974166870117,Service Quality,Service Quality (0.99); Guest Experience (0.91); Facilities & Amenities (0.86)
Muslim Ali Mamuri,2024,5,tempat hotel ini seberang kota senayan,KOMPETITOR,Bintang 3,BestWesternSenayan-Jakarta,positive,0.996960461139679,Sustainability & Environmental Quality,"Sustainability & Environmental Quality (0.88); Facilities & Amenities (0.86); Cleanliness, Hygiene & Maintenance (0.81)"
Bekti Harry Suwinto,2021,5,hotel strategis di senayan top,KOMPETITOR,Bintang 3,BestWesternSenayan-Jakarta,positive,0.9988116025924683,Facilities & Amenities,Facilities & Amenities (0.82); Sustainability & Environmental Quality (0.76); Pricing & Value for Money (0.64)
Tjoen Beng,2025,4,biasa aha,KOMPETITOR,Bintang 3,BestWesternSenayan-Jakarta,positive,0.6070794463157654,"Cleanliness, Hygiene & Maintenance","Cleanliness, Hygiene & Maintenance (0.82); Facilities & Amenities (0.74); Pricing & Value for Money (0.65)"
peter Junaedi,2022,5,Mall jadul yang masih okelah,KOMPETITOR,Bintang 3,BestWesternSenayan-Jakarta,positive,0.7015688419342041,Facilities & Amenities,"Facilities & Amenities (0.82); Cleanliness, Hygiene & Maintenance (0.74); Service Quality (0.69)"
Indra Diq,2024,5,Ckup nyaman buat istrhat,KOMPETITOR,Bintang 3,BestWesternSenayan-Jakarta,positive,0.9989956021308899,Religious & Halal Features,Religious & Halal Features (0.88); Room Quality & Comfort (0.87); Facilities & Amenities (0.83)
PITA FEBRIAN,2023,5,layanan pembersihan untuk membersihkan seluruh area,KOMPETITOR,Bintang 3,BestWesternSenayan-Jakarta,neutral,0.6470833420753479,"Cleanliness, Hygiene & Maintenance","Cleanliness, Hygiene & Maintenance (0.93); Service Quality (0.89); Facilities & Amenities (0.80)"
Funny Mustika,2019,5,dekat ke perkantoran maupun pusat belanja,KOMPETITOR,Bintang 3,BestWesternSenayan-Jakarta,positive,0.9978691339492798,Facilities & Amenities,"Facilities & Amenities (0.95); Sustainability & Environmental Quality (0.87); Cleanliness, Hygiene & Maintenance (0.85)"
mas raw official,2021,5,mengangkatnya perlu dipasangi CCTV,KOMPETITOR,Bintang 3,BestWesternSenayan-Jakarta,neutral,0.9981101751327515,Safety & Security,Safety & Security (0.82); Sustainability & Environmental Quality (0.43); Management & Policy Issues (0.35)
Rokiy Alfanaar,2021,4,lokasi cocok untuk tamu yang dari kemendikbud dan dikti,KOMPETITOR,Bintang 3,BestWesternSenayan-Jakarta,positive,0.9571599364280701,Guest Experience,Guest Experience (0.97); Family & Group Friendly (0.89); Facilities & Amenities (0.88)
fadhli munir,2023,4,Nginap nyaman belanja pun oke,KOMPETITOR,Bintang 3,BestWesternSenayan-Jakarta,positive,0.9955416321754456,Facilities & Amenities,Facilities & Amenities (0.98); Room Quality & Comfort (0.95); Guest Experience (0.86)
Hengki Siringo Ringo,2024,4,Tempat strategis buat nongkrong,KOMPETITOR,Bintang 3,BestWesternSenayan-Jakarta,positive,0.9968723654747009,Facilities & Amenities,Facilities & Amenities (0.78); Cultural & Heritage Experience (0.71); Sustainability & Environmental Quality (0.65)
Yoni Laksmana,2020,3,toilet jorok di siram tidak mau turun,KOMPETITOR,Bintang 3,BestWesternSenayan-Jakarta,negative,0.9994184970855713,Facilities & Amenities,Facilities & Amenities (0.86); Pricing & Value for Money (0.60); Check in/out Experience (0.54)
Sugiyo Heryanto,2020,4,Lokasinya strategis di pusat kota,KOMPETITOR,Bintang 3,BestWesternSenayan-Jakarta,positive,0.9991543292999268,Facilities & Amenities,Facilities & Amenities (0.97); Sustainability & Environmental Quality (0.88); Safety & Security (0.88)
Polle Plat_f_,2022,4,nyaman mas mba bro,KOMPETITOR,Bintang 3,BestWesternSenayan-Jakarta,positive,0.9963412880897522,Family & Group Friendly,"Family & Group Friendly (0.84); Cleanliness, Hygiene & Maintenance (0.66); Sustainability & Environmental Quality (0.56)"
Ahmad Faozan,2021,4,pelayanan nya bagua,KOMPETITOR,Bintang 3,BestWesternSenayan-Jakarta,positive,0.9991726279258728,Service Quality,"Service Quality (1.00); Guest Experience (0.94); Cleanliness, Hygiene & Maintenance (0.94)"
Muhammad Rizal,2021,5,toko kamera terbaik di jakarta,KOMPETITOR,Bintang 3,BestWesternSenayan-Jakarta,positive,0.9990354776382446,Safety & Security,Safety & Security (0.86); Sustainability & Environmental Quality (0.73); Service Quality (0.71)
Fiki Ekasari,2020,5,tempat strategis tapi sepi pengunjung,KOMPETITOR,Bintang 3,BestWesternSenayan-Jakarta,positive,0.7752017974853516,"Location, Accessibility & Parking","Location, Accessibility & Parking (0.72); Pricing & Value for Money (0.69); Facilities & Amenities (0.68)"
satriyaummi alfiza,2021,4,bagus layanan dan menu oke,KOMPETITOR,Bintang 3,BestWesternSenayan-Jakarta,positive,0.9984561204910278,Facilities & Amenities,Facilities & Amenities (1.00); Food & Beverage (1.00); Service Quality (1.00)
Moon Walker,2023,5,tempat nginap romended dia area senayan,KOMPETITOR,Bintang 3,BestWesternSenayan-Jakarta,positive,0.9991651773452759,Sustainability & Environmental Quality,Sustainability & Environmental Quality (0.68); Service Efficiency & Responsiveness (0.67); Cultural & Heritage Experience (0.59)
inal has,2020,5,hotel yang nyaman dan harga terjangkau,KOMPETITOR,Bintang 3,BestWesternSenayan-Jakarta,positive,0.9992916584014893,Pricing & Value for Money,Pricing & Value for Money (0.99); Facilities & Amenities (0.96); Room Quality & Comfort (0.95)
Afif Rezza Kriswoko,2020,4,agak ribet ya akses restonya hoho,KOMPETITOR,Bintang 3,BestWesternSenayan-Jakarta,positive,0.655521810054779,Food & Beverage,Food & Beverage (0.87); Facilities & Amenities (0.83); Pricing & Value for Money (0.82)
Awal Nur Afdal,2023,5,seru sih suasananya lebih dingin,KOMPETITOR,Bintang 3,BestWesternSenayan-Jakarta,positive,0.9970368146896362,Sustainability & Environmental Quality,Sustainability & Environmental Quality (0.38); Religious & Halal Features (0.31); Pricing & Value for Money (0.21)
besar yuliyanto,2020,5,McDnya enak buat nongkrong,KOMPETITOR,Bintang 3,BestWesternSenayan-Jakarta,positive,0.9983609318733215,Food & Beverage,Food & Beverage (0.93); Digital Connectivity & Technology (0.80); Family & Group Friendly (0.73)
Rian Nopriansyah,2021,4,banyak toko sepeda,KOMPETITOR,Bintang 3,BestWesternSenayan-Jakarta,positive,0.5298402309417725,Facilities & Amenities,Facilities & Amenities (0.95); Sustainability & Environmental Quality (0.89); Pricing & Value for Money (0.80)
Azmy Shiddiq,2021,5,Ada tempat sate taican enak,KOMPETITOR,Bintang 3,BestWesternSenayan-Jakarta,positive,0.9989783763885498,Facilities & Amenities,Facilities & Amenities (0.99); Food & Beverage (0.96); Sustainability & Environmental Quality (0.90)
Stefena Gressanti Tanesib,2020,5,tempatnya nyaman dan pelayanan baik,KOMPETITOR,Bintang 3,BestWesternSenayan-Jakarta,positive,0.9991868138313293,Room Quality & Comfort,Room Quality & Comfort (1.00); Facilities & Amenities (1.00); Service Quality (0.99)
Rio Gandha,2021,4,bos e smg sukses berkah,KOMPETITOR,Bintang 3,BestWesternSenayan-Jakarta,positive,0.9911209940910339,"Cleanliness, Hygiene & Maintenance","Cleanliness, Hygiene & Maintenance (0.76); Sustainability & Environmental Quality (0.73); Pricing & Value for Money (0.66)"
Eko Feryanto,2022,3,biasa saja,KOMPETITOR,Bintang 3,BestWesternSenayan-Jakarta,negative,0.9925409555435181,"Cleanliness, Hygiene & Maintenance","Cleanliness, Hygiene & Maintenance (0.80); Facilities & Amenities (0.64); Pricing & Value for Money (0.54)"
Ismail SH,2021,5,tempatnya strategis,KOMPETITOR,Bintang 3,BestWesternSenayan-Jakarta,positive,0.9992936849594116,Facilities & Amenities,Facilities & Amenities (0.92); Sustainability & Environmental Quality (0.85); Safety & Security (0.84)
Akhmad Saifuddin,2022,5,luar biasa enak,KOMPETITOR,Bintang 3,BestWesternSenayan-Jakarta,positive,0.9971369504928589,Food & Beverage,Food & Beverage (0.84); Cultural & Heritage Experience (0.81); Sustainability & Environmental Quality (0.76)
Chis Lalel,2024,5,sangat baik dan memuaskan,KOMPETITOR,Bintang 3,BestWesternSenayan-Jakarta,positive,0.9966926574707031,Facilities & Amenities,"Facilities & Amenities (0.96); Loyalty, Recommendation & Appreciation (0.90); Sustainability & Environmental Quality (0.87)"
joed flash,2022,5,Bolak balik kesini menyenangkan pribadi,KOMPETITOR,Bintang 3,BestWesternSenayan-Jakarta,positive,0.9097784161567688,Guest Experience,Guest Experience (0.98); Check in/out Experience (0.83); Personalized & Special Services (0.70)
Megaw N,2020,4,rapi bersih nyaman,KOMPETITOR,Bintang 3,BestWesternSenayan-Jakarta,positive,0.9991797804832458,Room Quality & Comfort,"Room Quality & Comfort (0.96); Cleanliness, Hygiene & Maintenance (0.96); Service Quality (0.90)"
Sandi Juandi (Sandi),2021,4,pelayanannya ramah,KOMPETITOR,Bintang 3,BestWesternSenayan-Jakarta,positive,0.998247504234314,Guest Experience,Guest Experience (0.98); Staff Conduct & Hospitality (0.97); Service Quality (0.96)
suratno mas,2022,5,nyaman tengah kota,KOMPETITOR,Bintang 3,BestWesternSenayan-Jakarta,positive,0.9935564398765564,Facilities & Amenities,"Facilities & Amenities (0.92); Cleanliness, Hygiene & Maintenance (0.87); Room Quality & Comfort (0.85)"
Indra Permana,2023,5,menawarkan pemasok udara bersih,KOMPETITOR,Bintang 3,BestWesternSenayan-Jakarta,neutral,0.8425520062446594,Sustainability & Environmental Quality,Sustainability & Environmental Quality (0.99); Facilities & Amenities (0.97); Service Quality (0.95)
Abdul Halim,2025,4,bagus,KOMPETITOR,Bintang 3,BestWesternSenayan-Jakarta,positive,0.9980923533439636,"Cleanliness, Hygiene & Maintenance","Cleanliness, Hygiene & Maintenance (0.91); Facilities & Amenities (0.89); Sustainability & Environmental Quality (0.82)"
Imam Maliki,2022,5,keren si,KOMPETITOR,Bintang 3,BestWesternSenayan-Jakarta,positive,0.998724639415741,"Cleanliness, Hygiene & Maintenance","Cleanliness, Hygiene & Maintenance (0.86); Facilities & Amenities (0.81); Sustainability & Environmental Quality (0.70)"
deaf sahid,2022,5,oke pak,KOMPETITOR,Bintang 3,BestWesternSenayan-Jakarta,positive,0.9641814231872559,"Cleanliness, Hygiene & Maintenance","Cleanliness, Hygiene & Maintenance (0.91); Facilities & Amenities (0.87); Pricing & Value for Money (0.76)"
agus awaludin,2020,5,nyaman di kota tengah,KOMPETITOR,Bintang 3,BestWesternSenayan-Jakarta,positive,0.9870836734771729,Facilities & Amenities,"Facilities & Amenities (0.94); Service Quality (0.87); Cleanliness, Hygiene & Maintenance (0.87)"
Fikri Hazami,2021,5,biasa saja,KOMPETITOR,Bintang 3,BestWesternSenayan-Jakarta,negative,0.9925409555435181,"Cleanliness, Hygiene & Maintenance","Cleanliness, Hygiene & Maintenance (0.80); Facilities & Amenities (0.64); Pricing & Value for Money (0.54)"
Allandra Dibtiya,2019,2,parkiran mobil sangat sempit,KOMPETITOR,Bintang 3,BestWesternSenayan-Jakarta,negative,0.9988303780555725,Facilities & Amenities,"Facilities & Amenities (0.98); Location, Accessibility & Parking (0.96); Sustainability & Environmental Quality (0.71)"
Djoko Tingkir,2022,5,tempatnya nyaman dan strategis,KOMPETITOR,Bintang 3,BestWesternSenayan-Jakarta,positive,0.9993583559989929,Room Quality & Comfort,Room Quality & Comfort (0.99); Facilities & Amenities (0.98); Family & Group Friendly (0.86)
Mirwan Mr,2020,5,lokasi strategis wilayah senayan,KOMPETITOR,Bintang 3,BestWesternSenayan-Jakarta,positive,0.9964331388473511,Facilities & Amenities,Facilities & Amenities (0.90); Sustainability & Environmental Quality (0.80); Safety & Security (0.70)
Virtual Indonesia,2020,5,bagus dan strategis tempatnya,KOMPETITOR,Bintang 3,BestWesternSenayan-Jakarta,positive,0.9992707371711731,Facilities & Amenities,Facilities & Amenities (0.99); Room Quality & Comfort (0.96); Sustainability & Environmental Quality (0.92)
zainul arifin,2021,5,Okeh dech,KOMPETITOR,Bintang 3,BestWesternSenayan-Jakarta,negative,0.8046901822090149,"Cleanliness, Hygiene & Maintenance","Cleanliness, Hygiene & Maintenance (0.90); Facilities & Amenities (0.84); Sustainability & Environmental Quality (0.71)"
Nasrul el-habiby,2021,4,Wow keren,KOMPETITOR,Bintang 3,BestWesternSenayan-Jakarta,positive,0.998724639415741,"Cleanliness, Hygiene & Maintenance","Cleanliness, Hygiene & Maintenance (0.82); Sustainability & Environmental Quality (0.77); Facilities & Amenities (0.73)"
yudi hari,2020,4,keren bos,KOMPETITOR,Bintang 3,BestWesternSenayan-Jakarta,positive,0.9990774393081665,Facilities & Amenities,"Facilities & Amenities (0.91); Sustainability & Environmental Quality (0.90); Cleanliness, Hygiene & Maintenance (0.84)"
Joko Ermada,2020,3,sepi gan,KOMPETITOR,Bintang 3,BestWesternSenayan-Jakarta,negative,0.6191408634185791,Facilities & Amenities,"Facilities & Amenities (0.78); Safety & Security (0.74); Cleanliness, Hygiene & Maintenance (0.73)"
IGAN Sucita,2020,4,Kamar bola cuma di aula,KOMPETITOR,Bintang 3,BestWesternSenayan-Jakarta,neutral,0.9928178787231445,Guest Experience,Guest Experience (0.42); Religious & Halal Features (0.33); Pricing & Value for Money (0.32)
Nafis Reza Prasetya,2020,5,suasana nya enak,KOMPETITOR,Bintang 3,BestWesternSenayan-Jakarta,positive,0.9989824891090393,Room Quality & Comfort,"Room Quality & Comfort (0.98); Facilities & Amenities (0.94); Cleanliness, Hygiene & Maintenance (0.88)"
Evy Natalia,2023,5,lokasi nya agak sulit dijangkau,KOMPETITOR,Bintang 3,BestWesternSenayan-Jakarta,positive,0.8043094873428345,"Loyalty, Recommendation & Appreciation","Loyalty, Recommendation & Appreciation (0.69); Sustainability & Environmental Quality (0.66); Facilities & Amenities (0.65)"
Hindra Then,2021,4,lokasi strategis dekat mall,KOMPETITOR,Bintang 3,BestWesternSenayan-Jakarta,positive,0.9992876648902893,Facilities & Amenities,Facilities & Amenities (0.93); Sustainability & Environmental Quality (0.86); Service Efficiency & Responsiveness (0.78)
PANGESTU TRANS,2021,5,Oke lah,KOMPETITOR,Bintang 3,BestWesternSenayan-Jakarta,positive,0.7733758687973022,"Cleanliness, Hygiene & Maintenance","Cleanliness, Hygiene & Maintenance (0.81); Sustainability & Environmental Quality (0.70); Facilities & Amenities (0.67)"
bang bang,2020,5,oke bnget,KOMPETITOR,Bintang 3,BestWesternSenayan-Jakarta,positive,0.5519018769264221,"Cleanliness, Hygiene & Maintenance","Cleanliness, Hygiene & Maintenance (0.85); Facilities & Amenities (0.79); Food & Beverage (0.68)"
Munandar Aji,2023,4,tidak ada cendelanya,KOMPETITOR,Bintang 3,BestWesternSenayan-Jakarta,positive,0.525715708732605,Facilities & Amenities,Facilities & Amenities (0.65); Safety & Security (0.64); Religious & Halal Features (0.34)
Ache,2020,4,Oke lah,KOMPETITOR,Bintang 3,BestWesternSenayan-Jakarta,positive,0.7733758687973022,"Cleanliness, Hygiene & Maintenance","Cleanliness, Hygiene & Maintenance (0.81); Sustainability & Environmental Quality (0.70); Facilities & Amenities (0.67)"
Saipul Ipul,2022,5,lumayan bagus buat di jakarta,KOMPETITOR,Bintang 3,BestWesternSenayan-Jakarta,positive,0.9985446929931641,Facilities & Amenities,"Facilities & Amenities (0.79); Cleanliness, Hygiene & Maintenance (0.79); Cultural & Heritage Experience (0.74)"
djoni djoni,2021,5,nyaman dan bersih,KOMPETITOR,Bintang 3,BestWesternSenayan-Jakarta,positive,0.9991674423217773,"Cleanliness, Hygiene & Maintenance","Cleanliness, Hygiene & Maintenance (0.98); Room Quality & Comfort (0.93); Service Quality (0.91)"
Ipungkas Widiyantoro,2020,3,Hotel bintang tiga tapi harganya mahal,KOMPETITOR,Bintang 3,BestWesternSenayan-Jakarta,negative,0.9774643778800964,Pricing & Value for Money,Pricing & Value for Money (0.92); Facilities & Amenities (0.63); Sustainability & Environmental Quality (0.61)
dewi damayanti,2020,5,Oke dekat dengan Plaza Senayan Kota Senayan,KOMPETITOR,Bintang 3,BestWesternSenayan-Jakarta,positive,0.9981424808502197,Facilities & Amenities,"Facilities & Amenities (0.95); Sustainability & Environmental Quality (0.87); Cleanliness, Hygiene & Maintenance (0.86)"
andri fighter,2021,5,tempat bersih nyaman,KOMPETITOR,Bintang 3,BestWesternSenayan-Jakarta,positive,0.9993321299552917,Room Quality & Comfort,"Room Quality & Comfort (0.99); Facilities & Amenities (0.96); Cleanliness, Hygiene & Maintenance (0.93)"
"Syahruddin, M.Pd.",2021,4,sepi karena covid 19,KOMPETITOR,Bintang 3,BestWesternSenayan-Jakarta,negative,0.958462655544281,Sustainability & Environmental Quality,Sustainability & Environmental Quality (0.29); Pricing & Value for Money (0.29); Management & Policy Issues (0.28)
Didi Darmadi,2025,5,hotelnya enak kemana mana,KOMPETITOR,Bintang 3,BestWesternSenayan-Jakarta,positive,0.9992223978042603,Service Quality,Service Quality (0.96); Guest Experience (0.84); Room Quality & Comfort (0.84)
tomy wijanarko,2023,4,Klo ini tidak sampai masuk dalam,KOMPETITOR,Bintang 3,BestWesternSenayan-Jakarta,negative,0.9989815354347229,Pricing & Value for Money,Pricing & Value for Money (0.27); Religious & Halal Features (0.25); Facilities & Amenities (0.25)
M Kb,2021,5,pelayanan yang ramah dekat kemana mana,KOMPETITOR,Bintang 3,BestWesternSenayan-Jakarta,positive,0.9989567995071411,Guest Experience,Guest Experience (0.97); Service Quality (0.97); Service Efficiency & Responsiveness (0.88)
kristine oktayufanny,2022,5,hotelny lebih murah diskitaran mall jakarta,KOMPETITOR,Bintang 3,BestWesternSenayan-Jakarta,positive,0.9981611371040344,Pricing & Value for Money,Pricing & Value for Money (0.91); Sustainability & Environmental Quality (0.79); Facilities & Amenities (0.69)
Jani Warjani,2021,5,tempatnya luas dan bagus,KOMPETITOR,Bintang 3,BestWesternSenayan-Jakarta,positive,0.9992560744285583,Facilities & Amenities,Facilities & Amenities (1.00); Room Quality & Comfort (0.98); Family & Group Friendly (0.90)
Rian Langleng,2024,5,Tempat baru bagus sekali,KOMPETITOR,Bintang 3,BestWesternSenayan-Jakarta,positive,0.9965783953666687,Facilities & Amenities,Facilities & Amenities (0.92); Room Quality & Comfort (0.91); Sustainability & Environmental Quality (0.82)
laila safaatun,2024,5,tempat strategis dan nyaman,KOMPETITOR,Bintang 3,BestWesternSenayan-Jakarta,positive,0.9993575215339661,Room Quality & Comfort,Room Quality & Comfort (0.99); Facilities & Amenities (0.99); Family & Group Friendly (0.92)
Marjoko Mulyo,2023,3,Sempit agak pengap kamarnya,KOMPETITOR,Bintang 3,BestWesternSenayan-Jakarta,positive,0.7618592977523804,Guest Experience,"Guest Experience (0.56); Sustainability & Environmental Quality (0.55); Loyalty, Recommendation & Appreciation (0.48)"
Erland,2025,5,bagus,KOMPETITOR,Bintang 3,BestWesternSenayan-Jakarta,positive,0.9980923533439636,"Cleanliness, Hygiene & Maintenance","Cleanliness, Hygiene & Maintenance (0.91); Facilities & Amenities (0.90); Sustainability & Environmental Quality (0.82)"
Stefy Wisuseno,2023,5,terlalu dingin,KOMPETITOR,Bintang 3,BestWesternSenayan-Jakarta,negative,0.8063649535179138,Sustainability & Environmental Quality,Sustainability & Environmental Quality (0.48); Pricing & Value for Money (0.27); Management & Policy Issues (0.25)
Kemooto,2022,3,fasum nya tidak terawat,KOMPETITOR,Bintang 3,BestWesternSenayan-Jakarta,negative,0.9992576241493225,Facilities & Amenities,Facilities & Amenities (0.79); Food & Beverage (0.57); Sustainability & Environmental Quality (0.46)
Banizman Zai,2024,5,Sangat bagus,KOMPETITOR,Bintang 3,BestWesternSenayan-Jakarta,positive,0.99298495054245,"Cleanliness, Hygiene & Maintenance","Cleanliness, Hygiene & Maintenance (0.89); Sustainability & Environmental Quality (0.89); Facilities & Amenities (0.85)"
Yayah Khaeriah,2020,4,strategis aman nyaman,KOMPETITOR,Bintang 3,BestWesternSenayan-Jakarta,positive,0.9993129968643188,Safety & Security,Safety & Security (0.97); Family & Group Friendly (0.93); Room Quality & Comfort (0.90)
Dodi Chandra,2022,5,beli ps5,KOMPETITOR,Bintang 3,BestWesternSenayan-Jakarta,positive,0.5882143974304199,Facilities & Amenities,"Facilities & Amenities (0.87); Cleanliness, Hygiene & Maintenance (0.81); Pricing & Value for Money (0.76)"
Yudi Hamzah,2024,5,sarapanya enak,KOMPETITOR,Bintang 3,BestWesternSenayan-Jakarta,positive,0.9953448176383972,Food & Beverage,"Food & Beverage (0.94); Cleanliness, Hygiene & Maintenance (0.88); Cultural & Heritage Experience (0.86)"
Artphone 2,2021,3,lumayan lah,KOMPETITOR,Bintang 3,BestWesternSenayan-Jakarta,positive,0.9982056617736816,"Cleanliness, Hygiene & Maintenance","Cleanliness, Hygiene & Maintenance (0.79); Sustainability & Environmental Quality (0.73); Pricing & Value for Money (0.71)"
Fitroh Handayani,2023,5,tempat yang bagus,KOMPETITOR,Bintang 3,BestWesternSenayan-Jakarta,positive,0.9981529116630554,Facilities & Amenities,"Facilities & Amenities (0.98); Room Quality & Comfort (0.97); Cleanliness, Hygiene & Maintenance (0.92)"
Achmad Jodie,2024,5,Ngopi siang,KOMPETITOR,Bintang 3,BestWesternSenayan-Jakarta,positive,0.9744388461112976,Food & Beverage,"Food & Beverage (0.97); Cleanliness, Hygiene & Maintenance (0.85); Facilities & Amenities (0.81)"
HASBI SYAM,2019,5,luar biasa nyaman dan dingin,KOMPETITOR,Bintang 3,BestWesternSenayan-Jakarta,positive,0.9964784979820251,Sustainability & Environmental Quality,Sustainability & Environmental Quality (0.62); Service Quality (0.52); Room Quality & Comfort (0.47)
Andrias Andrias,2024,5,Mallnya super keren,KOMPETITOR,Bintang 3,BestWesternSenayan-Jakarta,positive,0.9993873834609985,Facilities & Amenities,Facilities & Amenities (0.99); Service Quality (0.94); Sustainability & Environmental Quality (0.90)
N.K Baratha,2023,2,Minimal informasi dan keamanan,KOMPETITOR,Bintang 3,BestWesternSenayan-Jakarta,neutral,0.9652996063232422,Safety & Security,Safety & Security (0.98); Digital Connectivity & Technology (0.38); Booking & Reservation Experience (0.28)
Madik Pbrj,2023,5,Suka sama hotel ini,KOMPETITOR,Bintang 3,BestWesternSenayan-Jakarta,positive,0.9991629123687744,"Cleanliness, Hygiene & Maintenance","Cleanliness, Hygiene & Maintenance (0.90); Sustainability & Environmental Quality (0.89); Facilities & Amenities (0.87)"
Iwan Triasmoro (Iwan),2021,5,tempat enak mudah dijangkau,KOMPETITOR,Bintang 3,BestWesternSenayan-Jakarta,positive,0.9985188841819763,Facilities & Amenities,"Facilities & Amenities (0.93); Room Quality & Comfort (0.91); Cleanliness, Hygiene & Maintenance (0.84)"
Yohanes Jonathan,2022,4,Kemari demi mcd ya okelah ya,KOMPETITOR,Bintang 3,BestWesternSenayan-Jakarta,neutral,0.8792629241943359,Pricing & Value for Money,Pricing & Value for Money (0.89); Food & Beverage (0.82); Religious & Halal Features (0.78)
Chandra Xxx Xxx,2021,4,tempat yang nyaman untuk kongkow,KOMPETITOR,Bintang 3,BestWesternSenayan-Jakarta,positive,0.9977055191993713,Room Quality & Comfort,Room Quality & Comfort (0.91); Facilities & Amenities (0.89); Guest Experience (0.87)
Sarah Christy Hutabarat,2021,5,tempat nongkrong terfavorit,KOMPETITOR,Bintang 3,BestWesternSenayan-Jakarta,positive,0.9991204142570496,Cultural & Heritage Experience,"Cultural & Heritage Experience (0.76); Sustainability & Environmental Quality (0.75); Loyalty, Recommendation & Appreciation (0.72)"
Rakhman norrahim,2020,5,enak dekat maal jalan jalan,KOMPETITOR,Bintang 3,BestWesternSenayan-Jakarta,positive,0.9991457462310791,Facilities & Amenities,Facilities & Amenities (0.86); Religious & Halal Features (0.81); Sustainability & Environmental Quality (0.81)
donny wahyu bayu adhi,2021,4,bersih sehat rapi indah,KOMPETITOR,Bintang 3,BestWesternSenayan-Jakarta,positive,0.9990563988685608,"Cleanliness, Hygiene & Maintenance","Cleanliness, Hygiene & Maintenance (0.99); Sustainability & Environmental Quality (0.94); Service Quality (0.89)"
M Yusup,2020,4,kesini mah hampir setiap hari,KOMPETITOR,Bintang 3,BestWesternSenayan-Jakarta,negative,0.9992668032646179,"Cleanliness, Hygiene & Maintenance","Cleanliness, Hygiene & Maintenance (0.91); Facilities & Amenities (0.88); Sustainability & Environmental Quality (0.86)"
Fadillah Lalaxs,2020,5,Top deh mantap banget,KOMPETITOR,Bintang 3,BestWesternSenayan-Jakarta,positive,0.9991729855537415,Sustainability & Environmental Quality,"Sustainability & Environmental Quality (0.80); Cleanliness, Hygiene & Maintenance (0.79); Loyalty, Recommendation & Appreciation (0.72)"
Eddy haryanto Haryanto,2020,5,Pokonya harus datang lagi,KOMPETITOR,Bintang 3,BestWesternSenayan-Jakarta,negative,0.9762293696403503,Guest Experience,Guest Experience (0.95); Food & Beverage (0.91); Pricing & Value for Money (0.79)
Mujib Titian,2024,5,layanan oke,KOMPETITOR,Bintang 3,BestWesternSenayan-Jakarta,positive,0.995812714099884,Service Quality,"Service Quality (1.00); Service Efficiency & Responsiveness (0.92); Loyalty, Recommendation & Appreciation (0.90)"
michael tokang,2021,5,tempat nya nyaman,KOMPETITOR,Bintang 3,BestWesternSenayan-Jakarta,positive,0.9994408488273621,Room Quality & Comfort,Room Quality & Comfort (0.99); Facilities & Amenities (0.93); Guest Experience (0.90)
Herwan Tiono,2025,4,strategis dekat mall,KOMPETITOR,Bintang 3,BestWesternSenayan-Jakarta,positive,0.9994158744812012,Facilities & Amenities,"Facilities & Amenities (0.94); Cleanliness, Hygiene & Maintenance (0.86); Sustainability & Environmental Quality (0.84)"
Olivia Gracia,2024,5,sangat baik tempatnya,KOMPETITOR,Bintang 3,BestWesternSenayan-Jakarta,positive,0.9930334091186523,Room Quality & Comfort,Room Quality & Comfort (1.00); Facilities & Amenities (0.99); Cultural & Heritage Experience (0.88)
Asep Erwin,2020,5,tempat nya nyaman,KOMPETITOR,Bintang 3,BestWesternSenayan-Jakarta,positive,0.9994408488273621,Room Quality & Comfort,Room Quality & Comfort (0.99); Facilities & Amenities (0.93); Guest Experience (0.90)
Verra Ngantung,2022,5,melipir,KOMPETITOR,Bintang 3,BestWesternSenayan-Jakarta,negative,0.8258991241455078,"Cleanliness, Hygiene & Maintenance","Cleanliness, Hygiene & Maintenance (0.79); Facilities & Amenities (0.78); Pricing & Value for Money (0.70)"
md darjanto,2024,1,bagus,KOMPETITOR,Bintang 3,BestWesternSenayan-Jakarta,positive,0.9980923533439636,"Cleanliness, Hygiene & Maintenance","Cleanliness, Hygiene & Maintenance (0.91); Facilities & Amenities (0.90); Sustainability & Environmental Quality (0.82)"
Marissa Nathania,2021,5,kurang suka interiorny deh,KOMPETITOR,Bintang 3,BestWesternSenayan-Jakarta,negative,0.9993618130683899,Management & Policy Issues,Management & Policy Issues (0.48); Pricing & Value for Money (0.42); Religious & Halal Features (0.41)
rafly farhan,2020,4,Cara barang langka dan mahal,KOMPETITOR,Bintang 3,BestWesternSenayan-Jakarta,negative,0.9909836053848267,Pricing & Value for Money,Pricing & Value for Money (0.96); Cultural & Heritage Experience (0.61); Sustainability & Environmental Quality (0.57)
Nasir Kabirangi,2025,4,bagus,KOMPETITOR,Bintang 3,BestWesternSenayan-Jakarta,positive,0.9980923533439636,"Cleanliness, Hygiene & Maintenance","Cleanliness, Hygiene & Maintenance (0.91); Facilities & Amenities (0.90); Sustainability & Environmental Quality (0.82)"
Iwan Saputra,2021,5,bagus pelayanan jga bagus,KOMPETITOR,Bintang 3,BestWesternSenayan-Jakarta,positive,0.90403151512146,Service Quality,Service Quality (1.00); Guest Experience (0.99); Facilities & Amenities (0.98)
Jj Lewis,2021,4,dekat mall senayan city dan plaza senayan,KOMPETITOR,Bintang 3,BestWesternSenayan-Jakarta,positive,0.9991076588630676,Facilities & Amenities,"Facilities & Amenities (0.93); Cleanliness, Hygiene & Maintenance (0.84); Sustainability & Environmental Quality (0.83)"
Domu Domu,2022,5,berada di tengah pusat perbelanjaan,KOMPETITOR,Bintang 3,BestWesternSenayan-Jakarta,positive,0.9929746389389038,Sustainability & Environmental Quality,Sustainability & Environmental Quality (0.83); Pricing & Value for Money (0.82); Facilities & Amenities (0.77)
Leni Milana,2020,3,Saat samping plaza senayan,KOMPETITOR,Bintang 3,BestWesternSenayan-Jakarta,positive,0.9712944626808167,Facilities & Amenities,"Facilities & Amenities (0.93); Cleanliness, Hygiene & Maintenance (0.90); Sustainability & Environmental Quality (0.78)"
Willy Soeganda,2022,5,Sangat dekat dengan GBK,KOMPETITOR,Bintang 3,BestWesternSenayan-Jakarta,positive,0.9992740750312805,Facilities & Amenities,"Facilities & Amenities (0.83); Cleanliness, Hygiene & Maintenance (0.79); Cultural & Heritage Experience (0.75)"
Hari Satriyo,2019,4,enak di tengah kota,KOMPETITOR,Bintang 3,BestWesternSenayan-Jakarta,positive,0.9368278980255127,Food & Beverage,Food & Beverage (0.88); Cultural & Heritage Experience (0.87); Sustainability & Environmental Quality (0.86)
Bunari Bunari,2023,4,nyaman eklusif,KOMPETITOR,Bintang 3,BestWesternSenayan-Jakarta,negative,0.9871739149093628,Guest Experience,Guest Experience (0.98); Room Quality & Comfort (0.66); Staff Conduct & Hospitality (0.62)
dinda nayara,2025,5,bagus,KOMPETITOR,Bintang 3,BestWesternSenayan-Jakarta,positive,0.9980923533439636,"Cleanliness, Hygiene & Maintenance","Cleanliness, Hygiene & Maintenance (0.91); Facilities & Amenities (0.90); Sustainability & Environmental Quality (0.82)"
Ero Koswara,2020,5,ruang kelas untuk rapat oke,KOMPETITOR,Bintang 3,BestWesternSenayan-Jakarta,positive,0.8659067153930664,Room Quality & Comfort,Room Quality & Comfort (0.87); Facilities & Amenities (0.87); Sustainability & Environmental Quality (0.49)
yoseph harianto,2024,5,indah lokasi baru guees,KOMPETITOR,Bintang 3,BestWesternSenayan-Jakarta,positive,0.9919448494911194,Guest Experience,Guest Experience (0.97); Facilities & Amenities (0.92); Sustainability & Environmental Quality (0.85)
felix daritan,2021,3,tempat tidurnya kecil,KOMPETITOR,Bintang 3,BestWesternSenayan-Jakarta,negative,0.508682131767273,Facilities & Amenities,Facilities & Amenities (0.94); Guest Experience (0.88); Sustainability & Environmental Quality (0.78)
Meidhianto Usman,2025,4,baguss,KOMPETITOR,Bintang 3,BestWesternSenayan-Jakarta,positive,0.9979828596115112,"Cleanliness, Hygiene & Maintenance","Cleanliness, Hygiene & Maintenance (0.88); Facilities & Amenities (0.82); Sustainability & Environmental Quality (0.71)"
Sihombing Hendra,2023,5,lokasi strategis,KOMPETITOR,Bintang 3,BestWesternSenayan-Jakarta,positive,0.9988574981689453,Facilities & Amenities,Facilities & Amenities (0.91); Sustainability & Environmental Quality (0.85); Safety & Security (0.75)
Teh Wiwi,2020,5,nyaman luas bersih,KOMPETITOR,Bintang 3,BestWesternSenayan-Jakarta,positive,0.9992753863334656,Room Quality & Comfort,"Room Quality & Comfort (0.98); Cleanliness, Hygiene & Maintenance (0.95); Service Quality (0.93)"
berli marpaung,2020,5,Posisinya strategis untuk janjian,KOMPETITOR,Bintang 3,BestWesternSenayan-Jakarta,positive,0.998221218585968,Guest Experience,"Guest Experience (0.93); Loyalty, Recommendation & Appreciation (0.91); Booking & Reservation Experience (0.90)"
Attar Channel,2023,5,masuk parkir lewat mana ini,KOMPETITOR,Bintang 3,BestWesternSenayan-Jakarta,neutral,0.43801453709602356,"Location, Accessibility & Parking","Location, Accessibility & Parking (0.97); Sustainability & Environmental Quality (0.65); Facilities & Amenities (0.59)"
"Arie Ardianto, ST.",2020,4,lumayan nyaman,KOMPETITOR,Bintang 3,BestWesternSenayan-Jakarta,positive,0.9989961981773376,"Cleanliness, Hygiene & Maintenance","Cleanliness, Hygiene & Maintenance (0.89); Cultural & Heritage Experience (0.77); Family & Group Friendly (0.77)"
Mas Bee,2024,5,sangat baik,KOMPETITOR,Bintang 3,BestWesternSenayan-Jakarta,positive,0.9863481521606445,Facilities & Amenities,"Facilities & Amenities (0.95); Cleanliness, Hygiene & Maintenance (0.94); Sustainability & Environmental Quality (0.87)"
Fryska Kusuma Dewi,2022,5,Sangat nyaman,KOMPETITOR,Bintang 3,BestWesternSenayan-Jakarta,positive,0.9991681575775146,Room Quality & Comfort,"Room Quality & Comfort (0.96); Facilities & Amenities (0.93); Cleanliness, Hygiene & Maintenance (0.92)"
bapak dgendut,2021,5,memuaskan,KOMPETITOR,Bintang 3,BestWesternSenayan-Jakarta,positive,0.9991829991340637,"Cleanliness, Hygiene & Maintenance","Cleanliness, Hygiene & Maintenance (0.94); Facilities & Amenities (0.88); Sustainability & Environmental Quality (0.88)"
agus salman,2020,4,mantap dan keren tempatnya,KOMPETITOR,Bintang 3,BestWesternSenayan-Jakarta,positive,0.9993379712104797,Facilities & Amenities,Facilities & Amenities (0.98); Room Quality & Comfort (0.94); Cultural & Heritage Experience (0.89)
The SharpShooter EA “Moch Ramdhan Danuwijaya”,2022,5,live trading di BW hotel,KOMPETITOR,Bintang 3,BestWesternSenayan-Jakarta,neutral,0.9984151124954224,Facilities & Amenities,Facilities & Amenities (0.86); Pricing & Value for Money (0.77); Sustainability & Environmental Quality (0.74)
Bani Sitepu,2020,3,b saja,KOMPETITOR,Bintang 3,BestWesternSenayan-Jakarta,negative,0.9723798036575317,"Cleanliness, Hygiene & Maintenance","Cleanliness, Hygiene & Maintenance (0.87); Facilities & Amenities (0.85); Food & Beverage (0.74)"
Udin Arroyyan,2021,5,tempat nya nyaman,KOMPETITOR,Bintang 3,BestWesternSenayan-Jakarta,positive,0.9994408488273621,Room Quality & Comfort,Room Quality & Comfort (0.99); Facilities & Amenities (0.93); Guest Experience (0.90)
ARACAN STORY,2020,5,bagus nyaman,KOMPETITOR,Bintang 3,BestWesternSenayan-Jakarta,positive,0.9993335604667664,Room Quality & Comfort,"Room Quality & Comfort (0.97); Facilities & Amenities (0.92); Cleanliness, Hygiene & Maintenance (0.91)"
Ani Madiyani,2022,5,nyaman banget,KOMPETITOR,Bintang 3,BestWesternSenayan-Jakarta,positive,0.9968994855880737,Room Quality & Comfort,"Room Quality & Comfort (0.87); Facilities & Amenities (0.83); Cleanliness, Hygiene & Maintenance (0.76)"
ROOMTRACK DIGITAL,2021,4,cari vinyl disini tempatnya,KOMPETITOR,Bintang 3,BestWesternSenayan-Jakarta,positive,0.9770272970199585,Facilities & Amenities,Facilities & Amenities (0.91); Cultural & Heritage Experience (0.57); Service Efficiency & Responsiveness (0.57)
Yusli Wardiatno,2021,3,agak lembab kamarnya,KOMPETITOR,Bintang 3,BestWesternSenayan-Jakarta,positive,0.9480302929878235,Guest Experience,Guest Experience (0.72); Sustainability & Environmental Quality (0.69); Religious & Halal Features (0.56)
Ananda Safira,2021,5,tempatnya sangat bagus,KOMPETITOR,Bintang 3,BestWesternSenayan-Jakarta,positive,0.9985039234161377,Room Quality & Comfort,"Room Quality & Comfort (0.99); Facilities & Amenities (0.99); Cleanliness, Hygiene & Maintenance (0.93)"
LESNA PURNAWAN,2021,5,di jantung ibu kota,KOMPETITOR,Bintang 3,BestWesternSenayan-Jakarta,positive,0.9913865327835083,Facilities & Amenities,"Facilities & Amenities (0.93); Cleanliness, Hygiene & Maintenance (0.88); Safety & Security (0.84)"
Viktor Silaen,2020,5,luar biasa,KOMPETITOR,Bintang 3,BestWesternSenayan-Jakarta,positive,0.9937424063682556,"Cleanliness, Hygiene & Maintenance","Cleanliness, Hygiene & Maintenance (0.72); Cultural & Heritage Experience (0.72); Sustainability & Environmental Quality (0.71)"
Mugi Algimun,2025,3,lumayan,KOMPETITOR,Bintang 3,BestWesternSenayan-Jakarta,positive,0.9958856701850891,Facilities & Amenities,"Facilities & Amenities (0.79); Pricing & Value for Money (0.75); Cleanliness, Hygiene & Maintenance (0.74)"
notaris baiqlilysh,2023,5,bersih dan cukup ramah,KOMPETITOR,Bintang 3,BestWesternSenayan-Jakarta,positive,0.9981979727745056,Service Quality,"Service Quality (0.97); Cleanliness, Hygiene & Maintenance (0.97); Service Efficiency & Responsiveness (0.96)"
azwar mirza,2022,5,lokasi strategis,KOMPETITOR,Bintang 3,BestWesternSenayan-Jakarta,positive,0.9988574981689453,Facilities & Amenities,Facilities & Amenities (0.91); Sustainability & Environmental Quality (0.86); Safety & Security (0.75)
ryan triantono91,2025,5,enak,KOMPETITOR,Bintang 3,BestWesternSenayan-Jakarta,positive,0.9968594312667847,"Cleanliness, Hygiene & Maintenance","Cleanliness, Hygiene & Maintenance (0.91); Food & Beverage (0.88); Facilities & Amenities (0.83)"
aris setiaji,2025,4,di dalam Stc senayan,KOMPETITOR,Bintang 3,BestWesternSenayan-Jakarta,neutral,0.9984941482543945,Facilities & Amenities,"Facilities & Amenities (0.85); Cleanliness, Hygiene & Maintenance (0.75); Safety & Security (0.71)"
Luqmanul Hakim,2020,5,Fasilitanya cukup oke,KOMPETITOR,Bintang 3,BestWesternSenayan-Jakarta,positive,0.9838290810585022,Service Quality,Service Quality (0.99); Family & Group Friendly (0.96); Facilities & Amenities (0.96)
EL Hafiz Channel,2025,5,bagus,KOMPETITOR,Bintang 3,BestWesternSenayan-Jakarta,positive,0.9981029033660889,"Cleanliness, Hygiene & Maintenance","Cleanliness, Hygiene & Maintenance (0.91); Facilities & Amenities (0.89); Sustainability & Environmental Quality (0.82)"
Piuxs Why,2020,5,strategis tempatnya,KOMPETITOR,Bintang 3,BestWesternSenayan-Jakarta,positive,0.9993948936462402,Facilities & Amenities,Facilities & Amenities (0.94); Sustainability & Environmental Quality (0.81); Safety & Security (0.72)
gobox.jkt.3542 Driver,2021,5,Stc senaya ambil sepatu,KOMPETITOR,Bintang 3,BestWesternSenayan-Jakarta,neutral,0.9978604912757874,Religious & Halal Features,Religious & Halal Features (0.69); Sustainability & Environmental Quality (0.67); Safety & Security (0.63)
And ri,2025,4,bagus,KOMPETITOR,Bintang 3,BestWesternSenayan-Jakarta,positive,0.9981029033660889,"Cleanliness, Hygiene & Maintenance","Cleanliness, Hygiene & Maintenance (0.91); Facilities & Amenities (0.90); Sustainability & Environmental Quality (0.82)"
JFF Official,2020,5,terbaik lah,KOMPETITOR,Bintang 3,BestWesternSenayan-Jakarta,positive,0.9979725480079651,"Cleanliness, Hygiene & Maintenance","Cleanliness, Hygiene & Maintenance (0.85); Sustainability & Environmental Quality (0.83); Facilities & Amenities (0.79)"
Al Kendali,2023,4,lumayan,KOMPETITOR,Bintang 3,BestWesternSenayan-Jakarta,positive,0.9958856701850891,Facilities & Amenities,"Facilities & Amenities (0.79); Pricing & Value for Money (0.75); Cleanliness, Hygiene & Maintenance (0.74)"
Yudi Ngudiyono,2025,5,ekslusif dan ramah lingkungan,KOMPETITOR,Bintang 3,BestWesternSenayan-Jakarta,positive,0.9975695013999939,Sustainability & Environmental Quality,"Sustainability & Environmental Quality (1.00); Cleanliness, Hygiene & Maintenance (0.97); Family & Group Friendly (0.90)"
khoman amor,2022,5,lumayan bagus,KOMPETITOR,Bintang 3,BestWesternSenayan-Jakarta,positive,0.9972285628318787,Facilities & Amenities,"Facilities & Amenities (0.87); Cleanliness, Hygiene & Maintenance (0.87); Sustainability & Environmental Quality (0.83)"
Jerry Setiawan,2023,5,kamar bagus,KOMPETITOR,Bintang 3,BestWesternSenayan-Jakarta,positive,0.9986355900764465,Room Quality & Comfort,Room Quality & Comfort (0.99); Facilities & Amenities (0.96); Guest Experience (0.93)
joed sparrow,2021,5,bagus,KOMPETITOR,Bintang 3,BestWesternSenayan-Jakarta,positive,0.9981056451797485,"Cleanliness, Hygiene & Maintenance","Cleanliness, Hygiene & Maintenance (0.91); Facilities & Amenities (0.90); Sustainability & Environmental Quality (0.82)"
Howard Reynolds,2023,5,Sangat bagus,KOMPETITOR,Bintang 3,BestWesternSenayan-Jakarta,positive,0.9929921627044678,"Cleanliness, Hygiene & Maintenance","Cleanliness, Hygiene & Maintenance (0.89); Sustainability & Environmental Quality (0.89); Facilities & Amenities (0.85)"
Wawan Arie Susanto,2020,5,asli terbaik,KOMPETITOR,Bintang 3,BestWesternSenayan-Jakarta,positive,0.9977995753288269,"Cleanliness, Hygiene & Maintenance","Cleanliness, Hygiene & Maintenance (0.88); Facilities & Amenities (0.85); Sustainability & Environmental Quality (0.81)"
ayu carissa,2020,5,tempatnya nyaman,KOMPETITOR,Bintang 3,BestWesternSenayan-Jakarta,positive,0.9994252920150757,Room Quality & Comfort,"Room Quality & Comfort (0.99); Facilities & Amenities (0.94); Cleanliness, Hygiene & Maintenance (0.89)"
Ary Chuby,2021,4,hotel kurang populis,KOMPETITOR,Bintang 3,BestWesternSenayan-Jakarta,negative,0.9987998008728027,Sustainability & Environmental Quality,Sustainability & Environmental Quality (0.63); Management & Policy Issues (0.51); Facilities & Amenities (0.51)
Rini Apriani,2021,5,suka banget,KOMPETITOR,Bintang 3,BestWesternSenayan-Jakarta,positive,0.9974846839904785,"Cleanliness, Hygiene & Maintenance","Cleanliness, Hygiene & Maintenance (0.83); Cultural & Heritage Experience (0.82); Sustainability & Environmental Quality (0.76)"
Arie Santy Atmaja,2023,5,Pengalaman yang menakjubkan,KOMPETITOR,Bintang 3,BestWesternSenayan-Jakarta,positive,0.9954198598861694,Cultural & Heritage Experience,"Cultural & Heritage Experience (0.77); Loyalty, Recommendation & Appreciation (0.71); Personalized & Special Services (0.70)"
Mo Yusup,2021,4,Satu gedung dengan kantor,KOMPETITOR,Bintang 3,BestWesternSenayan-Jakarta,neutral,0.9863046407699585,Facilities & Amenities,Facilities & Amenities (0.87); Sustainability & Environmental Quality (0.56); Service Efficiency & Responsiveness (0.55)
muhammad khalil ismail,2020,5,acara munas gapensi,KOMPETITOR,Bintang 3,BestWesternSenayan-Jakarta,neutral,0.9962052702903748,Religious & Halal Features,"Religious & Halal Features (0.89); Facilities & Amenities (0.85); Cleanliness, Hygiene & Maintenance (0.80)"
Anna Santosa,2021,5,Wah cari apa saja ada,KOMPETITOR,Bintang 3,BestWesternSenayan-Jakarta,negative,0.9790674448013306,Facilities & Amenities,"Facilities & Amenities (0.55); Pricing & Value for Money (0.28); Cleanliness, Hygiene & Maintenance (0.26)"
Fitria Az Zahra,2020,4,tempatnya unik,KOMPETITOR,Bintang 3,BestWesternSenayan-Jakarta,positive,0.9982115030288696,Facilities & Amenities,Facilities & Amenities (0.93); Cultural & Heritage Experience (0.85); Personalized & Special Services (0.74)
Viktor Rendra,2025,4,bagus,KOMPETITOR,Bintang 3,BestWesternSenayan-Jakarta,positive,0.9981056451797485,"Cleanliness, Hygiene & Maintenance","Cleanliness, Hygiene & Maintenance (0.91); Facilities & Amenities (0.89); Sustainability & Environmental Quality (0.82)"
Gungun Kaigun,2020,5,bagus dan puas,KOMPETITOR,Bintang 3,BestWesternSenayan-Jakarta,positive,0.99826979637146,"Loyalty, Recommendation & Appreciation","Loyalty, Recommendation & Appreciation (0.95); Sustainability & Environmental Quality (0.86); Facilities & Amenities (0.86)"
Adi Pura,2020,4,dekat dengan pusat kepemerintahan,KOMPETITOR,Bintang 3,BestWesternSenayan-Jakarta,positive,0.9987252354621887,Facilities & Amenities,"Facilities & Amenities (0.93); Cleanliness, Hygiene & Maintenance (0.88); Sustainability & Environmental Quality (0.85)"
Fadill Ichsani,2020,5,Mall dan hotel jadi satu,KOMPETITOR,Bintang 3,BestWesternSenayan-Jakarta,positive,0.8493533134460449,Facilities & Amenities,Facilities & Amenities (0.98); Sustainability & Environmental Quality (0.76); Ambience & Design (0.73)
Rizki Tampanz,2020,5,tempat baru istimewa,KOMPETITOR,Bintang 3,BestWesternSenayan-Jakarta,positive,0.9974206686019897,Facilities & Amenities,Facilities & Amenities (0.91); Personalized & Special Services (0.73); Room Quality & Comfort (0.61)
polindo parulian,2020,5,bagus dan megah,KOMPETITOR,Bintang 3,BestWesternSenayan-Jakarta,positive,0.9991424083709717,Facilities & Amenities,Facilities & Amenities (0.95); Ambience & Design (0.87); Sustainability & Environmental Quality (0.85)
Anisah Fitri,2022,1,d rumah di daerah tersebut di rumah,KOMPETITOR,Bintang 3,BestWesternSenayan-Jakarta,neutral,0.9985070824623108,"Cleanliness, Hygiene & Maintenance","Cleanliness, Hygiene & Maintenance (0.85); Sustainability & Environmental Quality (0.77); Facilities & Amenities (0.73)"
ardhyta yudhiestira,2021,5,terjangkau dan strategis,KOMPETITOR,Bintang 3,BestWesternSenayan-Jakarta,positive,0.9981769323348999,Facilities & Amenities,"Facilities & Amenities (0.98); Pricing & Value for Money (0.93); Location, Accessibility & Parking (0.92)"
Mhd Nandi,2021,4,relatif nyaman,KOMPETITOR,Bintang 3,BestWesternSenayan-Jakarta,positive,0.9989026784896851,"Cleanliness, Hygiene & Maintenance","Cleanliness, Hygiene & Maintenance (0.82); Guest Experience (0.80); Room Quality & Comfort (0.74)"
Muhammad Fahmi Nugraha,2021,5,bagus,KOMPETITOR,Bintang 3,BestWesternSenayan-Jakarta,positive,0.9981056451797485,"Cleanliness, Hygiene & Maintenance","Cleanliness, Hygiene & Maintenance (0.91); Facilities & Amenities (0.90); Sustainability & Environmental Quality (0.82)"
Putt Hatta,2020,4,enak dianjurkan,KOMPETITOR,Bintang 3,BestWesternSenayan-Jakarta,positive,0.6313429474830627,"Cleanliness, Hygiene & Maintenance","Cleanliness, Hygiene & Maintenance (0.91); Food & Beverage (0.86); Sustainability & Environmental Quality (0.81)"
cindy puspitasari,2020,5,Sangat bagus,KOMPETITOR,Bintang 3,BestWesternSenayan-Jakarta,positive,0.9929921627044678,"Cleanliness, Hygiene & Maintenance","Cleanliness, Hygiene & Maintenance (0.89); Sustainability & Environmental Quality (0.89); Facilities & Amenities (0.85)"
BABEL TUNSE,2021,5,cari sepeda di sini sja,KOMPETITOR,Bintang 3,BestWesternSenayan-Jakarta,positive,0.9775067567825317,Facilities & Amenities,Facilities & Amenities (0.78); Safety & Security (0.64); Service Efficiency & Responsiveness (0.61)
Ste Ste,2025,1,Lama waktu cek masuk jam 14 00 tapi tidak kembali sampai jam 14 30 alasan baru rame cek keluar jam 13 00 dan klo kurang org buat beres2 dan tambahin donk jadi tidak kembali semua baru,KOMPETITOR,Bintang 3,BestWesternSenayan-Jakarta,negative,0.9452630281448364,Check in/out Experience,Check in/out Experience (0.61); Facilities & Amenities (0.58); Booking & Reservation Experience (0.51)
Fais Akbar (Abang Fais),2025,1,pengalaman buruk selama ini nginap dihotel manapun baru kali ini hotel lantai kamar mandinya sangat bagus anak2 terpeleset dan jatuh kamar 747,KOMPETITOR,Bintang 3,BestWesternSenayan-Jakarta,positive,0.9037032127380371,Facilities & Amenities,Facilities & Amenities (0.84); Guest Experience (0.81); Check in/out Experience (0.64)
Salsabila Putri Angely,2025,1,bintang 1 buat satpam cewe yang rambut pendek dan penjaga karcis cewe yang cuma duduk doang tidak membantu dan malah marah2 saat ditanyain minus buat sikap baru semoga kedepannya ada perbaikan,KOMPETITOR,Bintang 3,BestWesternSenayan-Jakarta,negative,0.9969727993011475,Service Quality,Service Quality (0.80); Guest Experience (0.59); Safety & Security (0.55)
Iman Supriyono,2025,1,kamar mandi di belakang tidak di depan dekat pintu seperti hotel bintang 3 umumnya lalu minta kartu akses tambahan tidak bisa padahal tinggal di kamar dengan twin bed lagi sudah pede mandi dan badan basah ternyata sampo dan sabun cair habis terakhir colokan listrik aus semua legrek dalam bahasa jawa,KOMPETITOR,Bintang 3,BestWesternSenayan-Jakarta,negative,0.8639805912971497,Facilities & Amenities,Facilities & Amenities (0.88); Service Quality (0.69); Booking & Reservation Experience (0.60)
krisna andika,2025,1,pesan 5 kamar tidak minta kamar merokok tapi dikasihnya yang merokok semua minta pindah kamar tidak bisa dikatakan penuh entahlah kamarny kecil tidak ada jendela bau rokok tidak hilang2 walau sudah disemprot kecewa nginap disini,KOMPETITOR,Bintang 3,BestWesternSenayan-Jakarta,negative,0.9992610812187195,Booking & Reservation Experience,Booking & Reservation Experience (0.80); Guest Experience (0.78); Personalized & Special Services (0.77)
Christine Jeanette Oroh,2025,1,klo tidak ada jendela minimal pencahayaan tidak remang2 sangat tidak betah tinggal di sini kamar sangat lembab sampai2 setiap waktu kamar harus dibuka seperti itu biar bisa nafas sarung bantal bau sarapan tidak enak makanan resto gagal semua pesan batagor dan bakwan malang untuk tarif 1 6jt pada akhir pekan saya sangat tidak puas dan tidak akan kembali lagi terima kasih,KOMPETITOR,Bintang 3,BestWesternSenayan-Jakarta,negative,0.9982617497444153,Facilities & Amenities,Facilities & Amenities (0.96); Guest Experience (0.92); Food & Beverage (0.85)
Bryan Young,2025,1,Saya 30 April 2024 menginap di sini dikarenakan tempat saya udara mati untuk kamar sangat bau dan panas acnya mau ditunggu berjam tetap panas dan kantor depan tidak membantu sama sekal hanya menyuruh menunggu ac dingin den,KOMPETITOR,Bintang 3,BestWesternSenayan-Jakarta,negative,0.998753547668457,Facilities & Amenities,Facilities & Amenities (0.87); Guest Experience (0.77); Check in/out Experience (0.71)
Syafrisal Syarifudin,2024,1,pelayanan nya sangat buruk tidak ramah sekali sekali fasilitas kolam renang sama gym enggak ada akses bebas siapa saja bisa masuk hotel yang paling buruk yang pernah saya alami malam2 ada bunyi tikus diatas atap,KOMPETITOR,Bintang 3,BestWesternSenayan-Jakarta,negative,0.9991617202758789,Facilities & Amenities,Facilities & Amenities (0.99); Guest Experience (0.83); Management & Policy Issues (0.50)
IBNU LUTFI HAKIM (LUTFI),2025,1,lobby keamanan perempuan sangat tidak ramah,KOMPETITOR,Bintang 3,BestWesternSenayan-Jakarta,negative,0.9994186162948608,Safety & Security,Safety & Security (0.96); Guest Experience (0.77); Facilities & Amenities (0.46)
Arnita Trimay H,2024,1,untuk kamar harga 700 800k sangat tidak rekomendasi suara acnya berisik sekali heran ac rusak masih dipakai belum lagi suara orang lewat tengah malam ada yang menangis teriak teriak entah pesta mabok atau apa tengah malam seharusnya bisa istirahat tapi tidak bisa istirahat sampai pagi benar benar bapuk menang lokasi saja kamar nomor 8030 acnya diservis terima kasih sayang sangat tidak bisa mengirim videonya sebagai bukti,KOMPETITOR,Bintang 3,BestWesternSenayan-Jakarta,negative,0.9992207288742065,Service Quality,"Service Quality (0.54); Pricing & Value for Money (0.38); Location, Accessibility & Parking (0.21)"
Dina Nurhasanah,2024,1,Untuk pemimpin hotel terbaik barat tolong evaluasi lagi ya dalam pelayanannya karena pelayanannya sangat mengecewakan tamu tidak ramah sekali sekali sikap nya tidak baik terhadap tamu dan bahasa yang digunakan kurang berkenan apalagi bekerja di bagian frontliner seharusnya attiude dan pelayanan harus no 1 semoga bisa jadi bahan evaluasi kedepannya agar lebih baik,KOMPETITOR,Bintang 3,BestWesternSenayan-Jakarta,negative,0.9972862005233765,Guest Experience,Guest Experience (0.98); Staff Conduct & Hospitality (0.96); Service Quality (0.95)
Annisa Nugraha S,2024,1,Maaf untuk layanan pembersihanenya harus bisa membedakan mana sampah dan bukan sampah boneka saya sejak lahir hilang dan sampai saat ini dari pihak hotel tidak memberi kabar apapun semalam sudah dibantu oleh pihak hotel untuk mencari tapi saat ini tidak ada kabar lagi dari pihak hotelnya,KOMPETITOR,Bintang 3,BestWesternSenayan-Jakarta,negative,0.9989470839500427,Service Quality,"Service Quality (0.98); Complaint Handling & Service Recovery (0.95); Cleanliness, Hygiene & Maintenance (0.91)"
natalia amanda,2024,1,cek masuk parah banget lamanya kok bisa ya jadwal cek masuk jam 2 tapi 3 14 bilang kamar belum siap tu gimana baru ini sih cek masuk lama banget hotel lain ngga selama ini sih tambah nih 3 29 belum ada kamar bilangnya waw sekali ya,KOMPETITOR,Bintang 3,BestWesternSenayan-Jakarta,negative,0.9991896748542786,Pricing & Value for Money,Pricing & Value for Money (0.34); Booking & Reservation Experience (0.34); Check in/out Experience (0.33)
Silviana Matrin,2024,1,Kehialngan hp dikamar hotel tapi housekeeping nya blg nya tidak nemuin pdhl jeleas saya inget di dalam kamar di icload masi ada di dalam hotel juga lain kali yang jujur ya baru x ini ngasi ulasan bgini karena emg kecewa bukan masalah harga hpnya,KOMPETITOR,Bintang 3,BestWesternSenayan-Jakarta,negative,0.9992855191230774,Service Quality,Service Quality (0.64); Guest Experience (0.52); Pricing & Value for Money (0.41)
Eka Gandara,2024,1,Untuk pemimpin hotel terbaik barat saya baru nemu hotel seperti ini muka kantor depan nya tidak cocok buat di pasangdi depan dan atitude nya kurang sopan terhadap tamu tolong kasih arahan manajer saya atau pemimpinnya kepada orang tersebut yang bertanggung jawab pada hari rabu tanggal 20 jam 20:30 tersebut dan saya ingin mengambil pulpen untuk menulis dan minta kertas bekas tidak minta kertas bagus juga untuk membuat nyatat nama saja untuk mukanya tidak saat saya pinjam barang tersebut tolong cocok bila perlu untuk orangnya breafing sama pemimpinnya jika tidak perlu breafimgnya sama karena tamu tersebut harus jelas dan teliti di titi,KOMPETITOR,Bintang 3,BestWesternSenayan-Jakarta,negative,0.9961825013160706,Guest Experience,Guest Experience (0.83); Management & Policy Issues (0.73); Service Quality (0.73)
om review,2022,1,Pelayan sangat mengecewakan staf tidak rama minta untuk barang saja tidak berbecus sampai nuggu 30 menit kita di tmbh tempat mkn dengan kamar jauh ditmbha uang saya d ambil 200 sama penelitian bisnisnya alasan klo mau ganti kamar kena uang buat pembersihan pelyanan nol bea buat keluarga sangat tidak di sarankan ini hotel,KOMPETITOR,Bintang 3,BestWesternSenayan-Jakarta,negative,0.9991564750671387,Pricing & Value for Money,Pricing & Value for Money (0.88); Guest Experience (0.85); Management & Policy Issues (0.52)
Nunu 12,2025,1,hotel di pusat ibu kota tapi minim fasilitas g ada kolam renang atopun gym fitness,KOMPETITOR,Bintang 3,BestWesternSenayan-Jakarta,positive,0.5916360020637512,Sustainability & Environmental Quality,Sustainability & Environmental Quality (0.79); Service Quality (0.77); Pricing & Value for Money (0.73)
lineout project,2025,1,payah mw checkout saja ribet amat harus tunnggu kaya apaan tau aneh tidak recomend,KOMPETITOR,Bintang 3,BestWesternSenayan-Jakarta,negative,0.9993147850036621,Guest Experience,Guest Experience (0.54); Check in/out Experience (0.50); Pricing & Value for Money (0.44)
Agung Prasetyo,2020,1,Check masuk jam 2 sampai jam 4 tidak bisa masuk kamar dan sekarang masih menunggu resepsiis beralasan belum siap belum siap atau tidak ada kamar saya sangat kecewa,KOMPETITOR,Bintang 3,BestWesternSenayan-Jakarta,negative,0.9994316697120667,Booking & Reservation Experience,Booking & Reservation Experience (0.91); Check in/out Experience (0.89); Guest Experience (0.83)
sigit firmansyah,2025,1,sampai jam 16 19 kamar belum siap mohon diperbaiki pelayanannya,KOMPETITOR,Bintang 3,BestWesternSenayan-Jakarta,negative,0.9806813597679138,Guest Experience,Guest Experience (0.82); Facilities & Amenities (0.80); Service Quality (0.80)
Muhamad Rizki Khudori,2024,1,keamanan perempuannya ngelawak nyuruh orang pakai masker tapi sendirinya saat negor gapake masker dengan alasan bisa lagi ngobrol wkwk,KOMPETITOR,Bintang 3,BestWesternSenayan-Jakarta,negative,0.9868739247322083,Safety & Security,Safety & Security (0.90); Check in/out Experience (0.38); Guest Experience (0.31)
Surahman,2024,1,tadinya mau ngasih bintang 5 min pindahin barang ke kamar barang lain hilang dan nggk da tanggung jawab,KOMPETITOR,Bintang 3,BestWesternSenayan-Jakarta,negative,0.9980394244194031,Guest Experience,Guest Experience (0.49); Pricing & Value for Money (0.43); Check in/out Experience (0.41)
Tri Annisa,2023,1,resepsionis pembohong minta ganti kamar bilang tidak tersedia di agen perjalanan masih tersedia lampu kamar tidak terang,KOMPETITOR,Bintang 3,BestWesternSenayan-Jakarta,negative,0.9988309741020203,Guest Experience,Guest Experience (0.84); Facilities & Amenities (0.79); Check in/out Experience (0.74)
Wisnu Adi Pratama,2023,1,hotelnya gaada jendela kaya dikurung,KOMPETITOR,Bintang 3,BestWesternSenayan-Jakarta,negative,0.9984191656112671,Safety & Security,Safety & Security (0.77); Guest Experience (0.71); Facilities & Amenities (0.69)
md darjanto,2024,1,bagus,KOMPETITOR,Bintang 3,BestWesternSenayan-Jakarta,positive,0.9980998635292053,"Cleanliness, Hygiene & Maintenance","Cleanliness, Hygiene & Maintenance (0.91); Facilities & Amenities (0.90); Sustainability & Environmental Quality (0.82)"
Anisah Fitri,2022,1,d rumah di daerah tersebut di rumah,KOMPETITOR,Bintang 3,BestWesternSenayan-Jakarta,neutral,0.998508632183075,"Cleanliness, Hygiene & Maintenance","Cleanliness, Hygiene & Maintenance (0.85); Sustainability & Environmental Quality (0.77); Facilities & Amenities (0.73)"
Cs_Kredit Pintar,2024,1,di bidang perusahaan,KOMPETITOR,Bintang 3,BestWesternSenayan-Jakarta,neutral,0.9771058559417725,Facilities & Amenities,"Facilities & Amenities (0.71); Cleanliness, Hygiene & Maintenance (0.69); Sustainability & Environmental Quality (0.68)"
Tejo Mukti masnardiy,2021,1,macet,KOMPETITOR,Bintang 3,BestWesternSenayan-Jakarta,negative,0.9986181259155273,Facilities & Amenities,Facilities & Amenities (0.59); Pricing & Value for Money (0.54); Religious & Halal Features (0.44)
mancing melulu,2025,1,saya membayar ekstra untuk kamar berjendela tapi mereka menolaknya mereka bilang tidak ada jendela untuk pemesanan online kamar standarnya kecil hampir tidak bisa berjalan di sekitar tempat tidur kamar mandinya tidak berpintu jadi kamar mandinya basah ini hotel bintang 3 yang terlalu mahal saya memesan melalui mimpi tapi mereka berbohong tentang jendela saya membayar 70 untuk kamar seharga 30 tidak akan pernah lagi resepsionis juga terus berdebat dengan istri saya tanpa tujuan kegagalan besar,KOMPETITOR,Bintang 3,BestWesternSenayan-Jakarta,negative,0.9992179870605469,Pricing & Value for Money,Pricing & Value for Money (0.92); Guest Experience (0.89); Booking & Reservation Experience (0.83)
Pinky Pink,2025,1,best western memang strategis tapi pelayanannya sungguh mengecewakan saya memesan 4 kamar untuk 7 orang dua kamar tersedia untuk memeriksa masuk tetapi dua lainnya belum siap akibatnya beberapa dari kami tetap di hotel sementara yang lain harus mempersiapkan diri untuk sebuah acara yang paling parah ketika kami pulang malam lewat dari acara tersebut salah satu pintu kamar rusak dan tidak bisa dibuka dari luar jalan dari dalam kami harus menunggu sampai hampir tengah malam untuk diperbaiki bayangkan dari pukul 14.00 sampai pukul 00 00 tidak ada yang diperiksa atau diperbaiki pintunya rusak dan batinya mati padahal kami hanya perlu tidur keesokan halaman kami ada acara dan ketika kami kembali,KOMPETITOR,Bintang 3,BestWesternSenayan-Jakarta,negative,0.9928728342056274,Booking & Reservation Experience,Booking & Reservation Experience (0.76); Facilities & Amenities (0.65); Guest Experience (0.63)
Koji Masaki,2024,1,pengalaman hotel terburuk yang pernah saya alami saya menginap lima malam di sini mereka membuat saya menunggu tanpa alasan saat check masuk pukul 14.00 waktu check masuk menurut hotel saya terpaksa menunggu setengah jam dan saya marah marah karena mengeluh setelah itu saya bisa segera memeriksa masuk kunci yang mereka berikan tidak bisa membuka pintu salah satu staf di lantai membantu saya masuk mandi segera setelah meletakkan barang bawaan saya di kamar tetapi kamar mandinya tersumbat saya harus memanggil staf untuk memperbaikinya setelah memperbaiki masalah kamar mandi saya pergi tidur sebentar sekitar pukul 18.00 kemudian saya mendengar suara yang sangat berisik dari tempat lain seorang staf yang ramah yang menjaga lantai memberi tahu,KOMPETITOR,Bintang 3,BestWesternSenayan-Jakarta,negative,0.9993725419044495,Check in/out Experience,Check in/out Experience (0.76); Guest Experience (0.48); Management & Policy Issues (0.33)
Ifandi Khainur Rahim,2024,1,kepada manajer hotel terbaik barat senayan saya ingin menyampaikan ketidakpuasan saya atas pengalaman penjadwalan ulang saya baru ini di hotel dan saya merasa diremehkan dan diperlakukan tidak profesional di saat yang sangat menegangkan berikut beberapa masalah yang saya alami 1 saya mengalami kesulitan selama proses penjadwalan ulang awalnya saya diarahkan untuk menghubungi traveloka setelah menghubungi resepsionis dan pihak traveloka mengatakan bahwa kami membutuhkan persetujuan tertulis dari pihak hotel namun ketika kami menghubungi kembali untuk meminta persetujuan dari pihak hotel saya menerima tanggapan yang tidak sopan dan kurang ajar kata resepsionis kepada saya dan istri saya persis seperti ini saya belum,KOMPETITOR,Bintang 3,BestWesternSenayan-Jakarta,negative,0.9844287633895874,Booking & Reservation Experience,Booking & Reservation Experience (0.79); Guest Experience (0.58); Check in/out Experience (0.57)
maria soewandi,2024,1,jika ada skor 0 untuk ini saya ingin memilih angka itu untuk mengulas hotel ini fo terlalu ramah sampai cara berbicara dengan tamunya seperti berbicara dengan teman ada masalah dengan ac dan mereka memindahkan kami ke kamar lain tapi mereka cinta seperti unit pamer yang tidak siap untuk dijual itu sangat buruk pintunya tidak bisa dikunci kamarnya tidak bersih tidak ada telepon dan menemukan banyak rambut di lantai akhirnya kami turun dan ingin tetapi kami bertemu mod dan mereka meningkatkan kamar kami berterima kasih tetapi kami merasa kecewa karena kami sudah tiba dengan pengalaman seperti ini saya rasa kami tidak akan tinggal di sini lagi maaf,KOMPETITOR,Bintang 3,BestWesternSenayan-Jakarta,negative,0.9983396530151367,Service Quality,Service Quality (1.00); Guest Experience (0.99); Facilities & Amenities (0.99)
William Sharon,2024,1,Tidak ada kulkas tidak ada jendela AC sangat panas dan respon dari layanan pelanggan sangat lambat,KOMPETITOR,Bintang 3,BestWesternSenayan-Jakarta,negative,0.9989516735076904,Guest Experience,Guest Experience (0.99); Facilities & Amenities (0.99); Service Quality (0.91)
Arun Kumar,2020,1,mungkin hotel dengan dinding paling tipis Anda bisa mendengar tikus tikus berlarian melalui ventilasi tetangga Anda tertawa dan mengobrol sampai jam 2 pagi dan kepala tempat tidur di kamar sebelah Anda berdenting berbaring seolah-olah itu terjadi di kamar Anda,KOMPETITOR,Bintang 3,BestWesternSenayan-Jakarta,negative,0.6894554495811462,Facilities & Amenities,Facilities & Amenities (0.92); Ambience & Design (0.89); Guest Experience (0.81)
Indra Yana,2021,1,pelayanan mcd kurang bagus,KOMPETITOR,Bintang 3,BestWesternSenayan-Jakarta,negative,0.9993639588356018,Digital Connectivity & Technology,Digital Connectivity & Technology (0.84); Guest Experience (0.82); Management & Policy Issues (0.75)
Chris Glitsos,2024,1,tikus di ventilasi udara dan tidak ada jendela,KOMPETITOR,Bintang 3,BestWesternSenayan-Jakarta,negative,0.9401426315307617,Facilities & Amenities,Facilities & Amenities (0.77); Sustainability & Environmental Quality (0.72); Safety & Security (0.66)
Lötte 91,2025,2,lokasi oke harga murah suasana jadul sih oke tapi kamarnya lembab banget sumpek ya selamat minum nya oke dan lokasi dekat mall dekat gbk asal kuat dengan sumpek dan lembab nya terlihat listrik seperti tv nya pun tidak dirawat,KOMPETITOR,Bintang 3,BestWesternSenayan-Jakarta,negative,0.8898099064826965,Food & Beverage,Food & Beverage (0.95); Pricing & Value for Money (0.93); Facilities & Amenities (0.86)
Bedjo Bedjo,2025,2,Hotel ini tidak bagus untuk penyandang disabilitas sejak sebelum datang sudah meminta agar kamar dekat lift tapi sekali datang dikasih jauh kalian tidak bisa bayangin orang pakai 2 tongkat jalan kaki jauh dari lift kurang pendidikan kayaknya untuk resepsionis nya,KOMPETITOR,Bintang 3,BestWesternSenayan-Jakarta,negative,0.9943867921829224,Guest Experience,Guest Experience (0.70); Check in/out Experience (0.63); Booking & Reservation Experience (0.62)
Uni Muljono,2025,2,kesan pertama lihat kamar adalah menyeramkan dan sedih karena tidak ada jendela untuk melihat keluar hanya jendela aksesoris yang ada lampu di lorong ke kamar remang remang di kamar juga kesannya seram bagi yang penakut sangat tidak di sarankan menginap di hotel ini klo tempat memang strategis ke jalan protokol jakarta tapi sangat tidak dianjurkan untuk kamar dan pelayanannya,KOMPETITOR,Bintang 3,BestWesternSenayan-Jakarta,negative,0.9795042872428894,Facilities & Amenities,Facilities & Amenities (0.80); Guest Experience (0.63); Religious & Halal Features (0.43)
Arnold Bolang,2025,2,lokasi sangat strategis pencahayaan kamar agak gelap kesan pertama masuk kamar mesum pesannya ada view kamar yang didapat tembok semua pelayanan stafnya sangat standar perlu lebih lagi dilatih tentang fokus pelanggan dan bagaimana menciptakan pengalaman yang hebat,KOMPETITOR,Bintang 3,BestWesternSenayan-Jakarta,positive,0.9752883315086365,Guest Experience,Guest Experience (0.96); Facilities & Amenities (0.88); Service Quality (0.84)
Rayi Citha,2024,2,Baru sekali kesini lokasinya sangat strategis di dalem stc ada mcd senayan city plaza senayan tapi kurang menyenangkan karena dapat kamar yang bau tikus mati atapnya bocor dan tengah malam ambruk terpaksa pindah kamar jam 1 malam semoga tidak terulang di kamar dan pelanggan lain d,KOMPETITOR,Bintang 3,BestWesternSenayan-Jakarta,negative,0.9744718074798584,Facilities & Amenities,Facilities & Amenities (0.68); Guest Experience (0.54); Management & Policy Issues (0.51)
The Traveling Cow,2023,2,salah satu hotel terburuk terbaik barat terpaksa menginap di sini karena harus mengurus acara pagi2 di lokasi deket sini tapi semaleman ngga bisa tidur ac kamar bolak balik mati kepanasan terus suara dari luar kedengeran banget jadi sampai jam 1 malam masih denger tuh rekaman tukang jualan tahu bulat digoreng dadakan padahal menginap di lantai 6 dah lah semoga tidak harus menginap di sini lagi,KOMPETITOR,Bintang 3,BestWesternSenayan-Jakarta,negative,0.9951451420783997,Facilities & Amenities,Facilities & Amenities (0.66); Booking & Reservation Experience (0.50); Guest Experience (0.47)
Albertus Aditya,2020,2,karena hotel ini berada di Stc senayan maka tidak semua kamar mendapatkan jendela untuk melihat pemandangan keluar saya kebetulan mendapatkan kamar yang tidak ada jendelanya sehingga kamar menjadi gelap tidak ada sinar matahari yang masuk untuk pelayanan oke menu makanan sarapan oke lokasi strategis publish rate terjangkau,KOMPETITOR,Bintang 3,BestWesternSenayan-Jakarta,positive,0.9959604144096375,Service Quality,Service Quality (0.99); Facilities & Amenities (0.99); Pricing & Value for Money (0.98)
mikimoto pearl Huda,2022,2,sangat tidak nyaman untuk kamar mandi baru bau,KOMPETITOR,Bintang 3,BestWesternSenayan-Jakarta,negative,0.9990662932395935,Facilities & Amenities,Facilities & Amenities (0.83); Guest Experience (0.81); Check in/out Experience (0.68)
Tovan Hageng,2020,2,mall yang sudah lama namun sekarang sepi banget,KOMPETITOR,Bintang 3,BestWesternSenayan-Jakarta,negative,0.9849644303321838,Sustainability & Environmental Quality,Sustainability & Environmental Quality (0.51); Facilities & Amenities (0.48); Pricing & Value for Money (0.35)
Allandra Dibtiya,2019,2,parkiran mobil sangat sempit,KOMPETITOR,Bintang 3,BestWesternSenayan-Jakarta,negative,0.9988303780555725,Facilities & Amenities,"Facilities & Amenities (0.99); Location, Accessibility & Parking (0.96); Sustainability & Environmental Quality (0.71)"
N.K Baratha,2023,2,Minimal informasi dan keamanan,KOMPETITOR,Bintang 3,BestWesternSenayan-Jakarta,neutral,0.965133547782898,Safety & Security,Safety & Security (0.98); Digital Connectivity & Technology (0.38); Booking & Reservation Experience (0.28)
Farida argubi 88,2024,2,mantab,KOMPETITOR,Bintang 3,BestWesternSenayan-Jakarta,positive,0.9985016584396362,"Cleanliness, Hygiene & Maintenance","Cleanliness, Hygiene & Maintenance (0.98); Facilities & Amenities (0.83); Pricing & Value for Money (0.74)"
Irvan Aulia Rahman,2020,2,sepi,KOMPETITOR,Bintang 3,BestWesternSenayan-Jakarta,positive,0.8043153882026672,Facilities & Amenities,"Facilities & Amenities (0.70); Cleanliness, Hygiene & Maintenance (0.66); Pricing & Value for Money (0.65)"
BARAMUNDI Barang barang memang untuk dijual (fajr),2021,2,sepi,KOMPETITOR,Bintang 3,BestWesternSenayan-Jakarta,positive,0.8043153882026672,Facilities & Amenities,"Facilities & Amenities (0.70); Cleanliness, Hygiene & Maintenance (0.66); Pricing & Value for Money (0.65)"
Marc Lefrancq,2024,2,kamar tanpa jendela kemiringan pancuran salah arah sehingga udara keluar sangat kotor manajer kamar harus dipecat lokasi sangat strategis 2 menit dari plaza senayan dan 4 menit dari senayan kota sarapan lumayan brankas di 2 kamar kami tidak berfungsi 1 tv tidak berfungsi saya tidak merekomendasikan hotel ini,KOMPETITOR,Bintang 3,BestWesternSenayan-Jakarta,negative,0.9749507904052734,Facilities & Amenities,Facilities & Amenities (0.89); Management & Policy Issues (0.45); Service Quality (0.34)
JH Yeo,2023,2,memiliki semua karakteristik hotel anggaran Anda tidak bisa memiliki lebih dari 1 kunci kamar cek masuk sekitar jam 2 siang minum udara tambahan dikenakan biaya sarapan dasar lantai kamar tidak berkarpet dan dibebani dengan masalah hotel anggaran yang umum seperti perangkap udara di pancuran dan limbah tidak mengalir dengan bebas tersumbat,KOMPETITOR,Bintang 3,BestWesternSenayan-Jakarta,negative,0.9735618233680725,Facilities & Amenities,Facilities & Amenities (0.98); Food & Beverage (0.87); Pricing & Value for Money (0.73)
Kevin,2024,2,Semua kamar tidak memiliki jendela,KOMPETITOR,Bintang 3,BestWesternSenayan-Jakarta,negative,0.9937904477119446,Facilities & Amenities,Facilities & Amenities (0.67); Pricing & Value for Money (0.50); Guest Experience (0.47)
Tommy Wiranata Anwar,2020,2,murah tapi tidak ada jendela artinya tidak ada pemandangan ke luar hotel,KOMPETITOR,Bintang 3,BestWesternSenayan-Jakarta,negative,0.978752076625824,Pricing & Value for Money,Pricing & Value for Money (0.96); Facilities & Amenities (0.81); Guest Experience (0.62)
Charles park,2021,2,Ada tikus di dalam dinding kamarku,KOMPETITOR,Bintang 3,BestWesternSenayan-Jakarta,negative,0.9949361085891724,Guest Experience,Guest Experience (0.50); Religious & Halal Features (0.49); Cultural & Heritage Experience (0.38)
intan nirmala,2020,2,Ada tikus di restoran saat kami sarapan,KOMPETITOR,Bintang 3,BestWesternSenayan-Jakarta,negative,0.9613368511199951,Food & Beverage,Food & Beverage (0.87); Facilities & Amenities (0.81); Guest Experience (0.76)
Made Parwata,2020,2,Tidak ada jendela di kamar hotel,KOMPETITOR,Bintang 3,BestWesternSenayan-Jakarta,negative,0.9574742317199707,Facilities & Amenities,Facilities & Amenities (0.78); Guest Experience (0.74); Safety & Security (0.70)
背中の会両さん,2024,2,ketiadaan jendela menjadi masalah,KOMPETITOR,Bintang 3,BestWesternSenayan-Jakarta,neutral,0.8777860403060913,Facilities & Amenities,Facilities & Amenities (0.67); Safety & Security (0.59); Sustainability & Environmental Quality (0.57)
FS CORP,2020,2,lokasi hanya satu alasan lain,KOMPETITOR,Bintang 3,BestWesternSenayan-Jakarta,negative,0.9621777534484863,Sustainability & Environmental Quality,Sustainability & Environmental Quality (0.31); Facilities & Amenities (0.28); Management & Policy Issues (0.26)
T69,2020,2,Tidak banyak yang menarik,KOMPETITOR,Bintang 3,BestWesternSenayan-Jakarta,negative,0.9056852459907532,Pricing & Value for Money,Pricing & Value for Money (0.45); Food & Beverage (0.40); Safety & Security (0.23)
Alfi Ramadhan,2024,2,"Oke, oke.",KOMPETITOR,Bintang 3,BestWesternSenayan-Jakarta,neutral,0.7115470767021179,"Cleanliness, Hygiene & Maintenance","Cleanliness, Hygiene & Maintenance (0.86); Facilities & Amenities (0.79); Sustainability & Environmental Quality (0.70)"
Amri Ichsan,2025,3,kamar deluxe tanpa jendela tanpa kulkas kamar mandi mandi mandi tidak ada pembatas jadi lantai selalu basah pelayanan buruk sekali mau bungkus makanan untuk anak saja ditanyakan dulu keterangan anak sakit kemudian paket pertemuan makan siang malam awalnya boleh di kotak makanannya jika masih ada sisa namun tiba2 aturan berubah jika tidak habis kotaknya dibatasi untuk dibawa kami ngabisin puluhan juta disini tapi pelayanan kurang baik untuk pak jajang terimakasih untuk rumah sakit terbaiknya jika tidak ada kasih bapak saya bintang rating 1,KOMPETITOR,Bintang 3,BestWesternSenayan-Jakarta,negative,0.99853515625,Pricing & Value for Money,Pricing & Value for Money (0.65); Guest Experience (0.43); Facilities & Amenities (0.37)
raymund gifford,2025,3,dinding kamar menggunakan bahan yang khas sangat berisik ketika ada orang berbicara di luar kamar tidak nyaman kiri kanan juga terdengar tidak sesuai dengan harga yang dibayarkan untuk menginap,KOMPETITOR,Bintang 3,BestWesternSenayan-Jakarta,negative,0.9989503026008606,Ambience & Design,Ambience & Design (0.91); Pricing & Value for Money (0.90); Facilities & Amenities (0.89)
Ida Hasty,2025,3,keamanan wanita yang bagian depan lobi bad bangett pelayanannya penjelasan ke pelanggan buruk pakai mobil perjalanan jam jalan jauh menuju lobi cukup sekali saja kesini kecewa,KOMPETITOR,Bintang 3,BestWesternSenayan-Jakarta,negative,0.9992520213127136,Guest Experience,Guest Experience (0.95); Safety & Security (0.95); Check in/out Experience (0.65)
Weltri Bakara,2025,3,nyaman tapi tidak ada jendela fasilitas kamar lengkap lokasi strategis dan dekat sama ps makanan sarapannya enak,KOMPETITOR,Bintang 3,BestWesternSenayan-Jakarta,positive,0.9989849925041199,Facilities & Amenities,Facilities & Amenities (0.99); Room Quality & Comfort (0.88); Service Quality (0.80)
Inggrita W,2025,3,Hotel anggaran dan sudah berdiri lama kamarnya seperti sebuah malam berdiri hotel tapi sangat mudah diakses karena di atas stc persis,KOMPETITOR,Bintang 3,BestWesternSenayan-Jakarta,positive,0.9948830604553223,Pricing & Value for Money,"Pricing & Value for Money (0.98); Facilities & Amenities (0.89); Location, Accessibility & Parking (0.86)"
Restu Yulia,2025,3,datang jam 14:30 suruh tunggu 15 20 menit tapi kamar tidak siap2 juga jam 15 40 baru siap dan kamar kaya bau apek gitu tapi masih bisa dimaafkan sih untungnya cuma 1 malem,KOMPETITOR,Bintang 3,BestWesternSenayan-Jakarta,negative,0.9938734769821167,Guest Experience,Guest Experience (0.69); Check in/out Experience (0.58); Pricing & Value for Money (0.58)
Tyas Arifin,2023,3,kamarnya bersih luas dan rapi tapi mungkin fasilitas kamar bisa ditambah karena kamar saya tidak ada kulkas pdhl perlu banget pemanas berfungsi dengan baik,KOMPETITOR,Bintang 3,BestWesternSenayan-Jakarta,positive,0.6596050262451172,Facilities & Amenities,"Facilities & Amenities (0.98); Cleanliness, Hygiene & Maintenance (0.94); Service Quality (0.89)"
Tya Wiyatno,2020,3,lokasi persis diseberang senayan city dan sebelah plaza senayan akses lalu lintas menuju ke hotel ini cukup padat pastikan anda memiliki waktu lebih banyak agar tidak terburu buru kamar cukup bersih namun toilet agak bau kurang sedap meskipun sudah dibersihkan posisi restoran membuat bingung tamu yang menginap karena jaringan hotel ini memanfaatkan fasilitas gedung yang dulunya pertokoan staf cukup ramah dan membantu,KOMPETITOR,Bintang 3,BestWesternSenayan-Jakarta,positive,0.9966962337493896,Facilities & Amenities,"Facilities & Amenities (0.86); Location, Accessibility & Parking (0.76); Service Quality (0.70)"
Vania Hugeng,2024,3,kamarnya luas dan cukup bersih ini dapet kamar yang tidak ada jendela baru aku kurang tahu semua kamar tidak ada jendelanya atau ada yang ada lokasi nya cukup strategis dekat mall dan mrt,KOMPETITOR,Bintang 3,BestWesternSenayan-Jakarta,positive,0.9983689188957214,Room Quality & Comfort,"Room Quality & Comfort (0.91); Service Quality (0.91); Cleanliness, Hygiene & Maintenance (0.90)"
Nana Nurdjanah,2023,3,untuk kamar baru tidak cukup nyaman karena merasa terkurung karena tidak ada jendela baru untuk layanan cukup ramah jika dari segi lokasi sangat strategis dekat dari mana mana baik pusat perbelanjaan maupun transportasi umum,KOMPETITOR,Bintang 3,BestWesternSenayan-Jakarta,positive,0.9981624484062195,Facilities & Amenities,Facilities & Amenities (0.98); Service Efficiency & Responsiveness (0.97); Service Quality (0.94)
Dyandra Aditya,2024,3,lokasi strategis kamarnya terdengar dari luar sebelah penerangan kamar redup wifi di kamar lemot dari kamar menuju ke resto hotel harus menyusuri lorong mall hotel berada dilingkup mall stc,KOMPETITOR,Bintang 3,BestWesternSenayan-Jakarta,positive,0.9273160099983215,Digital Connectivity & Technology,Digital Connectivity & Technology (0.66); Facilities & Amenities (0.57); Sustainability & Environmental Quality (0.56)
Dimas Agy,2023,3,letak hotel strategis banget persis depan senayan city mal tapi secara kamar tidak banget partisi kamar hotel nya cmn pakai macam gypsum gtu doang jadi suara berisik dikit kedengaran dari luar bgtu jg sebaliknya,KOMPETITOR,Bintang 3,BestWesternSenayan-Jakarta,negative,0.8949819207191467,Ambience & Design,Ambience & Design (0.67); Sustainability & Environmental Quality (0.55); Facilities & Amenities (0.55)
Dhedhe Dirgawijaya,2020,3,ngga ada jendelanya tidak tahu deh di luar hujan atau engga panas atau mendung ah entahlah resto juga terpisah dari hotel meskipun masih satu gedung padahal sebenernya hotelnya oke lho meskipun tidak ada kulkasnya cek masuk cek keluar fleksibel jika memungkinkan ada mcd 24 jam di sini untuk sarapannya sebenernya sudah enak tapi kurang variasi saja hari ke hari,KOMPETITOR,Bintang 3,BestWesternSenayan-Jakarta,positive,0.8551434278488159,Facilities & Amenities,Facilities & Amenities (0.94); Check in/out Experience (0.93); Food & Beverage (0.88)
Ayesha Rizal,2020,3,keuntungan nginap disini cuma karena deket sama sency dan berhenti busway hotelnya auranya kayak gimana gitu aku kurang nyaman mengangkatnya juga kurang responsif bikin deg2an saat mau sarapan aku lihat ada tikus berkeliaran di daerah resto bikin tidak mood makan jadinya mana gede pula tikusnya pegawainya juga lama responnya saat dimintai tolong untuk turunkan koper dari kamar ada mungkin 20 menit,KOMPETITOR,Bintang 3,BestWesternSenayan-Jakarta,negative,0.9983114004135132,"Location, Accessibility & Parking","Location, Accessibility & Parking (0.87); Facilities & Amenities (0.77); Guest Experience (0.76)"
Dani Maulana,2025,3,bagi yang ada kebutuhan di daerah senayan dan perlu menginap maka terbaik senayan barat merupakan alternatif yang cocok akses dekat mana mana mana hanya sayang view dari kamar terbatas,KOMPETITOR,Bintang 3,BestWesternSenayan-Jakarta,positive,0.9966416358947754,Facilities & Amenities,"Facilities & Amenities (0.88); Location, Accessibility & Parking (0.58); Family & Group Friendly (0.56)"
nini putri Wijaya,2024,3,kamar kecil tanpa jendela kran bidet nya kecil jadi kalau habis po p harus bebersih di mandi lagi resepsi nya tidak melewati sop keramahan menurut ku karena ada titipan dari suami gua dalam amplop difotoin amplopnya sama suami gua tapi saat gua tanya malah resepsiinya yang buka amplop nya dan dikasih ke gua brg dalam amplop tanpa izin apakah itu normal lokasi emang prime sebrang sency 1 area dengan stc,KOMPETITOR,Bintang 3,BestWesternSenayan-Jakarta,negative,0.9639166593551636,Service Quality,Service Quality (0.80); Guest Experience (0.79); Facilities & Amenities (0.67)
Agoesaja Agoesaja,2020,3,Saya dapat kamar 7015 tidak ada jendela bersih tapi agak sumpek ya saat menuju kearah kamar setelah keluar angkat makanannya lumayan baik sarapan maupun saat makan siang yang enak adalah akses ke mall nya karena dekat ke plaza senayan sama senayan kota,KOMPETITOR,Bintang 3,BestWesternSenayan-Jakarta,positive,0.9987576007843018,Facilities & Amenities,Facilities & Amenities (0.94); Food & Beverage (0.88); Service Quality (0.86)
Gregorius Dimas,2020,3,Hotel berada dalam lokasi Stc Senayan kebersihan cukup pelayanan cukup kali pertama datang ke hotel ini karena ikut sebuah acara yang sempat dikira adalah workshop pemasaran digital ternyata ya mulai dari sana hehehe,KOMPETITOR,Bintang 3,BestWesternSenayan-Jakarta,positive,0.9960924983024597,Service Quality,"Service Quality (0.96); Cleanliness, Hygiene & Maintenance (0.94); Facilities & Amenities (0.76)"
Maria Angelina,2024,3,kamar nyaman rumah menjaga cepat tapi kebagian kamar yang deket sama tempat karaoke suaranya bocor berisik banget tidak bisa istirahat malahan,KOMPETITOR,Bintang 3,BestWesternSenayan-Jakarta,positive,0.5610969662666321,Facilities & Amenities,Facilities & Amenities (0.92); Room Quality & Comfort (0.82); Service Quality (0.82)
tejo utomo,2022,3,kamar tidak ada jendela itu oke kamar bau rokok padahal sudah minta yang non merokok kamar untung sarapan enak,KOMPETITOR,Bintang 3,BestWesternSenayan-Jakarta,positive,0.8504515886306763,Facilities & Amenities,Facilities & Amenities (0.81); Guest Experience (0.65); Food & Beverage (0.51)
H Rosyid (datukocit),2022,3,Markir untuk motornya susah rambunya masih menunjuk ketempat parkir lama sedangkan tempat yang lama sudah ditutup dan jika mau kembali ke mall nya harus muter kembali ke arah fx jauh banget jadi saya harus lawan arah untuk mempermudah bahaya sekali memang,KOMPETITOR,Bintang 3,BestWesternSenayan-Jakarta,negative,0.9843416810035706,"Location, Accessibility & Parking","Location, Accessibility & Parking (0.61); Management & Policy Issues (0.55); Pricing & Value for Money (0.50)"
Nur Chotimah Afifi,2020,3,seharusnya cocok untuk menjadi tempat beristirahat dengan tenang di tengah kota dan kamar yang benar2 tertutup cuma sayang dinding tidak kedap suara jadi bisa mendengar suara2 yang aneh2 dari kamar lain dan suara kita pun terdengar diluar belum lagi di tengah malam saat saya menginap ada yang menggebrak pintu dan tidak hanya sekali entah apa artinya untuk staf sarapan pelayanan baru bagus dan ramah sekali makanan juga oke dan cukup bervariasi,KOMPETITOR,Bintang 3,BestWesternSenayan-Jakarta,positive,0.994993269443512,Service Quality,Service Quality (0.98); Facilities & Amenities (0.97); Service Efficiency & Responsiveness (0.96)
Adzra Athira,2019,3,Plang yang menunjukan hotel itu kurang besar agak membingungkan tempat sarapan sedikit jauh dari kamar tapi masih dalam satu gedung stc senayan tapi tempat strategis cocok untuk perjalanan bisnis,KOMPETITOR,Bintang 3,BestWesternSenayan-Jakarta,negative,0.5009261965751648,Guest Experience,Guest Experience (0.94); Facilities & Amenities (0.88); Food & Beverage (0.87)
minion hitam,2024,3,lokasi yang strategis adalah penjualan utamanya kamarnya ya tidak bisa dikatakan bagus bahkan dibawah standar cukup dan tidak ada jendela,KOMPETITOR,Bintang 3,BestWesternSenayan-Jakarta,negative,0.9105567932128906,Facilities & Amenities,Facilities & Amenities (0.89); Pricing & Value for Money (0.82); Guest Experience (0.63)
Afif N.,2020,3,Berhubung studio kolaborasi ada di sini jadi yauda mampir untuk mengurus menembak sebenernya tempatnya serem terus jika mau beli kopi cuma ada satu tempat saja dan itu cukup mahal,KOMPETITOR,Bintang 3,BestWesternSenayan-Jakarta,positive,0.8430129885673523,Facilities & Amenities,Facilities & Amenities (0.77); Pricing & Value for Money (0.75); Food & Beverage (0.70)
tati larasati,2020,3,Saya tidak menginap di hotel tapi ada bengkel terapi energi kuantum diruang zamrud pada hari sabtu 19 10 19 jam 13 00 15 00 wib,KOMPETITOR,Bintang 3,BestWesternSenayan-Jakarta,neutral,0.9969779253005981,Facilities & Amenities,Facilities & Amenities (0.98); Guest Experience (0.93); Sustainability & Environmental Quality (0.71)
Yosina Marthince,2025,3,makanan b saja menu kurang variatif lokasi resto lewat ruko2,KOMPETITOR,Bintang 3,BestWesternSenayan-Jakarta,negative,0.950813889503479,Food & Beverage,"Food & Beverage (0.71); Facilities & Amenities (0.54); Location, Accessibility & Parking (0.52)"
Hikmat -,2020,3,hotel menyatu dengan pusat perbelanjaan kamar kurang nyaman karena tidak ada jendela restoran juga jauh terpisah sama hotel baru,KOMPETITOR,Bintang 3,BestWesternSenayan-Jakarta,negative,0.8998444080352783,Facilities & Amenities,Facilities & Amenities (0.93); Food & Beverage (0.78); Guest Experience (0.72)
Macca Madinah,2025,3,cuma ngunjungin teman,KOMPETITOR,Bintang 3,BestWesternSenayan-Jakarta,negative,0.9988963603973389,Guest Experience,Guest Experience (0.98); Pricing & Value for Money (0.55); Sustainability & Environmental Quality (0.29)
Ketut Adhi Kun,2024,3,Kondisi kamar dan lorong kurang bagus ada beberapa titik berlari waktu saya menginap sarapan oke,KOMPETITOR,Bintang 3,BestWesternSenayan-Jakarta,positive,0.778607189655304,Facilities & Amenities,"Facilities & Amenities (0.98); Guest Experience (0.75); Location, Accessibility & Parking (0.52)"
Robert Silaen,2021,3,Saya baru tahu ada hotel terbaik barat disini bergabung sama stc senayan yang banyak menjual barang hobi seperti sepeda gadget dll,KOMPETITOR,Bintang 3,BestWesternSenayan-Jakarta,positive,0.9974476099014282,Facilities & Amenities,"Facilities & Amenities (0.82); Digital Connectivity & Technology (0.71); Loyalty, Recommendation & Appreciation (0.60)"
Hafizh Nailun Naban,2019,3,hotelnya cukup nyaman tapi standar saja lokasinya dekat dengan kota senayan dan plaza senayan,KOMPETITOR,Bintang 3,BestWesternSenayan-Jakarta,positive,0.9978346228599548,Facilities & Amenities,Facilities & Amenities (0.96); Room Quality & Comfort (0.87); Guest Experience (0.84)
Sherlly Maria,2021,3,manajer dan staf ramah sarapan cukup beragam dan enak lokasi strategis ke pusat perbelanjaan,KOMPETITOR,Bintang 3,BestWesternSenayan-Jakarta,positive,0.9993507266044617,Staff Conduct & Hospitality,Staff Conduct & Hospitality (0.99); Food & Beverage (0.99); Facilities & Amenities (0.98)
Arw Tjg,2020,3,Lokasinya dekat kemana mana mana mau naik bus dekat mau ke mall dekat sayangnya kamar hotelnya dindingnya tipis dia dia suara2 kedengaran,KOMPETITOR,Bintang 3,BestWesternSenayan-Jakarta,positive,0.9965691566467285,Facilities & Amenities,"Facilities & Amenities (0.77); Location, Accessibility & Parking (0.73); Sustainability & Environmental Quality (0.64)"
Herman Cheung,2020,3,tempat nginap yang murah sekitar senayan lumayan nyaman sarapan lumayan oke,KOMPETITOR,Bintang 3,BestWesternSenayan-Jakarta,positive,0.9992679953575134,Service Quality,Service Quality (0.84); Facilities & Amenities (0.83); Pricing & Value for Money (0.81)
Timeh Harahap,2022,3,kasurnya keras pegawai super ramah ac di beberapa kamar kurang dingin,KOMPETITOR,Bintang 3,BestWesternSenayan-Jakarta,positive,0.5466224551200867,Service Efficiency & Responsiveness,Service Efficiency & Responsiveness (0.89); Service Quality (0.87); Room Quality & Comfort (0.78)
Yohanes Wahyudi,2024,3,kamar agak horor kucing tembok kamar mandi warnanya merah,KOMPETITOR,Bintang 3,BestWesternSenayan-Jakarta,negative,0.9914084076881409,Ambience & Design,Ambience & Design (0.57); Cultural & Heritage Experience (0.42); Personalized & Special Services (0.40)
Yosie Cantik,2020,3,lumayan bagus makanan sayang agak kemahalan bagi yang gaji umr,KOMPETITOR,Bintang 3,BestWesternSenayan-Jakarta,positive,0.9952291250228882,Pricing & Value for Money,Pricing & Value for Money (0.84); Food & Beverage (0.74); Sustainability & Environmental Quality (0.51)
Kiki Oqhemyhakim (Kizmin kizmiz),2023,3,lumayan buat transit dan mall strategis di pusat kota senayan,KOMPETITOR,Bintang 3,BestWesternSenayan-Jakarta,positive,0.9991907477378845,Facilities & Amenities,Facilities & Amenities (0.99); Pricing & Value for Money (0.93); Room Quality & Comfort (0.81)
Yama,2020,3,lokasi strategis sayangnya tidak ada jendela di kamar,KOMPETITOR,Bintang 3,BestWesternSenayan-Jakarta,positive,0.9408460855484009,Facilities & Amenities,Facilities & Amenities (0.84); Safety & Security (0.82); Guest Experience (0.79)
dian suhafidiansyah,2021,3,Entahlah mungkin kamar dan menu perlu diperhatikan,KOMPETITOR,Bintang 3,BestWesternSenayan-Jakarta,negative,0.7262864112854004,Facilities & Amenities,Facilities & Amenities (0.94); Food & Beverage (0.92); Ambience & Design (0.73)
Aqila K Nuramadhanty,2021,3,parkirnya kurang terkordinir sempit,KOMPETITOR,Bintang 3,BestWesternSenayan-Jakarta,negative,0.9991275668144226,"Location, Accessibility & Parking","Location, Accessibility & Parking (0.88); Facilities & Amenities (0.82); Service Quality (0.69)"
Yoni Laksmana,2020,3,toilet jorok di siram tidak mau turun,KOMPETITOR,Bintang 3,BestWesternSenayan-Jakarta,negative,0.9994187355041504,Facilities & Amenities,Facilities & Amenities (0.86); Pricing & Value for Money (0.60); Check in/out Experience (0.54)
Eko Feryanto,2022,3,biasa saja,KOMPETITOR,Bintang 3,BestWesternSenayan-Jakarta,negative,0.992603600025177,"Cleanliness, Hygiene & Maintenance","Cleanliness, Hygiene & Maintenance (0.80); Facilities & Amenities (0.64); Pricing & Value for Money (0.54)"
Joko Ermada,2020,3,sepi gan,KOMPETITOR,Bintang 3,BestWesternSenayan-Jakarta,negative,0.618236243724823,Facilities & Amenities,"Facilities & Amenities (0.78); Safety & Security (0.74); Cleanliness, Hygiene & Maintenance (0.73)"
Ipungkas Widiyantoro,2020,3,Hotel bintang tiga tapi harganya mahal,KOMPETITOR,Bintang 3,BestWesternSenayan-Jakarta,negative,0.9774293899536133,Pricing & Value for Money,Pricing & Value for Money (0.92); Facilities & Amenities (0.63); Sustainability & Environmental Quality (0.61)
Marjoko Mulyo,2022,3,Sempit agak pengap kamarnya,KOMPETITOR,Bintang 3,BestWesternSenayan-Jakarta,positive,0.7627370357513428,Guest Experience,"Guest Experience (0.56); Sustainability & Environmental Quality (0.55); Loyalty, Recommendation & Appreciation (0.48)"
Kemooto,2022,3,fasum nya tidak terawat,KOMPETITOR,Bintang 3,BestWesternSenayan-Jakarta,negative,0.9992576241493225,Facilities & Amenities,Facilities & Amenities (0.79); Food & Beverage (0.57); Sustainability & Environmental Quality (0.46)
Artphone 2,2021,3,lumayan lah,KOMPETITOR,Bintang 3,BestWesternSenayan-Jakarta,positive,0.9982056617736816,"Cleanliness, Hygiene & Maintenance","Cleanliness, Hygiene & Maintenance (0.79); Sustainability & Environmental Quality (0.73); Pricing & Value for Money (0.71)"
Leni Milana,2020,3,Saat samping plaza senayan,KOMPETITOR,Bintang 3,BestWesternSenayan-Jakarta,positive,0.9708588719367981,Facilities & Amenities,"Facilities & Amenities (0.93); Cleanliness, Hygiene & Maintenance (0.90); Sustainability & Environmental Quality (0.78)"
felix daritan,2021,3,tempat tidurnya kecil,KOMPETITOR,Bintang 3,BestWesternSenayan-Jakarta,negative,0.5064880847930908,Facilities & Amenities,Facilities & Amenities (0.93); Guest Experience (0.88); Sustainability & Environmental Quality (0.78)
Bani Sitepu,2020,3,b saja,KOMPETITOR,Bintang 3,BestWesternSenayan-Jakarta,negative,0.9717097282409668,"Cleanliness, Hygiene & Maintenance","Cleanliness, Hygiene & Maintenance (0.87); Facilities & Amenities (0.85); Food & Beverage (0.74)"
Yusli Wardiatno,2020,3,agak lembab kamarnya,KOMPETITOR,Bintang 3,BestWesternSenayan-Jakarta,positive,0.9473801851272583,Guest Experience,Guest Experience (0.72); Sustainability & Environmental Quality (0.69); Religious & Halal Features (0.56)
Mugi Algimun,2025,3,lumayan,KOMPETITOR,Bintang 3,BestWesternSenayan-Jakarta,positive,0.9958822727203369,Facilities & Amenities,"Facilities & Amenities (0.79); Pricing & Value for Money (0.75); Cleanliness, Hygiene & Maintenance (0.74)"
lalu syena zachary,2023,3,belum pernah,KOMPETITOR,Bintang 3,BestWesternSenayan-Jakarta,positive,0.6237986087799072,"Cleanliness, Hygiene & Maintenance","Cleanliness, Hygiene & Maintenance (0.64); Facilities & Amenities (0.58); Pricing & Value for Money (0.49)"
Okto Jarni Purba,2020,3,dekat mall besar,KOMPETITOR,Bintang 3,BestWesternSenayan-Jakarta,positive,0.999195396900177,Facilities & Amenities,"Facilities & Amenities (0.96); Cleanliness, Hygiene & Maintenance (0.91); Sustainability & Environmental Quality (0.89)"
Jlius Suweno,2020,3,biasa saja,KOMPETITOR,Bintang 3,BestWesternSenayan-Jakarta,negative,0.992603600025177,"Cleanliness, Hygiene & Maintenance","Cleanliness, Hygiene & Maintenance (0.80); Facilities & Amenities (0.65); Pricing & Value for Money (0.54)"
Ardhany Hustiyadi,2022,3,lumayan,KOMPETITOR,Bintang 3,BestWesternSenayan-Jakarta,positive,0.9958822727203369,Facilities & Amenities,"Facilities & Amenities (0.78); Pricing & Value for Money (0.75); Cleanliness, Hygiene & Maintenance (0.74)"
May channel,2021,3,Strategi,KOMPETITOR,Bintang 3,BestWesternSenayan-Jakarta,positive,0.9989697933197021,"Cleanliness, Hygiene & Maintenance","Cleanliness, Hygiene & Maintenance (0.81); Sustainability & Environmental Quality (0.64); Digital Connectivity & Technology (0.51)"
Supardi Pardi,2022,3,lumayan,KOMPETITOR,Bintang 3,BestWesternSenayan-Jakarta,positive,0.9958822727203369,Facilities & Amenities,"Facilities & Amenities (0.78); Pricing & Value for Money (0.75); Cleanliness, Hygiene & Maintenance (0.74)"
Akhmad Wirman (Imanes),2021,3,lumayan,KOMPETITOR,Bintang 3,BestWesternSenayan-Jakarta,positive,0.9958822727203369,Facilities & Amenities,"Facilities & Amenities (0.78); Pricing & Value for Money (0.75); Cleanliness, Hygiene & Maintenance (0.74)"
D Imara,2021,3,lumayan,KOMPETITOR,Bintang 3,BestWesternSenayan-Jakarta,positive,0.9958822727203369,Facilities & Amenities,"Facilities & Amenities (0.79); Pricing & Value for Money (0.75); Cleanliness, Hygiene & Maintenance (0.74)"
candrasver,2025,3,kamar yang luas makanan yang lezat dan pelayanan dari seorang wanita di lobi resepsionis saat kami cek masuk dan cek keluar serta staf yang menunjukkan kamar kami patut diacungi jempol mohon tingkatkan pelayanan staf restoran orang orang ingin disambut dengan senyuman bukan dengan wajah cemberut,KOMPETITOR,Bintang 3,BestWesternSenayan-Jakarta,positive,0.9985041618347168,Check in/out Experience,Check in/out Experience (1.00); Facilities & Amenities (0.99); Guest Experience (0.99)
toshihiro yoshihara,2025,3,Lokasinya sangat bagus ada banyak supermarket dan restoran di dekatnya sayangnya tidak ada kulkas di kamar selain itu tidak ada jendela mohon perhatiannya hal ini,KOMPETITOR,Bintang 3,BestWesternSenayan-Jakarta,positive,0.994533896446228,Facilities & Amenities,Facilities & Amenities (0.99); Food & Beverage (0.94); Guest Experience (0.78)
Patrik Adolfsson,2024,3,lokasi hotelnya bagus pusat perbelanjaannya dekat dan bagus kamarnya bagus tapi tidak ada jendela jadi terasa agak tertutup kami memesan 2 malam dan sayangnya pada malam pertama alarm berbunyi selama 2 jam di apartemen sebelah malam kedua ada pesta di apartemen sebelah anda bisa mendengar dengan sangat baik di antara apartemen,KOMPETITOR,Bintang 3,BestWesternSenayan-Jakarta,positive,0.9982263445854187,Facilities & Amenities,Facilities & Amenities (0.92); Booking & Reservation Experience (0.91); Guest Experience (0.78)
Dian Suri Handayani,2024,3,Menurut saya hal terbaik dari hotel ini hanyalah lokasinya karena dekat dengan stasiun mrt kamar tanpa jendela ini membuat suara dari kamar sebelah dan lorong terdengar dan ada bau tidak sedap setiap kali saya selesai mandi bantalnya keras hanya 1 colokan listrik yang berfungsi sarapannya kurang bervariasi dengan rasa yang standar dan kami harus berjalan melewati mal untuk mendapatkannya wi fi nya lambat dan sangat sulit diakses dengan kecepatannya saya ada rapat pagi dan bertanya apakah saya bisa memeriksa keluar terlambat tetapi saya tidak bisa dan harus membayar 150 ribu per jam saya tidak tahu tentang standar layanannya karena saya tinggal di bali di mana standar keramahan jauh lebih baik dari ini jadi,KOMPETITOR,Bintang 3,BestWesternSenayan-Jakarta,negative,0.9619958996772766,Facilities & Amenities,Facilities & Amenities (0.97); Service Quality (0.93); Guest Experience (0.82)
Maulana Kusumadewi,2019,3,Lokasinya dekat kota senayan dan plaza senayan di dalam senayan pusat perdagangan stc mungkin itu sebabnya kamarnya tidak memiliki jendela kita bisa mendengar bel berbunyi di kamar sebelah sepanjang lorong kita bahkan bisa mendengar apa yang dilakukan orang di sebelah pada hari pertama saya ada seperti tikus berlarian di langit langit kita juga bisa mendengar langkah kaki di kamar di atas dapurnya juga kurang memuaskan saya menaruh cucian saya di pagi hari biasanya di hotel bintang empat cucian sudah siap di kamar karena saya kembali ke hotel malam hari saya tidak dapat menemukan cucian saya dan cuciannya belum siap keesokan harinya mereka,KOMPETITOR,Bintang 3,BestWesternSenayan-Jakarta,positive,0.6026553511619568,Facilities & Amenities,Facilities & Amenities (0.92); Service Quality (0.77); Guest Experience (0.73)
Huiting Yang,2020,3,tanpa jendela resepsionis memberi tahu saya bahwa hanya ada 6 kamar di seluruh hotel yang memiliki jendela beruntung jika Anda berhasil mendapatkannya suara percakapan dan bel pintu di sebelah terdengar sangat jelas saya merasa berat badan saya ringan kurang dari 50 kg tetapi ketika saya naik ke tempat tidur rasanya seperti kasurnya ambruk dan berbunyi berderak saya meminta colokan listrik dan menerimanya dengan cepat sarapannya biasa saja lokasinya bagus karena berada di samping plaza senayan,KOMPETITOR,Bintang 3,BestWesternSenayan-Jakarta,negative,0.7736474871635437,Facilities & Amenities,Facilities & Amenities (0.88); Service Quality (0.85); Service Efficiency & Responsiveness (0.77)
Bistok Diiel Lelono,2026,3,kamar bersih staf ramah peralatan elektronik lumayan namun insulasi suara buruk saya tinggal di sana selama 6 malam saya mendengar dengkuran dari kamar sebelah bel berbunyi dan suara pintu ditutup dan dibuka dari kamar yang tidak diketahui serta suara tamu mengobrol di lorong di sisi lain lokasinya tepat di sebelah 2 mal besar dan binus senayan dan staf mereka ramah dan membantu,KOMPETITOR,Bintang 3,BestWesternSenayan-Jakarta,positive,0.9838617444038391,Facilities & Amenities,"Facilities & Amenities (0.96); Cleanliness, Hygiene & Maintenance (0.87); Service Quality (0.86)"
sh m,2024,3,Lokasinya bagus dan harganya terjangkau tapi kurangnya jendela membuat saya sulit untuk tinggal lama kulkas juga tidak tersedia tidak masalah jika Anda hanya ingin tidur tapi karena alasan yang disebutkan di atas saya tidak merekomendasikannya jika Anda akan bekerja di dalam ruangan,KOMPETITOR,Bintang 3,BestWesternSenayan-Jakarta,positive,0.7539105415344238,Facilities & Amenities,"Facilities & Amenities (1.00); Pricing & Value for Money (1.00); Location, Accessibility & Parking (0.76)"
Nurani A,2024,3,kekurangan tempat tidur dan bantal paling tidak nyaman yang pernah saya miliki seumur hidup tempat tidurnya sangat keras dan bantalnya sangat tipis kelebihan lokasinya sempurna stafnya luar biasa,KOMPETITOR,Bintang 3,BestWesternSenayan-Jakarta,negative,0.9115996956825256,Service Quality,"Service Quality (0.65); Facilities & Amenities (0.17); Location, Accessibility & Parking (0.01)"
hapsari dhamayanti,2021,3,menginap di sini semalam hotel ini terletak di daerah yang sangat bagus tepat di samping plaza senayan dan di seberang senayan kota juga sempurna untuk perjalanan bisnis karena tidak terlalu jauh dari scbd mereka hampir menambahkan ruang,KOMPETITOR,Bintang 3,BestWesternSenayan-Jakarta,positive,0.9992115497589111,Facilities & Amenities,Facilities & Amenities (0.99); Service Efficiency & Responsiveness (0.91); Family & Group Friendly (0.90)
Henry Eko,2020,3,Tidak direkomendasikan untuk bisnis saya tidak bisa berkomentar banyak tentang hotel ini setidaknya ruang pertemuannya memadai,KOMPETITOR,Bintang 3,BestWesternSenayan-Jakarta,positive,0.7801521420478821,Guest Experience,Guest Experience (0.90); Facilities & Amenities (0.84); Check in/out Experience (0.64)
Endras Kurniawan,2024,3,lokasi strategis bagi yang membutuhkan istirahat di sekitar senayan dan gbk namun kamar terlihat kamu dan membutuhkan penyegaran,KOMPETITOR,Bintang 3,BestWesternSenayan-Jakarta,positive,0.9424750804901123,Guest Experience,Guest Experience (0.72); Facilities & Amenities (0.66); Service Quality (0.60)
Nolianto Ananda,2024,3,hotel tua dengan lokasi yang sangat strategis dan bisa tersesat saat mencoba mencari tempat sarapan,KOMPETITOR,Bintang 3,BestWesternSenayan-Jakarta,negative,0.6094445586204529,Facilities & Amenities,Facilities & Amenities (0.92); Guest Experience (0.91); Food & Beverage (0.90)
Ryan Adhi,2020,3,Tempat yang bagus untuk pertemuan tapi anda harus turun ke bawah untuk makan malam yang disediakan,KOMPETITOR,Bintang 3,BestWesternSenayan-Jakarta,positive,0.9842685461044312,Food & Beverage,Food & Beverage (0.97); Facilities & Amenities (0.90); Guest Experience (0.85)
astrid siska,2021,3,Gtaw hahaa karena daripada ke hotel malah makan di mcdonald dimana letak hotel di gtaw,KOMPETITOR,Bintang 3,BestWesternSenayan-Jakarta,positive,0.8975809812545776,Food & Beverage,Food & Beverage (0.71); Sustainability & Environmental Quality (0.61); Religious & Halal Features (0.45)
iluysarp,2023,3,rata2 lah,KOMPETITOR,Bintang 3,BestWesternSenayan-Jakarta,negative,0.747295618057251,Religious & Halal Features,"Religious & Halal Features (0.89); Cleanliness, Hygiene & Maintenance (0.85); Pricing & Value for Money (0.81)"
cienkwee,2021,3,Saya hanya lewat saja tidak pernah menginap di sana tapi lokasinya bagus,KOMPETITOR,Bintang 3,BestWesternSenayan-Jakarta,positive,0.9978376030921936,Facilities & Amenities,"Facilities & Amenities (0.94); Service Quality (0.91); Cleanliness, Hygiene & Maintenance (0.87)"
Richard Victor,2020,3,Namun fasilitasnya kurang memadai,KOMPETITOR,Bintang 3,BestWesternSenayan-Jakarta,negative,0.8971750140190125,Facilities & Amenities,Facilities & Amenities (0.72); Service Quality (0.52); Guest Experience (0.50)
hoho andri,2020,3,Banyak kamar yang tidak memiliki jendela sekali,KOMPETITOR,Bintang 3,BestWesternSenayan-Jakarta,negative,0.9778832197189331,Facilities & Amenities,Facilities & Amenities (0.84); Guest Experience (0.65); Pricing & Value for Money (0.64)
