User Name,Review Time,Rating,clean_text,Tipe,Kelas,Nama_Hotel,AI_Sentiment,AI_Sentiment_Score,AI_Primary_Theme,AI_All_Themes
Shekinah Baguhin,2025,5,Saya memberikan rating bintang 5 hotel ini akomodasi sangat bagus dan baik dipelihara juga memiliki gym yang saya sangat menikmati terutama ruang latihan kelompok sempurna untuk seorang introvert seperti saya yang lebih suka bekerja keluar masuk ruang pribadi saya juga menikmati kolam renang banyak sarapan buffet yang hebat menawarkan berbagai pilihan mulai dari masakan Asia ke Barat dan Amerika,KOMPETITOR,Bintang 5,PullmanJakartaIndonesiaThamrinCBD,positive,0.9991488456726074,Facilities & Amenities,Facilities & Amenities (1.00); Service Quality (0.99); Family & Group Friendly (0.98)
Abdiel Marvega Shindutirta,2025,5,pullman thamrin telah menjadi salah satu hotel favorit kami masuk jakarta selama beberapa tahun terakhir lokasinya hanya sempurna mungkin yang terbaik masuk kota terletak tepat di seberang dari bundaran hi jantung jakarta itu menawarkan kenyamanan dan pemandangan tak terkalahkan kita beruntung untuk tinggal di sana selama akhir pekan ketika thamrin jalan tuan rumah mobil hari gratis yang membuat pengalaman kami bahkan lebih menyenangkan dan baik bulat staf seperti selalu sangat baik dari resepsi ke tim restoran layanan adalah level atas tidak akan berbohong kamar itu sedikit tertanggal tapi itu masih sangat baik dipertahankan dan bersih kami,KOMPETITOR,Bintang 5,PullmanJakartaIndonesiaThamrinCBD,positive,0.999479353427887,Staff Conduct & Hospitality,Staff Conduct & Hospitality (1.00); Facilities & Amenities (0.99); Service Quality (0.99)
Nawwaf Zahra,2025,4,Aku pikir mereka mengenakan biaya ekstra untuk itu tidak yakin Anda dapat memeriksa dengan hotel untuk ini apa yang saya telah menunggu dari tinggal sebenarnya sarapan mereka Aku senang melihat berbagai macam makanan mereka masuk sarapan mereka buffet sayangnya masakan Indonesia mereka mendarat sedikit underwhelming untuk saya terutama dibandingkan dengan pilihan makanan lainnya masakan cina mereka sangat lezat meskipun saya berharap mereka,KOMPETITOR,Bintang 5,PullmanJakartaIndonesiaThamrinCBD,positive,0.9977891445159912,Food & Beverage,Food & Beverage (0.89); Guest Experience (0.85); Pricing & Value for Money (0.84)
Nurazlina Marzukee,2025,5,Pengalaman tinggal saya di Pullman Jakarta CBD Thamrin benar-benar luar biasa kami diperlakukan dengan sopan dan dimanjakan dengan layanan yang benar-benar hangat dan menyenangkan luar biasa dan layanan yang sangat baik disediakan oleh AAP dan Martina dengan aliran jamu gratis dan minuman disajikan dengan tulus dan selalu dengan senyum saya akan membawa kenangan indah ini dari Pullman Jakarta dengan saya dan saya akan pasti kembali harap untuk kunjungan saya berikutnya cinta Michelle Lin Azlina,KOMPETITOR,Bintang 5,PullmanJakartaIndonesiaThamrinCBD,positive,0.9990373849868774,Staff Conduct & Hospitality,Staff Conduct & Hospitality (1.00); Service Quality (1.00); Facilities & Amenities (1.00)
Nur K.,2025,4,Aku suka area resepsi tapi kamar yang kami dapatkan adalah tanggal kamar 536 memiliki masalah dengan penyesuaian switch air panas adalah iffy tingkat 5 kamar tampak tempat yang sama sekali berbeda dari suasana resepsi khusus teriakan ke pur bell yang sangat cepat dan ramah memang ia mewakili hotel dengan baik dengan kehangatan dan profesionalisme terima kasih lagi untuk keramahan Anda,KOMPETITOR,Bintang 5,PullmanJakartaIndonesiaThamrinCBD,positive,0.9953893423080444,Staff Conduct & Hospitality,Staff Conduct & Hospitality (1.00); Service Efficiency & Responsiveness (1.00); Service Quality (1.00)
Nik Ahmad Farid Nik Mohamed,2025,5,di sana sini restoran chairil sangat perhatian dan membantu sarapan menyebar sangat luas dan nilai untuk uang jamu minuman adalah hotel yang luar biasa menawarkan lokasi yang kuat tetapi kamar-kamar terlihat sedikit lelah dan tanggal pengalaman keseluruhan yang baik pesaing kuat untuk tinggal berulang,KOMPETITOR,Bintang 5,PullmanJakartaIndonesiaThamrinCBD,positive,0.9970023036003113,Food & Beverage,Food & Beverage (1.00); Facilities & Amenities (0.99); Guest Experience (0.99)
Kasi Ram,2025,5,Umpan balik untuk Hotel Pullman Jakarta Saya ingin memulai review saya dengan menghargai Bu yani manajer yang selalu ceria mendukung dan mengambil waktu setiap hari untuk terlibat dengan tamu kehadirannya benar-benar menetapkan nada positif untuk seluruh tim aset nyata Pullman adalah orang-orang dari bellboys untuk kantor depan tim semua orang rendah hati profesional dan benar-benar peduli tentang kenyamanan tamu Saya ingin mengambil seketika untuk secara tulus berterima kasih kepada semua anggota staf saya berinteraksi secara teratur dengan mba reta dan mba ella mereka sangat bijaksana dan perhatian saya sekali melewatkan waktu check-out saya dan,KOMPETITOR,Bintang 5,PullmanJakartaIndonesiaThamrinCBD,positive,0.9972701668739319,Guest Experience,Guest Experience (0.99); Staff Conduct & Hospitality (0.99); Family & Group Friendly (0.99)
Mochi,2025,5,Terima kasih kepada staf dari resepsi ke concierge khusus menyebutkan Pur dan Ilhan mereka ramah membantu dan mengundang kamar hotel juga baik tapi barang-barang seperti papan besut dan TV telah menunjukkan tanda-tanda usia,KOMPETITOR,Bintang 5,PullmanJakartaIndonesiaThamrinCBD,negative,0.9762790203094482,Facilities & Amenities,Facilities & Amenities (0.99); Staff Conduct & Hospitality (0.99); Guest Experience (0.98)
Nazwa Dhita,2025,5,atas nama Kitaoneus Asia kami ingin mengucapkan terima kasih yang tulus kepada Hotel Pullman Thamrin Indonesia karena telah mengatur perayaan perayaan dengan inklusi acara yang benar-benar berkesan yang membawa kebahagiaan kreativitas dan pemberdayaan kepada anak-anak dengan cacat intelektual tuna grahita dan gangguan pendengaran tuli kami menyaksikan langsung bagaimana penuh perhatian seluruh program diselenggarakan anak-anak memberikan pertunjukan luar biasa pantomime yang menyentuh oleh anak-anak dengan gangguan pendengaran dan tarian Bali yang memikat yang dilakukan oleh anak-anak dengan gangguan intelektual dan pendengaran kompetisi memasak adalah,KOMPETITOR,Bintang 5,PullmanJakartaIndonesiaThamrinCBD,positive,0.9972149133682251,Service Quality,Service Quality (0.90); Guest Experience (0.84); Family & Group Friendly (0.84)
Brutal & Honest Reviewer,2025,4,tekanan air yang lemah untuk mandi mendapatkan suhu yang tepat juga merupakan tantangan baik terlalu panas atau terlalu dingin klub lounge menawarkan berbagai makanan yang buruk hanya selama sarapan bahwa Anda mendapatkan menu untuk memilih Anda memasak untuk memesan hidangan utama namun sarapan ala carte makanan yang sangat baik lokasi yang besar tambah titik layanan tidak buruk juga,KOMPETITOR,Bintang 5,PullmanJakartaIndonesiaThamrinCBD,positive,0.9950706958770752,Service Quality,Service Quality (0.98); Facilities & Amenities (0.97); Guest Experience (0.92)
Adel Ali,2025,5,Saya memiliki tinggal yang luar biasa di Pullman thamrin cbd layanan luar biasa terutama dari staf concierge jonathan dan harry mereka sangat membantu sepanjang tinggal saya lokasi juga sangat nyaman hanya berjalan kaki dari plaza indonesia besar indonesia dan thamrin kota saya sangat merekomendasikan hotel ini dan pasti akan kembali terima kasih,KOMPETITOR,Bintang 5,PullmanJakartaIndonesiaThamrinCBD,positive,0.9990888833999634,Staff Conduct & Hospitality,Staff Conduct & Hospitality (1.00); Service Quality (1.00); Facilities & Amenities (0.99)
Andi Maulana,2025,5,Saya sering datang ke sini terutama untuk sarapan harga hanya tepat untuk berbagai hidangan dari Indonesia ke Jepang dan barat Anda juga dapat mengambil minuman saya juga sangat berterima kasih untuk layanan dari mas aap yang selalu memperhatikan dan cepat membantu dan sering merekomendasikan makanan dan minuman yang hebat untuk kita dia memberikan perhatian khusus kepada orang tua saya yang sudah tua yang benar-benar kami menghargai sekali lagi terima kasih sana sini restoran dan mas aap untuk layanan 6 bintang,KOMPETITOR,Bintang 5,PullmanJakartaIndonesiaThamrinCBD,positive,0.9990532994270325,Food & Beverage,Food & Beverage (0.99); Service Quality (0.99); Service Efficiency & Responsiveness (0.99)
Rizqa Shafira Ahnaf,2025,5,pertama kali menginap di sini karena suami saya ada pertemuan di sini dari grup bpdlh tgl 28 nov 1 okt jadi saya dan anak2 ikut nginep karena suami saya datang ke sini untuk pertemuan saya kebagian makan d resto 3x sehari ya karena dari grup cm kebanyakan setiap makan d resto saya bertiga saja sama anak2 balita dan bayi jadi mmg kadang agak rempong hehe sambil makan sambil nyuapin si kakak gendong adik dari sekian banyak staf resto saya mau mengucapkan terima kasih sekali untuk pak aap dan mbak martinah karena jujur tidak ada staf lain selain dia berdua yang peduli itu sama saya mgkn karena melihat saya kerepot,KOMPETITOR,Bintang 5,PullmanJakartaIndonesiaThamrinCBD,positive,0.9803528785705566,Family & Group Friendly,"Family & Group Friendly (0.74); Guest Experience (0.64); Loyalty, Recommendation & Appreciation (0.62)"
Argya Maheswari Desanda,2025,5,Saya sangat menikmati keberangkatan saya di sana sarapan luar biasa memiliki banyak pilihan dan staf berkualitas tinggi sangat ramah dan membantu terutama mas chairil satu hal perlu meningkatkan televisi ke yang pintar,KOMPETITOR,Bintang 5,PullmanJakartaIndonesiaThamrinCBD,positive,0.999171257019043,Facilities & Amenities,Facilities & Amenities (1.00); Staff Conduct & Hospitality (0.98); Service Quality (0.98)
Tevy Chawwa,2025,5,Pelayanannya sangat bagus sarapannya enak dan variatif dibantu kak chelsya juga yang ramah hanya saja memasang listrik di kamar membutuhkan lebih banyak terutama di dekat meja kerja,KOMPETITOR,Bintang 5,PullmanJakartaIndonesiaThamrinCBD,positive,0.9992963075637817,Service Quality,Service Quality (0.99); Guest Experience (0.99); Food & Beverage (0.97)
Wachid Muslimin,2025,4,Kami tinggal di sini beberapa kali secara keseluruhan itu tenang nyaman satu-satunya keluhan akan menjadi TV yang sangat tua dan ambiance lama masuk kamar terutama jika Anda tinggal masuk bangunan lama silahkan upgrade ini terutama TV karena penting bagi orang bisnis untuk dapat mencerminkannya dengan perangkat kami untuk bekerja,KOMPETITOR,Bintang 5,PullmanJakartaIndonesiaThamrinCBD,positive,0.9372060298919678,Facilities & Amenities,Facilities & Amenities (0.96); Guest Experience (0.81); Ambience & Design (0.79)
Sofi Mardiah,2025,5,pengalaman menginap yang sangat menyenangkan tim front desk yang sangat membantu dan ramah kami diberikan upgrade secara gratis untuk kenyamanan keluarga kamar yang sangat bersih dan wangi hingga pelayanan staf yang selalu ramah dan sigap membantu sarapan pagi paginya sangat lengkap dengan banyak pilihan menu lokal dan internasional yang lezat meskipun sudah banyak yang habis saat saya sarapan karena agak terlambat setelah ikut lomba dulu fasilitas hotel juga lengkap kolam renang dan gym baru terlihat bersih serta nyaman tidak sempat mencoba mungkin tinggal berikutnya lokasinya sangat strategis dekat dari pusat kota dan fasilitas transportasi publik kereta benar benar memberikan pengalaman menginap yang tak terlupakan dilakukan dengan baik kereta,KOMPETITOR,Bintang 5,PullmanJakartaIndonesiaThamrinCBD,positive,0.9992019534111023,Staff Conduct & Hospitality,Staff Conduct & Hospitality (1.00); Service Efficiency & Responsiveness (0.99); Facilities & Amenities (0.99)
Ahmad Syarifuddin Randiko,2025,4,Tempat tinggal yang layak dengan pilihan sarapan yang sangat baik mulai dari masakan Indonesia hingga kuliner barat Kamarnya kompak tapi memiliki fasilitas lengkap seperti besi dan bak mandi hanya catatan pada kebisingan pengasingan suara tidak terbaik Aku bisa mendengar kebisingan lalu lintas dan aktivitas masuk lorong di malam hari,KOMPETITOR,Bintang 5,PullmanJakartaIndonesiaThamrinCBD,positive,0.9989838004112244,Facilities & Amenities,Facilities & Amenities (1.00); Service Quality (0.80); Guest Experience (0.79)
Daniel Wong,2025,5,Pullman pengalaman benar-benar menangkap jantung Jakarta sebagai hotel bintang lima posisinya yang terletak di pusat tidak bisa mengalahkan menempatkan Anda tepat masuk tengah aksi secara harfiah dikelilingi oleh pusat perbelanjaan besar dan dengan mrt tepat di ambang pintu untuk perjalanan mudah di luar lokasi dua masuk rumah restoran adalah bintang memberikan pengalaman luar biasa masuk syarat pengaturan makanan dan layanan untuk nightcap sempurna pintu belakang menawarkan suasana halus dengan berbagai minuman dan wiski capping off besar tinggal resepsionis hotel secara konsisten sopan dan sopan membuat cek masuk dan cek,KOMPETITOR,Bintang 5,PullmanJakartaIndonesiaThamrinCBD,positive,0.999505877494812,Facilities & Amenities,Facilities & Amenities (0.99); Food & Beverage (0.97); Guest Experience (0.97)
Kitaoneus Asia,2025,5,pullman jakarta indonesia benar-benar mewujudkan inklusi dan keramahan tulus kami bergabung dengan musim perayaan acara inklusif pada 8 Desember 2025 dan pengalaman yang diberikan untuk anak-anak dengan cacat luar biasa tim pullman hangat perhatian dan memperlakukan anak-anak dengan hormat kebaikan dan belas kasihan terima kasih pullman jakarta indonesia untuk menciptakan ruang aman bahagia dan inklusif untuk anak-anak khusus ini kami berharap lebih banyak hotel akan mengikuti contoh pullman masuk mempromosikan kegiatan inklusif yang berarti,KOMPETITOR,Bintang 5,PullmanJakartaIndonesiaThamrinCBD,positive,0.9985413551330566,Guest Experience,Guest Experience (0.90); Staff Conduct & Hospitality (0.88); Family & Group Friendly (0.76)
Novia Bertie,2025,4,untuk bermain sudah baik secara keseluruhan hanya resepsionis lebih ditingkatkan lagi soalnya saya minta tolong tap kartu untuk mengangkat mba nya kurang ikhlas terlihatnya dan tidak ada senyumnya sama sekali seperti malas terlihatnya makanan enak2 saat rasanya ada pertandingan juga meskipun engga murni pertandingan banget hehe tapi terimakasih pelayanan dari mas aap saat sarapan dilayanin dengan baik puas pokoknya penuh semangat dengan pelayanan mas nya baik banget,KOMPETITOR,Bintang 5,PullmanJakartaIndonesiaThamrinCBD,positive,0.9980410933494568,Guest Experience,Guest Experience (0.98); Service Quality (0.98); Staff Conduct & Hospitality (0.95)
Alan Pires,2025,5,pullman thamrin adalah hotel berkualitas tinggi baik bulat yang melakukan banyak hal yang benar lokasi pusatnya mungkin aset terbesar membuatnya ideal untuk tamu yang ingin masuk di tengah jakarta action belanja bisnis wisata dengan waktu perjalanan minimal fasilitas kesehatan gym sauna uap menyelam kolam dingin panas melengkapi kekuatan sebagai lebih dari hanya tempat untuk beristirahat ini adalah hotel di mana Anda dapat menyeimbangkan produktivitas kenyamanan dan rileks jika ada ruang untuk perbaikan itu akan masuk upgrade beberapa kamar tua menara meningkatkan isolasi terutama untuk kebisingan jalan dan memastikan bahwa harapan tinggi,KOMPETITOR,Bintang 5,PullmanJakartaIndonesiaThamrinCBD,positive,0.9991500377655029,Facilities & Amenities,Facilities & Amenities (1.00); Guest Experience (0.99); Service Quality (0.98)
Yuli Lee,2025,1,td saat mau sarapan om saya pakai kaos celana pendek sandal hotel tapi tidak di per boleh kan untuk masuk sarapan katanya tidak boleh pakai celana pendek jadi dia naik lg ke atas untk ganti celana panjang begitu turun eh malah di suruh ganti sendal tidak boleh pakai sendal hotel begini pelayanan yang katanya hotel bintang 5 ngerjain org tua yang sudah mau 80 tahun naik turun kamar mau sarapan saja kok ribet yang mengesalkan ada org bule pakai kaos celana pendek sendal hotel tapi tidak di permasalahkan dia boleh masuk untuk sarapan knp om saya di perlakukan seperti itu namanya diskriminasi pada hal keluarga kita,KOMPETITOR,Bintang 5,PullmanJakartaIndonesiaThamrinCBD,negative,0.9993513226509094,Service Quality,Service Quality (0.96); Guest Experience (0.90); Facilities & Amenities (0.83)
Erik Eka Putra,2025,5,Pullman thamrin merupakan hotel yang nyaman dan strategis di pusat jakarta dekat dengan mal dan area perkantoran kamar bersih dan cukup luas dengan pemandangan kota yang indah sementara stafnya ramah dan profesional sarapan bervariasi dan berkualitas cocok untuk tamu bisnis maupun liburan namun suara dari jalan utama terkadang masih terdengar di beberapa kamar secara keseluruhan pengalaman menginap di sini menyenangkan dan layak direkomendasikan bagi siapa saja yang ingin menginap di jantung kota jakarta,KOMPETITOR,Bintang 5,PullmanJakartaIndonesiaThamrinCBD,positive,0.9995236396789551,Guest Experience,Guest Experience (0.98); Staff Conduct & Hospitality (0.97); Facilities & Amenities (0.95)
Sarah Hafidz,2025,4,Kami tinggal di pullman hanya untuk 1 malam memiliki tinggal yang baik dan santai di sini lokasi adalah baik di mana kita hanya bisa berjalan ke plaza indonesia dan grand indonesia dan jika Anda cukup petualang Anda bahkan dapat berjalan ke daerah thamrin pemandangan juga bagus saya telah diberitahu bahwa kami merayakan ulang tahun dan senang bahwa staf menggambar keinginan masuk kamar di cermin dan bahkan memberi kami kue bday bersama dengan lagu bday jadi teriakan besar keluar ke nazwa joss acha untuk pergi mil masuklyn membuat hari saya istimewa,KOMPETITOR,Bintang 5,PullmanJakartaIndonesiaThamrinCBD,positive,0.9958859086036682,Facilities & Amenities,Facilities & Amenities (0.99); Family & Group Friendly (0.99); Guest Experience (0.99)
woro bawono,2025,5,agar dipertahankan dan dijaga kualitas yang sudah baik kamar nyaman dan cukup untuk istirahat makanan sangat bervariatif dan enak enak saat sarapan dilayani oleh mbak lintang orangnya membantu dan responsif,KOMPETITOR,Bintang 5,PullmanJakartaIndonesiaThamrinCBD,positive,0.9992082715034485,Facilities & Amenities,"Facilities & Amenities (1.00); Cleanliness, Hygiene & Maintenance (0.99); Service Efficiency & Responsiveness (0.99)"
Mahdi Firdaus,2025,4,Kamar sangat bagus nyaman masuk kamar makan untuk pilihan masakan lokal sangat mahal maaf sangat baik sarapan staf yang baik perhatian lokasi yang sangat baik di depan plaza indo mall,KOMPETITOR,Bintang 5,PullmanJakartaIndonesiaThamrinCBD,positive,0.9983515739440918,Facilities & Amenities,Facilities & Amenities (0.99); Room Quality & Comfort (0.99); Guest Experience (0.99)
Leo L,2025,2,Kami tiba masuk jakarta untuk konser blackpink dan dijadwalkan untuk memeriksa masuk pukul 3 sore sayangnya tidak ada kamar yang tersedia jadi kami harus menunggu sampai jam 5 malam membuat kami terlambat untuk pertunjukan penundaan berasal dari perselisihan antara tim penata rumah dan resepsi resepsi melakukan yang terbaik untuk menyelesaikannya tetapi kebijakan standar jelas tamu harus memeriksa keluar pada pukul 12 malam untuk memungkinkan memeriksa masuk setelah jam 3 malam semua orang perlu menghormati aturan ini titik aneh lain setiap mobil memasuki hotel lapangan untuk mengambil tamu dikenakan biaya parkir bahkan untuk cepat drop off atau pic,KOMPETITOR,Bintang 5,PullmanJakartaIndonesiaThamrinCBD,negative,0.9333717823028564,Management & Policy Issues,Management & Policy Issues (0.95); Guest Experience (0.95); Check in/out Experience (0.94)
Andhika Abdul Azis,2025,5,pengalaman terkesan menginap di bus thamrin sarapan lengkap dan bervariasi dan enak yang lebih terkesan dengan pelayanan dengan setulus hati dari bagian porter pak pur membookkan taksi ke bandara karena penerbangan lebih awal terima kaseh bus thamrin saya akan kembali lagi awal tahun depan 2026,KOMPETITOR,Bintang 5,PullmanJakartaIndonesiaThamrinCBD,positive,0.9981916546821594,Service Quality,Service Quality (1.00); Service Efficiency & Responsiveness (1.00); Staff Conduct & Hospitality (1.00)
Difqi Aditya,2025,5,staycation disini untuk merayakan ulang tahun istri stafnya sangat membantu dan ramah menu pilihan sarapan cukup beragam dan paling suka dengan fasilitas yang cocok dan spa nya tidak pernah menyesal menginap di kelompok accor sampai bertemu lagi,KOMPETITOR,Bintang 5,PullmanJakartaIndonesiaThamrinCBD,positive,0.9993007183074951,Facilities & Amenities,Facilities & Amenities (1.00); Staff Conduct & Hospitality (0.99); Family & Group Friendly (0.99)
Yasim Abidin,2025,5,Itu adalah indah 2 hari kami memiliki di sini indah berbagai makanan untuk sarapan Natal periode sekarang indah dekorasi Hi Chairina Martina Danielle,KOMPETITOR,Bintang 5,PullmanJakartaIndonesiaThamrinCBD,positive,0.9970611929893494,Food & Beverage,Food & Beverage (0.99); Facilities & Amenities (0.97); Ambience & Design (0.94)
Isnawati Mohamad,2025,5,Pak Pur Bagian Porter membantu mengambil barang kami di 1257 dan membookkan taksi untuk penerbangan lebih awal ke Gorontalo pelayanan Pak Pur sangat memuaskan,KOMPETITOR,Bintang 5,PullmanJakartaIndonesiaThamrinCBD,positive,0.9950174689292908,Service Quality,Service Quality (1.00); Booking & Reservation Experience (1.00); Guest Experience (0.98)
Muhd Khairul Husni Abdul Rahman,2025,5,Kami suka daerah yang mudah berjalan dekat dengan kamar mall layanan yang luar biasa oleh staf luar biasa saya sarapan dengan keluarga makanan luar biasa baik aviva sangat ramah ketika kita bertanya beberapa pertanyaan akan kembali di sini lagi untuk kunjungan berikutnya terima kasih teman-teman teruskan pekerjaan yang baik,KOMPETITOR,Bintang 5,PullmanJakartaIndonesiaThamrinCBD,positive,0.9990482926368713,Facilities & Amenities,Facilities & Amenities (0.99); Service Quality (0.99); Guest Experience (0.99)
Azhari Habo,2025,5,Pelayanan dan fasilitas serta restoran hotel oke sekali mas riyan bellman juga melayani dengan baik sekali bahkan ketika saya sdg menikmati waktu teh beliau mengingatkan dan menginformasikan perihal kendaraan yang saya pesan di goldenbird pullman beberapa kali membantu dan ramah terima kasih pullman jakarya,KOMPETITOR,Bintang 5,PullmanJakartaIndonesiaThamrinCBD,positive,0.9984266757965088,Facilities & Amenities,Facilities & Amenities (1.00); Staff Conduct & Hospitality (0.99); Food & Beverage (0.98)
Agus Nugroho,2025,5,pengalaman berulang kali menginap di pullman thamrin saya dari bank indonesia sangat berkesan pelayanan yang diberikan di sini terutama pak pur bagian porter melayani setulus hati sarapan di sana sini restoran lengkap dan enak terima kasih pullman thamrin,KOMPETITOR,Bintang 5,PullmanJakartaIndonesiaThamrinCBD,positive,0.9990154504776001,Service Quality,Service Quality (1.00); Staff Conduct & Hospitality (1.00); Guest Experience (0.99)
Santi Rizka,2025,5,saya sangat puas dengan pengalaman menginap di pullman thamrin kamar yang saya tempati sangat nyaman bersih dan modern dengan desain elegan yang membuat istirahat terasa lebih tenang terdapat mandi sehingga anak2 semakin menyenangkan fasilitas hotel juga lengkap mulai dari gym kolam renang hingga lounge yang semuanya terawat dengan baik menu sarapan pagi luar biasa bervariasi dari pilihan lokal hingga internasional semua disajikan dengan rasa yang enak dan kualitas terbaik pelayanan staf juga dan profesional membuat pengalaman menginap semakin ramah sangat direkomendasikan untuk yang ingin menginap di pusat jakarta dengan kenyamanan kelas atas,KOMPETITOR,Bintang 5,PullmanJakartaIndonesiaThamrinCBD,positive,0.9993532299995422,Facilities & Amenities,"Facilities & Amenities (0.99); Cleanliness, Hygiene & Maintenance (0.99); Service Quality (0.98)"
Yayac Triharyadi,2025,5,hotel di pusat kota dan pemerintahan dekat mall besar thamrin kota sarapan lengkap dan bervariasi banyak terbantu oleh porter pak pur yang menjelaskan gasilitas,KOMPETITOR,Bintang 5,PullmanJakartaIndonesiaThamrinCBD,positive,0.9993320107460022,Facilities & Amenities,Facilities & Amenities (0.96); Guest Experience (0.94); Service Efficiency & Responsiveness (0.85)
Pratama Megawati,2025,2,Saat anak saya makan menanyakan minum ada dimana trus sama mba2 katanya nanti diantar ke meja ternyata sampai makanan hbs minum udara putih itu tidak kunjung datang anak saya sampai keselek jadi sebenarnya pelayanannya untuk minum bagaimana sop nya coba jelaskan,KOMPETITOR,Bintang 5,PullmanJakartaIndonesiaThamrinCBD,negative,0.9966172575950623,Guest Experience,Guest Experience (0.90); Service Quality (0.79); Food & Beverage (0.64)
M AlGhaith,2025,5,Tempat menginap yang luar biasa dan kamar yang sangat nyaman pemandangan luar biasa dari daerah bundaran dan pusat perbelanjaan sarapan besar buffet dengan pilihan yang sangat luas makanan sangat baik perawatan spa besar ruang eksekutif di lantai satu sangat merekomendasikan pullman thamrin jakarta,KOMPETITOR,Bintang 5,PullmanJakartaIndonesiaThamrinCBD,positive,0.9994956254959106,Facilities & Amenities,Facilities & Amenities (0.99); Room Quality & Comfort (0.98); Service Quality (0.91)
sutrisno ilham,2025,5,Dari kamar 458 semalem di bantu pak pur dan heru concierge untuk memesan golden bird buat checkout awal besok pagi dan bangun panggilan jam 4:30 pagi terima kasih atas pelayanan terbaik dari pullman thamrin,KOMPETITOR,Bintang 5,PullmanJakartaIndonesiaThamrinCBD,positive,0.9942054152488708,Service Quality,Service Quality (1.00); Check in/out Experience (0.99); Booking & Reservation Experience (0.99)
Mr. Fenki,2025,5,Jempol tambahan buat staf restoran mereka rico melayani tamu dengan sepenuh hati ramah hafal dengan baik yang sering dipesan tamunya,KOMPETITOR,Bintang 5,PullmanJakartaIndonesiaThamrinCBD,positive,0.9988897442817688,Staff Conduct & Hospitality,Staff Conduct & Hospitality (1.00); Service Quality (0.99); Guest Experience (0.99)
Metas P.,2025,5,Saya tinggal di pullman jakarta indonesia untuk perjalanan bisnis dan memiliki pengalaman yang hebat secara keseluruhan kamar-kamarnya luas bersih dan sangat nyaman menyediakan ruang santai setelah hari yang panjang layanan adalah perhatian dan profesional meskipun ada sedikit penundaan selama pemeriksaan masuk itulah sebabnya saya dinilai 4 bintang lokasi yang sangat baik benar masuk jantung kota membuatnya nyaman untuk kedua pertemuan dan makan keluar,KOMPETITOR,Bintang 5,PullmanJakartaIndonesiaThamrinCBD,positive,0.9986481070518494,Service Quality,Service Quality (1.00); Room Quality & Comfort (1.00); Facilities & Amenities (1.00)
Nashriq Aiman,2025,5,Para pegawai hotel sangat menyambut kami memiliki kejutan datang ke kamar kami Rona staf mengambil usaha ekstra untuk menghiasi kamar kami dengan seekor labu handuk dan lukisan dinding kustom mengucapkan selamat pada pernikahan kami kami merasa sangat dihargai dan disambut,KOMPETITOR,Bintang 5,PullmanJakartaIndonesiaThamrinCBD,positive,0.993831992149353,Facilities & Amenities,Facilities & Amenities (0.98); Guest Experience (0.97); Staff Conduct & Hospitality (0.95)
Yamin Waryana,2025,5,Pullman Jakarta Indonesia Thamrin CBD adalah hotel bintang lima yang terletak di Jalan M H Thamrin Jakarta merupakan salah satu dari empat hotel di sekitar selamat datang monumen dibuka masuk 1972 sebagai bagian dari kompleks Wisma Nusantara sebuah gedung pencakar langit yang pernah memegang rekor untuk bangunan tertinggi masuk Indonesia sampai 1983 awalnya dioperasikan oleh Nikko Hotels hotel ini telah dioperasikan oleh Accor di bawah merek Pullman sejak 2012 itu dimiliki oleh pt Wisma Nusantara International yang sebagian besar sahamnya dimiliki oleh perusahaan Singapura Guthrie Gts sejarah konstruksi,KOMPETITOR,Bintang 5,PullmanJakartaIndonesiaThamrinCBD,positive,0.6112427115440369,Service Quality,Service Quality (0.10); Sustainability & Environmental Quality (0.10); Cultural & Heritage Experience (0.09)
Peti Fatimah,2025,5,Bertemu dengan bi di pullman thamrin luar biasa dari pagi sampai larut malam tapi dengan keramahan yang di sajikan dari staf pullman membuat suasananya menjadi lebih baik terutama pak pur bagian porter melayani setulus hati terima kasih pullman thamrin,KOMPETITOR,Bintang 5,PullmanJakartaIndonesiaThamrinCBD,positive,0.9986383318901062,Staff Conduct & Hospitality,Staff Conduct & Hospitality (0.99); Guest Experience (0.99); Service Quality (0.99)
Wahyu Nurhalimah,2025,5,Jakarta malam perayaan bundaran hi depan hotel pullman thamrin saat cek masuk saya dibantu pak pur bagian porter pelayanan ramah dan membantu checkin menyenangkan,KOMPETITOR,Bintang 5,PullmanJakartaIndonesiaThamrinCBD,positive,0.9957940578460693,Staff Conduct & Hospitality,Staff Conduct & Hospitality (0.99); Guest Experience (0.98); Check in/out Experience (0.98)
Dea Putri,2025,5,hotel ini sangat nyaman kamar bersih dan fasilitasnya lengkap pelayanan staf juga ramah dan cepat terima kasih khusus untuk bapak pur yang selalu membantu dan membuat pengalaman menginap jadi lebih menyenangkan sangat dianjurkan,KOMPETITOR,Bintang 5,PullmanJakartaIndonesiaThamrinCBD,positive,0.9991570711135864,Facilities & Amenities,Facilities & Amenities (1.00); Staff Conduct & Hospitality (1.00); Service Efficiency & Responsiveness (0.99)
Ipank pank,2025,5,acara atr bpn di aurum hari ini sangat sibuk dengan materi yang mendalam pelayanan yang diberikan pak pur bagian porter terhadap kami sangat memuaskan dari mulai loading barang dan pesan taksi terima kasih pullman thamrin,KOMPETITOR,Bintang 5,PullmanJakartaIndonesiaThamrinCBD,positive,0.9971430897712708,Service Quality,Service Quality (1.00); Booking & Reservation Experience (1.00); Guest Experience (1.00)
eko purwanto,2025,1,Saya menginap semalam saat mau menyewa koper saya di pegangin sama petugas lobi pintu saat mau menyewa mobil saya karena saya tidak punya uang tunai jadi saya tidak memberikan tip gara gara tidak memberikan tip dia menyewa koper mobil saya di sengaja masuk bemper tubuh mobil belakang yang akhirnya saat saya cek ternyata mobil saya baret baret kecewa sih,KOMPETITOR,Bintang 5,PullmanJakartaIndonesiaThamrinCBD,negative,0.9993653893470764,Booking & Reservation Experience,Booking & Reservation Experience (0.82); Check in/out Experience (0.81); Guest Experience (0.79)
Hendi F,2025,5,lokasi sangat strategis dengan view bundaran hi yang ikonik kamar tidak terlalu luas tapi sudah ada bak mandi setiap kamar banyak pilihan menu sarapan dari jepang indonesia indonesia dan barat,KOMPETITOR,Bintang 5,PullmanJakartaIndonesiaThamrinCBD,positive,0.9992433786392212,Facilities & Amenities,"Facilities & Amenities (0.99); Food & Beverage (0.95); Cleanliness, Hygiene & Maintenance (0.94)"
Nurisma Sary,2025,5,makanannya enak dan lezat semua makanan rekomen wajib coba pelayanan terutama mas chairil baik dan ramah,KOMPETITOR,Bintang 5,PullmanJakartaIndonesiaThamrinCBD,positive,0.9990620017051697,Staff Conduct & Hospitality,Staff Conduct & Hospitality (0.99); Guest Experience (0.99); Service Quality (0.99)
Michael X,2025,2,sebuah lokasi bintang lima dengan tiga bintang kamar dan layanan tinggal di sini selama dua malam dengan sebuah kamar yang menghadap ke jendela jalan tidak memiliki suara tahan suara mendengar sepeda motor dan mobil balap sepanjang malam ruangan itu tua dengan dinding kamar mandi kaca dan colokan dinding dan saklar adalah dari tahun 1980-an saya asumsikan kekecewaan besar tinggal jauh jika Anda bisa,KOMPETITOR,Bintang 5,PullmanJakartaIndonesiaThamrinCBD,negative,0.9949780106544495,Facilities & Amenities,Facilities & Amenities (1.00); Service Quality (0.99); Guest Experience (0.99)
era septiani,2025,5,Saya menginap di sini 2 hari dan kamarnya luas bersih pelayanan ramah fasilitasnya oke saya suka fasilitas sauna disana pilihan menu sarapan sangat banyak rasa semua enak termasuk jamu saya memesan minuman tradisional disana rasanya enak sekali suka terimakasih,KOMPETITOR,Bintang 5,PullmanJakartaIndonesiaThamrinCBD,positive,0.9994156360626221,Facilities & Amenities,"Facilities & Amenities (0.99); Service Quality (0.99); Cleanliness, Hygiene & Maintenance (0.99)"
olyvia vanyuris,2025,5,untuk bagian concierge pak pur pak heru sangat membantu dalam pelayanan penitipan barang sehingga memudahkan saya sebagai pelanggan untuk pergi tanpa membawa barang2 sampai saya ingin memeriksa keluar dari hotel trims pak pur pak heru sukses slalu,KOMPETITOR,Bintang 5,PullmanJakartaIndonesiaThamrinCBD,positive,0.9958961009979248,Guest Experience,Guest Experience (0.91); Staff Conduct & Hospitality (0.90); Service Efficiency & Responsiveness (0.88)
Affendie Senin,2025,5,memiliki menginap yang luar biasa di pullman thamrin kamar telah direnovasi baru dan restoran buffet adalah salah satu yang terbaik masuk jakarta lokasi tepat di pusat kota jakarta dengan sebuah pusat perbelanjaan tepat di seberang hotel lalu lintas bisa sedikit padat kadang-kadang tapi itu normal masuk jakarta dihadiri oleh nicole di resepsi dan dia sangat ramah terlibat dan super membantu hotel besar untuk tinggal masuk jakarta,KOMPETITOR,Bintang 5,PullmanJakartaIndonesiaThamrinCBD,positive,0.9992327690124512,Staff Conduct & Hospitality,Staff Conduct & Hospitality (0.97); Guest Experience (0.97); Food & Beverage (0.96)
Ronitua Oni,2025,1,Blue Bird menjemput tidak diinformasikan gratis dan harus menempel karcis masuk sehingga bayar karena pengemudi nya ngga punya e uang ada saldo jadi tau gratis tolong hotel pulman nya sosialisasi atau taruh pengumuman mata-mata pengemudi blue bird nya bisa tau terima kasih ya,KOMPETITOR,Bintang 5,PullmanJakartaIndonesiaThamrinCBD,neutral,0.9399352073669434,Pricing & Value for Money,Pricing & Value for Money (0.73); Check in/out Experience (0.72); Guest Experience (0.66)
Shilvia Amelia,2025,5,stafnya sangat ramah dan membantu terutama mas chairil pelayanannya sangat bagus kamarnya juga bersih dan nyaman sarapan lezat dan lokasinya strategis,KOMPETITOR,Bintang 5,PullmanJakartaIndonesiaThamrinCBD,positive,0.9994102716445923,Facilities & Amenities,"Facilities & Amenities (1.00); Food & Beverage (1.00); Cleanliness, Hygiene & Maintenance (1.00)"
Ismi Tsani,2025,5,layanannya sangat bagus terutana pak pur porter dan pak nanang keamanan yang sudah sangat membantu membantu mencarikan jam tangan saya yang hilang terima kasih,KOMPETITOR,Bintang 5,PullmanJakartaIndonesiaThamrinCBD,positive,0.9971390962600708,Service Quality,Service Quality (1.00); Guest Experience (1.00); Staff Conduct & Hospitality (1.00)
Robert Rambla,2025,3,masuk strategis terletak di jantung jakarta namun properti membutuhkan beberapa pemeliharaan saya mendapat rusak meja kursi handuk tidak sepenuhnya mengisi beberapa kebijakan aneh masuk kafe macaroon bahwa Anda tidak dapat memindahkan sofa ketika saya ingin menjadi tuan rumah kelompok empat wanita itu kuat opini dan tidak mempertimbangkan bahwa saya tidak bisa memindahkan satu sofa dan hanya merekomendasikan kursi tinggi ibu saya 82 yo bagaimana dia bisa duduk di kursi tinggi saya tidak akan kembali ke pullman mh thamrin tidak terlalu terkesan dengan layanan dan kualitas properti,KOMPETITOR,Bintang 5,PullmanJakartaIndonesiaThamrinCBD,negative,0.9885263442993164,Facilities & Amenities,Facilities & Amenities (0.97); Guest Experience (0.89); Management & Policy Issues (0.79)
Sutar Ridwani Abdullah,2025,5,Sejarah diwali disini bertemunya kami dengan saudara terbaik dari jiran persahabatan tulusdan kerjasama profesional yang saling menguntungkan,KOMPETITOR,Bintang 5,PullmanJakartaIndonesiaThamrinCBD,positive,0.9674016833305359,"Loyalty, Recommendation & Appreciation","Loyalty, Recommendation & Appreciation (1.00); Guest Experience (1.00); Cultural & Heritage Experience (1.00)"
Yulnita Sapri,2025,5,Sarapa enak kamar nya nyaman pak pur sebagai bell boy dan pa heru di concierge sangat sangat membantu ramah terima kasih banyak pa pur,KOMPETITOR,Bintang 5,PullmanJakartaIndonesiaThamrinCBD,positive,0.9991649389266968,Staff Conduct & Hospitality,Staff Conduct & Hospitality (1.00); Room Quality & Comfort (0.99); Facilities & Amenities (0.99)
Mike Tambengi,2025,5,Saya bertemu di Le Chocolat Lounge Pullman Hotel pesan Hi Teh apel galette dan cokelat kayu manis nya sesuai rekomendasi Mba Florence semuanya enak pelayanan nya juga sangat baik dan ramah terima kasih,KOMPETITOR,Bintang 5,PullmanJakartaIndonesiaThamrinCBD,positive,0.9994213581085205,Food & Beverage,Food & Beverage (0.99); Service Quality (0.99); Staff Conduct & Hospitality (0.99)
BK Tan,2025,4,Lokasi sangat strategis untuk pusat perbelanjaan staf sangat ramah khusus berkat chairil dan martina mereka menyesuaikan minuman cokelat gelap bebas gula untuk ibuku,KOMPETITOR,Bintang 5,PullmanJakartaIndonesiaThamrinCBD,positive,0.9983805418014526,Facilities & Amenities,Facilities & Amenities (1.00); Staff Conduct & Hospitality (1.00); Family & Group Friendly (0.99)
Viska,2025,5,hotel bintang 5 ternyaman di jakarta lokasinya sangat mudah dijangkau karena di pusat kota ada halte transjakarta dan juga stasiun mrt pelayanannya ramah dan sigap karena stafnya banyak mushola cukup luas bisa untuk 5 orang laki laki dan perempuan terpisah,KOMPETITOR,Bintang 5,PullmanJakartaIndonesiaThamrinCBD,positive,0.9995367527008057,Service Efficiency & Responsiveness,Service Efficiency & Responsiveness (0.99); Facilities & Amenities (0.99); Family & Group Friendly (0.99)
W Rustyawan,2025,5,makanannya enak dan sangat bervariasi tempatnya nyaman banget aksesnya mudah kemana mana mana hanya jika menggunakan kendaraan pribadi harus tahu jalur karena ganjil genap,KOMPETITOR,Bintang 5,PullmanJakartaIndonesiaThamrinCBD,positive,0.9995403289794922,Facilities & Amenities,"Facilities & Amenities (1.00); Room Quality & Comfort (0.89); Location, Accessibility & Parking (0.89)"
Christian Tirto,2025,5,Saya berkesempatan untuk mengadakan acara di pullman thamrin ini respon yang luar biasa dari tim sangat menyambut dan bisa diajak berdiskusi mulai dari staf keamanan sampai ke tim marcomm dan gm juga menyempatkan waktu untuk bertukar pikiran di sela sela jadwal pertemuan yang padat semoga ke depan dapat bekerja sama kembali oh juga sarapan adalah hebat,KOMPETITOR,Bintang 5,PullmanJakartaIndonesiaThamrinCBD,positive,0.995992124080658,Guest Experience,Guest Experience (1.00); Family & Group Friendly (0.99); Safety & Security (0.97)
Alexis Nicole Sacha,2025,5,check masuk proses yang mulus dan cepat staf ramah adalah di mana-mana area sarapan cukup besar dan dengan banyak variasi Anda juga dapat mengambil kopi dari area sarapan stasiun transportasi umum hanya berjalan kaki,KOMPETITOR,Bintang 5,PullmanJakartaIndonesiaThamrinCBD,positive,0.9980873465538025,Service Efficiency & Responsiveness,Service Efficiency & Responsiveness (1.00); Facilities & Amenities (1.00); Food & Beverage (1.00)
Salsa Hurul,2025,5,Pelayanan totalitas terutama ketika sarapan oleh mas chairil fasilitas memuaskan lokasi strategis makanannya enak,KOMPETITOR,Bintang 5,PullmanJakartaIndonesiaThamrinCBD,positive,0.9994930028915405,Guest Experience,Guest Experience (1.00); Service Quality (1.00); Facilities & Amenities (0.99)
DMUSE MAGZ,2025,3,3 bintang saya biasanya memiliki pengalaman yang sangat baik di pullman jakarta terutama di ruang tamu di mana bos saya yang sering bepergian dari india untuk bisnis dan saya sering bekerja selama tinggalnya staf ruang tamu selalu ramah profesional dan akomodasi namun pada bulan september enam saya memiliki pertemuan yang tidak menyenangkan dengan satu anggota staf ms victoria fina malam itu saya bekerja sendirian masuk ruang tamu ketika dia mendekati saya masuk dengan cara yang agak keras meminta nomor kamar saya dan kemudian bertanya apakah bos saya akan bergabung ketika saya menjawab bahwa dia sedang beristirahat dia mengatakan maaf itu hanya untuk satu,KOMPETITOR,Bintang 5,PullmanJakartaIndonesiaThamrinCBD,negative,0.8554682731628418,Staff Conduct & Hospitality,Staff Conduct & Hospitality (0.84); Facilities & Amenities (0.65); Service Quality (0.60)
Novita Indah (-),2025,5,staycation di busman jakarta jadi pengalaman yang menyenangkan buat aku lokasinya strategis sangat dekat dengan mall pusat keramaian tempat makan dan bisa sekalian cfd di di di hari minggu pagi waktu pertama kali nginap di sini aku bisa upgrade ke kamar dengan city view memang harus menunggu lama sih buat check masuk tapi begitu lihat pemandangan malam dari atas terutama daerah hi semuanya terbayar layak menunggu sarapan di sini juga juara pilihannya banyak dan rasanya enak enak tidak berlebihan jika dikatakan salah satu hotel dengan sarapan terbaik yang pernah aku coba,KOMPETITOR,Bintang 5,PullmanJakartaIndonesiaThamrinCBD,positive,0.9992467164993286,Check in/out Experience,Check in/out Experience (0.92); Pricing & Value for Money (0.87); Guest Experience (0.79)
annisa azka nabilah,2025,1,Pengalaman terburuk tinggal di pullman tidak ramah cek masuk staf dan kita harus menunggu 1 jam setengah hanya untuk mendapatkan kamar kita 1 5 jam dan kita memiliki yo menunggu dengan anak kecil kami terima kasih mbak fathia yang membantu kita untuk mendapatkan kamar kita setelah 15 jam menunggu tanpa konfirmasi musim puncak karena itu adalah akhir pekan yang panjang adalah alasan yang saya tidak bisa menerima karena seharusnya siap dan diantisipasi untuk rantai hotel bintang 5 dan ada kecelakaan lain pada sarapan oleh sana sini resto jadi saya duduk di kursi untuk menu 4 orang saya saya sefangapi saya anak saya dan menunggu suami saya yang,KOMPETITOR,Bintang 5,PullmanJakartaIndonesiaThamrinCBD,negative,0.9990873336791992,Check in/out Experience,Check in/out Experience (0.79); Guest Experience (0.78); Service Quality (0.57)
Istiqomah Wulandari,2025,5,memiliki tinggal yang hebat di sini kamar bersih dan nyaman dan makanan yang mengejutkan lezat Terima kasih khusus untuk mas chairil untuk pelayanan yang ramah dan perhatian yang membuat pengalaman bahkan lebih baik,KOMPETITOR,Bintang 5,PullmanJakartaIndonesiaThamrinCBD,positive,0.997681736946106,Staff Conduct & Hospitality,Staff Conduct & Hospitality (1.00); Guest Experience (1.00); Facilities & Amenities (1.00)
Watini Indryani,2025,5,Pelayan oke apalagi dengan petugas pak pur ramah dan siap membantu untuk kamar rasanya terlalu kecil dengan harga yang lumayan,KOMPETITOR,Bintang 5,PullmanJakartaIndonesiaThamrinCBD,positive,0.9860351085662842,Service Quality,Service Quality (1.00); Guest Experience (1.00); Staff Conduct & Hospitality (1.00)
Ela Anggraeni,2025,5,Pelayanan yang ramah serta sigap membantu tamu dalam acara kiat anak di ruang dansa hotel terima kasih pak pur dan ibu acha atas pelayanannya,KOMPETITOR,Bintang 5,PullmanJakartaIndonesiaThamrinCBD,positive,0.9950042366981506,Staff Conduct & Hospitality,Staff Conduct & Hospitality (1.00); Service Efficiency & Responsiveness (1.00); Service Quality (1.00)
Z,2025,1,Kamarnya begitu tua udara membuat suara Anda bisa mendengar segalanya masuk lorong sauna rusak besi masuk kamar rusak soket listrik begitu tidak stabil itu hampir keluar rasanya seperti hotel tiga bintang untuk saya tidak akan pernah tinggal di sini lagi,KOMPETITOR,Bintang 5,PullmanJakartaIndonesiaThamrinCBD,negative,0.9970458149909973,Facilities & Amenities,Facilities & Amenities (0.99); Guest Experience (0.96); Service Quality (0.88)
Kaeel,2025,3,lagi duduk menunggu teman di lt 2 dan tidak bisa dibolehin sama petugas nya dengan alasan mau fogging serius jam operasional mau fogging jika tidak bisa tinggal info tidak bisa,KOMPETITOR,Bintang 5,PullmanJakartaIndonesiaThamrinCBD,negative,0.9913707971572876,Guest Experience,Guest Experience (0.87); Check in/out Experience (0.58); Management & Policy Issues (0.50)
Ayu Putri,2025,1,Staff hotelnya jutek dan tidak ada valley vip parkir juga penuh dan tidak mencari solusi parkir oleh petugas 1 10 pengalaman masih banyak hotel lain yang staffnya lebih ramah,KOMPETITOR,Bintang 5,PullmanJakartaIndonesiaThamrinCBD,negative,0.9977208971977234,"Location, Accessibility & Parking","Location, Accessibility & Parking (0.80); Service Quality (0.57); Guest Experience (0.54)"
Shinta Claudia,2025,5,Puter dari dulu pelayanannya selalu bintang 5 jika ada 10 kasih 10 apalagi pelayanan restonya beuhh mas aap bestt,KOMPETITOR,Bintang 5,PullmanJakartaIndonesiaThamrinCBD,positive,0.9993263483047485,Service Quality,Service Quality (0.99); Guest Experience (0.80); Staff Conduct & Hospitality (0.72)
Mipan Zuzuzu,2025,5,ikut promo shopaholic staycation dapat voucher map rp200ribu waktu check masuk seharusnya jam 15 00 tapi jam 14 00 sudah bisa check masuk dan dapat free upgrade kamar request ucapan ulang tahun dibuatkan ucapan di cermin kamar dan diberi kue gratis dari lobby hotel tinggal jalan kaki menyebrang ke plaza indonesia ada menu bantal jadi saya bisa pinjam bantal menu maternity pillow sarapan sangat variatif saya sarapan sekitar jam 06 00 pagi koki terlihat sibuk belum ada di tempat masak jadi menunggu dulu saat mau meminta mie kuah parkir gratis karena menginap di hotel kondisi gym terlihat dan kolam renang baik meskipun tidak saya,KOMPETITOR,Bintang 5,PullmanJakartaIndonesiaThamrinCBD,positive,0.9983831644058228,Facilities & Amenities,Facilities & Amenities (0.57); Check in/out Experience (0.55); Service Efficiency & Responsiveness (0.53)
naura syifa,2025,5,pelayanan hotel baik dan ramah khususnya mas chairil yang membantu dengan sigap dan profesional saat sarapan,KOMPETITOR,Bintang 5,PullmanJakartaIndonesiaThamrinCBD,positive,0.9989615678787231,Staff Conduct & Hospitality,Staff Conduct & Hospitality (1.00); Service Quality (1.00); Service Efficiency & Responsiveness (1.00)
Bonardo Bonardo,2025,4,Beberapa detail dan bagian di kamar membutuhkan banyak renovasi dan pergantian kursi karpet bahkan di kamar saya ada beberapa bolong di tempat tidur penutup TV juga sangat jadul yang masih model lcd sehingga layar kurang jernih dan tajam oh ya kamar mandi juga membutuhkan banyak perbaikan terima kasih,KOMPETITOR,Bintang 5,PullmanJakartaIndonesiaThamrinCBD,negative,0.9814829230308533,Facilities & Amenities,"Facilities & Amenities (0.92); Cleanliness, Hygiene & Maintenance (0.63); Ambience & Design (0.33)"
Nurull Hanifah,2025,5,hotel dengan pelayanan terbaik di pusat kota saya di bantu bagian porter pur dengan ramah dan sangat baik,KOMPETITOR,Bintang 5,PullmanJakartaIndonesiaThamrinCBD,positive,0.9991010427474976,Service Quality,Service Quality (1.00); Staff Conduct & Hospitality (0.99); Service Efficiency & Responsiveness (0.99)
dinda fitria,2025,4,senang tinggal di sini staf ramah semua makanan adalah lezat tapi satu-satunya kelemahan adalah bahwa furnitur hotel terlalu tua begitu saya tiba masuk lorong ke kamar bau lelah di karpet sangat terlihat masuk kamar saya menempati air panas untuk mandi tidak segera panas harus menunggu 20 menit untuk air panas untuk datang dan pencahayaan masuk kamar sangat miskin untuk harga ini hotel harus memperbarui semua furnitur kamar dan memeriksa semua masuk kamar apakah itu cocok atau tidak untuk ditempati,KOMPETITOR,Bintang 5,PullmanJakartaIndonesiaThamrinCBD,negative,0.9966358542442322,Facilities & Amenities,Facilities & Amenities (0.89); Service Quality (0.88); Pricing & Value for Money (0.87)
Vita Sweet,2025,5,hotelnya bagus sarapan nya lengkap dan enak stafnya ramah sangat membantu balkmen pak pur untuk perbantuan dari penitipan bag golf,KOMPETITOR,Bintang 5,PullmanJakartaIndonesiaThamrinCBD,positive,0.9993845224380493,Facilities & Amenities,Facilities & Amenities (1.00); Food & Beverage (0.99); Staff Conduct & Hospitality (0.99)
Iswanti iswanti,2025,5,Hotel bangunan tua tapi nyaman menu tenang sarapan nya banyak varian nya enak semua makanannya,KOMPETITOR,Bintang 5,PullmanJakartaIndonesiaThamrinCBD,positive,0.9992583394050598,Facilities & Amenities,Facilities & Amenities (0.97); Ambience & Design (0.94); Room Quality & Comfort (0.80)
Dhini Yudo Anggoro,2025,1,Proses pemesanan saja tidak nyaman oleh mr bimo sangat berbeda dengan hotel accor grup lain saya anggota accoe tambah yang biasanya selalu puas dengan keramahan hotel accor terlalu mahal untuk yang di cbd thamrin jauh lebih baik mandarin oriental atau kempinski pengalaman terburuk pernah,KOMPETITOR,Bintang 5,PullmanJakartaIndonesiaThamrinCBD,negative,0.9971433281898499,Booking & Reservation Experience,Booking & Reservation Experience (0.97); Guest Experience (0.95); Check in/out Experience (0.87)
Nur Aziemah Azman,2025,5,Bapak Pur melakukan pekerjaan yang bagus membantu kami dengan bagasi kami teruskan pekerjaan yang baik pak,KOMPETITOR,Bintang 5,PullmanJakartaIndonesiaThamrinCBD,positive,0.9971672892570496,Service Quality,Service Quality (0.98); Service Efficiency & Responsiveness (0.80); Guest Experience (0.79)
Mohamad shwany,2025,5,Pak Pur masuk pullman hotel adalah staf yang sempurna dan dia profesional dia baik dan melayani tamu sangat baik,KOMPETITOR,Bintang 5,PullmanJakartaIndonesiaThamrinCBD,positive,0.9987872242927551,Service Quality,Service Quality (1.00); Staff Conduct & Hospitality (1.00); Guest Experience (0.99)
Nyoman Erwinawati,2025,5,Aku menghadiri sebuah acara di Una Bar. Makanan yang bagus di sana dan layanan yang baik.,KOMPETITOR,Bintang 5,PullmanJakartaIndonesiaThamrinCBD,positive,0.9970890879631042,Food & Beverage,Food & Beverage (1.00); Service Quality (1.00); Guest Experience (1.00)
Vici Wicaksono,2025,5,Terima kasih tim keamanan sangat membantu acara berjalan lancar di ballroom satu lagi terima kasih Pak Cahyo dan Endry,KOMPETITOR,Bintang 5,PullmanJakartaIndonesiaThamrinCBD,positive,0.997129499912262,Safety & Security,Safety & Security (0.98); Guest Experience (0.58); Check in/out Experience (0.52)
Dionne,2025,5,kamar yang nyaman dan tidur yang sangat baik lokasi yang bagus dan akan tinggal lagi,KOMPETITOR,Bintang 5,PullmanJakartaIndonesiaThamrinCBD,positive,0.9983522891998291,Room Quality & Comfort,Room Quality & Comfort (1.00); Facilities & Amenities (1.00); Guest Experience (0.99)
fazli rusdi,2025,1,cuman nganter drop off saja harus bayar parkir mana wajib pakai emony apesnya saldo emony abis g terima uang tunai,KOMPETITOR,Bintang 5,PullmanJakartaIndonesiaThamrinCBD,negative,0.9956609606742859,"Location, Accessibility & Parking","Location, Accessibility & Parking (0.74); Pricing & Value for Money (0.70); Management & Policy Issues (0.50)"
Indry Prilia,2025,5,Layanan sangat baik berbagai sarapan dari masakan Indonesia Cina Jepang ke barat super enak lokasi utama dekat kantor pusat perbelanjaan area,KOMPETITOR,Bintang 5,PullmanJakartaIndonesiaThamrinCBD,positive,0.9991790652275085,Service Quality,Service Quality (1.00); Food & Beverage (0.99); Facilities & Amenities (0.97)
Sakib Ahmed,2025,5,layanan yang sangat baik sarapan yang luar biasa lokasi yang cemerlang dan tempat yang bersih,KOMPETITOR,Bintang 5,PullmanJakartaIndonesiaThamrinCBD,positive,0.996401309967041,Service Quality,"Service Quality (1.00); Cleanliness, Hygiene & Maintenance (1.00); Facilities & Amenities (1.00)"
Tobias Naraya Lesmana,2025,5,Menikmati tempat hotel keren ramah menyambut kamar dibersihkan sarapan adalah api baik ya aku suka itu p s jacuzzi dan air dingin hal-hal yang baik,KOMPETITOR,Bintang 5,PullmanJakartaIndonesiaThamrinCBD,positive,0.9985412359237671,Facilities & Amenities,"Facilities & Amenities (1.00); Service Quality (1.00); Cleanliness, Hygiene & Maintenance (1.00)"
Albert Stiekel,2025,5,Jum'at sarapan setiap kali sangat baik baik personell dan banyak pilihan masuk makanan,KOMPETITOR,Bintang 5,PullmanJakartaIndonesiaThamrinCBD,positive,0.995705783367157,Service Quality,Service Quality (1.00); Food & Beverage (0.98); Facilities & Amenities (0.95)
SulastriWulandari Sulpari,2025,5,Lokasi yang baik layanan yang baik fira salah satu staf terbaik yang membantu saya selalu memberi saya suara bahagia suaranya bahagia membuat saya bahagia terima kasih juga ricci dari fo yang masih ingat saya membantu saya dengan cek keluar akhirnya terima kasih untuk dendi dari masuk ruang makan yang mengirim makanan ke kamar saya selama 2 hari,KOMPETITOR,Bintang 5,PullmanJakartaIndonesiaThamrinCBD,positive,0.9976503252983093,Service Quality,Service Quality (1.00); Guest Experience (1.00); Check in/out Experience (0.99)
R C,2025,4,Pur bekerja di Bellhop luar biasa sangat membantu dan sangat baik untuk berbicara untuk mengucapkan terima kasih banyak Pur,KOMPETITOR,Bintang 5,PullmanJakartaIndonesiaThamrinCBD,positive,0.988231360912323,Service Quality,"Service Quality (0.83); Loyalty, Recommendation & Appreciation (0.79); Service Efficiency & Responsiveness (0.78)"
Rahayu Ramadhani,2025,5,pertama kali menginap di kereta yang lokasinya persis di seberang plaza indonesia untuk kamar menurut saya tidak terlalu luas di kamar mandi terdapat bathub dan disediakan pula alat setrika pakaian saya suka sekali konsep sarapan disini bahkan di meja telah disediakan denah terkait food stall yang disediakan mulain dari makanan indonesia cina hingga makanan tradisional sayangnya jepang disini belum tersedia anak-anak klub dan menurut informasi dari petugas hotel di bulan juni ini akan meluncurkan semoga bisa kembali ke sini lagi,KOMPETITOR,Bintang 5,PullmanJakartaIndonesiaThamrinCBD,positive,0.9985301494598389,Facilities & Amenities,Facilities & Amenities (0.98); Guest Experience (0.79); Cultural & Heritage Experience (0.79)
Boy Tasslim,2025,5,lokasi strategis hotel nya nyaman pelayanan terbaik,KOMPETITOR,Bintang 5,PullmanJakartaIndonesiaThamrinCBD,positive,0.9993614554405212,Service Quality,Service Quality (1.00); Guest Experience (0.95); Facilities & Amenities (0.95)
Elisabeth Damanti,2025,5,Kami memiliki akhir pekan yang menyenangkan tinggal masuk lokasi hotel ini sangat baik sarapan adalah lezat terima kasih untuk layanan yang hebat,KOMPETITOR,Bintang 5,PullmanJakartaIndonesiaThamrinCBD,positive,0.9986695051193237,Service Quality,Service Quality (1.00); Food & Beverage (0.99); Guest Experience (0.99)
Normila Rahmi,2025,5,porter pak pur sangat membantu kami layanan dari hati melayani kami dengan sangat baik dan setulus hati terima kasih pullman thamrin,KOMPETITOR,Bintang 5,PullmanJakartaIndonesiaThamrinCBD,positive,0.9986044764518738,Service Quality,"Service Quality (0.99); Guest Experience (0.98); Loyalty, Recommendation & Appreciation (0.93)"
Amadea Pranastiti,2025,5,Suka sama toilet di hotel bintang ini luas wangi remang tapi tetap terasa terang lokasinya strategis di tengah kota dekat dengan beberapa area wisata dan transportasi umum seperti mrt dan trans jakarta bus beberapa kali ikut bertemu di hotel ini dan suka sama makan siang nya di restoran sana sini jangan pernah melewatkan dimsum dan salad,KOMPETITOR,Bintang 5,PullmanJakartaIndonesiaThamrinCBD,positive,0.9994751811027527,Food & Beverage,"Food & Beverage (0.94); Cleanliness, Hygiene & Maintenance (0.92); Facilities & Amenities (0.90)"
Fatimah Anugrah,2025,5,makanannya enak pelayanannya baik dan ramah dan membantu ketua pelayan baik,KOMPETITOR,Bintang 5,PullmanJakartaIndonesiaThamrinCBD,positive,0.9989792704582214,Service Quality,Service Quality (1.00); Staff Conduct & Hospitality (0.99); Guest Experience (0.99)
Nur Irfani,2025,5,tinggal baik dan bapak pur sangat membantu dengan bagasi kami pak agus juga membawa kita ke tujuan kami efisien,KOMPETITOR,Bintang 5,PullmanJakartaIndonesiaThamrinCBD,positive,0.9943749904632568,Guest Experience,Guest Experience (0.99); Service Quality (0.99); Service Efficiency & Responsiveness (0.98)
Radja Sitanggang,2025,5,staycation satu malam di hotel pullman jakarta thamrin memang pilihan sempurna selain lokasinya yang berada di jantung kota hotel ini menawarkan aksesibilitas yang luar biasa ke berbagai tempat penting hanya 2 menit berjalan kaki dari halte transjakarta bundaran hi dan stasiun mrt bundaran hi kamarnya sangat nyaman dan dilengkapi dengan fasilitas lengkap fasilitas gym spa dan kolam renang juga tersedia untuk lokasinya yang dekat dengan pusat perbelanjaan seperti plaza indonesia sarinah dan grand indonesia membuat belanja menjadi lebih mudah serta berjalan kaki 50 meter ke ikon kota jakarta monumen selamat saya sangat puas dengan pelayanan dan pengalaman menginap di hotel,KOMPETITOR,Bintang 5,PullmanJakartaIndonesiaThamrinCBD,positive,0.99935382604599,Facilities & Amenities,Facilities & Amenities (1.00); Room Quality & Comfort (0.96); Service Efficiency & Responsiveness (0.91)
Ratu Sofie,2025,4,Sejauh ini sangat baik tinggal di sini tapi tolong staf di resto lebih ramah lg saat bfast mukanya kecut banget,KOMPETITOR,Bintang 5,PullmanJakartaIndonesiaThamrinCBD,positive,0.5459282994270325,Guest Experience,Guest Experience (0.98); Service Quality (0.98); Check in/out Experience (0.95)
Leo-Nard Anelka,2025,5,Terimaksih pak endry acara kamidi ballroom berjalan lancar vip pak mentri masuk lancar dan parkir khusus,KOMPETITOR,Bintang 5,PullmanJakartaIndonesiaThamrinCBD,positive,0.9893229603767395,"Location, Accessibility & Parking","Location, Accessibility & Parking (0.99); Personalized & Special Services (0.94); Service Quality (0.92)"
mahardika bondan,2025,5,Pelayanan selama sarapan bagus terima kasih untuk mas chairil sudah dibantu,KOMPETITOR,Bintang 5,PullmanJakartaIndonesiaThamrinCBD,positive,0.9986159801483154,Service Quality,Service Quality (0.99); Guest Experience (0.99); Food & Beverage (0.97)
Imanuel Karubaba,2025,5,bertemu bank indonesia di pullman thamrin staf nya membantu terutama pak rizky dan pak pur bellman yang membantu kai terima kasih berikutnya akan bwa keluarga tinggal disini,KOMPETITOR,Bintang 5,PullmanJakartaIndonesiaThamrinCBD,positive,0.994030237197876,Guest Experience,Guest Experience (0.93); Check in/out Experience (0.89); Service Quality (0.86)
uko zazario,2025,4,Terimakasih untuk keamanan loading berjalan lancar dan ramah terima kasih buat pak cahyo,KOMPETITOR,Bintang 5,PullmanJakartaIndonesiaThamrinCBD,positive,0.9975710511207581,Safety & Security,Safety & Security (0.99); Staff Conduct & Hospitality (0.94); Service Efficiency & Responsiveness (0.86)
Amanda Ayu ningtias,2025,5,Pak Pur Bellman sangat membantu dan ramah mengenai barang yang ada di kamar 1461,KOMPETITOR,Bintang 5,PullmanJakartaIndonesiaThamrinCBD,positive,0.9934293627738953,Guest Experience,Guest Experience (0.96); Staff Conduct & Hospitality (0.95); Facilities & Amenities (0.95)
Dwi Sumartini,2025,5,Nice n puas hari kakao indonesia thk p pur 620 kamar,KOMPETITOR,Bintang 5,PullmanJakartaIndonesiaThamrinCBD,positive,0.9921951293945312,Guest Experience,Guest Experience (0.89); Room Quality & Comfort (0.88); Facilities & Amenities (0.85)
Elta Woodham,2025,5,Ini adalah kali kedua kami tinggal di pullman jakarta dan itu adalah 10 10 layanan selalu spot di tempat tidur sangat nyaman dan makanan masuk sana sini restoran luar biasa terima kasih untuk menginap fabulous lainnya,KOMPETITOR,Bintang 5,PullmanJakartaIndonesiaThamrinCBD,positive,0.9985215067863464,Facilities & Amenities,Facilities & Amenities (1.00); Service Quality (0.99); Guest Experience (0.99)
Renny Muzahar,2025,5,Pelayanan bagus pakai baget kita di bantu foto sama pak pur trims pak pur,KOMPETITOR,Bintang 5,PullmanJakartaIndonesiaThamrinCBD,positive,0.9946275353431702,Service Quality,Service Quality (1.00); Guest Experience (0.97); Pricing & Value for Money (0.89)
Nugroho Haris,2025,5,tempat menginap yang nyaman walau di pusat kota pelayanan ramah dan baik makanan nya jg enak,KOMPETITOR,Bintang 5,PullmanJakartaIndonesiaThamrinCBD,positive,0.9993438124656677,Service Quality,Service Quality (0.99); Facilities & Amenities (0.99); Room Quality & Comfort (0.97)
Tasya Sohifah,2025,5,Layanan yang sangat baik kami dilayani oleh mas chairil,KOMPETITOR,Bintang 5,PullmanJakartaIndonesiaThamrinCBD,positive,0.9947206974029541,Service Quality,Service Quality (1.00); Guest Experience (0.99); Service Efficiency & Responsiveness (0.86)
Heryanto Kwok,2025,5,senang inap liburan ke sini pelayanan sangat baik di bantu terutama dengan reta tasya dan chef cipta di exe lounge semoga lancar karir buat kalian,KOMPETITOR,Bintang 5,PullmanJakartaIndonesiaThamrinCBD,positive,0.9984990358352661,Service Quality,Service Quality (1.00); Staff Conduct & Hospitality (0.99); Food & Beverage (0.98)
Syifa Sabrina A.,2025,5,mengunjungi pullman untuk acara mudah diakses terletak dekat mrt dan transjakarta rute nyaman dan mewah tempat layanan yang baik dan staf yang ramah,KOMPETITOR,Bintang 5,PullmanJakartaIndonesiaThamrinCBD,positive,0.999471127986908,Facilities & Amenities,Facilities & Amenities (1.00); Service Quality (0.99); Service Efficiency & Responsiveness (0.99)
Michele Corazza,2025,4,Layanan yang sangat baik dekat dengan titik transportasi terpenting masuk kota dari pusat ke luar bandara metro ya saya akan merekomendasikan struktur untuk semua orang lain akan meminta saya terima kasih untuk layanan Anda,KOMPETITOR,Bintang 5,PullmanJakartaIndonesiaThamrinCBD,positive,0.9985917210578918,Service Quality,Service Quality (1.00); Facilities & Amenities (0.98); Guest Experience (0.95)
kenneth josephlie2,2025,5,Saya dan keluarga saya dilayani oleh reta tasya dan chef cipta untuk pelayanannya sangat mantap cepat serba gesit dan ramah untuk makanannya enak,KOMPETITOR,Bintang 5,PullmanJakartaIndonesiaThamrinCBD,positive,0.9994310736656189,Service Efficiency & Responsiveness,Service Efficiency & Responsiveness (1.00); Service Quality (1.00); Staff Conduct & Hospitality (1.00)
chanvk,2025,5,Hotel yang sangat bagus dengan sarapan buffet yang sangat menyenangkan tinggal hanya sedikit mengeluh botol air menggunakan kaca dan aluminium atas yang sedikit terlalu sulit untuk membuka menyebabkan sedikit memotong jari saya,KOMPETITOR,Bintang 5,PullmanJakartaIndonesiaThamrinCBD,positive,0.9747138023376465,Food & Beverage,Food & Beverage (1.00); Facilities & Amenities (0.99); Service Quality (0.98)
yugo sulistio,2025,5,hotel terbaik di jakarta pelayanan baik staf nya ramah dan sangat membantu,KOMPETITOR,Bintang 5,PullmanJakartaIndonesiaThamrinCBD,positive,0.9988231062889099,Service Quality,Service Quality (0.99); Staff Conduct & Hospitality (0.99); Service Efficiency & Responsiveness (0.99)
ri ry,2025,5,Apa pengalaman yang hebat 5 bintang memang untuk mbak aviva Terima kasih untuk keramahan terbaik Anda,KOMPETITOR,Bintang 5,PullmanJakartaIndonesiaThamrinCBD,positive,0.9978657364845276,Guest Experience,Guest Experience (1.00); Service Quality (0.99); Staff Conduct & Hospitality (0.79)
Kala Senja,2025,5,"Baiklah, tetaplah seperti biasa. Layanan ini sangat baik. Terutama dari Pur, pengurus dan Yodi, penjaga. Terima kasih banyak.",KOMPETITOR,Bintang 5,PullmanJakartaIndonesiaThamrinCBD,positive,0.736312210559845,Service Quality,"Service Quality (1.00); Cleanliness, Hygiene & Maintenance (1.00); Guest Experience (1.00)"
Dewi Magic,2025,5,Pur bell terima kasih bapak atas pelayanan bapak ramah baik supel gercep,KOMPETITOR,Bintang 5,PullmanJakartaIndonesiaThamrinCBD,positive,0.9958386421203613,Service Quality,Service Quality (0.99); Guest Experience (0.99); Staff Conduct & Hospitality (0.97)
syazili mustofa,2025,5,sarapan paginya enak dan lengkap menu indonesia jepang dan barat semua ada,KOMPETITOR,Bintang 5,PullmanJakartaIndonesiaThamrinCBD,positive,0.9990352392196655,Food & Beverage,Food & Beverage (0.96); Family & Group Friendly (0.86); Cultural & Heritage Experience (0.81)
Jenatan Sianipar,2025,5,Hotel pullman jakarta berlokasi di daerah bundaran hi tepatnya di jl m h thamrin jakarta pusat untuk suasana kamarnya cukup luas dan nyaman ditambah pelayanan yang sangat ramah dan sigap terhadap tamu untuk kenyamanan dan kebersihan nya sudah tidak diragukan lagi sekelas standar hotel bintang lima untuk area lobi nya juga cukup luas dan banyak sofa yang tersedia juga lounge eksekutif bagi anggota platinum untuk menikmati fasilitas yang disediakan berupa selamat datang minuman dan jam sosial restoran sana sini nya juga sangat banyak menu yang mereka sajikan mulai dari masakan tradisional nusantara sampai menu western fasilitas gym kolam renang sauna spa,KOMPETITOR,Bintang 5,PullmanJakartaIndonesiaThamrinCBD,positive,0.9994760155677795,"Cleanliness, Hygiene & Maintenance","Cleanliness, Hygiene & Maintenance (1.00); Service Efficiency & Responsiveness (1.00); Service Quality (0.99)"
Katrina Ardiyani,2025,5,Terima kasih Pak Pur untuk menangani permintaan kami sangat baik bahkan masuk tengah malam termasuk buku tadi,KOMPETITOR,Bintang 5,PullmanJakartaIndonesiaThamrinCBD,positive,0.9950793981552124,Service Quality,Service Quality (0.99); Guest Experience (0.93); Staff Conduct & Hospitality (0.93)
August Rein,2025,5,Aku punya perasaan yang beragam tentang pullman ini Aku tinggal di sini masuk 3 kali terpisah karena kewajiban kerja dan aku bertanya-tanya apakah aku akan tinggal di sini jika itu tidak begitu nyaman sebagai kantor klien saya adalah di sebelah rumah,KOMPETITOR,Bintang 5,PullmanJakartaIndonesiaThamrinCBD,positive,0.5163055062294006,Check in/out Experience,"Check in/out Experience (0.96); Guest Experience (0.93); Location, Accessibility & Parking (0.63)"
Juju Ariah,2025,5,Trima kasih Tim Scuriti acara di balrom smuanya lancar timakasih pak cahyo dan tim,KOMPETITOR,Bintang 5,PullmanJakartaIndonesiaThamrinCBD,positive,0.9960165619850159,Service Quality,Service Quality (0.71); Cultural & Heritage Experience (0.66); Service Efficiency & Responsiveness (0.65)
Umar Mardianto,2025,5,lokasi ditengah2 jakarta dekat dengan halte busway dan bunderan hi shg bila ada panggung2 disana bisa diakses dengan mudah oleh pengunjung yang menginap dengan berjalan kaki juga bisa menikmati area mobil hari bebas di minggu pagi,KOMPETITOR,Bintang 5,PullmanJakartaIndonesiaThamrinCBD,positive,0.9987534284591675,Facilities & Amenities,"Facilities & Amenities (0.97); Location, Accessibility & Parking (0.89); Service Efficiency & Responsiveness (0.87)"
Cindy Krinta perbina Barus 2,2025,5,Pelayanan nya sangat baik ramah untuk kak Florence servicenya sangat baik dan untuk kue nya sangat enak2 dan tim kue nya juga sangat ramah seperti ibu dini ibu dian yang terbaik sih semuanya,KOMPETITOR,Bintang 5,PullmanJakartaIndonesiaThamrinCBD,positive,0.9993165731430054,Family & Group Friendly,Family & Group Friendly (0.99); Service Quality (0.99); Staff Conduct & Hospitality (0.99)
Snd Dpd,2025,5,Hotel pullman jakarta tinggal yang tak terlupakan saya baru saja kembali dari tinggal di hotel pullman jakarta dan saya harus mengatakan itu adalah ledakan mutlak hotel adalah smack masuk jantung jakarta dekat plaza indonesia dan istiqlal masjid membuatnya sangat nyaman untuk melihat-lihat atau bisnis sorotan lokasi super strategis dekat dengan pusat kota dan transportasi mudah akses kamar luas nyaman dan bersih dengan semua fasilitas staf layanan super ramah dan responsif selalu siap membantu fasilitas kolam renang ruang restoran dan chill lounge makanan makanan makanan makanan buffet lezat sarapan dengan internasional dan indonesia,KOMPETITOR,Bintang 5,PullmanJakartaIndonesiaThamrinCBD,positive,0.9994031190872192,Service Efficiency & Responsiveness,Service Efficiency & Responsiveness (1.00); Staff Conduct & Hospitality (0.99); Facilities & Amenities (0.99)
Salvia Neysa Syakira,2025,5,materi ietd dan lomba nicec sangat nyaman dan bagus tempatnya dengan bapak pur yang pelayanannya sangat oke,KOMPETITOR,Bintang 5,PullmanJakartaIndonesiaThamrinCBD,positive,0.9988366961479187,Facilities & Amenities,Facilities & Amenities (1.00); Service Quality (1.00); Guest Experience (0.99)
Iwan Motul,2025,5,Layanan yang sangat membantu dan baik untuk Mr. Pur Welldone,KOMPETITOR,Bintang 5,PullmanJakartaIndonesiaThamrinCBD,positive,0.9601344466209412,Service Quality,Service Quality (0.99); Service Efficiency & Responsiveness (0.98); Facilities & Amenities (0.97)
Yohanes Felix.P.A,2025,5,Yang paling berkesan bagi saya adalah betapa hebatnya layanan adalah staff yang ramah dan hangat informasi personel keamanan lokasi yang hebat adalah level atas bagi saya,KOMPETITOR,Bintang 5,PullmanJakartaIndonesiaThamrinCBD,positive,0.9988434314727783,Service Quality,Service Quality (1.00); Staff Conduct & Hospitality (1.00); Service Efficiency & Responsiveness (1.00)
Ahmad Fathoni,2025,5,Alhamdulillah makanannya enak enak sate kambing nya empuk pelayanannya semuanya oke florence,KOMPETITOR,Bintang 5,PullmanJakartaIndonesiaThamrinCBD,positive,0.9992178678512573,Service Quality,Service Quality (0.98); Food & Beverage (0.94); Guest Experience (0.94)
fardy,2025,5,Lokasi bagus dekat sama gi dan pi tinggal jalan saja,KOMPETITOR,Bintang 5,PullmanJakartaIndonesiaThamrinCBD,positive,0.9988588094711304,Facilities & Amenities,Facilities & Amenities (0.95); Service Efficiency & Responsiveness (0.82); Sustainability & Environmental Quality (0.82)
Norman Laurens,2025,5,Pak Pur Pelayanannya Saat Makan Malam Terbaik,KOMPETITOR,Bintang 5,PullmanJakartaIndonesiaThamrinCBD,positive,0.9979594945907593,Service Quality,Service Quality (0.99); Guest Experience (0.98); Staff Conduct & Hospitality (0.97)
Rahim Him,2025,5,kamarnya sangat bagus layanan nya juga ramah saya saranin untuk nginap di sini karena smuanya bagus,KOMPETITOR,Bintang 5,PullmanJakartaIndonesiaThamrinCBD,positive,0.9988170862197876,Facilities & Amenities,Facilities & Amenities (1.00); Room Quality & Comfort (0.99); Service Quality (0.99)
Mohammad Faisal Ali,2025,5,Florence layanan sangat baik hotel ne semua nya sangat baik ini pertama x saya bisa hotel yang sengat baik dn semua layanan sangat baik,KOMPETITOR,Bintang 5,PullmanJakartaIndonesiaThamrinCBD,positive,0.9983170032501221,Service Quality,Service Quality (1.00); Facilities & Amenities (0.99); Room Quality & Comfort (0.97)
Kodrat Sunyoto,2025,5,pelayanan sangat ramah dan baik dangan mba erika,KOMPETITOR,Bintang 5,PullmanJakartaIndonesiaThamrinCBD,positive,0.9992527365684509,Guest Experience,Guest Experience (0.99); Staff Conduct & Hospitality (0.99); Service Quality (0.98)
fendi winata,2025,5,untuk pelayanan baru dari florence dan makanan nya oke semua rekomendasi sekali buat acara kantor keluarga,KOMPETITOR,Bintang 5,PullmanJakartaIndonesiaThamrinCBD,positive,0.9994140863418579,Service Quality,Service Quality (0.99); Food & Beverage (0.99); Family & Group Friendly (0.97)
Inggar Puspa,2025,5,Sarapan sangat enak kopi disajikan oleh mba florence sangat ramah makanan variatif,KOMPETITOR,Bintang 5,PullmanJakartaIndonesiaThamrinCBD,positive,0.999182403087616,Food & Beverage,Food & Beverage (0.96); Service Quality (0.89); Guest Experience (0.89)
Walvenardo,2025,5,Pak Pur seperti sahabat saya melayani dengan hati yang gembira pullman thamrin dalam pelayanan pak pur,KOMPETITOR,Bintang 5,PullmanJakartaIndonesiaThamrinCBD,positive,0.9670964479446411,Guest Experience,Guest Experience (0.95); Staff Conduct & Hospitality (0.92); Service Quality (0.91)
Al Muhyi,2025,5,gedung hotel yang bersih nyaman dan tenang dingin cocok untuk liburan bersama pasangan,KOMPETITOR,Bintang 5,PullmanJakartaIndonesiaThamrinCBD,positive,0.9992833733558655,"Cleanliness, Hygiene & Maintenance","Cleanliness, Hygiene & Maintenance (0.99); Facilities & Amenities (0.99); Service Quality (0.99)"
Allisia Jovita Monique Gajkowski,2025,5,"Sarapan yang sangat baik, layanan yang baik dari chairil.",KOMPETITOR,Bintang 5,PullmanJakartaIndonesiaThamrinCBD,positive,0.9962691068649292,Service Quality,Service Quality (1.00); Guest Experience (1.00); Food & Beverage (1.00)
Ahmad Rivai,2025,5,hotel yang strategis kamar maupun ballroomnya sangat nyaman,KOMPETITOR,Bintang 5,PullmanJakartaIndonesiaThamrinCBD,positive,0.9994003772735596,Room Quality & Comfort,Room Quality & Comfort (0.98); Facilities & Amenities (0.98); Service Quality (0.90)
Sabrina Alfrianti,2025,5,coklatnya terbaik le chocola pullman pelayanan ramah dari mba florence,KOMPETITOR,Bintang 5,PullmanJakartaIndonesiaThamrinCBD,positive,0.9994118213653564,Guest Experience,Guest Experience (0.99); Service Quality (0.99); Staff Conduct & Hospitality (0.97)
gek veda,2025,5,sarapan di sini makanan nya enak semuanya nya lalu mbak florance nya juga ramah sekali pelayanan nya,KOMPETITOR,Bintang 5,PullmanJakartaIndonesiaThamrinCBD,positive,0.9987773299217224,Service Quality,Service Quality (0.97); Guest Experience (0.97); Staff Conduct & Hospitality (0.97)
Iwan Juniar,2025,5,memiliki pengalaman ketika memesan ruang pertemuan yang indah dengan menu pesta semua penonton merasa hangat dan begitu nyaman,KOMPETITOR,Bintang 5,PullmanJakartaIndonesiaThamrinCBD,positive,0.997841477394104,Booking & Reservation Experience,Booking & Reservation Experience (1.00); Facilities & Amenities (1.00); Room Quality & Comfort (0.99)
Euis Nuraeni,2025,5,Terimakasih pak cahyo atas bantuan loading keluar acara berjalan dengan lancar,KOMPETITOR,Bintang 5,PullmanJakartaIndonesiaThamrinCBD,positive,0.969929039478302,Check in/out Experience,Check in/out Experience (0.86); Service Quality (0.82); Service Efficiency & Responsiveness (0.76)
Mathan Subramaniam,2025,5,pergi untuk perjalanan perusahaan sarankan hotel untuk tinggal di tengah kota akses mudah ke semua mall terkenal,KOMPETITOR,Bintang 5,PullmanJakartaIndonesiaThamrinCBD,positive,0.9591332077980042,Facilities & Amenities,"Facilities & Amenities (0.92); Loyalty, Recommendation & Appreciation (0.89); Location, Accessibility & Parking (0.80)"
Sri Gita Amalia,2025,5,pelayanan yang sangat baik dan cepat oleh seluruh staf apalagi pelayanan dari pak pur yang sangat ramah,KOMPETITOR,Bintang 5,PullmanJakartaIndonesiaThamrinCBD,positive,0.9989272952079773,Service Efficiency & Responsiveness,Service Efficiency & Responsiveness (1.00); Service Quality (1.00); Staff Conduct & Hospitality (1.00)
ardhi ilham,2025,5,Terima kasih untuk tim keamanan dan pesta baik sikap Mr Cahyo dan Mr Fauzi pullman thamrin terbaik,KOMPETITOR,Bintang 5,PullmanJakartaIndonesiaThamrinCBD,positive,0.9928015470504761,Staff Conduct & Hospitality,Staff Conduct & Hospitality (1.00); Safety & Security (1.00); Guest Experience (0.99)
Nora Y,2025,5,hotelnya bersih pelayanannya ramah tempat strategis,KOMPETITOR,Bintang 5,PullmanJakartaIndonesiaThamrinCBD,positive,0.9993163347244263,Service Quality,"Service Quality (0.99); Cleanliness, Hygiene & Maintenance (0.99); Guest Experience (0.98)"
Rei,2025,5,Terima kasih pullman thamrin terutama pak pur yang sudah membantu dan membantu saya sangat sangat membantu,KOMPETITOR,Bintang 5,PullmanJakartaIndonesiaThamrinCBD,positive,0.9978875517845154,Service Quality,"Service Quality (0.71); Loyalty, Recommendation & Appreciation (0.69); Service Efficiency & Responsiveness (0.68)"
Khairi Aslah,2025,5,Pur The Bellman adalah orang yang sangat baik membantu saya dan memberi saya banyak informasi pasti akan datang lagi masuk masa depan,KOMPETITOR,Bintang 5,PullmanJakartaIndonesiaThamrinCBD,positive,0.9958885312080383,Service Quality,Service Quality (0.92); Service Efficiency & Responsiveness (0.83); Family & Group Friendly (0.77)
Maryadi Ac,2025,5,Firm dan aman kami membuat acara sangat aman dan selalu mengingat tentang peringatan terima kasih pak Cahyo dan tim,KOMPETITOR,Bintang 5,PullmanJakartaIndonesiaThamrinCBD,positive,0.9940066337585449,Safety & Security,"Safety & Security (0.99); Guest Experience (0.96); Loyalty, Recommendation & Appreciation (0.96)"
Wiga Wigatiningsih,2025,4,kamarnya kecil b saja sih makanan okelah,KOMPETITOR,Bintang 5,PullmanJakartaIndonesiaThamrinCBD,negative,0.7850539684295654,Food & Beverage,Food & Beverage (0.86); Sustainability & Environmental Quality (0.77); Facilities & Amenities (0.74)
genta xoxa,2025,5,Layanan yang sangat baik dengan staf yang sangat sopan dan profesional Aku akan senang untuk kembali masuk masa depan,KOMPETITOR,Bintang 5,PullmanJakartaIndonesiaThamrinCBD,positive,0.9980018734931946,Service Quality,Service Quality (1.00); Guest Experience (0.99); Facilities & Amenities (0.99)
thesuhu master,2025,5,untuk kamar sebenarnya nyaman namun kekurangannya beberapa perabot sudah lama penerangan juga kurang kamar mandi kaca tanpa gorden meskipun kaca tidak tembus pandang namun tetap terlihat siluet dari luar jadi tidak cocok untuk kembar jika anda satu kamar dengan rekan kerja pelayanan oke staf membantu dan overall ramah makanan sarapan termasuk salah satu yang terbaik banyak pilihan makanan dan enak,KOMPETITOR,Bintang 5,PullmanJakartaIndonesiaThamrinCBD,positive,0.9945400357246399,Family & Group Friendly,Family & Group Friendly (0.99); Staff Conduct & Hospitality (0.99); Facilities & Amenities (0.99)
Guan Zhen Tan,2025,2,Kamarnya tidak bagus mandi terlihat tua dan berkerut masuk tempat tertentu karpet terasa kotor kamar kecil dan saya setidaknya menghadap ke tempat parkir,KOMPETITOR,Bintang 5,PullmanJakartaIndonesiaThamrinCBD,negative,0.9952587485313416,"Location, Accessibility & Parking","Location, Accessibility & Parking (0.94); Guest Experience (0.69); Check in/out Experience (0.58)"
Maeda D. Candra,2025,4,lokasi di jantung jakarta namun pengalaman pertemuan ballroom begitu jadi makanan hanya sedikit di atas rata-rata tidak ada yang luar biasa,KOMPETITOR,Bintang 5,PullmanJakartaIndonesiaThamrinCBD,positive,0.7511122226715088,Guest Experience,Guest Experience (0.95); Check in/out Experience (0.92); Food & Beverage (0.66)
Taxi Nusapenida,2025,5,tempat yang nyaman dan bersih membuat saya betah sekali dan staf saya ramah ramah sekali,KOMPETITOR,Bintang 5,PullmanJakartaIndonesiaThamrinCBD,positive,0.9989878535270691,Facilities & Amenities,Facilities & Amenities (1.00); Room Quality & Comfort (1.00); Service Quality (0.99)
Philip Caldwell,2025,5,kamar tenang di belakang staf ramah fantastis eksekutif ruang tamu jauh dari TH kerumunan sempurna pusat lokasi yang membutuhkan lebih,KOMPETITOR,Bintang 5,PullmanJakartaIndonesiaThamrinCBD,positive,0.988871157169342,Facilities & Amenities,Facilities & Amenities (0.97); Service Quality (0.96); Family & Group Friendly (0.96)
Farkhan Nur Rahmat,2025,5,loading masuk keluar nyaman keamanan nya ramah ramah terima kasih pak cahyo n tim,KOMPETITOR,Bintang 5,PullmanJakartaIndonesiaThamrinCBD,positive,0.9990861415863037,Staff Conduct & Hospitality,Staff Conduct & Hospitality (0.99); Safety & Security (0.98); Check in/out Experience (0.96)
Marjan Senopati,2025,5,Terima kasih banyak untuk keamanan pullman jakarta sangat membantu untuk acara di ballroom berjalan baik khusus terima kasih untuk pak cahyo endry sangat tegas dan ramah,KOMPETITOR,Bintang 5,PullmanJakartaIndonesiaThamrinCBD,positive,0.997929573059082,Safety & Security,Safety & Security (0.99); Staff Conduct & Hospitality (0.97); Guest Experience (0.93)
Santi Susanty,2025,5,Pak Pur Bagian Balman bagus pelayananya makanan lengkap dan enak,KOMPETITOR,Bintang 5,PullmanJakartaIndonesiaThamrinCBD,positive,0.9993436932563782,Service Quality,Service Quality (0.99); Staff Conduct & Hospitality (0.98); Food & Beverage (0.95)
YHB Sardjono,2025,5,Pengalaman menyeramkan saat tinggal di bus mati lampu seantero jakarta,KOMPETITOR,Bintang 5,PullmanJakartaIndonesiaThamrinCBD,negative,0.8091525435447693,Check in/out Experience,Check in/out Experience (0.41); Guest Experience (0.35); Management & Policy Issues (0.27)
Salsabila Meyga Danella,2025,5,"staf yang baik, bintang festival 5 rekomend",KOMPETITOR,Bintang 5,PullmanJakartaIndonesiaThamrinCBD,positive,0.997669517993927,Service Quality,"Service Quality (1.00); Loyalty, Recommendation & Appreciation (0.97); Service Efficiency & Responsiveness (0.85)"
Amalia Ayuningtyas,2025,2,Waktu cek masuk sangat lama sebaiknya punya kesabaran yang luar biasa ketika cek masuk atau layanan lainnya,KOMPETITOR,Bintang 5,PullmanJakartaIndonesiaThamrinCBD,negative,0.9589990377426147,Check in/out Experience,Check in/out Experience (0.63); Safety & Security (0.54); Service Quality (0.52)
Siska Wijayanti Massie,2025,5,lokasi sangat strategis dekat dengan mrt lrt dan transjakarta kamar biasa saja sekelas bintang 5 fasilitas tidak sesuai harga lampu kamar remang plafon ada lawa lawa luas kamar kecil toilet kecil tirai kaca kotor kusam fasilitas kolam renang oke parkir oke resto oke menu bervariasi oke,KOMPETITOR,Bintang 5,PullmanJakartaIndonesiaThamrinCBD,negative,0.655046284198761,Facilities & Amenities,"Facilities & Amenities (0.82); Service Quality (0.65); Location, Accessibility & Parking (0.62)"
ALBUM ALBERT,2025,5,Baru bisa reviu ruang pertemuan nya semoga berikutnya bisa reviu kamarnya tolong aminkan ya netijenz budiman ruang pertemuannya banyak ukurannya berbeda tergantung pax terlampir video paket makanan ringan dan makan siang buffet yang disediakan enak enak dan ada mesin kopi nya seru disediain minuman ringan gratis juga di chiller,KOMPETITOR,Bintang 5,PullmanJakartaIndonesiaThamrinCBD,positive,0.8074156045913696,Facilities & Amenities,Facilities & Amenities (0.99); Food & Beverage (0.99); Service Quality (0.83)
Yudistira Aprizal,2025,5,memang kualitas tak pernah ingkar sangat puas menginap di sini,KOMPETITOR,Bintang 5,PullmanJakartaIndonesiaThamrinCBD,positive,0.9990299940109253,Guest Experience,Guest Experience (0.98); Room Quality & Comfort (0.96); Service Quality (0.96)
Te Re,2025,4,Cukup kecewa dengan kantor depan perempuan dan staf concierge yang seolah menilai dari penampilan diajak bicara respon tanpa tersenyum tidak memberikan solusi manajemen ramah entah kenapa kantor depan malah tidak ramah lebih suka pullman central park,KOMPETITOR,Bintang 5,PullmanJakartaIndonesiaThamrinCBD,negative,0.9991338849067688,Staff Conduct & Hospitality,Staff Conduct & Hospitality (0.99); Guest Experience (0.98); Check in/out Experience (0.91)
Nazwa Anwar,2025,5,Kopi nya enakk layanan sangat baik dengan mba florence kue nya ibu dian dan ibu dini juga baik,KOMPETITOR,Bintang 5,PullmanJakartaIndonesiaThamrinCBD,positive,0.9989662170410156,Service Quality,Service Quality (1.00); Guest Experience (0.99); Food & Beverage (0.99)
Nurwakhidin SH. MH.,2025,5,toilet gaya barat menyediakan juga toilet gaya lokal untuk cebok tamu2 beragama muslim,KOMPETITOR,Bintang 5,PullmanJakartaIndonesiaThamrinCBD,neutral,0.9304673671722412,Guest Experience,Guest Experience (0.82); Facilities & Amenities (0.78); Religious & Halal Features (0.62)
Alit Susanti,2025,5,Pengalaman yang hebat makanan yang lezat banyak pilihan bersih dan Miss Florence sangat baik dan sangat membantu,KOMPETITOR,Bintang 5,PullmanJakartaIndonesiaThamrinCBD,positive,0.9982923865318298,"Cleanliness, Hygiene & Maintenance","Cleanliness, Hygiene & Maintenance (0.99); Service Quality (0.98); Service Efficiency & Responsiveness (0.97)"
Dewi Lestari,2025,5,pelayanan ramah dan view hotel sangat bagus,KOMPETITOR,Bintang 5,PullmanJakartaIndonesiaThamrinCBD,positive,0.9993795156478882,Staff Conduct & Hospitality,Staff Conduct & Hospitality (0.99); Service Quality (0.99); Guest Experience (0.99)
Jun Rong Wang,2025,5,Sangat senang dengan penginapanku masuk hotel terutama layanan yang baik oleh Nona Mila Nazwa,KOMPETITOR,Bintang 5,PullmanJakartaIndonesiaThamrinCBD,positive,0.9984361529350281,Service Quality,Service Quality (1.00); Guest Experience (0.99); Check in/out Experience (0.95)
Muhammad zidan Kadafi,2025,5,hotel terbaik di jakarta pelayanannya ramah terbaik,KOMPETITOR,Bintang 5,PullmanJakartaIndonesiaThamrinCBD,positive,0.9993883371353149,Service Quality,Service Quality (1.00); Guest Experience (0.97); Staff Conduct & Hospitality (0.97)
Rahmat Santoso,2025,5,Pelayanan super ramah dan fasilitas nya juga bagus,KOMPETITOR,Bintang 5,PullmanJakartaIndonesiaThamrinCBD,positive,0.9988646507263184,Facilities & Amenities,Facilities & Amenities (0.99); Service Quality (0.99); Guest Experience (0.99)
Riska Malia,2025,5,Le coklat sangat nyaman bersih dan cepat dengan kak Florence dan kak Sumarni yang pelayanannya sangat baik dan ramah,KOMPETITOR,Bintang 5,PullmanJakartaIndonesiaThamrinCBD,positive,0.9994248151779175,Service Efficiency & Responsiveness,Service Efficiency & Responsiveness (1.00); Service Quality (0.99); Staff Conduct & Hospitality (0.99)
MOHD SHAHRULZAMAN BIN ISMAYUDIN (MOH),2025,5,Pur Bellman memiliki layanan yang baik sopan dan sangat ramah Pur juga sangat membantu Saya memberikan layanan 5 bintang Pur,KOMPETITOR,Bintang 5,PullmanJakartaIndonesiaThamrinCBD,positive,0.9770312905311584,Service Quality,Service Quality (0.99); Staff Conduct & Hospitality (0.98); Service Efficiency & Responsiveness (0.98)
Ajeng Puspitaayu,2025,1,Itu adalah pengalaman yang sangat tidak menyenangkan hosting acara di sini dan saya telah mengirim keluhan saya melalui email tetapi saya belum menerima respon sejauh ini,KOMPETITOR,Bintang 5,PullmanJakartaIndonesiaThamrinCBD,negative,0.9985381364822388,Guest Experience,Guest Experience (0.91); Check in/out Experience (0.68); Sustainability & Environmental Quality (0.39)
Hanif Firmansyah,2025,5,sangat nyaman setelah bikin acara ditempat inii,KOMPETITOR,Bintang 5,PullmanJakartaIndonesiaThamrinCBD,positive,0.9989506006240845,Facilities & Amenities,Facilities & Amenities (0.92); Room Quality & Comfort (0.92); Service Quality (0.79)
ivoaptr,2025,5,Pelayanan Bell sangat membantu dan memuaskan pur Bell,KOMPETITOR,Bintang 5,PullmanJakartaIndonesiaThamrinCBD,positive,0.9978523254394531,Service Quality,Service Quality (0.99); Facilities & Amenities (0.97); Service Efficiency & Responsiveness (0.96)
Dea Ananda idris,2025,5,Pak Pur Bagisan concierge baik Rahamah tanggap dalam melayani pelanggan,KOMPETITOR,Bintang 5,PullmanJakartaIndonesiaThamrinCBD,positive,0.998324453830719,Service Quality,Service Quality (1.00); Guest Experience (0.99); Staff Conduct & Hospitality (0.99)
Iwan 1105.,2025,5,Le chocolat unik banget keren Florence manis banget pelayanannya,KOMPETITOR,Bintang 5,PullmanJakartaIndonesiaThamrinCBD,positive,0.9992055296897888,Guest Experience,Guest Experience (0.99); Service Quality (0.98); Food & Beverage (0.93)
Bangamal Amal,2025,5,Tempat baru keren satpam baru ramah dan baik hati keren la,KOMPETITOR,Bintang 5,PullmanJakartaIndonesiaThamrinCBD,positive,0.9972591400146484,Staff Conduct & Hospitality,Staff Conduct & Hospitality (0.99); Guest Experience (0.99); Service Quality (0.99)
Fajrin Wihadi,2025,2,Tolong melatih kembali frontliner Anda bernama Syarifah tampaknya dia melewatkan sesi tentang bagaimana berbicara dan melayani pelanggan dengan sopan,KOMPETITOR,Bintang 5,PullmanJakartaIndonesiaThamrinCBD,negative,0.6178502440452576,Guest Experience,Guest Experience (0.92); Staff Conduct & Hospitality (0.89); Service Quality (0.89)
andi yusri jaya,2025,5,tempatnya nyaman dan baik untuk beristirahat atau bersantai bersama keluarga,KOMPETITOR,Bintang 5,PullmanJakartaIndonesiaThamrinCBD,positive,0.9986658096313477,Family & Group Friendly,Family & Group Friendly (1.00); Room Quality & Comfort (1.00); Facilities & Amenities (1.00)
Dimas Yamenk channel,2025,5,hotel strategis di jakarta fasilitas baik,KOMPETITOR,Bintang 5,PullmanJakartaIndonesiaThamrinCBD,positive,0.9991377592086792,Service Quality,Service Quality (0.99); Facilities & Amenities (0.94); Room Quality & Comfort (0.87)
Melinda Ning,2025,5,Bantuan besar dari Mr. pull th bellman yang sangat mudah didekati dan membantu perjalanan kerja yang menyenangkan,KOMPETITOR,Bintang 5,PullmanJakartaIndonesiaThamrinCBD,positive,0.9941630959510803,Facilities & Amenities,Facilities & Amenities (0.99); Service Efficiency & Responsiveness (0.97); Staff Conduct & Hospitality (0.94)
Divamelia Putri,2025,5,Pengalaman hebat di Pullman Thamrin dan juga layanan hebat oleh Mba Desmi di restoran,KOMPETITOR,Bintang 5,PullmanJakartaIndonesiaThamrinCBD,positive,0.9984684586524963,Service Quality,Service Quality (1.00); Guest Experience (0.99); Food & Beverage (0.99)
Jędrzej Borkowski,2025,5,pengalaman yang sangat baik masuk jakarta pusat di hotel hotel pullman pengalaman hotel sangat baik dari awal saya disambut di pintu masuk dan dipandu ke resepsionis membuat pemeriksaan masuk proses sangat cepat memberi tahu saya tentang fasilitas hotel utama jam buka dan peruntukan yang dihasilkan dari status saya telah ditugaskan kamar di lantai 7 dengan pemandangan di kolam renang kamar dilengkapi dengan kamar mandi luas termasuk mandi dan kamar mandi tab mandi tempat tidur besar dan nyaman kamar menawarkan tempat kerja yang nyaman untuk wisatawan bisnis dengan meja kerja khusus masuk kamar saya telah mengambil sarapan saya menawarkan masuk ruang tamu eksekutif,KOMPETITOR,Bintang 5,PullmanJakartaIndonesiaThamrinCBD,positive,0.9987454414367676,Facilities & Amenities,Facilities & Amenities (0.99); Check in/out Experience (0.94); Guest Experience (0.93)
christ aan,2025,4,hanya menghadiri pernikahan ruang dansa yang baik dan tempat yang baik,KOMPETITOR,Bintang 5,PullmanJakartaIndonesiaThamrinCBD,positive,0.9979572296142578,Facilities & Amenities,Facilities & Amenities (0.99); Room Quality & Comfort (0.99); Guest Experience (0.97)
Tri Agung Rismana,2025,5,kami ingin mengungkapkan apresiasi kami yang tulus untuk pengalaman indah kami memiliki di hotel kami sangat berterima kasih untuk kerjasama Anda dan semua layanan yang telah Anda berikan selain itu seorang staf akomodasi ramah bersedia membantu dengan senyum terlihat baik pertemuan kamar dia sangat membantu dan sopan,KOMPETITOR,Bintang 5,PullmanJakartaIndonesiaThamrinCBD,positive,0.9985854625701904,Staff Conduct & Hospitality,"Staff Conduct & Hospitality (1.00); Loyalty, Recommendation & Appreciation (1.00); Facilities & Amenities (1.00)"
Fardatul Yulianah,2025,5,Layanan yang bagus dari Pak Pur Porter dari 938,KOMPETITOR,Bintang 5,PullmanJakartaIndonesiaThamrinCBD,positive,0.9942985773086548,Service Quality,Service Quality (1.00); Guest Experience (0.98); Service Efficiency & Responsiveness (0.88)
Gugun Yuniarahman,2025,5,makan di resto sana sini segar smua dan lengkap staf mba florence juga ramah,KOMPETITOR,Bintang 5,PullmanJakartaIndonesiaThamrinCBD,positive,0.9992806315422058,Service Efficiency & Responsiveness,Service Efficiency & Responsiveness (0.98); Staff Conduct & Hospitality (0.98); Food & Beverage (0.98)
Era Christiani,2025,5,beberapa kali perusahaan kami mengadakan pertemuan di hotel ini ruang pertemuannya nyaman jg fasilitasnya yang lengkap pula snacknya enak2 dan banyak varian sebagai host pertemuan pasti saja permintaan agar rapat dapat berjalan lancar dan semua keperluan saya amat terbantu dengan para staf yang sangat membantu gercep banget saat kita membutuhkan apa2 terutama untuk mas panji mas jeremy mas ramzy juga mas joko saya sampai setengah nama2nya dari seringnya manggil2 terima kasih ya mas semuanya sehat selalu dan lancarr jayaa ya untuk pekerjaannya,KOMPETITOR,Bintang 5,PullmanJakartaIndonesiaThamrinCBD,positive,0.9990179538726807,Facilities & Amenities,Facilities & Amenities (1.00); Room Quality & Comfort (0.95); Service Efficiency & Responsiveness (0.94)
putrakulboy,2025,5,Salah satu hotel bintang 5 yang lokasinya sangat strategis pinggir thamrin persis kemana mana tinggal jalan kaki pegawai membantu sama ramah banget jaringan wifi sama fasilitasnya mantap ada kolam renang spa gym ruang pertemuan dll kamarnya nyaman walau tidak terlalu besar untuk lima bintang ada bathub setrika handuk kimono sampai kabel rj45 juga ada waktu saya tidak punya tetesan udara entah darimana sampai laptop basah tapi masih aman hehe btw makanan di sanasini restoran enak banget,KOMPETITOR,Bintang 5,PullmanJakartaIndonesiaThamrinCBD,positive,0.9994274377822876,Facilities & Amenities,Facilities & Amenities (0.99); Service Efficiency & Responsiveness (0.96); Service Quality (0.95)
Kumaran Maridas,2025,1,Layanan memburuk sangat buruk staf tampaknya malas penuh alasan ruang kecil mereka benar-benar perlu memperbaiki,KOMPETITOR,Bintang 5,PullmanJakartaIndonesiaThamrinCBD,negative,0.9992203712463379,Service Quality,Service Quality (0.99); Guest Experience (0.98); Facilities & Amenities (0.91)
Apinya Jong.,2025,5,Kamar di gedung baru itu bagus terutama menghadap kolam renang jadi Anda tidak mendengar lalu lintas ada varietas di sarapan buffet yang tersembunyi masuk setiap sudut pur belman selalu menyapa tamu dengan senyum dan sangat membantu,KOMPETITOR,Bintang 5,PullmanJakartaIndonesiaThamrinCBD,positive,0.9993984699249268,Facilities & Amenities,Facilities & Amenities (0.99); Guest Experience (0.98); Food & Beverage (0.96)
Gerhard Steinmayr,2025,5,Terima kasih Pak Pur untuk bantuan besar saya dari Austria dan pasti kembali ke pullman thamrin,KOMPETITOR,Bintang 5,PullmanJakartaIndonesiaThamrinCBD,positive,0.9804511666297913,"Loyalty, Recommendation & Appreciation","Loyalty, Recommendation & Appreciation (0.93); Religious & Halal Features (0.88); Check in/out Experience (0.83)"
Boby Rakhmadi,2025,5,hotel yang strategis lokasinya terletak persis di seberang plaza indonesia jika menginap di sini rasanya mau kemana mana dekat saja jaringan internet yang disediakan hotel ini bagus sekali di kamar selain bisa menggunakan wifi juga disediakan kabel ethernet yang tidak diragukan lagi jaringannya lebih stabil fasilitasnya juga lengkap ada kolam renang gym spa dan lain sarapan di sini benar benar sangat memanjakan pelanggannya buffet dengan berbagai pilihan makanan ada makanan asia dimana ada berbagai pilihan makanan jepang dengan sushi dan teman temannya dan berbagai pilihan makanan cina dengan dimsun dan rekan rekannya dengan cara dimsumnya harus mencoba loh selain itu pilihan makanan indonesia,KOMPETITOR,Bintang 5,PullmanJakartaIndonesiaThamrinCBD,positive,0.9995129108428955,Facilities & Amenities,Facilities & Amenities (0.99); Service Quality (0.94); Food & Beverage (0.91)
Ryan M,2024,5,Saya memiliki pengalaman yang luar biasa tinggal di pullman jakarta terletak di pusat kota oleh mh thamrin rd awal masuk tahun proses check masuk lancar dan mulus saya tinggal di kamar mewah yang sangat luas dan memiliki banyak ruang untuk bersantai di sekitar santai dan untuk bekerja kamar mandi memiliki semua fasilitas yang dibutuhkan bersih dan luas eksterior hotel mungkin terlihat tua tetapi interior terlihat direnovasi dan direnovasi terlepas dari fasilitas bersih dan baik dijaga selama saya tinggal layanan pelanggan telah luar biasa saya disambut setiap kali,KOMPETITOR,Bintang 5,PullmanJakartaIndonesiaThamrinCBD,positive,0.998474657535553,Facilities & Amenities,"Facilities & Amenities (0.97); Cleanliness, Hygiene & Maintenance (0.96); Check in/out Experience (0.92)"
Wahyu Agus Yunianto,2025,5,sudah yang kedua kali nya saya menginap di hotel ini lokasinya sangat strategis dekat dengan pusat bisnis dan perbelanjaan plaza indonesia thamrin itc dan grand indonesia mau ke bunderan hi juga tingal jalan akses transportasi umum juga sangat strategis ada mrt dan stasiun bus untuk kamarnya sangat nyaman fasilitas sarapannya juga luar biasa pilihan makanan nya sangat berag dan enak enak pelayanan nya juga sangat bagus bahkan di kunjungan pertama kamar kami di upgrade besar terima kasih kalau tidak salah petugas resepsionis nya an sara kurang cuma koridor ke setiap kamar di lantai yang agal suram ya selebihnya hotel ini keren banget,KOMPETITOR,Bintang 5,PullmanJakartaIndonesiaThamrinCBD,positive,0.9992098808288574,Facilities & Amenities,Facilities & Amenities (0.99); Service Quality (0.97); Room Quality & Comfort (0.88)
Adrianus Pramudhita,2025,4,cukup sering menginap di kereta cbd jkt salah satu hotel menginap favorit keluarga saya fasilitas gedung kamar hotel kolam renang gym parkir dll tidak pernah mengecewakan lokasi hotel sangat strategis layanan untuk staf umumnya memuaskan kecuali saat lewat makan siang di kamar belakang kisaran 30 31 maret 2024 lalu itu hanya pesan menu indonesia sederhana nasi goreng tempe mendoan dll tapi menunggu waktu nya sangat lama lebih dari 20 menit padahal hanya kami yang pesan tidak ada tamu lain dan rasa nya juga tidak karuan goreng nya luar biasa asin sampai nasi tidak mampu menghabiskan tempem mendoan dll sebaliknya malah malah malah tidak ada rasa padahal ini hehe,KOMPETITOR,Bintang 5,PullmanJakartaIndonesiaThamrinCBD,positive,0.9980822801589966,Facilities & Amenities,"Facilities & Amenities (0.99); Service Quality (0.97); Location, Accessibility & Parking (0.97)"
yuda prabawa,2025,5,bagus pelayanannya ramah lokasi hotel strategis,KOMPETITOR,Bintang 5,PullmanJakartaIndonesiaThamrinCBD,positive,0.9990041851997375,Service Quality,Service Quality (1.00); Facilities & Amenities (0.98); Guest Experience (0.97)
Aqila Gerungan,2025,5,21 Mei kemarin menangani acara kantor di sini ruang pertemuan lokasi sudah pasti oke yang tidak kalah bagusnya ada tim bank yang sangat membantu banyak perubahan tiba tiba tapi selalu diusahain untuk sesuai permintaan kita terima kasih untuk mas panji mas cecep dari tim bank lanjut acara lain lagi di tgl 20 juni kemarin ruang pertemuannya berbeda dari yang sebelumnya peserta yang datang membludak tapi tim banknya sangat membantu gercep untuk nomor tempat duduk mengatur layoutnya dibantu juga mengingatkan untuk menambah pax makan siang yang tadinya sudah engga kepikiran rais karena mengurus peserta yang membludak terima kasih untuk mas panji pak,KOMPETITOR,Bintang 5,PullmanJakartaIndonesiaThamrinCBD,positive,0.9893752336502075,Guest Experience,Guest Experience (0.72); Service Quality (0.62); Room Quality & Comfort (0.52)
Meirizal Fahmi,2025,5,terima kasih atas pelayanan sarapan dll,KOMPETITOR,Bintang 5,PullmanJakartaIndonesiaThamrinCBD,positive,0.9945850968360901,Guest Experience,Guest Experience (0.99); Service Quality (0.99); Food & Beverage (0.98)
Lily Pangestu,2025,5,Tempat yang bagus makanan murni adalah staf melayani kita,KOMPETITOR,Bintang 5,PullmanJakartaIndonesiaThamrinCBD,positive,0.9944460391998291,Service Quality,Service Quality (1.00); Staff Conduct & Hospitality (0.99); Guest Experience (0.99)
Metha Afriansya,2025,5,Ruang pertemuan nyaman fasilitas untuk pertemuan lengkap makanan enak dan pelayanannya dari stafnya sangat baik terima kasih untuk staf bank yang bertugas di acara kami heri fauzi bayu cecep yongki dan juga untuk tim pemasarannya iris yang sudah membantu,KOMPETITOR,Bintang 5,PullmanJakartaIndonesiaThamrinCBD,positive,0.9993866682052612,Room Quality & Comfort,Room Quality & Comfort (1.00); Facilities & Amenities (1.00); Service Quality (1.00)
TOPLYRICS,2025,5,ini adalah tempat yang saya rekomendasikan karena tempatnya sangat terjangkau,KOMPETITOR,Bintang 5,PullmanJakartaIndonesiaThamrinCBD,positive,0.9856823086738586,Facilities & Amenities,"Facilities & Amenities (0.91); Location, Accessibility & Parking (0.88); Pricing & Value for Money (0.82)"
Safina Farah,2025,5,Aku akan mencintaimu jika ada bintang 7,KOMPETITOR,Bintang 5,PullmanJakartaIndonesiaThamrinCBD,positive,0.7928779721260071,"Loyalty, Recommendation & Appreciation","Loyalty, Recommendation & Appreciation (0.85); Personalized & Special Services (0.78); Cultural & Heritage Experience (0.68)"
Agustian Teddy,2025,5,point tambah hotel mewah di pusat kota jakarta dengan pemandangan yang keren menu sarapan sangat beragam dan rasanya juga oke fasilitas lengkap dan kolam renangnya luas pelayanan kamar servis sangat baik titik minus dengan harga yang sangat lumanyan kamarnya terasa sangat sempit sekali akses dalam gedung parkir sangat sulit bermanuver karena agak sempit tetapi akses parkir luar cukup luas pelayanan di resto saat sarapan kurang ramah nafsu makan jadi berkurang melihat staf yang kurang ramah seperti ini kami menginap saat ada acara nikahan sehingga aktifitas dilobby agak menjadi sangat padat dan mengganggu keluarga secara keseluruhan masih dianjurkan untuk tempat tinggal bersama,KOMPETITOR,Bintang 5,PullmanJakartaIndonesiaThamrinCBD,positive,0.9158077836036682,Facilities & Amenities,"Facilities & Amenities (0.98); Location, Accessibility & Parking (0.91); Service Quality (0.79)"
Nancy Stephan,2025,4,diterima dengan sangat baik di resepsi personil terbukti menjadi aset yang tak ternilai untuk lembaga dari proses check masuk ke check keluar mereka menunjukkan komitmen untuk mengakomodasi setiap kebutuhan masuk selain tempat tidur yang luar biasa luas dan nyaman kami diamati bahwa fasilitas yang sempurna bersih kamar sementara standar menyediakan semua fasilitas yang diperlukan untuk tinggal satu malam secara keseluruhan pengalaman kami luar biasa,KOMPETITOR,Bintang 5,PullmanJakartaIndonesiaThamrinCBD,positive,0.9988272786140442,Room Quality & Comfort,Room Quality & Comfort (1.00); Service Quality (1.00); Check in/out Experience (1.00)
siti nuraini,2025,5,Pur pelayanan terbaik pullman hotel thamrin,KOMPETITOR,Bintang 5,PullmanJakartaIndonesiaThamrinCBD,positive,0.9539201855659485,Service Quality,Service Quality (1.00); Room Quality & Comfort (0.97); Guest Experience (0.93)
Matthew David,2025,4,menang lokasi kamar lumayan oke lah dibanding pulman cp tapi makanan di restonya tidak enak menurut gw dah 3x deh makan buffet sini perasaan ttep ajee,KOMPETITOR,Bintang 5,PullmanJakartaIndonesiaThamrinCBD,negative,0.9913651943206787,Guest Experience,Guest Experience (0.68); Food & Beverage (0.62); Facilities & Amenities (0.50)
Ben Lance,2025,4,cepat checkin kamar ukuran yang sangat baik dan staf yang ramah tim masuk ruang tamu yang sangat ramah dan selalu ada untuk membantu masuk dengan cara apapun masuk ruang internasional plug-plug dan ruang meja yang baik untuk bekerja sarapan menyebar baik baik baik baik masuk ruang tamu dan masuk ruang sarapan malam canapés yang sangat baik kebersihan menjaga kamar sangat bersih,KOMPETITOR,Bintang 5,PullmanJakartaIndonesiaThamrinCBD,positive,0.9990140199661255,Staff Conduct & Hospitality,Staff Conduct & Hospitality (1.00); Facilities & Amenities (1.00); Service Efficiency & Responsiveness (1.00)
Arie ai,2025,5,Pak Pur terbaik bantuin foto2 nya ramah sekali,KOMPETITOR,Bintang 5,PullmanJakartaIndonesiaThamrinCBD,positive,0.9988420605659485,Service Quality,Service Quality (0.94); Staff Conduct & Hospitality (0.87); Guest Experience (0.73)
Fe Febri,2025,5,Rasa yang bagus untuk semua sarapan dan layanan hangat oleh Mba Florence,KOMPETITOR,Bintang 5,PullmanJakartaIndonesiaThamrinCBD,positive,0.9984539747238159,Service Quality,Service Quality (0.99); Food & Beverage (0.99); Guest Experience (0.97)
Waldes Wau,2025,5,lokasi yang baik dan kamar juga sangat nyaman dengan layanan keunggulan dari staf dan ada begitu banyak aktivitas masuk akhir pekan putri saya mendaftar untuk bergabung dengan anak-anak kelas memasak begitu banyak menyenangkan dengan koki ramah dan staf terutama Mr Fanzil dengan layanan yang luar biasa,KOMPETITOR,Bintang 5,PullmanJakartaIndonesiaThamrinCBD,positive,0.9992720484733582,Facilities & Amenities,Facilities & Amenities (1.00); Guest Experience (1.00); Service Quality (1.00)
Muhammad Iqbal Abdillah,2025,5,Pelayanan sangat baik dari pelayan Martina,KOMPETITOR,Bintang 5,PullmanJakartaIndonesiaThamrinCBD,positive,0.9942767024040222,Service Quality,Service Quality (1.00); Guest Experience (0.99); Service Efficiency & Responsiveness (0.94)
shela noviyanti,2025,5,dapat kejutan dari tim pullman terima kasih mba2 mila ella wanda dan fathiya,KOMPETITOR,Bintang 5,PullmanJakartaIndonesiaThamrinCBD,positive,0.5983461141586304,"Loyalty, Recommendation & Appreciation","Loyalty, Recommendation & Appreciation (0.81); Guest Experience (0.76); Service Quality (0.68)"
Putri Wulan Sari,2025,5,Tempatnya begitu bagus tidak akan ada yang datang ke tempat ini,KOMPETITOR,Bintang 5,PullmanJakartaIndonesiaThamrinCBD,positive,0.9706013798713684,Facilities & Amenities,Facilities & Amenities (0.99); Room Quality & Comfort (0.93); Service Quality (0.91)
Rajab Rajab,2025,5,Saya sangat senang bergabung dengan aplikasi ini bagi teman2 yang penasaran yok bergabung di sini,KOMPETITOR,Bintang 5,PullmanJakartaIndonesiaThamrinCBD,positive,0.9930819869041443,Digital Connectivity & Technology,Digital Connectivity & Technology (0.47); Booking & Reservation Experience (0.34); Service Efficiency & Responsiveness (0.34)
Dian Permadi,2025,5,layanan yang cukup bagus fasilitas tempat untuk pertemuan yang cukup nyaman,KOMPETITOR,Bintang 5,PullmanJakartaIndonesiaThamrinCBD,positive,0.9985307455062866,Service Quality,Service Quality (0.99); Facilities & Amenities (0.98); Guest Experience (0.97)
James 500,2025,4,terletak masuk pusat kota dengan lalu lintas yang berat selama jam puncak ada aneh dan bahkan kebijakan nomor plat mobil diterapkan masuk daerah ini dan mungkin akan menantang untuk datang masuk dan pergi keluar dengan mobil namun ada mrt tersedia hanya masuk depan kamar hotel dan fasilitas kondisi sedikit tua dan berjalan ke bawah sarapan baik dengan berbagai pilihan makanan mencoba 2 makan malam dengan layanan kamar mereka dan kualitas makanan baik,KOMPETITOR,Bintang 5,PullmanJakartaIndonesiaThamrinCBD,positive,0.9976703524589539,Facilities & Amenities,Facilities & Amenities (0.99); Service Quality (0.99); Check in/out Experience (0.96)
Marcellino Setiawan,2025,4,Kamar bersih layanan yang baik lokasi yang luar biasa,KOMPETITOR,Bintang 5,PullmanJakartaIndonesiaThamrinCBD,positive,0.977607786655426,Service Quality,Service Quality (1.00); Guest Experience (0.99); Room Quality & Comfort (0.99)
Dyana Prabhandhari,2025,5,Kami mengadakan acara kembali ke belakang di beberapa kamar dan koordinasi dengan pak heri concierge acara sangat bagus bapaknya membantu perhatian dan semua umpan balik bisa dikerjakan dengan baik kudos buat chef feri juga kami pesan kue dan kuenya berubah keluar sangat baik,KOMPETITOR,Bintang 5,PullmanJakartaIndonesiaThamrinCBD,positive,0.9987875819206238,Complaint Handling & Service Recovery,Complaint Handling & Service Recovery (1.00); Food & Beverage (1.00); Facilities & Amenities (1.00)
Cahyo Widoyoko,2025,5,kamarnya agak sekolah lama dan ada detail2 ruangan yang kurang diperhatikan tapi makanan restonya enak banget banyak pilihan aku sejujurnya berpikir orang tinggal di sana karena makanan,KOMPETITOR,Bintang 5,PullmanJakartaIndonesiaThamrinCBD,positive,0.9983657002449036,Facilities & Amenities,Facilities & Amenities (0.91); Food & Beverage (0.90); Guest Experience (0.80)
Ahmad Amsari,2025,5,mantap lah gk usah di omong lagi kalau kata saya,KOMPETITOR,Bintang 5,PullmanJakartaIndonesiaThamrinCBD,positive,0.993627667427063,Sustainability & Environmental Quality,Sustainability & Environmental Quality (0.41); Religious & Halal Features (0.38); Digital Connectivity & Technology (0.37)
Nat.,2025,4,Saya telah tinggal di hotel ini beberapa kali mencoba kamar tua dan baru yang direnovasi sebelum 2024 menginap saya yang paling baru adalah tahun lalu masuk kamar superior masuk menara tua adalah bagaimana Anda menyebutnya saya ingat tinggal saya masuk kamar direnovasi menjadi cukup besar tapi tahun lalu saya begitu kecewa pada keadaan kamar superior itu sangat usang dengan kamar mandi kecil dan saya benci kamar mandi tirai membuat rasanya seperti hotel bintang tiga sekarang saya tinggal di kamar mewah juga masuk menara tua cukup layak dengan sofa dan kamar mandi yang lebih besar,KOMPETITOR,Bintang 5,PullmanJakartaIndonesiaThamrinCBD,negative,0.9990166425704956,Guest Experience,Guest Experience (0.70); Facilities & Amenities (0.68); Check in/out Experience (0.61)
Rika shoba,2025,5,Ruang pertemuan bagus dan nyaman fasilitas untuk pertemuan sangat menunjang untuk kegiatan kami makanan enak dan pelayanannya sangat baik terima kasih untuk staf yang bertugas di acara kami mas heri aris rais oki maki,KOMPETITOR,Bintang 5,PullmanJakartaIndonesiaThamrinCBD,positive,0.9991422891616821,Facilities & Amenities,Facilities & Amenities (1.00); Room Quality & Comfort (1.00); Service Quality (0.98)
Marizha Desthy,2025,5,Ruang pertemuan nyaman banget fasilitas untuk pertemuan lengkap makanan enak dan pelayanannya dari stafnya sangat baik terima kasih untuk staf yang bertugas di acara kami mas heri mas joko mas yang sukses selalu,KOMPETITOR,Bintang 5,PullmanJakartaIndonesiaThamrinCBD,positive,0.9992794394493103,Room Quality & Comfort,Room Quality & Comfort (0.99); Service Quality (0.99); Facilities & Amenities (0.99)
sharah purnamasari,2025,4,makanannya enak2 dari sarapan smpai makan malam kamarnya kurang bersih untuk saya yang alergi debu di kamar saya jadi merah2 dan bersin2 saya di kamar 625 sminggu yang lalu 24 26 juli 24 silahkan di cek kembali untuk kebersihan kamarnya terima kasih,KOMPETITOR,Bintang 5,PullmanJakartaIndonesiaThamrinCBD,negative,0.9921725988388062,Food & Beverage,Food & Beverage (0.75); Check in/out Experience (0.71); Guest Experience (0.69)
Fight Gaming,2025,5,pengalaman yang hebat staf ramah dan profesional sangat dianjurkan,KOMPETITOR,Bintang 5,PullmanJakartaIndonesiaThamrinCBD,positive,0.9961904287338257,Service Quality,Service Quality (1.00); Staff Conduct & Hospitality (0.99); Guest Experience (0.98)
Getryn Icewinda,2025,5,Terima kasih Pak Pur Dari Tim concierge atas bantuannya,KOMPETITOR,Bintang 5,PullmanJakartaIndonesiaThamrinCBD,neutral,0.6859340071678162,"Loyalty, Recommendation & Appreciation","Loyalty, Recommendation & Appreciation (0.83); Staff Conduct & Hospitality (0.83); Service Quality (0.71)"
Sri Sulistiyono,2025,5,Tempat terbaik untuk kegiatan hari bebas mobil mudah diakses,KOMPETITOR,Bintang 5,PullmanJakartaIndonesiaThamrinCBD,positive,0.9987517595291138,Facilities & Amenities,"Facilities & Amenities (0.98); Location, Accessibility & Parking (0.96); Family & Group Friendly (0.80)"
Jason Karundeng,2025,5,Tempatnya sangat nyaman stafnya sangat ramah terutama Florence n Genaldi n Feros,KOMPETITOR,Bintang 5,PullmanJakartaIndonesiaThamrinCBD,positive,0.9989967942237854,Room Quality & Comfort,Room Quality & Comfort (0.99); Facilities & Amenities (0.99); Staff Conduct & Hospitality (0.97)
Markus Karner,2024,5,Ruang kerja yang baik dan baik dilakukan tempat bisnis ruang fungsi dll sarapan buffet adalah pikiran meniup kamar yang sangat jelas tua dan saya mengerti mereka mungkin mengalami renovasi bergulir tetapi bahkan demikian kamar yang sempurna fungsional dan saya menghargai botol air dan detail seperti papan besut dan besi dan multi-pink soket listrik jadi Anda tidak perlu adaptor datang dari Singapura,KOMPETITOR,Bintang 5,PullmanJakartaIndonesiaThamrinCBD,positive,0.9980587363243103,Facilities & Amenities,Facilities & Amenities (1.00); Food & Beverage (0.99); Room Quality & Comfort (0.99)
Yunita Teresia,2025,1,Hotel dengan layanan terburuk masuk dunia Aku tidak akan pernah tinggal di hotel ini lagi,KOMPETITOR,Bintang 5,PullmanJakartaIndonesiaThamrinCBD,negative,0.9988988637924194,Facilities & Amenities,Facilities & Amenities (0.90); Guest Experience (0.87); Pricing & Value for Money (0.56)
irpan ptoy,2025,5,Untuk keamanan nya orang orang nya ramah dan baik untuk kerjasama dan komunikasi nya,KOMPETITOR,Bintang 5,PullmanJakartaIndonesiaThamrinCBD,positive,0.9982913136482239,Safety & Security,Safety & Security (1.00); Staff Conduct & Hospitality (0.99); Service Efficiency & Responsiveness (0.98)
Delia Yulianti,2025,5,tempatnya nyaman makanan dan minumannya enak dengan kak florence,KOMPETITOR,Bintang 5,PullmanJakartaIndonesiaThamrinCBD,positive,0.9994083642959595,Facilities & Amenities,Facilities & Amenities (0.99); Room Quality & Comfort (0.98); Food & Beverage (0.97)
Bagus Wonoasmoro,2025,3,kamarnya oke bersih gaya nya vintage 90an yang di retrofit dengan perkakas baru sayangnya wifi di ruang pertemuan kurang oke lama katanya jaringan padat karena banyak acara mestinya pihak hotel sudah memitigasi dari banyaknya paket pertemuan maka jaringannya harus ditambah dengan kaan iya,KOMPETITOR,Bintang 5,PullmanJakartaIndonesiaThamrinCBD,positive,0.8056973814964294,Service Quality,"Service Quality (0.74); Cleanliness, Hygiene & Maintenance (0.72); Facilities & Amenities (0.71)"
Alex P40,2025,3,mengecewakan dan menurun meskipun terletak baik masuk Jakarta pusat hotel bisnis high-end ini telah turun masuk nilai untuk rasio uang selama beberapa tahun terakhir saya telah tinggal di sana lebih dari 250 malam antara 2021 dan 2023 kualitas makanan telah menjadi cukup rata-rata rasa dan fasilitas yang beragam seperti kolam renang atau gym dipakai keluar staf peduli dan berfokus pada klien hotel namun manajemen fokus pada acara dan pesta jauh lebih sedikit pada kepuasan tamu hotel dan tetap sangat mengabaikan umpan balik pelanggan ini cukup sayang penuh drop masuk standar,KOMPETITOR,Bintang 5,PullmanJakartaIndonesiaThamrinCBD,negative,0.9861183166503906,Facilities & Amenities,Facilities & Amenities (1.00); Guest Experience (0.96); Staff Conduct & Hospitality (0.92)
FAIDAH NAILUFAH,2025,5,Pelayanannya bagus makanannya enak tempatnya nyaman untuk tim hotel yang bertugas responnya cepat dan standby di tempat jadi jika ada sesuatu yang dibutuhkan tidak sulit mencari stafnya terimakasih untuk kerjasamanya pak heri pak fauzi pak cecep dan pak iris,KOMPETITOR,Bintang 5,PullmanJakartaIndonesiaThamrinCBD,positive,0.99891197681427,Service Efficiency & Responsiveness,Service Efficiency & Responsiveness (1.00); Service Quality (1.00); Facilities & Amenities (0.99)
FillaAdm3,2025,4,keseluruhan oke baik tinggal baik lokasi kamar lama,KOMPETITOR,Bintang 5,PullmanJakartaIndonesiaThamrinCBD,positive,0.996283233165741,Guest Experience,Guest Experience (0.99); Room Quality & Comfort (0.99); Service Quality (0.97)
Fendy Sgp,2025,5,Aku akan makan di restoran hotel jika aku terlalu lelah untuk pergi keluar karena menu dan kualitas makanan sangat baik,KOMPETITOR,Bintang 5,PullmanJakartaIndonesiaThamrinCBD,positive,0.9919624924659729,Food & Beverage,Food & Beverage (0.99); Service Quality (0.97); Service Efficiency & Responsiveness (0.94)
wi-bowo,2025,3,bagus tapi msh dbwh ekspektasi smg dapat promo,KOMPETITOR,Bintang 5,PullmanJakartaIndonesiaThamrinCBD,positive,0.9120745658874512,Pricing & Value for Money,Pricing & Value for Money (0.61); Sustainability & Environmental Quality (0.50); Religious & Halal Features (0.44)
Amelia Fury,2025,5,hotel yang bagus dengan pemandangan langsung ke pemandangan kota jakarta khusunya bundaran hi lokasinya strategis kamarnya juga nyaman dan interior yang elegan ke pullman karna ada acara got ruangannya juga bersih dingin pelayanannya juga sangat ramah dan baik toilet tamu bersih dan wangi terimakasih juga untuk mba dea karena sudah mau menunjukkan ke arah toilet bahkan sampai diantarkan mba dea sangat penuh senyum dan melayani saya dengan baik banget deh pullman jika ada kesempatan saya mau kembali kesini lagi menginap dengan keluarga,KOMPETITOR,Bintang 5,PullmanJakartaIndonesiaThamrinCBD,positive,0.9994557499885559,"Cleanliness, Hygiene & Maintenance","Cleanliness, Hygiene & Maintenance (0.99); Staff Conduct & Hospitality (0.99); Facilities & Amenities (0.99)"
vincent VL,2025,5,Terima kasih Ibu Suryani atas jasa Atensi dan nya,KOMPETITOR,Bintang 5,PullmanJakartaIndonesiaThamrinCBD,positive,0.6819305419921875,Facilities & Amenities,"Facilities & Amenities (0.93); Loyalty, Recommendation & Appreciation (0.92); Personalized & Special Services (0.91)"
Vee,2024,5,Saya suka suasana hotel ini mulai dari lobi ruang dansa dan toilet itu bersih dan besar makanan itu nikmat rasa barat seperti yang tidak bahwa medok layanan mereka sangat membantu dan ramah begitu cepat untuk membersihkan semua orang membantu melakukan layanan lokasi dekat dari pusat pusat,KOMPETITOR,Bintang 5,PullmanJakartaIndonesiaThamrinCBD,positive,0.9993879795074463,Facilities & Amenities,"Facilities & Amenities (1.00); Service Efficiency & Responsiveness (1.00); Cleanliness, Hygiene & Maintenance (0.99)"
Vivek Chaudhary,2025,5,Lokasi hanya fantastis masuk jantung distrik bisnis pusat dan sangat dekat dengan kantor klien saya lokasi ini adalah properti yang bagus dan ada 2 sayap saya menginap di ruang eksekutif masuk sayap baru kamar besar dan nyaman dan semua hal yang diperlukan di dalam tidak ada masalah masuk transportasi juga semua jenis taksi tersedia dan staf hotel sangat mendukung masuk mendapatkan satu layanan kamar yang baik dan koki mampu menyesuaikan hidangan sesuai kebutuhan saya penyebaran sarapan besar dan menakjubkan saya belum melihat penyebaran besar masuk lama,KOMPETITOR,Bintang 5,PullmanJakartaIndonesiaThamrinCBD,positive,0.999139666557312,Facilities & Amenities,Facilities & Amenities (1.00); Service Efficiency & Responsiveness (0.98); Service Quality (0.96)
kaichin chang,2025,5,Lokasi yang tenang baik untuk bisnis dan pribadi kamar perjalanan dan layanan yang sangat baik orang dapat menghabiskan waktu masuk spa layanan pijat hotel dianjurkan meminta layanan dari ayu wanita baik dengan teknik pijat yang baik saya akan berada di sana lagi masuk perjalanan berikutnya masuk jakarta,KOMPETITOR,Bintang 5,PullmanJakartaIndonesiaThamrinCBD,positive,0.9987744688987732,Facilities & Amenities,Facilities & Amenities (1.00); Service Quality (0.99); Room Quality & Comfort (0.98)
Naya Nurindra,2025,4,servis oke banget semua ramah cekatan dan membantu cuma sebagai hotel mewah kerasa agak tidak terawat karpet agak dekil sofa di kamar ada bercak bercak kabinet engselnya miring beberapa baut copot di lorong juga kerasa lembab saya di 501 btw biasanya accor emas juga dapet kue ini tumben tidak dapet dan buahnya agak kurang segar sisanya oke semua,KOMPETITOR,Bintang 5,PullmanJakartaIndonesiaThamrinCBD,negative,0.9277674555778503,Service Quality,Service Quality (0.98); Facilities & Amenities (0.96); Service Efficiency & Responsiveness (0.95)
Jems Helix,2025,5,Hotel bintang 5 yang berada di Seberang Plaza Indonesia,KOMPETITOR,Bintang 5,PullmanJakartaIndonesiaThamrinCBD,neutral,0.8126364350318909,Service Quality,"Service Quality (0.88); Sustainability & Environmental Quality (0.87); Cleanliness, Hygiene & Maintenance (0.80)"
e “Mery” mery,2025,4,pergi ke sana untuk pertemuan tidak tinggal lokasi adalah super strategis hanya berjalan kaki dari mrt bundaran hi,KOMPETITOR,Bintang 5,PullmanJakartaIndonesiaThamrinCBD,positive,0.9984161853790283,Facilities & Amenities,Facilities & Amenities (0.94); Check in/out Experience (0.92); Service Efficiency & Responsiveness (0.83)
Sega Raditia,2025,5,keamanan nya ramah dan bersahabat,KOMPETITOR,Bintang 5,PullmanJakartaIndonesiaThamrinCBD,positive,0.9990597367286682,Safety & Security,Safety & Security (1.00); Guest Experience (0.97); Family & Group Friendly (0.95)
Rima Pertamina,2025,5,"Sarapan yang bagus, keramahan yang hebat dari Mba Florence juga.",KOMPETITOR,Bintang 5,PullmanJakartaIndonesiaThamrinCBD,positive,0.9975683093070984,Service Quality,Service Quality (1.00); Guest Experience (1.00); Staff Conduct & Hospitality (0.99)
Ayu Pravindias,2025,4,Kamarnya tidak luas pengering rambut tua dan besi tidak bekerja kamar mandi tidak memiliki kunci tapi makanan lezat dan bervariasi dari Jepang barat Thailand dan Cina lokasi hotel masuk pusat Jakarta yang cukup strategis,KOMPETITOR,Bintang 5,PullmanJakartaIndonesiaThamrinCBD,positive,0.9975824356079102,Facilities & Amenities,"Facilities & Amenities (0.99); Food & Beverage (0.98); Cleanliness, Hygiene & Maintenance (0.95)"
Dave - Oh My Print,2024,4,saat memesan sayangnya saya membuat kesalahan ketik dan memesan untuk bulan yang salah segera saya mengirim email untuk meminta untuk mengubahnya tetapi saya diberitahu itu tidak dapat dikembalikan perasaan ini tidak adil saya telah meminta untuk berbicara dengan seseorang di atas tetapi ini tidak tampaknya bekerja akhirnya dengan beberapa pencarian saya menemukan manajer umum email yang setuju dengan saya dan memiliki stafnya memperbaiki tanggal saya menggunakan bandara mereka layanan pengambilan dan pada saat tiba saya sangat menyambut staf mereka sopan dan saya memiliki layanan yang sangat baik fasilitas dan kamar yang bagus dan saya suka lokasi pusat itu benar-benar bagus,KOMPETITOR,Bintang 5,PullmanJakartaIndonesiaThamrinCBD,negative,0.991534411907196,Booking & Reservation Experience,Booking & Reservation Experience (0.88); Complaint Handling & Service Recovery (0.87); Service Quality (0.83)
GS,2025,4,Musik masuk lorong itu begitu keras sehingga aku bangun pagi masuk pagi,KOMPETITOR,Bintang 5,PullmanJakartaIndonesiaThamrinCBD,negative,0.9020683765411377,Cultural & Heritage Experience,"Cultural & Heritage Experience (0.43); Check in/out Experience (0.41); Loyalty, Recommendation & Appreciation (0.35)"
It's Me,2025,5,kamar nyaman dan dekorasi interior ramadhan bagus makanan variatif ada jacuzzi gratis dan bisa diakses sampai jam 22 00 namun kamar terlalu dingin walaupun sudah di mati,KOMPETITOR,Bintang 5,PullmanJakartaIndonesiaThamrinCBD,positive,0.995284378528595,Facilities & Amenities,Facilities & Amenities (0.98); Room Quality & Comfort (0.90); Religious & Halal Features (0.85)
Aditya Nurcahyanto,2025,3,Saya dan keluarga menginap akhir pekan kemarin dari Jumat 24 Mei minggu 26 Mei terlepas dari lokasi yang strategis sarapan yang enak dan beragam menu sayangnya kebersihan kamar sedikit kurang sempurna baru kali ini saya menginap di hotel bintang 5 ada penghuni lain di kamar di waktu malam mau shalat isya ada seekor kue merayap2 di dinding untung saya dan nyonya bukan orang yang takutan dengan kue semoga hal ini tidak di alami tamu lainnya,KOMPETITOR,Bintang 5,PullmanJakartaIndonesiaThamrinCBD,negative,0.8342428207397461,Facilities & Amenities,Facilities & Amenities (0.94); Guest Experience (0.80); Service Quality (0.70)
Adil Mahmud,2024,5,di akhir tahun 2014 kantor kami mengadakan rapat tahunan di hotel ini dan kebetulan saya dari Surabaya jadi saya bisa jatah menginap di hotel ini selama 3 hari 2 malam semuanya terasa sangat sempurna baik makanan kebersihan kamar dan kenyamanannya namun dari semua hal yang baik yang telah saya sebutkan ada satu hal yang masih terekam dalam memori saya sampai sekarang yaitu aroma dari hotel ini waktu itu entah sekarang sudah berubah atau tidak aromanya karena jika seandainya berubah sangat menyedihkan sekali aroma ruangan aroma sabun tangan semuanya senada itu aroma yang akan selalu terkenang di memori saya dan saya sampai hari ini masih mencari aroma wangi,KOMPETITOR,Bintang 5,PullmanJakartaIndonesiaThamrinCBD,negative,0.543015718460083,Facilities & Amenities,"Facilities & Amenities (1.00); Cleanliness, Hygiene & Maintenance (0.99); Room Quality & Comfort (0.99)"
Pramoth Kumar,2024,5,Saya tinggal di Hotel Pullman di Jakarta selama seminggu saya harus tinggal tinggal adalah baik dan saya menikmati setiap saat di hotel ini selama masuk resepsi jelas menjelaskan rincian tinggal kamar bersih dan cukup untuk satu orang kamar mandi disediakan dengan bak mandi dengan fasilitas lain steamer besi kopi dan ketel juga tidak terlepas untuk menyebutkan lebih kolam renang adalah baik dan waktu adalah sampai jam 9 malam yang ekstasi tambahan sauna jacuzzi dan uap juga disediakan semua dipertahankan rapi dan baik asisten di sauna menjelaskan sangat jelas tentang,KOMPETITOR,Bintang 5,PullmanJakartaIndonesiaThamrinCBD,positive,0.9986936450004578,Facilities & Amenities,"Facilities & Amenities (1.00); Cleanliness, Hygiene & Maintenance (1.00); Service Quality (1.00)"
Siti Rustiani,2025,5,mengedepankan layanan sangat baik dan secara konsisten memberikan pelayanan yang sesuai pak panji dan rekan rekan selalu sigap dan keren setiap kali kami meminta penambahan meja kursi dll untuk mengubah tata letak pertemuan tidak perlu lama langsung dikerjakan sehingga kegiatan bisa langsung dimulai kembali,KOMPETITOR,Bintang 5,PullmanJakartaIndonesiaThamrinCBD,positive,0.9986926913261414,Service Efficiency & Responsiveness,Service Efficiency & Responsiveness (1.00); Service Quality (1.00); Family & Group Friendly (0.99)
mustofa idrus,2025,5,ruang pertemuan nya nyaman banget fasilitas untuk pertemuan lengkap makanan enak dan pelayanan nya dari staf nya sangat baik terima kasih untuk staf yang bertugas di acara kami bp heri bayu bambang dan yang cang idrus ilo,KOMPETITOR,Bintang 5,PullmanJakartaIndonesiaThamrinCBD,positive,0.9992935657501221,Facilities & Amenities,Facilities & Amenities (1.00); Service Quality (0.99); Room Quality & Comfort (0.99)
imas suminar,2025,5,lokasi strategis fasilitas untuk pertemuan lengkap makanan dan minuman enak pelayanan sangat baik terimakasih untuk staf yang membantu kelancaran pertemuan kami mas heri pak gito wisnu dan mas bambang pekerjaan yang baik,KOMPETITOR,Bintang 5,PullmanJakartaIndonesiaThamrinCBD,positive,0.9993767142295837,Food & Beverage,Food & Beverage (1.00); Facilities & Amenities (1.00); Service Quality (0.99)
Bitri Indriany,2025,5,Pullman thamrin merupakan hotel terbaik di pusat kota kami mengadakan pertemuan nasional disini cukup terakomodir dengan baik pelayanan bpk pur sebagai salah satu bellman juga cukup baik pada saat saya membutuhkan bantuan,KOMPETITOR,Bintang 5,PullmanJakartaIndonesiaThamrinCBD,positive,0.999110996723175,Service Quality,Service Quality (0.99); Guest Experience (0.97); Service Efficiency & Responsiveness (0.96)
Colleen Caskey,2024,5,Kami memiliki menginap yang indah untuk ulang tahun kami mereka pergi di atas dan di luar untuk membuat kami merasa disambut dan dirayakan dari karya seni masuk kamar kami untuk saran restoran untuk pengiriman kue kejutan ke pintu kami semuanya fantastis sangat dianjurkan untuk masa depan wisatawan ke Jakarta,KOMPETITOR,Bintang 5,PullmanJakartaIndonesiaThamrinCBD,positive,0.9952842593193054,Check in/out Experience,Check in/out Experience (0.99); Guest Experience (0.99); Facilities & Amenities (0.98)
Sri Purwanti,2025,5,Pur Bellman dan Jonathan dari tim concierge sangat membantu,KOMPETITOR,Bintang 5,PullmanJakartaIndonesiaThamrinCBD,positive,0.950874388217926,Staff Conduct & Hospitality,Staff Conduct & Hospitality (0.89); Guest Experience (0.82); Service Quality (0.81)
Farah Amila,2025,5,hotel yang sangat strategis di daerah jakpus dan memiliki fasilitas yang bagus serta lengkap pelayanan juga ramah menu di restoran juga enak2 sekali berikutnya akan menginap di sini lagi,KOMPETITOR,Bintang 5,PullmanJakartaIndonesiaThamrinCBD,positive,0.9993126392364502,Facilities & Amenities,Facilities & Amenities (1.00); Service Efficiency & Responsiveness (0.98); Service Quality (0.97)
Anggi Septiany,2025,4,Saya menginap dan melakukan acara di hotel ini semua tim sangat membantu terutama tim bank yang bertugas saat acara mas panji mas heri cecep dan fauzi yang sudah bantu wara wiri dan siapin semua permintaan kita juga buat mas iries tim penjualan yang mudah banget diajak komunikasinya semoga ada kesempatan untuk bekerja sama dan melaksanakan acara lagi,KOMPETITOR,Bintang 5,PullmanJakartaIndonesiaThamrinCBD,positive,0.9974026083946228,Facilities & Amenities,Facilities & Amenities (0.98); Staff Conduct & Hospitality (0.93); Family & Group Friendly (0.92)
safia tsarwah eka wulandari,2025,5,Makaron bakeshop tempatnya enak untuk santai sambil minum teh dengan roti croissant coklat di tambah pelayanannya yang ramah berikutnya akan kembali lagi jika ada pertemuan di sana,KOMPETITOR,Bintang 5,PullmanJakartaIndonesiaThamrinCBD,positive,0.9990726709365845,Service Quality,Service Quality (1.00); Guest Experience (0.99); Food & Beverage (0.99)
Asep saefullah Bin h ali,2025,1,Skuritynya tidak nyaman Negur ojol kaya wong sengit,KOMPETITOR,Bintang 5,PullmanJakartaIndonesiaThamrinCBD,negative,0.9994012117385864,Guest Experience,Guest Experience (0.87); Sustainability & Environmental Quality (0.53); Service Quality (0.52)
Amyra Aliya,2025,5,telah mengatur acara sarapan di pullman untuk perusahaan saya keseluruhan 5 bintang layanan kamar ini siap berdasarkan permintaan kami dan sarapan buffet paket Asia juga lezat dan diterima dengan baik oleh tamu kami terima kasih untuk semua tim terutama untuk tim bank mas panji mas joko mas makie dan mas mereka sangat membantu sepanjang acara terima kasih banyak,KOMPETITOR,Bintang 5,PullmanJakartaIndonesiaThamrinCBD,positive,0.999150276184082,Guest Experience,Guest Experience (0.99); Family & Group Friendly (0.99); Service Quality (0.99)
Meisy Purwida,2025,5,sarapan di makaron toko roti makanan nya enak kopi nya mantap pelayanan nya juga sangat memuaskan mba florence sangat ramah dan membantu pokoknya terima kasih ya mba florence next pasti saya akan datang lagi bersama teman teman,KOMPETITOR,Bintang 5,PullmanJakartaIndonesiaThamrinCBD,positive,0.9995381832122803,Service Efficiency & Responsiveness,Service Efficiency & Responsiveness (0.98); Service Quality (0.98); Food & Beverage (0.98)
Hmood Alshukely,2025,5,Pullman jakarta layanan luar biasa dan perhatian ke detail selama saya tinggal baru-baru ini di pullman jakarta saya benar-benar terkesan dengan layanan luar biasa dan perhatian ke detail yang diberikan oleh staf pullman jakarta pertama dan terutama saya ingin mengungkapkan terima kasih saya kepada manajemen untuk profesionalisme mereka dan komunikasi yang efektif ketika menyadari bahwa saya telah melupakan item masuk kamar saya pada checkout mereka segera menghubungi saya dan membuat pengaturan untuk pengembalian aman mereka tindakan cepat dan komitmen untuk kepuasan tamu benar-benar melampaui harapan saya lebih lanjut sikap ramah dan mendukung mr pur meninggalkan kesan yang abadi,KOMPETITOR,Bintang 5,PullmanJakartaIndonesiaThamrinCBD,positive,0.9973898530006409,Service Efficiency & Responsiveness,Service Efficiency & Responsiveness (1.00); Guest Experience (0.92); Service Quality (0.91)
Franz Hansa,2025,5,hotel dengan lokasi strategis dan menyediakan berbagai macam makanan,KOMPETITOR,Bintang 5,PullmanJakartaIndonesiaThamrinCBD,positive,0.9990410208702087,Food & Beverage,Food & Beverage (0.98); Facilities & Amenities (0.98); Service Efficiency & Responsiveness (0.93)
Roni Wijaya,2025,5,di daerah tengah perkantoran cocok untuk pertemuan atau pertemuan pribadi kelas atas,KOMPETITOR,Bintang 5,PullmanJakartaIndonesiaThamrinCBD,positive,0.9756613969802856,Personalized & Special Services,Personalized & Special Services (0.76); Facilities & Amenities (0.74); Check in/out Experience (0.67)
Ori Ka,2025,5,enak banget salmonya trimakasih kak florence ats pelayanannya,KOMPETITOR,Bintang 5,PullmanJakartaIndonesiaThamrinCBD,positive,0.9990720748901367,Service Quality,Service Quality (0.97); Guest Experience (0.91); Food & Beverage (0.90)
b agus Hartadi,2025,5,pertama kali menggunakan ballroom pullman untuk acara yang lumayan kejar kejaran secara jadwal dan sangat beruntung dibantu penuh oleh tim hotel dari keamanan teknik dan terutama khusus terima kasih untuk tim bank pak gito pak bambang pak panji dan pak heri saya pribadi dan mewakili teman teman mengucapkan banyak terimakasih semoga segera bertemu di folder selanjutnya maaf kemaren belum lagi ngopi bersama,KOMPETITOR,Bintang 5,PullmanJakartaIndonesiaThamrinCBD,positive,0.99512779712677,Safety & Security,Safety & Security (0.93); Staff Conduct & Hospitality (0.90); Guest Experience (0.89)
Rossi Aprianti,2025,5,memiliki pertemuan yang diadakan oleh perusahaan saya di sini selama 4 hari dan tim pesta mereka sangat membantu mas heri mas herla dan mas yongki semua pesta memberikan layanan yang baik sepanjang acara akomodasi mereka juga meninggalkan saya kesan yang baik meskipun kamar tidak terlalu besar tetapi itu memberikan semua yang saya butuhkan bahkan memiliki bak mandi masuk kamar mandi mereka ruang makan siang meninggalkan kesan yang baik dan masuk dibangun led juga peralatan suara mereka adalah nyata pertemuan hibrida saya berjalan lancar benar-benar berharap untuk memiliki pertemuan masuk berikutnya di sini menjaga tim kerja yang baik,KOMPETITOR,Bintang 5,PullmanJakartaIndonesiaThamrinCBD,positive,0.9990110397338867,Facilities & Amenities,Facilities & Amenities (0.99); Guest Experience (0.98); Service Quality (0.98)
Sulis Tyowatiningsih,2024,4,kesini karena ada pertemuan bisnis di salah satu ruang pertemuan nya sebelum acara ada makan siang ketika saya datang makanan kebanyakan sudah habis dan ternyata tidak mengisi gelas sempat agak lama kosong sehingga ada teman saya minum dengan mangkok makanan juga tidak sesuai dengan ekspektasi saya dari bintang lima ayam nya tidak ada rasa kambing guling nya ada bagian yang banyak yang paling memperbaiki itu soto nya agak ada rasa gedung baru sendiri rapi di toilet ada hand lotion akses hotel sangat mudah ayam dan strategis area parkir juga luas,KOMPETITOR,Bintang 5,PullmanJakartaIndonesiaThamrinCBD,negative,0.9770759344100952,Service Quality,Service Quality (0.75); Food & Beverage (0.73); Facilities & Amenities (0.60)
Vanessa K.,2025,1,layanan pelanggan yang buruk dan setengah dari fasilitas treadmill rusak dan tidak ada dari staf tampaknya menyadari atau peduli tentang hal itu kecewa di kolam renang gym dan sauna kebersihan masuk kamar mandi diabaikan benar-benar penurunan besar layanan dan kualitas telah menjadi anggota di gym selama lebih dari 5 tahun sebelum istirahat panjang akan mengharapkan kualitas untuk meningkatkan selama bertahun-tahun tampaknya yang pergi selatan,KOMPETITOR,Bintang 5,PullmanJakartaIndonesiaThamrinCBD,negative,0.9991433620452881,Facilities & Amenities,Facilities & Amenities (1.00); Guest Experience (0.99); Service Quality (0.97)
Jay Park (Jiheon),2025,5,memilih hotel ini terletak masuk jantung Jakarta daerah pusat adalah keputusan terbaik tidak hanya hotel membanggakan fasilitas sesuai peringkatnya tetapi staf profesional benar-benar nilai tambah untuk pengalaman itu adalah pukulan keberuntungan untuk menikmati nilai seperti itu bersama dengan harga yang sangat baik terutama eno dita dan cipta di ruang tamu klub memastikan awal yang nyaman untuk menjelajahi kota yang tidak dikenal melampaui standar concierge dengan sukacita koki di ruang tamu klub disajikan hidangan yang menimbulkan kagumannya menunjukkan perhatian mendalam bahkan untuk preferensi mengenai pedas pengalaman makan adalah luar biasa,KOMPETITOR,Bintang 5,PullmanJakartaIndonesiaThamrinCBD,positive,0.9993999004364014,Facilities & Amenities,Facilities & Amenities (1.00); Staff Conduct & Hospitality (1.00); Pricing & Value for Money (1.00)
Christina Manurung,2025,5,terima kasih pullman buat jamuan makan siang nya di sanasini resto makanannya enak sekali pelayanan nya juga oke banget best banget pokoknya terima kasih juga nasi goreng dan sate sate an nya ala chef bambang yang di makanan indonesia yang super duper enak selain enak pelayanannya chef bambang nya juga oke banget best pokoknya aku akan kembali lagi,KOMPETITOR,Bintang 5,PullmanJakartaIndonesiaThamrinCBD,positive,0.9994029998779297,Service Quality,"Service Quality (0.96); Guest Experience (0.88); Loyalty, Recommendation & Appreciation (0.88)"
Fhy Syz,2025,5,hotel terbaik yang pernah saya datangi padahal saya hanya calon anak magang saja tapi staf hotel sangat ramah dan tidak membeda2kan informasi yang diberikan juga sangat mudah dipahami selain itu view nya sangat bagus dan saat dengan bundaran hi,KOMPETITOR,Bintang 5,PullmanJakartaIndonesiaThamrinCBD,positive,0.9990620017051697,Service Quality,Service Quality (0.99); Staff Conduct & Hospitality (0.99); Facilities & Amenities (0.97)
Afifah Hikmatunisa,2025,5,ruang eksekutif di hotel pullman jakarta adalah topnotch suasana bagus makanan adalah lezat dan staf terutama ms reta dan ms dita sangat membantu itu adalah jenis tempat di mana Anda bisa kick kembali menikmati beberapa makanan hebat dan tahu bahwa Anda masuk tangan yang baik,KOMPETITOR,Bintang 5,PullmanJakartaIndonesiaThamrinCBD,positive,0.9993777275085449,Facilities & Amenities,Facilities & Amenities (1.00); Guest Experience (1.00); Food & Beverage (1.00)
Adevj Damia,2025,5,pengalaman ngerjain event di pullman jakarta indonesia thamrin cbd menyenangkan staf banquetnya ramah dan sangat membantu terima kasih banget buat tim banquet mas panji mas bayu mas heri dan mas fauzi makanannya juga enak porsinya saat dan enak terima kasih banget buat chef wahyudi semua baik dan luar biasa disarankan banget buat yang mo event di pullman thamrin,KOMPETITOR,Bintang 5,PullmanJakartaIndonesiaThamrinCBD,positive,0.9992151260375977,Staff Conduct & Hospitality,Staff Conduct & Hospitality (0.98); Service Quality (0.97); Service Efficiency & Responsiveness (0.95)
Windy Rizki,2023,5,bulan kunjungan Oktober 2022 datang ke sini untuk sebuah bengkel selalu menyenangkan untuk menghadiri bengkel di sini lokasinya sangat strategis di tengah kota dan mudah juga di akses dengan kendaraan umum hotelnya sangat bagus mewah ruang luas pertemuannya juga selalu membuat puas pelanggan mikrofon wifi oke musholla di lantai 2 dan nyaman juga bersih buffetnya sih paling highlight dari pullman ini buffetnya besar dengan pilihan makanan beragam indonesia barat jepang dll gelatonya enak dulu tapi dulu perasan ada pilihan granola buat opsi crumblesnya kok kemarin tidak ada lagi yah granolanya hehe jika Anda memiliki anggaran tempat ini sangat direkomendasikan kedua,KOMPETITOR,Bintang 5,PullmanJakartaIndonesiaThamrinCBD,positive,0.9995998740196228,Facilities & Amenities,"Facilities & Amenities (0.99); Cleanliness, Hygiene & Maintenance (0.98); Food & Beverage (0.97)"
Fadly Barok,2025,5,Hotel bagus dengan lokasi yang strategis kesini saat acara kantor dan semua berjalan lancar staf hotel yang bertugas berdiri dengan dan siap membantu terima kasih ke tim bank Aris devana dan panji,KOMPETITOR,Bintang 5,PullmanJakartaIndonesiaThamrinCBD,positive,0.998802661895752,Facilities & Amenities,Facilities & Amenities (0.98); Service Efficiency & Responsiveness (0.96); Service Quality (0.91)
Rinda Hadiana,2024,2,Ini adalah hotel bintang 5 dan rantai hotel internasional yang terletak masuk jantung jakarta namun saya merasa bahwa itu lebih mirip dengan hotel bintang 3 masuk syarat kualitas kamar dan layanan yang disediakan mengingat harga dan reputasi itu tampaknya tidak layak uang namun saya berakhir tinggal untuk 2 malam restoran dan layanan sarapan adalah sorotan dari pengalaman saya menawarkan layanan terbaik dan momen menyenangkan silakan meningkatkan pullman,KOMPETITOR,Bintang 5,PullmanJakartaIndonesiaThamrinCBD,positive,0.9823769330978394,Facilities & Amenities,Facilities & Amenities (0.99); Service Quality (0.99); Room Quality & Comfort (0.99)
AIG,2024,4,lokasi hotel ini strategis banget langsung di bundaran hi saat di seberang plaza indonesia dan dekat jika mau ke grand indonesia dan masih layak buat jalan kaki ke thamrin city restoranannya buat sarapan makan siang atau makan malam memuaskan variasinya banyak kalau sarapan bisa pesan cappucino dan variannya termasuk match satu mengeluh utama untuk hotel ini adalah kamar mandinya sempit,KOMPETITOR,Bintang 5,PullmanJakartaIndonesiaThamrinCBD,positive,0.983954668045044,Food & Beverage,Food & Beverage (0.19); Facilities & Amenities (0.06); Complaint Handling & Service Recovery (0.03)
M Ishlah,2025,5,nyaman di jantung kota jakarta dekat monas dan sarinah pasar tanah abang,KOMPETITOR,Bintang 5,PullmanJakartaIndonesiaThamrinCBD,positive,0.9982983469963074,Facilities & Amenities,Facilities & Amenities (0.96); Service Efficiency & Responsiveness (0.90); Service Quality (0.89)
Farhan Hanif,2025,5,Sarapan sangat baik Florence dan Genaldy sangat ramah dan membantu,KOMPETITOR,Bintang 5,PullmanJakartaIndonesiaThamrinCBD,positive,0.9978408813476562,Food & Beverage,Food & Beverage (1.00); Guest Experience (0.99); Staff Conduct & Hospitality (0.98)
Raheesh Alkinoos Arief,2025,4,Saya sempat menginap di hotel pullman untuk menginap lokasinya cukup bagus stafnya pada ramah dan sangat membantu kamarnya bagus dan bersih tapi bisa dikatakan relatif kecil kritikannya saya yaitu parkirannya agak jauh dari hotelnya makanannya kurang bervariasi tapi untuk harga hotel ini lumayan oke saya merekomendasikan untuk menginap di hotel ini,KOMPETITOR,Bintang 5,PullmanJakartaIndonesiaThamrinCBD,positive,0.9969774484634399,Staff Conduct & Hospitality,"Staff Conduct & Hospitality (0.99); Location, Accessibility & Parking (0.99); Service Efficiency & Responsiveness (0.99)"
Amira Putriutami,2024,5,Saya tinggal di sini dengan keluarga saya untuk tahun baru semuanya bagus di pintu masuk staf sangat ramah dan membantu saya tinggal dengan nenek saya yang membutuhkan bantuan dengan kursi roda seluruh fasilitas adalah kursi roda ramah dan staf juga membantu masuk membantu dia untuk sarapan meja Nye acara akses ke jalan pejalan kaki dan bahkan turun dari mobil kami meskipun kami memesan kamar yang lebih kecil kamar dan kamar mandi ruang cukup untuk kursi roda nenek saya sarapan yang hebat karena itu baru hotel cukup dikemas namun makanan tidak pernah kosong tidak ada antrian panjang,KOMPETITOR,Bintang 5,PullmanJakartaIndonesiaThamrinCBD,positive,0.9975801706314087,Staff Conduct & Hospitality,Staff Conduct & Hospitality (1.00); Facilities & Amenities (1.00); Service Efficiency & Responsiveness (1.00)
Rachmad Syahputra,2024,3,kamar cukup bagus tapi sedikit keluar dari tanggal lokasi sangat strategis dan makanan sangat lezat namun pelayanan cukup buruk terutama di pintu depan tidak dibukakan pintu tidak dibantu angkat ataupun menurunkan koper dan suka dicuekin di sisi tamu lain asinf sangat disambut ini juga terjadi di restoran saya kopi teh harus minta sedangkan tamu asing sangat dilayani yah sebagai evaluasi saja ya terima kasih,KOMPETITOR,Bintang 5,PullmanJakartaIndonesiaThamrinCBD,negative,0.9844475984573364,Food & Beverage,Food & Beverage (0.99); Guest Experience (0.98); Facilities & Amenities (0.96)
Nuri Riani,2025,5,hotelnya bagus tapi pelit ruang mau pertemuan 70 org dikasih ruang yang saat pasan minta 100 org dikasih ruang dansa dibagi 3 ya gapapa sih cuma ya kok ngasihnya ngepres banget makanan dsni enak2 klo nginep juga kamarnya nyaman lokasi di pusat kota depan plaza indonesia depan berhenti busway,KOMPETITOR,Bintang 5,PullmanJakartaIndonesiaThamrinCBD,positive,0.9989374279975891,Facilities & Amenities,Facilities & Amenities (0.94); Service Quality (0.85); Food & Beverage (0.76)
andy gibbs,2023,4,Hotel nyaman tapi hanya tidak bisa mendapatkan pemesanan saya benar saya dikunci keluar dari kamar saya beberapa kali dan harus mendapatkan kunci saya dibuat ulang tidak ada pertanyaan keamanan untuk memeriksa itu benar-benar saya nyaman kamar keren non-barat sarapan yang besar dan beragam kopi benar-benar mengerikan belakang kamar bar adalah menyenangkan dan menawarkan cemilan baik tempat untuk pertemuan dan konferensi,KOMPETITOR,Bintang 5,PullmanJakartaIndonesiaThamrinCBD,positive,0.991979718208313,Food & Beverage,Food & Beverage (1.00); Facilities & Amenities (0.99); Service Quality (0.95)
Petr Krivonozka,2024,5,restoran dan makanan yang beragam pada sarapan hanya luar biasa saya adalah seorang wisatawan sering dan saya mulai masuk 3 hotel sama dengan 5 kemewahan saya belum pernah mengalami sarapan yang lebih baik di seluruh dunia menakjubkan kamar akan membutuhkan beberapa pembaharuan tapi kualitas makanan membuat saya menempatkan 5,KOMPETITOR,Bintang 5,PullmanJakartaIndonesiaThamrinCBD,positive,0.9965871572494507,Facilities & Amenities,Facilities & Amenities (0.90); Guest Experience (0.86); Food & Beverage (0.81)
Lim Sri Suhartati,2025,5,semuanya bagus lampu di kamar juga terang bersih dan pelayanan servicenya cepat untuk selamat datang minum es coklatnya sangat enak terima kasih buat staf pak sandy dan ibu florence yang sudah membuat dan melayani kami,KOMPETITOR,Bintang 5,PullmanJakartaIndonesiaThamrinCBD,positive,0.9991375207901001,Facilities & Amenities,"Facilities & Amenities (1.00); Service Efficiency & Responsiveness (1.00); Cleanliness, Hygiene & Maintenance (1.00)"
dinda zuhriah hikmah,2025,5,hotel bintang 5 dengan harga yang masih bersahabat kamar bersih lengkap sangat dekat sama bundarah hi kamu kemana mana dekat pagi bisa ikut cfd di depannya makanan sarapan sangat enak sekali dan banyak variasiinya terimakasih untuk pelayanan yang sangat baik mba annisa syarifah,KOMPETITOR,Bintang 5,PullmanJakartaIndonesiaThamrinCBD,positive,0.999528169631958,Service Quality,"Service Quality (0.99); Cleanliness, Hygiene & Maintenance (0.97); Facilities & Amenities (0.97)"
rachelina sinaga,2024,1,1 tidak layak uang Anda untuk menghabiskan liburan Anda masuk hotel ini Anda bisa mendapatkan harga yang sama dengan kualitas yang lebih tinggi 2 kertas dinding kotor debu kamar super kecil,KOMPETITOR,Bintang 5,PullmanJakartaIndonesiaThamrinCBD,negative,0.9981022477149963,Pricing & Value for Money,Pricing & Value for Money (0.97); Facilities & Amenities (0.77); Check in/out Experience (0.61)
Hanaa Nadaa Pertiwi,2025,5,sudah beberapa kali menginap di bus thamrin dapet kamar dengan view jalan thamrin di kamar ada dapur dan meja makannya gitu tapi menurut saya kamarnya seperti jadul dan terlalu sempit kamar mandi nya dan rasanya kamar kurang kedap,KOMPETITOR,Bintang 5,PullmanJakartaIndonesiaThamrinCBD,negative,0.8782464861869812,Facilities & Amenities,Facilities & Amenities (0.90); Food & Beverage (0.63); Booking & Reservation Experience (0.52)
Itin Chen,2025,5,hotel favorit baru di jakarta kamarnya besar dan bersih pelayanannya baik dan ramah variasi menu sarapan juga banyak dekat dari bundaran hi gi dan pi oke banget lah,KOMPETITOR,Bintang 5,PullmanJakartaIndonesiaThamrinCBD,positive,0.9993714690208435,Facilities & Amenities,Facilities & Amenities (0.99); Service Quality (0.98); Room Quality & Comfort (0.98)
Adrian Wong,2025,4,Lokasi sempurna kamar bersih dan staf ramah,KOMPETITOR,Bintang 5,PullmanJakartaIndonesiaThamrinCBD,positive,0.9989114999771118,Service Quality,"Service Quality (1.00); Cleanliness, Hygiene & Maintenance (1.00); Service Efficiency & Responsiveness (1.00)"
Nurmansyah,2025,5,hotel dengan lokasi strategis terbaik akses transportasi umum mudah seperti MRT dan Transjakarta hotel ini juga dekat dengan pusat perbelanjaan seperti Grand Indonesia dan Plaza Indonesia restoran hotel ini menyediakan berbagai macam jenis makanan seperti makanan Indonesia Jepang Cina dan Barat,KOMPETITOR,Bintang 5,PullmanJakartaIndonesiaThamrinCBD,positive,0.9991579055786133,Food & Beverage,Food & Beverage (0.88); Facilities & Amenities (0.87); Service Efficiency & Responsiveness (0.77)
Sali Susiana,2024,4,lokasi strategis hanya saja untuk masuk dengan mobil jam lewat pintu masuk belakang pintu depan hanya bisa dilewati pejalan kaki untuk yang naik taksi online jam ambil titik wisma nusantara saya sempat di batal 2x karena sopir tidak mau ingat,KOMPETITOR,Bintang 5,PullmanJakartaIndonesiaThamrinCBD,positive,0.9253697395324707,"Location, Accessibility & Parking","Location, Accessibility & Parking (0.64); Facilities & Amenities (0.52); Religious & Halal Features (0.48)"
Muhammad Sandigusnaidi,2024,5,Buffet Hi Tea Di Le Chocolate Hotel Pullman sangat direkomendasikan terdapat banyak variasi untuk makanan dapat minum gratis juga jika mengambil buffet pelayannya sangat baik staf nya komunikatif dan ramah mba florence dan mba sumarni,KOMPETITOR,Bintang 5,PullmanJakartaIndonesiaThamrinCBD,positive,0.999473512172699,Staff Conduct & Hospitality,Staff Conduct & Hospitality (0.99); Service Quality (0.98); Food & Beverage (0.98)
maya noviana,2025,5,pur bag porter bazar amal menyenangkan dan nyaman,KOMPETITOR,Bintang 5,PullmanJakartaIndonesiaThamrinCBD,positive,0.9971718192100525,Religious & Halal Features,"Religious & Halal Features (0.99); Facilities & Amenities (0.98); Cleanliness, Hygiene & Maintenance (0.94)"
Raka Yudhistira,2025,5,bintang 5 dengan kamar yang kecil tapi bukan masalah buat saya lokasi hotel sangat strategis sarapan termasuk yang paling enak di antara bintang 5 tempat parkir lainnya juga bisa buat parkir ke senayan kota hi karena sangat luas,KOMPETITOR,Bintang 5,PullmanJakartaIndonesiaThamrinCBD,positive,0.9990376234054565,"Location, Accessibility & Parking","Location, Accessibility & Parking (0.98); Facilities & Amenities (0.91); Food & Beverage (0.69)"
Tarani Julianti,2025,5,Bagus sekali pelayanannya selanjutnya kita kesini lagi,KOMPETITOR,Bintang 5,PullmanJakartaIndonesiaThamrinCBD,positive,0.9966487288475037,Service Quality,Service Quality (1.00); Guest Experience (0.99); Check in/out Experience (0.92)
Raf,2025,3,padahal maunya makan sahur di bawah tapi pihak hotel tiba tiba tiba sudah mengantarkan kotak makanan minimal konfirmasi dulu ke tamu sebelum memutuskan sepihak respon telepon concierge juga lama saya habis pulsa banyak jadinya,KOMPETITOR,Bintang 5,PullmanJakartaIndonesiaThamrinCBD,negative,0.9959169030189514,Guest Experience,Guest Experience (0.68); Service Quality (0.61); Food & Beverage (0.59)
Halim Khoiron,2025,5,Hotel bintang 5 dengan lokasi strategis dr bundaran hi parkir luas dan aman kamar bagus pelayanan memuaskan makanannya enak semua ini yang benar bikin nagih,KOMPETITOR,Bintang 5,PullmanJakartaIndonesiaThamrinCBD,positive,0.9995259046554565,Service Quality,Service Quality (1.00); Facilities & Amenities (1.00); Room Quality & Comfort (1.00)
Satya Rahadhian,2025,4,lokasi yang sempurna untuk liburan dan bisnis strategis terletak masuk bunderan hi dekat dengan pusat kota dan daerah belanja populer membuat tempat ini tujuan yang bagus untuk mengunjungi dan menjelajahi sana sini restoran mereka juga menawarkan yang besar,KOMPETITOR,Bintang 5,PullmanJakartaIndonesiaThamrinCBD,positive,0.9993951320648193,Facilities & Amenities,Facilities & Amenities (0.99); Food & Beverage (0.96); Family & Group Friendly (0.91)
Klinsman Hinjaya,2024,5,Beberapa bulan yang lalu saya menghadiri pernikahan kerabat saya di sini dan itu adalah pengalaman yang hebat makanan itu luar biasa hari ini sementara menunggu teman-teman saya tiba di hotel saya secara tidak sengaja merobek topeng saya dan seorang petugas rumah bernama Hilmi membantu saya dengan memberi saya sepasang topeng gratis layanan yang indah,KOMPETITOR,Bintang 5,PullmanJakartaIndonesiaThamrinCBD,positive,0.8713033199310303,Guest Experience,Guest Experience (0.94); Cultural & Heritage Experience (0.82); Check in/out Experience (0.80)
Amanda Kusmajaya,2024,5,Hotel ini terletak strategis masuk jantung jakarta kamarnya bersih dan nyaman dan makanan juga mewah dan lezat selain itu staf semua sangat ramah dan membantu terutama yang bernama anggi secara keseluruhan pengalaman saya ada sempurna dan itu pasti layak untuk kunjungan,KOMPETITOR,Bintang 5,PullmanJakartaIndonesiaThamrinCBD,positive,0.9994518160820007,Facilities & Amenities,Facilities & Amenities (1.00); Room Quality & Comfort (1.00); Guest Experience (1.00)
Bambang Haryanto,2025,5,keamanan nya ramah dan sangat membantu,KOMPETITOR,Bintang 5,PullmanJakartaIndonesiaThamrinCBD,positive,0.9975137710571289,Safety & Security,Safety & Security (1.00); Service Efficiency & Responsiveness (0.99); Service Quality (0.98)
Goki Purba,2025,5,Pelayanan sangat baik ramah dan responsif senang bisa melaksanakan acara di sini saran untuk agar orang yang tidak berkepentingan bisa masuk pihak hotel memberitahu terlebih dlu kepada panitia agar bisa mengantisipasi kejadian seperti ini secara kesulurhan pelayanan sangat baik,KOMPETITOR,Bintang 5,PullmanJakartaIndonesiaThamrinCBD,positive,0.9949988126754761,Service Quality,Service Quality (1.00); Staff Conduct & Hospitality (0.99); Service Efficiency & Responsiveness (0.99)
Anak Baik01,2026,1,Pertama resepsi mengatakan saya BF hanya mendapatkan 1 Saya mengatakan kepadanya saya memesan twin bed berarti tentu saja saya dua bahkan lebih bagaimana saya bisa memesan twin tapi saya tinggal sendirian dia mengatakan saya tidak ada bu yang kayak gitu jika pesanan untuk satu orang yah berarti satu dptnya okelah yah kadalin lah aku yang juga hotelier dan fbm ini gpp bisa byr jika bf terus dapat kamar ktanya menit terakhir tidak dapat melihat atas sedangkan saat saat banya temen yang kerja d sna msh ada yang kosong knpa tidak tidak mnta pindah krna msh ada kosong lihat mba mba resepsi yang tidak ramah tapi lupa nama,KOMPETITOR,Bintang 5,PullmanJakartaIndonesiaThamrinCBD,negative,0.9836855530738831,Booking & Reservation Experience,Booking & Reservation Experience (0.93); Pricing & Value for Money (0.93); Staff Conduct & Hospitality (0.87)
Andri F,2025,1,satu2nya yang oke dari hotel ini adalah lokasinya diluar itu tidak ada interior kamar sudah lapuk meskipun kamar di gedung yang lebih baru kamar di gedung lama lebih menyedihkan langit2 rendah kamar terasa sumpek dan lembab sarapan makin kesini makin berkurang kualitas staf hotelnya ya itulah mungkin overwork dan tidak dibayar sehingga pekerjaan sudah tidak memakai hati lagi mohon tingkat top management hotelnya harus memperbaiki diri ini jauh sekali di bawah standar hotel pullman lain di indonesia sangat menyedihkan stafnya diperbanyak dan ditreni lagi sebenernya mereka beban bekerja sudah baik seb mungkin tapi karena pekerjaan tidak seb mungkin,KOMPETITOR,Bintang 5,PullmanJakartaIndonesiaThamrinCBD,negative,0.9762910604476929,Facilities & Amenities,"Facilities & Amenities (0.77); Location, Accessibility & Parking (0.54); Service Quality (0.50)"
Dina Charolina,2026,1,jauh2 dari palembang wlwpun menit terakhir pesannya ada pemberitahuan premium ny juga msih di tarok di kamar 3 yang tidak terlihat jalan setidakny dari permintaan lantai atas tlg lh kita dhubungi ada nya lantai tiga minimal lantai 4 bisa melihat manusia di bawah ke kereta biar tidak repot turun tapi ttp tidak ada yang diliat kecuali gedung ntah siapa yang slh pesan kembar sudah jelas berdua atau mungkin lebih bisa sarapan 1 oke lh yah saja sarapan bisa tambahan akhirnya terpaksa tidur lh resepsionis ny jutek dan kurang ramah btw aku mantan hotelier hotel arista palembang terima kasih,KOMPETITOR,Bintang 5,PullmanJakartaIndonesiaThamrinCBD,negative,0.7044366002082825,Pricing & Value for Money,Pricing & Value for Money (0.79); Guest Experience (0.78); Check in/out Experience (0.77)
Yuli Lee,2025,1,td saat mau sarapan om saya pakai kaos celana pendek sandal hotel tapi tidak di per boleh kan untuk masuk sarapan katanya tidak boleh pakai celana pendek jadi dia naik lg ke atas untk ganti celana panjang begitu turun eh malah di suruh ganti sendal tidak boleh pakai sendal hotel begini pelayanan yang katanya hotel bintang 5 ngerjain org tua yang sudah mau 80 tahun naik turun kamar mau sarapan saja kok ribet yang mengesalkan ada org bule pakai kaos celana pendek sendal hotel tapi tidak di permasalahkan dia boleh masuk untuk sarapan knp om saya di perlakukan seperti itu namanya diskriminasi pada hal keluarga kita,KOMPETITOR,Bintang 5,PullmanJakartaIndonesiaThamrinCBD,negative,0.9993513226509094,Service Quality,Service Quality (0.96); Guest Experience (0.90); Facilities & Amenities (0.83)
eko purwanto,2025,1,Saya menginap semalam saat mau menyewa koper saya di pegangin sama petugas lobi pintu saat mau menyewa mobil saya karena saya tidak punya uang tunai jadi saya tidak memberikan tip gara gara tidak memberikan tip dia menyewa koper mobil saya di sengaja masuk bemper tubuh mobil belakang yang akhirnya saat saya cek ternyata mobil saya baret baret kecewa sih,KOMPETITOR,Bintang 5,PullmanJakartaIndonesiaThamrinCBD,negative,0.9993653893470764,Booking & Reservation Experience,Booking & Reservation Experience (0.82); Check in/out Experience (0.81); Guest Experience (0.79)
Ronitua Oni,2025,1,Blue Bird menjemput tidak diinformasikan gratis dan harus menempel karcis masuk sehingga bayar karena pengemudi nya ngga punya e uang ada saldo jadi tau gratis tolong hotel pulman nya sosialisasi atau taruh pengumuman mata-mata pengemudi blue bird nya bisa tau terima kasih ya,KOMPETITOR,Bintang 5,PullmanJakartaIndonesiaThamrinCBD,neutral,0.9399908185005188,Pricing & Value for Money,Pricing & Value for Money (0.72); Check in/out Experience (0.72); Guest Experience (0.66)
Ayu Putri,2025,1,Staff hotelnya jutek dan tidak ada valley vip parkir juga penuh dan tidak mencari solusi parkir oleh petugas 1 10 pengalaman masih banyak hotel lain yang staffnya lebih ramah,KOMPETITOR,Bintang 5,PullmanJakartaIndonesiaThamrinCBD,negative,0.9977085590362549,"Location, Accessibility & Parking","Location, Accessibility & Parking (0.78); Service Quality (0.56); Guest Experience (0.54)"
Murtad Bahagia,2025,1,Hotel pullman terburuk masuk dunia gm tidak berpihak dengan tamu dia tidak cocok menjadi gm masuk indonesia aku tidak merekomendasikan hotel ini karena tua dan staf tidak ramah juga hotel pullman terjelek di dunia baik secara kualitas maupun secara pelayanan staf2 nya juga tidak melayani dari hati gm nya juga tidak berpihak kepada tamu,KOMPETITOR,Bintang 5,PullmanJakartaIndonesiaThamrinCBD,negative,0.9984581470489502,Staff Conduct & Hospitality,Staff Conduct & Hospitality (0.97); Guest Experience (0.93); Service Quality (0.71)
Wina Soraya,2025,1,layanan untul parkir sangat buruk saya kehabisan saldo etol dan petugas di pintu parkir tidak seperti iktikad untuk membantu jalan diam ketika di tanya jalan bilang menunggu mobil belakang tapi ketika mobil belakang datang ternyata tap di sebelah dan lagi petugas parkir jalan diam tanpa ada solusi,KOMPETITOR,Bintang 5,PullmanJakartaIndonesiaThamrinCBD,negative,0.9991880059242249,"Location, Accessibility & Parking","Location, Accessibility & Parking (0.98); Guest Experience (0.95); Facilities & Amenities (0.90)"
annisa azka nabilah,2025,1,Pengalaman terburuk tinggal di pullman tidak ramah cek masuk staf dan kita harus menunggu 1 jam setengah hanya untuk mendapatkan kamar kita 1 5 jam dan kita memiliki yo menunggu dengan anak kecil kami terima kasih mbak fathia yang membantu kita untuk mendapatkan kamar kita setelah 15 jam menunggu tanpa konfirmasi musim puncak karena itu adalah akhir pekan yang panjang adalah alasan yang saya tidak bisa menerima karena seharusnya siap dan diantisipasi untuk rantai hotel bintang 5 dan ada kecelakaan lain pada sarapan oleh sana sini resto jadi saya duduk di kursi untuk menu 4 orang saya saya sefangapi saya anak saya dan menunggu suami saya yang,KOMPETITOR,Bintang 5,PullmanJakartaIndonesiaThamrinCBD,negative,0.9990873336791992,Check in/out Experience,Check in/out Experience (0.79); Guest Experience (0.78); Service Quality (0.57)
Swasthika Huang,2025,1,Keamanan mau bantu masuk barang ke mobil tapi koper org di banting2 di buang begitu saja di mobil lebih baik tidak perlu bantu jika tidak iklas begitu buruk,KOMPETITOR,Bintang 5,PullmanJakartaIndonesiaThamrinCBD,negative,0.9990170001983643,Safety & Security,Safety & Security (0.87); Check in/out Experience (0.60); Management & Policy Issues (0.54)
Calvin,2025,1,Pelayanan lama datang sengaja lebih lambat 15 00 biar bisa lgsg masuk tanpa menunggu2 lagi karna lg akhir pekan gataunya masih bingung menunggu lagi p s bu laila tolong belajar ngomong maaf dan terima kasih sangat mudah tulus 642 terima kasih,KOMPETITOR,Bintang 5,PullmanJakartaIndonesiaThamrinCBD,negative,0.9762583374977112,"Loyalty, Recommendation & Appreciation","Loyalty, Recommendation & Appreciation (0.97); Guest Experience (0.97); Service Efficiency & Responsiveness (0.94)"
Maya oktora,2025,1,kami tamu dari kamar 406 busuk tamu hotel di mnta bayar parkir 100 ribu tolong gm hotel diperhatikan yang begini2 kantor sudah mau memesan acara di hotel ini beserta kamar tapi pelayanan gk bagus pihak cs dan parkir tidak jelas sampai kami harus di klakson mobil lain yang mau keluar,KOMPETITOR,Bintang 5,PullmanJakartaIndonesiaThamrinCBD,negative,0.9991973042488098,"Location, Accessibility & Parking","Location, Accessibility & Parking (0.90); Booking & Reservation Experience (0.88); Guest Experience (0.85)"
Dhini Yudo Anggoro,2025,1,Proses pemesanan saja tidak nyaman oleh mr bimo sangat berbeda dengan hotel accor grup lain saya anggota accoe tambah yang biasanya selalu puas dengan keramahan hotel accor terlalu mahal untuk yang di cbd thamrin jauh lebih baik mandarin oriental atau kempinski pengalaman terburuk pernah,KOMPETITOR,Bintang 5,PullmanJakartaIndonesiaThamrinCBD,negative,0.9971415400505066,Booking & Reservation Experience,Booking & Reservation Experience (0.97); Guest Experience (0.95); Check in/out Experience (0.87)
fazli rusdi,2025,1,cuman nganter drop off saja harus bayar parkir mana wajib pakai emony apesnya saldo emony abis g terima uang tunai,KOMPETITOR,Bintang 5,PullmanJakartaIndonesiaThamrinCBD,negative,0.9956420660018921,"Location, Accessibility & Parking","Location, Accessibility & Parking (0.74); Pricing & Value for Money (0.70); Management & Policy Issues (0.50)"
Bagus Pray,2025,1,Semua staf tidak ada yang ramah sangat menyepelekan tamu satu yang lain yang bisa di nilai bagus hanya lokasi saya pastikan saya tidak akan mau menginap kembali di pullman thamrin cbd tidak keluatan kaya tidak akan dilayani dengan bagus parkirnya jauh tidak ada layanan vallet,KOMPETITOR,Bintang 5,PullmanJakartaIndonesiaThamrinCBD,negative,0.9977389574050903,Guest Experience,"Guest Experience (0.99); Location, Accessibility & Parking (0.99); Facilities & Amenities (0.95)"
Atikah Hakim,2025,1,Check in jam 18 30 kamar belum siap kacau,KOMPETITOR,Bintang 5,PullmanJakartaIndonesiaThamrinCBD,negative,0.9990929365158081,Facilities & Amenities,Facilities & Amenities (0.67); Service Quality (0.65); Guest Experience (0.62)
Asep saefullah Bin h ali,2025,1,Skuritynya tidak nyaman Negur ojol kaya wong sengit,KOMPETITOR,Bintang 5,PullmanJakartaIndonesiaThamrinCBD,negative,0.9994012117385864,Guest Experience,Guest Experience (0.87); Sustainability & Environmental Quality (0.53); Service Quality (0.53)
randy julianto (randjul),2024,1,saya tidak tahu apa yang salah dengan pegawai di hotel ini mulai dari resepsionis dan conciergenya sangat tidak ramah dalam mengandle tamu di shift siang tgl 22 november 2023 1 kantor depan saya meminta tambahan kunci untuk dititipkan lalu saya diminta untuk menuliskan nama pengambil kuncinya lalu saya bertanya harus dituliskan di mana namun dijelaskan dengan apa yang tidak nyaman di dengar dan kartunya juga dibanting 2 concierge saya ada mengirim paket ke hotel namun saat pengambilan ada satu paket yang hilang tetapi pegawai hanya bilang tidak ada dengan apa yang lagi tidak dikantumkan jika tidak mengenakan kamar kita nyarinya,KOMPETITOR,Bintang 5,PullmanJakartaIndonesiaThamrinCBD,negative,0.9983878135681152,Service Quality,Service Quality (0.62); Guest Experience (0.47); Staff Conduct & Hospitality (0.44)
Ghinaa Amadea,2024,1,Saya kurang suka sama pelayanan satpam dan pelayan yang membeda bedakan berdasarkan pakaian saya jalan waktu cfd saya memakai baju yang menurut saya nyaman saya di cek semua tas dan barang bawaannya termasuk rekan saya sedangkan di depan saya ada perempuan 2 dengan baju yang lebih baik dari saya mereka tidak mengatakan tasnya dan langsung saja diminta masuk menurut pak satpam apakah saya mencuri dan dia tidak atau mencuri apa ada diskriminasi dan dibedakan mengapa ada diskriminasi dan dibedakan berdasarkan pakaian saya kurang suka pelayanan yang membeda bedakan orang kita tidak tahu sebenarnya sekaya apa dan seperti apa orang tersebut sebaiknya segi pelayanan dan keramahan dit,KOMPETITOR,Bintang 5,PullmanJakartaIndonesiaThamrinCBD,negative,0.9986912608146667,Check in/out Experience,Check in/out Experience (0.89); Service Quality (0.78); Guest Experience (0.76)
Ria Astrika,2024,1,kamarnya oke walaupun jadul sarapannya luar biasa banyak pilihannya selama menginap di sana menyenangkan tapi tidak saat kepulangannya yang membuat semuanya minus saya memesan bluebird van dari aplikasi saat taksi tiba saya langsung membawa 2 tas di kanan kiri bahu saya serta harus menjaga 2 anak saya ketika saya salah keluar lewat pintu yang masuk hanya ditunjukkin pintu keluarnya yang sedang tertutup tersebut tetapi tidak ada 1 pun petugas yang membukakan pintu keluar untuk saya yang sedang kerepotan membukakan pintu taksi saya apalagi apalagi tgl 3 des 2023 siang silahkan cek cctvnya atas pelayanannya terima kasih,KOMPETITOR,Bintang 5,PullmanJakartaIndonesiaThamrinCBD,negative,0.9685242176055908,Facilities & Amenities,Facilities & Amenities (0.85); Service Quality (0.84); Booking & Reservation Experience (0.82)
Maz_Eko A,2025,1,sangat kotor dan pelayanan semuanya sangat jelek terutama sarapan saja hrs tnda tangan seharusnya pakai prasmanan kecil2an,KOMPETITOR,Bintang 5,PullmanJakartaIndonesiaThamrinCBD,negative,0.9993928670883179,Food & Beverage,Food & Beverage (0.97); Guest Experience (0.90); Staff Conduct & Hospitality (0.81)
Erwin Suwarno,2022,1,kurang baik pelayanan nya 5 bintang hotel terasa seperti hotel anggaran akhir November 2021 saya menginap di kamar lantai 6 permintaan twin bed tetapi siapkan queen bed pihak hotel sudah meminta maaf dan besoknya digantikan dengan kamar twin bed dengan kelengkapan mandi dll hanya untuk 1 org pihak hotel kembali minta maaf dan saya pikir namanya kesalahan manusia itu baik-baik saja maka hari ini 9 Desember saya menginap lagi di kamar 431 sudah mengkonfirmasi kembali tgl 8 untuk mempersiapkan twin bed ternyata salah lagi siapkan hollywood tipe 2 tempat tidur menjadi 1 tempat tidur kelengkapan mandi dll siapkan untuk 1 org lagi parah salahnya,KOMPETITOR,Bintang 5,PullmanJakartaIndonesiaThamrinCBD,negative,0.9924468994140625,Facilities & Amenities,Facilities & Amenities (0.97); Service Quality (0.95); Guest Experience (0.84)
ABIMANYU ABIMANYU,2022,1,Terburuk menginap di hotel bintang 5 tidak dianjurkan saya karantina sampai hari ini pelayanan layanan kamar sangat sangat buruk pesan untuk makan sangat sangat lama yang paling parah pesanan tidak tercatat tapi dibilang sudah dalam perjalanan sampai kami mengikuti 2x jawab dengan sama tapi makanan tidak datang sampai lebih dari 1 jam 15 sangat mengecewakan,KOMPETITOR,Bintang 5,PullmanJakartaIndonesiaThamrinCBD,negative,0.9994439482688904,Guest Experience,Guest Experience (0.98); Booking & Reservation Experience (0.94); Check in/out Experience (0.91)
ilyas rachmadita,2022,1,layanan buruk tiba pada jam 2 sore cek masuk pada jam 7 sore karena pihak resepsionis bilang kalau kamar belum siap tidak ada kompensasi tidak ada solusi sebagai konsumen kita bingung harus gimana bahkan untuk memeriksa keluar nya tidak ada kompensasi tetap cek keluar jam 12 siang mohon untuk manajemen hotel bus bisa diperbaiki lagi layananenya sungguh mengecewakan sebagai hotel bintang 5,KOMPETITOR,Bintang 5,PullmanJakartaIndonesiaThamrinCBD,negative,0.9993036985397339,Guest Experience,Guest Experience (0.88); Check in/out Experience (0.78); Management & Policy Issues (0.63)
Adhirahman Asyraf,2024,1,parah checkin baru bisa jam 5 kamar non merokok bau roko antri checkin hampir sejam pelayananya lambat banget setara hotel bintang 2 memperbaiki ganti nama jadi reddoorz daripada pullman,KOMPETITOR,Bintang 5,PullmanJakartaIndonesiaThamrinCBD,negative,0.9984233379364014,Service Quality,Service Quality (0.84); Check in/out Experience (0.61); Facilities & Amenities (0.60)
puji garnadi,2022,1,kamar minta dibersihkan dari pagi namun saat malam sampai kamar belum di bersihin lalu minta amenitis katanya segera sampai sekarang dong belum juga datang parkir sudah kasih kartu parkir dong dari pagi oke sudah tanda tangan mau masuk di masuk parkir gratis saat malem mau keluar saat bayar parkir dong eng eng eng ternyata belum dimasukkan hehe pengalaman buruk banget deh yang enak makanannya saja selebihnya tidak,KOMPETITOR,Bintang 5,PullmanJakartaIndonesiaThamrinCBD,negative,0.9990789890289307,Facilities & Amenities,Facilities & Amenities (0.89); Check in/out Experience (0.85); Guest Experience (0.83)
Wildan Bagus Aditya,2022,1,saya menginap tanggal 15 Mei butuh waktu 15 jam lebih untuk bisa memesan cek masuk namun harus menunggu hingga pukul 18:30 untuk mendapatkan kamar kurang komunikasi satu sama lain dan staf hotel terkesan menghindari tamu yang sedang menunggu penjelasan adalah hal yang paling terlihat ketika mereka menangani krisis pullman sepertinya harus membenahi manajemen krisis mereka dengan tidak menghindari tamu akibat penghindaran mereka banyak tamu yang akhirnya marah karena tidak mendapatkan penjelasan yang masuk akal atas suplai linen yang membuat pelayanan hotel tersendat bahkan permintaan tangan yang sudah disampaikan malam sebelumnya belum bisa dipenuhi oleh pullman tanpa penjelasan sampai keluar cek terima kasih pullman,KOMPETITOR,Bintang 5,PullmanJakartaIndonesiaThamrinCBD,negative,0.9978505373001099,Staff Conduct & Hospitality,Staff Conduct & Hospitality (0.96); Booking & Reservation Experience (0.89); Service Quality (0.82)
Tikatikk,2022,1,baru kali ini menerima pelayanan di hotel seburuk ini sudah ada di aurum 1 dan 2 sejak 7:30 dan ketika jam 12 ditanya kamar diminta menunggu 2 jam 3 karena kamarnya sedang disiapkan ketika sudah jam 2 katanya kamarnya masih disiapkan dan baru tersedia 6 kamar dari 18 kamar yang sudah di booking dan dibayar di muka lalu sejak kemudian 2 kamar tersedia sejam kemudian 2 kamar lagi yang tersedia pelayananannya sangat sangat buruk,KOMPETITOR,Bintang 5,PullmanJakartaIndonesiaThamrinCBD,negative,0.9987548589706421,Booking & Reservation Experience,Booking & Reservation Experience (0.96); Guest Experience (0.92); Check in/out Experience (0.86)
T S,2021,1,review ya 1 cek masuk lama masa iya cek masuk jam 14 00 masuk jam 17 15 setelah diomelin dan dipaksa dikasih cek keluar sampai jam 16 00 hari berikutnya 2 kamar oke banget puas 3 kamar layanan dan rumah keping super ramah dan tidak pelit 4 rasa makanan sarapan standar abjs 5 staf makanan n minuman tidak menguasai bahan ditanya soal produk makanan 6 gara2 covid pesan dari meja di layanin lama pakai dan terlibat sangat sangat kelamaan sangat parah kualitas pegawai resto sangat tidak berkualitas dan makanan tidak enak dan tidak ramah payah,KOMPETITOR,Bintang 5,PullmanJakartaIndonesiaThamrinCBD,negative,0.9977943897247314,Check in/out Experience,Check in/out Experience (1.00); Facilities & Amenities (0.99); Guest Experience (0.98)
Margareta Putri,2023,1,minta surat keterangan menginap saja tidak diberikan padahal untuk kelengkapan pengembalian kantor alasan percaya padahal selama saya nginap di hotel mana saja diberi manajer nya cm mau kasih tagihan kosong yang katanya janji mau diemail dari jam 9 tapi sampai jam 11 tidak diemail2 sangat buruk dalam pelayanannya tinggal di sini sebelum pelayanan di resto saat makan juga kasar berbicara pada sesama rekannya pdhl ada anak kecil proses memeriksa juga ruwet pdhl saya sudah memeriksa jam 12 dan minta disiapkan kamarnya agar bisa masuk saat saya datang tapi saya datang jam 3 sore pun kamar saya belum siap malah dikerjakan kamar saya,KOMPETITOR,Bintang 5,PullmanJakartaIndonesiaThamrinCBD,negative,0.999230146408081,Guest Experience,Guest Experience (0.87); Check in/out Experience (0.81); Service Quality (0.81)
tobagando patar,2024,1,luar biasa setiap telepon ke hotel tidak pernah diangkat sekalinya diangkat setelah lebih dari 5 kali menelepon whatsapp juga lambat menanggapi banget mau memesan hotel langsung koq susahnya minta ampun,KOMPETITOR,Bintang 5,PullmanJakartaIndonesiaThamrinCBD,negative,0.99934321641922,Service Quality,Service Quality (0.80); Booking & Reservation Experience (0.77); Digital Connectivity & Technology (0.74)
Y4Z4N 4LK4T1R1,2023,1,manajemen pullman yang kurang profesional dan sangat mengecewakan sekali kami xtand 2 malam dengan melakukan reservasi melalui aplikasi accor dan sukses dalam reservasi lalu ada selisih harga yang harus kami bayarkan setelah sukses bayar dan pembayaran diterima tiba2 pihak resepsionis pullman mengatakan kami tidak dapat melakukan reservasi karena sistem accor di pullman tidak terbaca reservasi kami komplain malah tidak ada solusi dan kami harus batalkan reservasi accor dan tetap tambah kami di accor juga hilang sangat merugikan mohon berhati2 terhadap tawaran accor dan kami coba accor repsentetatif accor tidak,KOMPETITOR,Bintang 5,PullmanJakartaIndonesiaThamrinCBD,negative,0.9989629983901978,Booking & Reservation Experience,Booking & Reservation Experience (0.82); Management & Policy Issues (0.65); Guest Experience (0.57)
Yuliandi Sofyan,2025,1,cek masuk nya lama banget,KOMPETITOR,Bintang 5,PullmanJakartaIndonesiaThamrinCBD,negative,0.9986664056777954,Guest Experience,Guest Experience (0.67); Safety & Security (0.58); Pricing & Value for Money (0.42)
elma maulida,2022,1,parah sekali pelayanannya staf bilang gabisa orderin taksi semua hotel bisa kali orderin taksi sombong sekali gue kehotel bintang 5 semua gk ada yang kaya gini perbaikin tuh karyawannya biar gk songong gaklagi nginep sini,KOMPETITOR,Bintang 5,PullmanJakartaIndonesiaThamrinCBD,negative,0.9979084730148315,Service Quality,Service Quality (0.87); Guest Experience (0.86); Booking & Reservation Experience (0.76)
Ratna Budi Renata,2022,1,hotel bintang lima rasa kaki lima tidak profesional menanggapi lonjakan tamu mulai dari proses cek ini lama 4 jam baru mendapat kamar garis depan yang tidak bisa menjawab keluhan antrian tamu dengan bijak bahkan setelah menunggu kamar 4 jam dengan alasan harus memeriksa daftar sesuai sop tapi saat masuk kamar masih saja ada barang yang tidak lengkap pertama dan terakhir kali menginap di hotel ini,KOMPETITOR,Bintang 5,PullmanJakartaIndonesiaThamrinCBD,negative,0.9984976053237915,Check in/out Experience,Check in/out Experience (0.99); Guest Experience (0.97); Booking & Reservation Experience (0.88)
Afrizal Rizal,2022,1,Pelayanannya kurang bagus untuk keamanannya terlalu sombong seperti seorang pria meminta uang kepada tamu hotel tolong berikan pelayanan yang terbaik apalagi keamanan gimana bisa menjaga tamu hotel org keamanannya tukang palak suka minta minta uang memperbaiki di ganti keamanan seperti itu,KOMPETITOR,Bintang 5,PullmanJakartaIndonesiaThamrinCBD,negative,0.9989948868751526,Safety & Security,Safety & Security (0.99); Guest Experience (0.95); Facilities & Amenities (0.85)
Akhdiat Yan,2023,1,masa tamu keluar parkir motor harus beli kartu anggota parkir diminta solusi minta bergabung orang lain menunggu org keluar pekerja yang lewat disana rata rata tidak mau nolonin karena katanya anggota saya bingung ternyata si penjaga parkir punya kartu baru kenapa tidak daritadi mau banget di uang lebih saya cenderung agak sakit saya ttp kasih 2rb bodoamat,KOMPETITOR,Bintang 5,PullmanJakartaIndonesiaThamrinCBD,negative,0.9994000196456909,Guest Experience,Guest Experience (0.74); Pricing & Value for Money (0.72); Management & Policy Issues (0.52)
suluh abadi,2023,1,Hotel servis parah checkin katanya jam 2 ternyata kamar belum siap tidak akan menginap di hotel ini lagi tidak dianjurkan,KOMPETITOR,Bintang 5,PullmanJakartaIndonesiaThamrinCBD,negative,0.9990861415863037,Guest Experience,Guest Experience (0.69); Sustainability & Environmental Quality (0.64); Service Quality (0.64)
Metro Bali,2018,1,Saya ingin menginap di hotel ini apalagi asus akan mengundang kami dalam acara peluncuran produk terbaru asus pada 15 s d 17 Mei 2017 nanti sampai jumpa ya,KOMPETITOR,Bintang 5,PullmanJakartaIndonesiaThamrinCBD,neutral,0.8486034274101257,Guest Experience,Guest Experience (0.78); Check in/out Experience (0.66); Booking & Reservation Experience (0.56)
Muhammad Pangeran Azizi,2025,1,jelek kotor tidak layak huni,KOMPETITOR,Bintang 5,PullmanJakartaIndonesiaThamrinCBD,negative,0.9991883635520935,Food & Beverage,Food & Beverage (0.45); Facilities & Amenities (0.45); Management & Policy Issues (0.42)
tara takulu,2024,1,lokasi daerah baru macet memng sih pusat kota paling yang gk aku suka tidur petugas yang d loby yang pakai rompi hitam itu karyawan bluebird ya jutek gayanya,KOMPETITOR,Bintang 5,PullmanJakartaIndonesiaThamrinCBD,negative,0.9973331689834595,"Location, Accessibility & Parking","Location, Accessibility & Parking (0.62); Religious & Halal Features (0.54); Sustainability & Environmental Quality (0.44)"
IINK BADUNK BADUNK,2023,1,Di le coklat ayam penyet dan mie goreng nya tidak enak mbak nya yang melayani enggak ramah dan enggak baik banget,KOMPETITOR,Bintang 5,PullmanJakartaIndonesiaThamrinCBD,negative,0.9977508187294006,Food & Beverage,Food & Beverage (0.98); Guest Experience (0.97); Religious & Halal Features (0.66)
frianti1 asvita,2024,1,gw hari ini dari sini gokil parah makan dikit rebutan oke penerapan pergi hijau tapi minimal gelas siapin lah ini kaga gw acara coy,KOMPETITOR,Bintang 5,PullmanJakartaIndonesiaThamrinCBD,negative,0.9197840690612793,Food & Beverage,Food & Beverage (0.98); Sustainability & Environmental Quality (0.97); Guest Experience (0.83)
Gary Wiwaha,2022,1,benar2 tidak profesional parah jangan pernah kembali ke pullman lagi hotel melati rasa mahal tutup saja deh kita sudah memesan dan antri dari jam 12 siang sampai kondisi sekarang jam empat sakit lebih masih menunggu,KOMPETITOR,Bintang 5,PullmanJakartaIndonesiaThamrinCBD,negative,0.9994142055511475,Booking & Reservation Experience,Booking & Reservation Experience (0.96); Pricing & Value for Money (0.80); Guest Experience (0.70)
Rivy Angela,2024,1,Pelayanannya buruk disuru menunggu kamar 4 jam gk masuk kamar didiemin doang di lobi gaada kejelasan,KOMPETITOR,Bintang 5,PullmanJakartaIndonesiaThamrinCBD,negative,0.9994630217552185,Guest Experience,Guest Experience (0.98); Service Quality (0.95); Check in/out Experience (0.93)
Mukhlis Parelo,2025,1,kurang nyaman dan menyengnangkan,KOMPETITOR,Bintang 5,PullmanJakartaIndonesiaThamrinCBD,negative,0.9987660646438599,Pricing & Value for Money,Pricing & Value for Money (0.53); Food & Beverage (0.50); Sustainability & Environmental Quality (0.50)
Tawakal Billah,2020,1,kurang bagus untuk keamanan loading nya tidak ada yang stanby kita harus bolak balik ke pos untuk minta bukain pintu loading nya karena tidak ada keamanan yang stanby di pintu loading dock,KOMPETITOR,Bintang 5,PullmanJakartaIndonesiaThamrinCBD,negative,0.9902899861335754,Safety & Security,Safety & Security (0.55); Management & Policy Issues (0.49); Service Quality (0.48)
Aditia Warman,2019,1,hotel buruk dengan pelayanan yang sangat sangat minus staf2 nya mengelola hotel seperti mengelola penjara tanpa keramahtamahan perhotelan bisnis tapi bertampang kebrutalan klo perlu anda memasang tarif untuk keramahan di menu pelayanan anda biar tamu bisa membeli tambahan keramaha bila menginap di hotel anda ingat anda yang membutuhkan pelanggan bukan pelanggan yang memerluka anda,KOMPETITOR,Bintang 5,PullmanJakartaIndonesiaThamrinCBD,negative,0.9977496266365051,Staff Conduct & Hospitality,Staff Conduct & Hospitality (0.78); Guest Experience (0.72); Management & Policy Issues (0.65)
feri gunawan,2022,1,sangat buruk pelayanan cek masuk saja bisa 1 jam tidak akan mau kesini lagi,KOMPETITOR,Bintang 5,PullmanJakartaIndonesiaThamrinCBD,negative,0.9995245933532715,Check in/out Experience,Check in/out Experience (0.97); Guest Experience (0.97); Service Quality (0.87)
Ginna Yuliana,2020,1,jam 14 jam belum bisa cek masuk katanya kamar belum siap balik lagi jam 17 30 belum siap juga,KOMPETITOR,Bintang 5,PullmanJakartaIndonesiaThamrinCBD,negative,0.9912598729133606,Facilities & Amenities,Facilities & Amenities (0.35); Check in/out Experience (0.35); Guest Experience (0.35)
Arief FH,2024,1,sulit sekali untuk menghubungi dilempar sana sini jika tidak niat pasang nomor telepon hapus saja pelayanan yang buruk,KOMPETITOR,Bintang 5,PullmanJakartaIndonesiaThamrinCBD,negative,0.9993802309036255,Guest Experience,Guest Experience (0.63); Check in/out Experience (0.62); Digital Connectivity & Technology (0.51)
Alex Komang,2024,1,layanan buruk ac panas bayar mahal rasa kaki lima,KOMPETITOR,Bintang 5,PullmanJakartaIndonesiaThamrinCBD,negative,0.9993007183074951,Guest Experience,"Guest Experience (0.96); Pricing & Value for Money (0.95); Location, Accessibility & Parking (0.95)"
Charlie L. H,2020,1,Chef dan pelayan resto sama sekali tidak ramah dengan tamu lokal parah sekali,KOMPETITOR,Bintang 5,PullmanJakartaIndonesiaThamrinCBD,negative,0.9993441700935364,Food & Beverage,Food & Beverage (1.00); Staff Conduct & Hospitality (0.99); Guest Experience (0.99)
Martin Jaya,2023,1,Google maap sekarang berantakan saya pakai smpati bener2 tidak bisa mengakses sinyal GPS hilang terus,KOMPETITOR,Bintang 5,PullmanJakartaIndonesiaThamrinCBD,negative,0.9994513392448425,Service Quality,Service Quality (0.64); Digital Connectivity & Technology (0.59); Management & Policy Issues (0.42)
Erwin Boham,2020,1,hotel yang jelek sejelek sifat pemiliknya untung saya tidak lama jadi gm di hotel ini,KOMPETITOR,Bintang 5,PullmanJakartaIndonesiaThamrinCBD,negative,0.9990719556808472,Guest Experience,Guest Experience (0.55); Management & Policy Issues (0.30); Religious & Halal Features (0.19)
Mahesa Rakha,2018,1,toilet di bagian belakang kurang terawat lampu sudah tidak berfungsi,KOMPETITOR,Bintang 5,PullmanJakartaIndonesiaThamrinCBD,negative,0.9990772008895874,Facilities & Amenities,Facilities & Amenities (0.74); Management & Policy Issues (0.63); Service Quality (0.57)
Sonia B,2025,1,kualitas tidak sesuai dengan harga nya,KOMPETITOR,Bintang 5,PullmanJakartaIndonesiaThamrinCBD,negative,0.9991668462753296,Pricing & Value for Money,Pricing & Value for Money (0.76); Management & Policy Issues (0.46); Food & Beverage (0.42)
Zen Huzaini,2018,1,tempat parkir sepeda motornya tidak diberi kanopi,KOMPETITOR,Bintang 5,PullmanJakartaIndonesiaThamrinCBD,neutral,0.5718912482261658,"Location, Accessibility & Parking","Location, Accessibility & Parking (0.90); Facilities & Amenities (0.88); Sustainability & Environmental Quality (0.79)"
waluyo utomo,2020,1,mungkin ramah pada tamu tapi tidak ramah terhadap karyawan baru,KOMPETITOR,Bintang 5,PullmanJakartaIndonesiaThamrinCBD,negative,0.9980195760726929,Guest Experience,Guest Experience (0.87); Check in/out Experience (0.42); Sustainability & Environmental Quality (0.40)
paige queen,2019,1,Ad sauna baru buat nyaman kah di sni,KOMPETITOR,Bintang 5,PullmanJakartaIndonesiaThamrinCBD,positive,0.8610379695892334,Facilities & Amenities,Facilities & Amenities (0.81); Service Quality (0.61); Ambience & Design (0.32)
Bintang Raksyaka,2025,1,kamar corok,KOMPETITOR,Bintang 5,PullmanJakartaIndonesiaThamrinCBD,negative,0.6952009201049805,Facilities & Amenities,"Facilities & Amenities (0.95); Room Quality & Comfort (0.82); Cleanliness, Hygiene & Maintenance (0.77)"
lusiana sary,2022,1,Ya alhamdulillah baik n nyaman,KOMPETITOR,Bintang 5,PullmanJakartaIndonesiaThamrinCBD,positive,0.9986407160758972,Room Quality & Comfort,"Room Quality & Comfort (0.97); Cleanliness, Hygiene & Maintenance (0.93); Facilities & Amenities (0.92)"
Novri Aryanto,2019,1,salah satu hotel berbintang di jakarta,KOMPETITOR,Bintang 5,PullmanJakartaIndonesiaThamrinCBD,positive,0.9970666766166687,Sustainability & Environmental Quality,Sustainability & Environmental Quality (0.79); Service Quality (0.76); Facilities & Amenities (0.70)
Fajar P,2020,1,Cma lwt doang saat cfd,KOMPETITOR,Bintang 5,PullmanJakartaIndonesiaThamrinCBD,negative,0.9509904980659485,Pricing & Value for Money,Pricing & Value for Money (0.83); Sustainability & Environmental Quality (0.53); Check in/out Experience (0.48)
Rico Cahyadi,2021,1,proses pemeriksaan sangat lama,KOMPETITOR,Bintang 5,PullmanJakartaIndonesiaThamrinCBD,negative,0.9985276460647583,Sustainability & Environmental Quality,"Sustainability & Environmental Quality (0.66); Safety & Security (0.52); Cleanliness, Hygiene & Maintenance (0.45)"
Yusuf,2020,1,Di lobi banyak nyamuk,KOMPETITOR,Bintang 5,PullmanJakartaIndonesiaThamrinCBD,negative,0.9982916712760925,Facilities & Amenities,Facilities & Amenities (0.98); Sustainability & Environmental Quality (0.87); Safety & Security (0.82)
Joko Susilo,2019,1,arah ke thamrin macet total,KOMPETITOR,Bintang 5,PullmanJakartaIndonesiaThamrinCBD,negative,0.7340145707130432,Pricing & Value for Money,Pricing & Value for Money (0.68); Religious & Halal Features (0.65); Management & Policy Issues (0.61)
SIPAUL TERMARJINALKAN,2020,1,pelayanan kurang cepat,KOMPETITOR,Bintang 5,PullmanJakartaIndonesiaThamrinCBD,negative,0.9955790638923645,Guest Experience,Guest Experience (0.71); Management & Policy Issues (0.67); Facilities & Amenities (0.61)
Adhy 'P,2020,1,b saja,KOMPETITOR,Bintang 5,PullmanJakartaIndonesiaThamrinCBD,negative,0.9717097282409668,"Cleanliness, Hygiene & Maintenance","Cleanliness, Hygiene & Maintenance (0.87); Facilities & Amenities (0.85); Food & Beverage (0.74)"
Dwi Haryanto,2019,1,Tidak tahu,KOMPETITOR,Bintang 5,PullmanJakartaIndonesiaThamrinCBD,negative,0.7718075513839722,Sustainability & Environmental Quality,Sustainability & Environmental Quality (0.48); Pricing & Value for Money (0.33); Safety & Security (0.31)
Wahyu Sugiharto,2023,1,oke banget,KOMPETITOR,Bintang 5,PullmanJakartaIndonesiaThamrinCBD,positive,0.9906098246574402,"Cleanliness, Hygiene & Maintenance","Cleanliness, Hygiene & Maintenance (0.86); Sustainability & Environmental Quality (0.77); Facilities & Amenities (0.73)"
Wahyudi Yudu,2020,1,parkir mbl susah,KOMPETITOR,Bintang 5,PullmanJakartaIndonesiaThamrinCBD,negative,0.9983536005020142,"Location, Accessibility & Parking","Location, Accessibility & Parking (0.93); Facilities & Amenities (0.86); Pricing & Value for Money (0.51)"
Saidul Iqtifar,2023,1,ribet,KOMPETITOR,Bintang 5,PullmanJakartaIndonesiaThamrinCBD,negative,0.9985905289649963,Pricing & Value for Money,Pricing & Value for Money (0.95); Facilities & Amenities (0.86); Food & Beverage (0.86)
Stenly Sanger,2019,1,parkiran kurang,KOMPETITOR,Bintang 5,PullmanJakartaIndonesiaThamrinCBD,negative,0.5279611945152283,Facilities & Amenities,"Facilities & Amenities (0.94); Location, Accessibility & Parking (0.90); Sustainability & Environmental Quality (0.70)"
Endok Henri,2019,1,senang,KOMPETITOR,Bintang 5,PullmanJakartaIndonesiaThamrinCBD,positive,0.9988051652908325,"Cleanliness, Hygiene & Maintenance","Cleanliness, Hygiene & Maintenance (0.92); Facilities & Amenities (0.82); Cultural & Heritage Experience (0.78)"
Saryadi Yadi,2020,1,menyenangkan,KOMPETITOR,Bintang 5,PullmanJakartaIndonesiaThamrinCBD,positive,0.9993441700935364,"Cleanliness, Hygiene & Maintenance","Cleanliness, Hygiene & Maintenance (0.85); Cultural & Heritage Experience (0.83); Sustainability & Environmental Quality (0.78)"
Fadhli Onferizal,2019,1,mantap,KOMPETITOR,Bintang 5,PullmanJakartaIndonesiaThamrinCBD,positive,0.9991816878318787,"Cleanliness, Hygiene & Maintenance","Cleanliness, Hygiene & Maintenance (0.93); Facilities & Amenities (0.89); Sustainability & Environmental Quality (0.74)"
Andani Ismira Kusumawardani,2026,1,saya percaya bahwa jika masa menginap kami bukan selama periode tahun baru situasi di luar grand indonesia dan plaza indonesia dan di dalam hotel tidak akan seramai ini kami diberitahu bahwa kamar kami belum siap meskipun kami tiba pukul 17 00 kami membayar harga penuh dan jika ada keterlambatan cek masuk seharusnya ada kompensasi misalnya diskon yang signifikan tirai perlu dicuci dan ada banyak noda kecil di kamar sarapan terlalu ramai tetapi kami dapat melihat bahwa hotel telah berusaha untuk mengelola situasi dengan baik petugas concierge pak pur menyambut dan membantu kami saat memeriksa keluar dan kami sangat menghargai pelayanannya,KOMPETITOR,Bintang 5,PullmanJakartaIndonesiaThamrinCBD,negative,0.982939600944519,Pricing & Value for Money,Pricing & Value for Money (0.85); Facilities & Amenities (0.73); Check in/out Experience (0.71)
Z,2025,1,kamarnya sangat tua ac nya berisik semua suara terdengar sampai ke lorong saunanya rusak setrika di kamar rusak berhenti kontak listriknya sangat pergi hampir lepas rasanya seperti hotel bintang tiga saya tidak akan pernah menginap di sini lagi,KOMPETITOR,Bintang 5,PullmanJakartaIndonesiaThamrinCBD,negative,0.9988378882408142,Facilities & Amenities,Facilities & Amenities (0.98); Service Quality (0.94); Guest Experience (0.90)
Ajeng Puspitaayu,2025,1,merupakan pengalaman yang sangat tidak menyenangkan dalam menyelenggarakan acara di sini dan saya telah mengirimkan keluhan saya melalui email namun sejauh ini saya belum menerima tanggapan,KOMPETITOR,Bintang 5,PullmanJakartaIndonesiaThamrinCBD,negative,0.9971261620521545,Guest Experience,Guest Experience (0.80); Check in/out Experience (0.56); Religious & Halal Features (0.40)
Kumaran Maridas,2025,1,Pelayanannya sangat buruk stafnya tampak malas dan banyak alasan kamarnya kecil mereka benar benar perlu ditingkatkan,KOMPETITOR,Bintang 5,PullmanJakartaIndonesiaThamrinCBD,negative,0.9992328882217407,Service Quality,Service Quality (0.99); Guest Experience (0.99); Facilities & Amenities (0.79)
Yunita Teresia,2025,1,hotel dengan pelayanan terburuk di dunia saya tidak akan pernah menginap di hotel ini lagi,KOMPETITOR,Bintang 5,PullmanJakartaIndonesiaThamrinCBD,negative,0.99819415807724,Guest Experience,Guest Experience (0.82); Management & Policy Issues (0.44); Pricing & Value for Money (0.39)
Vanessa K.,2025,1,layanan pelanggan buruk dan setengah dari fasilitas treadmill rusak dan tampaknya tidak ada staf yang menyadari atau peduli kecewa dengan fasilitas gym kolam renang dan sauna kebersihan kamar mandi terabaikan sungguh penurunan layanan dan kualitas yang sangat besar saya sudah menjadi anggota gym selama lebih dari 5 tahun sebelum istirahat panjang berharap kualitasnya akan meningkat seiring waktu ternyata itu malah memburuk,KOMPETITOR,Bintang 5,PullmanJakartaIndonesiaThamrinCBD,negative,0.9989411234855652,Facilities & Amenities,Facilities & Amenities (1.00); Guest Experience (0.99); Service Quality (0.90)
SAAD,2024,1,pengalaman saya di hotel ini sungguh mengecewakan dan tidak akan pernah terulang dimulai dengan ac yang buruk yang sama sekali tidak nyaman untuk tidur bangunannya tua dan tidak layak menyandang status bintang 5 kamar kamarnya sangat sempit hanya muat satu orang dengan satu tas dan tidak cukup ruang untuk salat dengan nyaman bantalnya keras dan tidak nyaman tanggung jawab dan pelayanannya agak kurang memuaskan pemeriksaan keamanan dilakukan setiap saat saat memasuki hotel lokasinya selalu ramai berdasarkan pengalaman pribadi saya tidak merekomendasikan menginap di sini,KOMPETITOR,Bintang 5,PullmanJakartaIndonesiaThamrinCBD,negative,0.9984564781188965,Guest Experience,Guest Experience (0.89); Facilities & Amenities (0.86); Safety & Security (0.65)
The Intelligentia,2023,1,ini mungkin salah satu pengalaman hotel terburuk yang pernah saya alami karena sedang musim ramai kami tidak bisa memesan kamar di hotel lain yang awalnya kami rencanakan sejak memasuki properti petugas keamanan bahkan tidak berinisiatif untuk menyambut atau membantu kami membawakan bagasi kami benar-benar menunggu berdiri selama hampir 45 menit di konter cek masuk bukan karena banyaknya tamu yang mengantre tapi staf resepsionis bekerja sangat lambat kedua sarapan hanya berlaku untuk 1 orang meskipun kami memesan 1 kamar mereka bilang kami hanya memasukkan 1 tamu jadi hanya berlaku untuk 1 orang ini mungkin salah satu hal paling konyol yang pernah saya dengar 2 belum lagi kamarnya sangat,KOMPETITOR,Bintang 5,PullmanJakartaIndonesiaThamrinCBD,negative,0.9989420771598816,Check in/out Experience,Check in/out Experience (0.98); Guest Experience (0.95); Booking & Reservation Experience (0.87)
Mr Visitor,2025,1,kelebihan kamar besar dengan tempat tidur nyaman hak istimewa tambahan diberikan upgrade kamar voucher minuman cek keluar terlambat dll staf hak istimewa lounge ramah dan membantu mereka juga membantu mencetak beberapa dokumen area kolam renang luar ruangan yang luas untuk berenang dan bersantai bar di lantai dasar bernama kamar belakang adalah tempat yang tepat untuk bersantai dan menikmati minuman stafnya profesional dan membuat koktail yang luar biasa kelemahan staf menagih saya dua kali untuk pelanggan saya hotel menagih kartu kredit saya 4 hari sebelum memeriksa masuk untuk jumlah penuh saat masuk saya diminta membayar lagi menggunakan kartu yang berbeda akhirnya kami membayar dua kali untuk memeriksa kamar kali,KOMPETITOR,Bintang 5,PullmanJakartaIndonesiaThamrinCBD,positive,0.998424768447876,Personalized & Special Services,Personalized & Special Services (0.52); Family & Group Friendly (0.41); Facilities & Amenities (0.39)
rachelina sinaga,2024,1,1 tidak sepadan dengan uang Anda untuk menghabiskan liburan di hotel ini Anda bisa mendapatkan harga yang sama dengan kualitas yang lebih baik 2 wallpaper berdebu dan kotor kamarnya sangat kecil 3 sarapannya lumayan makanannya bervariasi dan rasanya 4 5 4 staf dan petugas keamanan tidak ramah dan sama sekali tidak membantu,KOMPETITOR,Bintang 5,PullmanJakartaIndonesiaThamrinCBD,negative,0.9977066516876221,Pricing & Value for Money,Pricing & Value for Money (0.97); Facilities & Amenities (0.97); Food & Beverage (0.86)
Nandya Eka Stannia,2024,1,hotel bintang 5 terburuk yang pernah saya sayangi tiduri 1 kebersihannya kurang debu berserakan di mana mana mana meja samping penuh debu seharusnya ini standar saya dan anak saya terus bersin ketika memasuki kamar 2 kamar berbau lembap 3 seprai dan wallpaper bernoda 4 furniturnya kuno furniturnya retak 5 tidak ada tv pintar hotel bintang 5 dan tahun 2023 tolong 6 staf resepsionis tidak ramah saya menggendong anak saya yang mengantuk ketika memeriksa masuk dan saya mengantre ternyata ada staf yang kosong dan tiba tiba tiba ada orang asing yang datang 7 makanannya biasa saja satu lagi staf yang ramah ada di,KOMPETITOR,Bintang 5,PullmanJakartaIndonesiaThamrinCBD,negative,0.9992419481277466,Facilities & Amenities,"Facilities & Amenities (0.96); Cleanliness, Hygiene & Maintenance (0.88); Service Quality (0.80)"
Atlas,2024,1,kamarnya tua dan gelap beberapa permukaan dan sudut kepala tempat tidur meja samping kotor dan berdebu karena sudah lama tidak dibersihkan saklar dinding sudah tua dan rapuh toiletnya rusak air bocor pintu toilet rusak teleponnya sudah tua dan tidak berfungsi dengan baik bahkan tidak bisa memesan layanan kamar tidak terasa seperti hotel bintang 5 dengan harga standar ini tidak dapat diterima lokasinya nyaman tetapi biaya antar jemput taksi di lobi dikenakan 5 0 rp per sekali masuk tidak dibebaskan tidak akan kembali lagi,KOMPETITOR,Bintang 5,PullmanJakartaIndonesiaThamrinCBD,negative,0.9991772770881653,Facilities & Amenities,"Facilities & Amenities (0.95); Location, Accessibility & Parking (0.87); Pricing & Value for Money (0.83)"
Deandra Jessica,2024,1,Saya punya pengalaman buruk dengan hotel ini kamar superior premium sangat kecil tua dan agak bau saluran udara di kamar mandi bocor di tengah malam dan kami harus pindah ke kamar lain yang cukup merepotkan stafnya bahkan tidak meminta maaf layanan terburuk yang pernah saya dapatkan di hotel bintang 5 saya sudah menginap di banyak hotel kereta lain dan selalu mendapatkan pengalaman menginap yang menyenangkan tapi yang ini sangat sangat sangat tidak menyenangkan saya tidak akan pernah kembali,KOMPETITOR,Bintang 5,PullmanJakartaIndonesiaThamrinCBD,negative,0.9994100332260132,Guest Experience,Guest Experience (0.66); Facilities & Amenities (0.43); Check in/out Experience (0.24)
Shella Adelina,2020,1,pengalaman terburuk untuk acara pertemuan saya di sana sebagai penyelenggara seminar dan acaranya besar saya hanya ingin mengatakan bahwa semuanya tidak berjalan dengan baik sistem suaranya buruk dan kami kesulitan menemukan mekaniknya bahkan stafnya pun tidak tahu di mana mekaniknya rasa makanannya buruk dan jauh dari harapan saya tidak percaya mereka mengosongkan makanan sebelum semua peserta makan siang tidak ada alat tulis pena kertas dll dan tidak ada staf yang datang kepada kami untuk memberikan informasi jika Anda ingin mengadakan acara di tempat ini mohon pikirkan lagi staf mekanik peralatan makanan poin mungkin mereka hanya memberikan pelayanan yang baik untuk ruangannya bukan acara perjamuannya,KOMPETITOR,Bintang 5,PullmanJakartaIndonesiaThamrinCBD,negative,0.998391330242157,Guest Experience,Guest Experience (0.90); Check in/out Experience (0.74); Facilities & Amenities (0.50)
‘CHEF’,2024,1,hotel bintang 5 dengan semua kompartemen prasmanan yang berantakan kecuali satu di mana buah buahannya makanannya tidak enak tempatnya kotor kami makan dari para pekerja yang menyalakan ac dan anda harus meningkatkan kualitas pekerja dapur kontrol kualitas kompartemen dan kebersihannya,KOMPETITOR,Bintang 5,PullmanJakartaIndonesiaThamrinCBD,negative,0.9933423399925232,Facilities & Amenities,"Facilities & Amenities (0.96); Cleanliness, Hygiene & Maintenance (0.95); Food & Beverage (0.83)"
Maia Zie,2025,1,pertama dan terakhir kalinya saya dan keluarga menginap di hotel ini saya menginap di hotel ini bersama suami saya sejak 31 Januari 4 Februari 2024 dan kami mengalami insiden yang sangat tidak menyenangkan di hotel ini petugas kebersihan datang ke kamar kami di hari kedua kami menginap di saat yang sama saat petugas kebersihan sedang merapikan kamar kami menemukan seseorang salah memasukkan kode brankas dua kali padahal kami tidak ada di kamar dua hari setelah itu kami turun ke bawah untuk sarapan dan 5 menit setelah itu petugas kebersihan masuk ke kamar kami meskipun kami sudah memasang tanda terbuka jangan diganggu dan ketika kami kembali ke kamar kami menemukan sdb dan saya menemukan uang tunai saya,KOMPETITOR,Bintang 5,PullmanJakartaIndonesiaThamrinCBD,negative,0.998006284236908,Food & Beverage,Food & Beverage (0.63); Guest Experience (0.63); Check in/out Experience (0.61)
Hareluya Sendoh,2018,1,hotelnya sendiri fasilitasnya dan lokasinya sangat bagus saya rasa masalah yang dihadapi hotel ini adalah orang orangnya saya baru saja mengalami pengalaman yang sangat mengecewakan dengan staf layanan hotel mereka arogan dan tidak sopan staf keamanan juga menunjukkan mentalitas yang rendah tidak mampu membedakan tamu dari pengunjung umum sehingga memperlakukan orang dengan buruk setelah saya menyampaikan komentar saya kepada salah satu manajer mereka tanggapan dari manajer tersebut tidak menunjukkan kualitas yang berbeda tanggapannya arogan umum dan menunjukkan kecerdasan yang rendah tidak heran jika stafnya juga bersikap demikian,KOMPETITOR,Bintang 5,PullmanJakartaIndonesiaThamrinCBD,negative,0.9983614087104797,Facilities & Amenities,Facilities & Amenities (1.00); Safety & Security (0.89); Guest Experience (0.88)
Malvin Gunawan,2021,1,sudah menginap di sini hampir seminggu kecewa banget pesan kamar grand deluxe harganya 1 6 juta per hari handuk mandinya bau kecoa telepon kamar tidak berfungsi hotel bintang 5 di jantung kota jakarta dengan layanan seperti ini yakin sangat tidak puas dengan layanannya semoga pihak manajemen bisa segera memperbaiki masalah ini,KOMPETITOR,Bintang 5,PullmanJakartaIndonesiaThamrinCBD,negative,0.9992953538894653,Guest Experience,Guest Experience (0.98); Booking & Reservation Experience (0.98); Service Quality (0.97)
Ernesto Fries Urioste,2024,1,perlakuan yang tidak ramah resepsionis dan bellboy yodi berbicara negatif tentang saya dan istri saya padahal istri saya berdiri di dekatnya apakah resepsionis tidak mengerti konsep cek keluar ekspres sarapannya lezat ukuran kamarnya lumayan beberapa hal tidak berjalan sesuai rencana dan petugas berulang kali meminta maaf meskipun demikian saya merasa mereka tahu persis apa yang harus dikatakan untuk meminta maaf tetapi tidak tulus maupun tidak tertarik pada peristiwa yang melibatkan bellboy dan komentar negatif resepsionis tentang kami hanyalah puncak gunung es kami kena nyamuk di hotel dan harus membeli obat nyamuk dari gojek karena kami disuruh menunggu sampai keesokan harinya dll sebagai pelancong yang,KOMPETITOR,Bintang 5,PullmanJakartaIndonesiaThamrinCBD,negative,0.9971664547920227,Guest Experience,Guest Experience (0.90); Check in/out Experience (0.84); Food & Beverage (0.69)
Will,2021,1,Saya pernah makan siang prasmanan di sini rasa makanannya bahkan tidak sampai 3 bintang dan juru masaknya kurang memadai sehingga entriannya cukup panjang saya tidak mendapatkan informasi tentang antrean di balik pembatas jadi banyak orang yang menggunakan pembatas itu sebagai antrean lalu petugas keamanan datang dan menyuruh orang untuk masuk di baliknya pengalaman yang kurang menyenangkan saya tidak akan merekomendasikan makan siang di sini kepada keluarga dan teman saya,KOMPETITOR,Bintang 5,PullmanJakartaIndonesiaThamrinCBD,negative,0.9939246773719788,Guest Experience,Guest Experience (0.87); Check in/out Experience (0.82); Food & Beverage (0.74)
Wong Francis,2025,1,ulasan ini untuk bulan Juni 2024 4 tahun setelah kunjungan terakhir saya saya adalah anggota emas accor untuk tahun ke 3 accor memberikan diskon 30 untuk harga kamar dan setelah covid dan bertahun tahun kemudian saya pikir semuanya akan lebih baik ternyata saya salah besar kamarnya persis sama di sana kedap suara buruk sehingga suara lalu lintas masuk saat memesan kamar untuk 2 orang melalui aplikasi mereka saya menambahkan sarapan untuk menginap saat memeriksa keluar saya diminta membayar sarapan untuk tamu tambahan ternyata mereka mengakui itu kesalahan komputer tetapi bersikeras saya harus membayar tetapi dengan potongan harga sendiri jika saya memilih untuk tidak membayar mereka akan mengambil pembayaran dari kantong staf restoran bagi saya itu bukan cara berbicara yang,KOMPETITOR,Bintang 5,PullmanJakartaIndonesiaThamrinCBD,negative,0.9987443685531616,Service Quality,Service Quality (0.97); Check in/out Experience (0.94); Pricing & Value for Money (0.94)
Lissa Liberty,2023,1,ini adalah kali pertama dan terakhir saya menginap di hotel ini untuk standar hotel bintang 5 hotel ini sangat tidak layak kamarnya cukup kecil sangat kotor dan berbau rokok fyi saya pesan kamar yang tidak merokok selain itu pelayanannya juga tidak terlalu bagus dan stafnya sangat kasar responnya lama dan ketika Anda melaporkan masalah Anda jangan harap ditanggapi dan ditindaklanjuti mereka akan mengabaikannya saja dan untuk harga hotel bintang 5 yang cukup mahal saya sarankan Anda bisa menginap di hotel bintang 5 yang lain lebih baik di daerah yang sama misalnya hotel indonesia kempinski atau grand hyatt yang tidak pernah mengecewakan saya,KOMPETITOR,Bintang 5,PullmanJakartaIndonesiaThamrinCBD,negative,0.998112678527832,Guest Experience,Guest Experience (0.60); Pricing & Value for Money (0.60); Booking & Reservation Experience (0.58)
Suki Wijaya,2018,1,saya mencoba hotel ini karena email promosi dari le club untuk mendapatkan 60 poin hanya dengan 1 kali menginap jadi pada tanggal 17 Agustus yang merupakan hari libur di Indonesia saya memutuskan untuk menginap di sini ketika saya memeriksa masuk saya sengaja memberi tahu petugas itu bahwa saya adalah anggota platinum spg dan anggota berlian hilton untuk memberi tahu dia bahwa saya sering bepergian dan juga karena saya tahu biasanya jika hotel kosong seperti tanggal 17 Agustus pada dasarnya semua hotel di jakarta akan cukup kosong pada hari ini mereka akan meng-upgrade saya setidaknya ke kategori berikutnya saya juga telah meminta upgrade dan dengan tegas menolak dia hanya mengatakan dia akan meng-upgrade saya jika saya adalah,KOMPETITOR,Bintang 5,PullmanJakartaIndonesiaThamrinCBD,negative,0.5917666554450989,"Loyalty, Recommendation & Appreciation","Loyalty, Recommendation & Appreciation (0.96); Check in/out Experience (0.89); Personalized & Special Services (0.80)"
Mohammed Alkaff,2024,1,Ini adalah salah satu pengalaman terburuk yang pernah saya alami dengan grup accor 1 cek masuk staf meja depan alden mereka meng-upgrade kamar dan ketika saya meminta tambahan satu jam untuk memeriksa keluar mereka menurunkan kamar dengan tidak seimbang satu jam sungguh dan itu setelah 15 menit menunggu persetujuan manajer shift mereka 2 waktu cek keluar saya pukul 14 00 pukul 13 15 seseorang mengetuk pintu dalam 5 detik mereka mengetuk lagi dan mereka segera membuka pintu kamar saya benar-benar berada di kamar kecil dan pintu kamar kecil dibuka benar-benar tidak tahu apa yang harus saya katakan menunggu dan pergi ke depan untuk bertemu mereka bahwa saya menemukan manajer melakukan mengatakan saya,KOMPETITOR,Bintang 5,PullmanJakartaIndonesiaThamrinCBD,negative,0.998945415019989,Check in/out Experience,Check in/out Experience (0.99); Guest Experience (0.95); Booking & Reservation Experience (0.75)
Corazon Bernardus,2023,1,nona katrina di resepsionis mungkin perlu memperbaiki keramahannya anda tidak perlu langsung menolak permintaan saya padahal yang saya minta hanyalah validasi parkir selama saya menginap dengan menyuruh saya langsung menemui petugas concierge dengan tidak menolak seperti itu mungkin karena anda merasa itu bukan tugas anda saya 100 yakin tidak mengharapkan hal seperti itu dari staf hotel pullman syukurlah pak maulana yang membantu kami membbawakan barang barang bawaan sangat baik dan sopan dia membuat saya merasa lebih baik dan yakin ada harapan untuk mendapatkan pengalaman menginap yang menyenangkan di sini ya saya masih tinggal di sini sampai hari minggu semoga saya mendapatkan pengalaman menginap yang benar-benar menyenangkan benar,KOMPETITOR,Bintang 5,PullmanJakartaIndonesiaThamrinCBD,positive,0.9881028532981873,Staff Conduct & Hospitality,"Staff Conduct & Hospitality (0.82); Location, Accessibility & Parking (0.79); Guest Experience (0.76)"
Nayeon Kim,2023,1,Saya ragu karena peringkatnya rendah di agoda dan pemesanan com tapi saya percaya peringkat google map dan akhirnya memutuskan untuk menginap di sini resepsionisnya mengecewakan sejak awal rasanya seperti kamar goshiwon rumah kos saya sarankan untuk mengeluarkan lebih banyak uang dan mencari tempat yang lebih baik malah hotel tempat saya menginap seharga 60 0 memenangkan jauh lebih baik hanya lobinya saja yang bagus,KOMPETITOR,Bintang 5,PullmanJakartaIndonesiaThamrinCBD,negative,0.9972668886184692,Pricing & Value for Money,Pricing & Value for Money (0.95); Booking & Reservation Experience (0.94); Guest Experience (0.90)
Roberto Gondrong,2022,1,saya pernah ke hotel ini beberapa tahun yang lalu ketika nama masih Nikko hotel ini sangat bagus dengan layanan bintang lima pullman justru sebaliknya 1 proses cek masuknya baru sangat buruk cek masuk lambat satu pelanggan membutuhkan waktu 30 menit untuk masuknya panjang apakah ini hotel atau pusat berbagi corona restoran dengan daftar tunggu mereka menempatkan petugas di pintu masuk mencatat nama dan nomor ponsel pelanggan dan menelepon mereka ketika mereka berbalik mereka tiba atau jika tidak memungkinkan setidaknya berikan nomor telepon pelanggan agar kami 50 orang tidak perlu menunggu bersama saya sudah menghubungi manajer tidak ada yang datang saya sudah menelepon hotel tidak ada yang menjawab dari kantor manajemen pemerintah seharusnya segera menutup operasional hotel ini,KOMPETITOR,Bintang 5,PullmanJakartaIndonesiaThamrinCBD,negative,0.990038275718689,Facilities & Amenities,Facilities & Amenities (0.95); Service Quality (0.92); Guest Experience (0.91)
Sugiarto Sugiarto,2022,1,pengalaman buruk ini adalah pengalaman pertama saya menginap di pullman thamrin jakarta saya memesan kamar melalui agen perjalanan dan ketika check masuk saya diberitahu oleh resepsionis bahwa kamar tidak tersedia setelah berdiskusi kami mencapai solusi saya menunjukkan surat pemesanan di ponsel saya dan oleh staf resepsionis ponsel saya diambil tanpa izin dan dikembalikan begitu saja ke meja kamar tidak memiliki perlengkapan standar hanya 1 tangan 1 sikat gigi menunggu 1 jam dan bertanya 2 kali setelah barang yang diberikan salah keesokan harinya saya meminta piring dan alat makan tetapi setelah 1 jam 5 jam parkir dan 3 kali permintaan piring dan alat makan tidak datang gedung,KOMPETITOR,Bintang 5,PullmanJakartaIndonesiaThamrinCBD,negative,0.9985561966896057,Check in/out Experience,Check in/out Experience (0.99); Booking & Reservation Experience (0.99); Guest Experience (0.93)
Munira Mohammed,2024,1,kamar sangat sangat sangat kecil lantai kotor meja samping tempat tidur kotor mengirim piring dan cangkir kotor di kamar dan prasmanan sarapan juru masak omeletnya berantakan dan ia menggunakan tangannya untuk menambahkan sayur sayuran dan bawang dll sarapan internasionalnya buruk penuh dengan hidangan asia yang tidak cocok untuk semua orang,KOMPETITOR,Bintang 5,PullmanJakartaIndonesiaThamrinCBD,negative,0.9992883801460266,Facilities & Amenities,Facilities & Amenities (1.00); Food & Beverage (0.99); Staff Conduct & Hospitality (0.93)
Nanang Suwandi,2022,1,bapak dan benzaquensir yang terhormat saya kecewa dengan isi dan nada balasan Anda atas keluhan saya tentang perlakuan di hotel Anda rasanya seperti membaca template yang sudah disiapkan bukan sentuhan pribadi pertama saya pernah bekerja di hotel di seluruh dunia terakhir di sofitel london st james bintang 5 jadi saya tahu bagaimana seharusnya hotel yang baik dikelola saya memiliki rekan manajemen di beberapa hotel di indonesia yang meyakinkan saya bahwa tidak melanggar hukum untuk mengizinkan pengiriman barang yang telah disanitasi dengan benar kepada tamu yang dikarantina apakah Anda berharap saya percaya bahwa semua makanan barang dan perlengkapan serta staf hanya dipasok dari,KOMPETITOR,Bintang 5,PullmanJakartaIndonesiaThamrinCBD,negative,0.991094708442688,Service Quality,Service Quality (0.95); Guest Experience (0.69); Staff Conduct & Hospitality (0.68)
harnsiri sangwongkit,2024,1,sistem manajemen buruk 1 proses cek masuk sangat lama hampir 30 menit 2 kamar masih belum tersedia sampai jam 15 00 padahal kebijakan cek masuk adalah jam 14 00 3 staf cek masuk sama sekali tidak membantu lebih baik hindari hotel ini sulit dipercaya ini hotel bintang 5,KOMPETITOR,Bintang 5,PullmanJakartaIndonesiaThamrinCBD,negative,0.9991151690483093,Management & Policy Issues,Management & Policy Issues (0.85); Guest Experience (0.22); Check in/out Experience (0.18)
KHALISHA ADELIA AZIZA,2022,1,sayangnya saya punya pengalaman buruk di sini saya memesan melalui telepon malam sebelum kedatangan saya ingin mentransfer pembayaran tetapi karyawannya menolak dan meminta saya membayar saat kedatangan dia hanya menanyakan nama dan nomor ponsel saya keesokan harinya tidak ada reservasi atas nama saya jadi saya harus menunggu hampir 2 jam untuk memeriksa masuk kamar mandinya bocor dan saya memesan untuk 4 orang tetapi setiap kamar hanya mendapatkan satu tangan bagi saya ini sangat merepotkan tidak direkomendasikan,KOMPETITOR,Bintang 5,PullmanJakartaIndonesiaThamrinCBD,negative,0.9990630745887756,Booking & Reservation Experience,Booking & Reservation Experience (0.98); Guest Experience (0.92); Check in/out Experience (0.91)
Lydia Napitupulu,2022,1,Saya menyelenggarakan acara di sana hotelnya mengubah kamar yang Anda pesan meskipun Anda sudah membayar 50 kontrak mengizinkan mereka melakukannya meskipun alasannya adalah untuk memberikan kamar tersebut kepada acara lain selain itu di kereta Anda tidak bisa memilih makanan yang disajikan di acara Anda hotel yang memutuskan dan mereka sangat menolak saran jika Anda tahu apa yang disukai tamu Anda sangat sulit untuk berada di posisi di mana Anda tidak bisa menyediakannya dan Anda akhirnya memiliki banyak sisa makanan ada kuecewaan lain terlalu lama untuk ditulis dulu semuanya lebih baik tetapi sekarang saya menempatkan mereka dalam kategori produk tersebut dengan singa udara,KOMPETITOR,Bintang 5,PullmanJakartaIndonesiaThamrinCBD,negative,0.9513072967529297,Guest Experience,Guest Experience (0.91); Food & Beverage (0.85); Booking & Reservation Experience (0.84)
Richard Irving,2022,1,hotel bintang 5 dengan pengalaman bintang 2 terakhir kali saya ke sini ada masalah dengan ac berbulan bulan kemudian ac nya masih belum diperbaiki liftnya panas dan berkeringat koridornya panas dan lembap dan kamarnya tidak dingin jadi tidak nyaman untuk tidur akhirnya saya pindah ke sayap tempat lain ac berfungsi area sarapan pagi pagi pagi pagi pagi panas dan berkeringat tidak nyaman dan begitu banyak nyamuk pula di dalam kamar saya hampir tidak bisa tidur karena digigit beberapa kali sepanjang malam keesokan harinya ada acara pernikahan di lantai bawah dan hanya ada satu lift yang beroperasi harus menunggu lebih dari 15 menit untuk kembali ke kamar karena untuk para tamu,KOMPETITOR,Bintang 5,PullmanJakartaIndonesiaThamrinCBD,negative,0.9986103773117065,Facilities & Amenities,Facilities & Amenities (0.87); Guest Experience (0.64); Check in/out Experience (0.48)
Fredericksend Burase,2023,1,Suatu hari yang cerah saya pergi ke hotel staycation baru menjelang malam 5 pria asing datang ke kamar saya di mana petugas keamanannya hotel bintang 5 yang katanya bagus tapi kamarnya kecil dan pelayanannya buruk tolong jaga privasi saya,KOMPETITOR,Bintang 5,PullmanJakartaIndonesiaThamrinCBD,negative,0.9843589067459106,Guest Experience,Guest Experience (0.69); Safety & Security (0.60); Check in/out Experience (0.44)
Pauldotdll,2023,1,saya diperlakukan seperti penjahat karena kehilangan kartu kredit pengalaman yang sangat tidak menyenangkan mereka mengizinkan saya melakukan transfer bank pada hari minggu tetapi mereka marah dan menelepon saya sangat larut malam tentang hal ini saya berasumsi petugas itu tahu bahwa transfer bank internasional tidak akan segera diproses mereka mengirim 1 orang dan seorang penjaga ke kamar saya untuk mengkonfrontasi saya seandainya mereka memberi tahu saya sejak pagi saya bisa saja memeriksa keluar tetapi karena mereka menunggu malam kedua sudah dimulai saya tidak pernah menginjakkan kaki di hotel Hilton,KOMPETITOR,Bintang 5,PullmanJakartaIndonesiaThamrinCBD,negative,0.9984045624732971,Check in/out Experience,Check in/out Experience (0.93); Guest Experience (0.85); Service Quality (0.81)
Jonathan,2022,1,Saat ini sedang karantina sumpah mereka memberi saya kamar terburuk di hotel ini untuk kamar superior premium sungguh tidak bisa diterima kamar mandinya kotor dan berjamur wallpaper berjamur dan tv nya robek dan buram hindari itu dengan cara apa pun saya benar benar menyesali keputusan saya dan sebaiknya pesan hotel di sebelahnya saja,KOMPETITOR,Bintang 5,PullmanJakartaIndonesiaThamrinCBD,negative,0.99937903881073,Booking & Reservation Experience,Booking & Reservation Experience (0.77); Facilities & Amenities (0.75); Guest Experience (0.73)
Isma Isma,2018,1,pengalaman buruk untuk hotel yang mengaku bintang 5 tempat tidurnya tua dan melengkung di tengah kamar mandinya kotor tolong periksa dan bersihkan mesin cuci eco nya air di toilet juga berwarna kuning saya mengalami sakit punggung parah selama 2 malam menginap di kamar lama 603 dan 609 dan mesin cuci eko mu eu sangat kotor apakah anda pernah membersihkannya,KOMPETITOR,Bintang 5,PullmanJakartaIndonesiaThamrinCBD,negative,0.9991812109947205,Guest Experience,Guest Experience (0.98); Facilities & Amenities (0.93); Check in/out Experience (0.91)
Desai Mg,2025,1,kamar sangat kecil tapi harganya terlalu mahal,KOMPETITOR,Bintang 5,PullmanJakartaIndonesiaThamrinCBD,negative,0.6067989468574524,Pricing & Value for Money,Pricing & Value for Money (0.94); Guest Experience (0.81); Facilities & Amenities (0.73)
Landry Hadimulya,2020,1,staf perlu meningkatkan layanan mereka voucher sarapan saya tidak bisa digunakan hanya karena hari libur nasional dan tanpa pemberitahuan sebelumnya tidak ada pernyataan tentang voucher bahwa voucher tersebut berbenturan dengan hari libur nasional saya tidak akan kembali,KOMPETITOR,Bintang 5,PullmanJakartaIndonesiaThamrinCBD,negative,0.9861074686050415,Service Quality,Service Quality (0.84); Staff Conduct & Hospitality (0.70); Food & Beverage (0.70)
S H,2024,1,makanan yang disajikan untuk sarapan beragam tapi sama sekali tidak segar kebersiaan kurang terjaga banyak lalat di meja dapur ukuran kamar terlalu kecil dan perlengkapan mandinya kualitasnya sangat murahan saya tinggal selama 5 hari dan tidak akan pernah kembali ke lokasi ini lagi,KOMPETITOR,Bintang 5,PullmanJakartaIndonesiaThamrinCBD,negative,0.9988079071044922,Facilities & Amenities,Facilities & Amenities (0.95); Pricing & Value for Money (0.86); Guest Experience (0.72)
Loc Nguyen,2023,1,Saya sudah sering menginap di sini tapi setiap kali cek masuk saya harus menunggu setidaknya 10 15 menit jika iya itu bukan masalah saya anggota berlian accor dan sedang memeriksa masuk di daerah accor tambah tidak pernah ada orang di sana dan malam ini manajer tugas memberi tahu saya jika saya menunggu karena stafnya sedang melayani klien benarkah itu lelucon terlucu yang pernah saya dengar,KOMPETITOR,Bintang 5,PullmanJakartaIndonesiaThamrinCBD,negative,0.9982149600982666,Guest Experience,Guest Experience (0.95); Check in/out Experience (0.90); Service Quality (0.54)
Muhammad Fiqih,2021,1,hotel bintang 5 bintang 4 bintang 3 entahlah rencana perjalanan kamar mandinya cuma untuk satu orang pastikan kamu membawa tangan sikat gigi dll sendiri jika datang berdua cukup mengecewakan mengingat lokasinya yang strategis dan namanya sudah mendunia dan kejutannya sarapannya terlalu lama dibuat dan untungnya kamu sudah bosan dengan metode memasak terbaik mereka membuat omelet itu prosesnya tidak hanya 20 menit kan,KOMPETITOR,Bintang 5,PullmanJakartaIndonesiaThamrinCBD,negative,0.6436222195625305,Facilities & Amenities,Facilities & Amenities (0.99); Guest Experience (0.94); Service Quality (0.93)
Alex Lin,2023,1,sangat menyedihkan waktu cek masuk pukul 14 00 dengan reservasi tapi sampai pukul 15 20 tidak bisa cek masuk agak buang waktu pelanggan dan jika komentar atau permintaan maaf berhasil mengapa kita perlu keanggotaan accor dan reservasi tapi lebih baik tidak pernah kembali lagi,KOMPETITOR,Bintang 5,PullmanJakartaIndonesiaThamrinCBD,negative,0.9994100332260132,Booking & Reservation Experience,Booking & Reservation Experience (0.95); Guest Experience (0.95); Check in/out Experience (0.89)
K A,2020,1,Saat check masuk saya diberi tahu bahwa mereka tidak bisa menyediakan tipe kamar yang saya pesan sebelumnya mereka bilang akan menyediakan kamar yang di upgrade tapi ternyata itu kamar terkecil di hotel ini saya harus berusaha keras untuk bernegosiasi,KOMPETITOR,Bintang 5,PullmanJakartaIndonesiaThamrinCBD,negative,0.971842348575592,Booking & Reservation Experience,Booking & Reservation Experience (0.76); Check in/out Experience (0.67); Guest Experience (0.67)
Andre E. Susanto,2019,1,Saya menghadiri lokakarya di mana seorang menteri Indonesia berbicara dan beberapa duta besar asing diundang hotel kehabisan gelas dan mangkuk sup sebelum makan siang selesai banyak orang tidak bisa minum dan makan bahkan setelah sesi berikutnya selesai saya sudah bertanya kepada staf berkali-kali termasuk resepsi ini jawabannya selalu kami sedang mengerjakannya,KOMPETITOR,Bintang 5,PullmanJakartaIndonesiaThamrinCBD,negative,0.487854927778244,Food & Beverage,Food & Beverage (0.95); Guest Experience (0.91); Staff Conduct & Hospitality (0.77)
yopie krishna,2022,1,membuat kami menunggu 1 jam dalam antrean untuk memeriksa masuk banyak orang menunggu kamar mereka akhirnya kami mendapatkan kamar kami tapi kemudian itu bukan yang kami bayar dan sampai jam ini kami belum mendapatkan kamar kami orang orang yang terlampir masih mengeluh mereka tidak mendapatkan kamar sangat kecewa untuk hotel bintang 5,KOMPETITOR,Bintang 5,PullmanJakartaIndonesiaThamrinCBD,negative,0.9993553757667542,Guest Experience,Guest Experience (0.92); Pricing & Value for Money (0.84); Check in/out Experience (0.84)
Viani Ibrahim,2023,1,Tidak ada layanan pelayan kami harus parkir di gedung tambahan dan membawa barang barang kami sampai ke lobi menunggu untuk memeriksa masuk sangat lama wifi tidak berfungsi lantainya lengket,KOMPETITOR,Bintang 5,PullmanJakartaIndonesiaThamrinCBD,negative,0.9985425472259521,"Location, Accessibility & Parking","Location, Accessibility & Parking (0.99); Facilities & Amenities (0.96); Guest Experience (0.94)"
hide h,2016,1,ini hotel terburuk saya sudah menginap di sini lebih dari 30 malam selama beberapa tahun terakhir dan inilah kesimpulan saya pelatihan karyawannya buruk sekali ruang makan utama layanan kebersihan pelayan dll semuanya berstandar bintang 3 saya terpaksa menginap di sini karena hotel ini ditunjuk oleh perusahaan saya tetapi pulman meminta saya untuk menaikkan harga jadi saya akan memilih hotel lain mulai sekarang saya tidak akan pernah menginap di sini lagi,KOMPETITOR,Bintang 5,PullmanJakartaIndonesiaThamrinCBD,negative,0.998927891254425,Facilities & Amenities,"Facilities & Amenities (0.99); Cleanliness, Hygiene & Maintenance (0.96); Food & Beverage (0.93)"
Abod1212 Abod1212,2019,1,hotel yang sangat buruk sangat eksploitatif harga tinggi kamar sangat kecil furnitur tua seperti menginap di kuburan resepsionisnya bagus tapi kamarnya sangat sempit sistem mereka kacau dengan visa Anda mereka memotong biaya hotel saya dan mengatakan bahwa saya memesanannya melalui pemesanan com mereka mengambil seluruh biaya akomodasi dari saya secara tunai ketika saya ingin memeriksa keluar mereka memberi tahu saya bahwa kami sudah memesanannya saya bilang oke ambil saja mereka mengembalikan uang jaminan saya mereka mengatakan saya akan mendapatkannya kembali setelah 14 hari kecuali untuk memesan hotel yang sangat buruk tidak ada yang tinggal di sana harga mereka mahal untuk laundry dan setrika padahal empat,KOMPETITOR,Bintang 5,PullmanJakartaIndonesiaThamrinCBD,negative,0.9989351630210876,Booking & Reservation Experience,Booking & Reservation Experience (0.85); Pricing & Value for Money (0.84); Facilities & Amenities (0.78)
Egar Maulana,2023,1,Proses pemeriksaan masuk memakan waktu 60 menit untuk mengubah kamar merokok menjadi kamar bebas rokok proses pemeriksaan keluar petugas tidak mau membantu kami proses parkir gratis kami harus kembali dua kali dari gerbang parkir ke petugas karena sistemnya lambat,KOMPETITOR,Bintang 5,PullmanJakartaIndonesiaThamrinCBD,negative,0.9930863380432129,"Location, Accessibility & Parking","Location, Accessibility & Parking (0.92); Check in/out Experience (0.92); Guest Experience (0.61)"
firly novelita,2022,1,sangat kecewa kami tiba pukul 2 siang dan harus menunggu sampai pukul 5:30 sore untuk memeriksa masuk gila lalu mereka hanya memberi kami kupon kopi saat kami menunggu bahkan tidak meminta maaf kepada kami lalu kami pikir kami bisa memeriksa keluar terlambat karena kami mendapat cek masuk terlambat tetapi mereka tidak memberi kami maaf pemandu saya tidak bisa memberi Anda ulasan yang bagus kami benar-benar kecewa,KOMPETITOR,Bintang 5,PullmanJakartaIndonesiaThamrinCBD,negative,0.9994376301765442,Check in/out Experience,Check in/out Experience (0.97); Guest Experience (0.92); Food & Beverage (0.92)
Danny Khoury,2019,1,mendarat di bandara jakarta sistem taksinya ribet banget saya menelepon hotel untuk meminta arahan dan bantuan gadis konyol itu menunggu saya lebih dari 10 menit lalu menutup telepon tingkah laku yang memalukan dalam perjalanan ke hotel dan pasti akan berisik,KOMPETITOR,Bintang 5,PullmanJakartaIndonesiaThamrinCBD,negative,0.9994316697120667,Guest Experience,Guest Experience (0.80); Check in/out Experience (0.58); Booking & Reservation Experience (0.55)
Hermit,2019,1,Sangat kecewa ini bukan pertama kalinya saya menginap di hotel pullman tapi masalah dengan brankas hampir membuat saya tidak bisa naik pesawat dan staf hotel menanganinya dengan sangat buruk,KOMPETITOR,Bintang 5,PullmanJakartaIndonesiaThamrinCBD,negative,0.9993932247161865,Facilities & Amenities,Facilities & Amenities (0.95); Guest Experience (0.92); Service Quality (0.87)
JUEUN YOO,2018,1,pengalaman yang buruk ruang merokok yang tidak diinginkan sangat bau sehingga tidak bisa tidur karyawan tidak memberikan upaya yang cukup untuk menyelesaikan masalah tidak ada senjata membayar 200 dolar,KOMPETITOR,Bintang 5,PullmanJakartaIndonesiaThamrinCBD,negative,0.9992511868476868,Facilities & Amenities,Facilities & Amenities (0.96); Service Quality (0.91); Guest Experience (0.91)
AK Explorer,2023,1,manajemen kebersihan hunian dan kesiapan kamar yang buruk dan tidak dapat menemukan solusi untuk kamar dan memeriksa masuk keluar yang rumit yang berdampak pada keterlambatan keluarga saya untuk beristirahat dari perjalanan jarak jauh,KOMPETITOR,Bintang 5,PullmanJakartaIndonesiaThamrinCBD,negative,0.99791020154953,Facilities & Amenities,"Facilities & Amenities (1.00); Cleanliness, Hygiene & Maintenance (1.00); Service Quality (0.97)"
Gema Satria,2019,1,manajemen parkir terburuk yang pernah ada naik taksi saja jika perlu ke sana atau di sana mulai Maret 2019 jangan bawa mobilmu aku menghabiskan lebih dari satu jam hanya untuk menemukan tempat parkir di gedung tambahannya petugas parkir juga tidak membantu mereka tidak melakukan apa apa apa hanya berdiri saja tidak berguna beritahu aku untuk tidak parkir di sini atau di sana akhirnya aku membiarkannya berbicara dan hanya memarkir mobilku di tempat yang saya pikir tidak menghalangi siapa pun,KOMPETITOR,Bintang 5,PullmanJakartaIndonesiaThamrinCBD,negative,0.9984434247016907,"Location, Accessibility & Parking","Location, Accessibility & Parking (0.81); Facilities & Amenities (0.76); Management & Policy Issues (0.54)"
Deddy Zulhandy,2025,1,Satu lagi hal yang baik tentang hotel ini hanyalah lokasinya yang strategis,KOMPETITOR,Bintang 5,PullmanJakartaIndonesiaThamrinCBD,positive,0.9932047128677368,Facilities & Amenities,"Facilities & Amenities (0.74); Sustainability & Environmental Quality (0.69); Loyalty, Recommendation & Appreciation (0.66)"
روان,2024,1,hotelnya jelek dari segala aspek ac jelek pelayanan jelek mereka lebih mementingkan lobi daripada kamar kamarnya sangat sangat sempit tidak muat lebih dari dua tas kamar mandinya sempit dan kamarnya sangat tua bahkan tidak cukup ruang untuk melaksanakan sholat,KOMPETITOR,Bintang 5,PullmanJakartaIndonesiaThamrinCBD,negative,0.9992388486862183,Facilities & Amenities,Facilities & Amenities (0.94); Guest Experience (0.89); Religious & Halal Features (0.72)
Yuji Kudo,2018,1,Saat sarapan saya memesan saya tetapi koki itu diam menunjuk sayuran seolah olah memberi tahu saya sayuran apa yang harus saya masukkan ke dalamnya dia juga memiliki tato yang membuat saya merasa sangat tidak nyaman,KOMPETITOR,Bintang 5,PullmanJakartaIndonesiaThamrinCBD,negative,0.9960635304450989,Guest Experience,Guest Experience (0.91); Booking & Reservation Experience (0.90); Service Quality (0.80)
audria putri,2021,1,Saya sudah menunggu satu setengah jam untuk masuk ke kamar saya resepsionisnya tidak ramah dan membantu sangat tidak direkomendasikan untuk menginap di hotel ini,KOMPETITOR,Bintang 5,PullmanJakartaIndonesiaThamrinCBD,negative,0.9992287158966064,Guest Experience,Guest Experience (0.97); Check in/out Experience (0.82); Service Quality (0.65)
Mohammed Falqi,2023,1,sayang sekali jumlahnya tidak sepadan dan kamarnya sangat kecil ada banyak hotel yang lebih mewah dan bersih di sekitarnya dan tidak ada bidet,KOMPETITOR,Bintang 5,PullmanJakartaIndonesiaThamrinCBD,negative,0.9453817009925842,Facilities & Amenities,"Facilities & Amenities (0.91); Service Quality (0.90); Cleanliness, Hygiene & Maintenance (0.84)"
Raden Prayudi,2024,1,kamar sangat berdebu dan bau resepsionis tidak terlalu membantu,KOMPETITOR,Bintang 5,PullmanJakartaIndonesiaThamrinCBD,negative,0.9988564252853394,Guest Experience,Guest Experience (0.91); Facilities & Amenities (0.86); Check in/out Experience (0.76)
えぼぞうえぼぞう,2024,1,Mereka kasar menelepon saya dan menutup telepon tanpa izin saya tidak akan tinggal lagi,KOMPETITOR,Bintang 5,PullmanJakartaIndonesiaThamrinCBD,negative,0.9992454051971436,Guest Experience,Guest Experience (0.66); Service Quality (0.63); Check in/out Experience (0.58)
AHMET UZUN,2022,1,Tidak ada hubungannya dengan menjadi bintang 5 kualitasnya nol,KOMPETITOR,Bintang 5,PullmanJakartaIndonesiaThamrinCBD,negative,0.9438163638114929,Pricing & Value for Money,Pricing & Value for Money (0.20); Religious & Halal Features (0.13); Digital Connectivity & Technology (0.12)
Chloe Theodora,2019,1,hotelnya bagus dan cantik dan tempat tidurnya sangat nyaman,KOMPETITOR,Bintang 5,PullmanJakartaIndonesiaThamrinCBD,positive,0.9994685053825378,Room Quality & Comfort,Room Quality & Comfort (1.00); Facilities & Amenities (0.99); Service Quality (0.97)
Reynaldi Rachman,2018,1,petugas keamanan tidak memberikan informasi yang membantu dan cenderung berargumen,KOMPETITOR,Bintang 5,PullmanJakartaIndonesiaThamrinCBD,negative,0.9980670809745789,Safety & Security,Safety & Security (0.89); Management & Policy Issues (0.44); Digital Connectivity & Technology (0.40)
Rini Oktaviani,2019,1,Tempatnya bagus tapi makanannya sangat buruk,KOMPETITOR,Bintang 5,PullmanJakartaIndonesiaThamrinCBD,negative,0.9842844009399414,Facilities & Amenities,Facilities & Amenities (0.99); Food & Beverage (0.85); Guest Experience (0.85)
Mathias Troedson,2025,1,kamar dirampok oleh staf yang memasuki kamar saat sarapan,KOMPETITOR,Bintang 5,PullmanJakartaIndonesiaThamrinCBD,negative,0.7551863789558411,Guest Experience,Guest Experience (0.71); Service Quality (0.53); Food & Beverage (0.53)
Saya Amano,2024,1,Tidak sepadan dengan harga kecewa,KOMPETITOR,Bintang 5,PullmanJakartaIndonesiaThamrinCBD,negative,0.9970397353172302,Pricing & Value for Money,Pricing & Value for Money (0.78); Food & Beverage (0.47); Digital Connectivity & Technology (0.39)
A LI,2019,1,sangat buruk kamar tidurnya kecil dan inspeksi di pintu masuk sangat mengganggu,KOMPETITOR,Bintang 5,PullmanJakartaIndonesiaThamrinCBD,negative,0.9994774460792542,Guest Experience,Guest Experience (0.98); Check in/out Experience (0.96); Facilities & Amenities (0.92)
Irwin Hiroshi Masayuki,2022,1,antrean panjang pelayanan lambat proses cek masuk memakan waktu lebih dari 5 jam,KOMPETITOR,Bintang 5,PullmanJakartaIndonesiaThamrinCBD,negative,0.9988096952438354,Guest Experience,Guest Experience (0.78); Check in/out Experience (0.58); Booking & Reservation Experience (0.56)
長谷川学,2018,1,Seperti biasa aku ingin melihat tekanan udara yang lebih kuat di pancuran,KOMPETITOR,Bintang 5,PullmanJakartaIndonesiaThamrinCBD,neutral,0.7108055353164673,Facilities & Amenities,Facilities & Amenities (0.96); Sustainability & Environmental Quality (0.85); Check in/out Experience (0.82)
Herlambang Eka Setya,2022,1,Proses periksa masuk buruk banyak orang menunggu terlalu lama,KOMPETITOR,Bintang 5,PullmanJakartaIndonesiaThamrinCBD,negative,0.9992265701293945,Guest Experience,Guest Experience (0.98); Check in/out Experience (0.56); Management & Policy Issues (0.42)
Hirotaka AOKI,2015,1,agak kaka2yayakakayasoraya llama,KOMPETITOR,Bintang 5,PullmanJakartaIndonesiaThamrinCBD,neutral,0.5590327382087708,Religious & Halal Features,Religious & Halal Features (0.55); Pricing & Value for Money (0.51); Sustainability & Environmental Quality (0.38)
J Purnama,2020,1,kurangnya tempat parkir,KOMPETITOR,Bintang 5,PullmanJakartaIndonesiaThamrinCBD,negative,0.6938067674636841,"Location, Accessibility & Parking","Location, Accessibility & Parking (0.89); Facilities & Amenities (0.76); Sustainability & Environmental Quality (0.48)"
4l1 5u5anto,2021,1,prasmanannya tidak enak,KOMPETITOR,Bintang 5,PullmanJakartaIndonesiaThamrinCBD,negative,0.9990361928939819,Management & Policy Issues,Management & Policy Issues (0.77); Pricing & Value for Money (0.63); Food & Beverage (0.59)
Pirmansah 88,2019,1,penghancuran penghancuran serikat pekerja,KOMPETITOR,Bintang 5,PullmanJakartaIndonesiaThamrinCBD,negative,0.9961581826210022,Management & Policy Issues,Management & Policy Issues (0.39); Pricing & Value for Money (0.04); Religious & Halal Features (0.02)
slocoto cekoneng,2020,1,bagus,KOMPETITOR,Bintang 5,PullmanJakartaIndonesiaThamrinCBD,positive,0.9980998635292053,"Cleanliness, Hygiene & Maintenance","Cleanliness, Hygiene & Maintenance (0.91); Facilities & Amenities (0.90); Sustainability & Environmental Quality (0.82)"
nesio media,2022,1,tempat menjijikkan,KOMPETITOR,Bintang 5,PullmanJakartaIndonesiaThamrinCBD,negative,0.9931451082229614,Facilities & Amenities,Facilities & Amenities (0.68); Pricing & Value for Money (0.55); Food & Beverage (0.49)
M Husni Mubarok,2021,1,Tidak seru,KOMPETITOR,Bintang 5,PullmanJakartaIndonesiaThamrinCBD,negative,0.9985337257385254,Pricing & Value for Money,Pricing & Value for Money (0.40); Religious & Halal Features (0.30); Room Quality & Comfort (0.29)
Pratama Megawati,2025,2,Saat anak saya makan menanyakan minum ada dimana trus sama mba2 katanya nanti diantar ke meja ternyata sampai makanan hbs minum udara putih itu tidak kunjung datang anak saya sampai keselek jadi sebenarnya pelayanannya untuk minum bagaimana sop nya coba jelaskan,KOMPETITOR,Bintang 5,PullmanJakartaIndonesiaThamrinCBD,negative,0.9966172575950623,Guest Experience,Guest Experience (0.90); Service Quality (0.79); Food & Beverage (0.65)
Fredy Juana,2025,2,Tidak ramah buat kurir satpamya jutek tidak disediain tempat parkir parkirnya dipinggir jalan bagaimana diangkut dishub,KOMPETITOR,Bintang 5,PullmanJakartaIndonesiaThamrinCBD,negative,0.9992514252662659,"Location, Accessibility & Parking","Location, Accessibility & Parking (0.91); Guest Experience (0.82); Facilities & Amenities (0.81)"
Muhammad Irfan Wicaksono,2025,2,Yang lainnya oke walau ukuran kamar kecil sistem parkir dan concierge nya aneh suka tidak nyambung di dalam hotelnya sendiri macet panjang jadinya,KOMPETITOR,Bintang 5,PullmanJakartaIndonesiaThamrinCBD,negative,0.9804742336273193,Facilities & Amenities,"Facilities & Amenities (0.99); Location, Accessibility & Parking (0.99); Service Quality (0.85)"
M SBR,2025,2,parkir ribet dan susah sebagian besar sudah bokingan hadeuh kalau banyak uang juga tidak akan nginap disini maaf ya,KOMPETITOR,Bintang 5,PullmanJakartaIndonesiaThamrinCBD,negative,0.9993429780006409,"Location, Accessibility & Parking","Location, Accessibility & Parking (0.95); Facilities & Amenities (0.93); Pricing & Value for Money (0.88)"
Arizka Salma,2025,2,coffehop yang kalau dari pintu masuk belok kiri dkt tangga saya duduk di bagian yang dalam bukan yang dkt kaca arah luar ya saya duduk sendiri tpi di posisi ada 3org lain juga 2bule 1lokal jalan saya yang ditegur jika tidak beli menu jangan duduk disitu tapi di lounge okelah saya pindah alasanya knp pdhl saya sama seperti pengunjung lain tapi 3 org yang duduk sprti saya tidak ditegur padahal mereka juga tidak beli menu sama sprti saya aneh,KOMPETITOR,Bintang 5,PullmanJakartaIndonesiaThamrinCBD,negative,0.9989234805107117,Guest Experience,Guest Experience (0.79); Food & Beverage (0.75); Room Quality & Comfort (0.64)
Ganda Rakhman,2025,2,persis hari ini jam 18 10 kamar ketiga masih belum siap saat check masuk jam 16 dari 3 kamar yang dibook hanya 1 yang siap yang kedua baru selesai jam 17 30 itupun setelah memanggil sendiri pemimpin housekeepingnya layanan pelanggan resepsionis di bawah tidak efektif untuk membantu proses check masuk menghabiskan setengah jam sendiri dan ternyata dari sisi fasilitas hotel ini masih tergolong jadul tv nya kecil 32 dan model lama 1 unit telepon dari 3 kamar rusak berdingin area toilet pun perlu diperbaharui sepintas terlihat pemeliharaannya tidak berjalan baik sangat kecewa dengan nama besar pullman,KOMPETITOR,Bintang 5,PullmanJakartaIndonesiaThamrinCBD,negative,0.9988948702812195,Facilities & Amenities,Facilities & Amenities (0.98); Booking & Reservation Experience (0.77); Guest Experience (0.76)
Amalia Ayuningtyas,2025,2,Waktu cek masuk sangat lama sebaiknya punya kesabaran yang luar biasa ketika cek masuk atau layanan lainnya,KOMPETITOR,Bintang 5,PullmanJakartaIndonesiaThamrinCBD,negative,0.9589990377426147,Check in/out Experience,Check in/out Experience (0.63); Safety & Security (0.54); Service Quality (0.52)
Masandi Riwan,2025,2,pagi hari tiba tiba kamar bau asap rokok bau kemungkinan dari kamar mandi insinyur sigap datang tapi tetap saja gangguan 1 jam terbuang kami harus ngungsi ke kamar menghubungkan kamar keran penanam air bocor menetes banyak terbuang kemana2 buah salak di sarapan busuk sisanya sarapan bervariasi dan enak secara keseluruhan oke tapi mengingat judulnya nya bintang 5 dan harganya di atas 1 5 jt saya berharap pengalaman yang mulus,KOMPETITOR,Bintang 5,PullmanJakartaIndonesiaThamrinCBD,negative,0.7075247168540955,Pricing & Value for Money,Pricing & Value for Money (0.82); Service Quality (0.76); Facilities & Amenities (0.56)
Ery Damon,2025,2,Hotel bintang 5 yang tidak bisa memberikan layanan sarapan ke kamar sejauh pengalaman saya menginap di hotel bintang 5 lain baru kali ini layanan kamar nya mengatakan untuk sarapan di kamar hanya bisa memberikan roti mungkin seharusnya di negara bagian awal ketika tamu akan menginap jika tamu keadaan kurang sehat untuk turun ke resto bagaimana,KOMPETITOR,Bintang 5,PullmanJakartaIndonesiaThamrinCBD,negative,0.9892532229423523,Guest Experience,Guest Experience (0.88); Facilities & Amenities (0.65); Service Quality (0.52)
Ratno Yudistira,2023,2,Proses cek masuk lama saya datang pukul 14.30 dan diminta menunggu setengah jam aktualnya sampai pukul 16.00 kamar belum siap antrian di kantor depan lama sekali karena banyak yang mengeluh terkait ketersediaan kamar untuk hotel sekelas pullman ini sangat mengecewakan sekali karena kamu dari luar kota dan membawa bayi yang sudah mendapatkan kamar cukup nyaman sarapan cukup bervariasi tetapi soal rasa tidak istimewa ekspektasi saya untuk hotel bintang 5 seharusnya lebih baik lokasi cukup strategis karena berada di deseberang pi dan sangat dekat dengan stasiun mrt apakah saya akan kembali menginap mungkin saya akan berpikir lagi karena momen tinggal saya jadi mengecewakan karena masalah cek masuk,KOMPETITOR,Bintang 5,PullmanJakartaIndonesiaThamrinCBD,negative,0.9980655312538147,Check in/out Experience,Check in/out Experience (0.97); Booking & Reservation Experience (0.87); Guest Experience (0.85)
Evita Purnamasari,2022,2,terburuk menginap pernah masuk hotel bintang lima kami memesan 6 kamar untuk kebutuhan pernikahan sudah memesan h 1 5 bulan dan langsung telepon untuk perekonomian bantuan untuk di mengatur agar 6 kamar bisa 1 lantai bejejer mengapa haru selantai karena untuk memudahkan mobilisasi mua dan wedding organizer di telepon petugas bilang oke akan membantu h 1 bulan kami sengaja datang langsung ke kereta untuk memastikan jika lagi perekonomian kita bisa diperjuangkan sambil setengah memohon dan sekali lagi petugas bilang iya hari h jam 07 00 jam 6 jam sebelum jam cek masuk loh sengaja jauh dari bekasi demi biar kita bisa mendapatkan firma selantai petugas,KOMPETITOR,Bintang 5,PullmanJakartaIndonesiaThamrinCBD,negative,0.9165488481521606,Booking & Reservation Experience,Booking & Reservation Experience (0.96); Service Quality (0.83); Guest Experience (0.80)
Sherlinda octa,2023,2,Beberapa kali nginap ternyata saya mendapatkan air sapi tidak bisa dipakai kulkas tidak dingin hingga makanan basi di kamar ada nyamuk mandi airnya nyebar sampai ke depan wastafel grand deluxe room,KOMPETITOR,Bintang 5,PullmanJakartaIndonesiaThamrinCBD,negative,0.9979982972145081,Facilities & Amenities,Facilities & Amenities (0.82); Guest Experience (0.70); Sustainability & Environmental Quality (0.57)
Achriano Toyang,2022,2,Saya check masuk hari ini untuk dua kamar dan salah satu kamarnya baru siap jam 17:30 saya menunggu selama lebih dari 3 jam hingga kamarnya siap itupun setelah kami marah cukup kencang terlebih dahulu padahal kami sudah melakukan pemesanan dan pelunasan di satu hari sebelumnya tidak ada komunikasi yang baik dan jelas antara petugas yang mempersiapkan kamar dengan resepsionis mengenai kesiapan kamar untuk hotel sekelas bintang lima hal ini amat jauh dari ekspektasi,KOMPETITOR,Bintang 5,PullmanJakartaIndonesiaThamrinCBD,negative,0.9991093277931213,Booking & Reservation Experience,Booking & Reservation Experience (0.98); Check in/out Experience (0.93); Guest Experience (0.82)
zevtyan,2020,2,letaknya oke banget saat pusat jakarta dpn henti busway bundaran hi yang terintegrasi mrt seberangnya ada plaza indonesia tapi fasilitasnya sudah ky hotel harga 300 rbuan kamarnya kecil banget fasilitasnya jg jauh dbwh hotel tetangga tv jg belum pk antena digital untuk restorannya jg tata letaknya ituu tidak banget masa makanan lokal sama minuman jauh banget pegawainya jg oleh ketus sama org lokal secara keseluruhan untuk letaknya oke banget tapi untuk hotelnya tidak dianjurkan,KOMPETITOR,Bintang 5,PullmanJakartaIndonesiaThamrinCBD,negative,0.9597019553184509,Facilities & Amenities,Facilities & Amenities (0.90); Food & Beverage (0.67); Pricing & Value for Money (0.56)
merina Oei,2023,2,kamar hotel sangat kecil kamar mandi sangat kecil jika bepergian sama keluarga kurang cocok kopi nya sangat standar mirip hotel bintang 3 udara minum dibatasi bukan selayak nya hotel bintang 5,KOMPETITOR,Bintang 5,PullmanJakartaIndonesiaThamrinCBD,negative,0.8409871459007263,Facilities & Amenities,Facilities & Amenities (0.95); Food & Beverage (0.89); Service Quality (0.82)
damara larasati,2021,2,sedikit kecewa datang cek masuk jam 5 sore baru masuk kamar hampir jam 7 malam penjelasannya karena kamar sedang di bersihkan dan tidak ada komplimen air putih atau apapun menunggu selama itu tidak ingin kesini lagi tolong ditingkatkan lagi pelayanannya ya,KOMPETITOR,Bintang 5,PullmanJakartaIndonesiaThamrinCBD,negative,0.9991616010665894,Guest Experience,Guest Experience (0.98); Service Quality (0.96); Check in/out Experience (0.96)
Maria Setiadi,2021,2,Proses cek masuk agak lama dan untuk sekelas pullman tidak bisa koneksi wifi bahkan untuk tamu dalam rumah kelebihan jalan dari anggota accor semua bisa terlambat cek keluar sampai jam 5 sore,KOMPETITOR,Bintang 5,PullmanJakartaIndonesiaThamrinCBD,negative,0.9945545196533203,Check in/out Experience,Check in/out Experience (0.75); Service Quality (0.72); Guest Experience (0.64)
lilo pambudi,2023,2,Saat petugas keamanan parkir lebih mementingkankan parkirkan bwt orang2 yang mau sepeda utama sedangkan tamu hotel di abaikan dan tidak boleh parkir sangat tidak ramah sekali,KOMPETITOR,Bintang 5,PullmanJakartaIndonesiaThamrinCBD,negative,0.9992469549179077,Safety & Security,"Safety & Security (0.99); Location, Accessibility & Parking (0.88); Management & Policy Issues (0.71)"
Ario Nugroho,2021,2,Ruang doa Islam miskin dari hampir sepuluh tahun lalu hingga saat ini tidak ada perkembangan padahal bisa untuk karyawan lain di dalam dan di luar hotel,KOMPETITOR,Bintang 5,PullmanJakartaIndonesiaThamrinCBD,negative,0.9690186977386475,Facilities & Amenities,Facilities & Amenities (0.76); Religious & Halal Features (0.70); Guest Experience (0.42)
evi hardiyanti,2022,2,Pelayanan cek masuk lama sekali datang dari jam 2 siang sampai jam setengah 7 malam belum bisa kepastian kapan bisa masuk kamar,KOMPETITOR,Bintang 5,PullmanJakartaIndonesiaThamrinCBD,negative,0.9976054430007935,Guest Experience,Guest Experience (0.89); Check in/out Experience (0.84); Service Quality (0.80)
rudi bukit,2020,2,begitu banyak kemacetan pengaturan lalu lintas yang di seputar mall dan luar mall oleh pengelola gedung yang tidak bagus menyebabkan kemacetan yang parah di sekitar situ mulai dari thamrin city thamrin cosmo dan plaza indonesia,KOMPETITOR,Bintang 5,PullmanJakartaIndonesiaThamrinCBD,negative,0.8667619824409485,Facilities & Amenities,"Facilities & Amenities (0.80); Management & Policy Issues (0.69); Location, Accessibility & Parking (0.58)"
Kure Gile,2023,2,lama cek masuk promosinya berbelit serasa tertipu dengan pemasaran yang jawabannya tidak sesuai pertanyaan maaf saya tidak merekomendasikan secara pribadi,KOMPETITOR,Bintang 5,PullmanJakartaIndonesiaThamrinCBD,negative,0.9991061091423035,Check in/out Experience,Check in/out Experience (0.66); Management & Policy Issues (0.38); Food & Beverage (0.33)
Ragil Adityaputra,2022,2,Hotel sebesar dan sebagus itu tapi tidak ada pelayanan tamu turun di lobi seperti buka tutup pintu,KOMPETITOR,Bintang 5,PullmanJakartaIndonesiaThamrinCBD,negative,0.9885271787643433,Facilities & Amenities,Facilities & Amenities (0.92); Service Quality (0.89); Guest Experience (0.84)
Danil Nurdiansyah,2021,2,Hotel bagus tapi sayang di demo mulu setiap hari rabu zholim ya manajemen nya ya ke karyawan nya ampe serikat pada demo bgitu,KOMPETITOR,Bintang 5,PullmanJakartaIndonesiaThamrinCBD,negative,0.9984812140464783,Service Quality,"Service Quality (0.67); Loyalty, Recommendation & Appreciation (0.56); Staff Conduct & Hospitality (0.52)"
Anis Sakinah Utami,2022,2,Pelayanan lama sudah 3 jam belum bisa kamar ini bintang 5 tapi mengecewakan,KOMPETITOR,Bintang 5,PullmanJakartaIndonesiaThamrinCBD,negative,0.9990578293800354,Guest Experience,Guest Experience (0.99); Service Quality (0.97); Check in/out Experience (0.88)
Baby Land Bali,2023,2,kebetulan dapat kamar yang bermasalah dari ac mati dll,KOMPETITOR,Bintang 5,PullmanJakartaIndonesiaThamrinCBD,negative,0.9870895743370056,Facilities & Amenities,Facilities & Amenities (0.75); Guest Experience (0.54); Sustainability & Environmental Quality (0.52)
Bobo Bobo,2025,2,keknya mesti ganti interior deh sudah lama taruhan,KOMPETITOR,Bintang 5,PullmanJakartaIndonesiaThamrinCBD,negative,0.9991704225540161,Check in/out Experience,Check in/out Experience (0.86); Facilities & Amenities (0.80); Sustainability & Environmental Quality (0.60)
Comeprod TV,2019,2,Pengorganisasi baris yang pakai seragam hitam biaca urus ruang acara arogan,KOMPETITOR,Bintang 5,PullmanJakartaIndonesiaThamrinCBD,negative,0.9907286167144775,Facilities & Amenities,Facilities & Amenities (0.70); Ambience & Design (0.65); Check in/out Experience (0.54)
benny prasetyo,2020,2,tandain dulu saja dah ane belum bisa nilai cuman numpang lewat do'a,KOMPETITOR,Bintang 5,PullmanJakartaIndonesiaThamrinCBD,neutral,0.6333613991737366,Guest Experience,Guest Experience (0.79); Religious & Halal Features (0.42); Pricing & Value for Money (0.41)
budi yono,2020,2,Banyak banget yang berdagang buat aktifitas olahraga jadi terganggu,KOMPETITOR,Bintang 5,PullmanJakartaIndonesiaThamrinCBD,positive,0.5223684310913086,Pricing & Value for Money,Pricing & Value for Money (0.75); Facilities & Amenities (0.73); Booking & Reservation Experience (0.41)
samirin samirin,2019,2,enak suasananya dan parkirnya dingin di bawah orang,KOMPETITOR,Bintang 5,PullmanJakartaIndonesiaThamrinCBD,positive,0.9990872144699097,Facilities & Amenities,"Facilities & Amenities (0.98); Room Quality & Comfort (0.96); Location, Accessibility & Parking (0.95)"
Fathur Rozi,2022,2,Perlu penyempurnaan dalam beberapa layanan,KOMPETITOR,Bintang 5,PullmanJakartaIndonesiaThamrinCBD,neutral,0.9938586354255676,Service Quality,"Service Quality (0.92); Facilities & Amenities (0.84); Cleanliness, Hygiene & Maintenance (0.69)"
wigit sudarto,2020,2,bagus bagi yang kaya,KOMPETITOR,Bintang 5,PullmanJakartaIndonesiaThamrinCBD,positive,0.9862950444221497,Pricing & Value for Money,"Pricing & Value for Money (0.85); Cleanliness, Hygiene & Maintenance (0.74); Facilities & Amenities (0.74)"
ENJOY MONKAY,2019,2,parkir susah,KOMPETITOR,Bintang 5,PullmanJakartaIndonesiaThamrinCBD,negative,0.9982062578201294,"Location, Accessibility & Parking","Location, Accessibility & Parking (0.90); Facilities & Amenities (0.83); Pricing & Value for Money (0.66)"
Rostov1976@gmail.com Ngalam,2018,2,orang,KOMPETITOR,Bintang 5,PullmanJakartaIndonesiaThamrinCBD,negative,0.9984374642372131,"Cleanliness, Hygiene & Maintenance","Cleanliness, Hygiene & Maintenance (0.92); Facilities & Amenities (0.88); Pricing & Value for Money (0.69)"
Gunung,2017,2,mewah,KOMPETITOR,Bintang 5,PullmanJakartaIndonesiaThamrinCBD,positive,0.9933078289031982,"Cleanliness, Hygiene & Maintenance","Cleanliness, Hygiene & Maintenance (0.82); Facilities & Amenities (0.77); Pricing & Value for Money (0.70)"
Michael X,2025,2,lokasi bintang lima dengan kamar dan layanan bintang tiga menginap di sini selama dua malam dengan kamar menghadap jalan jendela tidak kedap suara terdengar suara motor dan mobil balap sepanjang malam kamarnya tua dengan kamar mandi berdinding kaca dan colokan serta sakelar di dindingnya dari tahun 1980 saya kira sangat mengecewakan jauhi saja jika bisa,KOMPETITOR,Bintang 5,PullmanJakartaIndonesiaThamrinCBD,negative,0.972493588924408,Facilities & Amenities,Facilities & Amenities (0.99); Service Quality (0.99); Room Quality & Comfort (0.97)
Leo L,2025,2,kami tiba di jakarta untuk konser blackpink dan dijadwalkan cek masuk pukul 15.00 sayangnya tidak ada kamar yang tersedia jadi kami harus menunggu sampai pukul 17.00 membuat kami terlambat untuk pertunjukan keterlambatan ini dimulai dari perselisihan antara tim housekeeping dan resepsionis resepsionis telah berusaha sebaik mungkin untuk menyelesaikannya tetapi kebijakan standarnya jelas tamu harus check keluar sebelum pukul 12.00 agar check masuk setelah pukul 15.00 dapat dilakukan semua orang harus mematuhi aturan ini hal aneh lainnya setiap mobil yang memasuki area hotel untuk menjemput tamu dikenakan biaya parkir bahkan untuk pengantaran atau penjemputan cepat yang rasanya tidak,KOMPETITOR,Bintang 5,PullmanJakartaIndonesiaThamrinCBD,negative,0.9831154942512512,Staff Conduct & Hospitality,Staff Conduct & Hospitality (0.99); Management & Policy Issues (0.95); Guest Experience (0.89)
Sivam Paramasivam,2025,2,Hotel pullman thamrin jakarta pusat selama 11 hari menginap pancuran air panas saat jam sibuk terlalu lambat dan terkadang bahkan tidak panas sekali layanan laundry buruk harga selangit dan pengantaran ke kamar setelah 3 hari saya tidak pernah kembali ke hotel ini lagi saya pasti akan komplain ke agen saya di Italia perjalananoka terima kasih sivam,KOMPETITOR,Bintang 5,PullmanJakartaIndonesiaThamrinCBD,negative,0.9984709620475769,Facilities & Amenities,Facilities & Amenities (0.99); Complaint Handling & Service Recovery (0.88); Pricing & Value for Money (0.81)
Guan Zhen Tan,2025,2,kamarnya tidak bagus kamar mandinya terlihat dari kamu dan berjamur di tempat tertentu karpet terasa kotor kamarnya kecil dan setidaknya kamar saya menghadap ke tempat parkir mobil,KOMPETITOR,Bintang 5,PullmanJakartaIndonesiaThamrinCBD,negative,0.9953267574310303,"Location, Accessibility & Parking","Location, Accessibility & Parking (0.73); Guest Experience (0.67); Facilities & Amenities (0.52)"
Fajrin Wihadi,2025,2,Tolonglah Latih ulang frontliner Anda yang bernama Syarifah sepertinya dia melewatkan sesi tentang cara berbicara dan melayani pelanggan dengan sopan,KOMPETITOR,Bintang 5,PullmanJakartaIndonesiaThamrinCBD,negative,0.9880594611167908,Guest Experience,Guest Experience (0.97); Staff Conduct & Hospitality (0.95); Service Quality (0.95)
Rinda Hadiana,2024,2,ini adalah hotel bintang 5 dan jaringan hotel internasional yang terletak di jantung kota jakarta namun saya merasa hotel ini lebih mirip hotel bintang 3 dalam hal kualitas kamar dan layanan yang diberikan mengingat harga dan reputasinya sepertinya tidak sepadan dengan harga meskipun demikian saya akhirnya menginap selama 2 malam restoran dan layanan sarapan adalah hal terpenting dari pengalaman saya menawarkan layanan terbaik dan momen yang menyenangkan mohon ditingkatkan kereta api,KOMPETITOR,Bintang 5,PullmanJakartaIndonesiaThamrinCBD,positive,0.9935865998268127,Facilities & Amenities,Facilities & Amenities (0.99); Food & Beverage (0.99); Service Quality (0.99)
Mehdi Fouad,2025,2,hotel di lokasi yang indah hotelnya tua furniturnya perlu diganti dan kamarnya perlu direnovasi kamar dan lorongnya berbau apak saat kami menginap kolam renang sedang direnovasi dan kami baru diberi tahu bahwa reservasi kami tidak bisa dibatalkan setelahnya,KOMPETITOR,Bintang 5,PullmanJakartaIndonesiaThamrinCBD,negative,0.709174394607544,Facilities & Amenities,Facilities & Amenities (1.00); Sustainability & Environmental Quality (0.82); Ambience & Design (0.72)
Marie-alexandra BERNIER,2025,2,kamar hotel yang saya dapatkan di bawah rata rata untuk hotel bintang 5 mungkin karena saya memesan dengan harga promosi tapi sepadan ketika saya memindai kode qr untuk mendapatkan bantuan memesan makan malam sudah satu jam berlalu sejak seseorang anggota dan dekat telepon tidak ada instruksi dengan nomor resepsionis untuk dihubungi,KOMPETITOR,Bintang 5,PullmanJakartaIndonesiaThamrinCBD,negative,0.9750096797943115,Pricing & Value for Money,Pricing & Value for Money (0.95); Booking & Reservation Experience (0.85); Guest Experience (0.77)
Nikhil Pendse,2024,2,hotel yang sangat biasa saja tidak sesuai dengan nama mereknya kamar kamarnya sangat mengecewakan dengan pelapis jok yang menggunakan karpet bernoda dan perlengkapan serta perlengkapan toilet yang digunakan meskipun harganya setara dengan beberapa merek ternama lain di sekitar jln thamrin hotel ini mungkin cepat ketinggalan zaman terlepas dari lokasinya dan lobi yang dirancang dengan baik saya tidak terkesan sama sekali ketika memasuki kamar hotel ini memang perlu direnovasi,KOMPETITOR,Bintang 5,PullmanJakartaIndonesiaThamrinCBD,negative,0.998149037361145,Facilities & Amenities,"Facilities & Amenities (0.97); Location, Accessibility & Parking (0.61); Pricing & Value for Money (0.61)"
M B,2023,2,saya dan istri saya mengalami pengalaman menginap yang agak meragukan di hotel ini kami tiba agak larut malam dan tidak memesan kamar terlebih dahulu kami mendapat kamar dan diberitahu harga untuk menginap kami akan menjadi Rp6 juta setelah memeriksa keluar kami diberitahu bahwa mereka melakukan kesalahan dan perlu menaikkan harga menjadi Rp9 juta tidak ada yang memberi tahu kami sebelumnya tidak ada informasi apa pun sejujurnya saya merasa sedikit tertipu jika Anda menginap di hotel ini pesanlah terlebih dahulu selama menginap sebagian besar baik sajaannya luar biasa berbagai makanan dari Korea cina cina indonesia dan beberapa makanan bergaya eropa juga stafnya sarapnya,KOMPETITOR,Bintang 5,PullmanJakartaIndonesiaThamrinCBD,negative,0.9986345171928406,Booking & Reservation Experience,Booking & Reservation Experience (0.84); Check in/out Experience (0.73); Guest Experience (0.72)
TX Shi,2019,2,Saya mengunjungi spa dan pusat kebugaran hari ini fasilitasnya sangat bagus semua orang yang bekerja di sana ramah kecuali seorang wanita yang bekerja sekitar pukul 19 jam dia bekerja di bagian resepsionis dekat spa dan kebugaran wajahnya membuat saya merasa seperti memiliki jutaan dolar miliknya sungguh buruknya pelayanan di hotel sebagus ini saya untuk menginap di sana lagi setelah berencana kembali dari kota kota lain di indonesia sekarang saya harus memikirkan lagi karena saya cukup kecewa dengan pengalaman buruk itu,KOMPETITOR,Bintang 5,PullmanJakartaIndonesiaThamrinCBD,negative,0.9985666871070862,Facilities & Amenities,Facilities & Amenities (0.99); Guest Experience (0.92); Service Quality (0.84)
Maggie Patterson,2018,2,saya sudah sering menginap di sana kamar grand deluxe dan kali ini saya benar benar kecewa dengan panasnya udara di bilik pancuran dan wastafel sama sekali tidak panas rasa sarapannya menurun dan para pelayan bersikap tidak menyenangkan bagiku karena saya mengeluh tentang layanan yang mereka berikan dia membawa saya berkeliling untuk menemukan meja yang seharusnya bisa langsung mengantar tamu ke meja di restoran hotel bintang 5 yang layak wanita di konter jauh sayur tidak menggunakan sarung tangan untuk tujuan kebersihan ketika dia memotong lontong saya dan menaruhnya di piring saya dan hal besar yang benar membuat saya kesal adalah ketika teman saya meminta kantong kertas,KOMPETITOR,Bintang 5,PullmanJakartaIndonesiaThamrinCBD,negative,0.9990543723106384,Facilities & Amenities,Facilities & Amenities (0.99); Guest Experience (0.95); Service Quality (0.91)
Benjamin Tanone,2023,2,kami mencoba membayar di muka untuk pemesanan kami karena pemesanan besar 6 7 kamar dan operator telepon terus mengatakan kami akan segera mengirimkan konfirmasi setelah 3 hari berturut turut dihubungi dan tidak ada balasan email kami terpaksa menunggu selama 20 menit karena seorang wanita malang harus mengetik email yang penuh kesalahan di tempat tahukah Anda bahwa hotel bintang 5 dapat membatasi jumlah botol ulang udara setiap hari hingga 3 bahkan ketika kami sedang bersama bayi bahkan hotel bintang 4 tempat saya menginap memiliki ulang tanpa batas jadi saya benar-benar tidak tahu apa yang terjadi dengan manajemen hotel sepertinya pandemi telah menghantam mereka dengan keras dan mereka berusaha memangkas,KOMPETITOR,Bintang 5,PullmanJakartaIndonesiaThamrinCBD,negative,0.997308611869812,Booking & Reservation Experience,Booking & Reservation Experience (0.88); Service Quality (0.80); Pricing & Value for Money (0.76)
Nadira Titalia,2025,2,sangat tidak sopan kecewa dengan busman,KOMPETITOR,Bintang 5,PullmanJakartaIndonesiaThamrinCBD,negative,0.9993076324462891,Guest Experience,Guest Experience (0.72); Pricing & Value for Money (0.40); Religious & Halal Features (0.39)
亀田義晴,2018,2,ini kunjungan kedua saya setelah kunjungan pertama saya pada Mei 2014 menu sarapannya beragam dan lezat fasilitas hotelnya sempurna dan kamarnya sangat bersih seharusnya saya memberikan ulasan yang sangat positif tapi saat itu adalah hari Jumat malam 11 Agustus ketika saya kembali ke kamar malam itu saya mendengar musik yang sangat keras kedengarannya seperti ada disko di dekat sini apakah ada pesta atau acara seperti disko yang sedang berlangsung di dalam hotel teman saya yang menginap di lantai atas juga mengatakan bahwa hotel itu sangat bising jika ada acara yang sedang berlangsung di dalam hotel saya sangat ingin mereka menghentikannya,KOMPETITOR,Bintang 5,PullmanJakartaIndonesiaThamrinCBD,negative,0.9190486073493958,Facilities & Amenities,"Facilities & Amenities (0.99); Service Quality (0.88); Cleanliness, Hygiene & Maintenance (0.86)"
Oesman Suryata,2022,2,Proses check masuk yang buruk membayangkan tinggal yang menyenangkan selama liburan panjang idul fitri saya malah membuang-buang waktu yang menyakitkan hanya untuk menunggu kamar siap proses check innya sendiri buruk pelayanannya sangat lambat butuh 20 30 menit untuk menunggu resepsionis bilang saya harus menunggu satu jam lagi sampai kamar siap meskipun saya sudah check masuk online dia masih menanyakan kamar bebas asap rokok atau merokok tempat tidur besar atau kembar dan meminta pembayaran jaminan totalnya saya harus menunggu lebih dari 2 jam untuk kamar saya siap sesampainya di kamar saya masih terkejut ada seseorang di kamar yang masih melakukan pemeriksaan akhir sepertinya sebagian besar tamu kesal dengan proses check masuk yang,KOMPETITOR,Bintang 5,PullmanJakartaIndonesiaThamrinCBD,negative,0.9991432428359985,Service Quality,Service Quality (0.91); Check in/out Experience (0.89); Guest Experience (0.89)
Anggre Smith,2023,2,kami menginap semalam saat transit di Jakarta kami mengatur alokasi dan permintaan kamar beberapa bulan sebelum kedatangan yang disetujui pihak hotel dengan biaya tambahan kamar kami sangat ketinggalan jaman berbau apek dan fasilitas kamarnya sudah tua beberapa di antaranya benar benar rusak sangat kecewa untuk ukuran hotel bintang 5 kami memutuskan untuk membatalkan pemesanan yang akan datang untuk sisa masa depan kami,KOMPETITOR,Bintang 5,PullmanJakartaIndonesiaThamrinCBD,negative,0.9993698000907898,Booking & Reservation Experience,Booking & Reservation Experience (0.94); Facilities & Amenities (0.90); Pricing & Value for Money (0.73)
Atlal LAOUAR,2016,2,Restoranannya luar biasa stafnya sangat ramah dan hotelnya aman namun kamarnya berbau jamur lembab jamur yang sangat menyengat saya menginap di kamar yang telah direnovasi dan baunya sungguh tak tertahankan di meja resepsionis hotel ini menggunakan parfum yang membuat mata berair tersembunyi gatal pada dasarnya anda tidak pernah menghirup hanya udara hal ini bukan karakteristik hotel ini melainkan di semua tempat yang lembap jaringan hotel besar ini seharusnya menyesuaikan konstruksi mereka dengan iklim tidak perlu ada karpet di kamar di negara negara yang hangat dan lembap seperti itu hal lain solusi bisa menjadi menggunakan mesin ozon yang yang,KOMPETITOR,Bintang 5,PullmanJakartaIndonesiaThamrinCBD,negative,0.856005847454071,Facilities & Amenities,Facilities & Amenities (0.55); Guest Experience (0.28); Check in/out Experience (0.23)
Dhayawardhana Adhie,2023,2,selain keramahan stafnya saya tidak menyadari bahwa saya menginap di hotel bintang 5 pullman mohon perhatikan kualitas dan kebersihan gedungnya,KOMPETITOR,Bintang 5,PullmanJakartaIndonesiaThamrinCBD,positive,0.8755709528923035,"Cleanliness, Hygiene & Maintenance","Cleanliness, Hygiene & Maintenance (1.00); Staff Conduct & Hospitality (1.00); Facilities & Amenities (0.99)"
Yoon,2020,2,Saya memesan hotel ini untuk sarapan malam tetapi meskipun sarapan pagi sangat banyak pilihan rasanya tidak terlalu enak dan membuat saya merasa kenyang saya skeptis dengan ulasan orang yang mengatakan sarapan malam tetapi saya tidak merekomendasikannya namun sarapan makan siang sepertinya saya menya lobster dan kerang lebih baik saya makan siang saja daripada menginap di sana kolam renang kecil dan kamarnya juga gedung kecil ini pergi di semua lantai 11 jadi pemandangannya kurang bagus karena ulang tahun saya bertepatan dengan natal saya meminta dekorasi ulang tahun saya,KOMPETITOR,Bintang 5,PullmanJakartaIndonesiaThamrinCBD,negative,0.9788359999656677,Facilities & Amenities,Facilities & Amenities (0.96); Booking & Reservation Experience (0.83); Guest Experience (0.66)
Kai Leong Kwang,2018,2,Tidak sebaik yang seharusnya tekanan udara di kamar mandi rendah salah satu tempat listrik tidak berfungsi lampu samping tempat tidur tidak menyala layanan kebersihan tidak mengisi ulang teh hijau saya mengambil menara televisi dan tidak menggantinya proses cek masuk kacau petugas tidak memberi tahu saya tentang sarapan saya,KOMPETITOR,Bintang 5,PullmanJakartaIndonesiaThamrinCBD,negative,0.9987924098968506,Facilities & Amenities,Facilities & Amenities (0.99); Service Quality (0.96); Check in/out Experience (0.96)
Alex Maykov,2018,2,hotel dan layanannya bagus tapi kesan keseluruhannya hancur karena ketika saya cek keluar pada 11 Oktober mereka tidak mengembalikan deposit saya sebesar 400 hari ini tanggal 14 Oktober dan deposit tersebut belum dikembalikan hingga hari ini saya kecewa dengan sikap terhadap tamu hotel,KOMPETITOR,Bintang 5,PullmanJakartaIndonesiaThamrinCBD,negative,0.9994254112243652,Facilities & Amenities,Facilities & Amenities (1.00); Guest Experience (0.98); Check in/out Experience (0.97)
Gloria Elleanor,2023,2,ketika saya menginap di hotel baik hotel bintang 3 maupun bintang 5 saya selalu meluangkan waktu untuk berlari di treadmill di pusat kebugaran hotel itulah sebabnya saya lebih suka menginap di hotel yang memiliki pusat kebugaran yang buka 24 jam hari ini tanggal 23 juli saya menginap di hotel bintang 5 bus jakarta saya dan suami check masuk terlambat sekitar pukul 17.30 dan hal pertama yang saya tanyakan kepada petugas yang memeriksa kami adalah sampai jam berapa pusat kebugaran buka dan boleh saya menggunakan pusat kebugaran agak malam ini karena saya seorang pelari dan saya tidak boleh melewatkan latihan saya petugas itu berkata pusat,KOMPETITOR,Bintang 5,PullmanJakartaIndonesiaThamrinCBD,positive,0.9890738129615784,Service Quality,Service Quality (0.71); Check in/out Experience (0.66); Facilities & Amenities (0.63)
Okki Rianayu Anjani,2020,2,saya memiliki pengalaman makan siang yang sangat buruk di restoran sana sini pada tanggal 26 Desember 2019 saya membayar menggunakan mandiri debit di EDC bri dan akun saya berhasil didebet tetapi info kasir dari mesin edc belum berhasil jadi saya diminta lagi untuk bertransaksi dan saya memilih menggunakan atm bca di EDC bca dan berhasil dijanjikan oleh kasir uang saya akan kembali dalam 1x24 jam pada tanggal 27 Desember saya menghubungi pihak hotel lagi karena uang saya belum dikembalikan dia mengatakan bahwa dia akan segera mengelanjutkannya ke bagian keuangan dan pihak keuangan akan segera menghubungi saya tetapi sampai tanggal 30 Desember tidak ada seorang pun dari pullman yang,KOMPETITOR,Bintang 5,PullmanJakartaIndonesiaThamrinCBD,negative,0.9844653010368347,Check in/out Experience,Check in/out Experience (0.68); Service Quality (0.67); Guest Experience (0.65)
Kadija F A,2025,2,lokasi sempurna kamar sangat kecil tidak ada tempat untuk membuka tas furnitur sangat tua dan ac panas,KOMPETITOR,Bintang 5,PullmanJakartaIndonesiaThamrinCBD,negative,0.8878825902938843,Facilities & Amenities,Facilities & Amenities (0.98); Guest Experience (0.78); Service Quality (0.75)
John Andrew,2020,2,waktu pengisian ulang makanan minuman prasmanan termasuk peralatan makan selama resepsi pernikahan sangat lambat jika anda berencana mengadakan pernikahan di sini pertimbangkan hal ini sebagai kekurangannya,KOMPETITOR,Bintang 5,PullmanJakartaIndonesiaThamrinCBD,negative,0.9194403886795044,Food & Beverage,Food & Beverage (0.99); Facilities & Amenities (0.97); Booking & Reservation Experience (0.62)
Chayanun Poonpanich,2018,2,Saya anggota perak le accor bulan Februari lalu saya dapat kamar vip kali ini kamar saya tua dindingnya kuning toiletnya kuning pengering rambutnya rusak dan ac nya tidak berfungsi dengan baik sarapannya berantakan dan stafnya tidak lagi ramah,KOMPETITOR,Bintang 5,PullmanJakartaIndonesiaThamrinCBD,negative,0.9991631507873535,Facilities & Amenities,Facilities & Amenities (0.93); Guest Experience (0.83); Check in/out Experience (0.74)
해원,2023,2,kamar tempat tidur dan fasilitasnya yang kecil tidak sesuai dengan harga 120 reservasi hanya bisa dilakukan melalui aplikasi sesuai dengan aplikasi sesuai dengan harga 80 air kolam renangnya terasa aneh saya tidak merekomendasikannya,KOMPETITOR,Bintang 5,PullmanJakartaIndonesiaThamrinCBD,negative,0.9925786852836609,Facilities & Amenities,Facilities & Amenities (0.99); Booking & Reservation Experience (0.91); Pricing & Value for Money (0.90)
킹글,2023,2,Saya tidak merekomendasikannya kamar hotelnya biasa saja interiornya biasa saja dan jalan jalan di sekitarnya sedang dalam perbaikan grand mall di seberang jalan adalah mal mewah jadi ada beberapa barang mewah tapi secara pribadi menurut saya mal di hotel lain lebih baik,KOMPETITOR,Bintang 5,PullmanJakartaIndonesiaThamrinCBD,negative,0.8604249358177185,Facilities & Amenities,"Facilities & Amenities (0.70); Location, Accessibility & Parking (0.62); Pricing & Value for Money (0.45)"
Kelvin,2023,2,kamar dan fasilitasnya bagus namun saya mengalami banyak layanan yang tidak menyenangkan kasar dari staf di sana sebagai tamu ini sungguh mengecewakan saya,KOMPETITOR,Bintang 5,PullmanJakartaIndonesiaThamrinCBD,negative,0.999000608921051,Facilities & Amenities,Facilities & Amenities (1.00); Guest Experience (0.99); Room Quality & Comfort (0.92)
John Johnson,2019,2,hotel tua yang direnovasi kamar kamar kecil tetap menjadi area resepsionis yang menyenangkan lokasi yang canggung karena kendaraan diperbolehkan masuk selama jam sibuk pada hari alternatif tergantung pada jumlah kendaraan ganjil dan genap,KOMPETITOR,Bintang 5,PullmanJakartaIndonesiaThamrinCBD,positive,0.8585333228111267,Check in/out Experience,Check in/out Experience (0.90); Guest Experience (0.89); Facilities & Amenities (0.89)
Abdullah,2024,2,Kami memesan dan membayar kamar dengan pemandangan dan mereka memberi kami kamar di lantai tiga dengan pemandangan atap tempat parkir kamar ini belum termasuk pintu kamar mandi yang tidak terkunci dan setengah kolokannya tidak berfungsi dua bintang itu hanya untuk lokasinya,KOMPETITOR,Bintang 5,PullmanJakartaIndonesiaThamrinCBD,negative,0.8484504818916321,Booking & Reservation Experience,Booking & Reservation Experience (1.00); Personalized & Special Services (0.99); Facilities & Amenities (0.98)
M 2030,2019,2,Saya memberi hotel ini 2 bintang untuk restoran sarapan yang enak dan staf yang ramah namun kamarnya sangat kecil dengan masalah AC dan listrik jika Anda mencari lokasi Anda mungkin ingin membayar 20 lebih banyak dan pergi ke grand hayat atau Kimpinsky di sebelahnya,KOMPETITOR,Bintang 5,PullmanJakartaIndonesiaThamrinCBD,negative,0.5748480558395386,Facilities & Amenities,Facilities & Amenities (0.99); Service Quality (0.99); Staff Conduct & Hospitality (0.99)
Antoine Yssard,2020,2,singkat cerita mari kita simpulkan bahwa hotel ini biasa biasa saja dalam segala hal kecuali mungkin untuk urusan kebersihan hotel ini sebaiknya dihindari terutama oleh pelancong bisnis,KOMPETITOR,Bintang 5,PullmanJakartaIndonesiaThamrinCBD,negative,0.7892292737960815,"Cleanliness, Hygiene & Maintenance","Cleanliness, Hygiene & Maintenance (0.61); Facilities & Amenities (0.54); Sustainability & Environmental Quality (0.52)"
Paul Chui,2018,2,kebersihan perlu ditingkatkan sarapannya enak tekanan udara bisa ditingkatkan,KOMPETITOR,Bintang 5,PullmanJakartaIndonesiaThamrinCBD,positive,0.9988607168197632,"Cleanliness, Hygiene & Maintenance","Cleanliness, Hygiene & Maintenance (0.98); Facilities & Amenities (0.94); Sustainability & Environmental Quality (0.92)"
Bear Paddington,2019,2,Pelayanannya tidak sepadan dengan harganya ada banyak pilihan sarapan tapi apa pun yang pesan anda rasanya,KOMPETITOR,Bintang 5,PullmanJakartaIndonesiaThamrinCBD,negative,0.576374351978302,Guest Experience,Guest Experience (0.98); Pricing & Value for Money (0.97); Food & Beverage (0.97)
로오이,2019,2,tempat tidurnya kecil dan bak mandinya kecil sarapannya bervariasi dan lezat,KOMPETITOR,Bintang 5,PullmanJakartaIndonesiaThamrinCBD,positive,0.9907755255699158,Facilities & Amenities,"Facilities & Amenities (0.99); Food & Beverage (0.98); Cleanliness, Hygiene & Maintenance (0.95)"
Tutung Handaru Susilo,2022,2,Keramahan yang buruk suram pemandangan buruk,KOMPETITOR,Bintang 5,PullmanJakartaIndonesiaThamrinCBD,negative,0.9989486336708069,Guest Experience,Guest Experience (0.33); Ambience & Design (0.33); Pricing & Value for Money (0.32)
Kusumawicitra Yahya,2021,2,rasanya seperti menginap di hotel budget,KOMPETITOR,Bintang 5,PullmanJakartaIndonesiaThamrinCBD,positive,0.9923376441001892,Pricing & Value for Money,Pricing & Value for Money (0.92); Guest Experience (0.81); Religious & Halal Features (0.43)
Purnomo Ngawi,2021,2,terlalu pribadi,KOMPETITOR,Bintang 5,PullmanJakartaIndonesiaThamrinCBD,negative,0.9372959733009338,Pricing & Value for Money,Pricing & Value for Money (0.35); Management & Policy Issues (0.27); Personalized & Special Services (0.23)
Uni Papua FC Management,2018,2,masalah parkir,KOMPETITOR,Bintang 5,PullmanJakartaIndonesiaThamrinCBD,negative,0.9986348748207092,"Location, Accessibility & Parking","Location, Accessibility & Parking (0.92); Facilities & Amenities (0.25); Pricing & Value for Money (0.25)"
Rahmat Hidayat,2020,2,api,KOMPETITOR,Bintang 5,PullmanJakartaIndonesiaThamrinCBD,positive,0.9978419542312622,"Cleanliness, Hygiene & Maintenance","Cleanliness, Hygiene & Maintenance (0.79); Facilities & Amenities (0.60); Sustainability & Environmental Quality (0.59)"
El K (El),2020,2,layanan yang mengerikan,KOMPETITOR,Bintang 5,PullmanJakartaIndonesiaThamrinCBD,negative,0.9993232488632202,Facilities & Amenities,Facilities & Amenities (0.90); Guest Experience (0.75); Pricing & Value for Money (0.55)
Kuplek Mania,2015,2,"Oke, oke.",KOMPETITOR,Bintang 5,PullmanJakartaIndonesiaThamrinCBD,neutral,0.7127070426940918,"Cleanliness, Hygiene & Maintenance","Cleanliness, Hygiene & Maintenance (0.86); Facilities & Amenities (0.79); Sustainability & Environmental Quality (0.70)"
D. Nadya,2026,2,pengalaman menginap di pullman thamrin sangat tidak menyenangkan pertama petugas resepsionis mereka kurang berempati kami melakukan perjalanan seharian dari solo ke gambir hampir 8 jam tentu saja kami membutuhkan istirahat segera sayangnya kami mengalami masalah dengan bak mandi mereka tidak dapat memperbaikinya sehingga mereka menawarkan untuk pindah ke kamar lain mereka hanya membutuhkan 5 10 menit tetapi ternyata lebih lama saya menelepon staf mereka lagi untuk bertanya perkembangannya karena anak saya benar-benar membutuhkan istirahat mereka tidak bisa memberi tahu saya berapa lama saya harus menunggu dan saat saya berbicara mereka langsung memotong pembicaraan dan saya seperti apa wow saya tidak bisa mengatakan apa setelah kami pindah,KOMPETITOR,Bintang 5,PullmanJakartaIndonesiaThamrinCBD,negative,0.9991111159324646,Guest Experience,Guest Experience (0.89); Check in/out Experience (0.81); Service Quality (0.60)
Rona Maulita,2025,3,pengalam pertama nginap di busman sudirman pesan 8 kamar 5 kamar lagi baru siap jam 5 30 benar lama sekali nginap 3 malam,KOMPETITOR,Bintang 5,PullmanJakartaIndonesiaThamrinCBD,negative,0.9968155026435852,Booking & Reservation Experience,Booking & Reservation Experience (0.84); Personalized & Special Services (0.61); Pricing & Value for Money (0.59)
febee Ryan,2025,3,Saya kasih bintang untuk parkirannya untuk ke toilet harus naik keatas sangat jauh sekali apalagi saat makan di kantin lebih jauh lagi menuju toiletnya,KOMPETITOR,Bintang 5,PullmanJakartaIndonesiaThamrinCBD,positive,0.9033135771751404,"Location, Accessibility & Parking","Location, Accessibility & Parking (0.99); Facilities & Amenities (0.93); Food & Beverage (0.93)"
Kaeel,2025,3,lagi duduk menunggu teman di lt 2 dan tidak bisa dibolehin sama petugas nya dengan alasan mau fogging serius jam operasional mau fogging jika tidak bisa tinggal info tidak bisa,KOMPETITOR,Bintang 5,PullmanJakartaIndonesiaThamrinCBD,negative,0.9913707971572876,Guest Experience,Guest Experience (0.87); Check in/out Experience (0.58); Management & Policy Issues (0.50)
Bagus Wonoasmoro,2024,3,kamarnya oke bersih gaya vintage tahun 90an yang di retrofit dengan perkakas baru,KOMPETITOR,Bintang 5,PullmanJakartaIndonesiaThamrinCBD,positive,0.9638411998748779,Room Quality & Comfort,"Room Quality & Comfort (0.98); Cleanliness, Hygiene & Maintenance (0.96); Facilities & Amenities (0.90)"
Aditya Nurcahyanto,2025,3,Saya dan keluarga menginap akhir pekan kemarin dari Jumat 24 Mei minggu 26 Mei terlepas dari lokasi yang strategis sarapan yang enak dan beragam menu sayangnya kebersihan kamar sedikit kurang sempurna baru kali ini saya tinggal di hotel,KOMPETITOR,Bintang 5,PullmanJakartaIndonesiaThamrinCBD,negative,0.8881027102470398,Food & Beverage,Food & Beverage (0.99); Facilities & Amenities (0.98); Service Quality (0.95)
wi-bowo,2025,3,bagus tapi msh dbwh ekspektasi smg dapat promo,KOMPETITOR,Bintang 5,PullmanJakartaIndonesiaThamrinCBD,positive,0.9120745658874512,Pricing & Value for Money,Pricing & Value for Money (0.61); Sustainability & Environmental Quality (0.50); Religious & Halal Features (0.44)
Rachmad Syahputra,2024,3,kamar cukup bagus tapi sedikit keluar dari tanggal lokasi sangat strategis dan makanan sangat lezat namun pelayanan cukup buruk terutama di pintu depan tidak dibukakan pintu tidak dibantu angkat ataupun menurunkan koper dan suka dicuekin di,KOMPETITOR,Bintang 5,PullmanJakartaIndonesiaThamrinCBD,negative,0.992253839969635,Facilities & Amenities,Facilities & Amenities (0.99); Guest Experience (0.97); Food & Beverage (0.93)
Raf,2025,3,padahal maunya makan sahur di bawah tapi pihak hotel tiba tiba tiba sudah mengantarkan kotak makanan minimal konfirmasi dulu ke tamu sebelum memutuskan sepihak respon telepon concierge juga lama saya habis pulsa banyak jadinya,KOMPETITOR,Bintang 5,PullmanJakartaIndonesiaThamrinCBD,negative,0.9959145188331604,Guest Experience,Guest Experience (0.69); Service Quality (0.61); Food & Beverage (0.59)
sylvia yolanda,2024,3,Saya ada acara di Tgl 2 Sept menggunakan ballroom saya sangat kecewa dengan sound system nya yang sangat buruk tidak mencerminkan hotel bintang 5 seperti bintang 3,KOMPETITOR,Bintang 5,PullmanJakartaIndonesiaThamrinCBD,negative,0.9993935823440552,Guest Experience,Guest Experience (0.60); Check in/out Experience (0.48); Facilities & Amenities (0.44)
Zaki Abdullah,2025,3,Aneh sekali datang di atas jam 12 malam dan sedang hujan deras tapi tidak ada jalan dari parkir mobil ke dalam hotel kecuali berputar jauh dan tanpa atap sehingga harus basah kuyup padahal banyak barang barang bawaan selama masih ada hotel lain bus ini bukan prioritas,KOMPETITOR,Bintang 5,PullmanJakartaIndonesiaThamrinCBD,negative,0.9971545934677124,"Location, Accessibility & Parking","Location, Accessibility & Parking (0.90); Facilities & Amenities (0.76); Sustainability & Environmental Quality (0.56)"
