User Name,Review Time,Rating,clean_text,Tipe,Kelas,Nama_Hotel,AI_Sentiment,AI_Sentiment_Score,AI_Primary_Theme,AI_All_Themes
Paul Fisher,2025.0,5,Jembaran Bali adalah pengalaman luar biasa dari saat pengemudi kami menjatuhkan kami kami disambut oleh seorang wanita Balinese mengenakan Kebaya tradisional dengan suara musik Balinese gamelan masuk latar belakang saya harus mengatakan pintu masuk dan lobi keduanya luar biasa taman adalah oasis dari getaran tropis dan suara burung dan air fitur kamar kami luar biasa kami tinggal masuk dua lantai suite di lantai empat dengan balkon menghadap ke taman terletak masuk bangunan satu kamar bersih dan raja tempat tidur sangat nyaman air con,KOMPETITOR,Bintang 5,InterContinentalBaliResort-Bali,positive,0.9990037083625793,Facilities & Amenities,Facilities & Amenities (0.98); Cultural & Heritage Experience (0.93); Guest Experience (0.79)
Taeng Zen,2025.0,5,Hotel ini sangat sangat indah hotel dan juga kamar semua staf sangat ramah dan membantu kita berada di ulang tahun kami dengan orang tua kami mendapat klub mezzanine kamar itu besar dan sangat nyaman tapi hanya satu minus hal adalah air con yang saya pikir itu bisa lebih dingin seperti bali itu sangat hangat staf klub juga sangat baik tapi ketika datang ke sangat sibuk itu akan menjadi layanan lambat kapanpun secara keseluruhan kita sangat menyenangkan untuk tinggal di sini dan itu akan menjadi pilihan pertama kita jika kita kembali untuk mengunjungi bali lagi terima kasih,KOMPETITOR,Bintang 5,InterContinentalBaliResort-Bali,positive,0.9983250498771667,Facilities & Amenities,Facilities & Amenities (1.00); Staff Conduct & Hospitality (0.99); Family & Group Friendly (0.98)
Tata Li,2025.0,5,Kami baru-baru ini mengadakan retret untuk 40 orang di hotel ini dan kami lebih dari terkesan dengan pengalaman sempurna dari awal sampai akhir lingkungan hotel adalah menakjubkan kolam renang besar pantai indah dan kebun yang subur menawarkan tempat foto yang indah yang tak terhitung jumlahnya memungkinkan kita untuk sepenuhnya menyelam masuk ke atmosfer Baline yang sempurna sementara hotel telah didirikan beberapa waktu kamar dan fasilitas sangat baik dipelihara dan dipelihara dan semua kamar sangat luas kami mengadakan makan malam selamat datang di bar matahari terbenam yang merupakan kemenangan mutlak,KOMPETITOR,Bintang 5,InterContinentalBaliResort-Bali,positive,0.9988250136375427,Facilities & Amenities,Facilities & Amenities (0.99); Family & Group Friendly (0.94); Guest Experience (0.93)
Mr Gee,2025.0,5,kami memiliki 3 malam di intercontinental resort bali sebagai keluarga ini adalah hotel besar dengan semua kualitas yang Anda harapkan dari intercontinental tanah luas dan tak bercampur ada banyak kolam untuk sesuai dengan segala usia meskipun bayangan adalah komoditas berharga dan agak kurang akses ke pantai mudah dan itu indah pasir lembut dan bersih banyak pilihan makanan masuk musim panas sarapan di kolam renang adalah cara yang menyenangkan untuk memulai hari staf besar dan layanan ko restoran Jepang sangat baik meskipun merasa sedikit terburu-buru untuk dihured keluar pada 10pm tapi sushi,KOMPETITOR,Bintang 5,InterContinentalBaliResort-Bali,positive,0.9994776844978333,Facilities & Amenities,Facilities & Amenities (1.00); Family & Group Friendly (0.99); Service Quality (0.99)
Abdulrahman Alamri,2025.0,5,Dear Intercontinental Bali Resort Team kami ingin mengungkapkan penghargaan kami yang tulus untuk hangat menyambut layanan yang sangat baik dan perhatian yang luar biasa kami terima selama kami tinggal di resor yang indah kami pengalaman kami benar-benar berkesan dan kami bersyukur untuk keramahan yang ditunjukkan kepada setiap anggota keluarga kami kami juga ingin mengucapkan terima kasih khusus kami kepada Agus dari taman gita restoran sopan santun tulus kebaikan terus berlanjut dan dedikasi tulus untuk pekerjaannya meninggalkan kesan yang luar biasa pada kita semua tolong menyampaikan terima kasih kami tulus kepada dia setiap anggota keluarga kami menghargai usahanya,KOMPETITOR,Bintang 5,InterContinentalBaliResort-Bali,positive,0.9959712624549866,Staff Conduct & Hospitality,Staff Conduct & Hospitality (1.00); Service Quality (1.00); Family & Group Friendly (1.00)
Rendy Tjandra,2025.0,5,lokasi cukup dekat dengan bandara karya rebo dan djimbaran untuk hotel cukup bagus cuma sempat terkendala ac dan sudah dapat upgrade dari hotel untuk layanan sangat baik dan cepat bahkan manajernya datang untuk minta maaf juga jika menginap beberapa hari sarapannya itu2 mulu sih gk banyak berubah dan untuk orang indonesia lebih baik memesan makanan khusus jangan ambil makanan prasmanan nya permintaan khusus untuk nasi goreng atau mie biar rasa nya medok parkir juga cukup luas,KOMPETITOR,Bintang 5,InterContinentalBaliResort-Bali,positive,0.9888615012168884,Service Efficiency & Responsiveness,"Service Efficiency & Responsiveness (1.00); Service Quality (0.99); Location, Accessibility & Parking (0.98)"
Stephanie Harriman,2025.0,5,Selama tinggal kami kami memiliki kesenangan untuk bertemu seorang pria muda Ananta pada sarapan yang berdiri keluar dengan kebaikannya dan sikap hangat di luar itu setiap anggota staf sangat ramah menyambut dan menghormati selalu menyapa kami dengan senyuman dan berharap kami hari yang baik keramahan di sini benar-benar membuat perbedaan masuk pengalaman kami,KOMPETITOR,Bintang 5,InterContinentalBaliResort-Bali,positive,0.9989601373672485,Staff Conduct & Hospitality,Staff Conduct & Hospitality (1.00); Guest Experience (1.00); Family & Group Friendly (0.98)
GRAND AL,2025.0,5,Resort ic bali apa kompleks megah sehingga hijau dan indah dipelihara memiliki beberapa kolam renang hiburan restoran semua yang Anda bisa berharap untuk juga memiliki beberapa kabin untuk pantai itu sendiri staf adalah auper baik satu-satunya hal yang saya bisa menyebutkan adalah bahwa kamar dan bangunan tua Anda melihatnya benar-benar baik masuk beberapa tempat tetapi setidaknya masuk bentuk yang baik tetapi bagi orang-orang yang menyukai kamar modern ini mungkin bukan fo Anda untuk lokasi saya benar-benar menikmati itu,KOMPETITOR,Bintang 5,InterContinentalBaliResort-Bali,positive,0.9978958368301392,Facilities & Amenities,Facilities & Amenities (0.99); Service Quality (0.98); Ambience & Design (0.91)
Helen Woodward,2025.0,5,Layanan luar biasa dari semua staf lebih baik dari resor Bali lainnya i telah tinggal masuk kami menyukai klub elegan ruang makan sore teh adalah sorotan makanan yang sangat baik masuk semua tempat kami menikmati klub kolam renang yang lebih kecil tetapi lebih intim khusus menyebutkan Yunda dai wi manajer klub dan Lisa hair stylist masuk salon kecantikan dan banyak lagi semua profesional ramah dan seamlessly efisien terima kasih untuk liburan yang menyenangkan,KOMPETITOR,Bintang 5,InterContinentalBaliResort-Bali,positive,0.998604953289032,Service Quality,Service Quality (1.00); Service Efficiency & Responsiveness (1.00); Staff Conduct & Hospitality (1.00)
Dewi Soumiadatri,2025.0,2,Pro indah lanskap mewah fasilitas seperti sampo dan sabun baik interkontinental merek rumah pemeliharaan adalah teratur namun ponsel bau asap ketika Anda membuat panggilan mereka mungkin lupa untuk membersihkan telepon pegangan kons makanan masuk acak 3 bintang hotel masuk kuta jauh lebih baik dari makanan mereka saya mendapat keracunan makanan dan muntah buruk dari sarapan saya curiga dari beras tua yang mereka disimpan masuk lemari es dan disajikan lagi dan lagi beras kering dan tua putri saya mendapat keracunan makanan dari susu sebagian besar pilihan makanan tidak segar mungkin disiapkan hari sebelumnya untuk melayani besar,KOMPETITOR,Bintang 5,InterContinentalBaliResort-Bali,negative,0.9941841959953308,Facilities & Amenities,"Facilities & Amenities (0.99); Cleanliness, Hygiene & Maintenance (0.88); Service Quality (0.74)"
Amanda,2025.0,5,kamar besar yang baik tidak terlalu kerumitan bersih fasilitas besar layanan yang bagus lokasi yang bagus banyak restoran dekat jarak berjalan kaki melalui pantai jika Anda ingin makanan laut cinta akses langsung ke pantai kelemahan adalah bahwa pantai tidak begitu indah seperti pantai nusa dua air putih pasir jelas tapi masih cukup bersih untuk berenang sekitar kedua ini mungkin hotel bintang 5 pertama yang saya kunjungi yang kita harus membayar jika kita ingin bergabung dengan aktivitas anak-anak bahkan hanya terbang kite untung anak saya hanya suka bermain masuk klub anak-anak pantai mungkin lebih cocok untuk sampai 4yo selain itu hotel ini fantastis,KOMPETITOR,Bintang 5,InterContinentalBaliResort-Bali,positive,0.9969339370727539,Facilities & Amenities,Facilities & Amenities (0.99); Service Quality (0.93); Pricing & Value for Money (0.78)
Belinda Piesse,2025.0,5,Kami baru-baru ini tinggal di Intercontinental Bali Resort dan memiliki pengalaman yang paling luar biasa dari saat kami tiba kami disambut dengan hangat dan keramahan dan setiap detail dari penginapan kami adalah sempurna apa yang benar-benar berdiri keluar adalah staf mereka pergi di atas dan di luar untuk membuat kita merasa seperti kerajaan bepergian dengan alergi makanan sering bisa menjadi stres tetapi tim memastikan saya selalu baik merawat perhatian mereka membuat liburan kami tidak hanya bebas stres tetapi tak terlupakan Terima kasih khusus untuk Eko manajer di Taman gita suyasna pelayan di Taman gita lingga pelayan,KOMPETITOR,Bintang 5,InterContinentalBaliResort-Bali,positive,0.9971774816513062,Facilities & Amenities,Facilities & Amenities (1.00); Staff Conduct & Hospitality (1.00); Service Quality (1.00)
Dorene Mae,2025.0,5,masuk kamar 4316 kamar terasa cukup lembap karena kelembaban dan ada bau urin yang terus-menerus masuk toilet yang tidak pergi mandi bisa menggunakan bersih yang mendalam saya menemukan lembaran jamur yang dicampur masuk dengan vena marmer balkon kami memiliki pemandangan indah dari taman dengan sekilas lautan tapi sayangnya tidak menerima sinar matahari sehingga sulit untuk mengeringkan pakaian renang basah dan meninggalkan kamar merasa lembap dan lembab kami kemudian menyadari bahwa membuka pintu balkon membuat lantai kayu keras basah dari kondens,KOMPETITOR,Bintang 5,InterContinentalBaliResort-Bali,negative,0.8590417504310608,Facilities & Amenities,Facilities & Amenities (0.76); Ambience & Design (0.66); Cultural & Heritage Experience (0.62)
Emre Ozturk,2025.0,5,Kami benar-benar menyesal tidak memesan menginap lebih lama di hotel ini staf sangat membantu dan ramah membuat kami merasa sangat menyambut properti tidak pernah merasa terlalu ramai dan area tempat tidur matahari terbenam jarak yang baik memungkinkan untuk liburan yang sangat santai dan damai Anda bahkan dapat memesan langsung ke tempat tidur matahari Anda melalui kode QR yang sangat nyaman restoran-restoran yang elegan dan makanan sangat lezat kamar-kamar bersih nyaman dan baik dipelihara kami terutama menikmati bermain masuk gelombang dan berjalan-jalan matahari terbenam di sepanjang pantai luas itu adalah pengalaman yang tak terlupakan hotel ini juga sangat dekat dengan bandara yang,KOMPETITOR,Bintang 5,InterContinentalBaliResort-Bali,positive,0.9989093542098999,Staff Conduct & Hospitality,Staff Conduct & Hospitality (1.00); Facilities & Amenities (1.00); Service Efficiency & Responsiveness (1.00)
Matthew Sainsbury,2025.0,3,ini adalah resort bintang lima masuk lokasi bintang lima dengan layanan bintang lima kolam renang menakjubkan di mana-mana dengan banyak kursi dek pantai yang indah di sana dan banyak makanan barat dan indonesia dan minuman pilihan sarapan buffet sangat mengesankan staf yang ramah membantu dan banyak kamarnya sangat nyaman dan mandi decadent lokasi juga sangat baik sekitar 20 menit dari bandara dan menyediakan akses yang sangat baik ke seluruh indah selatan pulau untuk menjadi jelas saya benar-benar mencintai hotel dan akan tinggal di sana lagi tanpa berpikir kedua jadi mengapa peringkat sayangnya kebisingan bocor dari,KOMPETITOR,Bintang 5,InterContinentalBaliResort-Bali,positive,0.9995220899581909,Facilities & Amenities,Facilities & Amenities (1.00); Staff Conduct & Hospitality (1.00); Service Quality (0.99)
Simon Norra,2025.0,5,Sejak kami tiba semuanya murni kesempurnaan resor menawarkan berbagai macam restoran masing-masing dengan suasana sendiri dan masakan yang sangat baik membuat setiap makan menjadi sorotan baru pada malam hari seluruh hotel berubah menjadi pemandangan seperti mimpi dengan desain cahaya yang menakjubkan menciptakan suasana hangat dan elegan di seluruh kebun dan kolam renang indah dan tak terlupakan menginap,KOMPETITOR,Bintang 5,InterContinentalBaliResort-Bali,positive,0.9985899329185486,Facilities & Amenities,Facilities & Amenities (1.00); Ambience & Design (0.99); Service Quality (0.98)
adnama ewor,2025.0,5,Saya ingin memberitahu Anda bahwa ini telah menjadi yang paling menakjubkan tinggal layanan yang sempurna staf sangat senang dan baik dan ingin memastikan Anda memiliki waktu yang indah makanan yang hebat kamarnya sangat nyaman dan tenang seluruh resor sangat bersih fasilitas yang sangat baik kegiatan yang menyenangkan pantai yang hebat hanya keinginan adalah bahwa mereka melakukan kursi pantai tapi kami menyewa cabana dan itu adalah besar saya sangat merekomendasikan resor ini,KOMPETITOR,Bintang 5,InterContinentalBaliResort-Bali,positive,0.9994165897369385,Facilities & Amenities,Facilities & Amenities (1.00); Service Quality (1.00); Staff Conduct & Hospitality (0.99)
Daniel Singh,2025.0,5,Saya telah tinggal masuk banyak resor ihg tapi resor ini berdiri keluar di antara yang lain karena itu adalah resor antar benua istri saya sangat menikmati dan bagian sedih adalah kita harus tinggal selama beberapa hari lagi hanya untuk menikmati fasilitas anak saya tinggal di ihg sebagai dia adalah anggota platinum dia mengatakan dia tidak keluar dari resor karena dia menikmati tinggal di resor antar benua saya berjanji diri sendiri tidak akan pernah kembali ke bali 10 tahun yang lalu karena perilaku wisatawan muda australia yang berperilaku seperti holigans masuk bali kami,KOMPETITOR,Bintang 5,InterContinentalBaliResort-Bali,positive,0.9590036273002625,Facilities & Amenities,Facilities & Amenities (0.96); Guest Experience (0.94); Service Quality (0.79)
poussin kechit,2025.0,5,saat ini tinggal di Bali antar benua dan pengalaman adalah benar-benar indah suite Baline adalah menakjubkan luas dengan rasa yang dihiasi dan indah menggabungkan pesona tradisional Baline dengan kenyamanan modern karya seni di seluruh menambahkan sentuhan halus dan otentik kolam renang indah pantai bersih dan damai dan restoran melayani makanan yang sangat baik disiapkan dengan berbagai staf sangat ramah dan membantu khusus terima kasih untuk Yulia untuk kebaikannya dan perhatian dan untuk agung joni untuk profesionalisme dan perawatan tenang tempat ini sangat seimbang,KOMPETITOR,Bintang 5,InterContinentalBaliResort-Bali,positive,0.9994584918022156,Staff Conduct & Hospitality,Staff Conduct & Hospitality (1.00); Service Quality (0.98); Facilities & Amenities (0.98)
Ling Chen,2025.0,5,"Pada hari check masuk ada masalah kecil dengan kamar itu, mbak vinola menyelesaikannya dengan sangat profesional dan cepat dia segera memperbaiki masalah asli dan dengan pelayanan hangat dan perhatiannya mengurus setiap detail dengan penuh perhatian berkat pertolongan dia, seluruh 4 hari tinggal saya sangat nyaman.",KOMPETITOR,Bintang 5,InterContinentalBaliResort-Bali,positive,0.9777814745903015,Service Efficiency & Responsiveness,Service Efficiency & Responsiveness (0.99); Guest Experience (0.99); Staff Conduct & Hospitality (0.99)
John Webb,2025.0,5,Jika matahari terbenam adalah hal Anda ini pasti pergi Anda ke resort tropis mewah di Jembaran Bay kami tinggal selama 5 malam dan jujur tidak bisa salah satu hal dari saat Anda tiba Anda disambut begitu hangat oleh staf dan layanan di seluruh hotel dan menginap kami benar-benar luar biasa setiap anggota staf membuat Anda merasa istimewa taman-taman begitu subur dan sangat baik dipertahankan kesenangan untuk mata,KOMPETITOR,Bintang 5,InterContinentalBaliResort-Bali,positive,0.9993458390235901,Facilities & Amenities,Facilities & Amenities (1.00); Staff Conduct & Hospitality (1.00); Guest Experience (0.99)
Uzayr Ali,2025.0,4,masuk Juni itu adalah tinggal yang menyenangkan hotel lapangan besar dan baik dipelihara untuk sebagian besar kamar itu luas dan bersih tetapi memiliki beberapa tanda jelas dari keausan ini dibawa melalui ke lorong juga sarapan buffet memiliki berbagai pilihan yang baik itu tidak sibuk masuk pagi dan ini adalah pertama kalinya saya harus antri untuk sarapan di layanan hotel baik meskipun petugas di layanan sarapan kadang-kadang datang ke atas dingin,KOMPETITOR,Bintang 5,InterContinentalBaliResort-Bali,positive,0.9820099472999573,"Cleanliness, Hygiene & Maintenance","Cleanliness, Hygiene & Maintenance (1.00); Facilities & Amenities (0.99); Service Quality (0.98)"
Ronald en Sandra,2025.0,5,Ini hotel yang bagus terutama layanan yang bagus aku bisa merekomendasikan semua restoran mereka semua memiliki identitas mereka sendiri dan makanan ini lezat koki rahmat menyiapkan menu yang paling lezat,KOMPETITOR,Bintang 5,InterContinentalBaliResort-Bali,positive,0.9984220266342163,Service Quality,Service Quality (1.00); Facilities & Amenities (1.00); Personalized & Special Services (1.00)
Rachel M,2025.0,5,Spa di Intercontinental benar-benar luar biasa dari suasana yang santai untuk kenyamanan pijat Marni staf yang melayani saya sangat ramah dan membantu dan konsultasi mengenai kebutuhan pijat saya tepat di tempat saya menikmati pengalaman spa di laut Bali serenity setelah menikmati masuk mandi air panas dan sesi sauna pijat lebih santai dari yang saya bisa bayangkan saya sangat merekomendasikan spa ini,KOMPETITOR,Bintang 5,InterContinentalBaliResort-Bali,positive,0.9993294477462769,Staff Conduct & Hospitality,Staff Conduct & Hospitality (1.00); Service Quality (0.98); Service Efficiency & Responsiveness (0.97)
Clement Garzon,2025.0,5,Tempat ini sangat bagus untuk dicky semua staf ramah dan berhati-hati saya jelas merekomendasikan tempat ini,KOMPETITOR,Bintang 5,InterContinentalBaliResort-Bali,positive,0.9991562366485596,Staff Conduct & Hospitality,Staff Conduct & Hospitality (1.00); Guest Experience (0.99); Service Quality (0.99)
Debbie Elder,2025.0,5,staf hotel yang besar menginap fantastis dan selalu ramah dan menyambut benar-benar menjaga saya dengan pembatasan diet saya dari kamar bebas gluten adalah sempurna dan sangat nyaman sarapan adalah salah satu yang terbaik kami telah berteriak keluar untuk dinda dan rekan-rekannya di sunset bar untuk makan malam,KOMPETITOR,Bintang 5,InterContinentalBaliResort-Bali,positive,0.9988377690315247,Staff Conduct & Hospitality,Staff Conduct & Hospitality (1.00); Service Efficiency & Responsiveness (1.00); Family & Group Friendly (1.00)
Peer Spengler,2025.0,3,Kami tinggal beberapa malam di Intercontinental Bali setelah datang dari sebuah resor butik yang lebih kecil masuk ubud properti itu sendiri indah dengan baik dipelihara meskipun usianya dan staf sangat ramah dan profesional namun pengalaman tamu terasa kurang seimbang karena pemisahan yang terlihat antara tamu antarkontinental klub dan tamu biasa terutama di daerah pantai bagian klub sebagian besar kosong selama siang sementara area biasa penuh sesak dan beberapa tamu klub masih menggunakan bagian non-klub alih-alih daerah mereka yang ditunjuk ketika saya bertanya tentang menggunakan salah satu dari banyak ruang tidur klub kosong masuk ke sh,KOMPETITOR,Bintang 5,InterContinentalBaliResort-Bali,negative,0.761204183101654,Facilities & Amenities,Facilities & Amenities (1.00); Guest Experience (0.99); Staff Conduct & Hospitality (0.99)
Photo Yayy,2025.0,4,layanan bintang lima untuk semua staf resor yang indah Anda bisa mendengar burung bernyanyi masuk pagi sisi down satu-satunya adalah bahwa kamar secara konsisten bau sedikit terlempar mudah-mudahan tidak ada cetakan di sekitar yang bisa merasa sedikit sulit untuk benar-benar rileks restoran dan cuci pakaian terlalu mahal tampaknya itu 5 sampai 10 kali lebih mahal dari harga lokal bali,KOMPETITOR,Bintang 5,InterContinentalBaliResort-Bali,positive,0.8983671069145203,Service Quality,Service Quality (1.00); Facilities & Amenities (0.99); Staff Conduct & Hospitality (0.96)
Joy C,2025.0,5,Angga di sarapan melayani kami dan dia sangat ramah dan membantu staf antar benua standar sangat tinggi dan mereka mempertahankan layanan bintang 5 nilai sangat baik kali ketiga saya kembali dengan keluarga saya dan pasti akan kembali kembali sangat direkomendasikan untuk keluarga besar kolam renang bersih kamar yang lebih besar dari ukuran standar dan makanan yang bagus sarapan buffet adalah salah satu yang terbaik masuk dunia jadi segar dan lezat terima kasih untuk memiliki kami,KOMPETITOR,Bintang 5,InterContinentalBaliResort-Bali,positive,0.9993515610694885,Family & Group Friendly,Family & Group Friendly (1.00); Service Quality (1.00); Staff Conduct & Hospitality (1.00)
Wong Cho Wai,2025.0,5,Yang benar-benar membuat resor ini berbeda adalah layanan yang luar biasa dari staf dari resepsi ke server restoran semua orang sangat ramah perhatian dan benar-benar pergi di atas dan di luar untuk memastikan saya memiliki pengalaman yang fantastis di luar layanan yang sangat baik dan makanan tempat resor ini adalah indah saya suka memiliki akses langsung ke pantai ideal untuk berjalan pagi dan menonton matahari terbenam,KOMPETITOR,Bintang 5,InterContinentalBaliResort-Bali,positive,0.9992040991783142,Staff Conduct & Hospitality,Staff Conduct & Hospitality (1.00); Service Quality (1.00); Service Efficiency & Responsiveness (1.00)
Miles Templeton,2025.0,5,Kami memiliki liburan keluarga yang benar-benar menyenangkan di Bali Intercontinental Resort ini indah terletak di taman yang dijaga dengan lokasi pantai langsung latar belakang yang sempurna untuk liburan santai kami tinggal masuk sebuah kamar mezzanine yang luas dan ideal untuk keluarga dengan anak-anak puncak dari menginap kami adalah tidak diragukan lagi klub ruang tamu pengalaman kami memiliki akses ke ruang tamu yang termasuk afternoon teh dan tingkat yang luar biasa dari layanan pribadi staf di sini benar-benar luar biasa selalu tersenyum perhatian dan benar-benar menyambut khusus terima kasih kepada dela indra rudi deva y,KOMPETITOR,Bintang 5,InterContinentalBaliResort-Bali,positive,0.9991642236709595,Service Quality,Service Quality (0.99); Guest Experience (0.99); Facilities & Amenities (0.99)
Eman Athans,2025.0,5,properti yang luar biasa taman yang subur dan akses pantai dengan fasilitas anak-anak yang ramah yang tambah staf yang sangat ramah dan pergi keluar dari jalan mereka untuk membuat Anda menginap menyenangkan beberapa perhatian dengan kamar lembap meskipun meminta deshumidifier dan pembersih udara jika Anda merasa diperlukan meskipun kita masuk periode sibuk itu tidak merasa terlalu padat karena ukuran properti besar fasilitas klub lounge dan staf adalah top-notch,KOMPETITOR,Bintang 5,InterContinentalBaliResort-Bali,positive,0.9992563128471375,Facilities & Amenities,Facilities & Amenities (0.99); Service Quality (0.97); Family & Group Friendly (0.97)
Trindade Cafe,2025.0,5,pengalaman terbaik pernah luar biasa resort dengan layanan yang sempurna dan keluar dari dunia ini lingkungan dengan sangat baik ditangani kebun kolam renang besar dan makanan lezat masuk semua restoran sarapan buffet sensasional dan banyak itu di sisi lebih mahal seperti yang diharapkan untuk sebuah resort bintang lima tepat di pantai tapi benar-benar layak untuk itu berbicara tentang pantai jimbaran pantai bukan apa yang dikatakan beberapa orang pada komentar mereka setidaknya tidak pengalaman kami menemukan pantai yang indah sangat damai dengan sempurna berenang berjalan-jalan besar dan tidak sibuk seperti beberapa pantai lain masuk wilayah itu hanya menjadi lebih sibuk pada matahari terbenam untuk,KOMPETITOR,Bintang 5,InterContinentalBaliResort-Bali,positive,0.998805046081543,Facilities & Amenities,Facilities & Amenities (1.00); Service Quality (0.99); Guest Experience (0.87)
DWI ANDI LISTIAWAN,2025.0,1,manajemen meja di restoran taman gita saat akhir pekan buruk sekali karena rame banget kami keluarga ber 6 dikasih meja buat ber 4 saja minta 4 2 awalnya boleh jadi tidak boleh,KOMPETITOR,Bintang 5,InterContinentalBaliResort-Bali,negative,0.9965811371803284,Food & Beverage,Food & Beverage (0.68); Facilities & Amenities (0.60); Guest Experience (0.58)
Monica Marie Naka,2025.0,5,Aku suka hotel ini semuanya sangat baik dari fasilitas layanan dan makanan bagian favoritku adalah sarapan buffet makanan berubah setiap hari dan Ananta selalu begitu baik kepada kita dia akan menyapa kita setiap pagi dan bertanya apakah kita ingin sesuatu yang istimewa atau bertanya apakah kita ingin sesuatu yang tidak masuk buffet saya suka buah naga jadi dia akan membawa kita buah naga setiap pagi tanpa pertanyaan dia adalah yang paling manis dan selalu memiliki senyum cerah setiap orang masuk hotel ini selalu begitu manis dan akomodasi kita akan kembali pasti,KOMPETITOR,Bintang 5,InterContinentalBaliResort-Bali,positive,0.9992951154708862,Facilities & Amenities,Facilities & Amenities (1.00); Service Quality (1.00); Staff Conduct & Hospitality (0.99)
Kinna Patel,2025.0,5,Hotel yang indah staf yang sangat baik yang membuat pengalaman masuk hotel besar sangat pribadi tempat yang baik di pantai dan kami menikmati malam yang indah makan malam dan minum staf terutama renata dan sukra pasti meningkatkan pengalaman pemandangan dan kedamaian membuatnya menjadi cara super menyenangkan untuk bersantai dan menyerap jimbaran satu-satunya kelemahan telah lama waktu yang dibutuhkan untuk memeriksa masuk dan kemudian beberapa jam lebih lambat untuk mendapatkan kamar jauh lebih dari 5pm oleh waktu ini hanya untuk menemukan alokasi kamar tidak apa yang telah diminta dan disepakati namun hotel dan staf adalah pilihan yang baik,KOMPETITOR,Bintang 5,InterContinentalBaliResort-Bali,positive,0.9967840909957886,Facilities & Amenities,Facilities & Amenities (0.99); Food & Beverage (0.97); Guest Experience (0.94)
Jayne Lanyi,2025.0,5,begitu nyaman dan mewah tinggal masuk jimbaran sulit untuk menyalahkan properti dan layanan luar biasa sarapan besar dan makanan lain benar-benar menikmati kita tinggal di intercontinental dengan khusus teriakan keluar ke Ananta untuk layanan hangat dan perhatian di taman gita membuat sarapan kita sangat menyenangkan dengan mangosteen dan balinese nama dan kasta diskusi terima kasih steve dan jayne,KOMPETITOR,Bintang 5,InterContinentalBaliResort-Bali,positive,0.9994063377380371,Facilities & Amenities,Facilities & Amenities (1.00); Personalized & Special Services (0.99); Guest Experience (0.99)
Shadia G,2025.0,5,Kami telah memiliki pengalaman yang luar biasa di Intercontinental kamar-kamarnya luas resor bersih dan indah dan staf luar biasa terutama Suyasna di sarapan yang pergi keluar dari jalan untuk mengobrol dengan putri kami setiap hari dan membawa buah favoritnya kami akan kembali sangat merekomendasikan,KOMPETITOR,Bintang 5,InterContinentalBaliResort-Bali,positive,0.9990677237510681,Facilities & Amenities,"Facilities & Amenities (1.00); Service Quality (1.00); Cleanliness, Hygiene & Maintenance (1.00)"
T Kross,2025.0,5,Hotel yang indah seperti restoran Jepang sangat baik dan sarapan buffet di kedua tempat menawarkan variasi dan kualitas yang besar satu-satunya kelemahan adalah layanan di bar matahari terbenam di mana staf tampaknya tidak siap untuk permintaan di luar rutinitas biasa yang selain keseluruhan menginap sangat dianjurkan,KOMPETITOR,Bintang 5,InterContinentalBaliResort-Bali,positive,0.996955394744873,Food & Beverage,Food & Beverage (0.94); Facilities & Amenities (0.84); Guest Experience (0.82)
Pingyuan Chen,2025.0,5,Saya memesan kamar dengan akses klub sebagai anggota IC duta besar dan ditingkatkan ke mezzanine suite ya tempat tampaknya sedikit tua tapi saya harus mengatakan pengalaman yang luar biasa staf sangat ramah dan menyambut fasilitas lebih dari lengkap akses pantai superior dan kolam renang yang baik dengan bar akses yang besar ke makanan laut atau restoran lain di dekat dan bandara juga cukup dekat satu-satunya hal yang saya tidak suka dari kamar saya adalah bau sofa bantal pasti ingin tinggal di IC Bali resort lain kali saya di sini,KOMPETITOR,Bintang 5,InterContinentalBaliResort-Bali,positive,0.9976484179496765,Facilities & Amenities,Facilities & Amenities (0.99); Staff Conduct & Hospitality (0.94); Booking & Reservation Experience (0.89)
Francesco baraldo sano,2025.0,5,sebuah surga tidak ada kata-kata bisa menjelaskan bagaimana baik dan bagus adalah resort ini saya berlian dan duta anggota ihg dan saya telah melihat banyak antar benua tapi ini adalah spesial 360 spesial super sarapan restoran yang baik terutama Italia satu pantai yang bagus fasilitas yang baik posisi yang sempurna staf besar benar-benar kita akan kembali,KOMPETITOR,Bintang 5,InterContinentalBaliResort-Bali,positive,0.9992751479148865,Personalized & Special Services,"Personalized & Special Services (1.00); Loyalty, Recommendation & Appreciation (1.00); Facilities & Amenities (0.99)"
Yuyu Cendra,2025.0,5,pertama kali menginap di Bali antar benua kamar memang agak klasik bukan tipe modern minimalis vibesnya bali banget properti guede banget staf nya ramah banget dan membantu khusus terima kasih pak eric resepsi dan pak ngurah jimbaran taman resto karena sudah bantu temukan kacamata renang anak saya bfast leader pak budi super ramah dan terima kasih bu thalia untuk mengatur kamar view pool akan kembali pasti,KOMPETITOR,Bintang 5,InterContinentalBaliResort-Bali,positive,0.9994716048240662,Facilities & Amenities,Facilities & Amenities (0.99); Staff Conduct & Hospitality (0.99); Service Quality (0.97)
Cat Fink,2025.0,5,umpan balik kami tentang resort ini luar biasa sangat sangat positif tahun lalu kami tinggal di Bali Intercon dan menyukainya dan jadi kembali lagi minggu lalu dan jujur ini adalah hotel yang luar biasa staf profesional namun ramah makanan yang sangat baik dan lapangan yang luar biasa lokasi pantai yang cemerlang untuk menampung hal-hal dari ini tinggal adalah yang khusus untuk istri saya dan saya saat kami merayakan ulang tahun pernikahan kami ke-25 kami menerima upgrade yang tidak terduga dan sangat bijaksana kami sangat menghargai itu kami tinggal dua kamar dengan dua remaja dan mereka suka itu terlalu tidak berarti prestasi,KOMPETITOR,Bintang 5,InterContinentalBaliResort-Bali,positive,0.9969028830528259,Facilities & Amenities,Facilities & Amenities (1.00); Staff Conduct & Hospitality (0.98); Service Quality (0.92)
irwan lubis,2025.0,5,hotel lama tapi terawat dengan baik walapun sedikit apek tapi pengalaman menginap di sini menyenangkan kamar luas dan bersih bantal kasur selimut nyaman kamar mandi ada bak mandi dan mandi yang terpisah terdapat 3 kolam renang dan memiliki akses langsung ke pantai untuk berjemur sangat nyaman sarapan ada 2 resto dekat lobi dan dekat kolam cuma dekat kolam pilihan menu sedikit parkir luas ada atm mandiri dan butik,KOMPETITOR,Bintang 5,InterContinentalBaliResort-Bali,positive,0.9994533658027649,Facilities & Amenities,"Facilities & Amenities (0.99); Cleanliness, Hygiene & Maintenance (0.98); Service Quality (0.97)"
Pui Yip Hui,2025.0,5,masuk untuk lebih dari setengah jam tetapi menawarkan peningkatan kamar dan akses ke ruang tamu klub luar biasa baik masuk taman restoran dan pemandangan luar biasa staf ramah dan informatif layanan besar dan pengalaman masuk klub ruang tamu sedikit tersingkir di game kamar dengan hanya meja tenis dan beberapa permainan papan tanpa meja bilyard atau permainan arcade lainnya,KOMPETITOR,Bintang 5,InterContinentalBaliResort-Bali,positive,0.9902715086936951,Facilities & Amenities,Facilities & Amenities (1.00); Guest Experience (0.96); Staff Conduct & Hospitality (0.94)
Ross B. Taylor AM,2025.0,5,Kami telah tinggal di hotel ini pada beberapa kesempatan selalu kelas atas gaya cantik sampai mewah melarikan diri memutuskan untuk melakukan promosi besar yang telah melihat resort besar ini macet paket dengan keluarga dan anak-anak kita cinta anak-anak dan cucu kita yang kita alokasi 24 jam seminggu untuk resort ini adalah tempat perlindungan kami tetapi tidak sekarang semua kafe dipesan keluar pilihan tidak tersedia kolam renang seperti sarang lebah dan setiap sun lounge di sepanjang garis pantai besar diambil oleh 8 pagi harus dikatakan bagaimanapun bahwa Agustus adalah musim puncak jadi hotel berkualitas seperti ini dapat dipesan keluar Juni,KOMPETITOR,Bintang 5,InterContinentalBaliResort-Bali,positive,0.9934980869293213,Facilities & Amenities,Facilities & Amenities (0.99); Service Quality (0.89); Family & Group Friendly (0.83)
E,2025.0,2,Kami selalu mencintai tempat ini dan selalu memiliki pengalaman yang hebat tapi sayangnya kunjungan terakhir ini besar mati dan pasti tidak besar properti membutuhkan banyak ruang perawatan sudah usang dan bau buruk itu bukan 5 lagi dari masa lalu banyak perbaikan yang diperlukan berpikir dua kali untuk tetap layanan di ruang tamu klub masih sempurna untuk jujur tapi di seluruh tidak layak harga maaf,KOMPETITOR,Bintang 5,InterContinentalBaliResort-Bali,negative,0.9813194274902344,Facilities & Amenities,Facilities & Amenities (0.99); Guest Experience (0.97); Pricing & Value for Money (0.78)
Gammara Fiermandaputra,2025.0,5,Salah satu hotel terbaik masuk bali untuk menginap dengan anak alasannya simpel ada banyak sekali aktivitas yang bisa dilakukan bersama anak anak bisa main di anak klub ada mini kolam yang cocok sampai anak umur 12 tahun ada taman bermain luar dan tambahan lapangan bola mini tapi harus bawa bola sendiri ya ada lapangan tenis buat yang masih belajar atau cari menyenangkan berbagai kolam renang total ada 4 ada arcade dan ruang pingpong dll banyak pokoknya,KOMPETITOR,Bintang 5,InterContinentalBaliResort-Bali,positive,0.999123752117157,Facilities & Amenities,Facilities & Amenities (0.99); Family & Group Friendly (0.97); Guest Experience (0.77)
Irene Grow,2025.0,5,Saya baru-baru ini tinggal dengan mitra saya di hotel Anda selama 8 malam dan lebih dari menyenangkan terkejut di resor dan layanan pelanggan diberikan oleh staf mereka tidak bisa melakukan cukup untuk kami kamar kami luas dan dekat lobi akan merekomendasikan resor ini kepada siapa pun yang ingin beristirahat keluar liburan mewah tepat di pantai terima kasih semua untuk membuat liburan kami berkesan,KOMPETITOR,Bintang 5,InterContinentalBaliResort-Bali,positive,0.998434841632843,Staff Conduct & Hospitality,"Staff Conduct & Hospitality (1.00); Facilities & Amenities (1.00); Loyalty, Recommendation & Appreciation (1.00)"
Sakshi,2025.0,5,Kami datang untuk menghadiri pernikahan dan benar-benar jatuh cinta masuk dengan resor ini sangat perhatian pelayan layanan kantor depan staf dan kebersihan setiap kali kami masuk masuk kamar kami itu menyentuh segar dan bersih kita akan kembali segera,KOMPETITOR,Bintang 5,InterContinentalBaliResort-Bali,positive,0.9990959167480469,"Cleanliness, Hygiene & Maintenance","Cleanliness, Hygiene & Maintenance (1.00); Facilities & Amenities (1.00); Staff Conduct & Hospitality (1.00)"
na.,2025.0,4,Aku tinggal di sini selama 2 malam dan 3 hari Aku benar-benar menikmati waktu saya di sini semua orang begitu ramah dan sopan Aku suka sarapan itu baik dengan begitu banyak pilihan Aku juga melakukan pijat tubuh penuh dengan Ashini tangannya begitu lembut dan aku merasa begitu santai,KOMPETITOR,Bintang 5,InterContinentalBaliResort-Bali,positive,0.9991187453269958,Facilities & Amenities,Facilities & Amenities (1.00); Staff Conduct & Hospitality (0.99); Service Quality (0.99)
酒井英一郎（Eddy）,2025.0,1,Lokasi hotel ini sangat baik hanya 15 menit dari bandara 5 menit berjalan kaki ke gerai makanan laut terkenal dan garis pantai sempurna untuk berjalan pagi di sisi lain fasilitas dan layanan mungkin yang terburuk bahkan ketika membuat permintaan di resepsi mereka sering dilupakan dan jarang diikuti di restoran terlalu mahal dan makanan mengerikan staf pelayan sangat kasar terutama seorang pemuda bernama sudiska yang perilakunya sangat tidak hormat ia membutuhkan pelatihan yang tepat kolam renang tua dan tidak memiliki rasa kebersihan hotel ini mungkin sesuai,KOMPETITOR,Bintang 5,InterContinentalBaliResort-Bali,negative,0.9981673955917358,Facilities & Amenities,Facilities & Amenities (0.99); Guest Experience (0.79); Food & Beverage (0.78)
Sarah charles (Thewhereto),2025.0,5,sementara mahal setelah mengalami resor ini itu pasti bernilai setiap dolar resor memiliki semua yang Anda butuhkan dan mereka melakukannya begitu baik tiba di lobi itu s klasik gaya antar benua besar patung dan seni Indonesia kelimpahan itu luas dengan beberapa area untuk duduk dan lounge sementara Anda menunggu atau bahkan setelah memeriksa keluar banyak counter seorang concierge dan minuman sambutan staf dengan hati-hati memanifestasikan semua rumput dan kita bisa melihat mereka menghabiskan jam-jam di kebun perawatan dan terlihat menakjubkan kita menemukan kamar kami dan itu mengingatkan,KOMPETITOR,Bintang 5,InterContinentalBaliResort-Bali,positive,0.9982569813728333,Facilities & Amenities,Facilities & Amenities (1.00); Service Quality (0.99); Guest Experience (0.99)
YULI TOPSELL,2025.0,5,Sekitar 25 menit dari bandara vibes tenang bisa akses langsung ke pantai dilengkapi jogging track tapi kemarin dapat kamar di gedung 6 jalan agak jauh kamar lumayan besar dan bersih fasilitas lengkap ada balkon yang menghadap ke pantai sarapan lengkap dan enak terbaik pemandangan area kolam renang nya,KOMPETITOR,Bintang 5,InterContinentalBaliResort-Bali,positive,0.9994889497756958,Facilities & Amenities,Facilities & Amenities (0.99); Service Quality (0.91); Room Quality & Comfort (0.90)
Luke Short,2025.0,5,pengalaman yang luar biasa lagi ini adalah kali ketiga kami di resor dan standar tetap sangat tinggi layanan sangat baik staf sangat ramah dan responsif dan hotel lapangan yang sempurna merekomendasikan tinggal masuk ruang klub sementara mereka lebih mahal mereka termasuk akses ke ruang tamu klub yang indah di mana Anda dapat memiliki sarapan harian yang hebat teh tinggi dua empat malam dan sunset koktail lima tujuh malam pop masuk di sana kapan saja sepanjang hari untuk kopi gratis atau minuman ringan perk lain adalah kolam renang klub eksklusif dikelilingi oleh pondok dan sun loungers di mana Anda dapat menelan minuman bebas alkohol,KOMPETITOR,Bintang 5,InterContinentalBaliResort-Bali,positive,0.9990471005439758,Facilities & Amenities,Facilities & Amenities (0.99); Service Quality (0.99); Staff Conduct & Hospitality (0.99)
Pamela Stewart,2025.0,5,Baru-baru ini memiliki delapan hari tinggal kami kunjungan kelima tidak ada keluhan sama sekali sebuah hotel luar biasa masuk setiap hal tapi terutama layanan klub lounge adalah luar biasa khusus referensi untuk semua staf di sana dan terutama layanan pelanggan wanita spa luar biasa dan kami mencintai semua restoran pasti akan kembali,KOMPETITOR,Bintang 5,InterContinentalBaliResort-Bali,positive,0.9989109039306641,Facilities & Amenities,"Facilities & Amenities (1.00); Service Quality (1.00); Loyalty, Recommendation & Appreciation (1.00)"
barsdan,2025.0,5,Kami berada di perjalanan bisnis ke Bali dan untungnya mendapat kesempatan untuk menginap 1 malam masuk resort ini adalah resort bintang 5 meskipun tidak baru masih memiliki fasilitas lengkap kita dapat menikmati saat tinggal di sini terletak di pantai jimbaran di mana kita bisa berjalan atau bersantai di sepanjang pantai sekali memeriksa masuk kami mendapat kenikmatan kamar kami yang ditingkatkan ke kamar premier ada beberapa kolam renang dengan satu kolam mini untuk anak-anak jogging track cukup untuk pagi atau sore jogging sambil menikmati matahari terbenam juga memiliki kelas fitness yoga dll jadi saya kira tidak ada pengunjung bisa,KOMPETITOR,Bintang 5,InterContinentalBaliResort-Bali,positive,0.9951423406600952,Facilities & Amenities,Facilities & Amenities (1.00); Service Quality (0.92); Check in/out Experience (0.91)
And,2025.0,2,Saya bermain tenis lebih dari setahun di sini setelah hujan malam saya menelepon pukul 8 pagi untuk memeriksa kondisi pengadilan staf mengatakan kepada saya bahwa itu baik-baik saja ketika saya tiba saya melihat bahwa hanya satu pengadilan siap di mana pelatih lokal bekerja lapangan lain yang saya booked basah saya meminta untuk menyapu itu ketika orang tiba dia terlihat kasar dan dia berkata jika saya tidak suka saya perlu bermain masuk tempat lain terima kasih untuk layanan lima bintang Anda,KOMPETITOR,Bintang 5,InterContinentalBaliResort-Bali,negative,0.9980393052101135,Service Quality,Service Quality (1.00); Check in/out Experience (0.96); Guest Experience (0.95)
Renad Alamri,2025.0,5,Ada orang yang benar-benar indah bernama Agus di sarapan dan dia sangat membantu Anda beruntung untuk memiliki dia dengan Anda hari ini adalah hari terakhir kami di resor antar benua dan terima kasih,KOMPETITOR,Bintang 5,InterContinentalBaliResort-Bali,positive,0.9969800114631653,Food & Beverage,Food & Beverage (0.98); Guest Experience (0.96); Staff Conduct & Hospitality (0.91)
Sheryl Chen,2025.0,4,Semua layanan sangat bagus terutama spa masseuse wiratni lembut dan baik kamar hotel sedikit tua dan jubahnya tidak begitu bersih selain itu adalah tempat yang bagus untuk menikmati liburan,KOMPETITOR,Bintang 5,InterContinentalBaliResort-Bali,positive,0.9988678693771362,Facilities & Amenities,Facilities & Amenities (1.00); Service Quality (1.00); Guest Experience (0.99)
Sara Dee,2025.0,5,kamar yang indah dan layanan kamar klub sangat bagus karena Anda bisa makan di kolam renang klub alih-alih pergi ke ruang tamu satu-satunya kelemahan adalah layanan makanan lambat masuk jimbaran taman yang sulit dengan anak-anak tapi mereka super maaf makanan adalah lezat meskipun hanya memesan awal ketika memiliki anak adalah rekomendasi saya,KOMPETITOR,Bintang 5,InterContinentalBaliResort-Bali,positive,0.9960126876831055,Facilities & Amenities,Facilities & Amenities (0.99); Guest Experience (0.97); Service Quality (0.94)
Paul Dengate,2025.0,5,jika yui ingin diperhatikan sempurna ini adalah tempat untuk pergi kami telah ke bali lima kali dan terbiasa dengan Bali's keramahan yang sangat baik tetapi staf di intercontinental membawanya ke tingkat lain cukup sempurna tidak bisa ada koleksi yang lebih baik dari orang kamar kami adalah fantastis super nyaman tempat tidur dan indah taman pemandangan kami sudah berniat untuk tinggal di sini lagi itu sangat bagus ps kolam renang utama cukup hangat dan bella masakan adalah mutlak baik makan di terbaiknya osso bucco benar-benar sempurna sangat direkomendasikan,KOMPETITOR,Bintang 5,InterContinentalBaliResort-Bali,positive,0.9992209672927856,Facilities & Amenities,Facilities & Amenities (1.00); Staff Conduct & Hospitality (0.99); Service Quality (0.99)
David & Man-Yee Rivadillo,2025.0,5,Buffet sarapan yang sangat baik dan staf lantai di taman gita sangat membantu dan mengundang keluarga kamar yang luas dan nyaman jika i menjadi pilihan bantal bisa lebih kuat karena mereka sangat lunak dan sofa tempat tidur untuk anak-anak bisa lebih kuat kolam renang luar taman bermain pantai akses spa sauna akses pemandangan matahari terbenam layanan perlu lebih cepat di jimbaran taman dan pasti di matahari terbenam grill pesanan awal jika dengan siang hari teh masuk ruang tamu adalah sentuhan yang indah akan merekomendasikan tambahan lebih banyak untuk anak-anak ruang klub untuk melayani anak-anak 5 kegiatan tambah yang hebat dan anak-anak saya,KOMPETITOR,Bintang 5,InterContinentalBaliResort-Bali,positive,0.9991494417190552,Facilities & Amenities,Facilities & Amenities (1.00); Family & Group Friendly (0.99); Food & Beverage (0.99)
D1M,2025.0,5,Kamarnya sangat luas tapi cukup jauh dan membingungkan ke fasilitas bangunan utama oke tapi sarapan cukup rata-rata byredo tidak pernah salah,KOMPETITOR,Bintang 5,InterContinentalBaliResort-Bali,positive,0.9931857585906982,Facilities & Amenities,Facilities & Amenities (0.99); Guest Experience (0.99); Service Quality (0.96)
emily paola fermin romero,2025.0,5,pengalaman kami luar biasa dan staf sangat ramah makanan dan layanan luar biasa dan terutama spa pijat diberikan dari Wiratni adalah spektakuler pijat terbaik pernah terima kasih banyak untuk semua Anda,KOMPETITOR,Bintang 5,InterContinentalBaliResort-Bali,positive,0.9979215264320374,Facilities & Amenities,Facilities & Amenities (1.00); Service Quality (1.00); Staff Conduct & Hospitality (1.00)
Luca C.,2025.0,5,Kami saat ini menikmati menginap di resor Bali Intercontinental dan ingin mengucapkan terima kasih yang tulus kepada asih yuni dan seluruh tim kami memiliki masalah kecil dengan kamar kami sebelumnya yang mereka selesaikan dengan kebaikannya yang luar biasa profesionalisme dan membantu ini adalah persis jenis layanan yang membuat semua perbedaan bukan hanya resor yang indah itu sendiri tetapi di atas semua kehangatan dan keramahan orang adalah alasan mengapa kita mencintai bali dan mengapa kita sudah yakin bahwa kita akan kembali tahun depan berkat asih yuni dan seluruh tim kami sekali lagi merasa benar-benar diterima dan dijaga dengan baik,KOMPETITOR,Bintang 5,InterContinentalBaliResort-Bali,positive,0.9983207583427429,Staff Conduct & Hospitality,Staff Conduct & Hospitality (1.00); Service Quality (1.00); Room Quality & Comfort (1.00)
Terry MORTER,2025.0,5,Setelah banyak perjalanan ke Bali ini adalah kunjungan pertama kami di Intercontinental Jambaran Bay dan itu adalah surga mutlak staf yang sangat baik profesionalisme dan keramahan mereka lapangan yang indah dan pilihan restoran,KOMPETITOR,Bintang 5,InterContinentalBaliResort-Bali,positive,0.9990334510803223,Service Quality,Service Quality (1.00); Staff Conduct & Hospitality (1.00); Facilities & Amenities (1.00)
barney willis,2025.0,5,Omg hanya meninggalkan sana hari ini untuk pergi ke seminyak kelas absolut pertama dari saat Anda berjalan masuk Anda ditingkatkan dengan begitu hangat dan senyum begitu sopan ditunjukkan ke kamar kami yang begitu bersih dan besar makanan baik apa yang bisa saya katakan kelas pertama staf pergi keluar dari jalan mereka makanan untuk semua orang bahkan untuk hari ulang tahun suami saya pantai di depan pintu restoran di sepanjang pantai tidak satu kita pergi ke bahwa saya akan mengatakan saya tidak akan pergi lagi saya tidak bisa menunggu untuk kembali karen barnett,KOMPETITOR,Bintang 5,InterContinentalBaliResort-Bali,positive,0.9878194332122803,"Cleanliness, Hygiene & Maintenance","Cleanliness, Hygiene & Maintenance (1.00); Staff Conduct & Hospitality (1.00); Facilities & Amenities (1.00)"
Lindsay Osborn,2025.0,5,Kami menyukai waktu kami di Intercontinental malam pertama kami menonton matahari terbenam di bar matahari terbenam grill dan semuanya luar biasa terutama sinta yang memberikan layanan yang sangat baik dan perhatian bar sangat sibuk tapi mereka berhasil menemukan tempat duduk kita menghadap pantai sinta memastikan kami memiliki makan malam yang luar biasa dan banyak minuman lezat sangat merekomendasikan,KOMPETITOR,Bintang 5,InterContinentalBaliResort-Bali,positive,0.9985474944114685,Service Quality,Service Quality (1.00); Facilities & Amenities (0.99); Service Efficiency & Responsiveness (0.99)
Dewata Journey,2025.0,1,Pada acara ct asia 2025 saya memiliki pengalaman yang sangat mengecewakan staf yang ditempatkan di pintu masuk tidak diberitahu tentang waktu awal sebenarnya atau ruang konferensi yang benar beberapa mengatakan akan dimulai pada 2 pm yang lain mengatakan itu tidak terbuka dan masuk akhir konferensi diadakan masuk ruang yang berbeda di atas ketika saya bertanya mengapa ada kesalahan komunikasi saya belajar bahwa staf hanya pekerja harian yang tidak benar diberitahu oleh pengawas mereka bahkan lebih buruk staf saya berbicara memberikan informasi yang salah yang menyebabkan kebingungan yang tidak perlu karena kurangnya koordinasi dan komunikasi waktu saya sepenuhnya,KOMPETITOR,Bintang 5,InterContinentalBaliResort-Bali,negative,0.9990298748016357,Check in/out Experience,Check in/out Experience (0.96); Guest Experience (0.72); Management & Policy Issues (0.56)
emna ayari,2025.0,1,Saya meminta perubahan tanggal pada tanggal 6 Agustus sepenuhnya dalam kebijakan alih-alih menghormati hotel terhenti selama beberapa hari berulang kali meminta bukti dan alasan pribadi hal kebijakan mereka sendiri tidak memerlukan saya masih memberikan alasan saya dan bahkan mengirim tiket penerbangan saya namun pada tanggal 10 Agustus mereka telah melakukan apa-apa nama bintang 5 dengan efisiensi bintang 1,KOMPETITOR,Bintang 5,InterContinentalBaliResort-Bali,negative,0.997260332107544,Management & Policy Issues,Management & Policy Issues (0.86); Personalized & Special Services (0.79); Service Quality (0.68)
Erin Jamieson,2025.0,5,Saya memiliki kemewahan pijat yang indah dan santai dari dewi sangat profesional dan menenangkan saya merasa begitu dalam kedamaian dan tubuh saya merasa begitu santai tanpa ketegangan begitu bersyukur untuk pengalaman ilahi seperti itu terima kasih,KOMPETITOR,Bintang 5,InterContinentalBaliResort-Bali,positive,0.9984179735183716,Facilities & Amenities,Facilities & Amenities (1.00); Service Quality (0.99); Personalized & Special Services (0.93)
Vicki Hallatt,2025.0,5,Kami baru saja menghabiskan seminggu di Intercontinental Bali Resort kami pergi Juli lalu dan sangat menikmati itu kami kembali tahun ini Bali sangat sibuk tapi kami kembali untuk resort ini karena dekat dengan bandara dan adalah tempat perlindungan staf baik dan ramah restoran baik dan ruang tengah yang besar dengan anak-anak terima kasih dan mungkin kita akan kembali lagi,KOMPETITOR,Bintang 5,InterContinentalBaliResort-Bali,positive,0.9972643852233887,Facilities & Amenities,Facilities & Amenities (1.00); Service Efficiency & Responsiveness (1.00); Safety & Security (1.00)
Girish Shah,2025.0,5,Kami memiliki reuni keluarga untuk 52 orang staf luar biasa tidak ada yang tersisa untuk kebetulan medina kontak kami sangat penting untuk memastikan kita semua sangat nyaman dan semua kegiatan kami diatur dengan baik terima kasih untuk setiap staf,KOMPETITOR,Bintang 5,InterContinentalBaliResort-Bali,positive,0.9959840774536133,Family & Group Friendly,Family & Group Friendly (0.98); Service Quality (0.94); Guest Experience (0.94)
Jiwei Li,2025.0,5,Ini adalah hotel pertama yang saya menginap saat bepergian ke sini masuk bali nilai yang datang dengan itu adalah hanya luar biasa teman saya memiliki kartu platinum yang memungkinkan kami menikmati sarapan sore teh dan pesta koktail gratis fasilitas hiburan menyenangkan tidak terlalu ramai staf ramah keseluruhan pengalaman bintang 5 untuk hotel bintang 5 ini,KOMPETITOR,Bintang 5,InterContinentalBaliResort-Bali,positive,0.9985389709472656,Service Quality,Service Quality (1.00); Staff Conduct & Hospitality (0.99); Guest Experience (0.99)
larry hurt,2025.0,5,Hotel bintang 5 masuk jimbaran taman hotel dan restoran bintang 5 pemandangan dari balkon taman kami adalah indah pasti akan merekomendasikan tinggal di sini jika Anda setelah lebih tenang dan santai tinggal memiliki masalah teknis kecil tidak dapat menghubungkan Amazon streaming saya stick ke belakang TV masuk kamar tetapi mereka begitu cepat masuk menyelesaikan masalah sehingga saya harus memberikan mr joni dan tim teknisnya nilai atas untuk menyelesaikan masalah masuk dua kali cepat terima kasih satu-satunya negatif saya yang tidak tentang hotel bali tapi masuk umum adalah,KOMPETITOR,Bintang 5,InterContinentalBaliResort-Bali,positive,0.9989157915115356,"Loyalty, Recommendation & Appreciation","Loyalty, Recommendation & Appreciation (0.99); Facilities & Amenities (0.98); Service Efficiency & Responsiveness (0.96)"
Rahardhi Pradhana,2025.0,5,properti yang cantik lengkap dan modern cocok untuk acara keluarga atau kantor sangat keluarga ramah khusus terima kasih untuk hadi di valet concierge depan yang inisiatif hubungi saat tas saya ketinggalan lima bintang,KOMPETITOR,Bintang 5,InterContinentalBaliResort-Bali,positive,0.9980953335762024,Family & Group Friendly,Family & Group Friendly (1.00); Facilities & Amenities (1.00); Guest Experience (0.99)
Ryan,2025.0,3,Resor ini bagus dan stafnya ramah tapi saya kesulitan melihat nilai untuk biaya misalnya Anda dapat menyewa papan selancar untuk dua ratus ribu idr jam atau Anda bisa berjalan satu menit ke pantai resor dan membayar 100 0 idr hari saya tidak menentang tinggal di sini lagi tapi akan mencari opsi lain di dekat dan memberi mereka mencoba sebelum kembali,KOMPETITOR,Bintang 5,InterContinentalBaliResort-Bali,positive,0.8412426114082336,Facilities & Amenities,Facilities & Amenities (0.99); Pricing & Value for Money (0.99); Staff Conduct & Hospitality (0.96)
Michelle Julier,2025.0,4,Layanan di taman bar dan Sunset Beach bar dan grill telah luar biasa Sudiksa adalah tuan rumah yang indah di makan siang dan memastikan kita memiliki cukup makanan dan menikmati waktu kita pemandangan yang sempurna shisha adalah tingkat berikutnya joni dan Nico di layanan tamu pergi di atas dan di luar untuk memperbaiki masalah yang kami miliki ketika kami datang masuk waktu puncak dan beberapa hal tidak 100 ketika kami tiba spa dan fasilitas kesehatan yang menakjubkan harus digunakan ketika tinggal di sini,KOMPETITOR,Bintang 5,InterContinentalBaliResort-Bali,positive,0.9936268329620361,Guest Experience,Guest Experience (1.00); Facilities & Amenities (1.00); Service Quality (0.96)
Rajeev V,2025.0,5,Aku tidak tinggal di sini tapi mengatur kejutan ulang tahun untuk suami saya sementara dia tinggal di sini dengan pekerjaan anggota staf resepsi Ria begitu mudah untuk berkomunikasi dan mengatur penyu dan kue yang dipersonalisasi dengan saya begitu cepat apa layanan yang besar,KOMPETITOR,Bintang 5,InterContinentalBaliResort-Bali,positive,0.9937828183174133,Service Efficiency & Responsiveness,Service Efficiency & Responsiveness (1.00); Guest Experience (1.00); Family & Group Friendly (1.00)
John Perth,2025.0,5,Hotel bintang 5 terbaik yang pernah saya huni masuk masuk bali hotel ini adalah hotel standar dunia yang benar 5 bintang hotel rival Dubai standar 5 bintang hotel salah satu sarapan buffet terbaik,KOMPETITOR,Bintang 5,InterContinentalBaliResort-Bali,positive,0.9985047578811646,Service Quality,Service Quality (0.86); Food & Beverage (0.80); Room Quality & Comfort (0.73)
Wong Agung,2025.0,5,Nginap disini saat Covid n lockdown serasa menyewa apalagi ada diskon 50 saat,KOMPETITOR,Bintang 5,InterContinentalBaliResort-Bali,positive,0.9905444383621216,Guest Experience,Guest Experience (0.81); Booking & Reservation Experience (0.79); Pricing & Value for Money (0.78)
Hi I Am,2025.0,4,Kami menghabiskan dua malam di sini properti besar interkontinental staf membuat kami merasa dialu-alukan dan keramahan mereka adalah di atas dan di luar satu-satunya hal negatif untuk mengatakan adalah ada bau lecet yang sangat kuat masuk kamar itu tidak pergi sendiri karena kami merayakan ulang tahun kami dan mereka dengan baik menghiasi kamar kami termasuk menempatkan bunga mawar masuk bak mandi kami tidak ingin mengganggu ganti kamar jika tidak saya akan meminta untuk mengubah bau lecet itu membuat saya sakit kepala tapi saya hanya tahan dengan itu sarapan buffet adalah harus memiliki di sini begitu banyak,KOMPETITOR,Bintang 5,InterContinentalBaliResort-Bali,positive,0.9430809617042542,Facilities & Amenities,Facilities & Amenities (1.00); Staff Conduct & Hospitality (1.00); Service Quality (1.00)
Alyssa Simpson,2025.0,5,Wow tempat ini sangat besar dan setiap inci begitu indah rasanya seperti film staf luar biasa layanan kamarnya luar biasa saya 100 merekomendasikan soto ayam sup itu memanaskan jiwa,KOMPETITOR,Bintang 5,InterContinentalBaliResort-Bali,positive,0.9984459280967712,Service Quality,Service Quality (1.00); Facilities & Amenities (1.00); Guest Experience (1.00)
Sharyn,2025.0,5,Kami memiliki dua kamar dipesan dan memiliki akses ke ruang tamu klub pastinya layak untuk rampasan Karliya dan semua staf lain di ruang tamu klub sangat hangat dan ramah dari awal dan menjaga kami sepanjang kita tinggal mereka membuat kami merasa seperti di rumah dengan saran tentang apa yang harus dilakukan dan mencoba masuk wilayah dan dalam resort,KOMPETITOR,Bintang 5,InterContinentalBaliResort-Bali,positive,0.9969636797904968,Staff Conduct & Hospitality,Staff Conduct & Hospitality (1.00); Family & Group Friendly (1.00); Facilities & Amenities (0.98)
Peter Fort,2025.0,5,Kami sekarang tinggal di hotel ini total 6 minggu selama periode 12 bulan dan setiap dan setiap tinggal telah ditangani dengan layanan fenomenal dari staf yang luar biasa lapangan gambar sempurna pantai akan menjadi salah satu yang paling bersih masuk Bali pilihan makanan banyak,KOMPETITOR,Bintang 5,InterContinentalBaliResort-Bali,positive,0.9985436201095581,Service Quality,Service Quality (1.00); Facilities & Amenities (1.00); Staff Conduct & Hospitality (0.98)
amanda rooney,2025.0,5,Kita tidak bisa meminta awal bulan madu kita yang lebih baik dari memeriksa masuk dengan vinola ke kamar dan pemandangan itu adalah pengalaman fenomenal kita pasti akan kembali,KOMPETITOR,Bintang 5,InterContinentalBaliResort-Bali,positive,0.9987137317657471,Check in/out Experience,Check in/out Experience (1.00); Guest Experience (0.99); Food & Beverage (0.97)
Charlie Soto,2025.0,2,Kamar berbau lembap perlu modernisasi tinggal masuk lebih baik untuk harga mengeluh ketika saya mendapat kebocoran dari langit-langit dan dipindahkan ke kamar yang ditingkatkan yang memiliki masalah lain berhenti mengeluh masuk pihak saya juga memiliki masalah dengan kamar mereka besar resort dengan banyak fasilitas makanan baik-baik saja tapi saya hanya makan sarapan dan terjebak roti dan keju tidak bisa perut makan siang atau makan malam tidak terkesan secara keseluruhan tetapi staf yang ramah sangat sopan dan sangat membantu kolam renang dan pantai bagus dan mereka memiliki anak-anak kecil klub tidak akan datang ke sini lagi dengan pilihan dan hanya di sini karena perusahaan,KOMPETITOR,Bintang 5,InterContinentalBaliResort-Bali,negative,0.9878800511360168,Facilities & Amenities,Facilities & Amenities (1.00); Pricing & Value for Money (0.97); Staff Conduct & Hospitality (0.96)
Andrew Katers,2025.0,5,Terutama terima kasih kepada budi yang menjaga setiap kebutuhan kami dan memberikan saran untuk lebih menikmati menginap kami terima kasih kepada semua staf yang membuat perjalanan kami ke jimbaran satu untuk diingat,KOMPETITOR,Bintang 5,InterContinentalBaliResort-Bali,positive,0.9906882047653198,"Loyalty, Recommendation & Appreciation","Loyalty, Recommendation & Appreciation (1.00); Staff Conduct & Hospitality (0.99); Service Quality (0.96)"
Sarah Smith,2025.0,5,Aku cukup beruntung untuk memenangkan voucher spa di spa intercontinental dan setelah tinggal masuk bali selama enam tahun itu adalah pijat terbaik yang pernah saya lakukan terapis saya sunarti adalah fantastis dan membuat saya merasa sangat istimewa,KOMPETITOR,Bintang 5,InterContinentalBaliResort-Bali,positive,0.9984232187271118,Service Quality,Service Quality (0.96); Facilities & Amenities (0.93); Guest Experience (0.86)
Shone Sirpurkar,2025.0,5,Stafnya sopan dan ramah kamarnya tak bercacat dan makanannya luar biasa.,KOMPETITOR,Bintang 5,InterContinentalBaliResort-Bali,positive,0.9991878867149353,Service Quality,"Service Quality (1.00); Cleanliness, Hygiene & Maintenance (1.00); Staff Conduct & Hospitality (1.00)"
Roni Kedmi,2025.0,5,Aku memiliki pijat yang indah dengan Wayan Sunarsih hari ini benar-benar profesional perhatian dan santai sangat direkomendasikan dan jika aku bisa aku bahkan mungkin menikahinya,KOMPETITOR,Bintang 5,InterContinentalBaliResort-Bali,positive,0.9967713952064514,Service Quality,"Service Quality (1.00); Loyalty, Recommendation & Appreciation (0.99); Personalized & Special Services (0.98)"
Felix,2025.0,5,Taman yang luar biasa dan 6 kolam bagus staf meskipun karena itu besar itu sedikit lebih impersonal hebat malam pertama masuk bali menulis Anda kepala keluar karena itu dekat bandara pantai tidak semua yang bagus tapi kolam membuat untuk itu banyak restoran di sepanjang pantai juga melayani seafood rentang harga besar ada baik untuk anak-anak ruang ihg adalah sedikit mengecewakan biasanya ada sedikit lebih makanan seni dan patung luar biasa di sekitar lahan kolam indah juga,KOMPETITOR,Bintang 5,InterContinentalBaliResort-Bali,positive,0.9975380897521973,Facilities & Amenities,Facilities & Amenities (0.99); Service Quality (0.83); Ambience & Design (0.75)
Bev Edwards,2025.0,1,tempat ini adalah lelucon saya merasa seperti i di menara yang rusak tidak ada layanan meja satu jam untuk mendapatkan makanan yang tidak dapat dimakan kita bisa berhenti tertawa itu begitu memalukan menu jenis cemilan yang berbeda untuk orang-orang yang memiliki kupon makan malam mendorong membeli sri la atau lebih makanan membawa kita ke bar untuk menunggu meja terdaftar tapi kursi terlalu tinggi untuk naik kami tidak akan pernah merekomendasikan atau kembali,KOMPETITOR,Bintang 5,InterContinentalBaliResort-Bali,negative,0.998748779296875,Guest Experience,Guest Experience (0.98); Food & Beverage (0.98); Facilities & Amenities (0.95)
Mark Mc Guire,2025.0,5,Hotel masuk lokasi yang indah kamar-kamar yang baik ditempatkan keluar dan tempat tidur sangat nyaman memberi kita tidur malam yang hebat ada pilihan yang sangat baik sarapan item lebih dari cukup untuk menutupi selera Eropa kami juga menikmati mencoba beberapa hidangan baru dari bagian dunia ini juga ada pilihan yang besar kolam renang untuk berenang masuk dan laut adalah di ambang pintu kami kami juga mencoba keluar pijat tubuh penuh di spa dan perawatan yang sangat baik dan sangat santai salah satu hal terbaik yang saya amati adalah bagaimana jenis rendah hati dan bekerja keras staf mereka,KOMPETITOR,Bintang 5,InterContinentalBaliResort-Bali,positive,0.9993389248847961,Facilities & Amenities,Facilities & Amenities (1.00); Service Quality (0.89); Room Quality & Comfort (0.85)
Polina Fedorova,2025.0,5,Kami menikmati sarapan hari Minggu yang luar biasa dan wilayah hotelnya bagus dengan banyak kolam renang dan tempat untuk bersantai,KOMPETITOR,Bintang 5,InterContinentalBaliResort-Bali,positive,0.9984844326972961,Facilities & Amenities,Facilities & Amenities (1.00); Food & Beverage (0.98); Service Quality (0.90)
sean higgins,2025.0,5,Setelah seminggu yang tidak begitu bagus masuk villa kami check in di hotel untuk dua malam terakhir dan dengan dua anak kecil itu adalah hal terbaik kami lakukan makanan baik masuk restoran dan dua kolam untuk membuat Anda santai selesai dengan meja melihat keluar ke laut menonton matahari terbenam,KOMPETITOR,Bintang 5,InterContinentalBaliResort-Bali,positive,0.9772816896438599,Facilities & Amenities,Facilities & Amenities (1.00); Food & Beverage (1.00); Check in/out Experience (0.97)
Mohammed Maaieh,2025.0,4,Hotel bersih dan indah pantai sangat bagus dan makanan bersih sangat baik terutama sarapan hanya con banyak simbol agama di mana pun Anda pergi yang membuat kita tidak nyaman,KOMPETITOR,Bintang 5,InterContinentalBaliResort-Bali,positive,0.9635955691337585,Facilities & Amenities,"Facilities & Amenities (0.99); Cleanliness, Hygiene & Maintenance (0.97); Service Quality (0.93)"
Mfey Sigan,2025.0,4,Hotel bagus luas playanan juga baik fasilitas lengkap makanan bfast bagus es kopi nya enak kamar rumah ada rasa2 nostalgia secara keseluruhan sangat bagus staf hotel ramah,KOMPETITOR,Bintang 5,InterContinentalBaliResort-Bali,positive,0.9993784427642822,Facilities & Amenities,Facilities & Amenities (1.00); Food & Beverage (1.00); Service Quality (0.99)
Body Elite,2025.0,5,Saya dan suami saya memiliki tinggal yang luar biasa di Intercontinental Jimbarran Resort keramahan dan layanan telah luar biasa saya memiliki pengalaman yang luar biasa dengan pemotong rambut terima kasih untuk Dayu Eka untuk pekerjaan yang fantastis mencuci blow mengeringkan rambut saya sangat direkomendasikan,KOMPETITOR,Bintang 5,InterContinentalBaliResort-Bali,positive,0.9969720840454102,Facilities & Amenities,Facilities & Amenities (1.00); Staff Conduct & Hospitality (1.00); Service Quality (0.99)
Maria Tinel,2025.0,5,pengalaman luar biasa dengan layanan pribadi yang luar biasa hotel resort hanya menakjubkan dan pengalaman kelas dunia dari hangat tulus sambutan pada kedatangan saya disambut melalui lobi yang megah ke kamar saya yang hanya divine makanan yang indah piring persiapan menunggu saya dengan pesan pribadi di sebelah indah dekorasi pohon natal siap untuk kesempatan saya tidak bisa memikirkan pengalaman yang lebih baik setelah perjalanan panjang di jalan-jalan sibuk bali saya tidak bisa meminta layanan yang lebih baik dan tidak bisa menunggu untuk kembali,KOMPETITOR,Bintang 5,InterContinentalBaliResort-Bali,positive,0.8322530388832092,Facilities & Amenities,Facilities & Amenities (1.00); Guest Experience (1.00); Food & Beverage (1.00)
Benjamin Kee,2025.0,4,Resort ini sangat ramah keluarga ada banyak kegiatan untuk dilakukan bersama tanpa perlu meninggalkan hotel semuanya baik kecuali untuk 2 hal di bawah layanan kamar makan adalah 24 jam namun selama malam pertama saya mereka hanya memiliki salad tersedia masuk akhir saya harus memesan mengambil keamanan makanan di pintu masuk utama tidak mengerti bahasa inggris saya ingin buggy untuk mengambil dari pintu masuk utama ke lobi hotel tapi dia tidak mengerti apa yang saya bicarakan bahkan setelah menggunakan google terjemahan,KOMPETITOR,Bintang 5,InterContinentalBaliResort-Bali,negative,0.6576264500617981,Family & Group Friendly,Family & Group Friendly (1.00); Facilities & Amenities (0.99); Service Quality (0.86)
f molloy,2025.0,5,Hotel yang sangat baik staf yang sangat memperhatikan memberikan layanan yang luar biasa taman dengan banyak kolam renang tepat di pantai jimbaran,KOMPETITOR,Bintang 5,InterContinentalBaliResort-Bali,positive,0.9989830851554871,Facilities & Amenities,Facilities & Amenities (1.00); Service Quality (0.99); Ambience & Design (0.97)
Sara Sindi,2025.0,5,Kami makan malam di sunset lounge makanan luar biasa vibes dan musik dan ada layanan benar-benar luar biasa staf sangat baik membantu dan ramah terutama Mr Indra dan Nona Santi pasti layak untuk dikunjungi,KOMPETITOR,Bintang 5,InterContinentalBaliResort-Bali,positive,0.9990772008895874,Staff Conduct & Hospitality,Staff Conduct & Hospitality (0.99); Service Quality (0.99); Guest Experience (0.99)
John Paul,2025.0,5,Ini adalah kunjungan kedua saya di hotel dan itu bahkan lebih ajaib kali ini sekitar karena itu adalah bulan madu saya dan tempat yang tepat di mana saya pertama kali bertemu istri saya staf adalah luar biasa dan benar-benar kredit untuk resor menakjubkan ini saya sepenuh hati merekomendasikan hotel ini dan berharap untuk kembali masuk di masa depan,KOMPETITOR,Bintang 5,InterContinentalBaliResort-Bali,positive,0.9937885403633118,"Loyalty, Recommendation & Appreciation","Loyalty, Recommendation & Appreciation (1.00); Facilities & Amenities (1.00); Service Quality (0.99)"
Aidil Ahmad,2025.0,5,Semua makanan baik juga layanan yang baik adalah pelayan yang sangat baik sinta sukra adalah perhatian dan memberikan layanan terbaik siapa pun bisa meminta pasti akan makan di sini lagi,KOMPETITOR,Bintang 5,InterContinentalBaliResort-Bali,positive,0.9987481832504272,Service Quality,Service Quality (1.00); Service Efficiency & Responsiveness (1.00); Staff Conduct & Hospitality (1.00)
Bianca Molineux,2025.0,5,pengalaman luar biasa sangat bijaksana tentang alergi saya dengan minyak jasmin pasti akan datang lagi,KOMPETITOR,Bintang 5,InterContinentalBaliResort-Bali,positive,0.9968420267105103,Guest Experience,Guest Experience (0.82); Check in/out Experience (0.71); Cultural & Heritage Experience (0.59)
Selli Any,2025.0,5,tempat nyaman dingin pelayan nya ramah baik makanannya enak lokasinya strategis semoga bisa kesini lagi,KOMPETITOR,Bintang 5,InterContinentalBaliResort-Bali,positive,0.999152660369873,Facilities & Amenities,Facilities & Amenities (0.99); Service Quality (0.99); Staff Conduct & Hospitality (0.98)
Данил Хакимов,2025.0,5,Aku sangat menyukai pijat dari Wisri dia adalah seorang master pekerjaannya dan sangat profesional juga dia adalah orang yang positif,KOMPETITOR,Bintang 5,InterContinentalBaliResort-Bali,positive,0.998931348323822,Service Quality,"Service Quality (0.99); Loyalty, Recommendation & Appreciation (0.96); Religious & Halal Features (0.94)"
Nikhil Sadhwani,2024.0,4,kami tinggal di sini untuk pernikahan keluarga selama seminggu hotel ini terletak cukup dekat dengan bandara hanya sekitar 15 20 menit perjalanan resor ini luas dengan 6 blok kamar dan berbagai macam restoran sayap ruang dansa yang luas cukup baru dan dapat benar-benar melayani untuk setiap jenis fungsi atau acara,KOMPETITOR,Bintang 5,InterContinentalBaliResort-Bali,positive,0.9990772008895874,Facilities & Amenities,Facilities & Amenities (0.99); Family & Group Friendly (0.92); Service Efficiency & Responsiveness (0.90)
Kiran Wright,2025.0,5,pergi ke spa dan memiliki pijat yang luar biasa sagung sangat ramah dan membantu sepanjang pengalaman,KOMPETITOR,Bintang 5,InterContinentalBaliResort-Bali,positive,0.9964877367019653,Facilities & Amenities,Facilities & Amenities (0.99); Service Quality (0.98); Guest Experience (0.97)
Tariq Alhammadi,2025.0,5,Hotel yang luar biasa langsung ke kamar pantai sangat nyaman dan restoran sangat baik,KOMPETITOR,Bintang 5,InterContinentalBaliResort-Bali,positive,0.9990047812461853,Facilities & Amenities,Facilities & Amenities (0.99); Room Quality & Comfort (0.97); Service Quality (0.96)
David H. W.,2025.0,5,Hotel tempatnya bagus dan pelayanan sungguh super baik kamar bersih balkon bersih fasilitas baik makanan enak view super cinta akan datang lagi untuk tinggal lebih lama juat catatan kecil toilet di kolam pria harus sering di membersihkan,KOMPETITOR,Bintang 5,InterContinentalBaliResort-Bali,positive,0.9986957907676697,Facilities & Amenities,"Facilities & Amenities (1.00); Cleanliness, Hygiene & Maintenance (1.00); Service Quality (1.00)"
Emma Al,2025.0,5,Mereka memiliki salon dan spa terbaik juga dengan staf luar biasa terutama Miss Dayo dan Narti sangat puas,KOMPETITOR,Bintang 5,InterContinentalBaliResort-Bali,positive,0.9990922212600708,Facilities & Amenities,"Facilities & Amenities (1.00); Service Quality (0.99); Loyalty, Recommendation & Appreciation (0.89)"
Mary Godwin,2025.0,5,memiliki ritual warisan kerajaan yang luar biasa dengan astini pasti akan merekomendasikan sepenuhnya santai,KOMPETITOR,Bintang 5,InterContinentalBaliResort-Bali,positive,0.9985106587409973,Cultural & Heritage Experience,"Cultural & Heritage Experience (0.91); Loyalty, Recommendation & Appreciation (0.75); Religious & Halal Features (0.10)"
Benny Sutanto,2025.0,2,Hotel tua kamarnya bau busuk dan tua plug masuk kamar tidak bekerja tapi teknisi membantu untuk memperbaikinya wifi terbuka gratis tapi berhati-hati dengan pelanggaran data karena teman saya telepon digubris dia kehilangan wa air keran air laut kuning pasir terutama masuk mandi mandi mandi memiliki banyak pilihan tapi rasa tidak begitu lezat untuk kelas antar benua,KOMPETITOR,Bintang 5,InterContinentalBaliResort-Bali,negative,0.9965468049049377,Facilities & Amenities,Facilities & Amenities (0.99); Service Quality (0.90); Guest Experience (0.88)
Dian Indrawan,2025.0,5,Salah satu hotel di bali yang terbaik terima kasih untuk pelayanannya,KOMPETITOR,Bintang 5,InterContinentalBaliResort-Bali,positive,0.9985480904579163,Service Quality,Service Quality (1.00); Guest Experience (0.96); Service Efficiency & Responsiveness (0.83)
Anthony Sulistiadi,2025.0,3,Kamar 6311 memiliki bau basah yang aneh bau seperti kayu basah atau sesuatu seperti itu itu cukup tidak menyenangkan,KOMPETITOR,Bintang 5,InterContinentalBaliResort-Bali,negative,0.9974719882011414,Guest Experience,Guest Experience (0.76); Facilities & Amenities (0.55); Booking & Reservation Experience (0.52)
Jill Kasapis,2025.0,5,taman gita untuk sarapan semua yang Anda inginkan untuk koki adalah luar biasa kunjungan ketiga kami di sini dan menjadi lebih baik setiap kali begitu banyak senyum asli dari staf menyambut kami kembali merasa seperti rumah dua tempat favorit kami taman gita dan matahari terbenam bar layanan luar biasa dari orang-orang favorit kami lapangan kolam renang kamar tidak ada yang mengeluh tentang itu indah,KOMPETITOR,Bintang 5,InterContinentalBaliResort-Bali,positive,0.9988484382629395,Guest Experience,Guest Experience (1.00); Facilities & Amenities (1.00); Staff Conduct & Hospitality (1.00)
Chad Stokes,2025.0,5,Tempat yang bagus untuk menginap kamar luar biasa sangat bersih layanan telah luar biasa maskapai kehilangan tas kami dan hotel mengambilnya sendiri untuk membantu kami melacak mereka itu mengambil tiga hari tapi kami mendapatkan mereka,KOMPETITOR,Bintang 5,InterContinentalBaliResort-Bali,positive,0.9826653003692627,Service Quality,"Service Quality (0.99); Facilities & Amenities (0.99); Cleanliness, Hygiene & Maintenance (0.98)"
Nico Christian Sunaryo,2025.0,5,Pertama kali datang ke sini pengalaman luar biasa akan senang untuk datang ke sini lagi suatu hari masuk masa depan teruskan pekerjaan yang baik,KOMPETITOR,Bintang 5,InterContinentalBaliResort-Bali,positive,0.992659866809845,Check in/out Experience,Check in/out Experience (0.91); Guest Experience (0.86); Service Quality (0.62)
John Mulley,2025.0,5,Pengalaman 5 bintang yang pasti makanan dan minuman berkualitas dan staf luar biasa banyak tempat tidur,KOMPETITOR,Bintang 5,InterContinentalBaliResort-Bali,positive,0.9933920502662659,Service Quality,Service Quality (1.00); Food & Beverage (0.99); Room Quality & Comfort (0.99)
Juan A,2025.0,5,Saya mencoba restoran di pantai dan itu luar biasa. Vibe sangat mewah dan elegan. Musik live yang bagus. Tapi para musisi tampaknya bermain tanpa gairah. Terutama pemain sax yang saya lihat menggulir di ponselnya banyak saat tampil.,KOMPETITOR,Bintang 5,InterContinentalBaliResort-Bali,negative,0.9122746586799622,Ambience & Design,Ambience & Design (0.92); Facilities & Amenities (0.82); Service Quality (0.59)
jeremias bintang,2025.0,5,Suka banget sama view pantainya matahari terbenam di sini bikin hati ademm coba deh klo tidak percaya,KOMPETITOR,Bintang 5,InterContinentalBaliResort-Bali,positive,0.9993242025375366,Family & Group Friendly,Family & Group Friendly (0.87); Cultural & Heritage Experience (0.85); Sustainability & Environmental Quality (0.70)
fed Tian,2025.0,3,Kamar kebersihan perlu diperbaiki melihat live kecoa masuk kamar mandi masuk tengah malam menakutkan saya selain itu baik,KOMPETITOR,Bintang 5,InterContinentalBaliResort-Bali,negative,0.9742359519004822,Facilities & Amenities,"Facilities & Amenities (0.97); Cleanliness, Hygiene & Maintenance (0.96); Service Quality (0.65)"
Fichoo Messi,2025.0,3,Tolong Arahkan Keamanan agar beretika baik dan cara berbicara tidak kasar terhadap sopir yang sedang mengantar tamu tangal 23 Agustus 2025,KOMPETITOR,Bintang 5,InterContinentalBaliResort-Bali,neutral,0.8439071774482727,Safety & Security,Safety & Security (0.99); Service Quality (0.97); Staff Conduct & Hospitality (0.97)
Aswin Agastya,2025.0,5,kamar yang luas dengan berjalan masuk lemari dan kamar mandi hotel area sangat besar jadi jika Anda tidak ingin berjalan banyak permintaan kamar dekat ke taman pusat di luar lobi utama taman ada sekelompok kolam renang yang sangat bagus dan di luar itu akses langsung ke pantai umum hotel tidak dapat memiliki pantai swasta karena peraturan lokal tetapi ini sepi bagaimanapun karena itu s lokasi makanan adalah baik banyak ruang terbuka untuk bersantai dan menikmati angin staf sangat ramah tidak dapat mengomentari nilai sejak saya berada di acara perusahaan dan oh toilet umum telah hangat kursi super nice,KOMPETITOR,Bintang 5,InterContinentalBaliResort-Bali,positive,0.9991216063499451,Facilities & Amenities,Facilities & Amenities (0.95); Service Quality (0.66); Service Efficiency & Responsiveness (0.65)
Annissa Murad Music,2025.0,5,Dayu Eka melakukan gel pada kuku saya dan dia melakukan pekerjaan yang sangat baik layanan luar biasa dan Dayu Eka adalah yang paling indah mendapatkan kuku Anda dilakukan oleh dia,KOMPETITOR,Bintang 5,InterContinentalBaliResort-Bali,positive,0.9987265467643738,Service Quality,Service Quality (1.00); Facilities & Amenities (1.00); Guest Experience (0.98)
Hirono Eddy,2025.0,5,melakukan perawatan wajah di spa mereka dan sangat terkesan terapis dewa ayu adalah sopan dan profesional pengalaman besar super santai,KOMPETITOR,Bintang 5,InterContinentalBaliResort-Bali,positive,0.9979251623153687,Service Quality,"Service Quality (1.00); Cleanliness, Hygiene & Maintenance (0.99); Staff Conduct & Hospitality (0.97)"
Dylan Mahtani,2025.0,5,Pak wawan dan Pak joko hebat mereka sangat merawat kami dan villa saya pasti akan merekomendasikan,KOMPETITOR,Bintang 5,InterContinentalBaliResort-Bali,positive,0.9990757703781128,Guest Experience,Guest Experience (1.00); Facilities & Amenities (1.00); Staff Conduct & Hospitality (0.99)
Terry Danuser,2023.0,5,properti ini memiliki segalanya lebih kolam renang daripada Anda dapat menghitung kamar menakjubkan menyapu pemandangan staf bintang dan saya suka setiap menit di sini setiap anggota tim di sini menyapa Anda dengan senyuman itu cukup luar biasa bagaimana di atas dan di luar semua orang pergi untuk membuat saya merasa selamat datang kamar saya besar dan indah cinta detail desain berbicara tentang mereka ada begitu banyak elemen desain yang bijaksana di mana pun Anda melihat masuk resort luas ini makanan yang sangat baik memiliki hampir setiap makan di sini dan mereka semua lezat sarapan buffet adalah sebagai besar dan beragam seperti setiap i pernah memiliki lokasi baik-baik saja meskipun tidak salah hotel,KOMPETITOR,Bintang 5,InterContinentalBaliResort-Bali,positive,0.9994181394577026,Facilities & Amenities,Facilities & Amenities (1.00); Guest Experience (0.99); Ambience & Design (0.94)
Mohsin Syed,2024.0,5,Saya sangat menikmati perjalanan saya ke Bali dan resor antar benua benar-benar melampaui harapan saya pemandangan pantai dari resor itu menakjubkan disertai dengan berbagai pilihan kolam renang staf yang luar biasa dan makanan lezat lebih meningkatkan pengalaman kamar itu sempurna dan layanan kamar harian memastikan akomodasi kami selalu rapi tanpa ragu saya berencana untuk tinggal di sana lagi pada kunjungan saya berikutnya,KOMPETITOR,Bintang 5,InterContinentalBaliResort-Bali,positive,0.9992969036102295,Facilities & Amenities,Facilities & Amenities (1.00); Service Quality (0.99); Service Efficiency & Responsiveness (0.98)
Ferry Nurdiansyah,2025.0,5,mengingat hotel sudah tua kamar nya terlihat agak tua dan gaya lama,KOMPETITOR,Bintang 5,InterContinentalBaliResort-Bali,negative,0.9751061201095581,Ambience & Design,Ambience & Design (0.87); Facilities & Amenities (0.81); Sustainability & Environmental Quality (0.81)
Deborah Jarecki,2025.0,5,Kami mengunjungi teman-teman yang tinggal di sini dari Selandia Baru Hotel menakjubkan dengan restoran yang sangat baik kolam renang dan fasilitas mereka diberikan upgrade ke suite mungkin karena mereka adalah keluarga besar dan itu spektakuler terutama mandi,KOMPETITOR,Bintang 5,InterContinentalBaliResort-Bali,positive,0.9989970326423645,Facilities & Amenities,Facilities & Amenities (1.00); Family & Group Friendly (0.99); Food & Beverage (0.99)
Johan Kurniawan,2025.0,5,Hhmm hanya bisa mengatakan tempat yang baik getaran yang baik kamar yang baik rasa sarapan yang baik,KOMPETITOR,Bintang 5,InterContinentalBaliResort-Bali,positive,0.9094125628471375,Guest Experience,Guest Experience (0.98); Room Quality & Comfort (0.98); Facilities & Amenities (0.98)
Nur Fietra,2025.0,5,sangat memuaskan kamarnya jadi homy nyaman saat untuk santai dan bekerja menikmati pemandangan pantai sambil minum kopi menjelang senja memberikan pengalaman yang tak terlupakan,KOMPETITOR,Bintang 5,InterContinentalBaliResort-Bali,positive,0.9992079138755798,Facilities & Amenities,Facilities & Amenities (1.00); Room Quality & Comfort (1.00); Guest Experience (0.99)
hairin,2025.0,5,pelayanan sangat ramah bersih sarapan lengkap dekat pantai sangat luas nyaman ruang konferensi luas disekitar hotel banyak kuliner,KOMPETITOR,Bintang 5,InterContinentalBaliResort-Bali,positive,0.9995322227478027,Service Quality,"Service Quality (1.00); Facilities & Amenities (0.99); Cleanliness, Hygiene & Maintenance (0.99)"
s staya,2025.0,2,Kamarnya beraneka warna. AC menyebabkan masalah kelembaban yang parah.,KOMPETITOR,Bintang 5,InterContinentalBaliResort-Bali,negative,0.9622493386268616,Facilities & Amenities,Facilities & Amenities (0.84); Ambience & Design (0.60); Room Quality & Comfort (0.43)
M,2025.0,2,Tidak apa-apa untuk apa yang Anda bayar Anda tidak mendapatkan banyak perhatian untuk detail yang Anda harapkan dari jenis ini dari lembaga saya merasa bahwa hal-hal yang hanya harus terjadi masuk sebuah hotel Anda harus meminta seperti kamar bersih setiap hari tidak Anda harus meminta dengan menekan tombol dan jika Anda lupa tidak ada kamar bersih atau pengisian air botol yang cukup atau gelas minum bersih mini bar top up menghapus masuk kamar makan Anda memiliki laundry dikirimkan ketika mereka mengatakan itu harus mengikuti beberapa kali hal lain seperti sarapan begitu sibuk setiap pagi mereka tidak bisa mengelola permintaan,KOMPETITOR,Bintang 5,InterContinentalBaliResort-Bali,negative,0.7704029679298401,Facilities & Amenities,"Facilities & Amenities (0.99); Cleanliness, Hygiene & Maintenance (0.98); Service Quality (0.98)"
Muhammad,2025.0,5,Tempat yang sangat tenang dan bersih area besar untuk menghabiskan seluruh hari Anda tinggal di sini Anda tidak perlu pergi ke luar untuk kegiatan lain makanan sangat lezat mereka memiliki restoran terpisah untuk makanan yang berbeda restoran Italia makanan laut indonesia makanan Jepang dll itu membutuhkan waktu 15 sampai 20 menit untuk bandara masuk lalu lintas normal taman sangat bagus untuk berjalan di bawah bayangan kolam renang cukup luas di samping restoran sehingga Anda dapat memesan makanan atau minuman,KOMPETITOR,Bintang 5,InterContinentalBaliResort-Bali,positive,0.9994494318962097,Facilities & Amenities,"Facilities & Amenities (0.99); Cleanliness, Hygiene & Maintenance (0.95); Family & Group Friendly (0.92)"
Alexandria Alp,2025.0,5,Dayu Eka melakukan pekerjaan yang luar biasa baik di blow dry dan pedicure pengalaman yang sangat menyenangkan,KOMPETITOR,Bintang 5,InterContinentalBaliResort-Bali,positive,0.9982447624206543,Service Quality,Service Quality (0.98); Facilities & Amenities (0.96); Service Efficiency & Responsiveness (0.96)
Joshua Loh,2023.0,5,perjalanan luar negeri pertama kami setelah 2 tahun dan Bali antar benua tidak mengecewakan kesenangan resor dan keramahan yang mudah dan penuh kasih sayang staf melakukan keajaiban untuk rejuvenasi kami ini adalah kali kedua kami tinggal di resor dan jika ada yang kami menikmati bahkan lebih besar babak ini layanan menakjubkan dari saat kami tiba untuk dimanjakan selama layanan makan dan sampai titik kami memeriksa keluar setiap detail kecil dikirimkan dengan senyum hangat dan keramahan yang tulus teriakan khusus keluar untuk deva yang menjaga kita begitu besar saat kami bersantai di kolam untuk memastikan bahwa,KOMPETITOR,Bintang 5,InterContinentalBaliResort-Bali,positive,0.9985104203224182,Facilities & Amenities,Facilities & Amenities (1.00); Staff Conduct & Hospitality (1.00); Guest Experience (1.00)
Thomas,2023.0,4,menginap dua malam di resor indah besar resor dengan makanan pantai bersih yang indah di restoran-restoran yang baik layanan di restoran Italia luar biasa berkat pelayan kami Andi tapi harga sedikit terlalu tinggi di restoran meskipun itu adalah 5 bintang resor pasta lobster untuk 40 masuk Bali kamar di mana besar dan nyaman tapi sedikit lembap dan lemes juga bantal ketika aircon itu adalah sedikit lebih baik secara keseluruhan tinggal yang baik dengan staf luar biasa di seluruh hotel dan kita akan kembali tetapi masuk kamar lain yang lebih kering,KOMPETITOR,Bintang 5,InterContinentalBaliResort-Bali,positive,0.9977734684944153,Facilities & Amenities,Facilities & Amenities (0.99); Service Quality (0.99); Family & Group Friendly (0.95)
Steve Han,2025.0,5,Kamar tamu cenderung berkerumun tapi semuanya indah,KOMPETITOR,Bintang 5,InterContinentalBaliResort-Bali,positive,0.9557531476020813,Guest Experience,Guest Experience (0.99); Facilities & Amenities (0.98); Ambience & Design (0.89)
Alogo Napitupulu,2023.0,5,Intercontinental Bali Resort masuk jimbaran pantai luar biasa i m speechless Anda akan merasa sangat santai dan begitu damai saya pikir itu adalah salah satu taman terbaik yang pernah saya lihat kamar begitu indah bersih dan luas tempat tidur nyaman saya suka kamar mandi sangat sarapan luar biasa mereka memasak semuanya dengan benar itu adalah satu jenis hotel yang membuat Anda ingin kembali lagi dan saya pasti akan kembali,KOMPETITOR,Bintang 5,InterContinentalBaliResort-Bali,positive,0.9991626739501953,Facilities & Amenities,Facilities & Amenities (1.00); Room Quality & Comfort (1.00); Guest Experience (1.00)
Theo Tedjasasmita,2022.0,5,Kami telah ditingkatkan untuk gratis pantai kamar mewah sepeda gratis untuk perjalanan di sekitar kompleks hotel kami tinggal di sini selama empat malam dan jujur saya akan mengatakan bagian terbaik adalah kolam renang mereka karena ada lebih dari satu dan akses ke pantai jimbaran juga pondok istirahat di sebelah kolam renang adalah menakjubkan Anda benar-benar bisa merasakan angin laut dan suara gelombang adalah sesuatu o menemukan sangat menghibur banyak hal untuk menikmati dan kualitas dijamin meskipun ketika kami mengunjungi hotel sedang menjalankan renovasi kecil,KOMPETITOR,Bintang 5,InterContinentalBaliResort-Bali,positive,0.9992802739143372,Facilities & Amenities,Facilities & Amenities (1.00); Guest Experience (0.94); Service Quality (0.92)
Bhu Bains,2024.0,5,kamar besar yang indah dengan AC yang lezat kamar tidur nyaman dan TV yang makanan chrome cast bagus untuk resort makanan banyak pantai restos pantai dekatnya benar-benar indah gelombang tamer daripada tempat lain jadi besar untuk bersantai banyak payung dan kursi pantai untuk beristirahat di cinta dekorasi kolam renang dan ikan koi di sekitar,KOMPETITOR,Bintang 5,InterContinentalBaliResort-Bali,positive,0.9994388222694397,Facilities & Amenities,Facilities & Amenities (0.99); Family & Group Friendly (0.95); Room Quality & Comfort (0.93)
David Smith,2024.0,5,Hotel mewah harus menjadi semua orang melayani di sini bahkan pilihan kolam renang tempat yang indah untuk menonton matahari terbenam setiap malam itu memiliki beberapa restoran semua sangat baik lapangan adalah tempat damai dan harmoni tip Anda akan membutuhkan kantong besar dalam untuk mengalami tempat ini,KOMPETITOR,Bintang 5,InterContinentalBaliResort-Bali,positive,0.9993929862976074,Facilities & Amenities,Facilities & Amenities (0.99); Family & Group Friendly (0.99); Service Quality (0.95)
Jordan Williams,2023.0,4,Hotel ini indah lapangan benar-benar cukup menakjubkan dan hotel memiliki tradisi bali yang hebat merasa saya bisa mengambil sedikit upgrade renovasi ke kamar membutuhkan bantal baru dan tempat tidur tidak yang paling nyaman dari tempat tidur hotel tapi itu masih sangat bagus dan Anda merasa seperti Anda masuk bali pasti banyak untuk melihat di sekitar resor ini dan perjalanan cepat dari bandara kami juga terhubung dengan sopir fabulous yang bekerja untuk resor,KOMPETITOR,Bintang 5,InterContinentalBaliResort-Bali,positive,0.9994088411331177,Facilities & Amenities,Facilities & Amenities (0.99); Service Quality (0.97); Service Efficiency & Responsiveness (0.95)
Silvia Permadi,2022.0,5,Saya sangat mencintai resor ini terutama kolam renang yang menghadap pantai dengan pemandangan matahari terbenam terbaik pantai bar adalah bar terbaik dengan pilihan terbaik margaritas tidak bisa puas lebih saya telah mengalami untuk tinggal dengan keluarga masuk banyak hotel resor masuk bali tapi resor ini adalah di luar kesempurnaan suasana layanan sangat berkesan membuat kami ingin kembali selalu terima kasih untuk selalu membuat kita tinggal sempurna,KOMPETITOR,Bintang 5,InterContinentalBaliResort-Bali,positive,0.9991686344146729,Service Quality,Service Quality (1.00); Facilities & Amenities (0.98); Guest Experience (0.97)
Komang Swesen,2025.0,5,Aku suka tekstur steak dan saus saya enak tentu saja staf juga sangat baik saya tidak akan pernah lupa pemandangan pemandangan hijau dan kolam ikan besar pro indah pemandangan pantai depan resort kolam renang restoran untuk kesempatan khusus pilihan sarapan kaya mereka mendapat beberapa kolam renang komunal bersih dan terorganisir dengan baik layanan pelanggan yang luar biasa kualitas hanya beberapa menit ke bandara kons tidak persis masalah mereka tetapi lalu lintas masuk daerah ini sebagian besar lambat pasti direkomendasikan,KOMPETITOR,Bintang 5,InterContinentalBaliResort-Bali,positive,0.9979186654090881,Service Quality,Service Quality (1.00); Facilities & Amenities (1.00); Guest Experience (0.98)
toejetz13,2025.0,5,Hotel besar dan indah dengan layanan yang luar biasa dan staf yang luar biasa minuman dan makanan yang baik,KOMPETITOR,Bintang 5,InterContinentalBaliResort-Bali,positive,0.9943483471870422,Facilities & Amenities,Facilities & Amenities (1.00); Service Quality (1.00); Food & Beverage (1.00)
Hadyn Douglas,2025.0,5,Selain sedikit tanggal dan penuaan itu luar biasa layanan dan makanan yang luar biasa seperti kegiatan dan staf sangat merekomendasikan,KOMPETITOR,Bintang 5,InterContinentalBaliResort-Bali,positive,0.9978669881820679,Facilities & Amenities,"Facilities & Amenities (1.00); Loyalty, Recommendation & Appreciation (1.00); Service Quality (0.98)"
Pazzo Dps,2025.0,5,Kamar mezzanine memiliki 2 kamar mandi lokasi yang baik hotel memiliki pantai yang bagus dekat bandara,KOMPETITOR,Bintang 5,InterContinentalBaliResort-Bali,positive,0.998822033405304,Facilities & Amenities,"Facilities & Amenities (0.98); Cleanliness, Hygiene & Maintenance (0.86); Service Quality (0.84)"
Karissa Delicia,2022.0,5,fasilitas hotel begitu banyak sehingga itu adalah pilihan yang baik untuk liburan keluarga itu begitu luas juga bahwa kita merasa nyaman dengan tinggal di sana lipat itu baik kami memesan beberapa kali untuk layanan kamar dan rasa makanan yang tidak terduga rasa namun satu poin minus adalah karena renovasi mereka lakukan yang menyebabkan sedikit suara dan banyak debu terbang di sekitar tapi secara keseluruhan itu adalah pengalaman yang sangat baik,KOMPETITOR,Bintang 5,InterContinentalBaliResort-Bali,positive,0.9961957931518555,Facilities & Amenities,Facilities & Amenities (1.00); Guest Experience (0.96); Family & Group Friendly (0.96)
Natalia Tapia,2023.0,4,resort ini adalah kemewahan murni jika Anda mencari melarikan diri romantis dengan orang yang Anda cintai atau hanya ingin memiliki beberapa waktu nyata masuk alam menakjubkan dengan layanan yang luar biasa maka ini adalah resort untuk Anda intercontinental luar biasa makanan di semua restoran di situs ini tanpa kesalahan dan begitu segar harga cukup tinggi dan kamar hotel adalah sedikit masuk membutuhkan dehumidifiers karena cuaca berlemak tetapi itu adalah bagian kecil dari apa yang luar biasa keseluruhan pengalaman buku itu Anda tidak akan kecewa,KOMPETITOR,Bintang 5,InterContinentalBaliResort-Bali,positive,0.9985013008117676,Facilities & Amenities,Facilities & Amenities (1.00); Service Quality (0.99); Pricing & Value for Money (0.97)
D & D Channel,2026.0,1,Pelayanannya buruk terutama keamanan mentang2 memakai baju biasa mau masuk ditanyain kayak palsu padahal ya nginap disana apa orang itu di ukurannya tidak akan lagi mau nginep disana sikap nol,KOMPETITOR,Bintang 5,InterContinentalBaliResort-Bali,negative,0.9994853734970093,Safety & Security,Safety & Security (0.99); Guest Experience (0.95); Check in/out Experience (0.86)
DWI ANDI LISTIAWAN,2025.0,1,manajemen meja di restoran taman gita saat akhir pekan buruk sekali karena rame banget kami keluarga ber 6 dikasih meja buat ber 4 saja minta 4 2 awalnya boleh jadi tidak boleh,KOMPETITOR,Bintang 5,InterContinentalBaliResort-Bali,negative,0.9965811371803284,Food & Beverage,Food & Beverage (0.68); Facilities & Amenities (0.60); Guest Experience (0.59)
Satrio AS,2025.0,1,pada tgl 29 juni 2024 saya ketika datang ke sini naik motor sebagai tamu disuruh masuk lewat pintu karyawan dan disuruh tukar kartu id padahal saya diundang keluarga saya untuk makan malam disini mau ke toilet di lobi kurang tanda hanya ada tanda keris dan kipas ketika ada koki lewat dan saya bertanya apakah ini toilet dia menjawab iyaa tapi ini toilet buat tamu mengapa saya tidak dihargai dan tidak dianggap tamu di sini apakah dilihat sebagai orang miskin dan tidak mampu di hari kedua kejadian masih sama masuk pintu utama tapi diarahkan ke pintu masuk karyawan dan tetap disuruh tukar kartu id padahal keamanan saya sudah menyebut kamar 4318 ketika saya sedang menunggu,KOMPETITOR,Bintang 5,InterContinentalBaliResort-Bali,negative,0.9982085227966309,Guest Experience,Guest Experience (0.94); Check in/out Experience (0.91); Pricing & Value for Money (0.66)
Sniper Sniper,2022.0,1,Saya adalah anggota spire elite ihg tier tertinggi keanggotaan ihg di mana baru kali ini saya mendapatkan perawatan terburuk dari semua kelompok ihg yang pernah saya kunjungi saya reservasi menggunakan redeem point reward malam ihg selama 2 malam tertulis jelas dalam web ihg bahwa keanggotaan manfaat yang kami dapatkan salah satunya prioritas cek masuk pertama cek masuk proses hingga lebih dari 2 jam datang pukul 3:30 sore baru bisa masuk ke kamar sekitar pukul 6 sore bangun setelah menunggu hampir 1 jam kami diberikan kamar view bagus tapi penuh debu info dari concierge karena apakah kamar sudah lama tidak dihuni pantas kamar yang bau debu debu,KOMPETITOR,Bintang 5,InterContinentalBaliResort-Bali,negative,0.9199119210243225,Check in/out Experience,Check in/out Experience (0.95); Service Quality (0.94); Booking & Reservation Experience (0.93)
Agung Prasetio,2024.0,1,Sepulang dari berenang kamar sudah dibersihkan tapi istri saya terkena pecahan kaca di dekat meja kecil kami tidak memecahkan apapun di sini jadi aneh jika ada pecahan kaca sekecil itu terkena tumit refleks baru dibersihkan dengan kecewa ke kaki depan ternyata berdarah sudah menghubungi pihak hotel dan datang petugas untuk vakum area tersebut pecahan kaca dibawa petugas tsb untung tidak terkena anak2 saya,KOMPETITOR,Bintang 5,InterContinentalBaliResort-Bali,negative,0.9920772910118103,Guest Experience,Guest Experience (0.61); Service Quality (0.57); Facilities & Amenities (0.53)
Iqbal Fayruz,2025.0,1,keamanan yang bernama dino melemparkan id ke tanah,KOMPETITOR,Bintang 5,InterContinentalBaliResort-Bali,neutral,0.9978255033493042,Safety & Security,Safety & Security (0.97); Check in/out Experience (0.44); Religious & Halal Features (0.38)
Anjelia Triretta G. Viryadie,2023.0,1,hotel ini sangat sulit untuk meminta tandatangan dan stempel hotel untuk administrasi tamu luar negeri dilayani cepat tamu lokal bisa 3 4 jam baru dilayani itu bukan tempat yang baik untuk memiliki pertemuan besar,KOMPETITOR,Bintang 5,InterContinentalBaliResort-Bali,negative,0.9846738576889038,Guest Experience,Guest Experience (0.75); Facilities & Amenities (0.63); Management & Policy Issues (0.48)
Agency TWWT BUSS ALLIANZ Wiyanti tiang,2021.0,1,cek masuk belum siap saat saya mau cek masuk dan meminta saya urus sendiri proses dibatalkan setelah saya lebih tegas komplain baru diminta untuk menunggu rumah menjaganya membersihkan kamar,KOMPETITOR,Bintang 5,InterContinentalBaliResort-Bali,negative,0.9344994425773621,"Cleanliness, Hygiene & Maintenance","Cleanliness, Hygiene & Maintenance (0.81); Complaint Handling & Service Recovery (0.75); Guest Experience (0.67)"
ata ta,2024.0,1,nganter makanan saja tidak boleh bawa motor ke lobi mana lumayan parkirannya kondisi hujan juga,KOMPETITOR,Bintang 5,InterContinentalBaliResort-Bali,positive,0.9848163723945618,"Location, Accessibility & Parking","Location, Accessibility & Parking (0.95); Sustainability & Environmental Quality (0.79); Food & Beverage (0.79)"
Putu,2023.0,1,Saya sudah melaporkan di satpam sebelah dibilang nyelonong,KOMPETITOR,Bintang 5,InterContinentalBaliResort-Bali,negative,0.9940862655639648,Pricing & Value for Money,Pricing & Value for Money (0.47); Check in/out Experience (0.47); Management & Policy Issues (0.43)
saenhhead indonesia,2019.0,1,Pelayanan keamanan hotel sangat tidak baik,KOMPETITOR,Bintang 5,InterContinentalBaliResort-Bali,negative,0.9992839694023132,Safety & Security,Safety & Security (0.97); Guest Experience (0.95); Management & Policy Issues (0.90)
Envious 13,2020.0,1,Satpam gk ramah nanya malah dihusir,KOMPETITOR,Bintang 5,InterContinentalBaliResort-Bali,negative,0.9993313550949097,Safety & Security,Safety & Security (0.48); Management & Policy Issues (0.42); Service Quality (0.40)
Alfin Jorgen,2019.0,1,pantai yang indah untuk liburan menunggu matahari terbenam,KOMPETITOR,Bintang 5,InterContinentalBaliResort-Bali,positive,0.9946858882904053,Facilities & Amenities,Facilities & Amenities (0.84); Cultural & Heritage Experience (0.78); Family & Group Friendly (0.75)
Umbumarson,2023.0,1,bagus,KOMPETITOR,Bintang 5,InterContinentalBaliResort-Bali,positive,0.9980998635292053,"Cleanliness, Hygiene & Maintenance","Cleanliness, Hygiene & Maintenance (0.91); Facilities & Amenities (0.89); Sustainability & Environmental Quality (0.82)"
Sang Ayu Isyana,2023.0,1,Satpamnya Songong,KOMPETITOR,Bintang 5,InterContinentalBaliResort-Bali,positive,0.5128577351570129,Facilities & Amenities,Facilities & Amenities (0.97); Safety & Security (0.95); Service Quality (0.88)
Ketut Suryana,2018.0,1,sangat indah bagus,KOMPETITOR,Bintang 5,InterContinentalBaliResort-Bali,positive,0.9970601201057434,Facilities & Amenities,"Facilities & Amenities (0.85); Cleanliness, Hygiene & Maintenance (0.83); Sustainability & Environmental Quality (0.82)"
sena sakti,2018.0,1,suasana romantis,KOMPETITOR,Bintang 5,InterContinentalBaliResort-Bali,positive,0.9990705847740173,"Cleanliness, Hygiene & Maintenance","Cleanliness, Hygiene & Maintenance (0.92); Loyalty, Recommendation & Appreciation (0.82); Room Quality & Comfort (0.80)"
Untung Wijaya,2026.0,1,tiga mil rusak,KOMPETITOR,Bintang 5,InterContinentalBaliResort-Bali,negative,0.6813297271728516,Sustainability & Environmental Quality,Sustainability & Environmental Quality (0.64); Pricing & Value for Money (0.54); Facilities & Amenities (0.53)
최대한,2025.0,1,kamar yang pertama kali saya tempati berbau apek lantainya sangat lembap hingga udara menggenang dan selimutnya juga lembap bak mandinya kurang dibersihkan meninggalkan rambut kita dan karat di bak mandi setelah pindah ke kamar lain kondisi kamarnya lebih baik dari sebelumnya tetapi pancurannya berbau menyengat seperti kentut mungkin karena masalah pipa ledeng selain itu bantalnya juga bau karena tidak dicuci dengan benar saya pernah menginap di hotel interkontinental di banyak negara tetapi kali pertama saya melihat kamar yang tidak terawat seperti itu jauh lebih banyak daripada kekurangannya daripada saya kebijakannya kelebihannya mungkin adalah kolam,KOMPETITOR,Bintang 5,InterContinentalBaliResort-Bali,negative,0.9915619492530823,Facilities & Amenities,Facilities & Amenities (0.51); Service Quality (0.49); Guest Experience (0.28)
酒井英一郎（Eddy）,2025.0,1,lokasi hotel ini sangat bagus hanya 15 menit dari bandara 5 menit berjalan kaki ke toko makanan yang terkenal dan garis pantainya sempurna untuk jalan jalan pagi di sisi lain fasilitas dan layanannya mungkin yang terburuk bahkan ketika mengajukan permintaan di meja resepsi permintaan tersebut sering dilupakan dan jarang ditindaklanjuti restorannya terlalu mahal dan makanannya buruk pelayannya sangat kasar terutama seorang pria muda bernama sudiska yang perilakunya sangat tidak sopan dia perlu pelatihan yang tepat kolam renangnya tua dan kurang bersih hotel ini mungkin cocok bagi mereka yang hanya peduli dengan lokasi tetapi saya tidak akan merekomendasikannya kepada siapa pun yang pun yang menghargai layanan,KOMPETITOR,Bintang 5,InterContinentalBaliResort-Bali,negative,0.9959718585014343,Facilities & Amenities,Facilities & Amenities (1.00); Guest Experience (0.84); Food & Beverage (0.80)
Dewata Journey,2025.0,1,di acara ct asia 2025 saya mengalami pengalaman yang sangat mengecewakan staf yang bertugas di pintu masuk tidak diberi tahu tentang waktu mulai yang sebenarnya atau ruang konferensi yang tepat beberapa mengatakan akan dimulai pukul 14 00 yang lain mengatakan ruang konferensi tidak buka dan akhirnya konferensi diadakan di ruangan lain di lantai atas ketika saya bertanya mengapa terjadi kesalahan komunikasi seperti itu saya tahu bahwa staf tersebut hanyalah pekerja harian yang tidak diberi pengarahan yang memadai oleh atasan mereka lebih parah lagi staf yang saya ajak bicara memberikan informasi yang salah yang menyebabkan kebingungan yang tidak perlu karena kurangnya koordinasi dan komunikasi ini sebesar waktu saya terbuang sia sia untuk acara ini saya,KOMPETITOR,Bintang 5,InterContinentalBaliResort-Bali,negative,0.9987519979476929,Check in/out Experience,Check in/out Experience (0.87); Guest Experience (0.79); Cultural & Heritage Experience (0.51)
emna ayari,2025.0,1,saya meminta perubahan tanggal pada tanggal 6 Agustus sesuai kebijakan alih alih memenuhi permintaan pihak hotel justru menunda selama berhari hari berulang kali meminta bukti dan alasan pribadi hal hal yang yang tidak diwajibkan oleh kebijakan mereka sendiri saya tetap memberikan alasan dan bahkan mengirimkan tiket pesawat saya tetapi sampai tanggal 10 Agustus mereka tidak melakukan apa pun nama hotel bintang 5 dengan efisiensi bintang 1,KOMPETITOR,Bintang 5,InterContinentalBaliResort-Bali,negative,0.9985637068748474,Management & Policy Issues,Management & Policy Issues (0.64); Booking & Reservation Experience (0.61); Personalized & Special Services (0.58)
Bev Edwards,2025.0,1,tempat ini lelucon saya merasa seperti berada di menara yang rusak tidak ada layanan meja selama satu jam untuk mendapatkan makanan yang tidak bisa dimakan kita bisa berhenti tertawa sangat memalukan menu jenis makanan ringan yang berbeda untuk orang yang memiliki voucher makan malam mendorong untuk membeli sri la atau lebih banyak makanan membawa kami ke bar untuk menunggu meja yang dipesan tetapi kursinya terlalu tinggi untuk naik kami tidak akan pernah merekomendasikan minum atau kembali staf yang lucu saat teh tinggi berdiri di sekitar sementara untuk tamu melakukan pekerjaan,KOMPETITOR,Bintang 5,InterContinentalBaliResort-Bali,negative,0.9981386661529541,Guest Experience,Guest Experience (0.94); Food & Beverage (0.92); Facilities & Amenities (0.87)
Alex Klein,2022.0,1,kecewa sampai saya mengolok olok situasi ini untuk mengatasinya pertama kali saya ingin mengatakan bahwa ini bukan kesalahan staf melainkan manajemen yang masih terus menjual hotel ini kepada tamu meskipun kondisinya kurang staf dan tidak terawat mari kita mulai dengan proses memeriksa masuk kami memesan suite dupleks premium ini adalah kamar terbaik yang bisa Anda dapatkan di sini dan harganya tidak murah ac di kamar pertama rusak sehingga kita harus menunggu beberapa jam sampai mereka mencoba memperbaikinya setelah upaya yang gagal kami dipindahkan ke kamar lain total waktu terbaiknya setidaknya 3 jam suite dupleks itu sendiri sangat gelap dengan hanya satu jendela yang terhalang pohon Anda perlu menyalakan,KOMPETITOR,Bintang 5,InterContinentalBaliResort-Bali,negative,0.9972495436668396,Check in/out Experience,Check in/out Experience (0.99); Pricing & Value for Money (0.99); Booking & Reservation Experience (0.99)
Cindy Tanuwijaya,2025.0,1,sangat buruk dalam menangani acara coaltrans terburuk di tahun 2025 karena lokasi hotel ini,KOMPETITOR,Bintang 5,InterContinentalBaliResort-Bali,negative,0.9990208148956299,Management & Policy Issues,Management & Policy Issues (0.70); Guest Experience (0.51); Service Quality (0.50)
Juliette,2023.0,1,Kondisi pantai di depan hotel sungguh memprihatinkan banyaknya sampah plastik yang terdampar sungguh memilukan restoran kecil restoran sebelah hotel mengelola pantai dengan sangat baik dan membersihkannya setiap hari sebelum beroperasi pihak hotel seharusnya membersihkan sampah di depan hotel dengan benar dan mencontoh restoran restoran lokal selain itu hotelnya memang indah,KOMPETITOR,Bintang 5,InterContinentalBaliResort-Bali,positive,0.884986162185669,Service Quality,"Service Quality (0.90); Cleanliness, Hygiene & Maintenance (0.84); Facilities & Amenities (0.67)"
Wid Liu,2023.0,1,saya menulis ini karena saya masih menginap di hotel ini 1 pelayanannya sangat buruk meskipun semua orang sangat sopan meminta isi ulang kotak tisu yang kosong membutuhkan 3 kali permintaan sejak sebelum jam 4 sore baru diberikan setelah jam 8 malam 2 kamarnya sangat berdebu nyamuk senang tinggal bersama saya obat nyamuk tidak tersedia untuk digunakan kapan saja harus dikembalikan setelah satu kali penyemprotan saya kira itu sesuai dengan perilaku yang sehat 3 kue dibasmi habis kebiasaan oleh obat nyamuk yang ampuh dan bangkai kue berserakan sungguh memalukan 4 lampu kamar kami bertindak sendiri dengan bebas memutuskan kapan harus mati dan menyala,KOMPETITOR,Bintang 5,InterContinentalBaliResort-Bali,negative,0.9966270923614502,Service Quality,Service Quality (0.81); Guest Experience (0.80); Complaint Handling & Service Recovery (0.45)
gLenk Lz,2020.0,1,pertama kali datang ke sini tahun 2008 dan mendapatkan pengalaman yang luar biasa selama bertahun-tahun saya tinggal di sini setidaknya 10 kali lagi dan selalu menyukai properti namun kunjungan terakhir saya cukup mengecewakan pertama udara di kolam renang agak keruh meskipun ada banyak daun di beberapa kolam setidaknya mereka harus berusaha menjaganya agar tetap berada dalam kadar udara yang wajar hal lain yang berubah adalah sekarang mereka mengenakan biaya untuk anak yang menggunakan klub anak anak saya mengerti jika klub anak anak itu luar biasa tetapi klub anak ini agak konyol memang properti ini sudah tua tetapi mengenakan kepada biaya pelanggan yang tinggal di kamar klub untuk klub anak itu sangat,KOMPETITOR,Bintang 5,InterContinentalBaliResort-Bali,negative,0.9759740233421326,Facilities & Amenities,Facilities & Amenities (0.92); Pricing & Value for Money (0.78); Guest Experience (0.71)
Cherry Louwrens,2020.0,1,hati jangan pesan kami senang berlibur ke bali tapi pengalaman ini yang terburuk pertama mereka menempatkan kami keluarga beranggotakan tiga orang di kamar kembar padahal kami meminta kamar raja sangat merepotkan ketika saya berbicara dengan manajer jaga dia malah menyuruh saya mengeluh ke agen perjalanan saya keesokan harinya pihak hotel memutuskan untuk menagih kami sarapan padahal sarapan sudah termasuk dalam paket seseorang dari bagian hubungan menelepon keesokan harinya tetapi tidak bisa memberikan penjelasan apa pun padahal dia bilang akan klien menelepon saya kembali tidak pernah ada tangan di kolam renang karena terlalu banyak jadi saya menggigil tamu kedinginan dengan anak saya,KOMPETITOR,Bintang 5,InterContinentalBaliResort-Bali,negative,0.9984737038612366,Guest Experience,Guest Experience (0.99); Check in/out Experience (0.98); Booking & Reservation Experience (0.96)
Zoey Jones,2022.0,1,pengalaman yang buruk secara keseluruhan renovasi hotel sedang ramai ramainya bar menagih saya dua kali lipat harga dan menyajikan proses flat di hari ulang tahun saya staf hotel menyuruh saya pergi ketika saya masuk dari pantai dengan alasan saya tidak diizinkan masuk saya harus memberi tahu mereka beberapa kali bahwa saya tinggal di sana dan dia menolak untuk mendengarkan dia juga mencoba mengusir anjing saya begitu pula banyak staf lain yang mengira anjing saya anjing pembohong saya juga diberitahu bahwa untuk menyalin di kamar yang menggunakan mesin salinan saya harus membayar ekstra dan untuk tidak sarapan ada selai kacang selai kacang dan nutella mereka berhasil membawa nutella tetapi ternyata isinya adalah,KOMPETITOR,Bintang 5,InterContinentalBaliResort-Bali,negative,0.9992844462394714,Guest Experience,Guest Experience (0.76); Pricing & Value for Money (0.66); Facilities & Amenities (0.54)
Sven Türker,2023.0,1,pantai yang katanya indah itu kotor dan penuh sampah tidak ada kursi atau tidak ada yang tidak diinginkan yang ada hanya sampah kami ingin membatalkan pemesanan dan hanya ingin menginap semalam satu pilihan adalah membayar penuh mereka tidak memperlakukan tamu dengan baik pantainya penuh sampah tidak ada kursi santai atau membayar satu hal yang benar adalah hotelnya berada di pantai kami ingin membatalkan sisa hari tetapi itu hanya mungkin jika kami membayar harga penuh sangat tidak direkomendasikan,KOMPETITOR,Bintang 5,InterContinentalBaliResort-Bali,negative,0.9977622032165527,Booking & Reservation Experience,Booking & Reservation Experience (0.99); Pricing & Value for Money (0.97); Guest Experience (0.94)
박다솔,2023.0,1,kamarnya sendiri sangat lembap dan berbau apek mereka memang mengganti selimutnya tapi dari lembapnya sampai sampai lembap lagi saat saya tidur bangunannya sendiri sudah tua dan terasa seperti hotel turis besar di korea kebersihannya juga buruk bahkan setelah saya tiba dan meminta mereka membersihkan kamar mandi mereka tidak memperbaikinya sarapannya juga kurang dibandingkan dengan hotel lain di bali kesimpulan kamar bintang 5 bintang 3,KOMPETITOR,Bintang 5,InterContinentalBaliResort-Bali,negative,0.9968087077140808,Service Quality,Service Quality (0.16); Guest Experience (0.13); Management & Policy Issues (0.12)
Charlie Jung,2023.0,1,pengalaman terburuk yang pernah ada semua staf diganti dengan yang baru mungkin magang dan kualitas layanannya sangat buruk saya mencoba membayar tagihan dengan kartu kredit korea di sunset cafe dan mereka tidak menerima kartu kredit bertanda tangan mereka terus mengatakan kami hanya menerima kartu kredit pin semua kartu korea bertanda tangan jadi itu berarti mereka tidak menerima pelanggan korea manajer f b datang kepada saya dan mengatakan ini peraturan kami dan Anda bisa mengeluh atau melapor ke gm hotel saya tidak pernah menemukan layanan sikap seperti ini di bali atau negara lain saya tidak akan pernah kembali ke antar benua lagi,KOMPETITOR,Bintang 5,InterContinentalBaliResort-Bali,negative,0.9992953538894653,Food & Beverage,Food & Beverage (0.93); Guest Experience (0.86); Check in/out Experience (0.85)
cedric helary,2019.0,1,sekilas hotel ini indah sambutan yang ramah menanti kamarnya lumayan luas dan bersih kami bersenang senang setelah malam pertama di kamar ini kami ditemani kue yang menjijikkan dan yang terburuk hotel ini sangat terisolasi sehingga terdengar suara suara malam kali berikutnya kami didatangi seekor kadal setelah saya menelepon rumah seseorang sedang bergerak tetapi tidak berhasil menangkapnya karena dia berada di langit langit palsu jadi saya menghabiskan malam dengan penasaran dan tiba tiba tiba tidur sangat buruk selama empat hari seprai tidak diganti sama sekali alasan yang saya lihat adalah suami saya mengalami cedera bahu jadi setiap malam dia mengoleskan krim kembali,KOMPETITOR,Bintang 5,InterContinentalBaliResort-Bali,negative,0.987551748752594,Facilities & Amenities,"Facilities & Amenities (0.99); Cleanliness, Hygiene & Maintenance (0.98); Service Quality (0.89)"
Ivy Zeng,2023.0,1,memesan kamar untuk perjalanan saya ke Bali tahun 2020 dan covid melanda secara global jadi harus membatalkan perjalanan saya mengirim email permintaan saya ke hotel dan diberi tahu bahwa itu tidak dapat dibatalkan karena itu adalah kesepakatan yang tidak dapat dikembalikan beberapa email bolak balik akhirnya mereka setuju untuk mengubah tanggal saya ke tanggal yang lebih baru tetapi harus membayar tarif mengambang yang beberapa ratus dolar lebih banyak ketika tanggalnya semakin dekat saya mengirim email kepada mereka lagi untuk mengatakan bahwa saya tidak dapat datang dan meminta untuk menunda tanggal saya kali ini mereka menolak permintaan saya dan mengatakan jika saya tidak akan muncul untuk pemesanan saya mereka menagih jumlah saya penuh,KOMPETITOR,Bintang 5,InterContinentalBaliResort-Bali,negative,0.9926884770393372,Pricing & Value for Money,Pricing & Value for Money (0.90); Booking & Reservation Experience (0.81); Management & Policy Issues (0.62)
Ulli P,2023.0,1,pertama tama saya bukan tamu di hotel yang luar biasa ini hotel kami di nasa lembongan tutup mendadak karena badai hebat dan membatalkan reservasi kami jadi saya mencari hotel pantai di jimbaran dan menemukan interkontinental namun bahkan tepat di depan hotel ini meskipun hotel ini publik pantainya tidak dibersihkan oleh pihak hotel bahkan belum empat hari setelah badai jadi saya mencari hotel lain,KOMPETITOR,Bintang 5,InterContinentalBaliResort-Bali,negative,0.9845712184906006,Booking & Reservation Experience,Booking & Reservation Experience (0.85); Guest Experience (0.65); Facilities & Amenities (0.58)
S J,2019.0,1,taman dan pantainya sangat indah dan indah saya sudah menginap di sini beberapa kali hanya untuk bersantai seharian yang paling buruk adalah penerimaan tamu yang sangat buruk dan stafnya sedikit pada tanggal 4 Februari pukul 11:30 pagi ada dua resepsionis di meja depan dan staf wanita menanyakan pembayaran untuk putri saya yang berusia 5 tahun meskipun mereka tidak mengenakan biaya untuk anak di bawah 12 tahun dengan tiket harian baru 300 0 rupiah resepsionis ini mencoba mencari dokumen pember pemberitaan mereka di depan kami saya merasa mereka hanya mencoba menagih saya lebih banyak karena staf wanita itu tidak meminta maaf atau bersikap seperti itu saya tidak peduli dengan pember,KOMPETITOR,Bintang 5,InterContinentalBaliResort-Bali,negative,0.9966647028923035,Facilities & Amenities,Facilities & Amenities (0.99); Guest Experience (0.92); Service Quality (0.90)
Robert Tan,2022.0,1,saya dan keluarga tiba dari ubud pukul 14:30 semuanya baik saja namun setelah check masuk untuk malam pertama listrik padam pukul 03:00 dini hari saya sudah bertanya kepada manajemen berapa lama waktu yang dibutuhkan tetapi mereka tidak bisa menjawab pukul 09:00 pagi istri saya bertanya lagi tetapi tidak ada jawaban kemudian pukul 12:00 siang kami mengetahui banyak tamu yang sudah pindah dan kemudian kami ditawari untuk pindah ke hotel sebagai anggota ihg saya merasa kecewa dengan cara mereka melayani tamu,KOMPETITOR,Bintang 5,InterContinentalBaliResort-Bali,negative,0.9992471933364868,Check in/out Experience,Check in/out Experience (0.87); Guest Experience (0.84); Management & Policy Issues (0.63)
吉渡剛,2023.0,1,angkat yang saya tuju sedang tidak berfungsi beberapa bir di menu restoran kehabisan stok dan pijat 60 menit yang tercantum sebagai termasuk dalam harga di agoda saat saya membuat reservasi tidak termasuk itu bukan jenis layanan yang anda harapkan dari hotel bintang lima,KOMPETITOR,Bintang 5,InterContinentalBaliResort-Bali,negative,0.993361234664917,Food & Beverage,Food & Beverage (0.92); Facilities & Amenities (0.79); Pricing & Value for Money (0.65)
Javier Ortega,2020.0,1,hotelnya memang sensasional tapi kesediaan staf untuk menyelesaikan masalah sangat mengecewakan saat tiba kami diberi kamar dengan dua tempat tidur padahal kami meminta tempat tidur ukuran ratu resepsionis memberi tahu kami bahwa tempat tidur tersebut tidak mungkin diganti ketika kami meminta formulir keluhan manajernya tiba tiba muncul dan mengatakan bahwa itu adalah kesalahpahaman di hotel bintang lima tidak perlu sampai sejauh ini untuk menyelesaikan masalah seperti ini,KOMPETITOR,Bintang 5,InterContinentalBaliResort-Bali,negative,0.9981873631477356,Guest Experience,Guest Experience (0.91); Facilities & Amenities (0.62); Check in/out Experience (0.56)
Karim Yaury (K Yaury),2023.0,1,hotelnya besar dan pemandangannya bagus tapi kamarnya perlu direnovasi ditingkatkan misalnya sofanya baunya agak aneh agak lembap atau semacamnya,KOMPETITOR,Bintang 5,InterContinentalBaliResort-Bali,positive,0.868741512298584,Facilities & Amenities,Facilities & Amenities (0.96); Ambience & Design (0.95); Sustainability & Environmental Quality (0.64)
Kyle Williams,2021.0,1,hotel intercontinental terburuk yang pernah saya tinggali saya menyampaikan beberapa keluhan kepada staf hotel selama menginap dan juga dalam ulasan saya ketika hotel mengirimkan email berisi pertanyaan tentang pengalaman menginap saya tidak ada yang merespons atau peduli sama sekali saya telah menjadi anggota platinum setia ihg selama bertahun-tahun dan tidak akan pernah menginap di properti lain,KOMPETITOR,Bintang 5,InterContinentalBaliResort-Bali,negative,0.9962136149406433,"Loyalty, Recommendation & Appreciation","Loyalty, Recommendation & Appreciation (0.66); Guest Experience (0.59); Service Quality (0.37)"
esther bianca,2022.0,1,pengalaman menginap yang kurang menyenangkan keramahan yang buruk terutama saat memeriksa masuk stafnya kurang membantu dan tidak menghargai tamu kamarnya sangat lembap mereka menurunkan tarif kamar selama pandemi dan tampaknya juga menurunkan layanan mereka,KOMPETITOR,Bintang 5,InterContinentalBaliResort-Bali,negative,0.9985436201095581,Guest Experience,Guest Experience (1.00); Check in/out Experience (0.99); Staff Conduct & Hospitality (0.91)
,,Saya sangat kecewa dengan kamar,2403 kamar itu sangat berisik karena suara mesin dari gedung sebelah bahkan di malam hari aku berharap bisa menginap dengan tenang dan menikmati suara alam tapi itu benar benar merusak kesenanganku aku tidak akan pernah menginap di hotel ini lagi,KOMPETITOR,Bintang 5,InterContinentalBaliResort-Bali,negative,0.9984351992607117,Guest Experience,Guest Experience (0.74); Facilities & Amenities (0.56); Pricing & Value for Money (0.46)
Snow Wu,2020.0,1,perhatikan kebijakan pembatalan dan dendanya untuk voucher menginap gratis di akhir pekan duta besar kebijakan pembatalan gratis hotel ini berlaku satu bulan sebelum pemesanan oleh karena itu pastikan tidak ada hal yang tidak diinginkan yang memaksa Anda untuk membatalkan pemesanan dalam waktu satu bulan atau dendanya akan tinggi dan tidak ada kemungkinan pengembalian banyak uang hotel dengan harga yang sama lebih baik dari hotel ini 1 bintang untuk kerugian saya sebesar 6 3 juta ind 448 usd kebijakan menginap gratis di duta besar ini berbeda dengan hotel antar benua lainnya Anda harus membatalkan satu bulan sebelumnya secara gratis hotel lain menawarkan pembatalan,KOMPETITOR,Bintang 5,InterContinentalBaliResort-Bali,negative,0.9936063289642334,Pricing & Value for Money,Pricing & Value for Money (0.97); Booking & Reservation Experience (0.65); Management & Policy Issues (0.56)
K Y,2020.0,1,staf hotel memihak sopir taksi yang tak kunjung datang ke lokasi yang diminta dan memalsukan tanda tangan mereka mengeroyok dan mempermalukan dan bersiaplah untuk melawan,KOMPETITOR,Bintang 5,InterContinentalBaliResort-Bali,negative,0.9990466237068176,Staff Conduct & Hospitality,Staff Conduct & Hospitality (0.89); Personalized & Special Services (0.87); Complaint Handling & Service Recovery (0.87)
dr.aditya sharma,2020.0,1,pengalaman yang buruk mereka berikan kami dua tempat tidur tunggal pada bulan madu kami bukan tempat tidur ganda bahkan setelah pemesanan di muka dikonfirmasi dengan tempat tidur ganda sebulan sebelumnya dengan pembayaran penuh sebesar R570 tinggal 3 hari di antar benua adalah keputusan terburuk dalam perjalanan kami di bali,KOMPETITOR,Bintang 5,InterContinentalBaliResort-Bali,negative,0.9990394711494446,Guest Experience,Guest Experience (0.98); Booking & Reservation Experience (0.95); Check in/out Experience (0.87)
Heejung Shin,2022.0,1,fasilitasnya tua ditambah lagi layanan dan umpan balik keluhan terburuk yang pernah saya alami tidak percaya ini hotel bintang 5 seharusnya diturunkan menjadi hotel bintang 3 atau lebih rendah,KOMPETITOR,Bintang 5,InterContinentalBaliResort-Bali,negative,0.9992824196815491,Facilities & Amenities,Facilities & Amenities (0.99); Guest Experience (0.90); Service Quality (0.80)
BoneX Identity,2025.0,1,Pelayanannya mengecewakan sekali,KOMPETITOR,Bintang 5,InterContinentalBaliResort-Bali,negative,0.9990954399108887,Guest Experience,Guest Experience (0.99); Check in/out Experience (0.89); Facilities & Amenities (0.83)
Jian Peng,2024.0,1,pengalaman buruk saya memesan 2 bulan sebelumnya melalui ihg harganya jauh lebih rendah setelah satu minggu dengan promosi yang sama tapi tim reservasi tidak berkomentar apa apa,KOMPETITOR,Bintang 5,InterContinentalBaliResort-Bali,negative,0.9986787438392639,Booking & Reservation Experience,Booking & Reservation Experience (0.92); Guest Experience (0.92); Check in/out Experience (0.81)
Hanna Fransisca,2023.0,1,Sejauh ini saya kurang puas menginap di hotel ini mereka tidak memiliki pusat bisnis jadi saya tidak bisa mencetak dokumen rahasia saya yang mendesak kebijakan mereka juga kurang fleksibel tidak direkomendasikan,KOMPETITOR,Bintang 5,InterContinentalBaliResort-Bali,negative,0.9983093738555908,Management & Policy Issues,Management & Policy Issues (0.78); Guest Experience (0.69); Facilities & Amenities (0.54)
Thomas Michael Schwarz,2020.0,1,hati hati memesan anggur dengan gelas mereka mencampurnya dengan rotgut lokal murah luar biasa untuk restoran italia di interconti,KOMPETITOR,Bintang 5,InterContinentalBaliResort-Bali,positive,0.9919582605361938,Food & Beverage,Food & Beverage (0.98); Booking & Reservation Experience (0.90); Guest Experience (0.84)
Андрій Дрига,2019.0,1,Saya tidak merekomendasikan tempat ini menu tidak sesuai kenyataan selain itu kasirnya gila seperti kata pelayan dan tagihannya kurang dari 10 dolar,KOMPETITOR,Bintang 5,InterContinentalBaliResort-Bali,negative,0.9974827170372009,Pricing & Value for Money,Pricing & Value for Money (0.93); Food & Beverage (0.93); Staff Conduct & Hospitality (0.92)
Idwal Dion,2022.0,1,Pelayanannya mengecewakan dan komunikasi yang tidak konsisten dari tim reservasi satu staf mengatakan satu hal dan staf lainnya mengatakan sebaliknya,KOMPETITOR,Bintang 5,InterContinentalBaliResort-Bali,negative,0.9988501071929932,Guest Experience,Guest Experience (1.00); Booking & Reservation Experience (0.97); Check in/out Experience (0.97)
"여행, 맛집 탐험youjin",2020.0,1,Waktu check masuk jam 3 sore jadi saya harus tiba tepat waktu konyol sekali saya belum pernah melihat hotel di mana saya tidak bisa masuk bahkan 5 menit lebih awal seperti yang saya duga begitu melihat liftnya saya langsung tahu itu hotel Anda dengan lift yang ketinggalan zaman,KOMPETITOR,Bintang 5,InterContinentalBaliResort-Bali,negative,0.9973734617233276,Check in/out Experience,Check in/out Experience (0.77); Booking & Reservation Experience (0.69); Guest Experience (0.55)
Lisa Burt,2020.0,1,Sangat mengecewakan hari ini melihat 13 orang bersantai ujung klub antar benua di tepi laut semuanya diselamatkan dengan majalah atau buku yang aneh tidak ada satu orang pun yang terlihat,KOMPETITOR,Bintang 5,InterContinentalBaliResort-Bali,negative,0.9984026551246643,Guest Experience,Guest Experience (0.42); Facilities & Amenities (0.22); Pricing & Value for Money (0.19)
Lindsay Elle,2023.0,1,Butuh waktu lama untuk memeriksa masuk tolong tingkatkan layanannya,KOMPETITOR,Bintang 5,InterContinentalBaliResort-Bali,negative,0.5651724934577942,Guest Experience,Guest Experience (0.93); Service Quality (0.85); Check in/out Experience (0.83)
Marta Sandi27,2025.0,2,sangat merugikan sopir 22 sept 2025 jalan keluar haru berputar jauh dan macet,KOMPETITOR,Bintang 5,InterContinentalBaliResort-Bali,negative,0.9988813996315002,Pricing & Value for Money,"Pricing & Value for Money (0.85); Location, Accessibility & Parking (0.75); Sustainability & Environmental Quality (0.68)"
grace lisa,2023.0,2,staf housekeeping nya kurang dilatihkah pencet bel 1x selang 1 detik langsung buka pintu kamar pakai kartu master dia kaget donk tetiba ada orang buka kamar saya padahal setau saya seharusnya prosedur untuk ketok pintu tamu tuh setidaknya nge bel atau ketok 3x lalu sebut dari divisi housekeeping baru izin pakai kunci master untuk masuk kamar tamu secara keseluruhan kamar sih oke yah cuma kecewa saja sama pelayanan housekeeper nya,KOMPETITOR,Bintang 5,InterContinentalBaliResort-Bali,negative,0.9994392991065979,Guest Experience,Guest Experience (0.47); Management & Policy Issues (0.32); Staff Conduct & Hospitality (0.31)
Jessica Vania Halim,2022.0,2,kamarnya pengap banget bener2 bau apek tidak ilang2 ac nya tidak dingin bikin ranjang dan sofa basah karena ruangannya lembab bikin susah nafas dan tersembunyi mampet rasanya grgr bener2 apek entah emang kamar saya berdoa yang begini atau semua kamar begini sudah berkali2 telepon ke cs untuk minta di benerin ac nya ato minta humidifier juga tidak kunjung datang layanan jelek banget saya pikir sekelas antar benua ini seharusnya tidak gini lho saya memiliki harapan tinggi sebelum dan ini terakhir saya tinggal di bali jadi tidak berkesan banget,KOMPETITOR,Bintang 5,InterContinentalBaliResort-Bali,negative,0.9993889331817627,Guest Experience,Guest Experience (0.93); Check in/out Experience (0.79); Religious & Halal Features (0.74)
agus sugiarto,2022.0,2,jika masih dalam perbaikan seharusnya tidak menerima tamu debu di sana sini akibat renovasi hotel,KOMPETITOR,Bintang 5,InterContinentalBaliResort-Bali,negative,0.9925504922866821,Sustainability & Environmental Quality,Sustainability & Environmental Quality (0.86); Service Quality (0.61); Facilities & Amenities (0.59)
Dewi Soumiadatri,2025.0,2,kelebihan pemandangan indah fasilitas mewah seperti sampo dan sabun merek interkontinental yang bagus kebersihan kamar teratur namun telepon berbau secepatnya saat digunakan untuk menelepon mereka mungkin lupa membersihkan gagang telepon kekurangan makanan di hotel bintang 3 acak di kuta jauh lebih baik daripada makanan mereka saya keracunan makanan dan muntah hebat setelah sarapan saya menduga itu karena nasi lama yang mereka simpan di lemari es dan disajikan berulang kali nasi kering dan basi putri saya keracunan makanan karena susu sebagian besar pilihan makanan baru tidak mungkin disiapkan sehari sebelumnya untuk melayani banyak tamu kami akan mencoba makan malam dan kasusnya sama dari Anda berharap makanan berkualitas,KOMPETITOR,Bintang 5,InterContinentalBaliResort-Bali,negative,0.9878480434417725,Facilities & Amenities,"Facilities & Amenities (0.98); Cleanliness, Hygiene & Maintenance (0.61); Service Quality (0.47)"
이한나,2025.0,2,taman dan pantai pribadinya sangat indah staf selalu ramah saya terkena diare setelah makan sarapan prasmanan hotel saya takut mengingatnya karena khawatir akan membuat saya lebih sakit selama menginap saya terus menemukan semut di kamar mandi dan tempat tidur,KOMPETITOR,Bintang 5,InterContinentalBaliResort-Bali,negative,0.7827926278114319,Facilities & Amenities,Facilities & Amenities (1.00); Ambience & Design (0.99); Staff Conduct & Hospitality (0.99)
E,2025.0,2,kami selalu menyukai tempat ini dan selalu mendapatkan pengalaman yang luar biasa tapi sayangnya kunjungan terakhir ini sangat mengecewakan dan jelas tidak menyenangkan properti ini membutuhkan banyak perawatan kamar kamarnya ketinggalan zaman dan berbau tidak sedap ini bukan lagi hotel bintang 5 seperti dulu banyak perbaikan yang perlu dipikirkan ulang untuk menginap layanan di lounge klub masih sempurna sejujurnya tetapi secara keseluruhan tidak sepadan dengan harga,KOMPETITOR,Bintang 5,InterContinentalBaliResort-Bali,negative,0.9905864596366882,Facilities & Amenities,Facilities & Amenities (0.97); Pricing & Value for Money (0.92); Guest Experience (0.77)
And,2025.0,2,Saya bermain tenis di sini selama lebih dari setahun setelah hujan semalaman saya menelepon pukul 8 pagi untuk memeriksa kondisi lapangan staf bilang tidak apa apa ketika saya tiba saya melihat hanya satu lapangan yang siap di mana pelatih lokal bekerja lapangan lain yang saya pesan basah saya meminta untuk menggeseknya ketika petugas datang dia tampak kasar dan mengatakan jika saya tidak suka saya harus bermain di tempat lain terima kasih atas layanan bintang lima Anda,KOMPETITOR,Bintang 5,InterContinentalBaliResort-Bali,negative,0.9981080293655396,Service Quality,Service Quality (0.99); Guest Experience (0.96); Check in/out Experience (0.95)
Timo,2025.0,2,hotelnya bagus tapi stafnya buruk sekali bagaimana mungkin kita memesan makanan dan minuman dan minumannya baru tiba di meja setelah 37 menit yang luar biasa dan tidak semuanya bersamaan melainkan setiap lima menit belum lagi makanan pembukanya yang baru tiba 20 menit lagi hampir satu jam setelah pemesanan,KOMPETITOR,Bintang 5,InterContinentalBaliResort-Bali,negative,0.9986264705657959,Food & Beverage,Food & Beverage (1.00); Booking & Reservation Experience (0.99); Facilities & Amenities (0.96)
Charlie Soto,2025.0,2,kamar berbau lembap perlu dimodernisasi lebih baik tinggal di sana untuk harga mengeluh ketika saya mendapat kebocoran dari langit langit dan dipindahkan ke kamar yang ditingkatkan yang memiliki masalah lain menyerah mengeluh orang lain di pesta saya juga memiliki masalah dengan kamar mereka resor besar dengan banyak fasilitas makanan lumayan tapi saya hanya makan sarapan dan berpegang teguh pada roti dan keju tidak bisa makan siang atau makan malam secara keseluruhan tidak terkesan tetapi stafnya ramah sangat sopan dan sangat membantu kolam renang dan pantai bagus dan mereka memiliki klub anak-anak kecil tidak akan datang ke sini lagi karena pilihan dan hanya di sini,KOMPETITOR,Bintang 5,InterContinentalBaliResort-Bali,negative,0.9871333837509155,Facilities & Amenities,Facilities & Amenities (1.00); Pricing & Value for Money (0.91); Guest Experience (0.87)
Benny Sutanto,2025.0,2,hotelnya kamarnya bau pengap berjamur dan tua colokan di kamarnya tidak berfungsi tapi teknisi membantu memperbaikinya wifi nya gratis tapi hati hati hati dengan data kebocoran karena ponsel teman saya diretas dia kehilangan wa nya udara kerannya berwarna kuning kerasir seperti udara laut terutama di bak mandi sarapannya banyak pilihan tapi rasanya hambar tidak begitu lezat untuk kelas antar benua,KOMPETITOR,Bintang 5,InterContinentalBaliResort-Bali,negative,0.9972414970397949,Facilities & Amenities,Facilities & Amenities (0.96); Service Quality (0.80); Guest Experience (0.78)
s staya,2025.0,2,kamar kamar pengap ac menyebabkan masalah kelembapan yang parah yang semua yang ada di dalam kamar terpengaruh,KOMPETITOR,Bintang 5,InterContinentalBaliResort-Bali,negative,0.9933479428291321,Guest Experience,Guest Experience (0.66); Facilities & Amenities (0.66); Sustainability & Environmental Quality (0.66)
M,2025.0,2,lumayan tidak luar biasa untuk harga yang Anda bayar dan Anda tidak mendapatkan banyak perhatian terhadap detail yang Anda harapkan dari tempat seperti ini saya merasa hal yang seharusnya terjadi di hotel Anda harus mengingatnya seperti kamar dibersihkan setiap hari tidak Anda harus mengingatnya dengan menekan tombol dan jika Anda lupa tidak ada pembersihan kamar atau pengisian ulang udara minum kemasan yang cukup atau gelas minum bersih isi ulang minibar menghapus layanan makan di kamar Anda mendapatkan cucian Anda diantar pada waktu yang mereka janjikan harus menindaklanjuti beberapa kali hal lain hal sangat sibuk setiap pagi mereka tidak dapat memenuhi permintaan layanan kolam renang klub kekurangan staf,KOMPETITOR,Bintang 5,InterContinentalBaliResort-Bali,negative,0.9257131814956665,"Cleanliness, Hygiene & Maintenance","Cleanliness, Hygiene & Maintenance (0.99); Facilities & Amenities (0.98); Service Quality (0.95)"
Carlos Quesada,2023.0,2,kamarnya sangat lembap dan baunya menyengat solusi pertama yang mereka berikan adalah mengirim seseorang untuk membawa pengharum ruangan keesokan harinya kami mengeluh lagi dan akhirnya mereka memindahkan kami ke kamar yang tidak,KOMPETITOR,Bintang 5,InterContinentalBaliResort-Bali,negative,0.9988189339637756,Guest Experience,Guest Experience (0.83); Service Quality (0.81); Facilities & Amenities (0.79)
