User Name,Review Time,Rating,clean_text,Tipe,Kelas,Nama_Hotel,AI_Sentiment,AI_Sentiment_Score,AI_Primary_Theme,AI_All_Themes
john “Florida MC5”,2025,5,Saya terbang masuk ke terminal tiga dan saya terbang keluar dari terminal tiga tapi saya mendarat pada 10:30 pagi tidak ada dari dua hotel di terminal tiga mengambil kamar hari saya naik kereta api yang pergi antara terminal itu membutuhkan waktu sekitar 10 menit untuk menunggu kereta api dan kereta api itu sendiri mengambil sekitar 10 menit kemudian begitu Anda masuk ke terminal dua ada hotel Anda harus berjalan beberapa tangga tapi mereka memiliki porter untuk membawa bagasi Anda untuk Anda memiliki tinggal yang hebat untuk hari tambah kami makan di restoran mereka yang tepat dengan kamar dan itu fantastis 17 USD,BUMN,Bintang 4,JakartaAirportHotelT2,negative,0.8181254267692566,Service Quality,"Service Quality (0.69); Location, Accessibility & Parking (0.60); Service Efficiency & Responsiveness (0.57)"
Santi KD,2025,5,terletak nyaman di lantai dua terminal 2e dari kamar saya saya bisa menonton pesawat lepas landas dan mendarat layanan kamar makanan cukup baik secara keseluruhan itu bersih nyaman,BUMN,Bintang 4,JakartaAirportHotelT2,positive,0.9991859793663025,Service Quality,"Service Quality (0.99); Facilities & Amenities (0.99); Cleanliness, Hygiene & Maintenance (0.99)"
Darryl Chew,2025,3,tempat yang cocok untuk menginap jika Anda memiliki penerbangan yang menghubungkan untuk menangkap kamar bersih dan mudah untuk sampai mereka juga memiliki area penyimpanan di mana Anda dapat meninggalkan bagasi Anda tidak perlu digunakan selama Anda tinggal,BUMN,Bintang 4,JakartaAirportHotelT2,positive,0.9990354776382446,Facilities & Amenities,"Facilities & Amenities (0.98); Service Quality (0.97); Cleanliness, Hygiene & Maintenance (0.95)"
Billy Jah,2025,5,Hotel ini menawarkan kamar yang bersih dan nyaman dengan fasilitas lengkap suasananya tenang staf ramah dan area lobi tertata rapi lokasinya sangat dekat bandara memudahkan akses bagi tamu transit atau perjalanan bisnis sehingga pengalaman menginap terasa praktis dan menyenangkan,BUMN,Bintang 4,JakartaAirportHotelT2,positive,0.9995019435882568,Facilities & Amenities,Facilities & Amenities (1.00); Staff Conduct & Hospitality (0.99); Room Quality & Comfort (0.99)
Dessy Diana,2025,5,Ini adalah tempat yang bagus untuk tinggal selama transit penerbangan mereka hanya memiliki semua yang Anda butuhkan menyampaikan kapsul dengan semua peralatan loker dan mandi,BUMN,Bintang 4,JakartaAirportHotelT2,positive,0.9580501914024353,Facilities & Amenities,"Facilities & Amenities (0.99); Service Quality (0.94); Cleanliness, Hygiene & Maintenance (0.94)"
Ira Alamsyah,2025,3,Jika Anda telah mendapat pukulan penerbangan fajar dan tidak membayangkan sebuah maraton pagi melalui bandara tempat ini adalah penyelamat hidup Anda kami memesan untuk satu malam sebelum penerbangan umrah kami melalui terminal haji dan tinggal di kanan masuk terminal 2d adalah total game changer hanya berjalan kaki singkat untuk memeriksa masuk kamar tidak ada mewah dekorasi adalah tanggal tapi tempat tidur nyaman dan semuanya bersih traktir nyata adalah jendela yang menghadap landasan besar akan merasa seperti anak-anak lagi menonton pesawat berputar dengan sarapan dimulai pada jam 3 pagi dan memiliki lebih banyak variasi daripada yang Anda harapkan i,BUMN,Bintang 4,JakartaAirportHotelT2,positive,0.9978908896446228,Facilities & Amenities,"Facilities & Amenities (0.99); Service Quality (0.99); Cleanliness, Hygiene & Maintenance (0.99)"
Retno Trimbos,2025,5,layanan ramah dan cepat lokasi strategis bila ingin terbang dengan terminal udara batik 2 sarapan dari jam 3 9 fasilitas di kamar lengkap sabun sikat gigi pemasak udara tidak ada pengering rambut kamar bersih dan pemandangan bagus lapangan udara,BUMN,Bintang 4,JakartaAirportHotelT2,positive,0.9991925358772278,Facilities & Amenities,Facilities & Amenities (1.00); Service Efficiency & Responsiveness (1.00); Service Quality (0.98)
Chester,2025,5,Okee luar biasa selalu menyambut perhatian dan siap membantu dengan senyum Profesionalitas dan perawatan tulus membuat penginapan saya nyaman dan berkesan dia benar-benar pergi di atas dan di luar untuk memastikan tamu merasa dihargai,BUMN,Bintang 4,JakartaAirportHotelT2,positive,0.9989590644836426,Staff Conduct & Hospitality,"Staff Conduct & Hospitality (1.00); Cleanliness, Hygiene & Maintenance (1.00); Loyalty, Recommendation & Appreciation (1.00)"
E Durman,2025,5,Saya memesan hotel ini sebelumnya untuk putriku karena kenyamanan berada dalam t2 bandara cgk kali ini saya memesan untuk diri sendiri saya ragu pada awalnya karena itu adalah hotel lama tapi saya harus mengakui bahwa itu sangat nyaman dan bersih koridor tidak terlihat sedikit tertanggal jika Anda tiba di t3 ada layanan kereta ulang-alik gratis dan bandara bus dioperasikan satu untuk membawa Anda ke t2 sempurna jika penerbangan berikutnya Anda adalah domestik Anda hanya perlu berjalan sekitar 5 menit tanpa meninggalkan bangunan sarapan disajikan dari 3 pagi untuk wisatawan dengan penerbangan awal sangat mempertimbangkan,BUMN,Bintang 4,JakartaAirportHotelT2,positive,0.9947609305381775,Facilities & Amenities,Facilities & Amenities (1.00); Service Quality (0.99); Service Efficiency & Responsiveness (0.99)
Alberto Bet,2025,5,Kami sangat berterima kasih kepada Rik dari Jakarta Airport Hotel untuk pertolongan luar biasa dia pergi keluar dari jalan untuk membantu kami masuk membeli aksesori yang kami butuhkan dan sangat baik perhatian dan membantu sepanjang dukungan membuat perbedaan nyata selama kita tinggal terima kasih Rik,BUMN,Bintang 4,JakartaAirportHotelT2,positive,0.9970190525054932,Guest Experience,Guest Experience (0.96); Facilities & Amenities (0.95); Service Efficiency & Responsiveness (0.93)
jogi hutabarat,2025,5,Tinggal jika tetap waktu berangkat dengan pesawat pagi untuk menghindari kemacetan,BUMN,Bintang 4,JakartaAirportHotelT2,neutral,0.47820553183555603,Safety & Security,Safety & Security (0.87); Sustainability & Environmental Quality (0.75); Service Quality (0.70)
Frank Ratrog,2025,4,kebijakan bandara terkadang tidak sesuai dengan keinginan kita seperti ada pembatasan membawa barang berupa powerbeng dengan ukuran tertentu,BUMN,Bintang 4,JakartaAirportHotelT2,negative,0.7410521507263184,Management & Policy Issues,Management & Policy Issues (0.85); Facilities & Amenities (0.79); Personalized & Special Services (0.37)
Wimbo A.,2025,1,Jujur saya kecewa dengan pelayanan hotel ini banyak kue baru dan staf baru cuek banget,BUMN,Bintang 4,JakartaAirportHotelT2,negative,0.9994027614593506,Food & Beverage,Food & Beverage (0.96); Guest Experience (0.86); Service Quality (0.77)
Harta UHT,2025,5,walau kamar perlu pembenahan namun tertutup dengan keramahan para pegawai cepat respon menu sarapan bintang lima enak dan halal saya langganan disini proses antar jemput terminal terbaik,BUMN,Bintang 4,JakartaAirportHotelT2,positive,0.9994157552719116,Service Efficiency & Responsiveness,Service Efficiency & Responsiveness (1.00); Service Quality (0.99); Staff Conduct & Hospitality (0.99)
Katrin,2025,5,Lokasi yang sangat baik staf ramah kamar yang bagus dianjurkan,BUMN,Bintang 4,JakartaAirportHotelT2,positive,0.9985989928245544,Service Quality,Service Quality (1.00); Guest Experience (1.00); Facilities & Amenities (0.99)
M Shodiq,2025,4,makin mantap bandara kita pekayananya memenuji standar internasional,BUMN,Bintang 4,JakartaAirportHotelT2,positive,0.9977635145187378,Sustainability & Environmental Quality,Sustainability & Environmental Quality (0.79); Safety & Security (0.75); Service Quality (0.74)
Hin,2025,3,Tempat tidur dan handuk bersih dan masuk kondisi yang baik tapi air panas tidak benar-benar panas dan kamar mandi dan toilet tidak terlalu bersih lokasi terbaik untuk penerbangan pagi juga sarapan adalah mengerikan,BUMN,Bintang 4,JakartaAirportHotelT2,negative,0.9982864260673523,Facilities & Amenities,"Facilities & Amenities (1.00); Cleanliness, Hygiene & Maintenance (0.99); Service Quality (0.91)"
Tirangga David,2025,5,kunjungi kakakku sebelum menangkap penerbangan saya di terminal yang sama hotel memiliki pemandangan yang bagus ke landasan pesawat,BUMN,Bintang 4,JakartaAirportHotelT2,positive,0.9960840940475464,Guest Experience,Guest Experience (0.96); Facilities & Amenities (0.92); Check in/out Experience (0.88)
Alwi Dahlan,2025,3,Parkiran nya tidak bersahabat mahal nguras kantong buat driver travel sama bus pariwisata,BUMN,Bintang 4,JakartaAirportHotelT2,negative,0.9990450739860535,"Location, Accessibility & Parking","Location, Accessibility & Parking (0.99); Pricing & Value for Money (0.93); Facilities & Amenities (0.86)"
mus kran,2025,5,Indonesia imigrasi telah pergi masuk digital untuk negara ASEAN adalah melalui online pajak bebas kode QR untuk di sken pada Posy tertentu baik jika imigrasi memiliki aplikasi google untuk itu,BUMN,Bintang 4,JakartaAirportHotelT2,neutral,0.9991557598114014,Digital Connectivity & Technology,Digital Connectivity & Technology (0.83); Pricing & Value for Money (0.83); Service Efficiency & Responsiveness (0.76)
albert.p,2025,4,menginap awal Mei 2025 pintu masuk dekat pintu 2f dekat juga dengan kalayang kamar bersih meski hotel tua udara panas ada tekanan besar bagusnya view langsung landasan pesawat yang perlu perbaikan kualitas sarapan karena sederhana dan tidak ada stasiun telur kopi diseduh manual tidak ada mesin kopi,BUMN,Bintang 4,JakartaAirportHotelT2,positive,0.9958447813987732,Facilities & Amenities,"Facilities & Amenities (0.98); Service Quality (0.94); Cleanliness, Hygiene & Maintenance (0.90)"
elis unsoe,2025,5,hotel yang sangat strategis didalam bandara hotelnya sangat bersih menu sarapan juga enak,BUMN,Bintang 4,JakartaAirportHotelT2,positive,0.9993256330490112,"Cleanliness, Hygiene & Maintenance","Cleanliness, Hygiene & Maintenance (0.99); Facilities & Amenities (0.99); Food & Beverage (0.99)"
Tariq Khan,2025,4,Tidak ada kamar di bandara ini yang saya gunakan jadi tidak bisa berkomentar tapi staf yang saya berurusan dengan dan orang-orang yang saya berbicara dengan sangat ramah dan membantu ini adalah bandara yang sangat bagus dan banyak tempat untuk makan dan duduk,BUMN,Bintang 4,JakartaAirportHotelT2,positive,0.99594646692276,Facilities & Amenities,Facilities & Amenities (1.00); Staff Conduct & Hospitality (1.00); Guest Experience (0.98)
Nicky Jurd,2025,5,Kami memiliki menginap yang sangat baik di sini yang kami memilih karena koneksi pagi yang sangat awal tempat tidur yang kuat dan nyaman kamar-kamarnya luas dibandingkan dengan hotel lain i telah tinggal masuk dan semuanya sangat bersih menakjubkan sarapan dimulai pada jam 3 pagi dan pilihan yang sangat baik kami telah memesan hotel ini lagi masuk beberapa hari ketika kami memiliki koneksi awal lain juga perlu dicatat staf sangat ramah dan akomodasi,BUMN,Bintang 4,JakartaAirportHotelT2,positive,0.9987881779670715,Facilities & Amenities,Facilities & Amenities (0.99); Staff Conduct & Hospitality (0.99); Service Quality (0.97)
Selfi Irawan,2025,5,menghabiskan malam di sini sebelum penerbangan berikutnya dan itu benar-benar layak itu pemandangan yang baik sarapan dimulai pada jam 3 pagi ramah dan membantu staf dan saya suka bahwa mereka benar-benar memberikan layanan yang bagus termasuk untuk mereka yang membutuhkan dukungan kursi roda sangat merekomendasikan tempat ini untuk penumpang penerbangan transit,BUMN,Bintang 4,JakartaAirportHotelT2,positive,0.9994847774505615,Staff Conduct & Hospitality,Staff Conduct & Hospitality (0.99); Facilities & Amenities (0.99); Service Quality (0.99)
Taslimah Taslimah,2025,5,meskipun sedikit mengurangi penerangan ruangan tapi lumayan bersih udara hangat oke layanan kamar yang pertama oke yang kedua kalj pesan teh chamomile tidak dikasih gelas dan pengaduknya mungkin karena pesanan saat tengah malam untuk soto ayam jika bisa disedikan kacap manisnya agar lebih mantab rasanya hotel ini nyaman sekali pelayanan ramah lelah setelah 33 jam penerbangan hilang lokasi strategis di terminal 2e dekat koneksi penerbangan domestik dan sarapannya bisa sekali pagi cocok untuk yang punya penerbangan pagi seperti saya jam 6 pagi pekerjaan luar biasa jakarta bandara hotel,BUMN,Bintang 4,JakartaAirportHotelT2,positive,0.9984392523765564,Service Quality,Service Quality (0.99); Facilities & Amenities (0.99); Food & Beverage (0.98)
Heru Triyana,2025,5,Sangat bagus untuk penerbangan transit bernilai menghabiskan cinta pesawat view anak saya 3-5 tahun terus berteriak kapan pesawat lepas landas pengalaman yang baik untuk anak,BUMN,Bintang 4,JakartaAirportHotelT2,positive,0.9986081719398499,"Loyalty, Recommendation & Appreciation","Loyalty, Recommendation & Appreciation (0.95); Guest Experience (0.90); Facilities & Amenities (0.82)"
Selma Aulina,2025,1,Oh baik kami tiba masuk jakarta terlambat dan lokasi hotel ini sangat dekat dengan gerbang kedatangan kami mereka memiliki banyak tangga jadi jika Anda memiliki banyak bagasi besar menghindari hotel ini kamar berbau serbuk tidak ada air panas kami mandi dengan air dingin di malam hari saya meminta pengering rambut dan mereka mengatakan mereka akan mengirimnya saya menunggu untuk waktu yang lama jadi saya menelepon kemudian lagi dan mereka berkata oh kami tidak memiliki lagi dude layanan benar-benar sangat buruk hanya menghindari hotel ini,BUMN,Bintang 4,JakartaAirportHotelT2,negative,0.9982759952545166,Facilities & Amenities,Facilities & Amenities (0.99); Service Quality (0.97); Guest Experience (0.90)
Sponge GG,2025,5,Staf penarikan masuk Mr. Deri memiliki sikap yang sangat baik dan memecahkan kesalahan tanggal pemesanan yang salah kami,BUMN,Bintang 4,JakartaAirportHotelT2,positive,0.8749932050704956,Service Quality,Service Quality (1.00); Complaint Handling & Service Recovery (0.99); Guest Experience (0.99)
Jannah,2025,5,staf hotel terbaik sangat ramah dan membantu sarapan tersedia mulai pukul 3 pagi ini kali kedua saya tinggal masuk hotel ini sangat bahagia,BUMN,Bintang 4,JakartaAirportHotelT2,positive,0.9988117218017578,Service Quality,Service Quality (0.99); Staff Conduct & Hospitality (0.99); Facilities & Amenities (0.98)
Muhammad Zen,2025,4,Overall oke customer service cukup bagus makanan dan sarapan oke lokasi cukup baik kebersihan kamar mandi dan perlengkapan nya bagus tempat tidur dan perlengkapan kamar sesuai standar 4 cukup oke hanya kebersihan karpet kamar yang perlu perbaikan banyak debu apa lagi saat digunakan sholat agak terasa nyesak ke pernapasan,BUMN,Bintang 4,JakartaAirportHotelT2,positive,0.9926754832267761,Facilities & Amenities,"Facilities & Amenities (0.99); Cleanliness, Hygiene & Maintenance (0.96); Service Quality (0.94)"
Jante van der Hoeven,2025,5,staf yang sangat ramah dan membantu tempat yang sempurna jika Anda memiliki beristirahat lama dan sarapan adalah lezat,BUMN,Bintang 4,JakartaAirportHotelT2,positive,0.9987693428993225,Facilities & Amenities,Facilities & Amenities (1.00); Guest Experience (1.00); Service Quality (0.99)
Naura Naufal,2025,4,kamar tidur yang nyaman dan bersih layanan memuaskan lokasi strategis di pusat kota,BUMN,Bintang 4,JakartaAirportHotelT2,positive,0.9994367957115173,Room Quality & Comfort,Room Quality & Comfort (1.00); Service Quality (1.00); Facilities & Amenities (0.99)
R M,2025,5,kurang nya hanya bisa kamar nya agak jauh mungkin lain kali aku harus meminta yang agak dekat dengan loby karena kondisi ku yang keterbatasan gerak disabilitas untuk disabilitas yang harus menggunakan kursi roda butuh bantuan karena serba tangga untuk suasana sangat nyaman petugas nya juga ramah dan baik makanan nya enak enak meskipun agak asin sedikit di aku tapi secara keseluruhan cocok yang transit atau sekedar nginap saja bagi kamu yang menggunakan skytrain dari turun tangga masuk pintu terus ke kiri hotel nya tepat dikanan,BUMN,Bintang 4,JakartaAirportHotelT2,positive,0.9983351826667786,Service Efficiency & Responsiveness,Service Efficiency & Responsiveness (1.00); Facilities & Amenities (1.00); Staff Conduct & Hospitality (0.99)
Ing Mei,2025,5,ini adalah hotel bintang 3 yang baik di dalam bandara untuk orang yang sehat mereka tidak memiliki lift atau lift ke kamar dan perjalanan Anda dimulai dengan seperangkat tangga ke lift staf ramah akan lebih dari senang membantu Anda membawa koper dan barang ke kamar Anda asalkan mereka tidak membantu orang lainpenumpang ke ulang-alik atau selama jam puncak memeriksa masuk ketika semua orang mencoba untuk naik tangga dengan bagasi mereka pada saat yang sama kamar bersih dan luas memeriksa masuk dan keluar cepat dan bebas masalah mereka menyediakan ulang-alik gratis untuk t,BUMN,Bintang 4,JakartaAirportHotelT2,positive,0.997521698474884,Staff Conduct & Hospitality,Staff Conduct & Hospitality (1.00); Facilities & Amenities (1.00); Family & Group Friendly (0.99)
Rod Margetts,2025,4,Tempat yang nyaman dan nyaman untuk menginap di bandara sarapan yang bagus,BUMN,Bintang 4,JakartaAirportHotelT2,positive,0.9992105960845947,Facilities & Amenities,Facilities & Amenities (0.99); Room Quality & Comfort (0.99); Food & Beverage (0.87)
Kiko Alsyah,2025,5,lokasi sangat strategis dari gedung 2d sangat membantu penumpang maskapai batik air,BUMN,Bintang 4,JakartaAirportHotelT2,positive,0.9989726543426514,Facilities & Amenities,Facilities & Amenities (0.92); Cultural & Heritage Experience (0.87); Sustainability & Environmental Quality (0.80)
Christian Tedjo Kusumo,2025,5,nyaman terletak di terminal bandara ramah dan membantu staf bersih dan tenang kamar memuaskan sarapan pasti akan tinggal lagi,BUMN,Bintang 4,JakartaAirportHotelT2,positive,0.9993768334388733,Facilities & Amenities,Facilities & Amenities (1.00); Service Efficiency & Responsiveness (1.00); Service Quality (0.99)
YinTeng Chew,2025,5,Jakarta cgk bandara sangat maju masuk imigrasi clearance masuk dibandingkan dengan negara tetangga lainnya lebih kuat wifi dari bandara satu dapat diperoleh untuk mempercepat clearance area pengumpulan bagasi indah dengan alam seperti desain membawa beberapa kedamaian bagasi area menunggu petugas selalu ada untuk membantu,BUMN,Bintang 4,JakartaAirportHotelT2,positive,0.9987990856170654,Ambience & Design,Ambience & Design (1.00); Facilities & Amenities (1.00); Sustainability & Environmental Quality (0.99)
Ari Ardiansyah,2025,5,ramah dan sopan memilik akses untuk penyandang cacat makanan yang disajikan lezat,BUMN,Bintang 4,JakartaAirportHotelT2,positive,0.9927006959915161,"Cleanliness, Hygiene & Maintenance","Cleanliness, Hygiene & Maintenance (0.99); Facilities & Amenities (0.99); Service Quality (0.98)"
jenny vanesa quintero moreno,2025,1,Layanan imigrasi adalah yang terburuk yang pernah saya hadapi masuk dalam hidup saya mereka tidak bekerja sama mereka menghabiskan waktu mereka makan masuk wajah Anda seolah-olah mereka tidak memiliki ruang dan waktu untuk istirahat mereka mereka mengejek kesengsaraan Anda sejak saya harus membayar denda saya melihat mereka dengan wajah mengejek dan merayakan bahwa saya harus membayar mereka jutaan hanya karena kelalaian mereka sendiri itu adalah negara yang underdeveloped dengan begitu banyak teknologi dan orang lain Anda membuat sulit untuk mengambil keuntungan dari wisatawan ini adalah tempat yang saya tidak merekomendasikan dan saya berharap saya tidak pernah harus kembali ke sebuah,BUMN,Bintang 4,JakartaAirportHotelT2,negative,0.9994844198226929,Facilities & Amenities,Facilities & Amenities (0.79); Pricing & Value for Money (0.74); Check in/out Experience (0.73)
CJ,2025,3,WLpn saya pesan sarapan Amerika saat memeriksa masuk ternyata saat memeriksa keluar tidak ada mba yang bertugas d depan mngkn lupa uang ternyata wLpn termaduk d harga tidak ada jamin bisa bnr2 saya bisa sangat kecewa dengan jamarta bandara hotel dulu saya tinggal d situ 2 3 tahun tapi saya akan opsi nyari yang lain,BUMN,Bintang 4,JakartaAirportHotelT2,negative,0.9987357258796692,Pricing & Value for Money,Pricing & Value for Money (0.80); Food & Beverage (0.77); Check in/out Experience (0.76)
Antonio Benasaglio,2025,4,Hotelnya bagus tapi tidak memiliki kolam renang i d mendorong staf hotel untuk menghapus gambar itu yang menyesatkan itu nyaman itu Anda harus menangkap penerbangan dari bandara jakarta,BUMN,Bintang 4,JakartaAirportHotelT2,negative,0.9700033068656921,Facilities & Amenities,Facilities & Amenities (0.99); Service Quality (0.96); Guest Experience (0.90)
zulfiarrahman,2024,5,Jakarta Airport Hotel Ada di Terminal 2f Airport Soeta Baru Pertama Kali Saya dan istri mencoba menginap di Jakarta Airport Hotel karena sampai di Jakarta sore dan besok pagi saya terbang lagi tidak berharap ternyata bagus sekali jika dibandingkan dengan hotel di bandara lainnya kamarnya bersih kamar mandi bersih setelan udara panas nya juga lancar lengkap dengan pengering rambut staf sigap membantu membawakan barang dan ramah sarapan dibuka mulai pukul 03:00 pagi,BUMN,Bintang 4,JakartaAirportHotelT2,positive,0.9987713694572449,Facilities & Amenities,"Facilities & Amenities (0.99); Cleanliness, Hygiene & Maintenance (0.97); Service Quality (0.97)"
Rob 1,2025,4,Kami tinggal kedua di sini lokasi bekerja baik untuk kami terbang internasional kemudian penerbangan internal sama pada perjalanan kembali gratis shuttle bus juga bekerja baik staf resepsi dan porter hebat tidak ada lift dari lantai dasar eskaler membawa Anda ke ruang resepsi lebih dari cukup dan bersih nyaman untuk harga satu-satunya hal yang tidak bekerja untuk kami adalah sarapan pagi ini pengalaman cukup miskin kami tertawa tentang itu tapi tidak ada cangkir kopi cangkir alat perlengkapan dan ketika saya akhirnya mendapatkan secangkir espresso ukuran kopi tampak dan rasanya seperti itu hanya melihat beberapa kopi tanah susu untuk,BUMN,Bintang 4,JakartaAirportHotelT2,positive,0.9903361797332764,Facilities & Amenities,Facilities & Amenities (1.00); Food & Beverage (0.99); Pricing & Value for Money (0.99)
N.R.H,2024,5,sedang transit dan cari hotel terdekat di terminal 2 jakarta bandara hotel ini pilihannya lokasinya ada di terminal 2e bandara soekarno hatta mau ke kalayang untuk pindah terminal juga mudah tinggal keluar hotel ke kiri lanjut ke kanan naik eskalator kamarnya luas dan tempatnya nyaman stafnya sangat membantu dan ramah sarapan mulai jam 03 00 wib sampai 10 00 wib bisa meminta sarapan dibungkus untuk di bawa di pesawat,BUMN,Bintang 4,JakartaAirportHotelT2,positive,0.9994258880615234,Facilities & Amenities,Facilities & Amenities (0.99); Staff Conduct & Hospitality (0.98); Service Efficiency & Responsiveness (0.97)
Tiara Afifah,2025,5,keren banget pelayanan dari mas andi sangat2 memuaskan mantaap,BUMN,Bintang 4,JakartaAirportHotelT2,positive,0.9990725517272949,Service Quality,Service Quality (0.99); Guest Experience (0.99); Service Efficiency & Responsiveness (0.91)
Aisyah Fina,2025,5,Pelayanan nya baikk layanan baik pertahankan,BUMN,Bintang 4,JakartaAirportHotelT2,positive,0.9967689514160156,Service Quality,"Service Quality (1.00); Cleanliness, Hygiene & Maintenance (0.98); Service Efficiency & Responsiveness (0.96)"
ratna sride,2024,4,lokasi didalam bandara di terminal 2 dekat pos polisi naik tangga ke atas hotelnya bersih bisa sewa per 6 jam kamarnya viewnya juga keren langsung bisa lihat pesawat2 yang lepas landas dan mendarat tersedia restoran juga pokoknya tidak perlu menunggu jadwal penerbangan berjam di bandara mending tunggu di hotel ini sambil tiduran keberadaan hotel ini cukup membantu musafir macam saya,BUMN,Bintang 4,JakartaAirportHotelT2,positive,0.9992507100105286,Service Quality,Service Quality (0.93); Facilities & Amenities (0.92); Service Efficiency & Responsiveness (0.92)
Muhammad Zahid,2025,5,Soekarno Hatta Bandara Internasional cgk sibuk namun efisien Bandara Soekarno Hatta Bandara Internasional cgk adalah bandara utama melayani Jakarta dan salah satu bandara tersibuk masuk Asia Tenggara meskipun lalu lintas yang tinggi Bandara ini berhasil memberikan pengalaman yang lancar dan efisien bagi wisatawan terminal yang luas bersih dan dilengkapi dengan fasilitas modern membuatnya menjadi tempat yang nyaman untuk menavigasi Bandara menawarkan berbagai fasilitas termasuk toko bebas bea masuk restoran ruang tamu dan ruang doa pilihan makanan yang beragam menampilkan hidangan lokal Indonesia dan masakan internasional Tanda jelas dan,BUMN,Bintang 4,JakartaAirportHotelT2,positive,0.9985141158103943,Facilities & Amenities,Facilities & Amenities (0.98); Service Efficiency & Responsiveness (0.91); Service Quality (0.90)
Samuel Marvin,2025,5,pertama kali menginap di sini untuk liburan keluarga pelayanannya ramah bagus view hotel juga langsung bisa melihat pesawat anak jadi suka dan senang di kamar,BUMN,Bintang 4,JakartaAirportHotelT2,positive,0.9993509650230408,Service Quality,Service Quality (1.00); Facilities & Amenities (1.00); Staff Conduct & Hospitality (0.99)
Naufal Shafaa,2025,5,Pelayanan baik staf ramah lokasi mudah dijangkau dan enak untuk transit view bandara keren bisa langsung lihat bandara kamar bersih dan luas perjalanan berikutnya jika transit di cgk wajib kesini lagi,BUMN,Bintang 4,JakartaAirportHotelT2,positive,0.9993278980255127,Facilities & Amenities,Facilities & Amenities (1.00); Staff Conduct & Hospitality (1.00); Service Efficiency & Responsiveness (0.99)
Wes,2024,5,Layanan yang sangat baik itu benar masuk bandara jadi sempurna untuk penerbangan hari berikutnya sarapan buffet besar resepsionis dicetak dari tiket boarding kami jendela gambar kita melihat di atas landasan tetapi itu tenang gratis ulang-alik ke terminal kami karpet lorong memudar tapi selain itu itu adalah tinggal yang hebat,BUMN,Bintang 4,JakartaAirportHotelT2,positive,0.9969267249107361,Service Quality,Service Quality (1.00); Facilities & Amenities (1.00); Guest Experience (1.00)
Bambang Sugiyanto,2025,5,tempat strategis karena ada di seputan bandara soeta,BUMN,Bintang 4,JakartaAirportHotelT2,positive,0.9976263642311096,Facilities & Amenities,Facilities & Amenities (0.81); Sustainability & Environmental Quality (0.69); Pricing & Value for Money (0.57)
Zaki Rahman,2025,5,kapan lagi sarapan sambil melihat pesawat mendarat atau berangkat lokasi di terminal 2 soeta di atas 2e dekat dengan skytrain terminal 2 cocok buat yang ingin istirahat semalam sebelum melanjutkan penerbangan ke luar maupun kembali ke dalam,BUMN,Bintang 4,JakartaAirportHotelT2,positive,0.9984031319618225,Food & Beverage,Food & Beverage (0.86); Check in/out Experience (0.81); Family & Group Friendly (0.75)
Lester,2025,5,Suasana yang menyenangkan dan santai suka taman seperti tema,BUMN,Bintang 4,JakartaAirportHotelT2,positive,0.9983306527137756,Ambience & Design,Ambience & Design (0.99); Facilities & Amenities (0.97); Room Quality & Comfort (0.97)
Danijel Bubanovic,2024,5,Hotel yang sangat praktis dan terjangkau untuk harga yang sangat rendah Anda mendapatkan banyak meskipun berada di bandara hotel sangat tenang tidak ada kebisingan pesawat apapun hotel restoran melayani porsi besar makanan menyenangkan mengejutkan dan lebih dari cukup terutama jika Anda lapar staf sangat profesional sopan dan akomodasi hotel bersih hotel menyediakan taksi gratis ke terminal Anda jika Anda bepergian di luar langit kereta jam operasi,BUMN,Bintang 4,JakartaAirportHotelT2,positive,0.9991105198860168,Facilities & Amenities,"Facilities & Amenities (1.00); Cleanliness, Hygiene & Maintenance (0.99); Service Efficiency & Responsiveness (0.99)"
Chef Benz,2025,1,Ketika kita memeriksa keluar kita harus pergi ke terminal 1 concierge mengatakan saya tidak ada bus ulang tahun gratis karena pemesanan kelompok jadi menempatkan kita masuk mobil pribadi dan kita harus membayar Rp 350 0 setelah kita tiba di terminal 1 saya melihat beberapa bus ulang tahun gratis tiba dan hampir kosong kami merasa ditipu,BUMN,Bintang 4,JakartaAirportHotelT2,negative,0.998656153678894,Pricing & Value for Money,Pricing & Value for Money (0.57); Guest Experience (0.53); Check in/out Experience (0.51)
Heidi Fisher,2024,3,Jika Anda harus menghabiskan malam masuk jakarta ini adalah tempat yang sangat nyaman untuk tinggal kamar cukup bersih tapi meskipun kita tidak merokok sisi Anda masih bisa mencium bau asap Anda juga bisa mendengar pengumuman penerbangan sepanjang malam kita hanya ada 7 jam antara penerbangan dan itu cukup senang memiliki tempat untuk tidur tapi itu adalah tempat terburuk kami tinggal masuk beberapa minggu kami bepergian dan mereka benar-benar perlu berinvestasi masuk handuk baru,BUMN,Bintang 4,JakartaAirportHotelT2,positive,0.9550682306289673,Service Quality,Service Quality (0.88); Facilities & Amenities (0.78); Room Quality & Comfort (0.70)
Luki E H,2024,5,Secara keseluruhan baik layanan untuk memeriksa masuk dan transfer ke bandara sangat membantu mereka menawarkan sebuah mobil ulang-alik dari hotel ke T3 dan membantu saya alot dengan bagasi saya mendapat banyak langkah masuk pintu masuk tetapi pria hotel akan membantu Anda sarapan yang baik dan itu disajikan mulai pukul 3 pagi baik untuk mereka dengan penerbangan awal jendela kamar akan memberi Anda melihat pesawat terbang terbang,BUMN,Bintang 4,JakartaAirportHotelT2,positive,0.9947426319122314,Service Efficiency & Responsiveness,Service Efficiency & Responsiveness (1.00); Service Quality (1.00); Facilities & Amenities (1.00)
Wilujeng Farah Haya P,2025,5,kamarnya nyaman transit 6 jam 650rb max checkout jam 10 malam cocok untuk yang ingin istirahat dan bersih2 diri sejenak,BUMN,Bintang 4,JakartaAirportHotelT2,positive,0.9976832866668701,Facilities & Amenities,Facilities & Amenities (0.95); Room Quality & Comfort (0.94); Pricing & Value for Money (0.94)
Richard Wells,2024,5,Malam pendek tapi kami tidur baik air panas instan untuk mandi dan cukur sarapan hebat termasuk penjaga keamanan membantu kami menemukan taksi ke terminal lokal masuk pagi,BUMN,Bintang 4,JakartaAirportHotelT2,positive,0.9981423616409302,Facilities & Amenities,Facilities & Amenities (1.00); Safety & Security (0.99); Service Efficiency & Responsiveness (0.98)
Indra Gunawan,2025,5,untuk domestiknya terminal 2 kok ampuradul ya dari toilet sampai cek masuk nya kurang,BUMN,Bintang 4,JakartaAirportHotelT2,negative,0.995078444480896,Facilities & Amenities,Facilities & Amenities (0.81); Service Quality (0.72); Pricing & Value for Money (0.70)
Wiley Spears,2024,5,Kami tinggal di sini dua kali selama perjalanan saya di seluruh Indonesia sangat nyaman ulang-alik yang bertemu Anda saat tiba dan berjalan setiap jam 24 jam 7 untuk kembali ke terminal mudah untuk mengkoordinasikan dengan sopir melalui whatsapp dan mereka menunggu Anda dengan tanda saat keluar dari ruang tamu hotel lokasi juga tepat di sebelah kereta langit yang sangat nyaman dan berjalan setiap 5 atau sekitar menit selama siang hari berteriak ke han untuk layanan fantastisnya ketika dia mengambil kami makanan cukup baik kamar bersih c pukulan dingin dan mandi sangat panas dengan tekanan yang sangat tinggi,BUMN,Bintang 4,JakartaAirportHotelT2,positive,0.9984442591667175,Service Quality,Service Quality (0.99); Guest Experience (0.98); Check in/out Experience (0.96)
Marcin Stepien,2025,5,pilihan yang bagus untuk menunggu penerbangan berikutnya ketika waktu tunggu Anda untuk penerbangan adalah panjang atau Anda memiliki perubahan penerbangan seperti yang kami lakukan,BUMN,Bintang 4,JakartaAirportHotelT2,positive,0.6942592263221741,Guest Experience,Guest Experience (0.78); Booking & Reservation Experience (0.74); Service Efficiency & Responsiveness (0.60)
Nadia Putri,2024,5,hotel yang menarik ada didalam bandara kamarnya nyaman luas dan bersih apalagi dengan view landasan membuat anak2 sangat senang hotel transit yang sangat cocok untuk dikunjungi makanannya juga enak lho,BUMN,Bintang 4,JakartaAirportHotelT2,positive,0.9995607733726501,Facilities & Amenities,"Facilities & Amenities (0.99); Cleanliness, Hygiene & Maintenance (0.98); Room Quality & Comfort (0.95)"
Michael D.,2024,3,Tempat ini dianjurkan hotel tidak memiliki lift Anda dapat dengan mudah mencapai terminal atau kereta dari hotel kamar-kamarnya sederhana udara sudah usang jendela tidak dapat dibuka untuk alasan keamanan sarapan tidak bisa ditawarkan kepada saya meskipun saya memesan dan membayar untuk kamar untuk satu hari,BUMN,Bintang 4,JakartaAirportHotelT2,negative,0.9077280163764954,Booking & Reservation Experience,Booking & Reservation Experience (0.94); Safety & Security (0.92); Facilities & Amenities (0.85)
L T,2024,3,lokasi yang nyaman terletak di dalam terminal 2 dan terhubung oleh layanan kereta ulang tahun antara terminal namun akses melalui penerbangan tangga diikuti oleh eskalator jika Anda memiliki bagasi berat ini bisa menantang meskipun ada semacam sabuk pengangkut untuk membawa bagasi ke atas tetapi tidak beroperasi ketika kita sampai di sana dan tidak ada porter masuk pemandangan juga untuk membantu layanan ramah masuk layanan umum sarapan dimulai pada pukul 3 pagi yang luar biasa untuk penerbangan awal makanan adalah rata-rata tambah besar adalah layanan ulang tahun bandara ke terminal lain hanya memesan dan bertanya di ruang resepsi tanggal furnished,BUMN,Bintang 4,JakartaAirportHotelT2,positive,0.998275876045227,Service Quality,Service Quality (0.73); Facilities & Amenities (0.70); Guest Experience (0.64)
Devi Sagita Ratri,2024,1,Saat saya memesan dari aplikasi agoda yang mana seharusnya hal ini adalah kerjasama dengan pihak hotel jakarta bandara hotel saya merasa dibohongi karena seharusnya pembayaran adalah hal yang seharusnya paling mudah pihak hotel saya ingin segera membayar dan mendapatkan bukti bayar namun di agoda pihak hotel hanya memberikan opsi debit kredit pembayaran lewat debit tidak langsung dapat ditarik oleh pihak hotel namun harus membayar langsung di hotel sementara saya memesan untuk klien masa klien harus membayar hotel dulu di tempat jika misalnya ada masalah dengan pembayaran debit terkadang pembayaran melalui debit beberapa kali tertolak meskipun saat itu saldo debit tersedia beberapa kali lipat dari yang seharusnya dibutuhkan bahkan ketika saya berusaha pria,BUMN,Bintang 4,JakartaAirportHotelT2,negative,0.9981594681739807,Pricing & Value for Money,Pricing & Value for Money (0.59); Booking & Reservation Experience (0.53); Service Efficiency & Responsiveness (0.34)
Nica Hutabarat,2024,4,Tempat strategis kalau transit tidak mau jauh dari kamarnya cukup nyaman yang tidak nyamanya hotel bintang 3 malah pakai bon warung bukan bon cetak lembaran tempat tidur ada noda seperti bekas kuah makanan odol di kamar mandi dapat yang bekas dan rak kaca ber abu tebal,BUMN,Bintang 4,JakartaAirportHotelT2,negative,0.8848072290420532,Facilities & Amenities,Facilities & Amenities (0.92); Pricing & Value for Money (0.76); Service Quality (0.76)
Giyarti Arti,2024,5,hotel yang sangat strategis untuk transit kami menginap jika ada penerbangan internasional lanjutan atau setelah kedatangan internasional saya tidak pedulikan lemari atau kulkas atau dengan lainnya karena hotel ini memang hotel yang berdiri lumayan lama dari hotel baru sekitar bandara saya hanya perlu bantalnya yang tinggi tapi sangat empuk terasa sangat nyaman setelah berjam penerbangan terima kasih bandara jakarta hotel,BUMN,Bintang 4,JakartaAirportHotelT2,positive,0.9986349940299988,Service Quality,Service Quality (0.95); Room Quality & Comfort (0.93); Service Efficiency & Responsiveness (0.91)
Reta Yudistyana,2024,5,Hotel favorit baru jika lagi bepergian bersama anak anak lokasinya ada di dalam terminal 2 jadi jangan heran jika peta mungkin akan mengarahkan kita turun di depan pintu masuk terminal kamarnya cukup luas viewya langsung ke landasan melihat pesawat lepas landas atau mendarat bisa menjadi atraksi sendiri yang bisa dinikmati di hotel ini karena tujuan menginapnya untuk mengejar pesawat pagi sarapannya selalu minta mengambil away ada dua pilihan set menu sarapan Amerika atau Indonesia keduanya sama enaknya porsinya saat dan bumbunya terasa,BUMN,Bintang 4,JakartaAirportHotelT2,positive,0.9992662072181702,Guest Experience,Guest Experience (0.95); Family & Group Friendly (0.94); Food & Beverage (0.92)
Dholer Jembret,2025,5,enak tidak cape2 saat mau terbang,BUMN,Bintang 4,JakartaAirportHotelT2,positive,0.9713602662086487,Food & Beverage,"Food & Beverage (0.87); Cleanliness, Hygiene & Maintenance (0.85); Facilities & Amenities (0.83)"
Isra Daming,2025,5,selalu dapat kamar yang jauh dari resepsionis,BUMN,Bintang 4,JakartaAirportHotelT2,positive,0.5136362314224243,Facilities & Amenities,Facilities & Amenities (0.65); Guest Experience (0.57); Sustainability & Environmental Quality (0.54)
Amy Toi,2023,3,Hotel Jakarta bandara selama satu malam sebelum menangkap penerbangan pagi hari berikutnya sementara hotel cukup dasar dan masuk kebutuhan beberapa renovasi keramahan staf dan membantu membuat tinggal dapat ditanggung kamar sendiri sedikit tanggal dengan perabot yang usang dan kurangnya fasilitas modern seperti pengering rambut atau besi peti masuk kamar saya juga rusak dan toilet flush cukup lemah,BUMN,Bintang 4,JakartaAirportHotelT2,negative,0.9951984286308289,Staff Conduct & Hospitality,Staff Conduct & Hospitality (1.00); Facilities & Amenities (1.00); Service Quality (0.99)
Kitty Lakatos,2023,3,Pro sangat ramah dan sopan staf kamar bersih tempat tidur nyaman pemandangan luar biasa pilihan sarapan terbatas tapi makanan yang lezat kontra sangat mengganggu untuk membawa tas di tangga tepi handuk menggosok kulkas membutuhkan pemeliharaan karena tidak bekerja dengan benar,BUMN,Bintang 4,JakartaAirportHotelT2,positive,0.801000714302063,"Cleanliness, Hygiene & Maintenance","Cleanliness, Hygiene & Maintenance (0.99); Facilities & Amenities (0.99); Room Quality & Comfort (0.98)"
Niken Larasati,2024,5,kedua kali menginap di sini tempatnya nyaman dan pemandangannya yaitu super sibuk bandara di terminal 2 namun kamarnya kedap suara jadi aman dan tidak berisik room service makanan nya juga enak enak satpam dan staf sangat membantu bawakan koper kita ke atas,BUMN,Bintang 4,JakartaAirportHotelT2,positive,0.9994552731513977,Facilities & Amenities,Facilities & Amenities (0.98); Service Efficiency & Responsiveness (0.96); Service Quality (0.96)
Bintang Meilita P,2024,5,Lokasinya di terminal 2e cocok untuk yang ingin transit atau ada penerbangan pagi2 sekali kamarnya bersih stafnya ramah dan sangat membantu menu makanannya enak dan bervariasi pemandangan dari kamar cantik terutama di malam hari bisa melihat pesawat mendarat dan lepas landas,BUMN,Bintang 4,JakartaAirportHotelT2,positive,0.9995136260986328,Staff Conduct & Hospitality,Staff Conduct & Hospitality (0.99); Facilities & Amenities (0.99); Service Quality (0.99)
Reza Femi Depta Fandari,2023,4,Saya tinggal untuk satu malam di bandara hotel hotel ini mudah untuk menemukan yang merupakan bantuan kamar itu sendiri cukup luas dan memiliki interior yang tua tetapi layak pemandangan dari kamar juga cukup baik menambahkan ke pengalaman keseluruhan namun saya melihat bahwa koridor itu cukup panjang dan gelap yang dapat ditingkatkan untuk meningkatkan suasana keseluruhan meskipun kelemahan kecil ini tinggal saya menyenangkan dan saya menghargai ruang dan interior yang layak dari kamar,BUMN,Bintang 4,JakartaAirportHotelT2,positive,0.9972104430198669,Facilities & Amenities,Facilities & Amenities (1.00); Guest Experience (0.99); Service Quality (0.97)
Gy Store,2024,1,burukklk kami datang tidak disambut dengan ramah oleh keamanan mungkin karena penampilan kami biasa saja tidak lama kemudian datang cindo2 membawa koper banyak langsung di sambut dengan ramah heyy kami membayar harga yang sama untuk menginap giliran kami kasi tip keamanan langsung tersenyum manis ke kami dan saya drop bagasi kami pelayanan super buruk masukan lagi di resepsionis dilihat seperti kami orang kurang mampu buruk buruk sekali terasa sekali diskriminasi cukup sekali tidak sekali tidak dua kali kebetulan saya membawa orang tua saya setelah memeriksa di google review ternyata banyak yang mengalami hal sama saya pernah nginap di bandara jauh lebih ramah pelayanan mereka dibandingkan hotel ini,BUMN,Bintang 4,JakartaAirportHotelT2,negative,0.9993171691894531,Guest Experience,Guest Experience (0.88); Check in/out Experience (0.72); Pricing & Value for Money (0.70)
MSy Khair,2024,5,Dari kamar bisa melihat pesawat lepas landas dan mendarat hotel ini sangat cocok buat yang mau tinggal untuk transit di bandara soetta kamar bersih staf ramah menu sarapan juga enak lokasi sangat dekat terminal 2e dan 2d tidak jauh dari stasiun skytrain,BUMN,Bintang 4,JakartaAirportHotelT2,positive,0.999458372592926,Facilities & Amenities,Facilities & Amenities (0.99); Service Quality (0.98); Staff Conduct & Hospitality (0.97)
Andy Mengz,2023,4,Lokasinya sangat strategis di terminal 2e dan 2f bandara kamarnya banyak ada sekitar 80 kamar memanjang hanya 1 lantai kamarnya kamar tua tapi masih lumayan bagus pelayanan juga bagus hanya saja telepon untuk layanan kamar rusak tapi untung bisa telopon melihat nomornya di google buat minta pengering rambut sarapan lumayan enak tapi bervariasi standar oiya bisa shuttle juga ke terminal lainya oke no complain sih,BUMN,Bintang 4,JakartaAirportHotelT2,positive,0.9984557628631592,Service Quality,Service Quality (0.90); Facilities & Amenities (0.69); Service Efficiency & Responsiveness (0.61)
Muhammad Muqsith,2024,4,masuk transit menunggu penerbangan berikutnya tetapi tidak berniat untuk pergi ke mana-mana di luar area bandara keluar dari hotel membawa Anda sangat dekat dengan ruang keberangkatan dari terminal 2 dan kanan masuk depan stasiun kereta api ulang-alik hotel ini memenuhi kebutuhan dasar dan fasilitas sehingga Anda tidak dapat mengharapkan banyak sarapan antara 0300 sampai 0900 waktu lokal jendela tampilan menarik anak-anak Anda akan suka menonton pesawat lewat di asfalta dan landasan terbang melihat kanan dari kenyamanan kamar anti kebisingan Anda satu hal tentang akses meskipun hanya oleh sepasang eskalator dan tangga sone jadi roda,BUMN,Bintang 4,JakartaAirportHotelT2,positive,0.9991649389266968,Facilities & Amenities,"Facilities & Amenities (1.00); Guest Experience (0.92); Location, Accessibility & Parking (0.92)"
Aliexsalma,2025,5,ramah banget pelayanan sarapan semuanya okee,BUMN,Bintang 4,JakartaAirportHotelT2,positive,0.9964646100997925,Service Quality,Service Quality (0.99); Guest Experience (0.98); Facilities & Amenities (0.98)
Putu Aditya Perdana Giri,2024,4,Anda bisa dengan mudah sampai ke toko mana pun di terminal jika Anda perlu pergi ke terminal lain Anda dapat mengambil skytrain tepat masuk di depan Anda atau mengambil bus ulang kamar tidak mewah tetapi bersih nyaman dan tenang tidak untuk liburan panjang tetapi jika hanya tinggal singkat itu lebih dari cukup perk ekstra Anda dapat langsung melihat pelindung dan taxiway dari jendela kamar Anda,BUMN,Bintang 4,JakartaAirportHotelT2,positive,0.9970394968986511,Facilities & Amenities,"Facilities & Amenities (0.99); Cleanliness, Hygiene & Maintenance (0.95); Service Efficiency & Responsiveness (0.94)"
Dee,2025,5,berlokasi di dalam terminal 2d 2e hotel ini menjadi pilihan bagi penumpang yang membutuhkan hotel sebelum melanjutkan perjalanan dengan pesawat di bandara soekarno hatta hotelnya tidak luas sepanjang lorong terdiri dari banyak kamar yang menghadap bandara kamarnya standar tidak luas tapi bersih dan cukup lengkap fasilitasnya sarapannya ada beberapa pilihan dengan rasa yang lumayan enak stafnya ramah dan membantu para pelanggan yang ingin menginap di hotel tersebut sayangnya ketika membayar saya minta struk pembayaran tidak diberikan oleh resepsionis nanti saja ketika memeriksa keluarnya diberikannya mengatakan resepsionis tsb ternyata ketika saya memeriksa keluar struk pembayaran tagihan tidak diberikan oleh resepsionis,BUMN,Bintang 4,JakartaAirportHotelT2,positive,0.9992501139640808,Staff Conduct & Hospitality,Staff Conduct & Hospitality (0.97); Facilities & Amenities (0.97); Service Efficiency & Responsiveness (0.91)
Madison P,2023,4,Kami hanya berada di sana untuk beberapa jam singkat di antara penerbangan tapi itu adalah pengalaman yang baik mereka juga mengakomodasi kami pada menit terakhir yang adalah penyelamat kehidupan staf resepsi sangat cepat dan membantu dan layanan ulang-alik gratis ke terminal yang berbeda sangat baik mereka juga menyediakan kotak sarapan untuk penerbangan awal kami namun itu adalah hal yang baik kami berada di sana untuk waktu yang singkat karena kamar mandi bocor di mana-mana bukan hanya dari caulking di toilet tetapi juga mandi di atas itu saluran masuk mandi tampak super macet dan kamar,BUMN,Bintang 4,JakartaAirportHotelT2,positive,0.6925193667411804,Service Efficiency & Responsiveness,Service Efficiency & Responsiveness (1.00); Guest Experience (0.99); Staff Conduct & Hospitality (0.99)
Josh Hixson,2024,2,Old run down hotel mandi tersumbat dan tirai retak tapi yang terpenting masuk terminal yang salah jadi jika penerbangan Anda awal trem ditutup dan ulang-alik hanya pada jam kami menemukan diri kita mencoba untuk bernegosiasi taksi 300 0 rupee hanya 10 menit waktu perjalanan,BUMN,Bintang 4,JakartaAirportHotelT2,negative,0.9931240677833557,Facilities & Amenities,"Facilities & Amenities (0.99); Location, Accessibility & Parking (0.87); Pricing & Value for Money (0.86)"
Victoria Imron,2019,5,Saya memiliki pengalaman yang hebat tinggal masuk hotel ini layanan ulang-alik gratis sangat baik saya bepergian dengan 2 anak kecil dan kru hotel sangat membantu menghadiri semua kebutuhan saya kamar itu tenang dan nyaman putriku senang untuk menonton pesawat lepas landas setiap menit dari kamar jendela pasti akan tinggal lagi,BUMN,Bintang 4,JakartaAirportHotelT2,positive,0.9990383386611938,Facilities & Amenities,Facilities & Amenities (1.00); Guest Experience (0.99); Staff Conduct & Hospitality (0.99)
iing muttakhiroh,2023,4,Lokasi hotel sangat sempurna di dalam bandara masuk terminal 2 yang antara terminal 1 dan 3 dan tepat masuk depan gerbang skytrain mereka juga memiliki sangat nyaman gratis ulang-alik antara terminal staf yang baik dan sarapan juga makanan Indonesia lezat kamar cukup untuk dua orang dewasa tidak begitu luas tetapi memiliki pemandangan yang sangat indah kelemahan adalah furnitur hotel sedikit tua juga ketika pertama kali masuk ke kamar itu memiliki bau jamur jika hanya mereka dapat memperbaiki ini pasti kami bersedia membayar lebih,BUMN,Bintang 4,JakartaAirportHotelT2,positive,0.9965212345123291,Facilities & Amenities,Facilities & Amenities (0.99); Service Quality (0.92); Food & Beverage (0.83)
Saleemkhan niazi,2025,4,sangat baik manajemen dan khusus dekat dengan bandara jadi untuk bepergian pilihan terbaik untuk tinggal,BUMN,Bintang 4,JakartaAirportHotelT2,positive,0.9985643029212952,Service Quality,Service Quality (1.00); Facilities & Amenities (1.00); Personalized & Special Services (1.00)
Henk Smit,2023,3,Saya berada di sini untuk tinggal singkat antara penerbangan menghubungkan saya nyaman bahwa itu di bandara tapi sisanya begitu jadi kamar mandi baik dan bersih tapi tua itu bising masuk kamar Anda van mendengar pengumuman bandara lain kali dengan waktu singkat masuk antara saya mungkin pergi lagi tapi dengan sedikit lebih waktu saya akan mengemudi ke hotel yang lebih modern atau mungkin menemukannya di bandara masuk terminal yang berbeda,BUMN,Bintang 4,JakartaAirportHotelT2,negative,0.984289824962616,Facilities & Amenities,"Facilities & Amenities (1.00); Cleanliness, Hygiene & Maintenance (0.99); Service Quality (0.98)"
Achmad Muklis (Abu Aishah),2025,5,dianjurkan untuk setiap wisatawan namun masuk ke area bandara kurang dari 10 menit dari terminal 3 tersedia bus ulang-alik drop dan mengambil setiap 1 jam,BUMN,Bintang 4,JakartaAirportHotelT2,neutral,0.6726452708244324,Facilities & Amenities,Facilities & Amenities (0.86); Service Efficiency & Responsiveness (0.85); Service Quality (0.80)
Ruben De Rozario,2024,4,Kamarnya sempurna untuk malam tidak banyak kebisingan dari pesawat penerimaan dan personil di mana sangat ramah restoran dengan sarapan juga baik jangan berharap hotel 4 atau 5 bintang kita suka kembali,BUMN,Bintang 4,JakartaAirportHotelT2,positive,0.9983604550361633,Food & Beverage,Food & Beverage (0.99); Staff Conduct & Hospitality (0.99); Facilities & Amenities (0.99)
Hafiyyan Lindur,2025,5,Bangunan jadul tapi cukup seminggu untuk istirahat,BUMN,Bintang 4,JakartaAirportHotelT2,positive,0.9225513339042664,Facilities & Amenities,Facilities & Amenities (0.88); Cultural & Heritage Experience (0.72); Sustainability & Environmental Quality (0.58)
jen,2022,5,layanan terbaik pernah stafnya ramah dan baik banyak bantu kami ayah saya menggunakan kursi roda sangat terbantu oleh stafnya naik turun tangga dan eskalator kami juga dibantu antar ke cek masuk counter soal fasilitas oke banget kamar dengan pemandangan pesawat lepas landas dan mendarat sarapannya enak enak sudah siap mulai jam 4:30 bahkan mungkin sebelum itu cocok buat penerbangan pagi pagi,BUMN,Bintang 4,JakartaAirportHotelT2,positive,0.9993411898612976,Facilities & Amenities,Facilities & Amenities (0.99); Service Quality (0.99); Staff Conduct & Hospitality (0.99)
S Smith,2022,2,Kamar pertama yang saya diberikan masuk perbaikan buruk AC tetes air di lantai pintu di lemari hampir jatuh ada retakan dll masuk dinding lemari pintu hampir jatuh dan tidak akan menutup sepenuhnya meninggalkan cahaya di bahwa saya tidak bisa mematikan dan yang terburuk dari semua mandi tidak akan mengalir saya mengeluh dan staf datang masuk untuk memperbaikinya dan menemukan pelukan dan super menjijikkan klump rambut dan saya tidak tahu apa lagi menyumbat saluran pembuangan saya benar-benar kotor keluar namun begitu mereka menempatkan saya masuk kamar yang berbeda semuanya,BUMN,Bintang 4,JakartaAirportHotelT2,negative,0.9994245767593384,Facilities & Amenities,Facilities & Amenities (0.95); Complaint Handling & Service Recovery (0.82); Check in/out Experience (0.80)
Waqar Ali Gill,2024,3,lokasi yang sangat bingung itu di terminal 2 gerbang 4 dan semua penerbangan internasional mendarat di terminal 1 dari T1 ke T2 Anda membutuhkan taksi yang akan mengenakan biaya antara 10 sampai 20 dan 20 menit sopir yang berhati-hati juga tidak baik dan sangat rumit hotel tua dan kamar kecil juga sangat kecil,BUMN,Bintang 4,JakartaAirportHotelT2,negative,0.9978817105293274,Pricing & Value for Money,"Pricing & Value for Money (0.85); Location, Accessibility & Parking (0.78); Facilities & Amenities (0.69)"
Padraig Seif,2022,5,hotel bandara pergi mereka biasanya mahal dan tidak sangat baik Anda membayar untuk kenyamanan baik hotel ini mungkin pengecualian harga yang wajar terletak langsung antara terminal 2d dan 2e di lantai dua mereka telah direnovasi lobi area dan bar kafe kamar tidak ada untuk menulis rumah tentang tapi mereka bersih dan kamar mandi besar tempat tidur baik-baik saja pemandangan fantastis jika Anda tertarik masuk pesawat Anda mengabaikan landasan dan apron dari terminal 2 staf ramah dan berbicara harga besar bahasa inggris yang masuk akal dan layanan kamar makanan yang lezat dan murah pijat kamar,BUMN,Bintang 4,JakartaAirportHotelT2,positive,0.998372495174408,Facilities & Amenities,"Facilities & Amenities (1.00); Pricing & Value for Money (0.99); Cleanliness, Hygiene & Maintenance (0.96)"
Muhammad A,2023,4,kamar dan pelayanan bagus sekali rekomendasi buat para wisatawan untuk menginap di sini jika transit sudah dilengkapi pengantaran gratis ke bandara harga terjangkau kamar tidak berisik bersih dan rapi dekat dengan alfamart dan indomaret walau minus tidak ada hotel sandal rata-rata hotel ini dianjurkan banget,BUMN,Bintang 4,JakartaAirportHotelT2,positive,0.9993674159049988,Facilities & Amenities,"Facilities & Amenities (0.99); Service Quality (0.99); Cleanliness, Hygiene & Maintenance (0.98)"
Master of Asia,2023,5,hotel terletak di terminal 2 kesan pertama saya adalah begitu banyak tangga lol meskipun hotel ini ditandai hotel transit di papan tulis masuk bandara tapi kesan pertama adalah tangga ketika Anda tiba di sini tapi Anda tidak perlu khawatir bahwa ada porter dan dia bisa membantu Anda membawa bagasi Anda ke kamar Anda mereka akan membantu Anda ketika checkout juga staf baik dan kamar juga bersih kita dapat melihat bandara dari kamar atau kokpit restoran restoran memiliki total bir di sini adalah hotel yang baik saya pikir,BUMN,Bintang 4,JakartaAirportHotelT2,positive,0.9988718628883362,"Cleanliness, Hygiene & Maintenance","Cleanliness, Hygiene & Maintenance (1.00); Service Efficiency & Responsiveness (1.00); Service Quality (1.00)"
Noreen Rudd,2023,5,Mereka bertemu pesawat kami dan memandu kami kembali ke hotel kemudian membawa kami kembali masuk sebuah pesawat ulang-alik ketika kami meninggalkan restoran itu tenang dengan makanan dan layanan yang baik yang paling mengesankan adalah seberapa tahan suara kami bisa melihat pesawat datang dan pergi dari kamar kami tapi hampir tidak mendengar mereka itu adalah pengalaman yang sangat positif,BUMN,Bintang 4,JakartaAirportHotelT2,positive,0.9973033666610718,Service Quality,Service Quality (1.00); Service Efficiency & Responsiveness (1.00); Facilities & Amenities (1.00)
Ari Duwila,2023,5,Bandara soeta adalah bandara dengan fasilitas yang bisa dikatakan wah toilet yang bersih dilengkapi dengan tempat nonginap sangat baik dimana sangat membantu para penumpang transit untuk beristirahat hanya sedikit saran dari saya hanya pada tempat duduk penumpang yang terdapat di tiap2 mendapatkan agar di upgrade agar lebih nyaman lagi,BUMN,Bintang 4,JakartaAirportHotelT2,positive,0.9979115128517151,Facilities & Amenities,"Facilities & Amenities (0.99); Service Quality (0.98); Cleanliness, Hygiene & Maintenance (0.98)"
Katherine Nguyen,2024,2,layanan resepsi sangat miskin wanita menangani proses checkout berbicara bahasa inggris sangat miskin mereka bekerja super lambat dan bahkan tidak berbicara satu sama lain bahkan memberikan mereka informasi lengkap dengan catatan dan menjelaskan sepenuhnya ketika memeriksa masuk tetapi mereka membuat kesalahan dan tidak membetulkan pada waktunya mereka tidak mampu dan tidak bertanggung jawab toilet terjebak layanan buruk dan lambat di mana-mana di sini,BUMN,Bintang 4,JakartaAirportHotelT2,negative,0.9993495345115662,Check in/out Experience,Check in/out Experience (0.99); Guest Experience (0.99); Staff Conduct & Hospitality (0.87)
archie fleay,2023,3,Hotel tata letak membuat sedikit sulit untuk berjalan ke atas tangga tapi staf yang baik untuk membantu dengan bagasi kamar terlalu hangat lama saat check masuk membutuhkan waktu untuk kamar untuk mendinginkan dari kulkas kondisinya bekerja baik menjaga makanan dan minuman dingin tidur damai dan tenang ketika tidak ada penerbangan yang terjadi,BUMN,Bintang 4,JakartaAirportHotelT2,positive,0.9976354837417603,Facilities & Amenities,Facilities & Amenities (1.00); Service Efficiency & Responsiveness (1.00); Staff Conduct & Hospitality (1.00)
Simon Proudman,2023,3,lokasi adalah kunci untuk hotel ini di antara area kedatangan dan keberangkatan dari terminal 2 bertepatan kamar tapi cukup tenang masalah terbesar adalah kurangnya lift atau eskalator hanya banyak langkah dan ramp curam untuk menyeret bagasi Anda ke atas atau ke bawah yang tidak ideal jika Anda memiliki beberapa tas,BUMN,Bintang 4,JakartaAirportHotelT2,positive,0.9319611191749573,"Location, Accessibility & Parking","Location, Accessibility & Parking (0.99); Facilities & Amenities (0.96); Service Quality (0.62)"
Sergejs Ponomarjovs,2024,5,malam yang tak terlupakan di jakarta paling nyaman terletaknya kapsul waktu jakarta bandara hotel bayangkan berada begitu dekat dengan penerbangan berikutnya Anda bisa praktis naik masuk piyama Anda selamat datang ke jakarta bandara hotel satu-satunya tempat di mana menangkap penerbangan mungkin berarti benar-benar jogging dari kamar Anda ke gerbang ini bukan hanya sebuah hotel itu adalah limbo antara zona waktu sebuah surga untuk jet yang terus-menerus tertinggal dan masterclass masuk bandara kenyamanan lokasi sangat baik itu hampir lucu tertanam masuk jantung terminal 2e itu seperti tidur masuk perut,BUMN,Bintang 4,JakartaAirportHotelT2,positive,0.9984096884727478,Facilities & Amenities,Facilities & Amenities (0.95); Check in/out Experience (0.87); Guest Experience (0.85)
Ree Zee,2022,5,sarapan luar biasa memberikan lima bintang adalah di bawah dinilai saya akan dengan mudah memberi mereka lebih dari lima bintang mereka disajikan sehat kualitas terbaik dan rasa yang sempurna kompliment untuk koki keramahan adalah fantastis okei dan staf mereka super baik dan menyambut di seluruh kamar hotel dll baik staf depan dan semua orang yang ramah sangat direkomendasikan waktu dan uang yang dihabiskan baik terima kasih,BUMN,Bintang 4,JakartaAirportHotelT2,positive,0.9990377426147461,"Loyalty, Recommendation & Appreciation","Loyalty, Recommendation & Appreciation (0.99); Staff Conduct & Hospitality (0.99); Guest Experience (0.97)"
Amelia P. N,2022,5,sangat cocok untuk menginap di bandara jika kita terbang pagi atau sedang transit view nya dari kaca jendela ke bandara tapi jika mengambil kamar standar harus sabar jalan ke kamar paling ujung deluxe di tengah2 lorong eksekutif dekat lobi fasilitas lengkap sama seperti hotel bintang lainnya rapi dan rapi,BUMN,Bintang 4,JakartaAirportHotelT2,positive,0.9987137317657471,Facilities & Amenities,Facilities & Amenities (0.97); Service Quality (0.90); Service Efficiency & Responsiveness (0.73)
TOFIK HIDAYAT,2025,5,mantap untuk pelayanan enak saja di dalam bandara bandaraya jadi bisa ke kejar penerbangan pagi,BUMN,Bintang 4,JakartaAirportHotelT2,positive,0.9991230368614197,Service Quality,Service Quality (0.98); Facilities & Amenities (0.98); Guest Experience (0.97)
The Mako: Experience,2019,5,Saya tinggal masuk hotel ini hanya untuk satu malam tetapi pengalaman saya sangat baik saya pasti dapat merekomendasikan kepada mereka yang perlu istirahat setelah atau sebelum perjalanan panjang saya lelah setelah gempa bumi seragam jadi ketika pesawat saya dari lombok mendarat masuk jakarta saya diatur ke hotel ini segera resepsionis sangat baik dan membantu fasilitas ini menawarkan semua yang Anda mungkin perlu sangat nyaman tempat tidur sikat gigi mandi panas dan bahkan pemandangan yang bagus,BUMN,Bintang 4,JakartaAirportHotelT2,positive,0.9983037710189819,Facilities & Amenities,Facilities & Amenities (1.00); Service Quality (1.00); Service Efficiency & Responsiveness (0.99)
Ryan Ristiady,2023,5,pertama kalinya saya tahu jika ada hotel tepat di dalam terminal bandara ini sangat keren dengan pemandangan landasan Anda dapat melihat pesawat lepas landas setiap kali pengaturan kamar itu bagus i semua fitur di dalam kamar karyawan juga sangat baik sangat membantu untuk harga itu hanya adil Anda membayar apa mendapatkannya ohh ya satu lagi berpikir tentang sarapan itu sangat lezat saya penuh,BUMN,Bintang 4,JakartaAirportHotelT2,positive,0.999099612236023,Facilities & Amenities,Facilities & Amenities (1.00); Pricing & Value for Money (1.00); Service Efficiency & Responsiveness (0.99)
Bryson Voirin,2017,5,Berikan ulasan yang beragam saya ragu untuk memesan hotel ini tetapi saya sangat terkesan untuk 35 mereka menawarkan kamar siang untuk sampai enam jam itu sangat layak itu AC bekerja sangat baik kamar mandi sangat modern dan itu adalah tempat yang jauh lebih baik untuk menghabiskan enam jam kemudian masuk terminal itu di atas terminal dua sebelum keamanan,BUMN,Bintang 4,JakartaAirportHotelT2,positive,0.9952880144119263,Facilities & Amenities,Facilities & Amenities (1.00); Service Quality (0.97); Room Quality & Comfort (0.93)
Javier Abid Hamizan,2024,5,hotel yang bagus buat staycation view landasan bisa melihat pesawat lepas landas dan mendarat kita tidak terbang kemana2 seh cuma mau nginep saja bener2 menikmati bandara soekarno hatta ke bandara naik kereta trus mengeksplorasi terminal 2 dan 3 baru kali ini santai banget ke bandara yang biasa buru2 dan riweh karena mau naik pesawat luar biasa seh buat isi liburan,BUMN,Bintang 4,JakartaAirportHotelT2,positive,0.9986189603805542,Facilities & Amenities,Facilities & Amenities (0.74); Guest Experience (0.73); Family & Group Friendly (0.70)
Mark Fischl,2025,4,solid dengan sarapan yang baik jika Anda perlu tinggal di bandara,BUMN,Bintang 4,JakartaAirportHotelT2,positive,0.980032205581665,Sustainability & Environmental Quality,Sustainability & Environmental Quality (0.93); Food & Beverage (0.93); Facilities & Amenities (0.88)
IC Chan,2023,4,lokasi yang nyaman Anda dapat mengambil skytrain bebas dari terminal lain cepat memeriksa masuk dan tempat tidur yang nyaman semua yang bersih mandi adalah besar dan fasilitas yang tersedia sampo tubuh mencuci sikat gigi pasta sikat mandi topi q tips wifi kuat pemandangan indah bandara dan pesawat harga makanan yang wajar satu sisi bawah cahaya dari aircon cukup cerah di malam hari juga akan ada wisatawan datang masuk dan keluar hampir setiap saat Anda mungkin perlu earplugs jika Anda seorang yang tidur ringan,BUMN,Bintang 4,JakartaAirportHotelT2,positive,0.9993908405303955,Facilities & Amenities,"Facilities & Amenities (1.00); Service Efficiency & Responsiveness (0.98); Cleanliness, Hygiene & Maintenance (0.98)"
James Kerr,2023,4,agak sulit untuk menemukan dari kereta langit tapi masuk tempat yang baik dekat terminal makanan baik dan staf yang indah meminta untuk sebuah kamar dekat resepsi jadi Anda tidak berjalan 15km di lorong ke kamar Anda,BUMN,Bintang 4,JakartaAirportHotelT2,positive,0.991938054561615,Facilities & Amenities,Facilities & Amenities (1.00); Service Quality (0.99); Service Efficiency & Responsiveness (0.96)
Lily,2021,5,Aku dan temanku tinggal di sini masuk Desember 2019 untuk malam air conditioning luar biasa mandi memiliki tekanan air yang besar dan penempatan hotel masuk bandara membuat kamar kami merasa sangat pribadi cek masuk dan perpanjangan waktu check-out kami karena kami menunggu untuk penerbangan terlambat berjalan lancar kami tidak makan di restoran hotel tapi kami memiliki akses mudah ke berbagai masuk bandara restoran dalam jarak berjalan kaki serta beberapa toko terutama toko kenyamanan dengan slushi strawberry yang teman saya masih rave tentang harga sangat terjangkau,BUMN,Bintang 4,JakartaAirportHotelT2,positive,0.9989016056060791,Facilities & Amenities,"Facilities & Amenities (0.99); Check in/out Experience (0.99); Location, Accessibility & Parking (0.96)"
Rajandran john,2025,5,Layanan lingkungan yang terorganisir dengan baik dan bersih baik dan patut dipuji,BUMN,Bintang 4,JakartaAirportHotelT2,positive,0.9904356002807617,Facilities & Amenities,"Facilities & Amenities (1.00); Service Quality (1.00); Cleanliness, Hygiene & Maintenance (1.00)"
Nadya Ferina,2024,4,disini karena antar ayah mau berangkat umroh jamaahnya pada ngumpul disini untuk dibrefin pembekalan selama umroh saya hanya sampai depannya saja,BUMN,Bintang 4,JakartaAirportHotelT2,neutral,0.8591408133506775,Family & Group Friendly,"Family & Group Friendly (0.93); Check in/out Experience (0.82); Loyalty, Recommendation & Appreciation (0.81)"
Samuel Vartek,2023,2,Lokasi yang bagus tepat di bandara untuk menginap malam kamar kecil tapi baik masalah saya adalah wifi yang merangkak lambat dan saya harus bekerja dan mengunggah file staf tidak membantu mereka mengirim seorang teknisi yang mengatakan mereka harus memiliki seluruh bandara restart modem percaya mereka saya tinggal di atas malam mengunggah dan tidak membuatnya takut pekerjaan saya saya pergi ke bandara tepat di sebelah dan internet ada super cepat tapi staf di hotel mengatakan mereka berbagi bandara wifi tapi tidak semua yang harus saya lakukan adalah mengunjungi warung kopi masuk bandara untuk mendapatkan wifi,BUMN,Bintang 4,JakartaAirportHotelT2,negative,0.9840990304946899,Service Quality,Service Quality (0.85); Guest Experience (0.81); Facilities & Amenities (0.78)
Marco M,2023,5,pengalaman yang sangat baik jadi di mana saya mulai saya telah datang ke sini dua kali dan akan kembali setiap kali saya bepergian ke indonesia ke timur jauh saya datang ke sini masuk jakarta dan saya suka melihat lagi arif dan tim pelayan dari resepsi untuk staf menunggu mereka benar-benar melakukan segala sesuatu yang mereka bisa untuk memastikan tamu memiliki pengalaman yang luar biasa saya suka makanan karena saya harus menunggu lebih dari 20 jam untuk penerbangan saya datang ke sini untuk makan tepat saat masuk indonesia dan sampai saya meninggalkan jakarta saya telah makan di sini serta membawa keluar untuk sorong makanan luar biasa pekerjaan yang hebat untuk semua tim mereka,BUMN,Bintang 4,JakartaAirportHotelT2,positive,0.9982865452766418,Staff Conduct & Hospitality,Staff Conduct & Hospitality (1.00); Service Quality (0.97); Guest Experience (0.96)
Sintia Dewi,2024,3,kmrn nginep disni ditanggal 31 jan 1 feb cuci wajah ketinggalan dikamar mandi saat ditnny tgl 2 feb katanya tidak ada di hilang dan ditemukan aneh bngt padahal sblm bepergian nginep dsni terakhir tolonh diperbaiki untuk layanan biar lebih ramah2 jg tanya masalah apa agak jutek terimakasih,BUMN,Bintang 4,JakartaAirportHotelT2,negative,0.9924542307853699,Service Quality,Service Quality (0.93); Guest Experience (0.88); Check in/out Experience (0.75)
Sania Zalsabillah,2025,5,makanannya enk stafnya ramah ramah apa lagi ka amel melayaninya ramah skli rekomendasi bngt buat yang ke bandara jgn lupa mampir,BUMN,Bintang 4,JakartaAirportHotelT2,positive,0.9991191029548645,Food & Beverage,Food & Beverage (0.99); Staff Conduct & Hospitality (0.99); Service Quality (0.99)
Fitriawati,2023,5,kamar bersih bell boy sangat tanggap view dari kamar oke banget sangat cukup untuk yang mau istirahat transit sayangnya dpt kamar lumayan jauh dari lobi karena lorongnya sangat panjang kamar hanya 1 baris bukan berhadapan,BUMN,Bintang 4,JakartaAirportHotelT2,positive,0.9976171851158142,Service Quality,"Service Quality (0.95); Service Efficiency & Responsiveness (0.89); Cleanliness, Hygiene & Maintenance (0.86)"
Nathanael Undas,2024,4,listrik entah bagaimana mati hampir melewatkan penerbangan saya karena itu pemeriksaan bagasi dilakukan secara manual juga petugas membuka bagasi satu per satu Anda dapat membayangkan bahwa omg tidak ada detektor portabel tersedia,BUMN,Bintang 4,JakartaAirportHotelT2,negative,0.995535135269165,Check in/out Experience,Check in/out Experience (0.81); Booking & Reservation Experience (0.74); Service Efficiency & Responsiveness (0.73)
Heather Gregg,2017,4,Saya tinggal di sini dua kali antara perjalanan masuk dan keluar dari negara dan memiliki pengalaman yang sangat baik staf sangat ramah kamar bersih dengan mandi yang bagus dan Anda tidak bisa mengalahkan lokasi saya membayar sekitar 60 USD per malam sehingga itu terjangkau mereka akan menyimpan tas dengan biaya yang wajar satu hal kecil adalah bahwa mereka tidak memiliki lift jadi jika Anda menunggu di bawah tangga oleh detektor logam seseorang akan datang membantu dengan bagasi jika tidak itu akan sulit saya akan tinggal lagi,BUMN,Bintang 4,JakartaAirportHotelT2,positive,0.99732506275177,Facilities & Amenities,Facilities & Amenities (1.00); Pricing & Value for Money (0.99); Staff Conduct & Hospitality (0.99)
bliss Song,2023,3,Waktu tunggu di terminal 2 terlalu lama jadi saya menggunakan restoran tidak menggunakan tempat masuk terminal 2 untuk digunakan lewat malam saya tidak melihat kamar restoran itu bersih dan ramah tapi bau seperti rokok karena terhubung ke area merokok,BUMN,Bintang 4,JakartaAirportHotelT2,negative,0.7812433838844299,Facilities & Amenities,"Facilities & Amenities (0.89); Service Quality (0.89); Cleanliness, Hygiene & Maintenance (0.85)"
MZ “Mas muh” Djakawidada,2023,5,minggu sore tgl 1 10 23 kami ke bandara suta naik bluebird bertiga menuju ke pintu 2 e untuk cek masuk dengan tujuan palangkaraya dengan pesawat singa pengalaman udara pertama naik untuk 2 bandara suta ke palangkaraya bersama istriku kondisinya bangunan bersih bagus,BUMN,Bintang 4,JakartaAirportHotelT2,positive,0.9988932013511658,Check in/out Experience,"Check in/out Experience (1.00); Service Quality (0.97); Cleanliness, Hygiene & Maintenance (0.96)"
galoeh adhiesetyo,2020,3,Saya masuk kamar nomor 11 kamar jauh dari resepsionis jalan pintas saya pikir lebih baik untuk mempercepat akses ke kamar dengan jumlah kecil Anda akan merasa masuk hotel lama karena furnitur adalah gaya vintage handuk itu buruk tepi handuk itu hancur hotel akan memberikan kualitas handuk itu benar-benar kecewa kamar tidur itu benar-benar besar cinta itu,BUMN,Bintang 4,JakartaAirportHotelT2,negative,0.9983054399490356,Guest Experience,Guest Experience (0.22); Facilities & Amenities (0.16); Check in/out Experience (0.13)
zuk z2,2025,5,pilihan yang baik untuk melarikan diri dari jam menunggu,BUMN,Bintang 4,JakartaAirportHotelT2,positive,0.9602735638618469,Safety & Security,Safety & Security (0.73); Guest Experience (0.65); Sustainability & Environmental Quality (0.55)
Fitra Ara,2023,5,seru tidak terbang pesawat dari kamar dulunya ini tempat untuk melihat pesawat terbang tapi sekarang dijadiin hotel kecil sih hotelnya sederhana tapi nyaman pelayanannya juga ramah makanan enak di resto dengan pemandangan pesawat parkir terbang dan turun seru juga,BUMN,Bintang 4,JakartaAirportHotelT2,positive,0.9979844093322754,Facilities & Amenities,Facilities & Amenities (0.99); Service Efficiency & Responsiveness (0.96); Staff Conduct & Hospitality (0.96)
Anna Bruchhausen,2023,4,Hotel ini terletak langsung di terminal 2 dan dapat dengan mudah dicapai melalui skytrain jika satu mendarat di terminal lain hotel ini juga menawarkan layanan ulang-alik gratis ke terminal lain pada malam hari ketika kereta langit tidak berjalan sarapan tersedia dari jam 3 pagi dan seterusnya jadi meskipun Anda memiliki penerbangan awal Anda dapat makan di restoran nasi goreng sangat baik dan hotel juga akomodasi untuk pilihan vegan vegetarian staf hotel sangat ramah dan terutama ricky melakukan pekerjaan yang hebat mengatur transportasi untuk malam masuk kamar-kamar bersih dan memiliki fasilitas dan persediaan dasar,BUMN,Bintang 4,JakartaAirportHotelT2,positive,0.9991521835327148,Staff Conduct & Hospitality,Staff Conduct & Hospitality (0.97); Family & Group Friendly (0.97); Food & Beverage (0.96)
Doni Irawan,2024,1,petugas checkin yang menyebalkan sudah ngantri panjang saat sampai konter nya sruh checkin online padahal waktu terbang sudah 30 menit lagi kalau saya tidak bawa bagasi mngkin saya tidak perlu ke konter akhirnya saya kejar kejaran begitu buruk,BUMN,Bintang 4,JakartaAirportHotelT2,negative,0.9994033575057983,Service Quality,Service Quality (0.93); Guest Experience (0.82); Check in/out Experience (0.79)
Regina,2020,3,ini pertama kalinya saya menginap di hotel ini saya menginap di sini karena pihak maskapai menjadwal ulang penerbangan saya secara sepihak tanpa pemberitahuan apapun yang saya bisa karena terlalu kesal dan emosi saya pun memutuskan untuk segera mungkin beristirahat dan mencari tempat terdekat tidak sengaja saya melihat hotel ini karena kebetulan saya sedang di T2 saat checkin sebagai berjalan masuk tamu saya bertanya berapa harga kamar untuk 1 malam dan fo menjawab Rp 900 0 malam untuk tipe kamar eksekutif deluxe dan saya bertanya apakah ada tipe di bawah itu dengan harga yang agak masuk akal kemudian agen resepsi mengatakan tidak ada karena kebetulan hotel sedang penuh menurut saya ini,BUMN,Bintang 4,JakartaAirportHotelT2,negative,0.9778633117675781,Pricing & Value for Money,Pricing & Value for Money (0.96); Check in/out Experience (0.86); Booking & Reservation Experience (0.86)
federico spinabella,2018,5,Sejak kami tiba masuk jakarta jam 7:30 pagi setelah perjalanan panjang berlangsung sekitar 16 jam dan penerbangan berikutnya akan berangkat pada tengah malam saya berpikir untuk mengambil kamar masuk hotel ini untuk beristirahat dan menyegarkan karena waktu masuk check-in adalah jam 2 sore beberapa hari yang lalu saya menulis email ke hotel untuk bertanya apakah mungkin untuk mengantisipasi dan lia yang sangat baik mengatakan kepada kami bahwa mereka akan melakukan yang terbaik untuk memberi kami kamar pada pukul 11 pagi ketika kami tiba pagi ini jam 8:30 untuk meninggalkan bagasi kami segera diberikan kamar terima kasih lagi kami benar-benar lelah sederhana dan bersih kamar wifi gratis bekerja,BUMN,Bintang 4,JakartaAirportHotelT2,negative,0.8490192890167236,Service Quality,"Service Quality (0.89); Check in/out Experience (0.85); Loyalty, Recommendation & Appreciation (0.81)"
大ちゃん,2023,4,Saya senang bahwa sikap karyawan sangat baik saya membuat beberapa permintaan selama saya tinggal dan mereka mencoba yang terbaik untuk membantu saya sarapan pagi prasmanannya juga enak staf restoran juga sopan baik hati dan sopan jika saya harus menyebutkan satu hal variasi bahan dalam sarapan prasmanan kecil untuk harga kamar saya berharap bahwa Anda menambah jumlah item sedikit lagi,BUMN,Bintang 4,JakartaAirportHotelT2,positive,0.997501790523529,Staff Conduct & Hospitality,Staff Conduct & Hospitality (1.00); Service Quality (1.00); Service Efficiency & Responsiveness (0.98)
ada ilham,2025,4,Hotelnya bagus bagus bagus bagus lumayan pelayanannya agak telat saja sih harus banget dikasih tau 2x,BUMN,Bintang 4,JakartaAirportHotelT2,positive,0.8129885792732239,Service Quality,Service Quality (0.92); Facilities & Amenities (0.86); Guest Experience (0.81)
Leonard Browntail,2019,4,Kondisi nyaman standar untuk orang yang bepergian dari dan ke Jakarta kamarnya bagus dan nyaman ia memiliki setiap toilet standar dan mandi panas masuk ke kamar mandinya sayangnya jika Anda cukup tidak beruntung Anda harus berjalan jauh untuk masuk ke kamar Anda lobi di tengah terminal kedua bandara kamar tamu masuk ini lorong panjang yang Anda harus berjalan melalui untuk masuk ke kamar Anda bisa menjadi sedikit latihan melelahkan untuk kaki Anda jika Anda membawa banyak barang berat jadi saya sarankan meminta porter hotel untuk membawa kasus Anda,BUMN,Bintang 4,JakartaAirportHotelT2,positive,0.9873589873313904,Facilities & Amenities,Facilities & Amenities (1.00); Room Quality & Comfort (0.90); Service Quality (0.89)
Trevor Robinson,2020,2,Pro lokasi lokasi lokasi tempat tidur besar kons tidak ada lift atau akses untuk kursi roda tidak ada kecoa air panas masuk kamar mandi rusak power socket pengering rambut tidak ruang kerja membutuhkan restoran bersih yang tepat ditutup di bawah rata-rata 3 bintang hotel dan masuk sangat membutuhkan facelift,BUMN,Bintang 4,JakartaAirportHotelT2,positive,0.7817964553833008,Facilities & Amenities,"Facilities & Amenities (0.98); Service Quality (0.95); Location, Accessibility & Parking (0.86)"
Zhihai Ng,2019,5,Hotel yang bagus dengan semua fasilitas Anda membutuhkan masuk hotel standar dan mungkin lebih baik harga sedikit tinggi tetapi untuk kenyamanan dan juga kemudahan perjalanan itu layak itu akan merekomendasikan wisatawan bisnis yang membutuhkan malam yang cepat sebelum terbang pergi untuk tinggal di Jakarta bandara hotel saya meminta untuk wake-up panggilan pada empat setengah dan mereka tidak menelepon saya selalu mengatur alarm Anda untuk menghindari kecewa,BUMN,Bintang 4,JakartaAirportHotelT2,positive,0.9976907968521118,Facilities & Amenities,Facilities & Amenities (1.00); Pricing & Value for Money (1.00); Service Efficiency & Responsiveness (0.99)
Steve Burnett,2023,4,Hotel yang baik untuk bandara terletak masuk terminal 2 domestik namun kereta ke terminal 3 adalah dua menit berjalan kaki ke stasiun kereta transfer makanan baik staf sangat sopan dan profesional akan tinggal lagi,BUMN,Bintang 4,JakartaAirportHotelT2,positive,0.999261200428009,Food & Beverage,Food & Beverage (0.99); Staff Conduct & Hospitality (0.99); Service Efficiency & Responsiveness (0.99)
Choiriah Ria,2025,5,Yang transit biasa tinggal di sini,BUMN,Bintang 4,JakartaAirportHotelT2,positive,0.9205596446990967,"Cleanliness, Hygiene & Maintenance","Cleanliness, Hygiene & Maintenance (0.88); Facilities & Amenities (0.84); Guest Experience (0.74)"
Michael Myers,2022,3,Cons sedikit berbeda dari bagaimana itu digambarkan masuk itu adalah iklan online di mana ia dibuat menjadi modern dan chic secara tidak sengaja pergi ke hotel yang bagus masuk terminal internasional pertama dan ketika saya tiba di sini itu sedikit mengecewakan masuk perbandingan itu terasa seperti hotel yang bagus sekitar tahun 1970-an atau 1980-an tapi jujur seluruh terminal adalah sedikit tua dan usang ada hanya satu orang di resepsi dan harus menunggu berdiri untuk waktu yang lama setelah perjalanan yang sangat lama dan melelahkan kamar itu sedikit kotor terutama kamar mandi dan hanya ada 10 atau lebih saluran di,BUMN,Bintang 4,JakartaAirportHotelT2,negative,0.9945452213287354,Check in/out Experience,Check in/out Experience (0.87); Guest Experience (0.85); Facilities & Amenities (0.66)
Dian Eko widodo,2023,5,toilet bersih tempat informasi banyak cuma kalau sudah rame pasar kalah donk ada kamar kursi santai bisa untuk tiduran sayangnya tmpt main anak sudah tidak ada,BUMN,Bintang 4,JakartaAirportHotelT2,positive,0.9944167137145996,Facilities & Amenities,"Facilities & Amenities (0.93); Service Quality (0.91); Cleanliness, Hygiene & Maintenance (0.84)"
Ayu Pravindias,2021,5,pesan dengan orang-orang yang menelepon dahulu dengan tarif 700k per malam tanpa sarapan hotel ada di lantai 2 terminal 2d 2e naik eskalator ada penunjuk jalannya hotel transit bandara pelayanan sangat baik barang barang barang dibawakan sampai kamar dan saat cek keluar dibawakan kebawah dan dikariikan troli ada layanan cetak tapi agak mahal 15k lembar kamar luas dengan karpet pemanas udara minum 2 botol kotak keselamatan kulkas toilet pemandangan langsung landasan lemari luas kamar mandi bersih dan udara berfungsi baik hotelnya bentuknya memanjang gitu jadi kamarnya agak jauh jalannya,BUMN,Bintang 4,JakartaAirportHotelT2,positive,0.9979749321937561,Service Quality,Service Quality (0.99); Facilities & Amenities (0.98); Service Efficiency & Responsiveness (0.93)
andi syafri,2024,4,Nah anda kemalaman ato besoknya keberangkatan yang pagi2 sini saat banget tempatnya tinggal satu malam biar tidak telat n makanan banyak cek masuk mudah alternatif boleh ya guys,BUMN,Bintang 4,JakartaAirportHotelT2,positive,0.9896444082260132,Check in/out Experience,Check in/out Experience (0.63); Facilities & Amenities (0.62); Safety & Security (0.60)
Kamran Akhlaq,2025,5,Apakah Anda memiliki email di mana saya dapat berbagi tanggal kedatangan saya masuk April dan mengatur pemesanan tolong beritahu saya terima kasih,BUMN,Bintang 4,JakartaAirportHotelT2,neutral,0.9990280866622925,Booking & Reservation Experience,Booking & Reservation Experience (0.92); Service Efficiency & Responsiveness (0.55); Pricing & Value for Money (0.43)
Kayin Fauzi,2023,5,Sangat nyaman dan bisa beristirahat dengan tenang terutama saat pulang dari perjalanan panjang dari dalam penerbangan agar berikutnya tidak terburu buru,BUMN,Bintang 4,JakartaAirportHotelT2,positive,0.9760046601295471,Facilities & Amenities,Facilities & Amenities (1.00); Room Quality & Comfort (0.99); Service Efficiency & Responsiveness (0.96)
devy andriany,2023,5,Yang atas dari hotel ini yang pastto lokasi nya hehe memang untuk transit dan kejet pesawat pagi2 banget keamanan nya juga baik mau bantu cari taksi boleh deh kalau saat lg waktu saya kembali tinggal di sini d jamin macet dan harga taksi tau dong murah banget kalau harus k t3 kalau t3 yaa dengan sikil gratis,BUMN,Bintang 4,JakartaAirportHotelT2,positive,0.9986300468444824,Safety & Security,Safety & Security (0.98); Service Efficiency & Responsiveness (0.96); Pricing & Value for Money (0.95)
Ali Kilo,2019,4,Kami mendarat masuk bandara lama yang tidak semua yang bersih dan semua tapi terlihat cukup tua di jalan keluar kami meninggalkan bandara baru yang hebat kami memiliki beberapa jam untuk menghemat setelah memeriksa keluar jadi kami pergi ke bandara berbagai macam restoran untuk memilih dari dan bebas bea masuk cukup baik untuk berbelanja kursi baru dan nyaman dan mereka memiliki ruang santai juga,BUMN,Bintang 4,JakartaAirportHotelT2,positive,0.9364643692970276,Facilities & Amenities,Facilities & Amenities (0.99); Service Efficiency & Responsiveness (0.88); Service Quality (0.87)
ROSDIANA SIMARMATA,2023,4,mksd saya layan singa udara sangat2 jadwal yang buruk 16 00 pesawat dng penerbangan no jt 382 cgk tahu tapi berangkatnya pkl 20 00 menurut uu perhubungan penumpang mestinya dpr kompensasi rp 300rb org tapi boro2 uang mbok ya dikasih makan kek atau paling sedikit air gelas tapi anehnya tidak ada sama skl sangat memilukan memalukan pdhl bnyk skl wisatawan di penerbangan jika masuk kpd singa udara tolong jangan lihatnya ruba2 jadwal aplg tnpensasi marilah lebih manusiawi dikit tq,BUMN,Bintang 4,JakartaAirportHotelT2,negative,0.9990912675857544,Food & Beverage,Food & Beverage (0.50); Pricing & Value for Money (0.43); Guest Experience (0.35)
Superdumpling Photos,2017,3,Kamarnya cukup baik untuk transit malam sekitar pukul 1 pagi kami terbangun dengan suara tembak dari luar kami memanggil resepsi dan segera dipindahkan ke kamar lain meskipun kamar kami ditunjuk sebagai non-bersabor kami bangun masuk pagi bau asap asap rokok yang sangat kuat bau juga hadir masuk lorong ketika kami berjalan ke resepsi untuk memeriksa keluar,BUMN,Bintang 4,JakartaAirportHotelT2,negative,0.9866805672645569,Check in/out Experience,Check in/out Experience (0.72); Guest Experience (0.59); Booking & Reservation Experience (0.46)
MOHAMAD AKBAR SYAHADATAIN,2024,1,Saat saya mau memeriksa masuk jam 8 pagi kamar belum siap dan dikoordinasi antara petugas sangat jelek tolong ini dijadikan perhatian ya,BUMN,Bintang 4,JakartaAirportHotelT2,negative,0.9989938139915466,Guest Experience,Guest Experience (0.88); Check in/out Experience (0.82); Service Quality (0.75)
Vilas Yang Kusumahardja,2021,5,Staf memberikan layanan yang sangat baik istri saya dan anak berusia 7 tahun tiba masuk jakarta pada tengah malam kami menelepon beberapa hari sebelum kedatangan dan memberikan nomor penerbangan staf sudah menunggu untuk keluarga saya tepat di gerbang kedatangan pada tengah malam sangat baik layanan dan membantu setelah 23 jam penerbangan dengan anak terima kasih banyak kepada seluruh staf yang bekerja antara 13 Desember 17 2020 khusus terima kasih untuk staf yang mengambil keluargaku pada tengah malam pada 17 Desember 2020,BUMN,Bintang 4,JakartaAirportHotelT2,positive,0.9913961291313171,Service Quality,Service Quality (0.97); Guest Experience (0.91); Family & Group Friendly (0.87)
Felix Tze,2023,5,kemarin sempat nginap semalem di sini karena hbs dari luar dan pesawat kami ke kota baru ada besoknya sempat ketinggalan topi di kamar puji tuhan untuk staf hotel menyimpankan dengan baik dan sekarang topi sudah sampai ke tangan saya terima kasih banyak untuk staf tuhan Yesus anggotakati,BUMN,Bintang 4,JakartaAirportHotelT2,positive,0.995951771736145,Service Quality,Service Quality (0.96); Guest Experience (0.71); Service Efficiency & Responsiveness (0.70)
H. Yusuf Efendi Daeng Sibali,2022,5,Sebagai inspektur produk ekspor yang hampir setiap minggu melakukan perjalanan dinas antar provinsi inilah hotel paling cocok untuk transit karena benar benar berada di bandara mau berangkat tinggal turun tangga selain itu hotel juga menyediakan fasilitas antar jemput antar terminal secara gratis kamar juga bersih dan nyaman sama sekali tidak terasa bising seperti yang saya khawatirkan sebelum merasakannya sendiri,BUMN,Bintang 4,JakartaAirportHotelT2,positive,0.9987512826919556,Facilities & Amenities,"Facilities & Amenities (1.00); Room Quality & Comfort (1.00); Cleanliness, Hygiene & Maintenance (0.99)"
Rasyid Aziz,2022,5,Ini adalah kedua kalinya di sini sangat dekat dengan terminal 2 enak fb bersih kamar membantu personil gratis shuttle dilayani ke terminal 3 atau terminal 1 lebar jendela kamar untuk melihat pesawat lepas landas atau pendaratan membawa kamera Anda adalah harus kamar 66 untuk pemandangan terbaik untuk lepas landas,BUMN,Bintang 4,JakartaAirportHotelT2,positive,0.9991746544837952,Service Quality,Service Quality (0.99); Facilities & Amenities (0.98); Room Quality & Comfort (0.95)
Kevin,2019,3,itu oke untuk kamar malam kecil tapi seperti yang saya katakan oke untuk malam sangat nyaman jika Anda memiliki penerbangan awal jadi Anda tidak perlu berurusan dengan lalu lintas karena itu bisa memakan waktu 16 jam untuk sampai ke mana masuk jakarta kadang kamar tua dan membutuhkan beberapa perawatan kecil tapi secara keseluruhan oke untuk staf malam ramah dan membantu,BUMN,Bintang 4,JakartaAirportHotelT2,positive,0.9904734492301941,Staff Conduct & Hospitality,Staff Conduct & Hospitality (1.00); Service Efficiency & Responsiveness (1.00); Facilities & Amenities (0.99)
Warsidi Diduk,2025,5,lokasi hotel diterminal 2 pintu dekat aw,BUMN,Bintang 4,JakartaAirportHotelT2,positive,0.9993476271629333,Sustainability & Environmental Quality,Sustainability & Environmental Quality (0.84); Service Efficiency & Responsiveness (0.79); Safety & Security (0.75)
Didik Prasetyo,2022,4,Saya akan mengatakan hotel ini bagus jika Anda ingin tinggal di bandara terutama ketika Anda memiliki penerbangan awal masuk T2 tetapi mereka juga menyediakan pengiriman gratis setiap 30 menit ke terminal lain dengan mendaftar di resepsionis sangat dekat dengan stasiun skytrain kamar tidak besar tapi hanya bagus dengan pemandangan pesawat sarapan juga baik baik baik baik makanan lezat satu-satunya dowside adalah hotel terletak masuk 1 lantai sehingga mungkin untuk mendapatkan jauh kamar feom resepsi,BUMN,Bintang 4,JakartaAirportHotelT2,positive,0.9967362284660339,Facilities & Amenities,Facilities & Amenities (0.99); Food & Beverage (0.92); Service Quality (0.90)
Azis Mawardi,2025,5,Klo Soekarno bahkan sekarang makin cepat dan keren lah karena terus ada pembangunan,BUMN,Bintang 4,JakartaAirportHotelT2,positive,0.994120180606842,Sustainability & Environmental Quality,"Sustainability & Environmental Quality (0.73); Facilities & Amenities (0.69); Loyalty, Recommendation & Appreciation (0.56)"
junjung putro,2023,4,hotel yang cocok untuk mereka yang transit penerbangan di bandara sukarno bahkan walau hotel transit tapi tetap nyaman dan aman dan karena lokasi di terminal bandara anda tidak perlu taksi dan yang pasti tidak akan ketinggalan pesawat anda selanjutnya,BUMN,Bintang 4,JakartaAirportHotelT2,positive,0.998619556427002,Safety & Security,"Safety & Security (0.99); Facilities & Amenities (0.98); Location, Accessibility & Parking (0.97)"
Laurence Koetsier,2024,5,sempurna jika Anda memiliki beristirahat kamar-kamar sedikit berjalan kaki tapi tidak terlalu buruk jika tidak tempat tidur yang baik dan mandi yang nyaman dan kamar mandi,BUMN,Bintang 4,JakartaAirportHotelT2,positive,0.9983721375465393,Facilities & Amenities,Facilities & Amenities (0.99); Room Quality & Comfort (0.99); Service Quality (0.97)
Emilie Greenhalgh,2022,3,kamar itu layak untuk harga dan mereka akan memberi Anda setengah hari untuk berlama-lama berlama-lama namun burger kami memesan tidak dapat dimakan roti tua dan patty kecil dengan potongan-potongan kecil misteri daging saya melihat bahwa orang lain telah berkomentar bahwa makanan itu baik atau kamar itu buruk ini hanya menggarisbawahi masalah umum kita telah menemukan di seluruh Indonesia kurangnya konsistensi beberapa tetapi tidak semua kamar yang baik dan beberapa tetapi tidak semua makanan yang baik dan Anda tidak pernah tahu yang satu Anda mendapatkan,BUMN,Bintang 4,JakartaAirportHotelT2,negative,0.9932725429534912,Guest Experience,Guest Experience (0.98); Pricing & Value for Money (0.97); Facilities & Amenities (0.88)
Elz,2022,3,karena posisi panik bingung mau nginap dimana sudah malam juga tanyain sama petugas cs terminal 2 dimana posisi hotel bandara dikasih petunjuk posisi hotel letaknya sebelah kiri dari pintu keluar depan pos polisi tapi sayangnya tidak ada rencana nama hotel di depan eskalator yang menuju hotel bandara tsb emg ada petujuk ke hotel dmn tapi tetap saja ngebingungkan yang ada cuma bapak penjaga untuk memeriksa barang di depan eskalator tersebut karena saya tidak menemukan hotel tsb lalu saya bertanya kepada bapak yang di mana saya jaga hotelnya lalu saya bertanya dia sudah memesan atau belum jika harga kamar hotel tsb 1 malam 1 jt kelas standar deluxe,BUMN,Bintang 4,JakartaAirportHotelT2,negative,0.995635449886322,Management & Policy Issues,Management & Policy Issues (0.48); Booking & Reservation Experience (0.35); Service Efficiency & Responsiveness (0.34)
Christophe Stevens,2018,3,Itu baik-baik saja dan menyenangkan untuk melihat pesawat dari kamar layanan baik-baik saja tanpa menjadi super masuk pagi kami memiliki layanan ulang-alik dan jam mereka 5 menit di depan yang menghasilkan banyak stres mereka mengatakan bahwa kita terlambat dan kita harus lari untuk pergi ke ulang-alik,BUMN,Bintang 4,JakartaAirportHotelT2,negative,0.9451078176498413,Facilities & Amenities,Facilities & Amenities (1.00); Guest Experience (0.99); Service Quality (0.99)
budi prasojo,2023,5,cocok dipakai transit buat tunggu jadwal penerbangan berikutnya tidak kuatir telat ato buru2 staf ramah n ingatkan juga jadwal yang akan kita tempuh harga 170 k jelas lebih efisien dan praktis daripada harus cari hotel diluar,BUMN,Bintang 4,JakartaAirportHotelT2,positive,0.9959726929664612,Service Efficiency & Responsiveness,Service Efficiency & Responsiveness (1.00); Staff Conduct & Hospitality (0.99); Pricing & Value for Money (0.98)
Frank D,2021,4,Nah saya tidak berniat untuk tinggal di sini tapi semua penerbangan dijadwalkan ulang dan atau dibatalkan perasaan itu memberi saya kembali ke tahun 1980-an dari ketika saya pertama kali mengunjungi Indonesia semuanya sangat baik-baik saja tapi gaya cokelat ini mengirim saya kembali masuk waktu dan kenangan itu menyenangkan sayangnya tidak ada restoran makanan ditutup karena covid 19 malam lapar di depan untungnya saya berhasil menyelamatkan apel dari hotel sebelumnya pemandangan yang bagus di bandara meskipun,BUMN,Bintang 4,JakartaAirportHotelT2,positive,0.9650537371635437,Check in/out Experience,Check in/out Experience (1.00); Ambience & Design (0.99); Guest Experience (0.98)
David Tirangga,2024,5,Hotel lokasi strategis dengan pemandangan kamar yang baik kebersihan dan soundproof hotel ini menyediakan pijat sampai jam 9 malam,BUMN,Bintang 4,JakartaAirportHotelT2,positive,0.9990780353546143,Room Quality & Comfort,"Room Quality & Comfort (1.00); Cleanliness, Hygiene & Maintenance (1.00); Facilities & Amenities (1.00)"
Astrin,2023,5,Hotel sederhana yang terletak masuk terminal ii memiliki interior yang tinggi dan ruang modern Indonesia ambience kamar memiliki pemandangan hangar sehingga kita dapat melihat rencana mendarat atau penerbangan ketika kita r berjalan masuk koridor kita dapat melihat restoran skytrain memiliki menu Indonesia seperti soto baso dan nasigoreng untuk sarapan orang lain makan Anda dapat mencari masuk gerbang seperti kopi kenangan jenggot papa dll,BUMN,Bintang 4,JakartaAirportHotelT2,positive,0.9985682964324951,Facilities & Amenities,Facilities & Amenities (0.97); Food & Beverage (0.96); Ambience & Design (0.96)
Alex Yuli,2024,5,pilihan terbaik saat tiba begitu terlambat masuk malam dan harus terbang besok kamar bersih dan cukup sarapan baik hotel masuk bandara masuk terminal 2,BUMN,Bintang 4,JakartaAirportHotelT2,positive,0.9989690780639648,"Cleanliness, Hygiene & Maintenance","Cleanliness, Hygiene & Maintenance (0.99); Facilities & Amenities (0.99); Service Quality (0.98)"
Juan Camilo Moreno Beltran,2025,5,Hotel yang luar biasa dengan kamar yang bagus sarapan sangat bagus,BUMN,Bintang 4,JakartaAirportHotelT2,positive,0.9964894652366638,Facilities & Amenities,Facilities & Amenities (0.98); Room Quality & Comfort (0.98); Service Quality (0.96)
Sulastri Bmr,2023,1,Coba urut siang hari harga di slide tv 250 rb harga sampai depan resepsi 400 rb per jam di pijat sama mba anggel tidak ada rasanya disuruh kencang malah dia bilang tenaganya sudah maksimal eh malah nawarin pijat khusus h nd j b minta tips 500 rb tolong pihak hotel di perhatikan spa nya dari operator melur kata terapis nya,BUMN,Bintang 4,JakartaAirportHotelT2,negative,0.9825927019119263,Pricing & Value for Money,Pricing & Value for Money (0.93); Service Quality (0.79); Guest Experience (0.79)
Jun Loi Bong,2025,5,cuman numpang lewat hehehehh,BUMN,Bintang 4,JakartaAirportHotelT2,negative,0.8910827040672302,Guest Experience,Guest Experience (1.00); Check in/out Experience (0.89); Pricing & Value for Money (0.41)
novi susanto,2021,5,lokasi d lantai satu terminal 3 hotel kapsul dengan fasilitas yang ckup buat yang transit tapi tidak mau repot bolak balik d kapsulnya ada akses tv wi fi pengatur udara kasur busa bantal dan selimut ada juga meja kecil juga disediakan loker dengan akses kartu elektronik kamar mandi pria dan wanita terpisah toilet duduk mandi air panas dan dingin sabun mandi dan tangan disediakn tapi sampo sikat gigi dan pasta gigi bawa sendiri,BUMN,Bintang 4,JakartaAirportHotelT2,positive,0.9970995187759399,Facilities & Amenities,Facilities & Amenities (0.99); Service Efficiency & Responsiveness (0.94); Family & Group Friendly (0.91)
Anggi Rumianda,2023,5,Recommended buat hotel transit lokasi lantai 2 bandara soeta pemandangan landasan pacu pesawat tapi tidak bising klw bawa anak2 mereka bisa melihat pesawat mendarat ataupun lepas landas dari jendela kamar untuk kamar dari lobi lumayan jauh saran klw mau nginap pilih kamar yang nmr belsan jadi tidak jauh untuk kamar mandi keran buat wudhu tidak ad untuk layanan makanan saya menurut saya teredia juga mobil antar jemput k bandara tapi lebih cepat menggunakan kereta api,BUMN,Bintang 4,JakartaAirportHotelT2,positive,0.9959973096847534,Facilities & Amenities,Facilities & Amenities (0.83); Service Efficiency & Responsiveness (0.81); Family & Group Friendly (0.78)
Fajar Sanggra,2024,5,rasanya enak banget harga juga murah tapi kwalitas oke banget sukses soeltan cabang sumur batu,BUMN,Bintang 4,JakartaAirportHotelT2,positive,0.9993835687637329,Pricing & Value for Money,Pricing & Value for Money (0.97); Facilities & Amenities (0.84); Sustainability & Environmental Quality (0.83)
Puguh Waluyo,2022,2,Jika tidak ada kamar merokok setidaknya dikasih tempat khusus untuk merokok siaran TV cuma dikit kamar mandi sempit banget pernah pesan satu tempat tidur dikasihnya tempat tidur ganda,BUMN,Bintang 4,JakartaAirportHotelT2,negative,0.9141280055046082,Facilities & Amenities,Facilities & Amenities (0.91); Booking & Reservation Experience (0.82); Service Quality (0.73)
Excel For Accounting,2025,5,fasilitas disini super lengkap,BUMN,Bintang 4,JakartaAirportHotelT2,positive,0.9988401532173157,Facilities & Amenities,Facilities & Amenities (0.94); Service Quality (0.85); Service Efficiency & Responsiveness (0.76)
Banizman Zai,2020,5,bagus di terminal 2e sangat cocok untuk wisatawan yang suka berangkat pagi harga terlihat mahal namun dibandingkan dengan harus keluar masuk bandara harga hotel di luar tambah ongkos ujung2nya sama saja lebih baik tetap di dalam bandara apalagi di masa pandemi seperti saat ini lebih baik mengurangi kontak dengan kerumunan di transportasi umum,BUMN,Bintang 4,JakartaAirportHotelT2,positive,0.984066367149353,Pricing & Value for Money,"Pricing & Value for Money (0.90); Location, Accessibility & Parking (0.59); Facilities & Amenities (0.58)"
Joy Din,2024,5,Hotelnya bagus tapi sulit untuk menemukan lift bahkan banyak staf bandara tidak tahu,BUMN,Bintang 4,JakartaAirportHotelT2,negative,0.9903531670570374,Facilities & Amenities,Facilities & Amenities (0.97); Service Quality (0.96); Guest Experience (0.90)
ilham rezdiansyah,2024,5,hotelnya bersih dan cepat cocok untuk yang ingin istirahat sebelum melakukan penerbangan berikutnya jadi bisa istirahat penuh,BUMN,Bintang 4,JakartaAirportHotelT2,positive,0.9965380430221558,Service Quality,Service Quality (0.99); Facilities & Amenities (0.99); Room Quality & Comfort (0.98)
Keluarga Bontanghe,2022,4,Hotel ini menawarkan keuntungan besar lokasi yang terletak di dalam Soekarno Hatta bandara terminal 2 apa yang saya sukai tentang hotel ini kamar memiliki pemandangan ke lapangan udara Anda dapat melihat pesawat lepas landas parkir sepanjang waktu hanya dari jendela Anda jika Anda berjalan di luar Anda dapat menemukan banyak penyewa makanan di dalam terminal bandara sehingga menemukan makanan tidak masalah di sini juga karena lokasi Anda dapat pergi langsung ke bandara memeriksa masuk tidak ada waktu apa yang saya anggap sesuatu perlu ditingkatkan selama jam sibuk saya menemukan resepsionis yang kewalahan mungkin hotel perlu menemukan cara untuk memperpendek proses pemeriksaan masuk lain,BUMN,Bintang 4,JakartaAirportHotelT2,positive,0.9992414712905884,Facilities & Amenities,"Facilities & Amenities (0.97); Location, Accessibility & Parking (0.95); Service Efficiency & Responsiveness (0.91)"
Kevin Butler,2019,5,Hotel ini masuk terminal 2 dan ini adalah pertama kalinya saya tinggal di sini dan itu tidak akan menjadi yang terakhir layanan efisien dan ramah saya bertanya tentang waktu layanan bandara karena penerbangan saya awal hari berikutnya 05:35 dan mereka mengatakan nonpeoblem mereka memiliki ulang-alik saya sangat senang dengan kamar juga semua yang Anda butuhkan ada dan tempat tidur nyaman juga kamar saya untuk rhe malam sekitar 55 sangat direkomendasikan,BUMN,Bintang 4,JakartaAirportHotelT2,positive,0.9980558156967163,Service Efficiency & Responsiveness,Service Efficiency & Responsiveness (1.00); Facilities & Amenities (1.00); Service Quality (1.00)
Stephen Young,2020,4,Hotel ini tua namun memiliki layanan yang baik terutama untuk wake-up call dan memiliki bus ulang-alik untuk membawa Anda ke bandara bus ulang-alik akan beroperasi mulai pukul 2 pagi dan seterusnya lokasi adalah dekat terminal keberangkatan untuk internasional masuk kesimpulan itu dianjurkan hotel untuk transit,BUMN,Bintang 4,JakartaAirportHotelT2,positive,0.9964798092842102,Service Quality,Service Quality (1.00); Facilities & Amenities (1.00); Service Efficiency & Responsiveness (0.99)
Henrik Topbjerg,2018,5,Hotel bandara yang besar dan super nyaman terletak di kanan masuk ruang kedatangan internasional Anda benar-benar hanya perlu berjalan 100 meter melewati pemeriksaan bea cukai d kamar modern yang sangat tenang dan ruang bahkan memiliki karpet tebal melimpah untuk menjaga kebisingan di luar hasil kamar super tenang sempurna untuk mendapatkan beberapa tidur antara e g penerbangan internasional dan domestik panjang,BUMN,Bintang 4,JakartaAirportHotelT2,positive,0.999110996723175,Facilities & Amenities,Facilities & Amenities (0.99); Room Quality & Comfort (0.94); Family & Group Friendly (0.88)
NERAV MEHTTA,2024,4,Perjalanan hotel yang sangat bagus untuk pagi hari istirahat selama 5 jam hanya turun melalui check masuk counter,BUMN,Bintang 4,JakartaAirportHotelT2,positive,0.997738242149353,Service Quality,Service Quality (0.94); Service Efficiency & Responsiveness (0.89); Check in/out Experience (0.88)
CMChina遣使會,2019,3,sebagai hotel transit cukup bagus namun kebersihan dan koridor kurang terang handuknya sudah terlalu tua menggunakan dan terkesan kotor kurang higienis aroma kamar juga kurang sedap sekat antar kamar kurang kedap suara sehingga suara kamar awbelah terdengar jelas dan mengganggu,BUMN,Bintang 4,JakartaAirportHotelT2,negative,0.9901474118232727,Facilities & Amenities,"Facilities & Amenities (0.89); Service Quality (0.66); Cleanliness, Hygiene & Maintenance (0.42)"
Sadidah Munawaroh,2019,4,nyaman bagi yang mau berangkat besok pagi karena hotel didalam bandara tapi acnya harus diperbaiki ada yang bocor harus kita dengar di pke gelas hehe sayang mahal2 fasilitas bocor lainya bagus viewnya biaa liat pesawat mendarat,BUMN,Bintang 4,JakartaAirportHotelT2,positive,0.9968633651733398,Facilities & Amenities,Facilities & Amenities (0.73); Pricing & Value for Money (0.50); Food & Beverage (0.39)
Dave Andrew,2018,3,lokasi yang bagus tepat di terminal 2 kamar memiliki pemandangan ke landasan aktif yang luar biasa kamar adalah dasar dan bersih keseluruhan dekorasi hotel bisa menggunakan beberapa pekerjaan meskipun,BUMN,Bintang 4,JakartaAirportHotelT2,positive,0.9991969466209412,Facilities & Amenities,"Facilities & Amenities (0.79); Cleanliness, Hygiene & Maintenance (0.64); Ambience & Design (0.47)"
Martono As,2023,5,sederhana tapi nyaman buat kita2 yang penumpang transit dan strategis dengan bandara harga terjangkau buat kantong kita hayo guys nginep ditransit hotel bandara,BUMN,Bintang 4,JakartaAirportHotelT2,positive,0.9985811710357666,Pricing & Value for Money,Pricing & Value for Money (0.98); Facilities & Amenities (0.88); Family & Group Friendly (0.80)
Arick 'S,2020,5,hotel yang bagus letaknya nya di terminal keberangkatan 2e jadi kalau pesawat lu turun di kedatangan 2d harus naik lagi ke atas bisa pakai tangga ato angkat mudah jg nemuin tempat baru suasana hotel klasik jadul yang mnurut gw sih classy dan nyaman nya dapet view landasan pacu dan ajaib nya tidak ada bising pesawat mmg sih suara tetangga di kamar sebelah masih kedenger harga sedikit mahal tapi mengingat lokasi baru strategis daripada capek di jalan dan lu harus pagi2 ke memperbaiki disini saja saja soal bandara baru kalau hotel digital bandara itu mmg tidak nyaman mnurut gw kesimpulan sangat dianjurkan kekurangan harga,BUMN,Bintang 4,JakartaAirportHotelT2,positive,0.9981060028076172,Facilities & Amenities,"Facilities & Amenities (0.86); Location, Accessibility & Parking (0.86); Pricing & Value for Money (0.81)"
Daniel Draper,2023,4,Hotel yang bagus untuk bersantai masuk tepat sebelum penerbangan Anda tenang dan memiliki semua fasilitas yang Anda butuhkan sebelum hari perjalanan yang melelahkan itu tidak yang paling cantik tapi mendapat pekerjaan dilakukan,BUMN,Bintang 4,JakartaAirportHotelT2,positive,0.9972572922706604,Facilities & Amenities,Facilities & Amenities (0.99); Guest Experience (0.93); Check in/out Experience (0.86)
Jhonsen Xaverious,2019,3,Yang saya rasakan selalu ada update dari pengelola dari segi kebersihan atupun fasilitas penunjang bandara meskipun bisa dikatakan agak lambat karena dari banyak aspek bandara utama kita ini sudah sangat tertinggal jika di bandingkan dengan bandara negara lain,BUMN,Bintang 4,JakartaAirportHotelT2,positive,0.9505654573440552,Facilities & Amenities,"Facilities & Amenities (0.97); Cleanliness, Hygiene & Maintenance (0.94); Service Quality (0.77)"
Achmad Yessa Dimjati,2023,5,Saya tidak sempat ke Jakarta Airport Hotel waktu sangat sangat saya sedang di di bandara sukarno hatta saya hanya transit dari bandara juanda dan ganti pesawat di sukarno hatta tujuan gorontalo saya dan istri tidur di ruang tunggu e6 untuk melanjutkan ke gorontalo melalui bandara sultan hasanudin makasar,BUMN,Bintang 4,JakartaAirportHotelT2,neutral,0.6913676261901855,Sustainability & Environmental Quality,Sustainability & Environmental Quality (0.76); Check in/out Experience (0.74); Facilities & Amenities (0.73)
Irwan Pejuang Receh,2025,5,Rekomen buat untuk traveler tidak pusing lagi cari penginapan dekat bandara,BUMN,Bintang 4,JakartaAirportHotelT2,positive,0.9971754550933838,"Loyalty, Recommendation & Appreciation","Loyalty, Recommendation & Appreciation (0.77); Sustainability & Environmental Quality (0.77); Service Efficiency & Responsiveness (0.73)"
Nyoman Netra,2024,5,melelahkan jalan kaki dari gerbang 4 sampai gerbang 23 kedepannya harus ada transportasi yang sesuai dengan jarak yang harus ditempuh agar bisa lebih singkat,BUMN,Bintang 4,JakartaAirportHotelT2,negative,0.9647165536880493,Facilities & Amenities,Facilities & Amenities (0.75); Service Quality (0.65); Sustainability & Environmental Quality (0.60)
Sitaria Siallagan,2019,3,Ini pengumuman yang paling tidak enak saat saya bepergian sendiri dan ingin ke toilet sebelum naik ke pesawat lalu membaca ini rasanya jengkel abis karena harus jalan lebih jauh sambil membawa bawaan dalam waktu saya ingin ditahan lagi tapi antrian panjang dan jauh untuk mencapai pesawat baik dilakukan terima kasih lhoo,BUMN,Bintang 4,JakartaAirportHotelT2,negative,0.9955951571464539,Guest Experience,Guest Experience (0.87); Check in/out Experience (0.80); Booking & Reservation Experience (0.77)
George Carter,2023,4,Tempat yang sangat baik untuk tidur siang 5 jam cepat antara penerbangan dan hanya sekitar 50 USD sangat merekomendasikan dan akan digunakan lagi pada penerbangan berikutnya melalui Jakarta,BUMN,Bintang 4,JakartaAirportHotelT2,positive,0.9925863146781921,Pricing & Value for Money,Pricing & Value for Money (0.93); Facilities & Amenities (0.89); Service Quality (0.78)
Shaiful Jihad,2019,2,Yang sangat menarik dan spesial dari hotel ini adalah lokasinya terletak di dalam terminal 2 bandara soekarno hatta anda tidak perlu khawatir ketinggalan pesawat bila menginap di hotel ini jam berapapun jadwal boarding anda anda anda tinggal keluar kamar berjalan kaki menuju ruang tunggu lalu lepaskan keterbatasan kamar yang tersedia dengan tingkat penggemar sangat banyak tidak memungkinkan kita untuk pergi untuk menunjukkan untuk mendapatkan kamar biasa kita harus memesan terlebih dahulu,BUMN,Bintang 4,JakartaAirportHotelT2,positive,0.9960758090019226,Service Efficiency & Responsiveness,"Service Efficiency & Responsiveness (0.96); Location, Accessibility & Parking (0.91); Facilities & Amenities (0.89)"
Gebie Yoga,2021,5,Di masa pandemi seperti ini saran kepada manajemen hotel agar mampu melakukan inovasi untuk meningkatkan pelayanan dan mendapatkan lebih banyak pelanggan seperti cek masuk fleksibel dan cek keluar contoh pelanggan masuk pukul 16.00 maka cek keluar diperbolehkan sampai besok pukul 14.00 bahkan beberapa hotel ditempat lain menawarkan menginap selama 24 jam semoga semakin sukses hotel jakarta,BUMN,Bintang 4,JakartaAirportHotelT2,positive,0.8271570801734924,Check in/out Experience,Check in/out Experience (0.99); Service Efficiency & Responsiveness (0.98); Personalized & Special Services (0.97)
Muhammad Fadli,2019,5,hotel yang sangat strategis dari sisi posisi jadi bagi anda yang perlu transit dengan waktu cukup lama di bandara namun malas keluar dari bandara maka menginap di hotel ini merupakan pilihan yang sangat tepat anda bisa mendapatkan harha sangat murah dengan pesan melalui aplikasi fasilitas kamar nya oke dan sangat tenang serta nyaman,BUMN,Bintang 4,JakartaAirportHotelT2,positive,0.999115526676178,Facilities & Amenities,Facilities & Amenities (0.98); Pricing & Value for Money (0.98); Room Quality & Comfort (0.97)
Pausanias,2025,3,Hotel yang terletak di atas terminal dua banyak pilihan makanan di sekitar bir tersedia,BUMN,Bintang 4,JakartaAirportHotelT2,positive,0.9976152181625366,Food & Beverage,Food & Beverage (0.99); Sustainability & Environmental Quality (0.78); Facilities & Amenities (0.78)
Panju Prithviraj,2022,1,Kami sedang bepergian kelas bisnis mereka telah membatalkan penerbangan oleh Más ke Bali tidak pernah memberitahu kami akhirnya ketika mereka menyadari itu bukan kesalahan kami rebooked membawa kami secara pribadi ke ruang tamu yang kami memenuhi syarat untuk bagaimanapun dan memungkinkan bagasi kedua gratis sebagai kompensasi untuk kesalahan mereka,BUMN,Bintang 4,JakartaAirportHotelT2,negative,0.9876638054847717,Personalized & Special Services,Personalized & Special Services (0.97); Booking & Reservation Experience (0.96); Service Efficiency & Responsiveness (0.96)
Laode Idrus,2022,3,terletak di dalam terminal bandara kamar 2 baik-baik saja Anda lebih baik memilih kamar nomor tinggi karena nomor kecil yang terletak di ujung koridor dari resepsi sulit untuk membawa semua bagasi Anda dan koridor sangat panas,BUMN,Bintang 4,JakartaAirportHotelT2,positive,0.9902368187904358,"Location, Accessibility & Parking","Location, Accessibility & Parking (0.82); Facilities & Amenities (0.74); Room Quality & Comfort (0.74)"
NoahJon Marshall,2021,5,Secara keseluruhan sangat baik untuk istirahat sehari pendek atau semalaman terletak masuk terminal 2 dapat mengambil bus ulang-alik yang gratis di sana dari terminal manapun bus berjalan setiap 30 menit di atas dan bawah jam Anda dapat mengambil taksi juga dari terminal 3 pergi ke luar di tingkat kedua gerbang 4 tanda di luar dan mendapatkan bus membutuhkan waktu untuk sampai ke hotel T2 tapi itu mudah hotel tepat di dalam terminal 2 selama covid kamar 6 jam sekitar 28 kamar bersih dengan resepsi kamar mandi yang baik ac cepat dan ramah hotel yang sangat dingin akan mengantar Anda kembali ke T3 diri sangat merekomendasikan untuk setiap beristirahat,BUMN,Bintang 4,JakartaAirportHotelT2,positive,0.997560977935791,Service Quality,"Service Quality (0.94); Cleanliness, Hygiene & Maintenance (0.91); Service Efficiency & Responsiveness (0.91)"
Simon Mitchell,2022,1,Dihidangkan mentah goreng ayam karet dan pink di dalam dari room service pukul 10.30 malam dikirim kembali 3 kali karena muncul kembali masih undercook kedua kali kemudian goreng tapi dingin kedua dan ketiga kali akhirnya menyerah dan makan daging ayam goreng dingin di tengah malam makanan menjijikkan dan layanan yang lebih buruk,BUMN,Bintang 4,JakartaAirportHotelT2,negative,0.9991996884346008,Guest Experience,Guest Experience (0.94); Complaint Handling & Service Recovery (0.78); Food & Beverage (0.76)
arindam dan,2023,3,debu masuk kursi tidak ada sabun masuk kamar mandi sarapan sangat buruk tempat tidur baik meskipun dan bersih tidak ada keluhan tentang staf tempat tidur membantu dan sangat baik,BUMN,Bintang 4,JakartaAirportHotelT2,positive,0.8371099233627319,"Cleanliness, Hygiene & Maintenance","Cleanliness, Hygiene & Maintenance (0.99); Facilities & Amenities (0.99); Service Efficiency & Responsiveness (0.97)"
Alan Golden,2018,3,terletak masuk terminal 2 jadi bagus untuk penerbangan internasional jika Anda harus mentransfer ke penerbangan domestik ada shuttle gratis tetapi tiba domestik dan pergi ke hotel masuk terminal 2 adalah sebuah pain shuttle tampaknya tidak berjalan sesuai jadwal dan tidak ada tanda-tanda yang mengarahkan Anda ke mana untuk mengambilnya kami mengambil kereta gratis tetapi mereka tidak mengizinkan kereta di kereta jadi bagasi banyak pekerjaan,BUMN,Bintang 4,JakartaAirportHotelT2,negative,0.9496036767959595,Service Quality,"Service Quality (0.81); Facilities & Amenities (0.63); Location, Accessibility & Parking (0.61)"
Rif'at Darajat,2022,5,kamar bersih lobi juga bagus ornamennya sederhana pelayanan ramah lokasi strategis ada di dalam terminal 2 bisa cek awal masuk keseluruhan rekomen untuk hotel bintang 3,BUMN,Bintang 4,JakartaAirportHotelT2,positive,0.9992539286613464,Facilities & Amenities,"Facilities & Amenities (0.99); Service Quality (0.98); Cleanliness, Hygiene & Maintenance (0.97)"
Sulton Harahap,2019,5,bandara terbesar di jakarta dengan lokasi yang strategis langsung menuju jalan raya bandara ini sudah termasuk fasilitas internasional dibandara ini sangat lengkap ada musholla untuk tempat beribadah toilet umum yang bersih dan pelayanan pelayanan tempat parkir lainnya dibandara ini terbilang sangat luas trolinya juga banyak dan tempat pengambilan barang bagasi juga banyak dan lengkap,BUMN,Bintang 4,JakartaAirportHotelT2,positive,0.9990121126174927,Facilities & Amenities,"Facilities & Amenities (1.00); Location, Accessibility & Parking (0.98); Service Quality (0.98)"
cake & chill,2022,5,pengalaman menginap di sini sangat baik staf ramah makanan di hotel enak enak semua lokasi di terminal 2 jika penerbangan di terminal lain mereka memberikan layanan antar gratis,BUMN,Bintang 4,JakartaAirportHotelT2,positive,0.998581051826477,Service Quality,Service Quality (0.99); Staff Conduct & Hospitality (0.99); Guest Experience (0.99)
Kritis Kritis,2024,4,manajemen taksi bagus halim mesti belajar dari cgk cara mengelola taksi bandara karena di halim tidak profesional,BUMN,Bintang 4,JakartaAirportHotelT2,positive,0.5436924695968628,Service Quality,Service Quality (0.95); Management & Policy Issues (0.36); Check in/out Experience (0.25)
Viktoriia Vlasenko,2017,3,"Oh, bagus untuk memiliki hotel ini hanya di bandara dan staf sangat baik dan membantu tapi panas hampir membunuh kita AC tidak membantu sama sekali dan suhu lebih nyaman masuk ruang daripada masuk kamar kami kami harus tidur dengan pintu terbuka dan sulit untuk menyebutnya tidur kami memesan hotel untuk beristirahat setelah penerbangan panjang tapi tidak mendapatkan istirahat sama sekali",BUMN,Bintang 4,JakartaAirportHotelT2,negative,0.8168342709541321,Facilities & Amenities,Facilities & Amenities (1.00); Service Efficiency & Responsiveness (0.99); Service Quality (0.99)
mcst 1942,2023,5,Aku merasa sangat disambut oleh semua wajah tersenyum dari kantor resepsi rekan termasuk Bellmen kamar sangat bersih dengan rapi dan tenang meskipun itu di dalam area bandara,BUMN,Bintang 4,JakartaAirportHotelT2,positive,0.9986673593521118,"Cleanliness, Hygiene & Maintenance","Cleanliness, Hygiene & Maintenance (1.00); Staff Conduct & Hospitality (0.99); Service Efficiency & Responsiveness (0.99)"
Z,2023,2,Sebuah kasur hotel tulang sangat telanjang murah dan fasilitas kamar mandi adalah dari hotel 1 bintang Aku hanya menghabiskan malam singkat di sini dan melewatkan sarapan karena tidak terlihat baik Aku tidak akan menyebutnya nilai besar,BUMN,Bintang 4,JakartaAirportHotelT2,negative,0.7130409479141235,Facilities & Amenities,"Facilities & Amenities (0.99); Guest Experience (0.90); Cleanliness, Hygiene & Maintenance (0.87)"
A A H F,2025,3,Baik jika aku harus menginap di malam hari untuk menghubungkan penerbangan lokasi nyaman di dalam terminal,BUMN,Bintang 4,JakartaAirportHotelT2,positive,0.9973410964012146,Facilities & Amenities,Facilities & Amenities (0.97); Service Quality (0.87); Room Quality & Comfort (0.86)
Austin Rhodes,2022,5,Lokasi hotel ini sangat nyaman dan masuk sangat dekat dengan bandara kamarnya bagus dan bersih staf sangat ramah membantu dan memberikan saran besar tentang waktu untuk keberangkatan berikutnya,BUMN,Bintang 4,JakartaAirportHotelT2,positive,0.9992473125457764,Facilities & Amenities,Facilities & Amenities (1.00); Room Quality & Comfort (0.99); Staff Conduct & Hospitality (0.98)
Elisabeth Widjajakusuma,2022,5,Aku tinggal di sana selama karantina hanya karena aku bisa memesan kamar pada menit terakhir masuk hotel ini layanan sangat baik staf sangat ramah dan responsif dan kamar sangat bersih dan nyaman sangat dianjurkan untuk tinggal lama atau,BUMN,Bintang 4,JakartaAirportHotelT2,positive,0.9971843361854553,Service Efficiency & Responsiveness,Service Efficiency & Responsiveness (1.00); Service Quality (1.00); Staff Conduct & Hospitality (1.00)
Siti Rokoyah,2022,5,Semua oke saja saja tidak ada lift dan jalur buat kursi roda baru ke toilet kena semut gede dapet oleh keluar hotel bekas di gigit semut merah dan sakit,BUMN,Bintang 4,JakartaAirportHotelT2,negative,0.9967291355133057,Facilities & Amenities,"Facilities & Amenities (0.81); Location, Accessibility & Parking (0.75); Cleanliness, Hygiene & Maintenance (0.66)"
Claire Jones,2019,3,Hotel ini memiliki poin baik dan buruk kamar yang baik bersih nyaman tempat tidur dan bantal jendela soundproof ke luar sehingga tidak bisa mendengar pesawat sangat nyaman terletak di lantai 2 terminal 2 di mana ada banyak restoran dan skytrain adalah perjalanan gratis antara semua tiga terminal staf ramah dan mudah memeriksa masuk setelah saya memesan online foyer buruk bau seperti pembersih desinfektan pertama kali saya berjalan masuk dan asap rokok kedua kali ketika saya ingin menonton tv orang masuk kamar sebelah tertabrak pada dinding bersebelahan bahkan ketika saya turun volume untuk,BUMN,Bintang 4,JakartaAirportHotelT2,negative,0.7630494236946106,Facilities & Amenities,"Facilities & Amenities (0.99); Cleanliness, Hygiene & Maintenance (0.90); Service Quality (0.89)"
halliya citrasari,2021,4,lokasi di terminal 2e jadi klo mau penerbangan pagi tidak buru2 kamar baru seperti lorong jadi lumayan jalan jauh kamar bersih pelayanan baik selama pandemi tidak ada sarapan dan layanan restoran,BUMN,Bintang 4,JakartaAirportHotelT2,positive,0.9963868856430054,"Cleanliness, Hygiene & Maintenance","Cleanliness, Hygiene & Maintenance (0.98); Service Quality (0.97); Room Quality & Comfort (0.95)"
Ramdani Sama,2022,5,mau dibilang gimanapun kalau transit pasti selalu di cgk lagian di indonesia keknya tidak ada yang lebih bagus dan lengkap drpd cgk hanya saja ya tiap terminal beda2 kudu pinter dan sering nanya kalau buta terus kemewahan ruang tunggu tergantung terminal artinya ya tergantung naik pesawat apa ruang tunggu garuda ya beda sama sama singa kelompok ruang tunggu domestik ya beda dengan internasional apalagi yang pesawat2 bagus kek Qatar airways,BUMN,Bintang 4,JakartaAirportHotelT2,negative,0.9545750617980957,Facilities & Amenities,Facilities & Amenities (0.90); Service Quality (0.78); Room Quality & Comfort (0.77)
Cagan Hakki Sekercioglu,2018,1,menghindari bising saya harus mengubah penerbangan saya dan pergi 2 hari lebih awal karena darurat kesehatan keluarga meskipun menulis kepada mereka 3 hari masuk awal dan pergi ke sana masuk orang untuk pengembalian uang 2 hari sebelum reservasi saya sekarang perusahaan kartu kredit saya berurusan dengan mereka ada tempat yang jauh lebih baik sangat dekat dengan bandara untuk setengah harga dan dengan pengiriman gratis,BUMN,Bintang 4,JakartaAirportHotelT2,negative,0.9571036696434021,Pricing & Value for Money,Pricing & Value for Money (0.96); Booking & Reservation Experience (0.87); Complaint Handling & Service Recovery (0.84)
Pimonrat Tiansawat,2018,4,nyaman dan nyaman ketika Anda tidak memiliki banyak waktu untuk tinggal masuk kota dan pendakian kembali lagi kita memiliki pemandangan landasan terbang yang luar biasa juga mudah untuk menemukan makanan,BUMN,Bintang 4,JakartaAirportHotelT2,positive,0.9989120960235596,Facilities & Amenities,Facilities & Amenities (1.00); Room Quality & Comfort (0.96); Service Efficiency & Responsiveness (0.88)
Widi Sagita,2023,4,Hotel yang sempurna untuk menginap jika Anda memiliki pagi masuk penerbangan pagi mereka dapat menyediakan sarapan untuk pergi paket dengan pilihan sarapan barat omelette atau sarapan Asia nasi goreng,BUMN,Bintang 4,JakartaAirportHotelT2,positive,0.9986010193824768,Facilities & Amenities,Facilities & Amenities (0.96); Food & Beverage (0.94); Service Efficiency & Responsiveness (0.85)
Attila Böhm,2024,5,Kami sedang dalam perjalanan ke pulau Alor dan masuk membutuhkan beberapa istirahat hotel di lokasi itu luar biasa dan mereka dengan murah hati menawarkan diskon untuk tinggal singkat kami,BUMN,Bintang 4,JakartaAirportHotelT2,positive,0.984774112701416,Service Quality,Service Quality (0.89); Service Efficiency & Responsiveness (0.85); Guest Experience (0.77)
Handia S.,2018,4,Suka kamarnya luas cuma masuknya kebanyakan tangga dan susah buat yang bawa baby stroller kayak saya tapi saya akan terus datang ke sini bcoz sangat2 nyaman untuk fakir transit macam saya,BUMN,Bintang 4,JakartaAirportHotelT2,positive,0.9990832805633545,Facilities & Amenities,Facilities & Amenities (0.96); Room Quality & Comfort (0.93); Guest Experience (0.90)
Jasteph Agusthe,2020,1,Pada saat check masuk waktu porter anak membantu kami membawa bagasi ke kamar ketika dia membuka kamar dia tiba-tiba menutup pintu segera kami bertanya mengapa dia mengatakan bahwa kamar belum dibersihkan apa mereka memberi kami kamar yang belum dibersihkan apa jenis hotel ini yang tidak bekerja sama sama sama sekali bagaimana Anda bisa memberikan keluar kamar tanpa memastikan semua siap super kecewa dan juga mereka tidak kompensasi sama sekali untuk kesalahan fatal ini kami pasti menunggu untuk mendengar dari hotel tentang ini,BUMN,Bintang 4,JakartaAirportHotelT2,negative,0.9993218183517456,Check in/out Experience,Check in/out Experience (0.98); Guest Experience (0.97); Booking & Reservation Experience (0.61)
R 2023,2022,5,Sejak kami tiba di International T3 staf menangani tas kami dan kami ke hotel lokasi masuk T2 terminal dengan perawatan hotel cek masuk cepat dan tas dikirim ke kamar kami kamar sangat bersih dan nyaman lokasi yang bagus,BUMN,Bintang 4,JakartaAirportHotelT2,positive,0.9981568455696106,Room Quality & Comfort,"Room Quality & Comfort (0.99); Cleanliness, Hygiene & Maintenance (0.99); Service Quality (0.98)"
Mohammed Ibrahim,2023,1,Biasanya ketika Anda mengunjungi tempat apapun apakah restoran hotel atau apa pun Anda menemukan semua orang menyambut Anda dengan senyum dan menyambut masuk Anda bertentangan dengan apa yang Anda katakan resepsionis tidak baik dalam berurusan dengan saya masuk selain menandatangani saya di lembaran kosong tanpa informasi dan ketika berbicara dengannya dia mengatakan bahwa informasi akan direkam untuk kamar dan setelah menandatangani dia memberitahu saya bahwa itu adalah 150 buruk adalah buruk dan kurang buruk adalah nol dari nol dan tidak layak untuk bereksperimen dan mengulangi,BUMN,Bintang 4,JakartaAirportHotelT2,negative,0.9987651109695435,Guest Experience,Guest Experience (0.89); Check in/out Experience (0.78); Booking & Reservation Experience (0.65)
Yanwar Pratama Putra,2023,4,Aku tinggal di sini untuk malam selama perjalananku ini adalah hotel lama tapi kebersihan sangat bagus dan pemandangan sangat fantastis karena itu menghadap langsung ke landasan,BUMN,Bintang 4,JakartaAirportHotelT2,positive,0.9984521865844727,Service Quality,"Service Quality (1.00); Cleanliness, Hygiene & Maintenance (1.00); Facilities & Amenities (1.00)"
Veren Moody,2023,5,Uda 2x nginap disini kamarny bersih dan stafnya ramah semua lokasiny juga oke banget deket kalau mau ke skytrain sangat dianjurkan,BUMN,Bintang 4,JakartaAirportHotelT2,positive,0.9995005130767822,Facilities & Amenities,Facilities & Amenities (0.99); Room Quality & Comfort (0.99); Staff Conduct & Hospitality (0.99)
Almira bella012,2024,5,makanann yangg enakk kualitas yang mewah harga yang terjangkau dan kamar yang bersih layanan yang ramah,BUMN,Bintang 4,JakartaAirportHotelT2,positive,0.9993890523910522,"Cleanliness, Hygiene & Maintenance","Cleanliness, Hygiene & Maintenance (1.00); Pricing & Value for Money (0.99); Service Efficiency & Responsiveness (0.99)"
Anisa Dwi Budiarti,2021,5,tempatnya nyaman enak banget pemandangan luarnya juga keren karena langsung melihat pesawat yang berbaris rapi serasa punya pesawat pribadi menambah pengalaman yang memorable karena waktu itu lagi sibuk2nya kegiatan dan awal mulanya pandemi,BUMN,Bintang 4,JakartaAirportHotelT2,positive,0.9989812970161438,Facilities & Amenities,Facilities & Amenities (0.98); Room Quality & Comfort (0.96); Family & Group Friendly (0.86)
Christofer Stevano Longa,2019,5,Tempat yang sempurna untuk menghabiskan malam terutama bagi mereka yang mencari efektivitas masuk jadwal waktu karena dari tempat yang sama dengan gerbang boarding kami berbagai makanan dan toko kenyamanan yang dapat memenuhi semua kebutuhan Anda cukup bersih kamar nyaman tempat tidur dan pemandangan pesawat yang unik seperti langsung dari kamar kami,BUMN,Bintang 4,JakartaAirportHotelT2,positive,0.9992814660072327,Facilities & Amenities,"Facilities & Amenities (1.00); Room Quality & Comfort (0.99); Cleanliness, Hygiene & Maintenance (0.97)"
Mattaneeya P.,2025,5,kamar mandi sangat kotor dan kotor,BUMN,Bintang 4,JakartaAirportHotelT2,negative,0.9993857145309448,Facilities & Amenities,Facilities & Amenities (0.69); Guest Experience (0.56); Check in/out Experience (0.46)
Fakhriyah Rais,2018,5,Wahahah ini seru banget ngajak anak kecil yang demen pesawat dari kamarnya kita bisa melihat pesawat parkir lepas landas seruu emak bapak sengaja nginep di sini cuma buat nyenengin cucu yang suka melihat pesawat,BUMN,Bintang 4,JakartaAirportHotelT2,positive,0.9972387552261353,Guest Experience,"Guest Experience (0.98); Location, Accessibility & Parking (0.94); Facilities & Amenities (0.91)"
Sky -,2022,4,terletak masuk terminal keberangkatan dekat lantai dua berjalan begitu banyak karena review di sini saya melihat hotel adalah pada kedatangan phew lantai kedua mencari tanda hotel transit hotel sendiri cukup tua tidak eskaler hanya tangga tapi jika Anda membawa koper ada tempat untuk meluncurkannya idk apa yang disebut kamar bersih jika Anda tidak ingin berjalan begitu banyak pilih kamar masuk nomor antara 40 50 karena dekat dengan tangga,BUMN,Bintang 4,JakartaAirportHotelT2,positive,0.986136794090271,Guest Experience,"Guest Experience (0.85); Location, Accessibility & Parking (0.84); Facilities & Amenities (0.80)"
Alfrets & Connie,2021,5,sangat bagus hotel kamar bersih dan sanitized staf ramah cek masuk selama ppkm hanya untuk 12 jam transit penerbangan dan saya puas saya tidak memiliki apa-apa untuk mengeluh,BUMN,Bintang 4,JakartaAirportHotelT2,positive,0.9983187913894653,Facilities & Amenities,Facilities & Amenities (1.00); Room Quality & Comfort (1.00); Service Quality (0.99)
andri rishardianto,2021,4,Salah satu hotel di terminal 2 bandara soekarno hatta cengkareng jakarta hotelnya diatas terminal bandara memanjang view nya landasan pacu sisi utara dan matahari terbenam yang cukup menawan kamarnya cukup luas untuk ukuran hotel transit harga transit nya juga cukup bersaing kmrn dapat 400rb per 6 jam tetapi jika lebih dari 6 jam di hitung 1 malam lumayan lah hotelnya cukup strategis sehingga tidak perlu jauh2 macet di jalan ketika transit,BUMN,Bintang 4,JakartaAirportHotelT2,positive,0.9994331002235413,Pricing & Value for Money,Pricing & Value for Money (0.96); Service Efficiency & Responsiveness (0.75); Facilities & Amenities (0.74)
Orie Lim,2020,5,Kami tinggal di hotel ini dua kali sekali ketika kami memiliki penerbangan redeye pulang ke la dan satu lagi adalah ketika kami tiba melewati tengah malam kedua pengalaman tidak ada yang luar biasa hotel ini sedikit lebih tua baik reno akan besar tapi selain bahwa layanan mereka luar biasa kamar bersih staf yang ramah dan layanan ulang-alik cepat sangat baik saya akan merekomendasikan hotel ini kepada semua orang yang membutuhkan akomodasi masuk cgk,BUMN,Bintang 4,JakartaAirportHotelT2,positive,0.9982936978340149,Service Efficiency & Responsiveness,Service Efficiency & Responsiveness (1.00); Facilities & Amenities (0.99); Staff Conduct & Hospitality (0.99)
Rusli Nugroho,2019,1,Resepsi sangat buruk saya mencoba untuk memesan untuk teman saya dari Korea hanya untuk transit yang akan dibayar oleh akun pribadinya dia tidak akrab dengan pemesanan melalui aplikasi tapi resepsionis bersikeras jaminan dengan menggunakan kartu kredit saya meskipun saya sudah memberinya rincian penerbangan dan bahkan meminta layanan bandara mengambil dan tidak ada solusi dari dia biasanya jika kedatangan adalah lebih lambat dari 5 atau 6 pm hotel akan meminta jaminan kartu kredit dan itu dapat dimengerti tapi kali ini teman saya akan mendarat pada 3pm yang hanya 3 jam setelah saya membuat panggilan,BUMN,Bintang 4,JakartaAirportHotelT2,negative,0.9983817338943481,Guest Experience,Guest Experience (0.90); Service Quality (0.88); Booking & Reservation Experience (0.83)
IU-nsshr,2022,5,amat sgt membantu sekali buat yang banyak bawaan dan laki-laki keluar tapi waktu lagi bund jekarda macet dmn2 pan trys bisa minta tlg dbangunin sesuai jam penerbangan kita masyaa allah,BUMN,Bintang 4,JakartaAirportHotelT2,positive,0.9614914655685425,Service Efficiency & Responsiveness,Service Efficiency & Responsiveness (0.98); Service Quality (0.95); Facilities & Amenities (0.94)
Sukma Riverningtyas,2021,5,Staf yang nyaman dan ramah membantu idr 400 0 selama 6 jam atau idr 650 0 untuk malam tidak ada lift tapi staf akan dengan senang hati membantu Anda membawa bagasi Anda ke kamar lingkungan bersih,BUMN,Bintang 4,JakartaAirportHotelT2,positive,0.9978058934211731,Staff Conduct & Hospitality,Staff Conduct & Hospitality (1.00); Facilities & Amenities (1.00); Service Efficiency & Responsiveness (0.99)
Grace Gerda,2020,3,Hotel transit dengan kamar cukup nyaman dan luas staf membantu namun jalan jauh sekali ke kamar dan wifi kurang kuat untuk menutupi semua daerah dengan harga segini cukup mahal dan tanpa sarapan,BUMN,Bintang 4,JakartaAirportHotelT2,negative,0.7918038368225098,Facilities & Amenities,Facilities & Amenities (0.99); Room Quality & Comfort (0.89); Pricing & Value for Money (0.89)
Ira Lemon,2018,5,Dari resepsionis sampai personel lainnya semua pada ramah siap membantu saat dibutuhkan kamarnya nyaman sarapan sih biasa saja tapi yang paling penting adalah ada layanan tutup gratisnya dari terminal 2 ke terminal 3 sebagai pelanggan puas banget dah,BUMN,Bintang 4,JakartaAirportHotelT2,positive,0.9977399110794067,Staff Conduct & Hospitality,Staff Conduct & Hospitality (0.98); Guest Experience (0.98); Facilities & Amenities (0.97)
ZehnTen Massage,2024,4,Untuk penerbangan berikutnya oke untuk bermalam tapi mungkin kamar harus banyak pembenahan dan lebih di rawat,BUMN,Bintang 4,JakartaAirportHotelT2,negative,0.7666131854057312,"Cleanliness, Hygiene & Maintenance","Cleanliness, Hygiene & Maintenance (0.92); Facilities & Amenities (0.92); Service Quality (0.66)"
Ross Andrews,2023,4,Hotel bandara yang sangat baik sedikit sakit untuk sampai dengan bagasi dan AC saya bocor air ketika pertama kali dihidupkan tapi makanan baik-baik saja dan kamar yang tenang dan saya memiliki mandi panjang yang indah yang masuk tengah perjalanan adalah berharga,BUMN,Bintang 4,JakartaAirportHotelT2,positive,0.9983863830566406,Facilities & Amenities,Facilities & Amenities (0.99); Service Quality (0.98); Room Quality & Comfort (0.95)
livia sulistiyo,2022,5,Tempat tidurnya sangat nyaman. Aku mengambil kamar tidur kembar. Penutup suara bekerja sangat baik di dalam ruangan. Sangat bersih.,BUMN,Bintang 4,JakartaAirportHotelT2,positive,0.9986261129379272,Facilities & Amenities,"Facilities & Amenities (1.00); Cleanliness, Hygiene & Maintenance (0.99); Room Quality & Comfort (0.99)"
W K,2022,1,Mohon diperbaiki terutama tinggal untuk karantina karena 1 setiap hari listrik mati 2 makanan yang disajikan tidak bervariasi sampai enek dan mual mual terima kasih,BUMN,Bintang 4,JakartaAirportHotelT2,positive,0.5548902750015259,Check in/out Experience,Check in/out Experience (0.86); Management & Policy Issues (0.77); Guest Experience (0.62)
Jan Hartog,2023,5,Specialy Tohir dan Andrew sangat membantu untuk saya kamar-kamarnya bagus dan luar biasa bagaimana terisolasi mereka dari de noice dari banyak pesawat yang pergi dengan sarapan yang baik dan orang-orang yang ramah yang melayani itu sangat baik tinggal,BUMN,Bintang 4,JakartaAirportHotelT2,positive,0.9988827109336853,Guest Experience,Guest Experience (1.00); Facilities & Amenities (1.00); Staff Conduct & Hospitality (1.00)
Mohammad Gurtala,2024,3,Kami telah menggunakan hotel ini untuk transit domestik kami lokasi terbaik ramah staf yang selalu bersedia untuk membantu Anda dan senyum besar mereka menghilangkan kekhawatiran Anda setelah ketakutan lama dari luar negeri terima kasih,BUMN,Bintang 4,JakartaAirportHotelT2,positive,0.9984808564186096,Staff Conduct & Hospitality,Staff Conduct & Hospitality (1.00); Guest Experience (0.99); Service Quality (0.98)
Fallen Monk,2016,1,Jadi saya terjebak di bandara sampai penerbangan masuk saya hari berikutnya dan membutuhkan tempat untuk beristirahat untuk malam itu jelas bahwa ada sebuah hotel di sini di bandara ada staf hotel masuk depan yang memberitahu saya harga per malam 688 0 idr dan juga termasuk sarapan agak mahal tapi saya suka kenyamanan tidak harus pergi ke tempat lain jadi saya setuju untuk membayar biaya pertama off tidak ada wifi bahkan hotel termurah memiliki wifi dan bandara memiliki wifi gratis kedua mesin masuk kamar saya lebih tua dari kamar itu sendiri tidak bekerja sangat baik dan bangun berkeringat masuk,BUMN,Bintang 4,JakartaAirportHotelT2,positive,0.9340025186538696,Facilities & Amenities,Facilities & Amenities (0.97); Pricing & Value for Money (0.94); Staff Conduct & Hospitality (0.75)
ST,2022,5,Jakarta Airport Hotel Indonesia tempat yang baik untuk menginap selama karantina dengan jendela besar untuk mendapatkan pemandangan dekat pesawat taksi dan lepas landas di landasan pacu ramah dan membantu makanan bisa lebih baik,BUMN,Bintang 4,JakartaAirportHotelT2,positive,0.9990906715393066,Facilities & Amenities,Facilities & Amenities (0.99); Service Efficiency & Responsiveness (0.94); Service Quality (0.92)
Budi Susetyo (Budi logging),2025,4,Sangat nyaman,BUMN,Bintang 4,JakartaAirportHotelT2,positive,0.9991685152053833,Room Quality & Comfort,"Room Quality & Comfort (0.96); Facilities & Amenities (0.93); Cleanliness, Hygiene & Maintenance (0.92)"
MARCO VAN GEERTSOM,2023,3,Bandara Old Intl sekarang domestik dan adalah mereka 30 tahun yang lalu banyak kali waktu untuk merenovasi hal yang hebat adalah skytrain dan kereta api ke Jakarta tengah shia soekarno hatta bandara internasional ke batu ceper duri dan bni kota dekat stasiun sudirman biaya hanya 50 0rp pax 4 usd gubernur sebelumnya melakukan pekerjaan yang baik lalu lintas masuk jakarta jauh lebih macet masuk masa lalu,BUMN,Bintang 4,JakartaAirportHotelT2,positive,0.9978518486022949,Facilities & Amenities,Facilities & Amenities (0.97); Service Quality (0.90); Pricing & Value for Money (0.79)
Justin Cupler,2018,4,terbaik rp525 0 i pernah menghabiskan airbnb kami memaksa kami untuk memeriksa keluar 6 jam sebelum penerbangan kami jadi kami berencana untuk hanya duduk di sekitar bandara untuk waktu itu kemudian kami melihat bandara hotel dan memeriksa keluar hanya untuk rp525 0 sekitar 35 kami mendapat ruang kementerian nyaman yang memberi kami ruang yang bagus untuk menyebar keluar masuk dan menangkap beberapa tidur sebelum penerbangan panjang kami kembali ke US dan mereka bahkan menyimpan bagasi masuk tempat yang aman selama Anda tinggal gratis kamar itu adalah un yang mengejutkan bentuk yang baik dengan pemandangan yang jelas dari landasan,BUMN,Bintang 4,JakartaAirportHotelT2,positive,0.792492687702179,Facilities & Amenities,Facilities & Amenities (0.98); Service Quality (0.91); Room Quality & Comfort (0.88)
Aisyah Hilal,2016,1,Pelayanannya tidak bagus terutama pihak reservasi kamar baru pemesanan saja sudah di php masuk dibilang ada kamar ternyata saat mendekati hari h sudah jual mahal dibilang tidak ada kamar padahal kita dari perusahaan bukan perorangan,BUMN,Bintang 4,JakartaAirportHotelT2,negative,0.9992417097091675,Booking & Reservation Experience,Booking & Reservation Experience (0.89); Guest Experience (0.72); Check in/out Experience (0.60)
Kelly Gardner,2018,4,Kami tinggal di hotel ini saat tiba dan berangkat dari Jakarta kami tiba di 2345 dan kami berangkat seminggu kemudian di 0615 hotel ini benar masuk terminal dan sangat nyaman untuk tidak harus berurusan dengan lalu lintas dan tidur dengan baik sebelum dan setelah penerbangan panjang satu-satunya kelemahan adalah air panas masuk kamar berjalan keluar setelah 2 menit,BUMN,Bintang 4,JakartaAirportHotelT2,positive,0.8682482242584229,Facilities & Amenities,"Facilities & Amenities (0.85); Service Quality (0.69); Location, Accessibility & Parking (0.66)"
Jan,2018,5,Tempat yang sangat bagus untuk beristirahat selama beristirahat lama mereka bahkan menawarkan tinggal pendek yang memungkinkan Anda tinggal selama 6 jam untuk harga yang sangat rendah sekitar 500 0 idr sangat bersih tenang dan tepat di atas terminal 2,BUMN,Bintang 4,JakartaAirportHotelT2,positive,0.9987252354621887,Facilities & Amenities,Facilities & Amenities (0.97); Guest Experience (0.92); Room Quality & Comfort (0.91)
Rya Ryani,2021,5,hotelnya terletak diterminal 2e bandara soeta sangat nyaman bersih dan pelayanannya sangat memuaskan dengan staf yang ramah hotel ini adalah salah satu hotel yang ditunjuk pemerintah untuk tempat karantina bagi siapa yang pulang dari luar,BUMN,Bintang 4,JakartaAirportHotelT2,positive,0.9991901516914368,Staff Conduct & Hospitality,"Staff Conduct & Hospitality (1.00); Service Quality (1.00); Cleanliness, Hygiene & Maintenance (1.00)"
Ilmi &ibnu,2024,5,Pelayan bagus bersih cuman toilet mesti dikasih timbalah ada gayungnya jangan serba tisu cuman itu saja minususnya,BUMN,Bintang 4,JakartaAirportHotelT2,positive,0.7985410094261169,Service Quality,Service Quality (0.94); Guest Experience (0.84); Facilities & Amenities (0.75)
David Nainggolan,2022,3,Lokasinya di 2e strategis u yang menunggu penerbangan hanya saja tidak ada lift sehingga untuk naik turun barang hanya bisa harus dibantu,BUMN,Bintang 4,JakartaAirportHotelT2,positive,0.9520893692970276,Facilities & Amenities,"Facilities & Amenities (0.91); Service Quality (0.81); Location, Accessibility & Parking (0.72)"
Sukarno Yudha,2021,5,nyaman dekat keberangkatan 2e juga bell boy nya full service kamar juga mantap kalau harga mahal ya memang ini di bandara mau bagaimana lagi kalau murah ada hotel kapsul cuma ya gitu deh tempat bagus ini,BUMN,Bintang 4,JakartaAirportHotelT2,positive,0.9973863959312439,Pricing & Value for Money,Pricing & Value for Money (0.96); Facilities & Amenities (0.93); Service Quality (0.91)
Sanket Kanodia,2019,3,Baik untuk bersantai dan mengejar ketinggalan tidur jika waktu transit lebih dari 5 jam satu-satunya masalah adalah terletaknya masuk T2 penumpang datang dari terminal internasional perlu mengambil kereta langit ke T2 dan berjalan banyak untuk mencapai hotel,BUMN,Bintang 4,JakartaAirportHotelT2,positive,0.9748795032501221,"Location, Accessibility & Parking","Location, Accessibility & Parking (0.96); Facilities & Amenities (0.95); Sustainability & Environmental Quality (0.76)"
ISOKUIKI MUSIC & PROJECT,2019,5,buat anda yang menganggap waktu adalah uang hotel ini tepat untuk anda selain fasilitas yang cukup memadahi anda tidak perlu khawatir ketinggalan pesawat tinggal jalan kaki sampai terminal keberangkatan semoga bermanfaat agung setyaji,BUMN,Bintang 4,JakartaAirportHotelT2,positive,0.998124897480011,Facilities & Amenities,Facilities & Amenities (1.00); Pricing & Value for Money (0.97); Service Quality (0.96)
adisti wulandari,2021,5,Kalau transit nya cukup lama lebih nyaman tidur di hotel kapsul ini barang2 kita juga aman ada tv selimut tangan dan sikat gigi,BUMN,Bintang 4,JakartaAirportHotelT2,positive,0.9974397420883179,Facilities & Amenities,"Facilities & Amenities (0.99); Safety & Security (0.91); Cleanliness, Hygiene & Maintenance (0.86)"
Khoirul Hakim,2024,1,Tidak ada staf di pintu depan perlu menangani bagasi besar sendiri dan bahkan tidak ada yang peduli untuk membuka pintu,BUMN,Bintang 4,JakartaAirportHotelT2,negative,0.9957141280174255,Safety & Security,Safety & Security (0.87); Facilities & Amenities (0.87); Service Efficiency & Responsiveness (0.85)
Jan en Yuli Van den Bergh,2019,3,Kami tinggal masuk kamar keluarga itu adalah kamar mandi besar yang bagus dan mandi mengecewakan sarapan tidak benar-benar istimewa atau cukup baik untuk menghabiskan 1 malam setelah penerbangan panjang,BUMN,Bintang 4,JakartaAirportHotelT2,negative,0.9916256070137024,Facilities & Amenities,Facilities & Amenities (0.99); Guest Experience (0.98); Room Quality & Comfort (0.97)
abdul rasid,2025,5,kamar bersih cocok buat nunggu pesawat pagi,BUMN,Bintang 4,JakartaAirportHotelT2,positive,0.999014139175415,Room Quality & Comfort,"Room Quality & Comfort (0.99); Service Quality (0.99); Cleanliness, Hygiene & Maintenance (0.98)"
bakhtiar iswindiarto,2020,4,hotelnya bagus bersih wangi tapi kalau bisa ac nya diperbaiki ya soalnya harus dibikin 16 derajat dulu baru kerasa dingin nya dan saran nagi yang mw nginep minta yang dekat lobi saja biar tidak jauh2 jalannya,BUMN,Bintang 4,JakartaAirportHotelT2,positive,0.9563488364219666,"Cleanliness, Hygiene & Maintenance","Cleanliness, Hygiene & Maintenance (0.96); Facilities & Amenities (0.95); Service Quality (0.94)"
R. AGUS,2019,4,Hotel sangat bagus terletak masuk terminal 2 dan banyak restoran masuk daerah sekitar dan bank untuk pertukaran uang jika Anda memiliki penerbangan awal saya merekomendasikan hotel ini dan mereka menyediakan ulang-alik untuk pergi ke terminal yang berbeda yang memiliki cukup jarak,BUMN,Bintang 4,JakartaAirportHotelT2,positive,0.998916745185852,Facilities & Amenities,"Facilities & Amenities (0.99); Service Efficiency & Responsiveness (0.87); Location, Accessibility & Parking (0.85)"
ImanR,2022,5,hanya satu hal penting yang pemilik hotel harus menanggapi pelanggan yang sulit untuk membawa koper mereka dari lobi tidak ada lift atau lift sisanya adalah sangat baik terima kasih,BUMN,Bintang 4,JakartaAirportHotelT2,positive,0.9593836665153503,Guest Experience,Guest Experience (0.99); Service Quality (0.98); Facilities & Amenities (0.96)
Endang Teguh Pramono,2019,5,pelayanan para pegawainya ramah ramah sayang sekali minus restoran yang katanya sudah tidak boleh sama angkasa pura barnya juga kurang menjual variasi minuman namun okelah dibandingkan hotel lain,BUMN,Bintang 4,JakartaAirportHotelT2,positive,0.9932000041007996,Service Quality,Service Quality (0.98); Staff Conduct & Hospitality (0.98); Facilities & Amenities (0.93)
bayu frassetyo wibowo,2021,5,bagus ruang tunggu oke antrean kalau bisa proses pemeriksaan pas boarding dipercepat agar tidak tertumpuk penumpang selebihnya oke,BUMN,Bintang 4,JakartaAirportHotelT2,positive,0.9752724766731262,Service Quality,Service Quality (0.95); Facilities & Amenities (0.95); Guest Experience (0.87)
Ahmed al Garf,2019,4,nyaman dan bersih satu-satunya masalah adalah ada cukup sedikit tangga untuk sampai ke kamar dan tidak ada lift jadi Anda akan harus membawa bagasi Anda naik dan turun tangga,BUMN,Bintang 4,JakartaAirportHotelT2,positive,0.9600822329521179,Facilities & Amenities,"Facilities & Amenities (0.98); Service Quality (0.92); Cleanliness, Hygiene & Maintenance (0.89)"
Kathy Jennings,2018,4,sempurna untuk apa itu adalah tempat untuk crash masuk transit kami menggunakannya dua kali sekali selama 6 jam dan sekali hanya untuk 2 staf bersih berbicara banyak bahasa dan membantu,BUMN,Bintang 4,JakartaAirportHotelT2,positive,0.9975977540016174,Service Quality,Service Quality (0.99); Facilities & Amenities (0.99); Check in/out Experience (0.99)
Orion Bukantis,2018,5,nyaman bersih dan begitu nyaman pasti nilai yang baik kecuali Anda mencari sesuatu yang mewah untuk malam bermalam ini sempurna,BUMN,Bintang 4,JakartaAirportHotelT2,positive,0.9980068802833557,Facilities & Amenities,Facilities & Amenities (0.98); Room Quality & Comfort (0.95); Service Quality (0.95)
Sulhiyah Roemnoer,2023,5,strategis banget kalau hanya penerbangan dalam negeri mau ke luar pun tidak masalah karena ada kereta antar terminal pemandangan juga oke tidak bosenin,BUMN,Bintang 4,JakartaAirportHotelT2,positive,0.9990460276603699,Facilities & Amenities,Facilities & Amenities (0.94); Service Efficiency & Responsiveness (0.93); Family & Group Friendly (0.84)
Tommy Boy,2023,5,penerbangan pagi singa udara jam 8 00 wib cari aman bobo disini bisa melihat pesawat lepas landas dan mendarat dari dalam kamar,BUMN,Bintang 4,JakartaAirportHotelT2,neutral,0.8958863019943237,Safety & Security,Safety & Security (0.97); Check in/out Experience (0.90); Service Efficiency & Responsiveness (0.89)
hadmo saksono,2019,4,Kamarnya cukup nyaman meskipun membutuhkan berjalan kaki yang cukup panjang ke kamar hotel saya staf ramah dan membantu termasuk sopir bus ulang-alik yang menjatuhkan kami ke terminal 3,BUMN,Bintang 4,JakartaAirportHotelT2,positive,0.9954740405082703,Staff Conduct & Hospitality,Staff Conduct & Hospitality (0.99); Facilities & Amenities (0.99); Room Quality & Comfort (0.97)
Uly Theresia,2019,5,Sayangnya saya tidak mengambil foto secara keseluruhan adalah besar itu masuk terminal 3 saya menggunakan hotel ini karena saya melewatkan penerbangan saya jika Anda sama seperti kasus saya saya sarankan Anda menggunakan skytrain jika Anda tidak masuk terminal 3 sebelum 12pm jika saya tidak salah skytrain terakhir berangkat pada 00 00 00,BUMN,Bintang 4,JakartaAirportHotelT2,negative,0.5041358470916748,Sustainability & Environmental Quality,Sustainability & Environmental Quality (0.58); Facilities & Amenities (0.57); Pricing & Value for Money (0.56)
Ri Riyan,2019,3,pendapat pribadi saya tidak suka bahwa orang-orang diizinkan merokok di ruang duduk terbuka asap mengganggu seperti itu adalah di bandara dan ada pilihan tinggal pendek jika kita hanya ingin tinggal singkat,BUMN,Bintang 4,JakartaAirportHotelT2,negative,0.9821144938468933,Facilities & Amenities,"Facilities & Amenities (0.94); Guest Experience (0.85); Location, Accessibility & Parking (0.56)"
Yulida Komputer AMUNTAI,2025,5,Makin hari makin disini terasa berubah,BUMN,Bintang 4,JakartaAirportHotelT2,negative,0.9983670115470886,Sustainability & Environmental Quality,Sustainability & Environmental Quality (0.74); Cultural & Heritage Experience (0.63); Facilities & Amenities (0.63)
Judith Angelica,2023,1,salah satu staf Anda sangat tidak sopan membuat lelucon atas namaku dan tertawa di telepon dia lebih baik kembali ke pelajaran pelatihan tentang layanan pelanggan terima kasih,BUMN,Bintang 4,JakartaAirportHotelT2,negative,0.9975372552871704,Guest Experience,Guest Experience (0.99); Check in/out Experience (0.98); Service Quality (0.91)
khairul fahmi,2019,4,Hotel yang cukup nyaman jika anda transit di Jakarta tapi tidak ingin berkutat dengan kemacetan ibu kota hotel ini sangat cocok karena berada di lingkungan bandara dan dekat dengan akses skytrain t2,BUMN,Bintang 4,JakartaAirportHotelT2,positive,0.9990339279174805,Facilities & Amenities,"Facilities & Amenities (0.93); Family & Group Friendly (0.81); Location, Accessibility & Parking (0.80)"
Edith santosa,2019,5,Ketika Anda memiliki penerbangan pertama masuk pagi dari bandara Soekarno Hatta dan Anda menemukan diri Anda terlalu lelah untuk bangun lebih awal hanya datang ke hotel ini buku kamar dan tidur ketat staf akan senang untuk membangunkan Anda pada saat permintaan Anda dan membawa Anda ke terminal,BUMN,Bintang 4,JakartaAirportHotelT2,positive,0.9499582052230835,Service Efficiency & Responsiveness,Service Efficiency & Responsiveness (0.94); Facilities & Amenities (0.91); Service Quality (0.90)
Nensi Hadiati,2020,1,Saya menelepon hotel untuk mengajukan beberapa pertanyaan dan melakukan pemesanan pihak hotel menyarankan saya untuk memesan kamar melalui whatsapp melalui nomor di atas dan sampai sekarang saya tidak mendapatkan jawaban atas pesan yang saya kirim jadi mengapa tidak bisa menerima pemesanan kamar melalui sambungan telepon jika tidak memberikan jawaban untuk pesan melalui whatsapp,BUMN,Bintang 4,JakartaAirportHotelT2,negative,0.9795346260070801,Booking & Reservation Experience,Booking & Reservation Experience (0.82); Service Efficiency & Responsiveness (0.54); Guest Experience (0.48)
Hein Mulder,2018,4,Hotel yang bagus di lokasi yang sangat nyaman sempurna jika Anda perlu tinggal beberapa jam di bandara Jakarta kopi teh tempat tidur yang baik pemandangan yang sempurna dan mandi hangat,BUMN,Bintang 4,JakartaAirportHotelT2,positive,0.9993756413459778,Facilities & Amenities,Facilities & Amenities (1.00); Room Quality & Comfort (0.96); Service Quality (0.88)
Tjoong San,2019,4,Di malam hari sempat udara tidak menyala lancar hanya keluar angin dan udara sedikit2 beberapa keran ada yang pergi lain2 cukup nyaman dan aman,BUMN,Bintang 4,JakartaAirportHotelT2,positive,0.985731303691864,Safety & Security,Safety & Security (0.82); Facilities & Amenities (0.77); Sustainability & Environmental Quality (0.65)
Ibe Esha. M.M,2025,5,Cukup menarik,BUMN,Bintang 4,JakartaAirportHotelT2,positive,0.996254563331604,"Cleanliness, Hygiene & Maintenance","Cleanliness, Hygiene & Maintenance (0.92); Facilities & Amenities (0.84); Cultural & Heritage Experience (0.82)"
Harso Forever,2019,4,cukup nyaman apalagi untuk transit nyaman tidak perlu keluar dari bandara terletak di terminal 2e cuma kebetulan bisa kamar paling ujung jauh jalan nya kamar nya nyaman pemandangan nya untuk pesawat,BUMN,Bintang 4,JakartaAirportHotelT2,positive,0.9994376301765442,Facilities & Amenities,Facilities & Amenities (0.99); Room Quality & Comfort (0.92); Service Efficiency & Responsiveness (0.88)
BUDI Mulyono,2023,5,senang sekali ada hotel yang sangat dekat dengan bandara jadi tidak terburu2 buat jadwal penerbangan dalam maupun dn,BUMN,Bintang 4,JakartaAirportHotelT2,positive,0.9980074763298035,Service Efficiency & Responsiveness,Service Efficiency & Responsiveness (0.93); Facilities & Amenities (0.88); Service Quality (0.87)
Sharon Amir,2023,5,Sangat nyaman hanya harus berjalan sedikit jauh jika Anda mendapatkan ruang akhir karena bangunan itu panjang,BUMN,Bintang 4,JakartaAirportHotelT2,positive,0.9950504899024963,Facilities & Amenities,"Facilities & Amenities (0.95); Room Quality & Comfort (0.79); Loyalty, Recommendation & Appreciation (0.74)"
Muhamad Fahreza Harvian,2025,5,cocok untuk transit pesawat di T2 harga juga masih masuk akal,BUMN,Bintang 4,JakartaAirportHotelT2,positive,0.998258650302887,Pricing & Value for Money,Pricing & Value for Money (0.99); Facilities & Amenities (0.89); Sustainability & Environmental Quality (0.82)
Mislih pertama,2023,3,mohon ada toilet yang lebih di tempat parkir dan ada kan resto untuk harga ekonomi karena banyak drever juga yang tidak di tempat parkir,BUMN,Bintang 4,JakartaAirportHotelT2,positive,0.6410617232322693,Pricing & Value for Money,"Pricing & Value for Money (0.97); Facilities & Amenities (0.94); Location, Accessibility & Parking (0.87)"
Priyadi Lubis,2017,1,Bandara itu sendiri standar internasional sementara hotel itu mengerikan aku harus tinggal satu malam untuk penerbangan ke Jeddah dan kamarnya panas aku tidak bisa tidur baik satu-satunya hal yang baik tentang hotel adalah bahwa mereka masih memiliki potensi untuk menjadi hotel internasional,BUMN,Bintang 4,JakartaAirportHotelT2,negative,0.6242469549179077,Service Quality,Service Quality (0.16); Facilities & Amenities (0.16); Religious & Halal Features (0.15)
Azr Zal,2022,5,hotel transit yang berada di terminal 2 bandara internasional soekarno hatta kesini cuma buat cetak dokumen staf nya sangat membantu suasana lobi nya pun nyaman bersih,BUMN,Bintang 4,JakartaAirportHotelT2,positive,0.9993076324462891,Facilities & Amenities,"Facilities & Amenities (0.96); Cleanliness, Hygiene & Maintenance (0.95); Service Quality (0.95)"
Rista Vlog,2023,5,Pelayanan ramah pembangunan sudah banyak dan bagus foodcourt banyak mau beli oleh juga lebih mudah kok,BUMN,Bintang 4,JakartaAirportHotelT2,positive,0.9979350566864014,Facilities & Amenities,Facilities & Amenities (0.99); Service Quality (0.98); Staff Conduct & Hospitality (0.97)
Amc Dewi,2019,5,hotel didalam bandara sangat cocok buat yang lg transit hotelnya bersih nyaman dekat dengan tempat makan jadi tidak repot cari makan pelayanannya bagus banget,BUMN,Bintang 4,JakartaAirportHotelT2,positive,0.9994872808456421,Service Quality,"Service Quality (0.99); Facilities & Amenities (0.97); Cleanliness, Hygiene & Maintenance (0.94)"
Yuda Irawan,2023,4,susah nyarinya krna dalam bandara tanpa rencana neon box msti nanya satpam sempit mahal fasili tas kurang komplit,BUMN,Bintang 4,JakartaAirportHotelT2,negative,0.9926609992980957,Pricing & Value for Money,Pricing & Value for Money (0.81); Safety & Security (0.74); Facilities & Amenities (0.65)
Agus Nugraha,2022,5,sudah ada perubahan dibandingkan sebelum masa covid 19 karena sudah hampir dua tahun saya tidak terbang perihal terjadi di daerah sebelum ruang tunggu jika ruang tunggu tidak ada perubahan yang berarti sekian salam,BUMN,Bintang 4,JakartaAirportHotelT2,neutral,0.8727400302886963,Guest Experience,"Guest Experience (0.66); Check in/out Experience (0.53); Location, Accessibility & Parking (0.46)"
is hady,2019,5,Tempat yang bagus untuk menginap setidaknya sekali masuk seumur hidup Anda lol satu-satunya hotel terhubung ke terminal 2 sehingga Anda bisa melihat dengan jelas pesawat dari jendela kamar Anda pemandangan lorong adalah skytrain baru dianjurkan untuk menunggu waktu Anda di sana,BUMN,Bintang 4,JakartaAirportHotelT2,positive,0.9974664449691772,Facilities & Amenities,Facilities & Amenities (0.90); Check in/out Experience (0.83); Guest Experience (0.72)
Maltje Kit,2019,5,Pelayanannya luar biasa ramah dan sangat membantu membawa koper koper yang berat hotel ini juga menyediakan mobil yang mengantar tamunya untuk ke terminal terminal yang ada di bsh,BUMN,Bintang 4,JakartaAirportHotelT2,positive,0.9961906671524048,Staff Conduct & Hospitality,Staff Conduct & Hospitality (1.00); Facilities & Amenities (0.99); Service Efficiency & Responsiveness (0.99)
Hadi Hendra,2022,4,bandara besar dengan budaya Indonesia sangat lengkap fasilitas dan cukup bersih wifi perlu diperbaiki tidak stabil dan sulit untuk terhubung,BUMN,Bintang 4,JakartaAirportHotelT2,positive,0.9982455968856812,Facilities & Amenities,"Facilities & Amenities (1.00); Cleanliness, Hygiene & Maintenance (0.96); Cultural & Heritage Experience (0.93)"
didikr rozak,2022,4,desain tradisional joglo modern dan adanya kereta langit maka jarak dari 1 terminal ke terminal lain bisa terakomodir dengan cepat dan menyenangkan,BUMN,Bintang 4,JakartaAirportHotelT2,positive,0.9885850548744202,Facilities & Amenities,Facilities & Amenities (0.99); Ambience & Design (0.98); Service Efficiency & Responsiveness (0.95)
Aisyah Ridho,2024,5,Aku merekomendasikan sih kata aku membuat orang yang transit bentaran biar gk jauh2 cari hotel lain,BUMN,Bintang 4,JakartaAirportHotelT2,positive,0.9700927138328552,"Loyalty, Recommendation & Appreciation","Loyalty, Recommendation & Appreciation (0.65); Guest Experience (0.62); Personalized & Special Services (0.56)"
merville pereira,2024,3,kamarnya bagus mandi bisa sedikit bersih tempat tidur nyaman sarapan yang baik,BUMN,Bintang 4,JakartaAirportHotelT2,positive,0.9979409575462341,Facilities & Amenities,"Facilities & Amenities (0.99); Room Quality & Comfort (0.99); Cleanliness, Hygiene & Maintenance (0.98)"
Sarah Jacobs,2022,5,Kami tinggal di hotel antara penerbangan kami karena kami harus menunggu 10 jam itu sangat bersih dan nyaman staf sangat membantu dan ramah,BUMN,Bintang 4,JakartaAirportHotelT2,positive,0.995692789554596,Facilities & Amenities,Facilities & Amenities (0.99); Staff Conduct & Hospitality (0.99); Service Efficiency & Responsiveness (0.99)
Rosmin Mariati,2019,3,Lokasinya strategis karena berada di dalam bandara dan sangat membantu para penumpang yang akan transit untuk melanjutkan perjalanan ke tempat tujuan,BUMN,Bintang 4,JakartaAirportHotelT2,positive,0.9970859885215759,Facilities & Amenities,Facilities & Amenities (0.95); Service Efficiency & Responsiveness (0.94); Service Quality (0.75)
YV YOGANTARA,2022,5,tempat strategis dan nyaman bagi yang perlu menginap di sekitar bandara internasional sukarno hatta mudah mencari makanan,BUMN,Bintang 4,JakartaAirportHotelT2,positive,0.9991156458854675,Facilities & Amenities,Facilities & Amenities (0.99); Room Quality & Comfort (0.95); Service Efficiency & Responsiveness (0.82)
Nabil Ramlee,2019,1,Aku tidak menikmati 5 jam tinggal di terminal 2e Jakarta Airport Hotel Aku pikir itu mudah dan cepat untuk mencapainya tapi aku salah Aku lebih memilih membayar tambahan 300 0 rupee dan pergi ke Fm7 Hotel,BUMN,Bintang 4,JakartaAirportHotelT2,negative,0.9921799898147583,Pricing & Value for Money,"Pricing & Value for Money (0.90); Location, Accessibility & Parking (0.68); Guest Experience (0.66)"
Jules Brookfield,2011,1,Mungkin bandara internasional terburuk masuk dunia untuk kota sebesar ini dan ibu kota negara itu kotor runtuh sangat buruk dipenuhi cahaya sangat miskin pilihan restoran dan belanja sangat sering Anda harus naik bus ke pesawat dan mendapatkan taksi adalah seperti berjalan melalui pasar kutu dengan 30 orang memohon Anda untuk menggunakan layanan mereka mengerikan,BUMN,Bintang 4,JakartaAirportHotelT2,negative,0.9962539672851562,Facilities & Amenities,"Facilities & Amenities (0.99); Location, Accessibility & Parking (0.88); Ambience & Design (0.74)"
Nasyid BaNa,2023,5,restoran dalam bandara terminal 2 lokasi strategis makanan nya nyaman di lidah view landasan pacu pesawat pemandangan oke,BUMN,Bintang 4,JakartaAirportHotelT2,positive,0.999525785446167,Food & Beverage,Food & Beverage (0.96); Facilities & Amenities (0.82); Family & Group Friendly (0.80)
Adam Wise,2018,2,Keuntunganya hanya karena ada bandara terminal saja selebihnya tidak ada yang menarik resepsi ngga ramah sarapan kaya hotel melati tidak ada fasilitas,BUMN,Bintang 4,JakartaAirportHotelT2,negative,0.9934939742088318,Guest Experience,Guest Experience (0.79); Food & Beverage (0.78); Sustainability & Environmental Quality (0.55)
Hatice Turan,2022,1,Ringan tidak terasa bersih sama sekali berwarna kita memesan makanan dan bau daging membuat saya mual dan sakit perut,BUMN,Bintang 4,JakartaAirportHotelT2,negative,0.9986322522163391,Food & Beverage,Food & Beverage (0.94); Booking & Reservation Experience (0.90); Guest Experience (0.83)
Fransiska Sri Susanti,2019,4,Staff ramah lokasi utama masuk pusat bandara transportasi gratis dari hotel ke terminal keberangkatan Anda tepat di atas langit kereta terminal kamar luas dan bersih,BUMN,Bintang 4,JakartaAirportHotelT2,positive,0.9995200634002686,Service Quality,Service Quality (0.99); Facilities & Amenities (0.98); Staff Conduct & Hospitality (0.98)
Anamichan,2019,5,hotelnya bagus nyaman bersih dari kamar viewnya mantap cuma terlalu banyak tangga tapi tenang petugasnya ramah dan siap membantu,BUMN,Bintang 4,JakartaAirportHotelT2,positive,0.9992964267730713,Facilities & Amenities,"Facilities & Amenities (0.99); Room Quality & Comfort (0.98); Cleanliness, Hygiene & Maintenance (0.98)"
Prasetyo wahyu Utomo,2019,4,pemandangan di hotel ini bagus karena dekat dengan danau buatan namun kebersihan lingkungan perlu ditingkatkan karena banyak pohon membuat banyak daun kering yang berserakan,BUMN,Bintang 4,JakartaAirportHotelT2,positive,0.9268410801887512,"Cleanliness, Hygiene & Maintenance","Cleanliness, Hygiene & Maintenance (0.90); Sustainability & Environmental Quality (0.88); Facilities & Amenities (0.83)"
Firoz Mohmed,2023,5,Hotel ini memiliki kamar bersih yang bagus dan staf yang ramah restoran masuk house memiliki menu yang bagus sarapan adalah gaya buffet,BUMN,Bintang 4,JakartaAirportHotelT2,positive,0.9987130165100098,Facilities & Amenities,Facilities & Amenities (1.00); Food & Beverage (1.00); Staff Conduct & Hospitality (1.00)
Lorn Dvgn,2021,1,Komunikasi yang buruk tidak menjawab pesan tidak ada permintaan maaf saya mencoba 3 kali untuk menghubungi mereka melalui nomor whatsapp kontak di situs resmi karantina hotel layanan hantu akhirnya saya berubah pikiran dan memesan hotel lain karena mereka tidak pernah menjawab pesan saya jangan buang waktu Anda atau menjadi sangat sangat sabar,BUMN,Bintang 4,JakartaAirportHotelT2,negative,0.9979358911514282,Booking & Reservation Experience,Booking & Reservation Experience (0.87); Guest Experience (0.75); Check in/out Experience (0.55)
Ary Retmono,2022,4,Hotel yang nyaman di terminal 2 Soekarno Hatta bandara yang terletak di antara waktu kedatangan 2d dan 2e membuatnya lebih nyaman bagi penumpang transit membutuhkan tempat tidur,BUMN,Bintang 4,JakartaAirportHotelT2,positive,0.9976248145103455,Facilities & Amenities,Facilities & Amenities (0.95); Service Quality (0.95); Room Quality & Comfort (0.87)
Cynthia Rahmawati,2017,1,Hotel tidak membantu saya memesan melalui situs web untuk malam memeriksa masuk dan berbalik keluar saya tidak bisa tinggal meskipun pembayaran saya sudah dilakukan tidak dapat mendapatkan pengembalian uang tidak ada informasi sepanjang malam mereka terus mengatakan tidak dapat tanpa solusi yang tepat mereka harus memperbaiki situs web mereka jika kita tidak dapat memesan karena sesi kadaluarsa itu harus dikunci atau menghilang,BUMN,Bintang 4,JakartaAirportHotelT2,negative,0.999110996723175,Check in/out Experience,Check in/out Experience (0.87); Complaint Handling & Service Recovery (0.75); Pricing & Value for Money (0.68)
Venny Gustien,2023,5,puas menginap disini pegawainya ramah banget kamar bersih makanan jga bersih dan enak dianjurkan bangeet,BUMN,Bintang 4,JakartaAirportHotelT2,positive,0.9994015693664551,"Cleanliness, Hygiene & Maintenance","Cleanliness, Hygiene & Maintenance (0.99); Facilities & Amenities (0.99); Staff Conduct & Hospitality (0.99)"
Matt Azmar,2019,4,sangat membantu klo kita membutuhkan tempat tinggal tanpa harus keluar bandara lokasinya di terminal 2 tapi harganya masih sangat mahal,BUMN,Bintang 4,JakartaAirportHotelT2,positive,0.9918156266212463,Facilities & Amenities,Facilities & Amenities (0.92); Pricing & Value for Money (0.83); Service Efficiency & Responsiveness (0.78)
mami kiko Miko,2022,5,tempatnya bersih dan sangat bagus buat yang ingin transit menyambung perjalanan lagi agar tepat waktu dengan pelayanan yang memuaskan,BUMN,Bintang 4,JakartaAirportHotelT2,positive,0.9978845715522766,Facilities & Amenities,Facilities & Amenities (0.99); Room Quality & Comfort (0.99); Service Quality (0.99)
Xanh van Berlo,2017,3,Hotelnya bagus dan stafnya sangat ramah dan membantu kamar bisa menggunakan pembaruan mereka sedikit tanggal tapi untuk melewati mereka baik,BUMN,Bintang 4,JakartaAirportHotelT2,positive,0.9981499910354614,Facilities & Amenities,Facilities & Amenities (0.99); Staff Conduct & Hospitality (0.99); Guest Experience (0.98)
Chairul Anwar,2023,5,lagi mau balik kemedan santai bentar di salah satu kafe di bandara ada makanan khas korea gitu em langsung bawaanya laper,BUMN,Bintang 4,JakartaAirportHotelT2,positive,0.9614866971969604,Food & Beverage,Food & Beverage (0.92); Cultural & Heritage Experience (0.81); Sustainability & Environmental Quality (0.65)
René de Vos,2023,4,Hotel yang sangat bagus pemandangan bagus di landasan dari kamar dan restoran yang baik dan ramah staf harga yang wajar untuk kamar,BUMN,Bintang 4,JakartaAirportHotelT2,positive,0.999336302280426,Facilities & Amenities,Facilities & Amenities (1.00); Pricing & Value for Money (1.00); Ambience & Design (0.99)
TzeSing Chieng,2016,4,akses mudah dan jarak berjalan pendek ke toko gerbang restoran uang changer di dan kiosk tersedia tidak ada kamar merokok khusus tetapi Anda dapat merokok masuk daerah yang ditunjuk masuk restoran,BUMN,Bintang 4,JakartaAirportHotelT2,positive,0.9876811504364014,Facilities & Amenities,"Facilities & Amenities (0.93); Service Efficiency & Responsiveness (0.83); Location, Accessibility & Parking (0.63)"
AWAN DARMAWAN,2025,5,Cukup tenang menunggu jadwal keberangkatan,BUMN,Bintang 4,JakartaAirportHotelT2,positive,0.9571630954742432,Booking & Reservation Experience,Booking & Reservation Experience (0.86); Service Efficiency & Responsiveness (0.78); Sustainability & Environmental Quality (0.75)
Donny Jaya,2021,5,hotel bagus lokasi di terminal 2e kamarnya besar kamar mandi bagus meskipun kamu tapi masih terlihat mewah perabotan mayoritas kayu yang di furnitur,BUMN,Bintang 4,JakartaAirportHotelT2,positive,0.9981452226638794,Facilities & Amenities,"Facilities & Amenities (0.95); Cleanliness, Hygiene & Maintenance (0.84); Room Quality & Comfort (0.83)"
Andreas von Holy,2016,4,Kamarnya sangat bagus dengan pemandangan bandara sarapan cukup dan memiliki malam yang baik istirahat staf sangat ramah dan akomodasi,BUMN,Bintang 4,JakartaAirportHotelT2,positive,0.9989903569221497,Facilities & Amenities,Facilities & Amenities (1.00); Room Quality & Comfort (0.99); Guest Experience (0.99)
Akila Muflihun,2024,5,solusi penundaan sepihak oleh angkot terbang bisa nginap di hotel ini murah fasilitas lengkap dan ramah,BUMN,Bintang 4,JakartaAirportHotelT2,positive,0.9977028965950012,Facilities & Amenities,Facilities & Amenities (0.99); Service Efficiency & Responsiveness (0.99); Room Quality & Comfort (0.91)
Sri Praba Aditya,2024,5,Tempat bagus sayang tarif harganya masih kemahalan untuk transit,BUMN,Bintang 4,JakartaAirportHotelT2,positive,0.929396390914917,Pricing & Value for Money,Pricing & Value for Money (0.86); Facilities & Amenities (0.77); Service Quality (0.72)
Barlin Fu'ad Noor,2022,4,Hotel transit yang baik dengan bus antar dan dari setiap terminal kalau mau makan dan keperluan pribadi lainnya tinggal keluar satu langkah,BUMN,Bintang 4,JakartaAirportHotelT2,positive,0.9970711469650269,Service Quality,Service Quality (0.97); Food & Beverage (0.97); Service Efficiency & Responsiveness (0.95)
Munira Mohammed,2023,1,Hotel terburuk pernah layanan lambat sarapan miskin sangat sangat buruk makanan tidak begitu bersih tenang tanpa orang merasa seperti aku kehilangan masuk gurun kamar kecil sangat tidak pernah tinggal di sini lagi,BUMN,Bintang 4,JakartaAirportHotelT2,negative,0.9992552399635315,Guest Experience,Guest Experience (0.99); Facilities & Amenities (0.92); Food & Beverage (0.90)
E. Djoko S.,2018,5,hotel yang cocok dan dianjurkan buat keberangkatan pagi dinihari atau transit bersih nyaman dan dekat banget dengan terminal 2d keberangkatan,BUMN,Bintang 4,JakartaAirportHotelT2,positive,0.9989489912986755,Facilities & Amenities,"Facilities & Amenities (0.98); Cleanliness, Hygiene & Maintenance (0.98); Service Quality (0.97)"
Happy Kurnia Brotoarianto,2019,4,Bila capek dan harus pergi lagi besok ini pilihannya saat banget ada kendaraan untuk mengirim sampai terminal keberangkatan saran kalau inap minta kamar yang dekat lobi sisi kiri heheh,BUMN,Bintang 4,JakartaAirportHotelT2,positive,0.9339655637741089,Facilities & Amenities,"Facilities & Amenities (0.89); Service Efficiency & Responsiveness (0.89); Location, Accessibility & Parking (0.84)"
Anggraenicinta Terbaiknyaaqil,2014,4,hm yang aq tidak suka mlm ini tunggu jadwal keberangkatan seharusnya dtang jam 4 pagi ini dri jam3 sore udah d bandara pegel sangat,BUMN,Bintang 4,JakartaAirportHotelT2,negative,0.999103307723999,Sustainability & Environmental Quality,Sustainability & Environmental Quality (0.57); Pricing & Value for Money (0.53); Booking & Reservation Experience (0.52)
L C,2023,5,Terima kasih untuk semua staf yang ramah untuk membantu saya untuk memiliki tinggal yang baik di sini untuk kembali ke rumah terutama satu staf menelepon Yasir di depan maaf jika saya salah mengerti namanya saya bertanya mall mana atau mengapa hidangan saya bisa memiliki makan malam yang baik dan dia membantu saya dengan cepat terima kasih banyak,BUMN,Bintang 4,JakartaAirportHotelT2,positive,0.98231041431427,Staff Conduct & Hospitality,Staff Conduct & Hospitality (1.00); Guest Experience (0.98); Service Efficiency & Responsiveness (0.97)
muhammad sulaiman,2023,5,transit saja sih kebetulan di terminal 2 bandara besar tidak takut cari konsumsi yang penting punya cuan,BUMN,Bintang 4,JakartaAirportHotelT2,neutral,0.5033072233200073,Food & Beverage,Food & Beverage (0.89); Pricing & Value for Money (0.87); Service Efficiency & Responsiveness (0.83)
Yus Aria Putra,2022,5,tempat yang selalu akan ku pijakkan kakiku di sana yang selalu membuat ku rindu dengan kota besar yang punya jutaan mimpi dan cerita indah dan tak lupa cinta u selalu jekardahh,BUMN,Bintang 4,JakartaAirportHotelT2,positive,0.9988001585006714,Cultural & Heritage Experience,"Cultural & Heritage Experience (0.95); Facilities & Amenities (0.82); Loyalty, Recommendation & Appreciation (0.77)"
Pastev Toraya,2023,4,Kamar bersih dan nyaman pemandangan lepas landas dan pendaratan pesawat lokasi terminal 2,BUMN,Bintang 4,JakartaAirportHotelT2,positive,0.9992176294326782,Room Quality & Comfort,"Room Quality & Comfort (1.00); Facilities & Amenities (0.99); Cleanliness, Hygiene & Maintenance (0.99)"
Riqo Irwan,2011,1,Bandara yang sangat buruk dan itu adalah bandara internasional ibu kota Indonesia layanan buruk kualitas bangunan dan rasa artistik buruk ketika Anda melihat pejabat mereka seperti ingin melompat di u dan makan u keluar atau memeras Anda namun bandara manila masih terburuk Anda di sini Anda masih dapat menemukan taksi yang baik dan andal yang burung biru atau beruang emas atau merek taksi apa pun di bawah Blue Bird Group perusahaan,BUMN,Bintang 4,JakartaAirportHotelT2,negative,0.9952746629714966,Facilities & Amenities,Facilities & Amenities (0.77); Service Quality (0.43); Service Efficiency & Responsiveness (0.43)
Ameer Meerzaee,2019,3,Hal transit besar dan masuk fakta terlalu lama untuk sampai ke satu ujung dari lain tidak banyak pilihan makanan baik bubbler air tidak memiliki tekanan terlalu panas di dalam dan AC membutuhkan perhatian,BUMN,Bintang 4,JakartaAirportHotelT2,positive,0.9364752173423767,Facilities & Amenities,Facilities & Amenities (0.97); Check in/out Experience (0.95); Guest Experience (0.84)
Sharon,2019,4,sangat nyaman hotel ramah staf dan fasilitas bersih satu-satunya titik negatif akan menjadi sedikit membingungkan untuk sampai jika Anda harus mengubah terminal,BUMN,Bintang 4,JakartaAirportHotelT2,positive,0.995603084564209,Facilities & Amenities,Facilities & Amenities (1.00); Service Quality (0.98); Room Quality & Comfort (0.97)
zenit Bridal,2018,5,solusi terbaik jika Anda membutuhkan istirahat saya pikir harga sangat murah hanya 400k untuk 6 jam per kamar dan Anda dapat menikmati ini dengan semua teman Anda itu keren,BUMN,Bintang 4,JakartaAirportHotelT2,positive,0.9992326498031616,Guest Experience,Guest Experience (0.98); Pricing & Value for Money (0.98); Family & Group Friendly (0.97)
Erlina Pertiwi,2023,5,Tempat yang bagus di bandara daerah lumayan bisa beristirahat dan mandi dengan nyaman,BUMN,Bintang 4,JakartaAirportHotelT2,positive,0.9990535378456116,Facilities & Amenities,Facilities & Amenities (0.97); Room Quality & Comfort (0.91); Guest Experience (0.79)
Dwi W.L,2017,5,Bandara yang baik wifi yang baik layanan pelayanan petugas bandara yang bagus petugas informasi bekerja dengan baik ruang tunggu lebih luas dibandingkan dengan ruang tunggu di terminal lainnya,BUMN,Bintang 4,JakartaAirportHotelT2,positive,0.9983199238777161,Service Quality,Service Quality (0.98); Service Efficiency & Responsiveness (0.93); Facilities & Amenities (0.92)
Nonol Nol,2017,3,Tempat masuk terminal 2e itu satu-satunya titik yang baik untuk hotel ini jenis tua dan sedikit bau lantai tidak rata dan tidak ada lift jadi Anda harus membawa semua bagasi Anda ke kamar masuk lantai dua hotel ini pasti perlu renovasi segera,BUMN,Bintang 4,JakartaAirportHotelT2,negative,0.8384038805961609,"Location, Accessibility & Parking","Location, Accessibility & Parking (0.97); Facilities & Amenities (0.95); Service Quality (0.69)"
isTi _PoetRi,2021,5,Pelayanan baik kantor depan sangat membantu kamar luas dan paling penting transit nyaman dengan pemandangan pesawat lalu lalang,BUMN,Bintang 4,JakartaAirportHotelT2,positive,0.9989821314811707,Facilities & Amenities,Facilities & Amenities (1.00); Guest Experience (0.99); Room Quality & Comfort (0.99)
Shiju Daniel,2022,5,Visa untuk kedatangan selama 30 hari untuk pemegang paspor India ini adalah tujuan wisata yang ramah saku untuk orang India dan untuk semua wisatawan anggaran ada pilihan anggaran serta pilihan rampasan juga imigrasi ramah,BUMN,Bintang 4,JakartaAirportHotelT2,positive,0.9987136125564575,Pricing & Value for Money,Pricing & Value for Money (0.99); Facilities & Amenities (0.98); Guest Experience (0.98)
Juan Juanda,2019,4,dengan fasilitas yang cukup lengkap dengan harga yang cukup murah yang paling penting dekat dengan akses ke bandara sangat merekomendasikan untuk hotel transit,BUMN,Bintang 4,JakartaAirportHotelT2,positive,0.9991795420646667,Facilities & Amenities,Facilities & Amenities (0.98); Pricing & Value for Money (0.97); Service Quality (0.82)
Dennis,2024,5,mudah ditemukan dan masuk jarak pendek ke terminal ramah staf layanan yang baik,BUMN,Bintang 4,JakartaAirportHotelT2,positive,0.9951052665710449,Service Quality,Service Quality (1.00); Service Efficiency & Responsiveness (0.99); Guest Experience (0.98)
Memed Jack Jamhari,2021,3,lumayan bagus buat hotel transit murah bersih dekat dengan armada singa grup dan airasia nyari mamin tinggal turun sebentar,BUMN,Bintang 4,JakartaAirportHotelT2,positive,0.9992875456809998,Service Quality,"Service Quality (0.98); Cleanliness, Hygiene & Maintenance (0.97); Food & Beverage (0.97)"
Anita Heru Kusumorini,2019,5,hotelnya nyaman kamar luas kamar mandi luas tidak seperti hotel transit lainnya airnya kenceng tidak berisik meskipun dekat bandara dekat stasiun skytrain juga,BUMN,Bintang 4,JakartaAirportHotelT2,positive,0.9992077946662903,Facilities & Amenities,Facilities & Amenities (0.99); Room Quality & Comfort (0.97); Service Quality (0.96)
teguh sadhahana,2019,3,layanan penjemputan dan penghantarannya oke banget lokasi yang strategis dan kamar yang bersih dan adem serta pemandangan perjalanan pesawat yang luar biasa,BUMN,Bintang 4,JakartaAirportHotelT2,positive,0.9993569254875183,Facilities & Amenities,Facilities & Amenities (1.00); Service Quality (1.00); Room Quality & Comfort (1.00)
Álvaro González,2018,4,Hotel yang bagus harga yang wajar dan sangat nyaman untuk penerbangan pagi hari hanya satu bintang saya tetap karena tidak ada restoran pada saat renovasi dan itu adalah hotel yang lebih tua yang bisa menggunakan kamar yang direnovasi juga,BUMN,Bintang 4,JakartaAirportHotelT2,positive,0.8950531482696533,Pricing & Value for Money,Pricing & Value for Money (0.99); Facilities & Amenities (0.96); Room Quality & Comfort (0.89)
Ratna Panggabean,2019,5,Hotel yang bersih dan nyaman untuk menghabiskan waktu tambahan antara penerbangan ada ruang makan rokok dengan makanan ringan kopi hanya sampai jam 9 pagi untuk memulai hari,BUMN,Bintang 4,JakartaAirportHotelT2,positive,0.9985747337341309,Facilities & Amenities,Facilities & Amenities (1.00); Food & Beverage (0.99); Service Quality (0.99)
Gayatri sasa,2019,5,Tempat paling saat jika buat transit menunggu penerbangan selanjutnya nyaman dan letaknya tepat di dalam terminal 2 pemandangannya pesawat yang lalu lalang kereenn,BUMN,Bintang 4,JakartaAirportHotelT2,positive,0.9993129968643188,Facilities & Amenities,Facilities & Amenities (0.95); Room Quality & Comfort (0.95); Service Quality (0.89)
Prometheus,2023,5,Semua itu luar biasa pemandangan bagus kamar bersih dan hal-hal ramah resepsionis tapi masuk kamar layanan makanan terbatas,BUMN,Bintang 4,JakartaAirportHotelT2,positive,0.8114004135131836,Facilities & Amenities,"Facilities & Amenities (1.00); Ambience & Design (0.99); Cleanliness, Hygiene & Maintenance (0.99)"
SAM AMIN,2024,4,Untuk tinggal lebih pendek itu bagus tapi ini di terminal 2 bukan tiga yang terminal sengaja pergi ke hotel ini dari terminal ada masalah,BUMN,Bintang 4,JakartaAirportHotelT2,negative,0.754937469959259,"Location, Accessibility & Parking","Location, Accessibility & Parking (0.63); Facilities & Amenities (0.59); Guest Experience (0.59)"
Sahabat Sneakers,2023,5,lokasi strategis karena di dalam t3 mudah dicari cukup bersih cuman toiletnya agak jauh,BUMN,Bintang 4,JakartaAirportHotelT2,positive,0.9948590993881226,Service Quality,"Service Quality (0.94); Facilities & Amenities (0.88); Cleanliness, Hygiene & Maintenance (0.88)"
Thobias Benggian,2020,5,dapat istirhat yang cukup dan bisa manfaatkan waktu menunggu keberangkatan untuk menyelesaikan pekerjaan membuat tulisan dokumen,BUMN,Bintang 4,JakartaAirportHotelT2,neutral,0.859497606754303,Service Efficiency & Responsiveness,Service Efficiency & Responsiveness (0.80); Booking & Reservation Experience (0.73); Guest Experience (0.67)
Ginaginagina Gina,2024,4,lokasi di bandara 2e layanan baik kamar baru tua tapi sudah sedikit di renovasi,BUMN,Bintang 4,JakartaAirportHotelT2,positive,0.9273922443389893,Facilities & Amenities,Facilities & Amenities (0.94); Guest Experience (0.93); Service Quality (0.93)
Gregorius Jonsen,2023,5,suasana nyaman teratur betah walaupun kadang2 jam menunggu lama karena pesawat tertunda,BUMN,Bintang 4,JakartaAirportHotelT2,positive,0.9977849125862122,Facilities & Amenities,Facilities & Amenities (0.95); Room Quality & Comfort (0.93); Service Quality (0.86)
Hendri,2022,4,nyaman tepat waktu karena di dalam bandara internasional terminal 2 maskapai singa batik dll,BUMN,Bintang 4,JakartaAirportHotelT2,positive,0.9981424808502197,Facilities & Amenities,Facilities & Amenities (0.97); Service Quality (0.92); Service Efficiency & Responsiveness (0.91)
Christian Fenie,2018,4,bagus tapi 2 kekurangan apotik adalah penting tapi tidak ada pasang atm setelah imigrasi bisa bantu,BUMN,Bintang 4,JakartaAirportHotelT2,negative,0.7914526462554932,Facilities & Amenities,Facilities & Amenities (0.94); Service Quality (0.89); Sustainability & Environmental Quality (0.64)
Leo Sanchez,2024,5,Layanan luar biasa sarapan yang baik lokasi yang bagus di dalam terminal 2 sangat direkomendasikan,BUMN,Bintang 4,JakartaAirportHotelT2,positive,0.9963734745979309,Service Quality,Service Quality (1.00); Facilities & Amenities (0.99); Food & Beverage (0.99)
Weston Graybill,2022,5,Staf sangat membantu ramah dan kompeten tempat ini bau seperti asap tapi sebaliknya bersih dan mengundang,BUMN,Bintang 4,JakartaAirportHotelT2,positive,0.9964548349380493,Staff Conduct & Hospitality,Staff Conduct & Hospitality (1.00); Guest Experience (1.00); Facilities & Amenities (0.99)
BASARI BACHRI,2023,5,Mini stay cocok untuk transit bstasan jam dan waktu jika bisa fleksibel lebih baik,BUMN,Bintang 4,JakartaAirportHotelT2,positive,0.998345136642456,Facilities & Amenities,Facilities & Amenities (0.72); Sustainability & Environmental Quality (0.60); Service Efficiency & Responsiveness (0.50)
Sherly Febriani,2019,5,Harga nya mahal sih tapi dari pada keluar bandara bayar taksi dan waktu terbuang banyak bisa jadi pilihan untuk menginap,BUMN,Bintang 4,JakartaAirportHotelT2,positive,0.7187719941139221,Pricing & Value for Money,Pricing & Value for Money (0.97); Facilities & Amenities (0.81); Guest Experience (0.80)
Aditya Marten,2023,5,hotelnya bagus nyaman harga lumayan pelayanan cepat pegawainya ramah ramah,BUMN,Bintang 4,JakartaAirportHotelT2,positive,0.998984158039093,Service Efficiency & Responsiveness,Service Efficiency & Responsiveness (0.98); Facilities & Amenities (0.98); Staff Conduct & Hospitality (0.97)
Zakiah Agus,2023,5,memudahkan untuk yang mau terbang pagi karena letaknya tepat di terminal 2 bandara soekarno hatta,BUMN,Bintang 4,JakartaAirportHotelT2,positive,0.9940980672836304,Service Efficiency & Responsiveness,Service Efficiency & Responsiveness (0.86); Facilities & Amenities (0.85); Service Quality (0.68)
Muhammad Zeeshan,2025,5,dekat bandara tempat terbaik untuk menginap untuk transit ke kota berikutnya,BUMN,Bintang 4,JakartaAirportHotelT2,positive,0.9984639883041382,Facilities & Amenities,"Facilities & Amenities (0.84); Service Efficiency & Responsiveness (0.73); Loyalty, Recommendation & Appreciation (0.61)"
maria ulfah,2025,5,sayangnya tidak ada lift tangga di sini,BUMN,Bintang 4,JakartaAirportHotelT2,negative,0.7225595712661743,Facilities & Amenities,Facilities & Amenities (0.79); Religious & Halal Features (0.77); Pricing & Value for Money (0.64)
Lötte 91,2025,5,gaya lama tapi nyaman dan bagus,BUMN,Bintang 4,JakartaAirportHotelT2,positive,0.9984024167060852,Facilities & Amenities,Facilities & Amenities (0.98); Room Quality & Comfort (0.93); Ambience & Design (0.90)
D B Z,2023,5,Hotel yang sangat nyaman juga memiliki fasilitas spa yang membantu bersantai sangat baik,BUMN,Bintang 4,JakartaAirportHotelT2,positive,0.9990142583847046,Facilities & Amenities,Facilities & Amenities (0.99); Service Quality (0.91); Guest Experience (0.82)
saumyadip mukherjee,2019,5,Staff sangat sopan terutama Lady masuk resepsi mengurus semua mereka pasti tahu bagaimana untuk melakukan bisnis berharap mereka semua yang terbaik,BUMN,Bintang 4,JakartaAirportHotelT2,positive,0.9964939951896667,Staff Conduct & Hospitality,"Staff Conduct & Hospitality (1.00); Service Quality (1.00); Cleanliness, Hygiene & Maintenance (0.99)"
Dy007,2019,5,Ketika aku harus terbang dari bandara jakarta aku selalu tinggal masuk jakarta bandara hotel sangat bagus karena hanya masuk lantai dua cek masuk counter dan banyak restoran di sana jika Anda membutuhkan makanan,BUMN,Bintang 4,JakartaAirportHotelT2,positive,0.9994308352470398,Facilities & Amenities,Facilities & Amenities (0.93); Service Efficiency & Responsiveness (0.93); Check in/out Experience (0.90)
Hasanudin,2018,4,Ruang cukup luas udara hangat peralatan komunikasi lengkap 24 jam lokasi di terminal 2,BUMN,Bintang 4,JakartaAirportHotelT2,positive,0.996570348739624,Facilities & Amenities,Facilities & Amenities (0.99); Room Quality & Comfort (0.96); Service Efficiency & Responsiveness (0.85)
Mahdaniah M.Tawil,2023,5,berada di dalam terminal 2 sangat membantu yang ingin penerbangan pagi dan ada pengantaran jika ada penerbangan di terminal lain,BUMN,Bintang 4,JakartaAirportHotelT2,positive,0.9922423362731934,Facilities & Amenities,Facilities & Amenities (0.98); Service Efficiency & Responsiveness (0.97); Service Quality (0.89)
Edi Gunawan,2024,5,Baksonya enak kuahnya seger banget tambah lagi tetelannya banyak,BUMN,Bintang 4,JakartaAirportHotelT2,positive,0.9992879033088684,Food & Beverage,Food & Beverage (0.92); Sustainability & Environmental Quality (0.76); Booking & Reservation Experience (0.76)
Ahmad Dani,2019,4,hotel yang berada di terminal 2 sukarno hatta cocok untuk perjalanan sejenak saat akses transit gampa ng,BUMN,Bintang 4,JakartaAirportHotelT2,positive,0.9971246123313904,Facilities & Amenities,Facilities & Amenities (0.94); Service Efficiency & Responsiveness (0.87); Service Quality (0.84)
Lisa Kristiana,2018,4,Tinggal karena penerbangan awal kamar hari berikutnya cukup bersih dan tahan suara karena jendela menghadap landasan terbang,BUMN,Bintang 4,JakartaAirportHotelT2,positive,0.9949597120285034,Service Quality,"Service Quality (0.99); Cleanliness, Hygiene & Maintenance (0.99); Room Quality & Comfort (0.99)"
Mayur Hajare,2024,5,Pesawat bandara yang sangat baik dan tenang terlihat dari lobi menunggu,BUMN,Bintang 4,JakartaAirportHotelT2,positive,0.9879669547080994,Facilities & Amenities,"Facilities & Amenities (0.99); Service Quality (0.98); Cleanliness, Hygiene & Maintenance (0.94)"
Franky Gunawan,2018,3,Tak mudah untuk menemukan taksi transportasi umum di lantai dasar dan kita harus berjalan sekitar 200m bus ulang-alik begitu mengerikan tapi jika Anda hanya perlu istirahat untuk malam atau 4-6 jam untuk penerbangan berikutnya pilihan yang baik jika penerbangan Anda di terminal yang sama,BUMN,Bintang 4,JakartaAirportHotelT2,positive,0.870073676109314,"Location, Accessibility & Parking","Location, Accessibility & Parking (0.86); Sustainability & Environmental Quality (0.76); Facilities & Amenities (0.76)"
Siwiyati,2018,5,bandara yang bagus tambah sangat luas tersedia berbagai macam toko dan hotel capsul di terminal 3 lantai 2,BUMN,Bintang 4,JakartaAirportHotelT2,positive,0.9988991022109985,Facilities & Amenities,Facilities & Amenities (0.96); Family & Group Friendly (0.57); Service Efficiency & Responsiveness (0.53)
Bastian Salim,2019,5,Ruangnya sangat bersih meskipun terlihat fasilitas lama adalah dasar tapi saya hanya memiliki untuk transit dan nyaman,BUMN,Bintang 4,JakartaAirportHotelT2,positive,0.9965910911560059,Room Quality & Comfort,"Room Quality & Comfort (0.99); Service Quality (0.99); Cleanliness, Hygiene & Maintenance (0.98)"
Rahmat FSR,2025,5,bgus nyaman praktis,BUMN,Bintang 4,JakartaAirportHotelT2,positive,0.9989451766014099,Room Quality & Comfort,"Room Quality & Comfort (0.95); Cleanliness, Hygiene & Maintenance (0.84); Facilities & Amenities (0.83)"
Nyora Chi,2018,5,hotel yang nyaman d terminal 2 pemandangan dari kamar dp langsung melihat pesawat yang lalu lalang pelayanan baik,BUMN,Bintang 4,JakartaAirportHotelT2,positive,0.9991063475608826,Service Quality,Service Quality (0.99); Facilities & Amenities (0.98); Room Quality & Comfort (0.97)
a.k.a OteTz,2023,5,biar tidak ketinggalan pesawat apalagi kalau penerbangan dinihari pagi,BUMN,Bintang 4,JakartaAirportHotelT2,neutral,0.738631546497345,Safety & Security,"Safety & Security (0.91); Sustainability & Environmental Quality (0.88); Cleanliness, Hygiene & Maintenance (0.87)"
Luis Vazquez,2023,4,pasti akan menggunakannya lagi harga benar jika itu lebihz mungkin tidak tapi ya sangat nyaman,BUMN,Bintang 4,JakartaAirportHotelT2,positive,0.9914572834968567,Pricing & Value for Money,Pricing & Value for Money (0.91); Facilities & Amenities (0.84); Sustainability & Environmental Quality (0.70)
Ty Schmidt,2019,5,Mereka bertemu denganku di tempat pengangkut bagasi dan membantu saya melalui keamanan kemudian memanggil ke sana ulang-alik dan saya tidak perlu mencari tahu keluar bagaimana untuk mendapatkan dari terminal 3 ke terminal 2,BUMN,Bintang 4,JakartaAirportHotelT2,neutral,0.7605258822441101,Service Efficiency & Responsiveness,"Service Efficiency & Responsiveness (0.99); Safety & Security (0.95); Location, Accessibility & Parking (0.88)"
Lefty,2020,3,"Tidak ada yang spesial. Aku harus tidur malam ini. Cukup bersih, cukup aman.",BUMN,Bintang 4,JakartaAirportHotelT2,positive,0.7056513428688049,Safety & Security,"Safety & Security (1.00); Cleanliness, Hygiene & Maintenance (0.99); Room Quality & Comfort (0.98)"
Avi Anti,2022,5,tambah nyaman saja hotel ini dan kedap suara jadi engga keberisikan suara pesawat dari luar,BUMN,Bintang 4,JakartaAirportHotelT2,positive,0.9967612624168396,Facilities & Amenities,Facilities & Amenities (0.97); Service Quality (0.93); Room Quality & Comfort (0.93)
Stevan Lampah,2021,5,tempatnya bersih kamarnya bagus dan mau kmn2 terjangkau dianjurkan lah pokoknya,BUMN,Bintang 4,JakartaAirportHotelT2,positive,0.999372661113739,Facilities & Amenities,"Facilities & Amenities (0.98); Cleanliness, Hygiene & Maintenance (0.98); Room Quality & Comfort (0.97)"
Travis Barton,2024,5,Tempat yang nyaman untuk menginap layanan fantastis sarapan buffet dan makan malam 10 10,BUMN,Bintang 4,JakartaAirportHotelT2,positive,0.9986795783042908,Service Quality,Service Quality (1.00); Food & Beverage (0.98); Room Quality & Comfort (0.98)
Andalucia Kuzelj,2023,5,ruang tamu bandara sedikit kosong makanan terbatas tapi layanan luar biasa terima kasih,BUMN,Bintang 4,JakartaAirportHotelT2,positive,0.9974101185798645,Service Quality,Service Quality (1.00); Guest Experience (1.00); Facilities & Amenities (0.98)
Mitchell brekelmans,2021,5,Aku tinggal di sini selama karantina waktu staf sangat ramah pemahaman dan sangat membantu hanya untuk alasan itu 5 bintang,BUMN,Bintang 4,JakartaAirportHotelT2,positive,0.9965807795524597,Guest Experience,Guest Experience (0.98); Staff Conduct & Hospitality (0.98); Service Quality (0.97)
pisas pire,2025,5,untuk yang perlu tinggal di bandara sangat membantu,BUMN,Bintang 4,JakartaAirportHotelT2,positive,0.9894954562187195,Facilities & Amenities,Facilities & Amenities (0.92); Service Efficiency & Responsiveness (0.85); Guest Experience (0.79)
Ich,2024,4,bersih nyaman staf yang luar biasa hanya satu perlu memperbarui perabot agak tua,BUMN,Bintang 4,JakartaAirportHotelT2,positive,0.9711728096008301,Service Quality,"Service Quality (0.98); Cleanliness, Hygiene & Maintenance (0.94); Facilities & Amenities (0.90)"
Kamaluddin al balooshi,2019,5,Bandara besar terutama terminal baru 3 itu sangat besar dan luas rentang belanja sebelum check masuk dan juga setelah memasuki ruang transit area duduk besar sebelum check masuk bandara yang sangat bagus,BUMN,Bintang 4,JakartaAirportHotelT2,positive,0.9992561936378479,Facilities & Amenities,Facilities & Amenities (0.98); Pricing & Value for Money (0.85); Check in/out Experience (0.84)
Marek Svanovský,2018,4,pilihan yang baik untuk beristirahat di antara atau sebelum kamar penerbangan kecil tapi nyaman masuk adalah sebelum check masuk dan keamanan,BUMN,Bintang 4,JakartaAirportHotelT2,positive,0.9985899329185486,Safety & Security,Safety & Security (0.98); Check in/out Experience (0.89); Facilities & Amenities (0.88)
Wyta Anggraini,2023,4,lumayan untuk menunggu dan tidak akan terl mahal menu rasanya biasa sekali,BUMN,Bintang 4,JakartaAirportHotelT2,negative,0.878140926361084,Guest Experience,Guest Experience (0.99); Food & Beverage (0.98); Pricing & Value for Money (0.97)
Tony,2021,5,tempat sewa mobil terbaik untuk daerah kota kupang ramah sopan dan kualitas mobilnya bagus bagus bagus dianjurkan lah,BUMN,Bintang 4,JakartaAirportHotelT2,positive,0.9994194507598877,"Cleanliness, Hygiene & Maintenance","Cleanliness, Hygiene & Maintenance (0.99); Service Quality (0.97); Staff Conduct & Hospitality (0.95)"
Tandiono Fadjarai,2019,3,lumayan bagus tempatnya bagi penumpang yang transit tapi cek masuk waktuenya kurang fleksibel,BUMN,Bintang 4,JakartaAirportHotelT2,positive,0.6044706702232361,Facilities & Amenities,Facilities & Amenities (0.81); Service Quality (0.68); Room Quality & Comfort (0.60)
Roberto Hutapea,2023,5,suasana kamar menyenangkan layanannya ramah dekat dengan ibu kota,BUMN,Bintang 4,JakartaAirportHotelT2,positive,0.9991866946220398,Guest Experience,Guest Experience (0.99); Room Quality & Comfort (0.99); Facilities & Amenities (0.99)
Iwan Tandean,2016,1,Hotel transit terburuk yang pernah ada bau gelap kotor dan jika Anda mendapatkan nomor kamar di atas 40 Anda akan berjalan jauh untuk sampai ke kamar Anda tidak dianjurkan,BUMN,Bintang 4,JakartaAirportHotelT2,negative,0.9983932375907898,Guest Experience,Guest Experience (0.59); Booking & Reservation Experience (0.44); Management & Policy Issues (0.43)
santo mu,2018,3,Bagi perjalanan hollic yang susah cari hotel atau laki-laki ke hotel luar bandara bisa dicoba hotel bandara ada di t2 dan t1 harga sedikit kuras kantong tapi puas,BUMN,Bintang 4,JakartaAirportHotelT2,positive,0.995557963848114,Pricing & Value for Money,"Pricing & Value for Money (0.79); Booking & Reservation Experience (0.71); Location, Accessibility & Parking (0.65)"
Malin Mudo,2024,3,cocok untuk transit semalam dekat bandara nyaman,BUMN,Bintang 4,JakartaAirportHotelT2,positive,0.9991074204444885,Facilities & Amenities,Facilities & Amenities (0.88); Service Efficiency & Responsiveness (0.81); Service Quality (0.78)
osama ali,2024,1,Tidak bersih tidak mengangkat tidak bantuan tidak layanan ulang-alik yang harus dihindari,BUMN,Bintang 4,JakartaAirportHotelT2,negative,0.9841309189796448,Guest Experience,Guest Experience (0.85); Facilities & Amenities (0.80); Check in/out Experience (0.67)
David Efendhi,2024,3,Terminal 3 cocok untuk jongging jauh broo kasian yang lansia,BUMN,Bintang 4,JakartaAirportHotelT2,negative,0.8775125741958618,Facilities & Amenities,Facilities & Amenities (0.92); Digital Connectivity & Technology (0.83); Service Quality (0.79)
Anaesthasia Bessie,2022,5,Tempat strategis memudahkan setiap orang yang transit bisa beristirahat dan membutuhkan perbaikan lebih nyaman,BUMN,Bintang 4,JakartaAirportHotelT2,positive,0.9972611665725708,Facilities & Amenities,Facilities & Amenities (0.95); Room Quality & Comfort (0.78); Service Efficiency & Responsiveness (0.75)
Opranto Simanjuntak,2019,3,Tidak tahu transit htl sih dah mantablah cuma bangunan baru bisa dah lama perlu desain interior yang lebih segar lg,BUMN,Bintang 4,JakartaAirportHotelT2,positive,0.8343813419342041,Facilities & Amenities,Facilities & Amenities (0.37); Ambience & Design (0.36); Sustainability & Environmental Quality (0.30)
dian pt arrgani,2019,5,bagus lengkap fasilitasnya dan sejauh ini g ada yang aneh di bandara ini,BUMN,Bintang 4,JakartaAirportHotelT2,positive,0.9913578033447266,Facilities & Amenities,Facilities & Amenities (0.99); Service Quality (0.99); Room Quality & Comfort (0.90)
Lia Susan,2021,1,Hotel yang mahal tapi tidak ada sarapan yang membuat saya terkejut karena saya melihat saya pergi untuk memesan masuk Agoda termasuk dengan sarapan kemudian harus memanggil grabfood untuk sarapan,BUMN,Bintang 4,JakartaAirportHotelT2,negative,0.9825032949447632,Booking & Reservation Experience,Booking & Reservation Experience (0.91); Pricing & Value for Money (0.87); Guest Experience (0.87)
Erita Fitri,2025,5,Baik hanya perlu renovasi,BUMN,Bintang 4,JakartaAirportHotelT2,positive,0.7482995390892029,Religious & Halal Features,Religious & Halal Features (0.43); Sustainability & Environmental Quality (0.31); Digital Connectivity & Technology (0.20)
Satriyo Samsi,2024,5,Banyak perubahan dan sekarang tampaknya lebih terorganisir tapi cobalah tidak mengambil taksi,BUMN,Bintang 4,JakartaAirportHotelT2,positive,0.8943658471107483,Facilities & Amenities,Facilities & Amenities (0.84); Digital Connectivity & Technology (0.67); Management & Policy Issues (0.65)
tanjung herman,2023,3,Tempat yang cukup baik untuk beristirahat dan membersihkan sementara menunggu waktu transit panjang dengan pemandangan kabur untuk melihat pesawat,BUMN,Bintang 4,JakartaAirportHotelT2,positive,0.9826192855834961,"Cleanliness, Hygiene & Maintenance","Cleanliness, Hygiene & Maintenance (0.99); Facilities & Amenities (0.99); Room Quality & Comfort (0.96)"
Natsir Muin,2021,5,kamarnya bersih ac nya dingin tv nya bagus kamar standar rasanya mirip eksekutif,BUMN,Bintang 4,JakartaAirportHotelT2,positive,0.9988104104995728,"Cleanliness, Hygiene & Maintenance","Cleanliness, Hygiene & Maintenance (0.99); Room Quality & Comfort (0.95); Service Quality (0.95)"
KOKO ANDRE,2025,5,baik,BUMN,Bintang 4,JakartaAirportHotelT2,positive,0.9978875517845154,"Cleanliness, Hygiene & Maintenance","Cleanliness, Hygiene & Maintenance (0.93); Facilities & Amenities (0.91); Sustainability & Environmental Quality (0.80)"
Achmad Fuji,2024,5,Cukup nyaman selama menunggu pesawat,BUMN,Bintang 4,JakartaAirportHotelT2,positive,0.9912900924682617,Room Quality & Comfort,"Room Quality & Comfort (0.95); Facilities & Amenities (0.94); Cleanliness, Hygiene & Maintenance (0.79)"
Jalu Lesmana,2018,5,tempat baru bersih dan nyaman untuk menunggu kedatangan pesawat ataupun menunggu keberangkatan pesawat,BUMN,Bintang 4,JakartaAirportHotelT2,positive,0.9985678195953369,Room Quality & Comfort,"Room Quality & Comfort (1.00); Facilities & Amenities (0.99); Cleanliness, Hygiene & Maintenance (0.97)"
Istiana Herman,2019,4,lumayan buat istirahat sambil menunggu penerbangan berikutnya bisa per 6 jam atau per malam,BUMN,Bintang 4,JakartaAirportHotelT2,positive,0.986895740032196,Service Efficiency & Responsiveness,Service Efficiency & Responsiveness (0.82); Booking & Reservation Experience (0.71); Service Quality (0.69)
jjay yates,2024,1,Terrible a c diatur terlalu rendah untuk orang asing tidak adil mereka harus akomodasi untuk semua,BUMN,Bintang 4,JakartaAirportHotelT2,negative,0.9965762495994568,Guest Experience,Guest Experience (0.80); Facilities & Amenities (0.78); Check in/out Experience (0.72)
Taswin Sadikin,2023,5,Di dalam terminal 2 dan ada ruang merokok yang luas dan sangat dekat dengan kamar,BUMN,Bintang 4,JakartaAirportHotelT2,positive,0.9986421465873718,Facilities & Amenities,Facilities & Amenities (0.99); Service Efficiency & Responsiveness (0.82); Sustainability & Environmental Quality (0.70)
hilss ker,2019,5,dekat dengan bandara tidak perlu menggunakan transportasi bandara cukup jalan kaki sarapan nya enak dan hotel nya nyaman,BUMN,Bintang 4,JakartaAirportHotelT2,positive,0.9994841814041138,Facilities & Amenities,Facilities & Amenities (0.99); Service Efficiency & Responsiveness (0.97); Food & Beverage (0.95)
AbdelKarim Mardini,2011,3,itu benar-benar tergantung pada terminal Anda terbang dari terminal 1 adalah mengerikan dan terminal lama 3 adalah baru dan baik dan generik terminal 1 memiliki pesona meskipun,BUMN,Bintang 4,JakartaAirportHotelT2,negative,0.9648810029029846,Ambience & Design,Ambience & Design (0.96); Pricing & Value for Money (0.92); Facilities & Amenities (0.73)
Raman Subekti,2019,5,hebat indonesia memiliki bandara yang modern seperti ini semoga ke depan lebih teratur lagi,BUMN,Bintang 4,JakartaAirportHotelT2,positive,0.9781564474105835,Facilities & Amenities,Facilities & Amenities (0.85); Sustainability & Environmental Quality (0.76); Service Efficiency & Responsiveness (0.72)
Sukirno Kirnos,2025,5,hanya liputan saja,BUMN,Bintang 4,JakartaAirportHotelT2,negative,0.9988699555397034,Management & Policy Issues,Management & Policy Issues (0.06); Pricing & Value for Money (0.06); Digital Connectivity & Technology (0.06)
Catalina Meza,2024,4,Itu sempurna jika Anda perlu menangkap satu hari berikutnya,BUMN,Bintang 4,JakartaAirportHotelT2,positive,0.9464391469955444,Safety & Security,Safety & Security (0.73); Facilities & Amenities (0.67); Sustainability & Environmental Quality (0.65)
Erny Santoso,2020,5,akomodasi yang bagus untuk mereka yang transit atau tidak ingin pergi keluar dari bandara sangat nyaman tempat tidur,BUMN,Bintang 4,JakartaAirportHotelT2,positive,0.9987955093383789,Facilities & Amenities,Facilities & Amenities (0.97); Room Quality & Comfort (0.91); Guest Experience (0.83)
Homar Rubert Distajo,2019,5,Mereka telah membuat perubahan masuk terminal bandara 2d sebelum Anda masuk pemeriksaan keamanan Anda dapat makan masuk restoran tapi setelah pemeriksaan keamanan Anda hanya dapat makan cemilan dan minuman,BUMN,Bintang 4,JakartaAirportHotelT2,neutral,0.5741488933563232,Food & Beverage,Food & Beverage (0.99); Facilities & Amenities (0.88); Check in/out Experience (0.85)
Diary Sazali,2021,5,menikmati kopi secangkir dari kamar dengan pemandangan pesawat yang mendarat dan lepas landas mevah,BUMN,Bintang 4,JakartaAirportHotelT2,positive,0.9937631487846375,Food & Beverage,Food & Beverage (0.97); Guest Experience (0.88); Cultural & Heritage Experience (0.87)
Icha Antariksa,2018,3,mau cari makanan deket karena lokasinya ada didlm terminal 2 disekitarnya byk counter2 makanan dan warung kopi,BUMN,Bintang 4,JakartaAirportHotelT2,positive,0.9984857439994812,Food & Beverage,Food & Beverage (0.89); Facilities & Amenities (0.76); Service Efficiency & Responsiveness (0.74)
Mahatrywan Fhony,2023,3,Satu gedung dengan terminal jadi cocok untuk yang penerbangan pagi hari,BUMN,Bintang 4,JakartaAirportHotelT2,positive,0.9728456735610962,Facilities & Amenities,Facilities & Amenities (0.98); Service Efficiency & Responsiveness (0.75); Sustainability & Environmental Quality (0.74)
Thomas “Thomas K.” K,2025,5,Hotel yang sangat bagus dan staf yang baik,BUMN,Bintang 4,JakartaAirportHotelT2,positive,0.99891197681427,Service Quality,Service Quality (1.00); Service Efficiency & Responsiveness (0.99); Facilities & Amenities (0.98)
Gardu Induk,2019,3,hanya numpang lewat saja tapi dari foto2 yang ada sepertinya menarik untuk dicoba jika diperlukan saat transit nanti,BUMN,Bintang 4,JakartaAirportHotelT2,positive,0.7345908284187317,Guest Experience,Guest Experience (0.88); Check in/out Experience (0.64); Cultural & Heritage Experience (0.30)
Budy Soleman,2023,5,Baik untuk transit hotel bangun panggilan sedikit untuk menemukan makanan kecuali makanan hotel tentu saja,BUMN,Bintang 4,JakartaAirportHotelT2,positive,0.5360504388809204,Food & Beverage,Food & Beverage (0.85); Guest Experience (0.79); Check in/out Experience (0.68)
stephen Soparo,2023,2,sangat over-harga tidak makanan yang baik dekat dengan kamar lama staf adalah untuk mengambil uang,BUMN,Bintang 4,JakartaAirportHotelT2,negative,0.9957934617996216,Pricing & Value for Money,Pricing & Value for Money (0.99); Guest Experience (0.87); Food & Beverage (0.83)
Edi Setiawan,2022,4,makanan nya matap cuma sayang kami tidak menginap hanya sarapan saja,BUMN,Bintang 4,JakartaAirportHotelT2,positive,0.87364262342453,Food & Beverage,Food & Beverage (0.81); Service Quality (0.77); Guest Experience (0.74)
susi zas,2022,5,seneng ajah nginep disini kamarnya bersih udara hangatnya cepat stafnya ramah2,BUMN,Bintang 4,JakartaAirportHotelT2,positive,0.9991186261177063,"Cleanliness, Hygiene & Maintenance","Cleanliness, Hygiene & Maintenance (0.99); Service Quality (0.98); Service Efficiency & Responsiveness (0.98)"
M. Rifki Rosady,2019,4,cocok buat yang mau transit atau penerbangan terakhir sehingga bisa istirahat dulu di sini,BUMN,Bintang 4,JakartaAirportHotelT2,positive,0.9861806035041809,Facilities & Amenities,Facilities & Amenities (0.59); Service Efficiency & Responsiveness (0.58); Guest Experience (0.56)
Tyo,2018,4,Tempatnya bagus untuk makan cemilan sarapan kamar kecil tempat istirahat yang baik sebelum penerbangan,BUMN,Bintang 4,JakartaAirportHotelT2,positive,0.9973649382591248,Food & Beverage,Food & Beverage (0.97); Facilities & Amenities (0.96); Guest Experience (0.91)
Surya Yudha pratama,2023,5,silahkan huni dan miliki perumnya juga banyak pasilitas yang tidak membosankan datang dan nikmati sekarang juga,BUMN,Bintang 4,JakartaAirportHotelT2,positive,0.9079344272613525,Facilities & Amenities,Facilities & Amenities (1.00); Family & Group Friendly (0.88); Guest Experience (0.81)
dhamar ulan,2023,5,Bandara udara paling gede bersih dan nyaman dingin nomor satu di Indonesia lah yang terbaik,BUMN,Bintang 4,JakartaAirportHotelT2,positive,0.9993305206298828,Service Quality,"Service Quality (0.97); Room Quality & Comfort (0.97); Cleanliness, Hygiene & Maintenance (0.96)"
Moe Battota,2019,5,Seperti selalu indah taman lanskap dan resepsi tapi masih perlu perbaikan untuk pembersihan bagasi dan waktu terima kasih,BUMN,Bintang 4,JakartaAirportHotelT2,positive,0.8058761358261108,Facilities & Amenities,"Facilities & Amenities (0.98); Ambience & Design (0.97); Loyalty, Recommendation & Appreciation (0.95)"
Shamia Pagan,2024,5,Semua sangat bagus untuk hotel bandara layanan luar biasa dan saya menyukai semua tentang hotel,BUMN,Bintang 4,JakartaAirportHotelT2,positive,0.9979656934738159,Service Quality,Service Quality (1.00); Facilities & Amenities (0.99); Guest Experience (0.97)
Supan Betampai,2025,5,tempatnya oke,BUMN,Bintang 4,JakartaAirportHotelT2,positive,0.9989399313926697,Room Quality & Comfort,"Room Quality & Comfort (0.99); Facilities & Amenities (0.97); Cleanliness, Hygiene & Maintenance (0.89)"
Sardi Ayu,2021,4,nyaman untuk beristirahat selama transit kamar bersih dan pemandangan yang bagus dari lalu lintas penerbangan,BUMN,Bintang 4,JakartaAirportHotelT2,positive,0.9987834095954895,Service Quality,Service Quality (0.99); Facilities & Amenities (0.99); Room Quality & Comfort (0.99)
Kiely Faroe,2020,2,Jangan berharap stafnya sangat tidak ramah kamarnya tidak bagus jika Anda memiliki beristirahat masuk jakarta itu tidak buruk,BUMN,Bintang 4,JakartaAirportHotelT2,negative,0.9349988698959351,Guest Experience,Guest Experience (0.99); Service Quality (0.97); Check in/out Experience (0.92)
Sulaiman S.,2024,5,Hotel yang bagus dengan isolasi suara yang luar biasa disarankan untuk siapa saja,BUMN,Bintang 4,JakartaAirportHotelT2,positive,0.9983071088790894,Service Quality,Service Quality (0.97); Facilities & Amenities (0.94); Room Quality & Comfort (0.85)
TJINFU,2019,1,terlalu banyak pusat bisnis disekitarnya dan bangunan gedung gedung tinggi yang bisa membahayakan penerbangan,BUMN,Bintang 4,JakartaAirportHotelT2,neutral,0.8224493265151978,Facilities & Amenities,Facilities & Amenities (0.80); Sustainability & Environmental Quality (0.53); Management & Policy Issues (0.53)
Marc Clety,2019,4,sempurna untuk penerbangan transit yang terletak di dalam terminal 2 tenang dan bersih untuk harga turun,BUMN,Bintang 4,JakartaAirportHotelT2,positive,0.9986637830734253,"Cleanliness, Hygiene & Maintenance","Cleanliness, Hygiene & Maintenance (0.98); Service Quality (0.98); Pricing & Value for Money (0.97)"
endang suherman,2022,5,Banyak akses kendaraan jadi g bingung jika mau ke bandara atau pulang dari bandara,BUMN,Bintang 4,JakartaAirportHotelT2,positive,0.9168871641159058,Facilities & Amenities,"Facilities & Amenities (0.86); Location, Accessibility & Parking (0.85); Service Efficiency & Responsiveness (0.61)"
munga nagpal,2019,4,bersih nyaman dan sangat nyaman membantu staf sarapan meninggalkan banyak yang diinginkan,BUMN,Bintang 4,JakartaAirportHotelT2,positive,0.9922401905059814,Facilities & Amenities,Facilities & Amenities (1.00); Room Quality & Comfort (0.99); Service Quality (0.99)
yuchen sun,2017,4,Tidak buruk Anda bisa tinggal di dalam bandara dan tidak perlu khawatir tentang tidak mengejar penerbangan awal,BUMN,Bintang 4,JakartaAirportHotelT2,positive,0.9785289764404297,Service Efficiency & Responsiveness,Service Efficiency & Responsiveness (0.95); Facilities & Amenities (0.94); Service Quality (0.93)
Victor Quek,2023,5,jendela view dengan pesawat lepas landas dan tidak ada kolam renang salah arah oleh salah satu foto dan sudah melaporkan itu,BUMN,Bintang 4,JakartaAirportHotelT2,negative,0.9840744733810425,Service Quality,Service Quality (0.83); Service Efficiency & Responsiveness (0.79); Facilities & Amenities (0.79)
Fery Yuliansyah,2023,4,Sudah banyak peningkatan dalam pelayanannya semoga bisa dijaga ditingkatkan lagi,BUMN,Bintang 4,JakartaAirportHotelT2,positive,0.9867725968360901,Service Quality,Service Quality (0.90); Facilities & Amenities (0.83); Guest Experience (0.80)
El Bram Apriyanto,2018,4,staf hotel sangat bersahabat kala ditelepon dan menjemput terima kasih pak hanafi dan pak hamka,BUMN,Bintang 4,JakartaAirportHotelT2,positive,0.9976892471313477,Staff Conduct & Hospitality,Staff Conduct & Hospitality (0.98); Service Efficiency & Responsiveness (0.95); Service Quality (0.93)
Aqsha Tiara Viazelda,2018,3,terlalu mahal untuk wisatawan lokal tapi hotel yang bagus jika Anda masuk dengan buru-buru dan tidak keberatan untuk menghabiskan sedikit lebih untuk tidur,BUMN,Bintang 4,JakartaAirportHotelT2,positive,0.9909079074859619,Pricing & Value for Money,Pricing & Value for Money (0.97); Facilities & Amenities (0.85); Guest Experience (0.84)
Den Baguse Burhan,2019,5,penginapan bintang 4 di kawasan bandara memudahkan kita saat transit dan mengejar penerbangan pertama,BUMN,Bintang 4,JakartaAirportHotelT2,positive,0.9981815814971924,Service Quality,Service Quality (0.96); Room Quality & Comfort (0.92); Facilities & Amenities (0.91)
Yunita Mega Kurnia,2018,3,Hotel bagusx nyaman jg cm kamarx dpt jauh bnget,BUMN,Bintang 4,JakartaAirportHotelT2,positive,0.9987965822219849,Room Quality & Comfort,Room Quality & Comfort (0.97); Facilities & Amenities (0.95); Service Quality (0.88)
A.J. Supriyadi,2024,4,dekat keberangkatan domestik tapi harganya cukup mahal karena per 6 jam,BUMN,Bintang 4,JakartaAirportHotelT2,positive,0.9802559614181519,Pricing & Value for Money,Pricing & Value for Money (0.83); Facilities & Amenities (0.57); Sustainability & Environmental Quality (0.56)
Muslikhati Bna,2025,5,hotel bagus nyaman di daerah bandara,BUMN,Bintang 4,JakartaAirportHotelT2,positive,0.9990209341049194,Room Quality & Comfort,Room Quality & Comfort (0.97); Facilities & Amenities (0.94); Service Quality (0.91)
Hendra Gunawan (hndragnwn),2023,5,Kamarnya baik-baik saja dan yang penting sangat dekat dengan terminal dan hotel menyediakan bus ulang-alik ke terminal 3,BUMN,Bintang 4,JakartaAirportHotelT2,positive,0.9964863061904907,Room Quality & Comfort,Room Quality & Comfort (1.00); Facilities & Amenities (1.00); Service Quality (0.99)
Syamsuar Suar,2024,5,Tidak ada bedanya antara siang dan malam jika kita kesini pokoknya okelah,BUMN,Bintang 4,JakartaAirportHotelT2,positive,0.9986622333526611,Family & Group Friendly,"Family & Group Friendly (0.62); Service Efficiency & Responsiveness (0.56); Cleanliness, Hygiene & Maintenance (0.55)"
Nim Suryana,2023,4,cuma terlalu jauh dari tempat cek masuk capek jalan kaki bikin lecet kaki,BUMN,Bintang 4,JakartaAirportHotelT2,negative,0.9934866428375244,Check in/out Experience,"Check in/out Experience (0.62); Facilities & Amenities (0.55); Location, Accessibility & Parking (0.44)"
raynald ray,2024,5,tempatnya nyaman semua pegawai di bandara ramah,BUMN,Bintang 4,JakartaAirportHotelT2,positive,0.9992983341217041,Facilities & Amenities,Facilities & Amenities (1.00); Room Quality & Comfort (0.99); Staff Conduct & Hospitality (0.98)
Papa Davin,2022,5,Bandara kebanggaan sangat nyaman untuk para penumpang banyak tempat makanan sembari menunggu,BUMN,Bintang 4,JakartaAirportHotelT2,positive,0.9992237091064453,Facilities & Amenities,"Facilities & Amenities (0.98); Food & Beverage (0.95); Loyalty, Recommendation & Appreciation (0.93)"
Muhammad Zakariyya,2023,5,Tempat yang bagus dan sarapan yang baik itu di terminal 2 keberangkatan internasional,BUMN,Bintang 4,JakartaAirportHotelT2,positive,0.998381495475769,Food & Beverage,Food & Beverage (1.00); Facilities & Amenities (0.99); Room Quality & Comfort (0.99)
Yogi Aries Sandhi,2025,3,Untuk transit oke lah,BUMN,Bintang 4,JakartaAirportHotelT2,positive,0.9953064322471619,Digital Connectivity & Technology,"Digital Connectivity & Technology (0.52); Service Quality (0.43); Cleanliness, Hygiene & Maintenance (0.31)"
Desriani Lestari,2023,4,lumayan buat istirahat menunggu karpet transit dilorong agak berdebu,BUMN,Bintang 4,JakartaAirportHotelT2,negative,0.9933300614356995,Facilities & Amenities,Facilities & Amenities (0.87); Service Quality (0.82); Sustainability & Environmental Quality (0.81)
Johannes Widodo,2019,4,hotel lama sulit diakses esp untuk orang tua dan cacat hal-hal baik adalah staf ramah dan lokasi untuk transit,BUMN,Bintang 4,JakartaAirportHotelT2,positive,0.9120533466339111,Staff Conduct & Hospitality,Staff Conduct & Hospitality (1.00); Service Efficiency & Responsiveness (1.00); Service Quality (1.00)
Ullah Syahrullah,2025,4,hotel yang dekat dengan bandara sangat bagus,BUMN,Bintang 4,JakartaAirportHotelT2,positive,0.998847484588623,Service Quality,Service Quality (0.93); Facilities & Amenities (0.90); Sustainability & Environmental Quality (0.84)
Luke Wingfield Digby,2018,4,Kau tak akan keluar dari jalanmu untuk tinggal di sini tapi jika kau sedang transit itu benar-benar baik-baik saja,BUMN,Bintang 4,JakartaAirportHotelT2,positive,0.9775722622871399,Service Quality,Service Quality (0.95); Check in/out Experience (0.92); Room Quality & Comfort (0.88)
Nokyo Okami,2018,5,Hotel yang bagus di lokasi yang bagus banyak pilihan makanan dalam jarak berjalan kaki masuk terminal begitu bagus untuk penerbangan,BUMN,Bintang 4,JakartaAirportHotelT2,positive,0.9992533326148987,Facilities & Amenities,Facilities & Amenities (0.95); Guest Experience (0.79); Food & Beverage (0.78)
Peb Andra Diantono,2022,5,tempatnya luas cuma untuk pengendara sepeda motor dari pakir motor ke dalam bandara lumayan jauh,BUMN,Bintang 4,JakartaAirportHotelT2,positive,0.9736862778663635,Facilities & Amenities,"Facilities & Amenities (0.96); Room Quality & Comfort (0.70); Location, Accessibility & Parking (0.69)"
Andre Tan,2016,3,Hanya melakukan trik jika Anda memiliki beristirahat cepat tapi cukup lama untuk menjamin kamar hotel tidak ada salah untuk tujuan,BUMN,Bintang 4,JakartaAirportHotelT2,positive,0.9085318446159363,Service Quality,Service Quality (0.68); Facilities & Amenities (0.62); Booking & Reservation Experience (0.54)
Sundari Oetojo,2018,5,Hotel yang bagus dan nyaman juga karena kita hanya perlu turun tangga dari hotel ke meja masuk cek,BUMN,Bintang 4,JakartaAirportHotelT2,positive,0.9978723526000977,Facilities & Amenities,Facilities & Amenities (0.99); Room Quality & Comfort (0.98); Check in/out Experience (0.94)
Yandi Rizal,2022,5,hotel sangat nyaman cocok untuk menunggu keberangkatan ataupun kedatangan,BUMN,Bintang 4,JakartaAirportHotelT2,positive,0.9989826083183289,Facilities & Amenities,Facilities & Amenities (0.97); Room Quality & Comfort (0.96); Check in/out Experience (0.90)
Rahman Syah,2019,3,Karena malas keluar dari wilayah bandara dan biar tidak takut ketinggalan penerbangan berikutnya,BUMN,Bintang 4,JakartaAirportHotelT2,negative,0.4746513366699219,Safety & Security,Safety & Security (0.84); Facilities & Amenities (0.80); Sustainability & Environmental Quality (0.77)
Sanwalis,2025,4,sangat membantu sekali,BUMN,Bintang 4,JakartaAirportHotelT2,positive,0.9979973435401917,Facilities & Amenities,"Facilities & Amenities (0.88); Cleanliness, Hygiene & Maintenance (0.87); Sustainability & Environmental Quality (0.78)"
Ananda Hardi Dalimunthe,2024,5,bisa lihat langsung pesawat dari kamar keren,BUMN,Bintang 4,JakartaAirportHotelT2,positive,0.9370566606521606,Guest Experience,Guest Experience (0.88); Cultural & Heritage Experience (0.85); Check in/out Experience (0.83)
Made Dharmawan,2024,5,suasana nyaman walau kamar agak sempit,BUMN,Bintang 4,JakartaAirportHotelT2,positive,0.9986923336982727,Room Quality & Comfort,"Room Quality & Comfort (0.88); Facilities & Amenities (0.81); Cleanliness, Hygiene & Maintenance (0.78)"
Elida Novita,2019,4,Beristirahat sementara di kamar dengan menyaksikan pesawat ini perjalanan pengalaman tersendiri,BUMN,Bintang 4,JakartaAirportHotelT2,positive,0.969315767288208,Guest Experience,Guest Experience (0.94); Check in/out Experience (0.93); Cultural & Heritage Experience (0.71)
Marcelina Yang,2019,5,Bandara memiliki transportasi baru kereta langit begitu nyaman dan efisiensi stasiun begitu bersih dan begitu nyaman,BUMN,Bintang 4,JakartaAirportHotelT2,positive,0.9994056224822998,Facilities & Amenities,Facilities & Amenities (0.99); Service Quality (0.99); Service Efficiency & Responsiveness (0.99)
Muhammad Tahir,2024,5,cocok untuk istrhat jika menunggu transit kelamaan,BUMN,Bintang 4,JakartaAirportHotelT2,positive,0.9445272088050842,Religious & Halal Features,Religious & Halal Features (0.88); Check in/out Experience (0.77); Guest Experience (0.58)
Kamaruddin Arsyad,2021,5,Sangat nyaman banyak tempat untuk beristirahat sambil menunggu penerbangan,BUMN,Bintang 4,JakartaAirportHotelT2,positive,0.9989228844642639,Facilities & Amenities,Facilities & Amenities (0.98); Room Quality & Comfort (0.83); Service Quality (0.71)
Silfana Nasri,2020,5,layanan sempurna gratis ulang-alik ke dan dari bandara Cgk pemandangan yang baik dari kamar,BUMN,Bintang 4,JakartaAirportHotelT2,positive,0.9986855387687683,Check in/out Experience,Check in/out Experience (1.00); Service Quality (1.00); Guest Experience (0.99)
Pal Coffee lover!,2023,5,Tempat yang bagus untuk tidur masuk standar yang baik dan staf yang bagus sangat dianjurkan,BUMN,Bintang 4,JakartaAirportHotelT2,positive,0.9984444975852966,Service Quality,Service Quality (0.99); Room Quality & Comfort (0.99); Facilities & Amenities (0.98)
Iskandar Basiri,2024,5,tempat yang nyaman untuk transit,BUMN,Bintang 4,JakartaAirportHotelT2,positive,0.9986209869384766,Facilities & Amenities,"Facilities & Amenities (0.90); Room Quality & Comfort (0.84); Cleanliness, Hygiene & Maintenance (0.71)"
Famous Semarang,2018,1,pesen kamar termasuk sarapan tetapi sarapannya kelamaan keburu pesawatnya dateng,BUMN,Bintang 4,JakartaAirportHotelT2,negative,0.9798943400382996,Food & Beverage,Food & Beverage (0.97); Facilities & Amenities (0.95); Guest Experience (0.88)
Pradipta Atmokotomo,2023,5,solusi untuk yang ingin istirahat sejenak sebelum melanjutkan perjalanan melalui udara,BUMN,Bintang 4,JakartaAirportHotelT2,neutral,0.9649518132209778,Guest Experience,Guest Experience (0.64); Facilities & Amenities (0.62); Sustainability & Environmental Quality (0.57)
Daniq Puspita,2019,4,Tempat yang bagus untuk tinggal singkat karena dekat dengan bandara minimmarket 24 jam ada beberapa ATM,BUMN,Bintang 4,JakartaAirportHotelT2,positive,0.9982050657272339,Facilities & Amenities,Facilities & Amenities (0.98); Service Efficiency & Responsiveness (0.85); Service Quality (0.75)
Pallab Gope,2023,5,Aku benar-benar menikmati tempat ini begitu indah pikiran bertiup Aku menyarankan setiap orang pergi ke sana tempat dan menikmati,BUMN,Bintang 4,JakartaAirportHotelT2,positive,0.9990034699440002,Facilities & Amenities,"Facilities & Amenities (0.93); Loyalty, Recommendation & Appreciation (0.90); Cultural & Heritage Experience (0.82)"
Fatmawati Kamiluddin,2019,5,bandara yang sangat luas ditunjang dengan peta yang memberi petunjuk lokasi gerbang yang berbeda2,BUMN,Bintang 4,JakartaAirportHotelT2,positive,0.9844420552253723,Facilities & Amenities,"Facilities & Amenities (0.89); Location, Accessibility & Parking (0.61); Service Efficiency & Responsiveness (0.53)"
Luis Medina,2023,3,Kamarnya baik-baik saja hanya perlu sedikit lebih bersih dan rapi,BUMN,Bintang 4,JakartaAirportHotelT2,positive,0.7710328102111816,"Cleanliness, Hygiene & Maintenance","Cleanliness, Hygiene & Maintenance (0.96); Room Quality & Comfort (0.95); Facilities & Amenities (0.88)"
Uma Siregar,2019,5,bandara soeta sekarang lebih cepat dan tertata dalam foto ruang tunggu d6,BUMN,Bintang 4,JakartaAirportHotelT2,positive,0.7357298135757446,Service Efficiency & Responsiveness,Service Efficiency & Responsiveness (0.95); Service Quality (0.93); Facilities & Amenities (0.91)
Joni Bae,2019,5,cocok kalau kita harus menginap di Jakarta tapi harus terbang pagi pagi,BUMN,Bintang 4,JakartaAirportHotelT2,positive,0.9656282663345337,Pricing & Value for Money,Pricing & Value for Money (0.65); Sustainability & Environmental Quality (0.62); Religious & Halal Features (0.58)
ferry ardiansyah,2025,5,Baiklah.,BUMN,Bintang 4,JakartaAirportHotelT2,positive,0.5956536531448364,"Cleanliness, Hygiene & Maintenance","Cleanliness, Hygiene & Maintenance (0.86); Loyalty, Recommendation & Appreciation (0.81); Family & Group Friendly (0.78)"
Krishna Handoyo,2019,3,Tempat yang nyaman hanya untuk jangka waktu tinggal sarapan belum siap untuk penerbangan awal,BUMN,Bintang 4,JakartaAirportHotelT2,positive,0.677034318447113,Facilities & Amenities,Facilities & Amenities (0.97); Room Quality & Comfort (0.93); Guest Experience (0.92)
Nay Ny,2021,5,Tidak perlu repot keluar bandara lokasi di terminal 2 bersih dan nyaman,BUMN,Bintang 4,JakartaAirportHotelT2,positive,0.9994087219238281,Facilities & Amenities,"Facilities & Amenities (0.98); Service Quality (0.96); Cleanliness, Hygiene & Maintenance (0.96)"
Indriyani Cahyulianti,2025,5,Tempatnya baik-baik saja lah,BUMN,Bintang 4,JakartaAirportHotelT2,positive,0.9631460309028625,Room Quality & Comfort,"Room Quality & Comfort (0.99); Cleanliness, Hygiene & Maintenance (0.97); Service Quality (0.95)"
Doni Putra,2022,5,sangat tepat buat pilihan saat jam penerbangan dan saat kita transit,BUMN,Bintang 4,JakartaAirportHotelT2,positive,0.9972432851791382,Booking & Reservation Experience,Booking & Reservation Experience (0.75); Safety & Security (0.73); Sustainability & Environmental Quality (0.70)
Gialanie Hutomo,2020,3,perwakilan buat yang perlu akses cepat ke terminal keberangkatan tanpa terburu buru,BUMN,Bintang 4,JakartaAirportHotelT2,neutral,0.9961679577827454,Service Efficiency & Responsiveness,"Service Efficiency & Responsiveness (0.84); Facilities & Amenities (0.75); Loyalty, Recommendation & Appreciation (0.56)"
Mr C,2019,3,Saatnya untuk renovasi tapi tempat yang bagus untuk menginap jika Anda memiliki penerbangan 04 00,BUMN,Bintang 4,JakartaAirportHotelT2,positive,0.9682352542877197,Facilities & Amenities,Facilities & Amenities (0.87); Sustainability & Environmental Quality (0.71); Ambience & Design (0.55)
Rady wijaya wijaya,2025,4,Baik fasilitas semua cukup,BUMN,Bintang 4,JakartaAirportHotelT2,positive,0.9987707734107971,Service Quality,Service Quality (0.98); Facilities & Amenities (0.98); Room Quality & Comfort (0.88)
Danny Bravijaya,2018,5,Njir gw kira harganya 100rb salah masuk gw maklum anak kampung v,BUMN,Bintang 4,JakartaAirportHotelT2,negative,0.9373125433921814,Pricing & Value for Money,Pricing & Value for Money (0.79); Religious & Halal Features (0.53); Cultural & Heritage Experience (0.30)
alberto januari,2024,5,mantap tidak nyesel dah istirahat sebelum kembali ke rumah,BUMN,Bintang 4,JakartaAirportHotelT2,positive,0.9986129999160767,Service Quality,Service Quality (0.86); Service Efficiency & Responsiveness (0.84); Guest Experience (0.74)
Agus lemer,2020,4,nyaman buat yang transit lama lokasi area bandara terminal 2,BUMN,Bintang 4,JakartaAirportHotelT2,positive,0.9871261715888977,Facilities & Amenities,Facilities & Amenities (0.91); Room Quality & Comfort (0.91); Service Quality (0.84)
Dewi Gayatri,2023,4,hotel yang strategis di bandara soekarno hatta,BUMN,Bintang 4,JakartaAirportHotelT2,positive,0.9814357161521912,Service Efficiency & Responsiveness,"Service Efficiency & Responsiveness (0.71); Sustainability & Environmental Quality (0.70); Loyalty, Recommendation & Appreciation (0.70)"
Sonny Basuki,2019,4,Nice transit hotel masuk garis dengan harapan staf yang membantu dan ramah terutama mas jeffry dianjurkan,BUMN,Bintang 4,JakartaAirportHotelT2,positive,0.9910133481025696,Staff Conduct & Hospitality,Staff Conduct & Hospitality (1.00); Service Efficiency & Responsiveness (0.99); Service Quality (0.99)
Matthew Makimian,2022,2,Ini hotel yang baik tidak terlalu menyukai hotel seperti ini tapi sangat bagus untuk perjalanan yang tidak direncanakan,BUMN,Bintang 4,JakartaAirportHotelT2,positive,0.9935263395309448,Guest Experience,Guest Experience (0.88); Facilities & Amenities (0.82); Room Quality & Comfort (0.67)
Valentin Ganea,2025,5,hebat,BUMN,Bintang 4,JakartaAirportHotelT2,positive,0.9962955117225647,"Cleanliness, Hygiene & Maintenance","Cleanliness, Hygiene & Maintenance (0.91); Facilities & Amenities (0.85); Sustainability & Environmental Quality (0.74)"
Putra Selaparang,2023,5,keren superairjet pindah terminal tidak ada informasi hasil lari lari di menit terakhir,BUMN,Bintang 4,JakartaAirportHotelT2,neutral,0.8500624895095825,Safety & Security,Safety & Security (0.77); Service Quality (0.62); Guest Experience (0.55)
Manik Abdullah,2025,5,terimakasih kak wafa pelayanan baik,BUMN,Bintang 4,JakartaAirportHotelT2,positive,0.9982592463493347,Service Quality,"Service Quality (0.99); Service Efficiency & Responsiveness (0.85); Loyalty, Recommendation & Appreciation (0.83)"
Naim Darghouth,2019,3,Kamarnya baik-baik saja menerima panggilan bangun saya 15 menit awal kamar mandi bau seperti air limbah,BUMN,Bintang 4,JakartaAirportHotelT2,negative,0.9963399171829224,Guest Experience,Guest Experience (0.87); Check in/out Experience (0.84); Service Quality (0.80)
Mathias F Harnowo,2018,4,kamar bersih dan kamar mandi bagus tinggal untuk bandara transit staf jenis untuk berbagi informasi,BUMN,Bintang 4,JakartaAirportHotelT2,positive,0.9906229376792908,Room Quality & Comfort,"Room Quality & Comfort (1.00); Cleanliness, Hygiene & Maintenance (1.00); Facilities & Amenities (0.99)"
Yudha Satria Nugraha,2023,5,Hotel yang bagus sangat dekat dan berguna untuk penumpang transit,BUMN,Bintang 4,JakartaAirportHotelT2,positive,0.9989535808563232,Facilities & Amenities,Facilities & Amenities (0.97); Service Quality (0.88); Guest Experience (0.81)
Sinuhaji,2023,3,bangunan kamu tapi mahal harganya dan selalu sibuk kamarnya penuh,BUMN,Bintang 4,JakartaAirportHotelT2,positive,0.9779797792434692,Pricing & Value for Money,Pricing & Value for Money (0.94); Facilities & Amenities (0.83); Sustainability & Environmental Quality (0.59)
Jason Parks,2018,5,Hotel yang bagus tepat masuk bandara tempat yang sempurna untuk menginap di malam hari di bandara jakarta,BUMN,Bintang 4,JakartaAirportHotelT2,positive,0.9992132186889648,Facilities & Amenities,Facilities & Amenities (0.75); Service Quality (0.74); Service Efficiency & Responsiveness (0.69)
Della Yolanda,2017,5,Tempat yang bagus untuk menginap terutama untuk mengejar penerbangan awal Anda,BUMN,Bintang 4,JakartaAirportHotelT2,positive,0.9936555624008179,Facilities & Amenities,"Facilities & Amenities (0.87); Room Quality & Comfort (0.73); Cleanliness, Hygiene & Maintenance (0.72)"
Eric R,2018,3,Layanan rata-rata masuk bandara Cgk baik untuk jadwal penerbangan awal kami,BUMN,Bintang 4,JakartaAirportHotelT2,positive,0.9752861857414246,Service Quality,Service Quality (1.00); Check in/out Experience (0.99); Facilities & Amenities (0.98)
Komunitas Budaya Rare Angon Bangli,2025,5,keren,BUMN,Bintang 4,JakartaAirportHotelT2,positive,0.9992383718490601,"Cleanliness, Hygiene & Maintenance","Cleanliness, Hygiene & Maintenance (0.88); Facilities & Amenities (0.81); Sustainability & Environmental Quality (0.68)"
BAKSO JEROAN SAPI MAS GILAN,2023,5,tempat yang nyaman untuk beristirahat setelah lelah dalam perjalanan,BUMN,Bintang 4,JakartaAirportHotelT2,positive,0.9748945832252502,Facilities & Amenities,Facilities & Amenities (0.89); Room Quality & Comfort (0.75); Sustainability & Environmental Quality (0.52)
Ravel C,2017,3,Hotel terdekat ke bandara tidak terlalu besar untuk mengeluh kecuali kesulitan membawa bagasi ke atas dan ke bawah tanpa bantuan,BUMN,Bintang 4,JakartaAirportHotelT2,positive,0.9660530686378479,"Location, Accessibility & Parking","Location, Accessibility & Parking (0.87); Facilities & Amenities (0.84); Service Quality (0.68)"
Evan Jo,2025,5,hadir,BUMN,Bintang 4,JakartaAirportHotelT2,negative,0.9387646913528442,Religious & Halal Features,"Religious & Halal Features (0.96); Cleanliness, Hygiene & Maintenance (0.90); Facilities & Amenities (0.82)"
Dimas Satria,2022,1,petugas resepsionis tidak menetapkan kartu baik2 perlu peningkatan kualitas,BUMN,Bintang 4,JakartaAirportHotelT2,negative,0.9958232641220093,Management & Policy Issues,Management & Policy Issues (0.44); Guest Experience (0.32); Pricing & Value for Money (0.21)
Antoni R14N,2022,5,tempat nya nyaman dan tenang dan juga tidak takut akan ketinggalan pesawat,BUMN,Bintang 4,JakartaAirportHotelT2,positive,0.999022364616394,Facilities & Amenities,Facilities & Amenities (1.00); Room Quality & Comfort (1.00); Service Quality (0.97)
Nur Mashitah,2022,5,Hotel itu bersih 10 10 makanan 7 10 layanan perawatan 10 10 view view street view 8 10,BUMN,Bintang 4,JakartaAirportHotelT2,positive,0.9935020804405212,"Cleanliness, Hygiene & Maintenance","Cleanliness, Hygiene & Maintenance (1.00); Service Quality (1.00); Facilities & Amenities (0.99)"
Kristie Harman,2018,4,tempat yang baik untuk ruang bersih transit staf yang membantu dan lokasi yang nyaman,BUMN,Bintang 4,JakartaAirportHotelT2,positive,0.9991776347160339,Facilities & Amenities,"Facilities & Amenities (1.00); Cleanliness, Hygiene & Maintenance (1.00); Room Quality & Comfort (1.00)"
Heru Indradi,2023,4,cukup strategis tempatnya di kawasan bandara suta,BUMN,Bintang 4,JakartaAirportHotelT2,positive,0.9990594983100891,Facilities & Amenities,"Facilities & Amenities (0.83); Sustainability & Environmental Quality (0.74); Loyalty, Recommendation & Appreciation (0.67)"
Nuriati Sinaga,2022,3,HGR Lumyan Mhl dengan fasilitas stndr lokasi baru sngt mempengaruhi HGR,BUMN,Bintang 4,JakartaAirportHotelT2,neutral,0.909984827041626,Facilities & Amenities,Facilities & Amenities (0.89); Sustainability & Environmental Quality (0.62); Guest Experience (0.60)
Hamid Butt Official,2025,3,itu baik-baik saja,BUMN,Bintang 4,JakartaAirportHotelT2,positive,0.9006074070930481,"Cleanliness, Hygiene & Maintenance","Cleanliness, Hygiene & Maintenance (0.96); Family & Group Friendly (0.91); Sustainability & Environmental Quality (0.87)"
Nanang Masaudi,2024,4,hotel transit aman dan nyaman,BUMN,Bintang 4,JakartaAirportHotelT2,positive,0.9992849230766296,Safety & Security,Safety & Security (1.00); Facilities & Amenities (0.99); Room Quality & Comfort (0.97)
Surya Darma,2022,1,Sangat aman nyaman dan bagus pelayanan dari agen sampai keamanan nya,BUMN,Bintang 4,JakartaAirportHotelT2,positive,0.9989711046218872,Service Quality,Service Quality (1.00); Facilities & Amenities (0.99); Service Efficiency & Responsiveness (0.99)
bobby shandova,2024,5,lumayan sangat praktis dari bandara,BUMN,Bintang 4,JakartaAirportHotelT2,positive,0.9981486797332764,Facilities & Amenities,"Facilities & Amenities (0.91); Service Efficiency & Responsiveness (0.80); Cleanliness, Hygiene & Maintenance (0.80)"
ilhamsyah barlian,2025,5,bagus dan nyaman,BUMN,Bintang 4,JakartaAirportHotelT2,positive,0.9992082715034485,Room Quality & Comfort,"Room Quality & Comfort (0.98); Facilities & Amenities (0.97); Cleanliness, Hygiene & Maintenance (0.89)"
Adnan Mokodompit,2019,5,Bandara terbesar masuk indonesia terintegrasi dengan berbagai tujuan dari jalur bus nasional Damri dan stasiun kereta api,BUMN,Bintang 4,JakartaAirportHotelT2,neutral,0.9453749656677246,Facilities & Amenities,"Facilities & Amenities (0.87); Service Efficiency & Responsiveness (0.76); Location, Accessibility & Parking (0.47)"
cv mediajaya,2018,5,letak di dalam bandara berguna buat yang terbang pagi pagi,BUMN,Bintang 4,JakartaAirportHotelT2,neutral,0.9935752749443054,Facilities & Amenities,Facilities & Amenities (0.97); Service Efficiency & Responsiveness (0.77); Sustainability & Environmental Quality (0.74)
ismael womsiwor,2020,5,bandara bersih dan sudah tertata rapih banget bandaranya cantik mantap pokoknya,BUMN,Bintang 4,JakartaAirportHotelT2,positive,0.9993125200271606,"Cleanliness, Hygiene & Maintenance","Cleanliness, Hygiene & Maintenance (0.98); Service Quality (0.97); Facilities & Amenities (0.86)"
4 9,2019,5,Aku akan selalu mendukung fasilitas ini sepanjang jalan.,BUMN,Bintang 4,JakartaAirportHotelT2,positive,0.9916149377822876,Facilities & Amenities,"Facilities & Amenities (0.99); Guest Experience (0.91); Loyalty, Recommendation & Appreciation (0.89)"
Har Manto,2025,5,Sangat nyaman dan steril,BUMN,Bintang 4,JakartaAirportHotelT2,positive,0.999416708946228,"Cleanliness, Hygiene & Maintenance","Cleanliness, Hygiene & Maintenance (0.95); Religious & Halal Features (0.78); Room Quality & Comfort (0.68)"
Renusa Andra,2019,5,Kamar kami dijaga dengan baik meskipun terlihat sedikit usang ditempatkan strategis masuk di tengah terminal 2,BUMN,Bintang 4,JakartaAirportHotelT2,positive,0.9952743053436279,"Cleanliness, Hygiene & Maintenance","Cleanliness, Hygiene & Maintenance (0.99); Service Quality (0.98); Facilities & Amenities (0.98)"
Mast Moey,2018,3,sudah saatnya terminal 12 bandara soetta jakarta direnovasi,BUMN,Bintang 4,JakartaAirportHotelT2,neutral,0.9979606866836548,Facilities & Amenities,Facilities & Amenities (0.90); Sustainability & Environmental Quality (0.84); Service Quality (0.67)
Joko Waluyo,2017,4,Salah satu pilihan untuk tinggal masuk Soekarno Hatta kamar bandara internasional adalah harga bersih cukup adil,BUMN,Bintang 4,JakartaAirportHotelT2,positive,0.9992074370384216,"Cleanliness, Hygiene & Maintenance","Cleanliness, Hygiene & Maintenance (0.98); Pricing & Value for Money (0.98); Service Quality (0.97)"
Sinthia Pandit,2025,4,Bandara yang baik dan dijaga dengan baik,BUMN,Bintang 4,JakartaAirportHotelT2,positive,0.9970945119857788,"Cleanliness, Hygiene & Maintenance","Cleanliness, Hygiene & Maintenance (1.00); Safety & Security (0.99); Facilities & Amenities (0.99)"
Rahman Indra,2025,5,keren,BUMN,Bintang 4,JakartaAirportHotelT2,positive,0.9992378950119019,"Cleanliness, Hygiene & Maintenance","Cleanliness, Hygiene & Maintenance (0.88); Facilities & Amenities (0.81); Sustainability & Environmental Quality (0.68)"
Mira Bangalino,2024,1,buruk sekali pelayanannya sangat sangat buruk,BUMN,Bintang 4,JakartaAirportHotelT2,negative,0.9994667172431946,Guest Experience,Guest Experience (1.00); Check in/out Experience (0.77); Facilities & Amenities (0.67)
Moel Harahap,2023,5,penginapan di dalam bandara cukup bagus dan nyaman,BUMN,Bintang 4,JakartaAirportHotelT2,positive,0.9992671608924866,Room Quality & Comfort,Room Quality & Comfort (1.00); Facilities & Amenities (0.98); Service Quality (0.97)
Pragmatic Play,2025,5,"Oke, oke.",BUMN,Bintang 4,JakartaAirportHotelT2,neutral,0.7127070426940918,"Cleanliness, Hygiene & Maintenance","Cleanliness, Hygiene & Maintenance (0.86); Facilities & Amenities (0.79); Sustainability & Environmental Quality (0.70)"
teng fery,2022,3,Salah satu hotel bandara jadi kalau mau transit tidak repot,BUMN,Bintang 4,JakartaAirportHotelT2,positive,0.9971771240234375,Service Efficiency & Responsiveness,Service Efficiency & Responsiveness (0.86); Facilities & Amenities (0.77); Family & Group Friendly (0.77)
Dr Jumadil Akhir,2025,4,bagus strategis,BUMN,Bintang 4,JakartaAirportHotelT2,positive,0.9992778897285461,Facilities & Amenities,"Facilities & Amenities (0.76); Sustainability & Environmental Quality (0.75); Cleanliness, Hygiene & Maintenance (0.74)"
Shelly Okta Viana,2025,5,bandara,BUMN,Bintang 4,JakartaAirportHotelT2,positive,0.9935346841812134,Facilities & Amenities,"Facilities & Amenities (0.97); Cleanliness, Hygiene & Maintenance (0.92); Pricing & Value for Money (0.73)"
Reggy Cheuk A Lam,2019,3,Mengapa aku berada di sana untuk tinggal singkat tapi itu bagus dan bersih tapi mandi pergi setelah 5 minus ke mandi dingin mmh,BUMN,Bintang 4,JakartaAirportHotelT2,negative,0.982250988483429,Facilities & Amenities,"Facilities & Amenities (1.00); Service Quality (0.99); Cleanliness, Hygiene & Maintenance (0.99)"
Stefen Tunliu,2018,5,Recommended bagi yang mau transit bisa menginap di sini,BUMN,Bintang 4,JakartaAirportHotelT2,positive,0.9887428283691406,"Cleanliness, Hygiene & Maintenance","Cleanliness, Hygiene & Maintenance (0.83); Facilities & Amenities (0.78); Room Quality & Comfort (0.75)"
ya yat syariful hidayat,2019,4,mantap untuk sekedar istirahat melepas lelah mandi sambil menunggu keberangkatan,BUMN,Bintang 4,JakartaAirportHotelT2,positive,0.9980103373527527,"Cleanliness, Hygiene & Maintenance","Cleanliness, Hygiene & Maintenance (0.75); Booking & Reservation Experience (0.65); Service Quality (0.65)"
Purple Peach,2023,4,tarif harian minimal enam jam biaya apa pun di atas akan berlaku tarif penuh 550 1100k,BUMN,Bintang 4,JakartaAirportHotelT2,neutral,0.9987239241600037,Pricing & Value for Money,Pricing & Value for Money (0.79); Sustainability & Environmental Quality (0.24); Facilities & Amenities (0.23)
Muhammad Larry Izmi,2023,4,lokasi strategis dan ada layanan antar ke setiap terminal,BUMN,Bintang 4,JakartaAirportHotelT2,positive,0.9259499907493591,Facilities & Amenities,"Facilities & Amenities (1.00); Service Efficiency & Responsiveness (0.98); Location, Accessibility & Parking (0.92)"
Nathan Petitti,2018,5,nyaman dan bagus jika Anda perlu tinggal untuk penerbangan tambahan,BUMN,Bintang 4,JakartaAirportHotelT2,positive,0.996250331401825,Facilities & Amenities,Facilities & Amenities (0.99); Room Quality & Comfort (0.92); Guest Experience (0.84)
Made Tambakh,2025,5,Tempat istirahat untuk transit,BUMN,Bintang 4,JakartaAirportHotelT2,positive,0.9976518750190735,Facilities & Amenities,Facilities & Amenities (0.53); Cultural & Heritage Experience (0.43); Guest Experience (0.40)
Agung Yudha,2016,3,sudah usang untuk bandara internasional masuk negara ibukota layanan taksi tidak cerdas Uber tidak diizinkan,BUMN,Bintang 4,JakartaAirportHotelT2,negative,0.9966933727264404,Facilities & Amenities,Facilities & Amenities (0.77); Management & Policy Issues (0.65); Service Quality (0.63)
Rias Wulanti,2019,5,Hampir sempurna sayang karena waktu saya datang restoran sedang dalam tahap perbaikan,BUMN,Bintang 4,JakartaAirportHotelT2,positive,0.8862082362174988,Guest Experience,Guest Experience (0.96); Food & Beverage (0.96); Service Quality (0.92)
Lena Ng,2018,4,mudah untuk mencapai bandara bahkan dengan kamar kecil tapi masih oke,BUMN,Bintang 4,JakartaAirportHotelT2,positive,0.9896435737609863,Facilities & Amenities,Facilities & Amenities (0.94); Service Quality (0.92); Room Quality & Comfort (0.88)
JOHAN SAMSIR,2019,5,Hotel transit yang cocok kerena berada dalam bandara soeta 3,BUMN,Bintang 4,JakartaAirportHotelT2,positive,0.9976588487625122,Service Efficiency & Responsiveness,Service Efficiency & Responsiveness (0.73); Service Quality (0.70); Sustainability & Environmental Quality (0.66)
Ayu Wiwik Aryani (Ayy Canss),2019,4,mungkin untuk toilet yang rusak diperbaiki segera biar tidak lama masuk,BUMN,Bintang 4,JakartaAirportHotelT2,negative,0.5393584966659546,Facilities & Amenities,"Facilities & Amenities (0.80); Cleanliness, Hygiene & Maintenance (0.79); Service Quality (0.77)"
Agus Otter,2025,5,hotel dengan lokasi terbaik di soetta,BUMN,Bintang 4,JakartaAirportHotelT2,positive,0.999264657497406,Service Quality,Service Quality (0.89); Facilities & Amenities (0.87); Sustainability & Environmental Quality (0.84)
Dwi Indarto,2018,4,pelayanan yang ramah dan nyaman untuk transit menginap,BUMN,Bintang 4,JakartaAirportHotelT2,positive,0.9990701079368591,Guest Experience,Guest Experience (0.99); Facilities & Amenities (0.99); Room Quality & Comfort (0.97)
Idam Harun,2024,4,Maaf sekedar numpang lewat belum bisa komen trimakasih,BUMN,Bintang 4,JakartaAirportHotelT2,neutral,0.9862414598464966,Guest Experience,Guest Experience (0.91); Pricing & Value for Money (0.36); Religious & Halal Features (0.29)
Tegi Dimantano,2018,3,Hotel yang bagus di bandara untuk menangkap penerbangan pagi-pagi staf ramah,BUMN,Bintang 4,JakartaAirportHotelT2,positive,0.9990002512931824,Service Quality,Service Quality (0.99); Staff Conduct & Hospitality (0.98); Service Efficiency & Responsiveness (0.96)
dy norz,2023,5,luas sekali tempat ini tapi kesannya seperti jalan jalan ke graha,BUMN,Bintang 4,JakartaAirportHotelT2,positive,0.8569726347923279,Facilities & Amenities,Facilities & Amenities (0.93); Guest Experience (0.85); Ambience & Design (0.77)
Desy Indiana osca,2025,5,luar biasa,BUMN,Bintang 4,JakartaAirportHotelT2,positive,0.9937044978141785,"Cleanliness, Hygiene & Maintenance","Cleanliness, Hygiene & Maintenance (0.72); Cultural & Heritage Experience (0.72); Sustainability & Environmental Quality (0.71)"
Riski Apriliani,2023,5,Satu gedung sama bandaranya view nya keren,BUMN,Bintang 4,JakartaAirportHotelT2,positive,0.9975079298019409,Ambience & Design,Ambience & Design (0.91); Sustainability & Environmental Quality (0.85); Facilities & Amenities (0.85)
Wong Sukses,2025,5,Raja mantap,BUMN,Bintang 4,JakartaAirportHotelT2,positive,0.9988980293273926,"Cleanliness, Hygiene & Maintenance","Cleanliness, Hygiene & Maintenance (0.90); Facilities & Amenities (0.89); Loyalty, Recommendation & Appreciation (0.77)"
K. Kallita Huang,2019,5,nyaman dekat bandara jadi tidak takut ketinggalan pesawat,BUMN,Bintang 4,JakartaAirportHotelT2,positive,0.9981393814086914,Facilities & Amenities,Facilities & Amenities (0.99); Room Quality & Comfort (0.94); Service Quality (0.94)
Yant Subiyanto,2024,4,semua bersih rapi tertib nyaman,BUMN,Bintang 4,JakartaAirportHotelT2,positive,0.9990381002426147,"Cleanliness, Hygiene & Maintenance","Cleanliness, Hygiene & Maintenance (0.98); Room Quality & Comfort (0.94); Facilities & Amenities (0.92)"
Juntak77,2019,3,sinyal operator handphone kurang tapi makanan baik-baik saja,BUMN,Bintang 4,JakartaAirportHotelT2,positive,0.8192856311798096,Food & Beverage,Food & Beverage (0.97); Service Quality (0.96); Family & Group Friendly (0.92)
Aries Susilo,2021,5,Sangat nyaman untuk transit penerbangan sekalian istirahat Bermalam,BUMN,Bintang 4,JakartaAirportHotelT2,positive,0.9986794590950012,Facilities & Amenities,Facilities & Amenities (0.97); Room Quality & Comfort (0.91); Service Efficiency & Responsiveness (0.89)
An Dim,2024,3,nyaman untuk penerbangan pagi hari dari terminal,BUMN,Bintang 4,JakartaAirportHotelT2,positive,0.987155556678772,Facilities & Amenities,Facilities & Amenities (0.95); Service Quality (0.82); Room Quality & Comfort (0.81)
Irine Ay,2025,3,Bandara internasional tetapi tidak ada bahasa lain untuk informasi setidaknya menggunakan bahasa Inggris,BUMN,Bintang 4,JakartaAirportHotelT2,neutral,0.9075713157653809,Facilities & Amenities,Facilities & Amenities (0.25); Service Efficiency & Responsiveness (0.21); Management & Policy Issues (0.16)
Rahmat Novwizar,2023,5,cocok buat yang anti ribet keluar masuk bandara,BUMN,Bintang 4,JakartaAirportHotelT2,positive,0.9775540232658386,Safety & Security,Safety & Security (0.85); Service Quality (0.73); Facilities & Amenities (0.72)
Andrie Husein,2018,5,yang terbaik satu bandara masuk indonesia ingin pergi ke jakarta u harus mendarat di sini lah hahahahaha,BUMN,Bintang 4,JakartaAirportHotelT2,positive,0.9987816214561462,Service Quality,Service Quality (0.71); Facilities & Amenities (0.70); Service Efficiency & Responsiveness (0.70)
conn lai,2023,5,Soto ayam yang bagus dan bisa berbahasa Inggris,BUMN,Bintang 4,JakartaAirportHotelT2,positive,0.9982191920280457,Food & Beverage,Food & Beverage (0.86); Cultural & Heritage Experience (0.77); Family & Group Friendly (0.71)
mariadamaianty pasaribu,2024,4,Proses menuju ruang tunggu cukup jauh,BUMN,Bintang 4,JakartaAirportHotelT2,negative,0.5522028803825378,Guest Experience,Guest Experience (0.61); Religious & Halal Features (0.59); Sustainability & Environmental Quality (0.53)
dedi setiadi,2025,5,Masih tetap nyaman,BUMN,Bintang 4,JakartaAirportHotelT2,positive,0.9990328550338745,Room Quality & Comfort,"Room Quality & Comfort (0.87); Cleanliness, Hygiene & Maintenance (0.86); Facilities & Amenities (0.82)"
muhammad wartino,2025,5,orang lain,BUMN,Bintang 4,JakartaAirportHotelT2,negative,0.9981679916381836,"Cleanliness, Hygiene & Maintenance","Cleanliness, Hygiene & Maintenance (0.83); Facilities & Amenities (0.65); Sustainability & Environmental Quality (0.62)"
karta DJ,2023,5,tempat ternyaman untuk transit dan makanannya enak enak,BUMN,Bintang 4,JakartaAirportHotelT2,positive,0.9993300437927246,Facilities & Amenities,Facilities & Amenities (0.92); Food & Beverage (0.83); Service Efficiency & Responsiveness (0.78)
Z&L Mommy,2023,5,layanan terbaik terbaik atitute terbaik makanan buffet untuk sarapan,BUMN,Bintang 4,JakartaAirportHotelT2,positive,0.9990027546882629,Service Quality,Service Quality (1.00); Facilities & Amenities (0.98); Guest Experience (0.91)
Roby Abisiswandi,2023,2,Ya bandara jakarta bagus dan memperluas sampai terminal pohon,BUMN,Bintang 4,JakartaAirportHotelT2,positive,0.9978440999984741,Facilities & Amenities,Facilities & Amenities (0.99); Ambience & Design (0.95); Sustainability & Environmental Quality (0.95)
Rudi Hartono,2023,4,hotelnya oke banget harga terjangkau,BUMN,Bintang 4,JakartaAirportHotelT2,positive,0.9992823004722595,Pricing & Value for Money,Pricing & Value for Money (0.97); Service Quality (0.95); Facilities & Amenities (0.88)
Wimbo A.,2025,1,Jujur saya kecewa dengan pelayanan hotel ini banyak kue baru dan staf baru cuek banget,BUMN,Bintang 4,JakartaAirportHotelT2,negative,0.9994027614593506,Food & Beverage,Food & Beverage (0.96); Guest Experience (0.85); Service Quality (0.77)
Selma Aulina,2025,1,Oh baik kami tiba masuk jakarta terlambat dan lokasi hotel ini sangat dekat dengan gerbang kedatangan kami mereka memiliki banyak tangga jadi jika Anda memiliki banyak bagasi besar menghindari hotel ini kamar berbau serbuk tidak ada air panas kami mandi dengan air dingin di malam hari saya meminta pengering rambut dan mereka mengatakan mereka akan mengirimnya saya menunggu untuk waktu yang lama jadi saya menelepon kemudian lagi dan mereka berkata oh kami tidak memiliki lagi dude layanan benar-benar sangat buruk hanya menghindari hotel ini,BUMN,Bintang 4,JakartaAirportHotelT2,negative,0.998278021812439,Facilities & Amenities,Facilities & Amenities (0.99); Service Quality (0.97); Guest Experience (0.90)
jenny vanesa quintero moreno,2025,1,Layanan imigrasi adalah yang terburuk yang pernah saya hadapi masuk dalam hidup saya mereka tidak bekerja sama mereka menghabiskan waktu mereka makan masuk wajah Anda seolah-olah mereka tidak memiliki ruang dan waktu untuk istirahat mereka mereka mengejek kesengsaraan Anda sejak saya harus membayar denda saya melihat mereka dengan wajah mengejek dan merayakan bahwa saya harus membayar mereka jutaan hanya karena kelalaian mereka sendiri itu adalah negara yang underdeveloped dengan begitu banyak teknologi dan orang lain Anda membuat sulit untuk mengambil keuntungan dari wisatawan ini adalah tempat yang saya tidak merekomendasikan dan saya berharap saya tidak pernah harus kembali ke sebuah,BUMN,Bintang 4,JakartaAirportHotelT2,negative,0.9994844198226929,Facilities & Amenities,Facilities & Amenities (0.79); Pricing & Value for Money (0.74); Check in/out Experience (0.73)
Devi Sagita Ratri,2025,1,Saat saya memesan dari aplikasi agoda yang mana seharusnya hal ini adalah kerjasama dengan pihak hotel jakarta bandara hotel saya merasa dibohongi karena seharusnya pembayaran adalah hal yang seharusnya paling mudah pihak hotel saya ingin segera membayar dan mendapatkan bukti bayar namun di agoda pihak hotel hanya memberikan opsi debit kredit pembayaran lewat debit tidak langsung dapat ditarik oleh pihak hotel namun harus membayar langsung di hotel sementara saya memesan untuk klien masa klien harus membayar hotel dulu di tempat jika misalnya ada masalah dengan pembayaran debit terkadang pembayaran melalui debit beberapa kali tertolak meskipun saat itu saldo debit tersedia beberapa kali lipat dari yang seharusnya dibutuhkan bahkan ketika saya berusaha pria,BUMN,Bintang 4,JakartaAirportHotelT2,negative,0.9981594681739807,Pricing & Value for Money,Pricing & Value for Money (0.59); Booking & Reservation Experience (0.53); Service Efficiency & Responsiveness (0.34)
Chef Benz,2025,1,Ketika kita memeriksa keluar kita harus pergi ke terminal 1 concierge mengatakan saya tidak ada bus ulang tahun gratis karena pemesanan kelompok jadi menempatkan kita masuk mobil pribadi dan kita harus membayar Rp 350 0 setelah kita tiba di terminal 1 saya melihat beberapa bus ulang tahun gratis tiba dan hampir kosong kami merasa ditipu,BUMN,Bintang 4,JakartaAirportHotelT2,negative,0.9986552000045776,Pricing & Value for Money,Pricing & Value for Money (0.56); Guest Experience (0.54); Check in/out Experience (0.51)
Gy Store,2025,1,burukklk kami datang tidak disambut dengan ramah oleh keamanan mungkin karena penampilan kami biasa saja tidak lama kemudian datang cindo2 membawa koper banyak langsung di sambut dengan ramah heyy kami membayar harga yang sama untuk menginap giliran kami kasi tip keamanan langsung tersenyum manis ke kami dan saya drop bagasi kami pelayanan super buruk masukan lagi di resepsionis dilihat seperti kami orang kurang mampu buruk buruk sekali terasa sekali diskriminasi cukup sekali tidak sekali tidak dua kali kebetulan saya membawa orang tua saya setelah memeriksa di google review ternyata banyak yang mengalami hal sama saya pernah nginap di bandara jauh lebih ramah pelayanan mereka dibandingkan hotel ini,BUMN,Bintang 4,JakartaAirportHotelT2,negative,0.9993171691894531,Guest Experience,Guest Experience (0.88); Check in/out Experience (0.72); Pricing & Value for Money (0.70)
Doni Irawan,2025,1,petugas checkin yang menyebalkan sudah ngantri panjang saat sampai konter nya sruh checkin online padahal waktu terbang sudah 30 menit lagi kalau saya tidak bawa bagasi mngkin saya tidak perlu ke konter akhirnya saya kejar kejaran begitu buruk,BUMN,Bintang 4,JakartaAirportHotelT2,negative,0.9994033575057983,Service Quality,Service Quality (0.93); Guest Experience (0.82); Check in/out Experience (0.79)
MOHAMAD AKBAR SYAHADATAIN,2025,1,Saat saya mau memeriksa masuk jam 8 pagi kamar belum siap dan dikoordinasi antara petugas sangat jelek tolong ini dijadikan perhatian ya,BUMN,Bintang 4,JakartaAirportHotelT2,negative,0.9989950060844421,Guest Experience,Guest Experience (0.88); Check in/out Experience (0.81); Service Quality (0.75)
Sulastri Bmr,2024,1,Coba urut siang hari harga di slide tv 250 rb harga sampai depan resepsi 400 rb per jam di pijat sama mba anggel tidak ada rasanya disuruh kencang malah dia bilang tenaganya sudah maksimal eh malah nawarin pijat khusus h nd j b minta tips 500 rb tolong pihak hotel di perhatikan spa nya dari operator melur kata terapis nya,BUMN,Bintang 4,JakartaAirportHotelT2,negative,0.9826093912124634,Pricing & Value for Money,Pricing & Value for Money (0.93); Service Quality (0.79); Guest Experience (0.79)
Simon Mitchell,2023,1,Dihidangkan mentah goreng ayam karet dan pink di dalam dari room service pukul 10.30 malam dikirim kembali 3 kali karena muncul kembali masih undercook kedua kali kemudian goreng tapi dingin kedua dan ketiga kali akhirnya menyerah dan makan daging ayam goreng dingin di tengah malam makanan menjijikkan dan layanan yang lebih buruk,BUMN,Bintang 4,JakartaAirportHotelT2,negative,0.9991996884346008,Guest Experience,Guest Experience (0.94); Complaint Handling & Service Recovery (0.78); Food & Beverage (0.75)
Cagan Hakki Sekercioglu,2019,1,menghindari bising saya harus mengubah penerbangan saya dan pergi 2 hari lebih awal karena darurat kesehatan keluarga meskipun menulis kepada mereka 3 hari masuk awal dan pergi ke sana masuk orang untuk pengembalian uang 2 hari sebelum reservasi saya sekarang perusahaan kartu kredit saya berurusan dengan mereka ada tempat yang jauh lebih baik sangat dekat dengan bandara untuk setengah harga dan dengan pengiriman gratis,BUMN,Bintang 4,JakartaAirportHotelT2,negative,0.9571979641914368,Pricing & Value for Money,Pricing & Value for Money (0.96); Booking & Reservation Experience (0.87); Complaint Handling & Service Recovery (0.84)
Panju Prithviraj,2023,1,Kami sedang bepergian kelas bisnis mereka telah membatalkan penerbangan oleh Más ke Bali tidak pernah memberitahu kami akhirnya ketika mereka menyadari itu bukan kesalahan kami rebooked membawa kami secara pribadi ke ruang tamu yang kami memenuhi syarat untuk bagaimanapun dan memungkinkan bagasi kedua gratis sebagai kompensasi untuk kesalahan mereka,BUMN,Bintang 4,JakartaAirportHotelT2,negative,0.9876941442489624,Personalized & Special Services,Personalized & Special Services (0.97); Booking & Reservation Experience (0.96); Service Efficiency & Responsiveness (0.96)
Jasteph Agusthe,2020,1,Pada saat check masuk waktu porter anak membantu kami membawa bagasi ke kamar ketika dia membuka kamar dia tiba-tiba menutup pintu segera kami bertanya mengapa dia mengatakan bahwa kamar belum dibersihkan apa mereka memberi kami kamar yang belum dibersihkan apa jenis hotel ini yang tidak bekerja sama sama sama sekali bagaimana Anda bisa memberikan keluar kamar tanpa memastikan semua siap super kecewa dan juga mereka tidak kompensasi sama sekali untuk kesalahan fatal ini kami pasti menunggu untuk mendengar dari hotel tentang ini,BUMN,Bintang 4,JakartaAirportHotelT2,negative,0.9993218183517456,Check in/out Experience,Check in/out Experience (0.99); Guest Experience (0.97); Booking & Reservation Experience (0.63)
Mohammed Ibrahim,2024,1,Biasanya ketika Anda mengunjungi tempat apapun apakah restoran hotel atau apa pun Anda menemukan semua orang menyambut Anda dengan senyum dan menyambut masuk Anda bertentangan dengan apa yang Anda katakan resepsionis tidak baik dalam berurusan dengan saya masuk selain menandatangani saya di lembaran kosong tanpa informasi dan ketika berbicara dengannya dia mengatakan bahwa informasi akan direkam untuk kamar dan setelah menandatangani dia memberitahu saya bahwa itu adalah 150 buruk adalah buruk dan kurang buruk adalah nol dari nol dan tidak layak untuk bereksperimen dan mengulangi,BUMN,Bintang 4,JakartaAirportHotelT2,negative,0.9987651109695435,Guest Experience,Guest Experience (0.89); Check in/out Experience (0.78); Booking & Reservation Experience (0.65)
Rusli Nugroho,2020,1,Resepsi sangat buruk saya mencoba untuk memesan untuk teman saya dari Korea hanya untuk transit yang akan dibayar oleh akun pribadinya dia tidak akrab dengan pemesanan melalui aplikasi tapi resepsionis bersikeras jaminan dengan menggunakan kartu kredit saya meskipun saya sudah memberinya rincian penerbangan dan bahkan meminta layanan bandara mengambil dan tidak ada solusi dari dia biasanya jika kedatangan adalah lebih lambat dari 5 atau 6 pm hotel akan meminta jaminan kartu kredit dan itu dapat dimengerti tapi kali ini teman saya akan mendarat pada 3pm yang hanya 3 jam setelah saya membuat panggilan,BUMN,Bintang 4,JakartaAirportHotelT2,negative,0.9983817338943481,Guest Experience,Guest Experience (0.90); Service Quality (0.88); Booking & Reservation Experience (0.84)
W K,2022,1,Mohon diperbaiki terutama tinggal untuk karantina karena 1 setiap hari listrik mati 2 makanan yang disajikan tidak bervariasi sampai enek dan mual mual terima kasih,BUMN,Bintang 4,JakartaAirportHotelT2,positive,0.5548902750015259,Check in/out Experience,Check in/out Experience (0.86); Management & Policy Issues (0.76); Guest Experience (0.62)
Fallen Monk,2017,1,Jadi saya terjebak di bandara sampai penerbangan masuk saya hari berikutnya dan membutuhkan tempat untuk beristirahat untuk malam itu jelas bahwa ada sebuah hotel di sini di bandara ada staf hotel masuk depan yang memberitahu saya harga per malam 688 0 idr dan juga termasuk sarapan agak mahal tapi saya suka kenyamanan tidak harus pergi ke tempat lain jadi saya setuju untuk membayar biaya pertama off tidak ada wifi bahkan hotel termurah memiliki wifi dan bandara memiliki wifi gratis kedua mesin masuk kamar saya lebih tua dari kamar itu sendiri tidak bekerja sangat baik dan bangun berkeringat masuk,BUMN,Bintang 4,JakartaAirportHotelT2,positive,0.9340025186538696,Facilities & Amenities,Facilities & Amenities (0.97); Pricing & Value for Money (0.94); Staff Conduct & Hospitality (0.75)
Aisyah Hilal,2017,1,Pelayanannya tidak bagus terutama pihak reservasi kamar baru pemesanan saja sudah di php masuk dibilang ada kamar ternyata saat mendekati hari h sudah jual mahal dibilang tidak ada kamar padahal kita dari perusahaan bukan perorangan,BUMN,Bintang 4,JakartaAirportHotelT2,negative,0.9992417097091675,Booking & Reservation Experience,Booking & Reservation Experience (0.89); Guest Experience (0.72); Check in/out Experience (0.60)
Khoirul Hakim,2025,1,Tidak ada staf di pintu depan perlu menangani bagasi besar sendiri dan bahkan tidak ada yang peduli untuk membuka pintu,BUMN,Bintang 4,JakartaAirportHotelT2,negative,0.9957141280174255,Safety & Security,Safety & Security (0.87); Facilities & Amenities (0.87); Service Efficiency & Responsiveness (0.85)
Judith Angelica,2024,1,salah satu staf Anda sangat tidak sopan membuat lelucon atas namaku dan tertawa di telepon dia lebih baik kembali ke pelajaran pelatihan tentang layanan pelanggan terima kasih,BUMN,Bintang 4,JakartaAirportHotelT2,negative,0.9975372552871704,Guest Experience,Guest Experience (0.99); Check in/out Experience (0.98); Service Quality (0.91)
Nensi Hadiati,2021,1,Saya menelepon hotel untuk mengajukan beberapa pertanyaan dan melakukan pemesanan pihak hotel menyarankan saya untuk memesan kamar melalui whatsapp melalui nomor di atas dan sampai sekarang saya tidak mendapatkan jawaban atas pesan yang saya kirim jadi mengapa tidak bisa menerima pemesanan kamar melalui sambungan telepon jika tidak memberikan jawaban untuk pesan melalui whatsapp,BUMN,Bintang 4,JakartaAirportHotelT2,negative,0.9796100854873657,Booking & Reservation Experience,Booking & Reservation Experience (0.82); Service Efficiency & Responsiveness (0.54); Guest Experience (0.48)
Priyadi Lubis,2018,1,Bandara itu sendiri standar internasional sementara hotel itu mengerikan aku harus tinggal satu malam untuk penerbangan ke Jeddah dan kamarnya panas aku tidak bisa tidur baik satu-satunya hal yang baik tentang hotel adalah bahwa mereka masih memiliki potensi untuk menjadi hotel internasional,BUMN,Bintang 4,JakartaAirportHotelT2,negative,0.6219659447669983,Service Quality,Service Quality (0.16); Facilities & Amenities (0.16); Religious & Halal Features (0.15)
Nabil Ramlee,2020,1,Aku tidak menikmati 5 jam tinggal di terminal 2e Jakarta Airport Hotel Aku pikir itu mudah dan cepat untuk mencapainya tapi aku salah Aku lebih memilih membayar tambahan 300 0 rupee dan pergi ke Fm7 Hotel,BUMN,Bintang 4,JakartaAirportHotelT2,negative,0.9921867847442627,Pricing & Value for Money,"Pricing & Value for Money (0.90); Location, Accessibility & Parking (0.68); Guest Experience (0.66)"
Jules Brookfield,2012,1,Mungkin bandara internasional terburuk masuk dunia untuk kota sebesar ini dan ibu kota negara itu kotor runtuh sangat buruk dipenuhi cahaya sangat miskin pilihan restoran dan belanja sangat sering Anda harus naik bus ke pesawat dan mendapatkan taksi adalah seperti berjalan melalui pasar kutu dengan 30 orang memohon Anda untuk menggunakan layanan mereka mengerikan,BUMN,Bintang 4,JakartaAirportHotelT2,negative,0.9962571859359741,Facilities & Amenities,"Facilities & Amenities (0.99); Location, Accessibility & Parking (0.88); Ambience & Design (0.74)"
Hatice Turan,2023,1,Ringan tidak terasa bersih sama sekali berwarna kita memesan makanan dan bau daging membuat saya mual dan sakit perut,BUMN,Bintang 4,JakartaAirportHotelT2,negative,0.9986334443092346,Food & Beverage,Food & Beverage (0.94); Booking & Reservation Experience (0.90); Guest Experience (0.83)
Lorn Dvgn,2022,1,Komunikasi yang buruk tidak menjawab pesan tidak ada permintaan maaf saya mencoba 3 kali untuk menghubungi mereka melalui nomor whatsapp kontak di situs resmi karantina hotel layanan hantu akhirnya saya berubah pikiran dan memesan hotel lain karena mereka tidak pernah menjawab pesan saya jangan buang waktu Anda atau menjadi sangat sangat sabar,BUMN,Bintang 4,JakartaAirportHotelT2,negative,0.9979358911514282,Booking & Reservation Experience,Booking & Reservation Experience (0.87); Guest Experience (0.75); Check in/out Experience (0.55)
Cynthia Rahmawati,2018,1,Hotel tidak membantu saya memesan melalui situs web untuk malam memeriksa masuk dan berbalik keluar saya tidak bisa tinggal meskipun pembayaran saya sudah dilakukan tidak dapat mendapatkan pengembalian uang tidak ada informasi sepanjang malam mereka terus mengatakan tidak dapat tanpa solusi yang tepat mereka harus memperbaiki situs web mereka jika kita tidak dapat memesan karena sesi kadaluarsa itu harus dikunci atau menghilang,BUMN,Bintang 4,JakartaAirportHotelT2,negative,0.999110996723175,Check in/out Experience,Check in/out Experience (0.87); Complaint Handling & Service Recovery (0.75); Pricing & Value for Money (0.68)
Munira Mohammed,2024,1,Hotel terburuk pernah layanan lambat sarapan miskin sangat sangat buruk makanan tidak begitu bersih tenang tanpa orang merasa seperti aku kehilangan masuk gurun kamar kecil sangat tidak pernah tinggal di sini lagi,BUMN,Bintang 4,JakartaAirportHotelT2,negative,0.9992552399635315,Guest Experience,Guest Experience (0.99); Facilities & Amenities (0.92); Food & Beverage (0.90)
Riqo Irwan,2012,1,Bandara yang sangat buruk dan itu adalah bandara internasional ibu kota Indonesia layanan buruk kualitas bangunan dan rasa artistik buruk ketika Anda melihat pejabat mereka seperti ingin melompat di u dan makan u keluar atau memeras Anda namun bandara manila masih terburuk Anda di sini Anda masih dapat menemukan taksi yang baik dan andal yang burung biru atau beruang emas atau merek taksi apa pun di bawah Blue Bird Group perusahaan,BUMN,Bintang 4,JakartaAirportHotelT2,negative,0.9952746629714966,Facilities & Amenities,Facilities & Amenities (0.77); Service Quality (0.43); Service Efficiency & Responsiveness (0.43)
Iwan Tandean,2017,1,Hotel transit terburuk yang pernah ada bau gelap kotor dan jika Anda mendapatkan nomor kamar di atas 40 Anda akan berjalan jauh untuk sampai ke kamar Anda tidak dianjurkan,BUMN,Bintang 4,JakartaAirportHotelT2,negative,0.9983932375907898,Guest Experience,Guest Experience (0.60); Booking & Reservation Experience (0.44); Management & Policy Issues (0.43)
osama ali,2025,1,Tidak bersih tidak mengangkat tidak bantuan tidak layanan ulang-alik yang harus dihindari,BUMN,Bintang 4,JakartaAirportHotelT2,negative,0.9839797019958496,Guest Experience,Guest Experience (0.85); Facilities & Amenities (0.80); Check in/out Experience (0.67)
Lia Susan,2022,1,Hotel yang mahal tapi tidak ada sarapan yang membuat saya terkejut karena saya melihat saya pergi untuk memesan masuk Agoda termasuk dengan sarapan kemudian harus memanggil grabfood untuk sarapan,BUMN,Bintang 4,JakartaAirportHotelT2,negative,0.9825218915939331,Booking & Reservation Experience,Booking & Reservation Experience (0.91); Pricing & Value for Money (0.87); Guest Experience (0.87)
jjay yates,2025,1,Terrible a c diatur terlalu rendah untuk orang asing tidak adil mereka harus akomodasi untuk semua,BUMN,Bintang 4,JakartaAirportHotelT2,negative,0.9965875148773193,Guest Experience,Guest Experience (0.80); Facilities & Amenities (0.78); Check in/out Experience (0.73)
TJINFU,2020,1,terlalu banyak pusat bisnis disekitarnya dan bangunan gedung gedung tinggi yang bisa membahayakan penerbangan,BUMN,Bintang 4,JakartaAirportHotelT2,neutral,0.8237156271934509,Facilities & Amenities,Facilities & Amenities (0.80); Sustainability & Environmental Quality (0.53); Management & Policy Issues (0.53)
Famous Semarang,2019,1,pesen kamar termasuk sarapan tetapi sarapannya kelamaan keburu pesawatnya dateng,BUMN,Bintang 4,JakartaAirportHotelT2,negative,0.9798943400382996,Food & Beverage,Food & Beverage (0.97); Facilities & Amenities (0.95); Guest Experience (0.88)
Dimas Satria,2023,1,petugas resepsionis tidak menetapkan kartu baik2 perlu peningkatan kualitas,BUMN,Bintang 4,JakartaAirportHotelT2,negative,0.9958361387252808,Management & Policy Issues,Management & Policy Issues (0.44); Guest Experience (0.31); Pricing & Value for Money (0.21)
Surya Darma,2023,1,Sangat aman nyaman dan bagus pelayanan dari agen sampai keamanan nya,BUMN,Bintang 4,JakartaAirportHotelT2,positive,0.9989711046218872,Service Quality,Service Quality (1.00); Facilities & Amenities (0.99); Service Efficiency & Responsiveness (0.99)
Mira Bangalino,2025,1,buruk sekali pelayanannya sangat sangat buruk,BUMN,Bintang 4,JakartaAirportHotelT2,negative,0.9994667172431946,Guest Experience,Guest Experience (1.00); Check in/out Experience (0.77); Facilities & Amenities (0.67)
fahmi sabki,2020,1,Janjinya bisa diantar ke terminal 3 ternyata kendaraannya tidak ada,BUMN,Bintang 4,JakartaAirportHotelT2,neutral,0.9863941073417664,"Loyalty, Recommendation & Appreciation","Loyalty, Recommendation & Appreciation (0.85); Facilities & Amenities (0.77); Personalized & Special Services (0.76)"
Bondar Verticalvlog,2025,1,untuk jadwal penerbangan lebih di tingkatkan,BUMN,Bintang 4,JakartaAirportHotelT2,neutral,0.9947745203971863,Booking & Reservation Experience,"Booking & Reservation Experience (0.68); Loyalty, Recommendation & Appreciation (0.68); Service Efficiency & Responsiveness (0.64)"
Anjali Verma,2025,1,Mereka memberikan akses ke maskapai penerbangan yang tidak bertanggung jawab bagasi saya hilang,BUMN,Bintang 4,JakartaAirportHotelT2,negative,0.9258532524108887,Facilities & Amenities,Facilities & Amenities (0.91); Sustainability & Environmental Quality (0.72); Service Efficiency & Responsiveness (0.68)
depan belakang,2012,1,toiletnya super jorok kotor,BUMN,Bintang 4,JakartaAirportHotelT2,negative,0.9993871450424194,Facilities & Amenities,Facilities & Amenities (0.83); Service Quality (0.76); Booking & Reservation Experience (0.57)
Cahaya Lensa,2018,1,sarapan lelucon nyata dingin mengerikan harus memberikan anjing dengan 69 per malam,BUMN,Bintang 4,JakartaAirportHotelT2,negative,0.9961391091346741,Food & Beverage,Food & Beverage (0.88); Personalized & Special Services (0.74); Facilities & Amenities (0.71)
Brian Dickerson,2019,1,Kamar yang sudah tua tidak ada wifi dan AC yang baik,BUMN,Bintang 4,JakartaAirportHotelT2,negative,0.965362012386322,Facilities & Amenities,Facilities & Amenities (0.98); Digital Connectivity & Technology (0.93); Guest Experience (0.85)
Francisco Freitas soares (Sico jesus),2023,1,bagus tapi tempat untuk merokok kurang bagus,BUMN,Bintang 4,JakartaAirportHotelT2,negative,0.9929938912391663,Facilities & Amenities,Facilities & Amenities (0.74); Pricing & Value for Money (0.50); Management & Policy Issues (0.45)
fransisca ayu,2017,1,Rumah tangga nya ada yang galak serem,BUMN,Bintang 4,JakartaAirportHotelT2,negative,0.9910200238227844,Facilities & Amenities,Facilities & Amenities (0.57); Guest Experience (0.57); Management & Policy Issues (0.49)
MK SRINIVAS,2020,1,Tidak ada biaya untuk uang tidak ada restoran atau makan,BUMN,Bintang 4,JakartaAirportHotelT2,positive,0.9607261419296265,Facilities & Amenities,Facilities & Amenities (0.98); Pricing & Value for Money (0.89); Religious & Halal Features (0.82)
Yosuke Hori,2019,1,Tak dianjurkan staf resepsi yang buruk,BUMN,Bintang 4,JakartaAirportHotelT2,negative,0.968881368637085,Guest Experience,Guest Experience (0.98); Food & Beverage (0.87); Check in/out Experience (0.82)
herry harisman,2022,1,hotel terburuk dari segi apapun,BUMN,Bintang 4,JakartaAirportHotelT2,negative,0.9989336133003235,Guest Experience,Guest Experience (0.43); Pricing & Value for Money (0.40); Management & Policy Issues (0.33)
Eun Huh,2017,1,layanan buruk makanan yang buruk dan mahal,BUMN,Bintang 4,JakartaAirportHotelT2,negative,0.999228835105896,Guest Experience,Guest Experience (1.00); Pricing & Value for Money (1.00); Facilities & Amenities (0.99)
javier montesquieu,2023,1,Mereka tidak menjawab email.,BUMN,Bintang 4,JakartaAirportHotelT2,negative,0.9935930371284485,Sustainability & Environmental Quality,Sustainability & Environmental Quality (0.69); Safety & Security (0.65); Pricing & Value for Money (0.64)
mohd suhaimi,2019,1,jalan jauh capek,BUMN,Bintang 4,JakartaAirportHotelT2,negative,0.9982642531394958,Facilities & Amenities,Facilities & Amenities (0.72); Pricing & Value for Money (0.63); Sustainability & Environmental Quality (0.56)
Avtar Singh Aust,2021,1,Lokasi yang indah terbaik sarvic,BUMN,Bintang 4,JakartaAirportHotelT2,positive,0.9991729855537415,Facilities & Amenities,Facilities & Amenities (0.95); Ambience & Design (0.87); Cultural & Heritage Experience (0.86)
Eva Istiana,2021,1,petugas kurang ramah jutek,BUMN,Bintang 4,JakartaAirportHotelT2,negative,0.9991926550865173,Guest Experience,Guest Experience (0.71); Management & Policy Issues (0.51); Religious & Halal Features (0.47)
Jupri Mona,2023,1,Pelayanannya kurang bagus,BUMN,Bintang 4,JakartaAirportHotelT2,negative,0.9982472658157349,Guest Experience,Guest Experience (0.87); Management & Policy Issues (0.64); Pricing & Value for Money (0.55)
Budi Hermawan,2020,1,sepi,BUMN,Bintang 4,JakartaAirportHotelT2,positive,0.8043153882026672,Facilities & Amenities,"Facilities & Amenities (0.71); Cleanliness, Hygiene & Maintenance (0.66); Pricing & Value for Money (0.64)"
akun saya aman (R),2024,1,baik,BUMN,Bintang 4,JakartaAirportHotelT2,positive,0.9978875517845154,"Cleanliness, Hygiene & Maintenance","Cleanliness, Hygiene & Maintenance (0.93); Facilities & Amenities (0.91); Sustainability & Environmental Quality (0.80)"
Djunaedi Abdoellah,2022,1,"Oke, oke.",BUMN,Bintang 4,JakartaAirportHotelT2,neutral,0.7115470767021179,"Cleanliness, Hygiene & Maintenance","Cleanliness, Hygiene & Maintenance (0.86); Facilities & Amenities (0.79); Sustainability & Environmental Quality (0.70)"
Mohammad Jehani,2019,1,sarapan buruk,BUMN,Bintang 4,JakartaAirportHotelT2,negative,0.9992437362670898,Guest Experience,Guest Experience (0.72); Food & Beverage (0.60); Pricing & Value for Money (0.49)
HSINGYEN CHEN,2020,1,hanya lewat,BUMN,Bintang 4,JakartaAirportHotelT2,positive,0.5179920792579651,Pricing & Value for Money,Pricing & Value for Money (0.35); Guest Experience (0.31); Sustainability & Environmental Quality (0.29)
Diogo Oliveira,2025,1,Metro itu mengerikan yang terburuk yang pernah ada,BUMN,Bintang 4,JakartaAirportHotelT2,negative,0.9990432858467102,Facilities & Amenities,Facilities & Amenities (0.66); Ambience & Design (0.51); Pricing & Value for Money (0.48)
赤井智子,2020,1,hotelnya sulit ditemukan kamarnya jauh jadi sulit bawa koper dan harus kuat untuk sampai ke resepsionis hotel,BUMN,Bintang 4,JakartaAirportHotelT2,positive,0.7501168251037598,Facilities & Amenities,"Facilities & Amenities (0.83); Location, Accessibility & Parking (0.75); Guest Experience (0.74)"
Andrea Watzl,2025,1,Tidak tidak akan pernah lagi,BUMN,Bintang 4,JakartaAirportHotelT2,positive,0.5838723182678223,"Cleanliness, Hygiene & Maintenance","Cleanliness, Hygiene & Maintenance (0.77); Facilities & Amenities (0.75); Sustainability & Environmental Quality (0.67)"
Antoni Torras Llauradó,2024,1,Hotel yang sempurna untuk menghabiskan malam dan melupakan segalanya jika Anda tidak memiliki pilihan lain inilah yang Anda dapatkan,BUMN,Bintang 4,JakartaAirportHotelT2,positive,0.976518452167511,Guest Experience,Guest Experience (0.79); Facilities & Amenities (0.78); Booking & Reservation Experience (0.50)
신용건,2019,1,fasilitasnya buruk dan tidak ada udara panas saat mandi,BUMN,Bintang 4,JakartaAirportHotelT2,negative,0.9975630044937134,Facilities & Amenities,Facilities & Amenities (0.98); Guest Experience (0.90); Service Quality (0.89)
François Robichet,2017,1,Pelayanannya buruk dan bandaranya sangat kecil,BUMN,Bintang 4,JakartaAirportHotelT2,negative,0.9978225231170654,Guest Experience,Guest Experience (0.99); Facilities & Amenities (0.93); Check in/out Experience (0.89)
Suniar Wati,2024,1,memasok,BUMN,Bintang 4,JakartaAirportHotelT2,negative,0.9926793575286865,"Cleanliness, Hygiene & Maintenance","Cleanliness, Hygiene & Maintenance (0.84); Facilities & Amenities (0.74); Pricing & Value for Money (0.70)"
Josh Hixson,2025,2,Old run down hotel mandi tersumbat dan tirai retak tapi yang terpenting masuk terminal yang salah jadi jika penerbangan Anda awal trem ditutup dan ulang-alik hanya pada jam kami menemukan diri kita mencoba untuk bernegosiasi taksi 300 0 rupee hanya 10 menit waktu perjalanan,BUMN,Bintang 4,JakartaAirportHotelT2,negative,0.9931018352508545,Facilities & Amenities,"Facilities & Amenities (0.99); Location, Accessibility & Parking (0.87); Pricing & Value for Money (0.86)"
S Smith,2023,2,Kamar pertama yang saya diberikan masuk perbaikan buruk AC tetes air di lantai pintu di lemari hampir jatuh ada retakan dll masuk dinding lemari pintu hampir jatuh dan tidak akan menutup sepenuhnya meninggalkan cahaya di bahwa saya tidak bisa mematikan dan yang terburuk dari semua mandi tidak akan mengalir saya mengeluh dan staf datang masuk untuk memperbaikinya dan menemukan pelukan dan super menjijikkan klump rambut dan saya tidak tahu apa lagi menyumbat saluran pembuangan saya benar-benar kotor keluar namun begitu mereka menempatkan saya masuk kamar yang berbeda semuanya,BUMN,Bintang 4,JakartaAirportHotelT2,negative,0.9994251728057861,Facilities & Amenities,Facilities & Amenities (0.95); Complaint Handling & Service Recovery (0.82); Check in/out Experience (0.80)
Katherine Nguyen,2025,2,layanan resepsi sangat miskin wanita menangani proses checkout berbicara bahasa inggris sangat miskin mereka bekerja super lambat dan bahkan tidak berbicara satu sama lain bahkan memberikan mereka informasi lengkap dengan catatan dan menjelaskan sepenuhnya ketika memeriksa masuk tetapi mereka membuat kesalahan dan tidak membetulkan pada waktunya mereka tidak mampu dan tidak bertanggung jawab toilet terjebak layanan buruk dan lambat di mana-mana di sini,BUMN,Bintang 4,JakartaAirportHotelT2,negative,0.999346911907196,Check in/out Experience,Check in/out Experience (0.99); Guest Experience (0.99); Staff Conduct & Hospitality (0.87)
Samuel Vartek,2024,2,Lokasi yang bagus tepat di bandara untuk menginap malam kamar kecil tapi baik masalah saya adalah wifi yang merangkak lambat dan saya harus bekerja dan mengunggah file staf tidak membantu mereka mengirim seorang teknisi yang mengatakan mereka harus memiliki seluruh bandara restart modem percaya mereka saya tinggal di atas malam mengunggah dan tidak membuatnya takut pekerjaan saya saya pergi ke bandara tepat di sebelah dan internet ada super cepat tapi staf di hotel mengatakan mereka berbagi bandara wifi tapi tidak semua yang harus saya lakukan adalah mengunjungi warung kopi masuk bandara untuk mendapatkan wifi,BUMN,Bintang 4,JakartaAirportHotelT2,negative,0.9840857982635498,Service Quality,Service Quality (0.85); Guest Experience (0.81); Facilities & Amenities (0.78)
Trevor Robinson,2021,2,Pro lokasi lokasi lokasi tempat tidur besar kons tidak ada lift atau akses untuk kursi roda tidak ada kecoa air panas masuk kamar mandi rusak power socket pengering rambut tidak ruang kerja membutuhkan restoran bersih yang tepat ditutup di bawah rata-rata 3 bintang hotel dan masuk sangat membutuhkan facelift,BUMN,Bintang 4,JakartaAirportHotelT2,positive,0.7803930044174194,Facilities & Amenities,"Facilities & Amenities (0.98); Service Quality (0.95); Location, Accessibility & Parking (0.86)"
Puguh Waluyo,2023,2,Jika tidak ada kamar merokok setidaknya dikasih tempat khusus untuk merokok siaran TV cuma dikit kamar mandi sempit banget pernah pesan satu tempat tidur dikasihnya tempat tidur ganda,BUMN,Bintang 4,JakartaAirportHotelT2,negative,0.9134355783462524,Facilities & Amenities,Facilities & Amenities (0.91); Booking & Reservation Experience (0.82); Service Quality (0.73)
Shaiful Jihad,2020,2,Yang sangat menarik dan spesial dari hotel ini adalah lokasinya terletak di dalam terminal 2 bandara soekarno hatta anda tidak perlu khawatir ketinggalan pesawat bila menginap di hotel ini jam berapapun jadwal boarding anda anda anda tinggal keluar kamar berjalan kaki menuju ruang tunggu lalu lepaskan keterbatasan kamar yang tersedia dengan tingkat penggemar sangat banyak tidak memungkinkan kita untuk pergi untuk menunjukkan untuk mendapatkan kamar biasa kita harus memesan terlebih dahulu,BUMN,Bintang 4,JakartaAirportHotelT2,positive,0.9960781931877136,Service Efficiency & Responsiveness,"Service Efficiency & Responsiveness (0.96); Location, Accessibility & Parking (0.91); Facilities & Amenities (0.89)"
Z,2024,2,Sebuah kasur hotel tulang sangat telanjang murah dan fasilitas kamar mandi adalah dari hotel 1 bintang Aku hanya menghabiskan malam singkat di sini dan melewatkan sarapan karena tidak terlihat baik Aku tidak akan menyebutnya nilai besar,BUMN,Bintang 4,JakartaAirportHotelT2,negative,0.7124389410018921,Facilities & Amenities,"Facilities & Amenities (0.99); Guest Experience (0.90); Cleanliness, Hygiene & Maintenance (0.87)"
Adam Wise,2019,2,Keuntunganya hanya karena ada bandara terminal saja selebihnya tidak ada yang menarik resepsi ngga ramah sarapan kaya hotel melati tidak ada fasilitas,BUMN,Bintang 4,JakartaAirportHotelT2,negative,0.9934924244880676,Guest Experience,Guest Experience (0.79); Food & Beverage (0.78); Sustainability & Environmental Quality (0.56)
stephen Soparo,2024,2,sangat over-harga tidak makanan yang baik dekat dengan kamar lama staf adalah untuk mengambil uang,BUMN,Bintang 4,JakartaAirportHotelT2,negative,0.9957899451255798,Pricing & Value for Money,Pricing & Value for Money (0.99); Guest Experience (0.87); Food & Beverage (0.83)
Kiely Faroe,2020,2,Jangan berharap stafnya sangat tidak ramah kamarnya tidak bagus jika Anda memiliki beristirahat masuk jakarta itu tidak buruk,BUMN,Bintang 4,JakartaAirportHotelT2,negative,0.9349424839019775,Guest Experience,Guest Experience (0.99); Service Quality (0.97); Check in/out Experience (0.92)
Matthew Makimian,2023,2,Ini hotel yang baik tidak terlalu menyukai hotel seperti ini tapi sangat bagus untuk perjalanan yang tidak direncanakan,BUMN,Bintang 4,JakartaAirportHotelT2,positive,0.9935740828514099,Guest Experience,Guest Experience (0.88); Facilities & Amenities (0.83); Room Quality & Comfort (0.67)
Roby Abisiswandi,2024,2,Ya bandara jakarta bagus dan memperluas sampai terminal pohon,BUMN,Bintang 4,JakartaAirportHotelT2,positive,0.9978325963020325,Facilities & Amenities,Facilities & Amenities (0.99); Ambience & Design (0.95); Sustainability & Environmental Quality (0.95)
Kiakiokiko Kiasatina,2020,2,Bleh rasanya rasa cappuccino instan sekali untuk pertama dan terakhir,BUMN,Bintang 4,JakartaAirportHotelT2,positive,0.9906488060951233,Food & Beverage,Food & Beverage (0.85); Booking & Reservation Experience (0.67); Religious & Halal Features (0.67)
Wahyuni Poppy,2023,2,respon lambat whatsapp dan telepon hotel padahal sudah di whatsapp bolak balik,BUMN,Bintang 4,JakartaAirportHotelT2,negative,0.9985979199409485,Digital Connectivity & Technology,Digital Connectivity & Technology (0.67); Facilities & Amenities (0.56); Complaint Handling & Service Recovery (0.45)
abdul latif,2025,2,enak dekat b andara,BUMN,Bintang 4,JakartaAirportHotelT2,positive,0.9994261264801025,Facilities & Amenities,"Facilities & Amenities (0.90); Food & Beverage (0.87); Cleanliness, Hygiene & Maintenance (0.86)"
H. A. Agustiansjah,2018,2,AC tidak bekerja dengan baik dua kali akomodasi mendapat kondisi yang sama,BUMN,Bintang 4,JakartaAirportHotelT2,negative,0.9970388412475586,Facilities & Amenities,Facilities & Amenities (0.90); Guest Experience (0.88); Check in/out Experience (0.68)
TRANSPORTIER DDG,2024,2,Masih belum bisa kelola taksi,BUMN,Bintang 4,JakartaAirportHotelT2,neutral,0.6973915696144104,Management & Policy Issues,Management & Policy Issues (0.66); Religious & Halal Features (0.34); Safety & Security (0.32)
Kosbal Lumban Gaol,2020,2,Cukup membingungkan karena pekwrjaan terminal 1c,BUMN,Bintang 4,JakartaAirportHotelT2,negative,0.9838162064552307,Digital Connectivity & Technology,Digital Connectivity & Technology (0.51); Facilities & Amenities (0.43); Pricing & Value for Money (0.38)
haryono bijawangsa,2024,2,biasa saja,BUMN,Bintang 4,JakartaAirportHotelT2,negative,0.992603600025177,"Cleanliness, Hygiene & Maintenance","Cleanliness, Hygiene & Maintenance (0.80); Facilities & Amenities (0.64); Pricing & Value for Money (0.54)"
deni hidayat Farm,2022,2,Tidak ada kamar perokok,BUMN,Bintang 4,JakartaAirportHotelT2,positive,0.9763544797897339,Family & Group Friendly,Family & Group Friendly (0.91); Service Quality (0.91); Facilities & Amenities (0.88)
Dwi Puspo Handoyo,2013,2,bandara internasional apa bandara tradisional,BUMN,Bintang 4,JakartaAirportHotelT2,positive,0.8027389049530029,Cultural & Heritage Experience,"Cultural & Heritage Experience (0.49); Facilities & Amenities (0.18); Location, Accessibility & Parking (0.11)"
WIDJI UTAMI,2019,2,Buat aku mahal mahal hehehehe,BUMN,Bintang 4,JakartaAirportHotelT2,negative,0.9979661703109741,Pricing & Value for Money,Pricing & Value for Money (0.91); Personalized & Special Services (0.57); Sustainability & Environmental Quality (0.51)
Patrick Jones,2018,2,Setidaknya mereka punya stand espresso baru,BUMN,Bintang 4,JakartaAirportHotelT2,neutral,0.995027482509613,Facilities & Amenities,Facilities & Amenities (0.92); Food & Beverage (0.83); Sustainability & Environmental Quality (0.61)
Steven Lim,2019,2,turis susah menemukan tempat,BUMN,Bintang 4,JakartaAirportHotelT2,negative,0.9938855767250061,Facilities & Amenities,"Facilities & Amenities (0.70); Location, Accessibility & Parking (0.53); Sustainability & Environmental Quality (0.52)"
Abdi Gunawan,2024,2,kamar sempit tapi mahal,BUMN,Bintang 4,JakartaAirportHotelT2,positive,0.9798216819763184,Pricing & Value for Money,Pricing & Value for Money (0.94); Facilities & Amenities (0.90); Guest Experience (0.77)
Takashi Hiruta,2022,2,Tidak begitu baik masuk fasilitas hotel,BUMN,Bintang 4,JakartaAirportHotelT2,negative,0.9986481070518494,Facilities & Amenities,Facilities & Amenities (0.74); Guest Experience (0.65); Check in/out Experience (0.63)
Ardi Wilson,2023,2,tidak lagi dikelola oleh topotels dan di mana topotels,BUMN,Bintang 4,JakartaAirportHotelT2,negative,0.5451759099960327,Religious & Halal Features,Religious & Halal Features (0.17); Management & Policy Issues (0.15); Digital Connectivity & Technology (0.15)
Cosmas W,2020,2,Terminal 1 dan 2 sangat tua,BUMN,Bintang 4,JakartaAirportHotelT2,negative,0.9483805298805237,Facilities & Amenities,"Facilities & Amenities (0.88); Pricing & Value for Money (0.76); Cleanliness, Hygiene & Maintenance (0.63)"
Budi Medan Cell,2019,2,biasa biasa saja,BUMN,Bintang 4,JakartaAirportHotelT2,negative,0.9915565252304077,"Cleanliness, Hygiene & Maintenance","Cleanliness, Hygiene & Maintenance (0.64); Pricing & Value for Money (0.55); Facilities & Amenities (0.53)"
Ade Mulyana,2022,2,tempatnya,BUMN,Bintang 4,JakartaAirportHotelT2,positive,0.9991076588630676,Facilities & Amenities,"Facilities & Amenities (0.95); Cleanliness, Hygiene & Maintenance (0.85); Sustainability & Environmental Quality (0.70)"
Andy Syahar,2023,2,lumayan,BUMN,Bintang 4,JakartaAirportHotelT2,positive,0.9958822727203369,Facilities & Amenities,"Facilities & Amenities (0.79); Pricing & Value for Money (0.75); Cleanliness, Hygiene & Maintenance (0.74)"
Ignasi PJ,2023,2,Wifi adalah suatu malu,BUMN,Bintang 4,JakartaAirportHotelT2,negative,0.9183504581451416,Digital Connectivity & Technology,Digital Connectivity & Technology (0.81); Religious & Halal Features (0.15); Service Quality (0.12)
Ahmad Habibi,2024,2,tidak yakin,BUMN,Bintang 4,JakartaAirportHotelT2,negative,0.998714804649353,Facilities & Amenities,"Facilities & Amenities (0.68); Cleanliness, Hygiene & Maintenance (0.55); Sustainability & Environmental Quality (0.53)"
DSI,2022,2,"Oke, oke.",BUMN,Bintang 4,JakartaAirportHotelT2,neutral,0.7127070426940918,"Cleanliness, Hygiene & Maintenance","Cleanliness, Hygiene & Maintenance (0.86); Facilities & Amenities (0.79); Sustainability & Environmental Quality (0.70)"
Ulle dCanna,2020,2,"Oke, oke.",BUMN,Bintang 4,JakartaAirportHotelT2,neutral,0.7127070426940918,"Cleanliness, Hygiene & Maintenance","Cleanliness, Hygiene & Maintenance (0.86); Facilities & Amenities (0.79); Sustainability & Environmental Quality (0.70)"
Taro Yamada,2019,2,"Oke, oke.",BUMN,Bintang 4,JakartaAirportHotelT2,neutral,0.7127070426940918,"Cleanliness, Hygiene & Maintenance","Cleanliness, Hygiene & Maintenance (0.86); Facilities & Amenities (0.79); Sustainability & Environmental Quality (0.70)"
mansuri shaheryar,2018,2,Toyota dan lainnya,BUMN,Bintang 4,JakartaAirportHotelT2,neutral,0.941342830657959,Pricing & Value for Money,"Pricing & Value for Money (0.59); Cleanliness, Hygiene & Maintenance (0.54); Sustainability & Environmental Quality (0.53)"
Mercy E,2025,2,fungsional namun tidak direkomendasikan kami menginap sebentar di hotel ini selama sekitar 6 jam untuk menyegarkan diri setelah perjalanan 20 jam sebelum melanjutkan perjalanan selama 24 jam meskipun kami membayar harga untuk menginap semalam penuh kami merasa tidak diperlakukan dengan baik secara keseluruhan resepsionis awalnya mengizinkan kami memeriksa masuk lebih awal tetapi 10 menit kemudian saya menelepon kami untuk memberi tahu bahwa akan ada biaya tambahan ia bisa saja memberikan informasi ini segera saat memeriksa masuk yang akan menghemat kerumitan yang tidak perlu pelayanannya juga kurang ketika saya meminta tangan ketiga saya mengalami kesulitan yang tidak perlu kamar hanya menyediakan tangan dua kali dan keset kamar mandi jelas tidak cukup,BUMN,Bintang 4,JakartaAirportHotelT2,negative,0.9980567097663879,Guest Experience,Guest Experience (0.87); Check in/out Experience (0.76); Pricing & Value for Money (0.69)
Seungjoon Park (박승준),2023,2,kelebihan terletak di dalam bandara layanan antar jemput gratis tersedia kapan saja kekurangan pintu masuknya hanya tangga jadi anda harus membawa barang bawaan yang berat sarapannya kurang enak anda bisa mendengar suara pesawat dengan sangat jelas kondisi kamar kurang baik harganya kurang terjangkau saya jarang membaca email pesan saja hotel bintang 3 lainnya di luar bandara,BUMN,Bintang 4,JakartaAirportHotelT2,negative,0.8491929173469543,"Location, Accessibility & Parking","Location, Accessibility & Parking (0.78); Service Quality (0.74); Facilities & Amenities (0.74)"
Claudia,2025,2,kamarnya sangat bagus di sini kami mendapat dua tempat tidur ratu tidak ada suara pesawat layanan antar jemput gratis stafnya sangat ramah sarapan disajikan mulai pukul 03 00,BUMN,Bintang 4,JakartaAirportHotelT2,positive,0.9989258646965027,Facilities & Amenities,Facilities & Amenities (0.99); Room Quality & Comfort (0.99); Service Quality (0.98)
T Iu,2020,2,dengan rute narita dan haneda yang sekarang berada di terminal 3 hotel di terminal 2 ini menjadi sedikit kurang nyaman namun letaknya tepat setelah turun dari skytrain jadi masih cukup berguna karena bandaranya panjang dan sempit kamar kamar di ujung agak repot untuk berjalan kaki kamarnya biasa saja bersih dan bagus namun ada beberapa detail kecil yang mengganggu saya seperti mengering rambut di kamar yang rusakannya mengecewakan ada pojok makan roti gratis di pagi hari tutup tapi untuk penerbangan pagi ada banyak restoran di bandara setelah pemeriksaan keamanan tetapi sangat sedikit yang ada di luar jadi mungkin sulit untuk menemukannya di pagi hari saya juga menggunakannya sebagai tempat beristirahat setelah,BUMN,Bintang 4,JakartaAirportHotelT2,negative,0.7673240900039673,Facilities & Amenities,Facilities & Amenities (0.95); Service Quality (0.90); Food & Beverage (0.85)
Lorena Navarro Carmona,2019,2,kamarnya lumayan tapi agak mahal untuk fasilitasnya apalagi mengingat harga di jawa anda harus membayar untuk menginap di bandara karena sarapan tidak termasuk seharga 70 per malam kami memilih menginap di sini karena penerbangan pagi ke yogyakarta keesokan harinya tapi yang kami tidak tahu adalah lokasi di terminal yang berbeda jadi kami harus bepergian sendiri meskipun hotel menawarkan layanan antar jemput gratis jadi kami senang dengan itu tidak ada lift jadi jika koper harus naik beberapa tangga anak saya tempat tidurnya cukup nyaman dan ada ac yang lumayan bagus di jakarta karena cuaca cukup panas,BUMN,Bintang 4,JakartaAirportHotelT2,positive,0.8770955801010132,Facilities & Amenities,"Facilities & Amenities (0.98); Pricing & Value for Money (0.98); Location, Accessibility & Parking (0.93)"
山田一郎,2022,2,saya hanya tinggal sekitar 7 jam jadi tidak masalah tapi perlu diketahui bahwa tidak ada sabun mandi cair yang ada hanyalah sabun padat kata sandi wi fi dimulai dengan huruf kapital kulkasnya tidak dingin jadi sebaiknya suhunya dinaikkan ke maksimum,BUMN,Bintang 4,JakartaAirportHotelT2,negative,0.34759610891342163,Facilities & Amenities,Facilities & Amenities (0.77); Digital Connectivity & Technology (0.76); Service Quality (0.65)
39MOTOR,2024,2,Hotel ini terhubung langsung ke bandara fasilitasnya sudah tua,BUMN,Bintang 4,JakartaAirportHotelT2,negative,0.6811828017234802,Facilities & Amenities,Facilities & Amenities (0.84); Sustainability & Environmental Quality (0.76); Service Quality (0.68)
이은경,2019,2,Anda tidak boleh ceroboh atau lalai terhadap keselamatan,BUMN,Bintang 4,JakartaAirportHotelT2,positive,0.9925663471221924,Safety & Security,"Safety & Security (0.97); Cleanliness, Hygiene & Maintenance (0.46); Religious & Halal Features (0.40)"
최준호,2021,2,murah dan dekat bandara itu saja,BUMN,Bintang 4,JakartaAirportHotelT2,positive,0.9555575847625732,Pricing & Value for Money,Pricing & Value for Money (0.95); Facilities & Amenities (0.91); Sustainability & Environmental Quality (0.81)
A71,2024,2,pilihan yang bagus,BUMN,Bintang 4,JakartaAirportHotelT2,positive,0.9979345798492432,"Cleanliness, Hygiene & Maintenance","Cleanliness, Hygiene & Maintenance (0.94); Facilities & Amenities (0.94); Sustainability & Environmental Quality (0.89)"
ary sugiharto,2022,2,Hai,BUMN,Bintang 4,JakartaAirportHotelT2,positive,0.9882970452308655,"Cleanliness, Hygiene & Maintenance","Cleanliness, Hygiene & Maintenance (0.92); Facilities & Amenities (0.90); Religious & Halal Features (0.76)"
Ed Delaporte,2026,3,kamar tidur satu malam bersih dan menunjukkan tidak ada tanda-tanda bed bug infestasi staff bel sangat membantu di atas layanan sarapan adalah besar tuan rumah wanita muda yang ramah membantu dan menarik ke bawah benar-benar tidak ada air panas mandi dingin tidak mengganggu saya banyak saya tumbuh dengan mandi dingin namun jika Anda menikmati mandi hangat ke panas ini bukan hotel Anda,BUMN,Bintang 4,JakartaAirportHotelT2,positive,0.9976842403411865,Staff Conduct & Hospitality,Staff Conduct & Hospitality (0.99); Facilities & Amenities (0.99); Service Efficiency & Responsiveness (0.98)
Darryl Chew,2025,3,tempat yang cocok untuk menginap jika Anda memiliki penerbangan yang menghubungkan untuk menangkap kamar bersih dan mudah untuk sampai mereka juga memiliki area penyimpanan di mana Anda dapat meninggalkan bagasi Anda tidak perlu digunakan selama Anda tinggal,BUMN,Bintang 4,JakartaAirportHotelT2,positive,0.9990354776382446,Facilities & Amenities,"Facilities & Amenities (0.98); Service Quality (0.97); Cleanliness, Hygiene & Maintenance (0.95)"
Ira Alamsyah,2025,3,Jika Anda telah mendapat pukulan penerbangan fajar dan tidak membayangkan sebuah maraton pagi melalui bandara tempat ini adalah penyelamat hidup Anda kami memesan untuk satu malam sebelum penerbangan umrah kami melalui terminal haji dan tinggal di kanan masuk terminal 2d adalah total game changer hanya berjalan kaki singkat untuk memeriksa masuk kamar tidak ada mewah dekorasi adalah tanggal tapi tempat tidur nyaman dan semuanya bersih traktir nyata adalah jendela yang menghadap landasan besar akan merasa seperti anak-anak lagi menonton pesawat berputar dengan sarapan dimulai pada jam 3 pagi dan memiliki lebih banyak variasi daripada yang Anda harapkan i,BUMN,Bintang 4,JakartaAirportHotelT2,positive,0.997892439365387,Service Quality,"Service Quality (0.99); Facilities & Amenities (0.99); Cleanliness, Hygiene & Maintenance (0.98)"
Hin,2025,3,Tempat tidur dan handuk bersih dan masuk kondisi yang baik tapi air panas tidak benar-benar panas dan kamar mandi dan toilet tidak terlalu bersih lokasi terbaik untuk penerbangan pagi juga sarapan adalah mengerikan,BUMN,Bintang 4,JakartaAirportHotelT2,negative,0.9982886910438538,Facilities & Amenities,"Facilities & Amenities (0.99); Cleanliness, Hygiene & Maintenance (0.99); Service Quality (0.92)"
Alwi Dahlan,2025,3,Parkiran nya tidak bersahabat mahal nguras kantong buat driver travel sama bus pariwisata,BUMN,Bintang 4,JakartaAirportHotelT2,negative,0.9990443587303162,"Location, Accessibility & Parking","Location, Accessibility & Parking (0.99); Pricing & Value for Money (0.93); Facilities & Amenities (0.87)"
CJ,2025,3,WLpn saya pesan sarapan Amerika saat memeriksa masuk ternyata saat memeriksa keluar tidak ada mba yang bertugas d depan mngkn lupa uang ternyata wLpn termaduk d harga tidak ada jamin bisa bnr2 saya bisa sangat kecewa dengan jamarta bandara hotel dulu saya tinggal d situ 2 3 tahun tapi saya akan opsi nyari yang lain,BUMN,Bintang 4,JakartaAirportHotelT2,negative,0.9987357258796692,Pricing & Value for Money,Pricing & Value for Money (0.80); Food & Beverage (0.77); Check in/out Experience (0.77)
Heidi Fisher,2025,3,Jika Anda harus menghabiskan malam masuk jakarta ini adalah tempat yang sangat nyaman untuk tinggal kamar cukup bersih tapi meskipun kita tidak merokok sisi Anda masih bisa mencium bau asap Anda juga bisa mendengar pengumuman penerbangan sepanjang malam kita hanya ada 7 jam antara penerbangan dan itu cukup senang memiliki tempat untuk tidur tapi itu adalah tempat terburuk kami tinggal masuk beberapa minggu kami bepergian dan mereka benar-benar perlu berinvestasi masuk handuk baru,BUMN,Bintang 4,JakartaAirportHotelT2,positive,0.9552046060562134,Service Quality,Service Quality (0.88); Facilities & Amenities (0.78); Room Quality & Comfort (0.70)
Michael D.,2025,3,Tempat ini dianjurkan hotel tidak memiliki lift Anda dapat dengan mudah mencapai terminal atau kereta dari hotel kamar-kamarnya sederhana udara sudah usang jendela tidak dapat dibuka untuk alasan keamanan sarapan tidak bisa ditawarkan kepada saya meskipun saya memesan dan membayar untuk kamar untuk satu hari,BUMN,Bintang 4,JakartaAirportHotelT2,negative,0.9080691933631897,Booking & Reservation Experience,Booking & Reservation Experience (0.93); Safety & Security (0.92); Facilities & Amenities (0.85)
L T,2025,3,lokasi yang nyaman terletak di dalam terminal 2 dan terhubung oleh layanan kereta ulang tahun antara terminal namun akses melalui penerbangan tangga diikuti oleh eskalator jika Anda memiliki bagasi berat ini bisa menantang meskipun ada semacam sabuk pengangkut untuk membawa bagasi ke atas tetapi tidak beroperasi ketika kita sampai di sana dan tidak ada porter masuk pemandangan juga untuk membantu layanan ramah masuk layanan umum sarapan dimulai pada pukul 3 pagi yang luar biasa untuk penerbangan awal makanan adalah rata-rata tambah besar adalah layanan ulang tahun bandara ke terminal lain hanya memesan dan bertanya di ruang resepsi tanggal furnished,BUMN,Bintang 4,JakartaAirportHotelT2,positive,0.998275876045227,Service Quality,Service Quality (0.73); Facilities & Amenities (0.70); Guest Experience (0.64)
Amy Toi,2024,3,Hotel Jakarta bandara selama satu malam sebelum menangkap penerbangan pagi hari berikutnya sementara hotel cukup dasar dan masuk kebutuhan beberapa renovasi keramahan staf dan membantu membuat tinggal dapat ditanggung kamar sendiri sedikit tanggal dengan perabot yang usang dan kurangnya fasilitas modern seperti pengering rambut atau besi peti masuk kamar saya juga rusak dan toilet flush cukup lemah,BUMN,Bintang 4,JakartaAirportHotelT2,negative,0.9951947331428528,Staff Conduct & Hospitality,Staff Conduct & Hospitality (1.00); Facilities & Amenities (1.00); Service Quality (0.99)
Kitty Lakatos,2024,3,Pro sangat ramah dan sopan staf kamar bersih tempat tidur nyaman pemandangan luar biasa pilihan sarapan terbatas tapi makanan yang lezat kontra sangat mengganggu untuk membawa tas di tangga tepi handuk menggosok kulkas membutuhkan pemeliharaan karena tidak bekerja dengan benar,BUMN,Bintang 4,JakartaAirportHotelT2,positive,0.8013882637023926,"Cleanliness, Hygiene & Maintenance","Cleanliness, Hygiene & Maintenance (0.99); Facilities & Amenities (0.99); Room Quality & Comfort (0.98)"
Henk Smit,2024,3,Saya berada di sini untuk tinggal singkat antara penerbangan menghubungkan saya nyaman bahwa itu di bandara tapi sisanya begitu jadi kamar mandi baik dan bersih tapi tua itu bising masuk kamar Anda van mendengar pengumuman bandara lain kali dengan waktu singkat masuk antara saya mungkin pergi lagi tapi dengan sedikit lebih waktu saya akan mengemudi ke hotel yang lebih modern atau mungkin menemukannya di bandara masuk terminal yang berbeda,BUMN,Bintang 4,JakartaAirportHotelT2,negative,0.9842945337295532,Facilities & Amenities,"Facilities & Amenities (1.00); Cleanliness, Hygiene & Maintenance (0.99); Service Quality (0.98)"
archie fleay,2024,3,Hotel tata letak membuat sedikit sulit untuk berjalan ke atas tangga tapi staf yang baik untuk membantu dengan bagasi kamar terlalu hangat lama saat check masuk membutuhkan waktu untuk kamar untuk mendinginkan dari kulkas kondisinya bekerja baik menjaga makanan dan minuman dingin tidur damai dan tenang ketika tidak ada penerbangan yang terjadi,BUMN,Bintang 4,JakartaAirportHotelT2,positive,0.9976245760917664,Facilities & Amenities,Facilities & Amenities (1.00); Service Efficiency & Responsiveness (1.00); Staff Conduct & Hospitality (1.00)
Simon Proudman,2024,3,lokasi adalah kunci untuk hotel ini di antara area kedatangan dan keberangkatan dari terminal 2 bertepatan kamar tapi cukup tenang masalah terbesar adalah kurangnya lift atau eskalator hanya banyak langkah dan ramp curam untuk menyeret bagasi Anda ke atas atau ke bawah yang tidak ideal jika Anda memiliki beberapa tas,BUMN,Bintang 4,JakartaAirportHotelT2,positive,0.9318335652351379,"Location, Accessibility & Parking","Location, Accessibility & Parking (0.99); Facilities & Amenities (0.96); Service Quality (0.62)"
Waqar Ali Gill,2025,3,lokasi yang sangat bingung itu di terminal 2 gerbang 4 dan semua penerbangan internasional mendarat di terminal 1 dari T1 ke T2 Anda membutuhkan taksi yang akan mengenakan biaya antara 10 sampai 20 dan 20 menit sopir yang berhati-hati juga tidak baik dan sangat rumit hotel tua dan kamar kecil juga sangat kecil,BUMN,Bintang 4,JakartaAirportHotelT2,negative,0.997880220413208,Pricing & Value for Money,"Pricing & Value for Money (0.85); Location, Accessibility & Parking (0.79); Facilities & Amenities (0.69)"
Sintia Dewi,2025,3,kmrn nginep disni ditanggal 31 jan 1 feb cuci wajah ketinggalan dikamar mandi saat ditnny tgl 2 feb katanya tidak ada di hilang dan ditemukan aneh bngt padahal sblm bepergian nginep dsni terakhir tolonh diperbaiki untuk layanan biar lebih ramah2 jg tanya masalah apa agak jutek terimakasih,BUMN,Bintang 4,JakartaAirportHotelT2,negative,0.9924362301826477,Service Quality,Service Quality (0.93); Guest Experience (0.88); Check in/out Experience (0.75)
bliss Song,2024,3,Waktu tunggu di terminal 2 terlalu lama jadi saya menggunakan restoran tidak menggunakan tempat masuk terminal 2 untuk digunakan lewat malam saya tidak melihat kamar restoran itu bersih dan ramah tapi bau seperti rokok karena terhubung ke area merokok,BUMN,Bintang 4,JakartaAirportHotelT2,negative,0.782065212726593,Facilities & Amenities,"Facilities & Amenities (0.89); Service Quality (0.89); Cleanliness, Hygiene & Maintenance (0.85)"
galoeh adhiesetyo,2021,3,Saya masuk kamar nomor 11 kamar jauh dari resepsionis jalan pintas saya pikir lebih baik untuk mempercepat akses ke kamar dengan jumlah kecil Anda akan merasa masuk hotel lama karena furnitur adalah gaya vintage handuk itu buruk tepi handuk itu hancur hotel akan memberikan kualitas handuk itu benar-benar kecewa kamar tidur itu benar-benar besar cinta itu,BUMN,Bintang 4,JakartaAirportHotelT2,negative,0.9983054399490356,Guest Experience,Guest Experience (0.22); Facilities & Amenities (0.17); Check in/out Experience (0.14)
Regina,2021,3,Ini pertama kalinya saya menginap di hotel ini saya menginap di sini karena pihak maskapai menjadwal ulang penerbangan saya secara sepihak tanpa pemberitahuan apapun yang saya bisa,BUMN,Bintang 4,JakartaAirportHotelT2,negative,0.6821020245552063,Booking & Reservation Experience,Booking & Reservation Experience (0.71); Management & Policy Issues (0.68); Sustainability & Environmental Quality (0.68)
Michael Myers,2023,3,Kons sedikit berbeda dari bagaimana itu digambarkan masuk itu iklan online di mana itu dibuat untuk menjadi modern dan chic secara tidak sengaja pergi ke hotel yang bagus masuk terminal internasional pertama dan ketika saya tiba di sini itu sedikit,BUMN,Bintang 4,JakartaAirportHotelT2,negative,0.7688579559326172,Digital Connectivity & Technology,Digital Connectivity & Technology (0.75); Facilities & Amenities (0.64); Ambience & Design (0.62)
Superdumpling Photos,2018,3,Kamarnya cukup baik untuk transit malam sekitar 1 pagi kami terbangun dengan suara tembak dari luar kami memanggil resepsi dan segera dipindahkan ke kamar lain,BUMN,Bintang 4,JakartaAirportHotelT2,positive,0.6274941563606262,Room Quality & Comfort,Room Quality & Comfort (0.93); Service Quality (0.93); Check in/out Experience (0.92)
Kevin,2020,3,itu oke untuk kamar malam kecil tapi seperti yang saya katakan oke untuk malam sangat nyaman jika Anda memiliki penerbangan awal jadi Anda tidak perlu berurusan dengan lalu lintas karena bisa memakan waktu 16 jam untuk sampai ke mana masuk jakarta kadang,BUMN,Bintang 4,JakartaAirportHotelT2,positive,0.922663688659668,Room Quality & Comfort,Room Quality & Comfort (1.00); Facilities & Amenities (0.99); Service Efficiency & Responsiveness (0.92)
Emilie Greenhalgh,2023,3,Kamarnya layak untuk harga dan mereka akan memberi Anda setengah hari untuk berlama-lama berlama-lama namun burger yang kami pesan adalah tidak dapat dimakan roti tua dan patty kecil dengan potongan-potongan misteri daging,BUMN,Bintang 4,JakartaAirportHotelT2,negative,0.9079203009605408,Facilities & Amenities,Facilities & Amenities (1.00); Pricing & Value for Money (0.99); Guest Experience (0.98)
Elz,2023,3,Karena posisi panik bingung mau nginap dimana sudah malam juga tanyain sama petugas cs terminal 2 dimana posisi hotel bandara dikasih petunjuk posisi hotel letaknya sebelah kiri dari pintu keluar depan pos polisi tapi sayangnya tidak,BUMN,Bintang 4,JakartaAirportHotelT2,negative,0.7386609315872192,Booking & Reservation Experience,Booking & Reservation Experience (0.61); Management & Policy Issues (0.60); Safety & Security (0.47)
Christophe Stevens,2019,3,Itu baik-baik saja dan menyenangkan untuk melihat pesawat dari kamar layanan baik-baik saja tanpa menjadi super masuk pagi kami memiliki layanan ulang-alik dan jam mereka 5 menit di depan yang menghasilkan banyak stres mereka mengatakan bahwa kita terlambat dan kita harus lari untuk pergi ke ulang-alik,BUMN,Bintang 4,JakartaAirportHotelT2,negative,0.9447420835494995,Facilities & Amenities,Facilities & Amenities (1.00); Guest Experience (0.99); Service Quality (0.99)
CMChina遣使會,2020,3,sebagai hotel transit cukup bagus namun kebersihan dan koridor kurang terang handuknya sudah terlalu tua menggunakan dan terkesan kotor kurang higienis aroma kamar juga kurang sedap sekat antar kamar kurang kedap suara sehingga suara kamar awbelah terdengar jelas dan mengganggu,BUMN,Bintang 4,JakartaAirportHotelT2,negative,0.9901387691497803,Facilities & Amenities,"Facilities & Amenities (0.89); Service Quality (0.66); Cleanliness, Hygiene & Maintenance (0.42)"
Dave Andrew,2019,3,lokasi yang bagus tepat di terminal 2 kamar memiliki pemandangan ke landasan aktif yang luar biasa kamar adalah dasar dan bersih keseluruhan dekorasi hotel bisa menggunakan beberapa pekerjaan meskipun,BUMN,Bintang 4,JakartaAirportHotelT2,positive,0.9991969466209412,Facilities & Amenities,"Facilities & Amenities (0.79); Cleanliness, Hygiene & Maintenance (0.64); Ambience & Design (0.47)"
Jhonsen Xaverious,2020,3,Yang saya rasakan selalu ada update dari pengelola dari segi kebersihan atupun fasilitas penunjang bandara meskipun bisa dikatakan agak lambat karena dari banyak aspek bandara utama kita ini sudah sangat tertinggal jika di bandingkan dengan bandara negara lain,BUMN,Bintang 4,JakartaAirportHotelT2,positive,0.9507603645324707,Facilities & Amenities,"Facilities & Amenities (0.97); Cleanliness, Hygiene & Maintenance (0.94); Service Quality (0.77)"
