User Name,Review Time,Rating,clean_text,Tipe,Kelas,Nama_Hotel,AI_Sentiment,AI_Sentiment_Score,AI_Primary_Theme,AI_All_Themes
Meia Singarimbun,2025,5,liburan keluarga bawa mertua pesan 2 kamar dikasih menghubungkan kamar dan dikasih vocer sarapan gratis mbak resepsionis sangat ramah dan cantik pelayanan roomboy sangat ramah desain kamar hotel vintage dan banyak tempat buat foto sarapan juga bervariatif bubur ayam sangat enak,BUMN,Bintang 4,GrandInnaTunjungan,positive,0.999521017074585,Staff Conduct & Hospitality,Staff Conduct & Hospitality (0.99); Facilities & Amenities (0.99); Family & Group Friendly (0.99)
Okky Nov,2025,3,pelayanan sangat baik mulai dari satpam pelayan rumah tangga sama resepsionisnya lokasi terbaik sangat strategis mau makan tinggal jalan keluar ada tunjungan plaza terus banyak kafe2 sarapan oke banyak variasi dan lumayan enak cek masuk cepat duduk set atas untuk resepsionisnya remote ac rusak terlampir di video jdi tidak bsa di atur suhunya kamar jadi dingin mau matiin atau nurunin suhu tidak bsa otomatis harus memakai jaket terus dikamar kamar terasa kurang terawat bisa dilihat dari pintunya tidak serasa melihat di hotel bintang 4 wifi busuk saat saya lgi zoom wifi sering mati,BUMN,Bintang 4,GrandInnaTunjungan,negative,0.9785283207893372,Service Quality,Service Quality (0.98); Facilities & Amenities (0.95); Check in/out Experience (0.90)
Irvin Dayadi,2025,4,hotel terletak dekat mall tunjungan plaza kamar tidur cukup baik bersih tapi ac tidak bisa disetel suhunya karena controller acnya yang menempel di dinding error sampai saya download manual buku controller seperti yang dipakai hotel tetap tidak bisa berfungsi bukan tipe remote yang bisa diganti tersedia air minum botol sedang teh celup cangkir sendok pemanas air jg kulkas kecil di dalam kamar tv wifi jg ada kamar mandi cukup baik bersih tersedia peralatan mandi pengering rambut namun sayang air panasnya tidak panas entah kehabisan air panas atau pemanas air rusak dua hari menginap tersedia menu sarapan yang sama namun cukup enak karena rasa cukup tidak,BUMN,Bintang 4,GrandInnaTunjungan,positive,0.7769436240196228,Facilities & Amenities,"Facilities & Amenities (0.99); Food & Beverage (0.95); Cleanliness, Hygiene & Maintenance (0.95)"
David Stephen,2025,5,Seingat saya ini pertama kalinya ke sini parkir mobil di daerah terbuka jadi saat hujan deras mau ke lobi kehujanan saya ada undangan bertempat di brawijaya ruang pertemuan tempatnya memang klasik tapi masih baik menjaga ruang pertemuan jg cukup luas yang saya tidak duga adalah makanannya yang mengejutkan enak lho dari tumis sayur pasta ikan telur asin ayam hanya daging nasi goreng nya saja yang perlu sedikit memperbaiki agak hambar secara keseluruhan oke lah lah,BUMN,Bintang 4,GrandInnaTunjungan,positive,0.9978514909744263,Guest Experience,"Guest Experience (0.95); Cleanliness, Hygiene & Maintenance (0.88); Service Quality (0.88)"
Dyan Nova,2025,5,hadir dalam satu acara di grand inna tunjungan tidak tinggal hanya sampai siang saja dan berkesempatan menikmati menu yang enak sekali mungkin sedikit masukan saja untuk toilet di lantai dua perlu ditambahkan karena cuma satu jadi harus antri fasilitas untuk pria wanita dijadikan satu agak kurang nyaman,BUMN,Bintang 4,GrandInnaTunjungan,negative,0.5682584643363953,Guest Experience,Guest Experience (0.97); Facilities & Amenities (0.91); Check in/out Experience (0.85)
Lela Vista,2025,4,lokasi strategis dekat dengan jl tunjungan saya menginap 3 hari pelayanan konsisten baik dan ramah minus di interior kamar sudah tua dan pintu kamar mandi saya berdecit setiap dibuka,BUMN,Bintang 4,GrandInnaTunjungan,negative,0.8201348781585693,Service Quality,Service Quality (0.99); Service Efficiency & Responsiveness (0.98); Guest Experience (0.98)
Eva Zulfiyah,2025,5,nyaman banget menginap di hotel ini hotel yang tenang bersih dan tempatnya strategis dekat pusat perbelanjaan menu sarapannya beragam dan cocok dalam bahasa,BUMN,Bintang 4,GrandInnaTunjungan,positive,0.9992850422859192,Facilities & Amenities,Facilities & Amenities (0.99); Food & Beverage (0.97); Service Quality (0.97)
Ibat Harahap,2025,5,pengalaman menginap secara keseluruhan menyenangkan itu adalah sebuah hotel yang direvitalisasi dari tahun 90an terletak di jantung Surabaya hanya berjalan kaki untuk hidup Tunjungan berjalan kaki dan terkenal Tunjungan Plaza staf hotel sangat membantu dan ramah Eversonsejak pertama salam sampai Anda memeriksa keluar kamar hotel masih cukup bernilai dengan harga yang dikenakan pasti akan mempertimbangkan untuk tinggal di sini lagi ketika saya mengunjungi Surabaya beberapa catatan untuk perbaikan kamar hotel berhadapan dengan jalan menjadi lebih suara terbukti kami lakukan pengalaman bangun di malam hari karena sepeda motor revving pada tengah malam stabilisasi koneksi internet,BUMN,Bintang 4,GrandInnaTunjungan,positive,0.9988899827003479,Guest Experience,Guest Experience (0.98); Staff Conduct & Hospitality (0.95); Pricing & Value for Money (0.95)
yash tamrakar,2025,2,Ada nyamuk masuk ke kamar yang tidak memungkinkan kita tidur sama sekali pada malam pertama meskipun kemudian mereka merawatnya menggunakan semprotan tapi tampaknya 1 malam terbuang benar-benar sangat serius perhatian adalah bahwa ada kelelawar bergerak di sekitar masuk kolam renang menyentuh air setiap saat dan kemudian saya meminta untuk kamar yang tenang yang mereka berikan di sisi belakang hotel tetapi tampaknya ada klub disko di dekatnya dan musik meledak sampai 4 am tidak baik jika Anda tidur ringan seperti saya tidak akan merekomendasikan lokasi yang baik banyak tempat untuk menjelajahi toko-toko di dekatnya,BUMN,Bintang 4,GrandInnaTunjungan,negative,0.9933497309684753,Facilities & Amenities,Facilities & Amenities (0.98); Check in/out Experience (0.81); Guest Experience (0.80)
Johan Tirta,2025,5,semangat pagi terima kasih layanan dari staf hotel mulai dari ob keamanan dan resepsionis ramah semua menu sarapan banyak variasi fasilitas kamar semua oke cuman satu wastafel nya kurang lancar udara lambat di pembuangan tapi secara keseluruhan oke semua nya nya parkir luas semoga bisa berkunjung lagi di sini bersama keluarga lagi terima kasih,BUMN,Bintang 4,GrandInnaTunjungan,positive,0.9993276596069336,Staff Conduct & Hospitality,"Staff Conduct & Hospitality (1.00); Facilities & Amenities (0.99); Location, Accessibility & Parking (0.98)"
Arie Wibowo,2025,1,untuk hotel bintang 4 saya rasa kualitas kamar tertingginya sangat sangat sederhana sekali pelayannanya lemot butuh dua tiga kali telepon buat pinjem 1 piring kosong doang cuman menang lokasi karena di pusat kota saja,BUMN,Bintang 4,GrandInnaTunjungan,positive,0.6642098426818848,Service Quality,Service Quality (0.98); Facilities & Amenities (0.84); Guest Experience (0.81)
defi riyan,2025,5,nyaman banget nginap disini cuma semalem disini tidur nyenyak banget kamar kedap suara staf ramah2 lokasi strategis dekat mau kemana mana pokoknya nyaman deh minta yang akses pintu penghubung dikasih soalnya 2 kamar,BUMN,Bintang 4,GrandInnaTunjungan,positive,0.9991248250007629,Staff Conduct & Hospitality,Staff Conduct & Hospitality (0.95); Service Quality (0.95); Service Efficiency & Responsiveness (0.93)
Nalia Anjahra,2025,5,untuk pertama kalinya saya datang ke Surabaya dan kebetulan ada pekerjaan sekaligus undangan untuk melakukan pelatihan di sini pengalaman baru suasana baru tentu saja saya juga mendapatkan teman2 dan relasi baru sedikit review tentang hotel ini lokasi strategis berada di pusat kota dan dekat dengan alun2 kota surabaya cukup banyak orang dekat dengan tempat oleh2 makanan khas surabaya o ya ada halte bus juga dipinggir gerbang masuk halaman parkir hotel cukup luas dengan beberapa tanaman dan pohon menambah suasana yang dingin pemandangan sangat bagus cocok untuk berfoto didepan hotel untuk mengenang kenangan apalagi jika berfoto dimalam lampu2 hotel dan lampu taman menambah nilai estetik dalam,BUMN,Bintang 4,GrandInnaTunjungan,positive,0.9992333650588989,"Location, Accessibility & Parking","Location, Accessibility & Parking (0.95); Facilities & Amenities (0.91); Family & Group Friendly (0.80)"
Nurina Yusri,2025,5,Disarankan untuk tinggal di sini karena kedekatan dekat dengan plaza tunjungan dan jalan tunjungan staf sangat ramah dan menghadiri permintaan kami untuk menghubungkan kamar dan lantai tinggi spa juga sangat bagus kamar sangat besar dan bersih mungkin perlu mempertimbangkan soundproofing untuk kamar yang menghadap jalan utama juga tidak ada besi disediakan masuk kamar jadi harus memilih layanan mendesak oleh housekeeping sehingga itu sesuatu untuk diperhatikan sebelum datang terutama untuk wanita yang perlu menggiling jilbab mereka pasti akan tinggal di sini lagi ketika datang ke surabaya,BUMN,Bintang 4,GrandInnaTunjungan,positive,0.9988391995429993,Facilities & Amenities,Facilities & Amenities (0.99); Staff Conduct & Hospitality (0.99); Service Quality (0.94)
Mochamad Fajar,2025,4,pelayanan cepat staf ramah kebersihan top cocok untuk perjalanan kerja keluarga dan single wifi saja perlu dibenahi karena masih sering putus nyambung putus nyambung,BUMN,Bintang 4,GrandInnaTunjungan,positive,0.9970921277999878,Service Quality,"Service Quality (0.99); Facilities & Amenities (0.99); Cleanliness, Hygiene & Maintenance (0.99)"
Farhan S. Fadhillah,2025,5,pengalaman menginap secara keseluruhan luar biasa dengan nilai luar biasa semua staf profesional dan sangat sopan kita memiliki masalah kecil pada fasilitas tapi mereka dengan cepat menyelesaikannya,BUMN,Bintang 4,GrandInnaTunjungan,positive,0.9970780611038208,Guest Experience,Guest Experience (0.99); Staff Conduct & Hospitality (0.98); Service Quality (0.97)
harisss,2025,1,Pengalaman terburuk pernah wifi upload speed nya sangat lelet kamar tidak kedap suara dari luar lalu lintas berisik dan masuk ke dalam kamar tidak ada peredam sama sekali membuat tidur tidak nyaman mana jalan nya berisik juga tapi kamar masij menembus suaranya dri luar,BUMN,Bintang 4,GrandInnaTunjungan,negative,0.9975785613059998,Guest Experience,Guest Experience (0.61); Digital Connectivity & Technology (0.45); Service Quality (0.43)
Mas Basri,2025,3,parah hotel sekelas ini wifi kamar lemot wifi rumah rapat kuota terbatas hadew perbaiki layanan kak,BUMN,Bintang 4,GrandInnaTunjungan,negative,0.9981911778450012,Service Quality,Service Quality (0.96); Facilities & Amenities (0.94); Guest Experience (0.79)
Stiven Oca,2025,5,hotel nyaman wangi pelayanan nya ramah bangett tempat strategis makanan nya jga enak2 tidak nyesel nginep disini karna dekat dengan jl tunjungan yang banyak kuliner nya,BUMN,Bintang 4,GrandInnaTunjungan,positive,0.9994370341300964,Facilities & Amenities,Facilities & Amenities (0.99); Service Quality (0.99); Staff Conduct & Hospitality (0.98)
Vina Rollanda,2025,5,semuanya sudah oke sih hanya kamar saja yang kurang peredam suara kebetulan bisa di lantai 2 suara lalu lalang kendaraan bising lalu kami minta pindah kamar mas resepsionis dengan sigap melayani oya dekat juga dengan mall tapi tinggal jalan kaki,BUMN,Bintang 4,GrandInnaTunjungan,positive,0.7764927744865417,Service Quality,Service Quality (0.94); Service Efficiency & Responsiveness (0.88); Room Quality & Comfort (0.82)
Abdul Ghofur42,2025,5,Apa hotel yang bagus masuk surabaya downtown 1 lokasi strategis tengah kota surabaya 2 mau ke tunjungan plaza tinggal jalan 10 menit kita bisa belanja sepuaasnya di mall paling terkenal di surabaya ini 3 menikmati taman kota apsari tinggal jalan pagi kita bisa olah raga diseputaran taman apalagi kalau minggu pagi sangat ramai yang olahraga atau pun sunmori malam hari tamannya punya uang tunai baik shg bisa sekedar duduk2 menikmati malam sambil melihat gedung grahadi di seberangnya juga banyak tempat kuliner di sekitar jalan sedikit ke timur ada balai pemuda dengan udara mancur didepannya,BUMN,Bintang 4,GrandInnaTunjungan,positive,0.9992388486862183,Facilities & Amenities,Facilities & Amenities (0.96); Pricing & Value for Money (0.95); Food & Beverage (0.83)
Jeff Hendrika Wagey,2025,3,hotelnya bagus cuma suasana di luar hotel berisik beberapa anak muda tunjungan sdm rendah geber geber motor jadi berisik banget mana polisi tidak ada yang tidak kota tunjungan payahh,BUMN,Bintang 4,GrandInnaTunjungan,negative,0.9960618615150452,Facilities & Amenities,Facilities & Amenities (0.86); Guest Experience (0.73); Ambience & Design (0.67)
Aulia Ahmad,2025,5,lokasi sangat strategis dan dekat dengan kawasan jalan tunjungan harga masih terjangkau kamar sangat nyaman bersih staf ramah dan cekatan sepertinya akan menjadi pilihan tempat tinggal jika ada agenda di surabaya,BUMN,Bintang 4,GrandInnaTunjungan,positive,0.9994731545448303,Staff Conduct & Hospitality,Staff Conduct & Hospitality (1.00); Service Efficiency & Responsiveness (0.99); Room Quality & Comfort (0.99)
stefanus,2025,5,pelayanan sangat ramah bersahabat menyenangkan kamar fasilitas bagus lokasi jangan ditanya sangat strategis,BUMN,Bintang 4,GrandInnaTunjungan,positive,0.9993976354598999,Guest Experience,Guest Experience (1.00); Room Quality & Comfort (0.99); Facilities & Amenities (0.99)
Black Camledos Chennel *BCC*,2025,5,pelayanan yang cukup baik serta lokasi yang sangat strategis berada di kawasan mall serta kawasan pemerintahan,BUMN,Bintang 4,GrandInnaTunjungan,positive,0.9976065158843994,Service Quality,Service Quality (1.00); Facilities & Amenities (0.98); Service Efficiency & Responsiveness (0.96)
Arga Saputra,2025,5,Hotel favorit di Surabaya Pelayanan sangat sopan dan cepat tanggap kamar bersih dan pilihan menu sarapan sangat beragam,BUMN,Bintang 4,GrandInnaTunjungan,positive,0.9994025230407715,Service Efficiency & Responsiveness,"Service Efficiency & Responsiveness (1.00); Service Quality (1.00); Cleanliness, Hygiene & Maintenance (1.00)"
Annisa Dian,2025,2,menginap dari 2 april sampai 6 april selalu langganan setiap tahun kesini saat lebaran atau kesempatan tertentu tapi tahun ini penuh kekecewaan kamar dapet kamar 502 itu ac bolak balik tidak dingin dan saluran wastafel mampet sarapan bolak balik abis terus makananya juga tidak enak stasiun live telur mbak nya lama banget masaknya kenapa tidak masak yang banyak terus orang yang tidak minta variasi bisa lgsg ambil tahun lalu makananya perasaan enak sekarang semakin tidak karu2an untuk karyawan nya ramah2 bell boy resepsi room service semua ramah manajemen dan baik2 lebih ke restorannya apa sih kepala chef atau kirchen nya ganti,BUMN,Bintang 4,GrandInnaTunjungan,negative,0.9985606074333191,Guest Experience,Guest Experience (0.59); Facilities & Amenities (0.57); Staff Conduct & Hospitality (0.49)
eko WH,2025,5,tinggal di sana 15 17 Mei tuk urusan kerja dengan posisi hotel yang strategis semua urusan jadi lancar cuma sayangnya agak jauh dari mesjid terutama tuk sholat subuh walo di hotel ada mushola lainnya sangat memuaskan,BUMN,Bintang 4,GrandInnaTunjungan,positive,0.9985281229019165,Facilities & Amenities,Facilities & Amenities (0.87); Service Quality (0.86); Guest Experience (0.80)
Muhammad Iqbal,2025,5,dekat dengan alun-alun alun2 hanya jalan kaki tempat strategis menu sarapan juga bervariasi kamar bisa dengan tambahan tempat tidur tentu dengan biaya,BUMN,Bintang 4,GrandInnaTunjungan,positive,0.9993085861206055,Food & Beverage,Food & Beverage (0.99); Facilities & Amenities (0.98); Pricing & Value for Money (0.89)
candraadi saputra,2025,5,kamar sangat nyaman tenang dan bersih layanan sangat ramah dan baik lokasinya sangat strategis jg hotel lama tapi didalam sangat bagus dan sudah keren untuk menuunya jg sangat sekali lagi,BUMN,Bintang 4,GrandInnaTunjungan,positive,0.9993076324462891,Room Quality & Comfort,"Room Quality & Comfort (0.99); Facilities & Amenities (0.99); Cleanliness, Hygiene & Maintenance (0.99)"
Ardya Putri Oktavia,2025,5,hotelnya bagus nyaman servicenya juga sangat bagus rekomendasi banget kesini,BUMN,Bintang 4,GrandInnaTunjungan,positive,0.9993215799331665,Facilities & Amenities,Facilities & Amenities (0.99); Service Quality (0.99); Room Quality & Comfort (0.95)
Sri Indrawati,2025,4,Dari segi pelayanan oke pegawai2 nya cukup ramah tapi sayangnya kamar tidak kedap suara sehingga kalau malam bunyi kendaraan sampai dalam kamar makanan lumayan enak ada ruang baru di belakang parkir enak buat nongkrong saat malam hari mager kemana2 tapi mungkin jika ada musik livenya bisa membuat lebih nyaman tamu untuk duduk2 karena kebetulan saya sekeluarga hobi menyanyi secara keseluruhan saya akan kembali menginap di sana,BUMN,Bintang 4,GrandInnaTunjungan,positive,0.9981634020805359,Service Quality,"Service Quality (1.00); Facilities & Amenities (0.99); Location, Accessibility & Parking (0.98)"
Getty Farida,2025,5,tempat strategis di kota tengah pelayanannya ramah perkiraannya luas,BUMN,Bintang 4,GrandInnaTunjungan,positive,0.9992170333862305,Facilities & Amenities,Facilities & Amenities (0.95); Guest Experience (0.94); Service Quality (0.93)
swe swe,2025,5,lokasi di jantung kota surabaya kamar luas dan yang penting pakai parkey kayu di lantainya,BUMN,Bintang 4,GrandInnaTunjungan,positive,0.9989479184150696,Facilities & Amenities,"Facilities & Amenities (0.98); Location, Accessibility & Parking (0.90); Sustainability & Environmental Quality (0.83)"
Ni Putu Ananda Dharmaswari,2025,5,hotel nya bagus dan kamarnya bersih staf nya juga ramah banget langganan tinggal disini setiap ke surabaya lokasi strategis mau ke tunjungan plaza bisa jalan kaki deket banget dan mau ke daerah jalan tunjungan jg bisa jalan kaki banyak kuliner dan spot foto bagus banget pokoknya hotel ini,BUMN,Bintang 4,GrandInnaTunjungan,positive,0.9995959401130676,Staff Conduct & Hospitality,"Staff Conduct & Hospitality (0.99); Facilities & Amenities (0.98); Cleanliness, Hygiene & Maintenance (0.98)"
Desri Rahayu Susanti,2025,5,Baru pertama kalinya ke Surabaya dan puas berada di hotel ini sejak awal datang sampai ingat kembali mendapatkan layanan prima sejak petugas resepsi front officer satpam kantor anak layanan pembersihan semuanya ramah,BUMN,Bintang 4,GrandInnaTunjungan,positive,0.998814582824707,Service Quality,Service Quality (0.99); Staff Conduct & Hospitality (0.99); Service Efficiency & Responsiveness (0.99)
fitri tyas,2025,5,sudah 2x transit disini bersih nyaman lounge luas estetik sarapan enak komplit sayang kolam renangnya kecil yaa lokasi deket sama tunjungan plaza tinggal jalan kaki 5 menit sampai,BUMN,Bintang 4,GrandInnaTunjungan,positive,0.9994152784347534,Facilities & Amenities,"Facilities & Amenities (0.98); Cleanliness, Hygiene & Maintenance (0.97); Service Quality (0.96)"
deardinda,2025,5,disini cuman ngehadirin bukuber tidak menginap mungkin lain kali bisa kali dicoba hehee makanan minuman oke semua beragam dan enak enak buah2an variatif suka bangett tempatnya nyaman oke lah parkir juga aman letaknya mudah di temukan lewat google map terimakasih team sukses selalu,BUMN,Bintang 4,GrandInnaTunjungan,positive,0.9995381832122803,"Location, Accessibility & Parking","Location, Accessibility & Parking (0.99); Facilities & Amenities (0.99); Food & Beverage (0.98)"
Oliver Nordin,2025,2,buruk sangat buruk suara isolasi suara keras dari Stet 24 7 saya tidak diizinkan di sarapan buffet karena mereka hanya memungkinkan pasangan dan keluarga ketika saya memesan sarapan ke kamar saya pada 9 mereka datang mengetuk pintu saya 06 15 hari yang lain ketika saya tidak menentukan waktu mereka datang mengetuk 05 45 saya tidak tahu mengapa mereka membangunkan saya begitu dini mahal laundry 385 0 untuk kantong plastik kecil tempat kamar yang baik bersih lain kali saya akan memesan hotel lain,BUMN,Bintang 4,GrandInnaTunjungan,negative,0.9987072944641113,Facilities & Amenities,Facilities & Amenities (0.91); Service Quality (0.89); Family & Group Friendly (0.87)
Diyan Lesmana,2024,5,lokasi hotel strategis ditengah kota dekat dengan pusat pembelanjaan tapi mall taman kota balai budaya layanan dari staf hotel ramah dan baik kamar bersih tenang dan nyaman kamar mandinya juga bersih udara panas dan dingin semua berfungsi dengan baik hanya yang perlu menjadi perhatian mandi udara nya mancur tidak merata ke mana2 kemungkinan itu kotor karena pasir logam udara bisa menjadi perhatian tim hk dan eng tempat sampah toilet pria loby rusak untuk segera diperbaiki atau diganti saja karena bekas tisu yang digunakan berceceran dan itu membuat pemandangan yang tidak sedap di atas semua hotel ini bagus dianjurkan,BUMN,Bintang 4,GrandInnaTunjungan,positive,0.8644351959228516,Facilities & Amenities,"Facilities & Amenities (1.00); Cleanliness, Hygiene & Maintenance (0.99); Staff Conduct & Hospitality (0.98)"
RaYoEr RaYoEr,2025,5,semua staf ramah sigap banyak membantu parkir luas lokasi yang bagus di pusat kota jadi dekat kemana2 mau ngopi ngafe ngemall ngeluyur tidak jauh2 amat hanya berjalan kaki sarapan enak ada di luar nya juga bisa ngerokok kamar cukup lega bersih ac berfungsi baik rumah menjaga pagi2 juga sudah bersih jadi setelah sarapan kamar udah anak jalan aliran udara di mandi saja yang volumenya kurang tapi tidak apa-apa semuanya menyenangkan dan sesuai harga dan harapan,BUMN,Bintang 4,GrandInnaTunjungan,positive,0.9988717436790466,Staff Conduct & Hospitality,Staff Conduct & Hospitality (0.99); Facilities & Amenities (0.98); Pricing & Value for Money (0.97)
Maya Lestari,2025,5,pengalaman menginap dari Tgl 3 sampai 6 sangat baik pelayanannya ramah kamar juga nyaman dan bersih dan untuk makanan juga enak sayang untuk isi ulang makanannya agak sedikit lama saya maklumin karena saya berbaring di bagian dapur baru hanya ada beberapa orang,BUMN,Bintang 4,GrandInnaTunjungan,positive,0.9977176189422607,Facilities & Amenities,"Facilities & Amenities (1.00); Cleanliness, Hygiene & Maintenance (0.99); Guest Experience (0.99)"
Dwi Nov,2025,5,hotel mewah harga murah fasilitas lengkap staf2 sangat ramah dan gercep dalam pelayanan kolam renang ada parkir luas lokasi strategis deket banget sama mall tapi tinggal nyebrang saja sekitar hotel juga mudah mau cari makan suka dan puas sekali liburan bersama keluarga di grand inna hotel,BUMN,Bintang 4,GrandInnaTunjungan,positive,0.9994776844978333,Facilities & Amenities,"Facilities & Amenities (0.99); Location, Accessibility & Parking (0.98); Staff Conduct & Hospitality (0.98)"
Wu Anthony,2025,5,Halo halo kembali lagi dengan saya salah satu kontributor di google maps dari indonesia salah satu hotel dengan parkir yang tidak terlalu luas sehingga jika Anda datang lebih awal bisa mendapatkan parkir yang nyaman jika tidak akan mendapatkan parkir yang seadanya lalu lokasi hotel sangat dekat dengan lokasi wisata seperti jalan tunjungan dan monumen kapal selam dekat dengan mall juga yaitu tunjungan plaza surabaya plaza grand city mall dan wtc plaza untuk pesanan dari melalui aplikasi sama yang saya dapatkan sesuai saja selamat datang minum dikasih saat masuk untuk memeriksa suasana di lobi sangat mewah banyak penjualan batik dan restoran ada kolam renang dan gym juga di daerah,BUMN,Bintang 4,GrandInnaTunjungan,positive,0.9944250583648682,"Location, Accessibility & Parking","Location, Accessibility & Parking (0.96); Facilities & Amenities (0.81); Booking & Reservation Experience (0.68)"
Anggriawan Pratama,2025,5,menginap selama 2 malam di sini secara keseluruhan bagus baik dan terawat meskipun hotel terbilang old pelayanan dan ramah tamah staf bagus bagus dilakukan dekat tapi mall ornamen kamar nuansa klasik kebersihan oke pencahayaan oke kamar mandi bersih tempat tidur empuk kamar hening tidak masuk suara dari luar fasilitas kamar mandi perlu ditambah penyegaran nuansa ruang kamar terima kasih,BUMN,Bintang 4,GrandInnaTunjungan,positive,0.9993675351142883,"Cleanliness, Hygiene & Maintenance","Cleanliness, Hygiene & Maintenance (1.00); Facilities & Amenities (0.97); Staff Conduct & Hospitality (0.95)"
Mia Suwarno,2025,5,hotel nyaman bersih lokasi sangat strategis di pusat kota dan dekat alun-alun kota fasilitas kelengkapan fitness sangat sedikit dan ruang kecil menu sarapan standar variannya terbatas daging hanya ada 1 menu,BUMN,Bintang 4,GrandInnaTunjungan,positive,0.6215905547142029,Facilities & Amenities,"Facilities & Amenities (0.97); Cleanliness, Hygiene & Maintenance (0.95); Service Quality (0.93)"
humayun kabir,2025,4,pengalaman yang baik staf hotel yang baik dan dekat dengan pusat kota,BUMN,Bintang 4,GrandInnaTunjungan,positive,0.998058021068573,Service Quality,Service Quality (1.00); Service Efficiency & Responsiveness (0.93); Guest Experience (0.93)
Meilanie Dwi Anggaraeni,2024,5,awalnya ragu karena hotel lama dan di gmap terlihat jauh dari kawasa minimmarket ternyata luar biasa mulai dari datang pelayanan yang cepat dan disuguhi selamat minum kamar bersih nyaman dan ramah anak sesuai dengan permintaan hanya saja suara bising kendaraan saat larut malam,BUMN,Bintang 4,GrandInnaTunjungan,positive,0.9306719899177551,Service Efficiency & Responsiveness,Service Efficiency & Responsiveness (1.00); Facilities & Amenities (1.00); Service Quality (1.00)
Ady Setyawan (Ady Xavier),2025,1,pertanyaan buat manajemen hotel kenapa ojol jaketx harus dilepas apa kita sopir begitu menjijikankah membuat pelanggan risih dengan kita untuk ojol sekalian saja ojol dilarang masuk biar g usah memesan makanan online jika memang g menghargai kerja seorang sopir ojol,BUMN,Bintang 4,GrandInnaTunjungan,negative,0.9989088773727417,Management & Policy Issues,Management & Policy Issues (0.85); Food & Beverage (0.44); Guest Experience (0.44)
Sand Vich,2025,1,Saya menginap pada tanggal 21 Februari di kamar 314 tidak diizinkan mengisi ulang udara putih saat malam hari mandi nya kurang panas dan AC nya sulit untuk mengatur,BUMN,Bintang 4,GrandInnaTunjungan,negative,0.9978681802749634,Facilities & Amenities,Facilities & Amenities (0.91); Guest Experience (0.77); Sustainability & Environmental Quality (0.73)
Dwi Marjoko,2025,5,kamar nyaman masakan restoran enak,BUMN,Bintang 4,GrandInnaTunjungan,positive,0.9984731078147888,Facilities & Amenities,"Facilities & Amenities (0.99); Room Quality & Comfort (0.99); Cleanliness, Hygiene & Maintenance (0.97)"
MOH. FERNANDA SEPTIAN DWI PUTRA PATRIA,2025,5,Baru mau cek masuk dapat welcome drink pelayan oke fasilitas oke view juga lumayan menginap di hotel ini sayang banget hari ini Jumat 14 Februari sarapan baru menu ayam lada hitam ada ayam yang kurang termasak dengan baik jadi saat saya mau iris potong nya masih ada darah nya kedepannya hrus masak nya lebih baik lagi yaa,BUMN,Bintang 4,GrandInnaTunjungan,negative,0.5348339676856995,Facilities & Amenities,Facilities & Amenities (0.95); Service Quality (0.88); Food & Beverage (0.85)
Anggie Primary,2025,5,lokasi strategis sambutan yang sangat ramah makanan enak kamar bersih makanan enak ada minuman selamat datang yang enak sekali ada es serut waktu sarapan dan enak sekali pengalaman yang menarik bersama keluarga,BUMN,Bintang 4,GrandInnaTunjungan,positive,0.9995307922363281,Facilities & Amenities,Facilities & Amenities (0.99); Family & Group Friendly (0.99); Service Quality (0.99)
Handaka Gatot,2024,5,puas dua hari dua malam berada di hotel ini sejak awal datang sampai memit pulang memperoleh layanan prima sejak dari petugas resepsi front officer satpam kantor anak layanan pembersihan bagian makanan dan minuman hotelnya bersih kamar rapi bersih kamar mandi dingin kamar mandi bersih udara panas dingin lancar makanan minuman mudah diperoleh jaringan wifi cepat dan lancar tidak ditemukan masjid yang dekat dari hotel ini namun disediakan mushola yang cukup luas di lantai dua untuk sholat berjamaah,BUMN,Bintang 4,GrandInnaTunjungan,positive,0.9989084005355835,Facilities & Amenities,"Facilities & Amenities (0.99); Cleanliness, Hygiene & Maintenance (0.99); Service Quality (0.97)"
Hardiftio Deomaga,2024,1,Hari ini saya bersama dari nenek ibu tunjungan dan setelah saya makan diluar lalu saya teringat jaket saya masih tertinggal di kamar dan saya kembali lagi ke ibu untuk memastikan dan ternyata jaket saya tidak ada namun pihak housekeeping juga tidak memberi tahu siapa yang membersihkan semoga kali lain bisa memberi kepercayaan dan kenyamanan terhadap tamu karena saya memang sudah beberapa kali menginap di ibu dan baru kali ini kecewa karena kehilangan jaket di hotel padahal jaket itu pemberian kakak saya,BUMN,Bintang 4,GrandInnaTunjungan,negative,0.991363525390625,Staff Conduct & Hospitality,Staff Conduct & Hospitality (0.85); Guest Experience (0.79); Complaint Handling & Service Recovery (0.66)
sherly christanty,2024,4,pertama kali bermalam disini suasana oke kebersihan baik kamar juga baik akses jalanmu jalan di sepanjang tunjungan sangat oke pelayanan ramah resto cukup hanya ac kamar karena ac pusat jadi agak berisik akses internet baik oia disini juga ada es dan toko oleh sukses selalu,BUMN,Bintang 4,GrandInnaTunjungan,positive,0.9994757771492004,Facilities & Amenities,"Facilities & Amenities (0.99); Cleanliness, Hygiene & Maintenance (0.99); Location, Accessibility & Parking (0.98)"
wahana Adi - IGT Gem Lab,2025,4,Kasur kurang nyaman dan malam berisik banyak balapan bohong tapi pelayanan bagus sarapan lumayan enak dan komplit ada kolam juga buat anak,BUMN,Bintang 4,GrandInnaTunjungan,positive,0.9960237741470337,Service Quality,Service Quality (0.99); Facilities & Amenities (0.97); Guest Experience (0.89)
Rendy K. R,2024,5,Kali kedua aku tinggal di sini kamarnya bersih nyaman dan staf yang sangat ramah lokasi itu tenang strategis juga pasti kembali untuk tinggal lagi ketika perjalanan ke Surabaya,BUMN,Bintang 4,GrandInnaTunjungan,positive,0.9968253374099731,Room Quality & Comfort,Room Quality & Comfort (1.00); Facilities & Amenities (1.00); Service Quality (1.00)
Lisa Listiana,2024,5,pertama kali ke Surabaya menginap di sini sekeluarga senangnya dengan staf yang super ramah kamarnya besar karena bertiga menambah voucher sarapan satu lagi uniknya dikasih gratis massimo gelato lobi nya nyaman bersih bisa buat nunggu saudara sahabat yang ingin bertemu yang sangat berkesan adalah menu sarapannya yang sangat lezat terima kasih banyak grand inna,BUMN,Bintang 4,GrandInnaTunjungan,positive,0.999421238899231,Family & Group Friendly,Family & Group Friendly (0.99); Service Quality (0.99); Staff Conduct & Hospitality (0.99)
Raditya Pranandha Zld,2025,5,lokasi strategis pelayanan yang sangat bagus dan baik,BUMN,Bintang 4,GrandInnaTunjungan,positive,0.9985583424568176,Service Quality,Service Quality (1.00); Guest Experience (0.99); Facilities & Amenities (0.99)
Fakhrurrazi Razi,2025,5,untuk kamar cukup bagus sarapan banyak pilihan lokasi di tengah kota berikutnya klo ke surabaya nginap disini lagi,BUMN,Bintang 4,GrandInnaTunjungan,positive,0.9993457198143005,Facilities & Amenities,Facilities & Amenities (0.89); Room Quality & Comfort (0.77); Food & Beverage (0.71)
Heru Djatmika,2025,2,pesan lewat online superior ganda saat cek masuk diberi superior kembar dan tidak ada tangannya teh hanya 1 kopi tidak ada harus nelpon dulu dan minta haduh semoga kedepan menjadi lebih baik dan lebih pasti,BUMN,Bintang 4,GrandInnaTunjungan,neutral,0.9050633907318115,Service Efficiency & Responsiveness,Service Efficiency & Responsiveness (0.92); Service Quality (0.92); Personalized & Special Services (0.92)
Yahya Ari Pramono,2024,4,sore ini saya baru cek masuk 723 725 sengaja saya posting sekarang agar jadi perhatian awalnya saya pesan melalui perjalanan konektivitas kamar bilang lagi tidak tersedia untuk kamar konektivitas kita mengalah tidak konektivitas tapi jika saya mendapatkan kamar dua dua dua dua dua dua ini yang menyusun masak istri suami dan dua anak kok dikasih dua kamar kembar tempat tidur semua hadeh mengeluh ke resepsionisnya bilang sudah keluar kamar baru lha yang tadi dibahas cuma tidak ada konektivitas bukan kamar kedua tempat tidur kembar cuma bisa geleng geleng kepala lihat layanan model ini untuk menu makanan dan vibes resto sarapan sejak dipegang,BUMN,Bintang 4,GrandInnaTunjungan,negative,0.99863201379776,Check in/out Experience,Check in/out Experience (0.94); Booking & Reservation Experience (0.76); Guest Experience (0.74)
YOYOK KUSNARDI,2024,5,minggu 29122024 jemput pelanggan menginap di lantai 7 grand inna surabaya untuk diantar pulang ke kota madiun setelah liburan keluarga di pulau bali rekomendasi menginap di jantung kota surabaya mantap top markotop,BUMN,Bintang 4,GrandInnaTunjungan,positive,0.9993603825569153,Guest Experience,Guest Experience (0.93); Service Quality (0.91); Booking & Reservation Experience (0.89)
Vita Rama,2025,5,Pelayanan nya top bgtt semua benar benar menyambut buat tamu mulai dari keamanan sampai menu housekeeping sarapan oke minus nya cuman angkat nya kyk bikin pusing saja,BUMN,Bintang 4,GrandInnaTunjungan,positive,0.8814347982406616,Service Quality,Service Quality (0.99); Guest Experience (0.99); Facilities & Amenities (0.99)
Herliana Desi,2024,5,pengalaman menginap di kamar deluxe 1 malam kamar cukup bersih tidak terlalu terlihat banyak debu ac dingin kamar mandi baik TV lemari es berfungsi dengan baik hanya saja lantai kayu ada bagian2 yang terkelupas jadi takut kesandung luka jika tidak memakai sandal lokasi strategis di pusat kota sangat dekat dengan tunjungan plaza petugas ramah2,BUMN,Bintang 4,GrandInnaTunjungan,positive,0.9959218502044678,Facilities & Amenities,Facilities & Amenities (0.97); Service Quality (0.96); Guest Experience (0.96)
Bella Inda,2025,5,Pelayanan baik semua staf ramah dan sangat membantu fasilitas berfungsi semua dengan baik lokasi sangat strategis dekat dengan beberapa tujuan,BUMN,Bintang 4,GrandInnaTunjungan,positive,0.9974013566970825,Facilities & Amenities,Facilities & Amenities (0.99); Staff Conduct & Hospitality (0.99); Service Efficiency & Responsiveness (0.99)
Remy Wibawa,2024,5,hotelnya bagus cuma kalau mau merokok ambil yang tipe superior ya soalnya aku kemaren itu kepesan yang deluxe jadi tidak bisa merokok tapi ada tempat buat santai dan ngerokoknya kok di lantai bawah sarapan juga enak variatif kalau mau ke tapi juga deket jalan kaki kalau ke sby bisa lah ke sini lagi terima kasih grand inna tunjungan,BUMN,Bintang 4,GrandInnaTunjungan,positive,0.9991176724433899,Facilities & Amenities,Facilities & Amenities (0.92); Guest Experience (0.82); Booking & Reservation Experience (0.73)
Sakti Al Fattaah,2025,4,pelayanan oke lokasi strategis sanitasi agak tua,BUMN,Bintang 4,GrandInnaTunjungan,positive,0.9954531192779541,Service Quality,"Service Quality (0.99); Cleanliness, Hygiene & Maintenance (0.96); Facilities & Amenities (0.95)"
syarifah fatima sukriya SKom,2025,4,boleh dikatakan hotel paling lama di surabaya servicenya bagus makanya lumayan musholanya kurang,BUMN,Bintang 4,GrandInnaTunjungan,positive,0.9990621209144592,Service Quality,Service Quality (0.99); Facilities & Amenities (0.95); Guest Experience (0.77)
Pramudya Arif Dwijanarko,2023,5,hotelnya bagus kamar cukup luas meskipun untuk yang kelas standar kebersihan kamar juga terjaga dengan baik fasilitas berfungsi dengan baik ac terasa dingin udara panas berfungsi normal teko pemanas dan kulkas juga berfungsi baik pelayannya juga baik stafnya cekatan lokasinya juga strategis di depan ada berhenti bus kota jika ingin berkeliling santai juga dekat dengan pusat perbelanjaan,BUMN,Bintang 4,GrandInnaTunjungan,positive,0.9991204142570496,Facilities & Amenities,"Facilities & Amenities (1.00); Cleanliness, Hygiene & Maintenance (0.99); Service Efficiency & Responsiveness (0.99)"
Dikki Pramulya,2024,3,Overalls rating 3 bintang kamar 610 positif saya tinggal untuk 4 malam kamar itu besar bersih cukup negatif mandi tidak cukup kuat lihat video saya tidak ada air panas untuk mandi hanya sedikit hangat tetapi tidak dingin layanan oke hanya biasa tidak ada lokasi khusus baik dekat tunjungan plaza dan hanya jarak berjalan kaki ke kuliner legendaris jadi Anda akan memiliki banyak pilihan untuk menjelajahi masuk pendapat saya ini bukan hotel bintang empat mungkin 3 bintang tambah hotel saya memberikan tambah hanya karena dekat dengan tunjungan plaza,BUMN,Bintang 4,GrandInnaTunjungan,negative,0.8664790391921997,Facilities & Amenities,Facilities & Amenities (0.94); Service Quality (0.87); Guest Experience (0.80)
Dandy Alif Nugroho,2024,4,hotel dengan lokasi yang strategis berada di pusat kota dengan alun alun surabaya dan balai kota surabaya dan yang lebih penting sekali dekat dengan tunjungan plaza serta berbagai macam kuliner yang menggugah selera khas surabaya cuman beberapa fasilitas kurang diperhatikan seperti flush toilet yang sudah oblak ac yang kadang nyala kadang mati tapi secara keseluruhan pelayanan sangat baik bahkan kantor anak yang membantu juga menghafal nama tamu yang menginap jadi kita merasa dihargai dengan baik,BUMN,Bintang 4,GrandInnaTunjungan,positive,0.9984588623046875,Service Quality,Service Quality (0.98); Facilities & Amenities (0.93); Staff Conduct & Hospitality (0.86)
Arif Muhsin,2024,5,pengalaman menginap di grand inna tunjungan surabaya sangat memuaskan kamar yang saya tempati sangat nyaman bersih dan desainnya modern membuat betah selama menginap makanannya luar biasa banyak pilihan dengan cita rasa yang lezat dari hidangan lokal hingga internasional semua disajikan dengan kualitas yang sangat baik lokasinya juga sangat strategis berada di pusat kota surabaya sehingga mudah untuk mengakses berbagai tempat menarik dan pusat perbelanjaan yang paling berkesan adalah pelayanan dari staf hotel yang sangat ramah dan selalu siap membantu membuat pengalaman menginap jadi lebih menyenangkan fasilitas lainnya juga lengkap mulai dari kolam renang gym hingga ruang pertemuan hotel sangat direkomendasikan bagi yang mencari layanan kenyamanan,BUMN,Bintang 4,GrandInnaTunjungan,positive,0.9994311928749084,Service Quality,Service Quality (1.00); Room Quality & Comfort (0.99); Guest Experience (0.98)
Allan Almaa,2025,5,melampaui harapan kita kirain hotel lama bakal membosankan dari segi kamarnya ternyata jauh lebih baik dari yang kita bayangkan kamar luas bersih kamar mandi kering ac dingin banget sayangnya mandi paten udara tidak begitu deras dan ac masih sentral secara keseluruhan salah satu pengalaman terbaik kami sejauh ini di hotel kota surabaya,BUMN,Bintang 4,GrandInnaTunjungan,positive,0.9983564019203186,Guest Experience,Guest Experience (0.96); Service Quality (0.96); Room Quality & Comfort (0.92)
Agus Arifin,2023,4,Pro lokasi strategis parkir luas karyawannya ramah2 saat datang dikasih selamat datang voucher free ice cream area hotel dan kamar relatif bersih netral sarapan ada banyak variasi pilihan rasanya standar bukan yang enak tapi masih bisa dimakan tidak ada remote ac hanya tombol kenop di dinding agak jauh dari kasur ac nya sangat dingin jika mau matiin harus jalan dulu kons ruangan yang saya dapat bau kurang sedap yang mungkin berasal dari toilet masuk bikin awal masuk bikin agak mual lama2 tersembunyi beradaptasi tapi ini bagian yang paling mengganggu dan mengganggu berpikir2 jika mau menginap lagi di sini pada hari pertama masuk tangan lama juga bau kurang sedap kaya udah tidak,BUMN,Bintang 4,GrandInnaTunjungan,positive,0.9965270161628723,"Location, Accessibility & Parking","Location, Accessibility & Parking (0.96); Facilities & Amenities (0.91); Service Quality (0.79)"
SIMPLETRIP,2024,5,lokasi kota premium surabaya dekat rumdin gubernur jatim dekat mal tunjungan plaza dekat jl tunjungan dekat alun alun surabaya kamar luas walaupun bangunan hotel lama tetapi fasilitas berfungsi sempurna staf oke sarapan standar spagheti nasgor miegor rasanya sedikit kurang kentangnya enaknya yang lain tidak dicoba jenis kue roti dan buah perlu ditambah wafel dan pan kue telat pembuatannya harga saat lebaran tidak terlalu mahal,BUMN,Bintang 4,GrandInnaTunjungan,positive,0.9993934631347656,Facilities & Amenities,Facilities & Amenities (0.99); Service Quality (0.97); Staff Conduct & Hospitality (0.88)
Dave Khoo,2024,4,Berdasarkan titik harga saya tidak memiliki keluhan dengan lokasi ukuran kamar selesai masuk kamar layanan kehilangan bintang untuk air panas mandi tidak memuaskan tekanan air harus lebih kuat saya lebih suka kepala mandi untuk datang dengan selang fleksibel hotel terletak di sebelah jalan utama sibuk kamar saya menatap jalan pada Sabtu malam yang saya berada di sana saya terbangun beberapa kali oleh booming throttling sepeda motor jadi jika Anda ringan tidur kamar di sisi lain koridor akan,BUMN,Bintang 4,GrandInnaTunjungan,positive,0.7019956707954407,Facilities & Amenities,Facilities & Amenities (0.99); Pricing & Value for Money (0.96); Service Quality (0.90)
brillian ramadhan,2024,5,kamar standarnya cukup luas bersih rapi suhu kamarnya dingin untuk daftar saluran tv mungkin bisa dibuatkan daftarnya biar mudah cari salurannya suasananya tenang nyaman untuk istirahat stafnya ramah,BUMN,Bintang 4,GrandInnaTunjungan,positive,0.9992139339447021,Facilities & Amenities,"Facilities & Amenities (0.93); Cleanliness, Hygiene & Maintenance (0.92); Service Quality (0.88)"
Yohanes Rendy,2023,4,kamar standarnya cukup luas bersih rapi wangi udara kamar mandi deras dan udara panas mantab suhu kamar atas dingin menggigil lokasi sangat strategis klo mau ke tapi tinggal nyebrang jembatan penyebrangan kekurangan nya cuman di parlet kayu lantainya sudah bunyi dan beberapa mengelupas,BUMN,Bintang 4,GrandInnaTunjungan,positive,0.9963957667350769,"Cleanliness, Hygiene & Maintenance","Cleanliness, Hygiene & Maintenance (0.97); Facilities & Amenities (0.95); Room Quality & Comfort (0.94)"
Christina Wii,2023,4,hotel yang dekat sekali dengan tunjungan plaza kesan pertama saat masuk ke lobi sangat mewah sekali ada cermin yang sangat besaar kalau ngaca rasanya diri ini hanya tinggalhan rengginang yang mlempem wkwkk saat cek ini dapat minum salam hangat jahe sere dingin dan juga voucher gelato yang bisa d tukar di simpang kopi gelato jika beli sendiri per cangkir nya 35k enaak staff rasanya tapi ada juga beberapa yang sangat kurang ramah senyum wifi di kamar sangat joss kamar bersih luas dan nyaman sarapan nya juga enak sangat bervariasi oh iya yang disini spesial juga disedia di indomie heheh sarapan indomie dah dah,BUMN,Bintang 4,GrandInnaTunjungan,positive,0.9988768696784973,Facilities & Amenities,Facilities & Amenities (0.96); Service Quality (0.85); Check in/out Experience (0.82)
AG Makmur,2025,5,ramah lokasi yang baik makanan yang baik sangat baik layanan nya,BUMN,Bintang 4,GrandInnaTunjungan,positive,0.994468092918396,Service Quality,Service Quality (0.99); Guest Experience (0.99); Facilities & Amenities (0.99)
Tolistya Novitasari Abdullah,2023,5,tempat sangat strategis kamar sangat nyaman dan pelayanan sangat baik kantor depan ramah dan semua pegawai sangat membantu kolam renang baik dan bersih tapi kurang direkomendasikan untuk anak di bawah 5 tahun karena kedalamannya 1 3 meter dekat dengan alun-alun dekat juga dengan pemberhentian bus sehingga mudah jika ingin bepergian dengan bus,BUMN,Bintang 4,GrandInnaTunjungan,positive,0.9965559244155884,Facilities & Amenities,Facilities & Amenities (1.00); Room Quality & Comfort (0.97); Staff Conduct & Hospitality (0.94)
Rani Purwati,2023,2,Lokasinya strategis bangunan tua tapi masih lumayan terawat sayangnya saya dapat kamar no 525 yang view nya ketutupan sama pagar2 bagunan jadi menghalangi pemandangan kota pdahal sudah request sebelumnya karena lokasinya dipusat kota jadi lumayan bising suaranya sinyal wifi kurang bagus tv banyak semutnya,BUMN,Bintang 4,GrandInnaTunjungan,negative,0.9093937277793884,Facilities & Amenities,Facilities & Amenities (0.65); Digital Connectivity & Technology (0.50); Service Quality (0.48)
Anisa Holi,2024,1,buka puasa bersama di hotel yang katanya bintang 4 tapi kek kondangan di rumah org diinfo tempat bukbernya di latar hotel saat hari h jadi tidak punya pilihan alasannya karena membludaknya permintaan ternyata di dalam dipakai untuk pernikahan setau saya biasanya hukber di hotel itu disambut diarahkan mejanya di mana ini tidak malah g ada arahan sekali makanannya pada habis saat di jam tidak lgsg direfill semua org makan pada kebingungan parahnya menunggu refill minum pun lama banget kasian banget lo orang2 mau buka puasa minum saja kurang2 sangat tidak dianjurkan jika mau buka buku bukber memperbaiki tidak disini deh bener2 nyesel,BUMN,Bintang 4,GrandInnaTunjungan,negative,0.994051992893219,Guest Experience,Guest Experience (0.79); Booking & Reservation Experience (0.66); Food & Beverage (0.61)
Enik Idawati,2024,1,sangat tidak direkomendasikan untuk buku seperti pasar malam harga per pax 125 tapi kayak angkringan makanan telat diresmikan buku di halaman hotel ternyata sudah banyak yang ulas tidak ada perbaikan,BUMN,Bintang 4,GrandInnaTunjungan,negative,0.9977896213531494,Food & Beverage,Food & Beverage (0.34); Religious & Halal Features (0.31); Pricing & Value for Money (0.31)
jelajah sumenep,2024,5,hotel ini memang bukan hotel baru tapi suasana ketika kita masuk ke hotel ini membuat kita merasa kembali ke suasana beberapa tahun yang lalu namun tetap asri dan nyaman kamar juga nyaman selayaknya hotel bintang yang bikin saya kangen dari hotel ini adalah adanya suguhan menu tradisional seperti bubur ayam dan bubur beras merah yang sangat sulit saya jumpai meskipun di rumah saya sendiri kita beralih ke kopi dalam beberapa kali saya sarapan kopiinya disini mantap berbeda dengan kopindi hotel lain yang airnya padahal dari salah satu outlet kopi ternama kemudian sudah itu saja saya mau linting tembako saja,BUMN,Bintang 4,GrandInnaTunjungan,positive,0.9986838698387146,Facilities & Amenities,"Facilities & Amenities (0.94); Food & Beverage (0.91); Cleanliness, Hygiene & Maintenance (0.78)"
Kurnia Darmawan,2023,3,periode menginap tgl 21 26 desember 2023 lokasi oke staf ramah sarapan biasa saja hampir setiap hari harus antri karena kekurangan tempat staf restoran kurang gesit sepertinya banyak trainee nya yang paling penting koneksi internet wifi di kamar benar benar ambyar antara ada dan tiada,BUMN,Bintang 4,GrandInnaTunjungan,positive,0.9837809801101685,Facilities & Amenities,Facilities & Amenities (0.99); Service Quality (0.98); Staff Conduct & Hospitality (0.97)
Arfian Agus,2023,4,hotelnya bersih bagus pelayanan baik sekali sarapannya enak gym alatnya minimal tapi keamanan agak kurang sopan ojek saya ditegur keamanan karena jemput saya di lobi aneh banget kenapa ojek tidak boleh ke lobi apa salahnya ojek saya sebagai tamu ikut tersinggung,BUMN,Bintang 4,GrandInnaTunjungan,negative,0.6180002689361572,Safety & Security,Safety & Security (0.88); Guest Experience (0.88); Facilities & Amenities (0.80)
A_022_ Azzahra Gita Cahyani,2024,5,hotel nya keren abis loh saat di pusat kota surabaya jadi bisa jalan jalan juga di sini semua staf nya ramah apalagi waktu saat sarapan hm nyami dan banyak banget menu varian nya staf layanan nya inget banget sama tamunya happy banget yuk ah,BUMN,Bintang 4,GrandInnaTunjungan,positive,0.9994868040084839,Staff Conduct & Hospitality,Staff Conduct & Hospitality (0.96); Guest Experience (0.89); Facilities & Amenities (0.83)
Budiartha Putu,2024,4,setelah seharian jalan jalan akhirnya sampai juga ke hotel ini saat sekali dekat dengan tapi dan sekitarnya jadi malamnya saya bisa keluar jalan2 menikmati kota surabaya selamat datang minumnya seger pelayanannya sangat sigap sekali saat memeriksa masuk kamar kartu kunci yang saya dapatkan tidak berfungsi kebetulan ada petugas lewat langsung dibantu makananya enak2 cepat semua mungkin menurut saya yang kurang itu tidak ada sambel atau cabai lah jadi saat mengambil soto jadinya tidak merasa pedas akan tetapi saya tidak mempermasalahkan itu sisanya semuanya baik,BUMN,Bintang 4,GrandInnaTunjungan,positive,0.998995840549469,Service Quality,Service Quality (0.98); Service Efficiency & Responsiveness (0.97); Staff Conduct & Hospitality (0.95)
finding mrone,2024,1,hari ini mencoba paket buka bersama semua yang bisa dimakan seharga 125rb pack tapi cuma kebagian makan nasi sama tahu saja ini mah bukan semua yang bisa dimakan doang udah kaya pembagian sembako rebutan siapa cepat bisa makanan kosong lama banget di refill keburu kenyang makan angin dikasih tempat di luar dekat tangga sama pintu apa itu orang2 lalu lalang saat lagi makan tidak nyaman saat membaca ulasan ternyata sudah dari tahun lalu kaya gitu dan tidak ada perbaikan memperbaiki makan tempat lain saja tidak rekomen,BUMN,Bintang 4,GrandInnaTunjungan,negative,0.9978103041648865,Guest Experience,Guest Experience (0.87); Check in/out Experience (0.85); Facilities & Amenities (0.82)
Abu Kaina,2023,4,lokasi strategis di tengah kota dekat dengan mall taman stasiun dan alun alun kota cukup nyaman untuk hotel dengan bangunan jadul kamar yang ditawarkan ada yang masih dengan desain interior hotel mewah jadul seperti pengalaman menginap saya dan ada kamar yang sudah dipugar dengan desain interior yang lebih modern silahkan sesuaikan preferensi masing masing untuk fasilitas di kamar jadul nya beberapa bagian kamar kualitasnya sudah terdepresiasi seperti keran air pengatur suhu ac bak mandi namun masih cukup nyaman untuk saya sarapan standar tidak ada yang spesial parkir luas kamar resepsionis membantu,BUMN,Bintang 4,GrandInnaTunjungan,positive,0.9946467280387878,Guest Experience,Guest Experience (0.89); Facilities & Amenities (0.87); Check in/out Experience (0.64)
Haby Sadat,2023,4,kecewa dengan pelayanan staf hotel ini pada tanggal 29 Oktober 2023 saat menginap di hotel ini tamu kedua saya kena prank oleh staf resto hotel staff resto hotel menelpon kedua kamar tamu yang saya pesankan untuk tamu saya untuk sarapan pagi dan setelah itu mereka menagih tamu saya untuk membayar biaya sarapan pagi tanpa sepengetahuan saya sebagai pemesan kamar staf hotel resto hotel tidak memberitahu sebelumnya tamu saya bahwa kamar yang saya pesan kepada tamu adalah kamar hanya kebetulan waktu staf hotel menelpon kedua tamu saya untuk sarapan saya sedang dikolam renang pagi itu sebenarnya saya dan kedua tamu sudah diluar sambil menikmati mobil saya sarapan gratis hari di sekitar tun,BUMN,Bintang 4,GrandInnaTunjungan,negative,0.9989469647407532,Guest Experience,Guest Experience (0.76); Booking & Reservation Experience (0.74); Service Quality (0.57)
Grace,2024,4,overall cocok dengan keseluruhan kondisi hotel yang sekarang secara hotel lama tpi sudah direnovasi ukuran kamar nya suka bersih makanan di resto nya cocok juga rasa saat harga standar resto hotel parkir luas staf ramah2,BUMN,Bintang 4,GrandInnaTunjungan,positive,0.9991724491119385,"Cleanliness, Hygiene & Maintenance","Cleanliness, Hygiene & Maintenance (0.99); Location, Accessibility & Parking (0.99); Facilities & Amenities (0.99)"
Ririt RB,2025,5,Salah satu hotel favorit kalau saat ke surabaya tempatnya strategis banget deket banget dengan tunjungan plaza tinggal jalan kaki sedikit dan deket juga dengan jl tunjungan yang nge hits asik buat jalan malem sambil kuliner kamar sudah di renovasi dengan furnitur baru jadi lebih modern kamarnya bikin betah terutama yang view ke jalan raya untuk sarapan lumayan bervariatif buat yang hobi ngemal dan jalan terutama di tunjungan plaza dan sekitaran pasti suka banget di hotel ini rekomendasi,BUMN,Bintang 4,GrandInnaTunjungan,positive,0.9994988441467285,Facilities & Amenities,Facilities & Amenities (0.85); Family & Group Friendly (0.73); Food & Beverage (0.66)
Prasetyo Utm,2023,5,kamar bersih dan luas tapi dekat dengan jalan raya jadi bising dan ada nyamuknya pelayanan staf sangat ramah sudah bisa cek masuk sebelum jam 2 bisa mendapatkan voucher gelato 1 rasa suasa lobby enak dekat dengan tapi untuk sarapan nilai delapan nilai 9 5 untuk indomienya,BUMN,Bintang 4,GrandInnaTunjungan,positive,0.9594616889953613,Service Quality,Service Quality (0.99); Facilities & Amenities (0.98); Staff Conduct & Hospitality (0.97)
A Rohma,2024,5,kesan pertama dari hotel ini adalah pelayanan yang ramah aminities di dalam kamar juga lengkap ada kolam renang dan gym resto juga konek dengan teras sehingga kita bisa menikmati makanan dengan melihat lalu lalang kendaraan di jalan raya kami memilih menginap di sini alasan utama karena terletak di tengah kota surabaya dekat dengan mall terbesar yaitu plaza tunjungan untuk menjangkau mall kami hanya tinggal melangkah beberapa ratus meter dari hotel sehingga tidak perlu repot mencari parkir di mall dekat dengan tunjungan romansa dan banyak taman berada dekat dengan taman prestasi dan balaikota suroyo sehingga saat pagi kita bisa berjalan sukses menikmati permainan sambil taman olah raga ringan selalu,BUMN,Bintang 4,GrandInnaTunjungan,positive,0.9992269277572632,Facilities & Amenities,Facilities & Amenities (1.00); Service Quality (1.00); Service Efficiency & Responsiveness (1.00)
Taufieq Ridlo Makhmud,2022,4,hotel lama yang masih oke terlihat ada renovasi di bbrp bagian di eksterior dan interior gedung tempat parkirnya cukup luas di luar lokasi sangat strategis tepat di seberang tunjungan plaza sangat enak jika mau berbelanja juga dekat dengan berbagai gedung penting seperti grahadi balai kota alun2 surabaya dll kamarnya cukup luas dan nyaman tempat tidur sudah lama tapi masih cukup nyaman tv masih lcd tapi pilihan salurannya masih oke ada mini kulkas mandi air panas dingin yang berfungsi baik jendela kamar yang lega dengan pemandangan yang bagus ke arah jalan di sekitarnya banyak pilihan kuliner yang menarik sarapan di hotel,BUMN,Bintang 4,GrandInnaTunjungan,positive,0.9979689717292786,"Location, Accessibility & Parking","Location, Accessibility & Parking (0.98); Facilities & Amenities (0.98); Room Quality & Comfort (0.72)"
firaa,2025,5,Ini adalah salah satu hotel terbaik yang pernah aku menginap masuk Aku pasti akan memesan kamar lain di sini untuk kunjungan berikutnya ke Surabaya,BUMN,Bintang 4,GrandInnaTunjungan,positive,0.9960581064224243,Service Quality,Service Quality (0.96); Guest Experience (0.94); Booking & Reservation Experience (0.90)
Febriany Napan,2024,5,hotelnya bgus bersih lokasi strategis pegawainya juga ramah ramah makanan juga enak2 nginapnya bonus dapat es krim,BUMN,Bintang 4,GrandInnaTunjungan,positive,0.9994282126426697,"Cleanliness, Hygiene & Maintenance","Cleanliness, Hygiene & Maintenance (0.99); Facilities & Amenities (0.98); Food & Beverage (0.98)"
Faradila Kirana,2023,5,hotel klasik dengan kamar yang cukup oke banget untuk harga segitu lokasi juga strategis banget cukup jalan kaki ke tapi stafnya super ramah semuanya saat check masuk dapet free gelato juga sarapan beragam dan kopinya enak banget tidak kalah sama kopi2 yang ada kafe tapi mungkin untuk wifi kamar perlu ditingkatkan karena mereka putus nyambung secara keseluruhan oke banget disini tidak kapok nginep di sini lagi,BUMN,Bintang 4,GrandInnaTunjungan,positive,0.9992402791976929,Pricing & Value for Money,Pricing & Value for Money (0.95); Staff Conduct & Hospitality (0.93); Facilities & Amenities (0.92)
Eva Anggreani,2024,5,Lokasinya strategis sedikit dekat sama tunjungan plaza klo mau ke tapi tinggal nyebrang saja lewat jembatan penyeberangan ya biar keamanan untuk pelayanan oke deh gercep pokoknya nyaman banget nginap di sini,BUMN,Bintang 4,GrandInnaTunjungan,positive,0.9994893074035645,Safety & Security,Safety & Security (0.98); Service Quality (0.97); Guest Experience (0.93)
Jasmine,2023,2,pengalaman tidak terlupakan bagaimana tidak kami mengalami kendala kamar mandi lebih parah lagi WC tidak dapat digunakan saat liburan lebaran tanggal 30 april 2023 pagi saat saat saat akan menggunakan kamar mandi ternyata udara mati tidak lama kemudian air toilet blebek2 naik anehnya tidak ada solusi dan permintaan maaf dari manajemen hanya teknisi saja yang mengabarkan adanya kendala kebocoran dan sedang diperbaiki oh ayo ini kendala yang sangat serius mereka bersikap seolah tidak ada apa2 resepsiis sibuk sendiri tidak ada yang membantu kami memberikan toilet padahal saat ini kami mengambil 3 kamar dan itu akan memeriksa sampai saya harus lari ke lobi,BUMN,Bintang 4,GrandInnaTunjungan,negative,0.998996913433075,Complaint Handling & Service Recovery,Complaint Handling & Service Recovery (0.94); Guest Experience (0.78); Booking & Reservation Experience (0.66)
early rifka,2023,5,kamar luas nyaman ac berfungsi dengan baik wifi lumayan kenceng namun kalau malam hari agak berisik denger suara motor kebut kebutan di luar toilet disediakan lengkap pemanas berfungsi dengan baik dan ada pengering rambut juga staf sangat ramah penuh tersenyum dan membantu sekali staf kerja nya cekatan sangat peka terhadap pengunjung satpam an tn adrianto membantu pengunjung dengan baik bantu angkat koper dll makanan cukup bervariasi dan rasanya lumayan enak dan enak jika habis juga cepat di refil tempat sangat strategis deket sama pedagang kali lima di deketnya ada penyetan enak juga depan ada kios maupun kopi cemilan deket sama berhenti bus juga tunj,BUMN,Bintang 4,GrandInnaTunjungan,positive,0.9991625547409058,Staff Conduct & Hospitality,Staff Conduct & Hospitality (0.99); Service Efficiency & Responsiveness (0.99); Facilities & Amenities (0.98)
Lie Yen Budyanto,2024,3,kamar bersih kolam kotor tempat gym sama sekali tidak layak untuk hotel bintang 4 makanan juga biasa saja dari segi rasa dan macamnya,BUMN,Bintang 4,GrandInnaTunjungan,negative,0.9956870675086975,Facilities & Amenities,"Facilities & Amenities (0.97); Food & Beverage (0.90); Cleanliness, Hygiene & Maintenance (0.89)"
Angga Sektiawan,2025,5,lokasi tengah kota dekat plaza tunjungan bila mau belanja2 kamar cukup bagus layanan bagus banget TV error lngdung sigap fasilitas komplit,BUMN,Bintang 4,GrandInnaTunjungan,positive,0.9994589686393738,Service Quality,Service Quality (0.97); Facilities & Amenities (0.96); Service Efficiency & Responsiveness (0.93)
Robiatul Wie,2023,5,kamar luas bersih nyaman fasilitas seperti yang dideskripsikan layanan ramah dan membantu lokasi strategis disebrang tunjungan plaza bisa jalan kaki lewat jembatan penyebrangan terimakasih untuk resepsionis pak tri wibowo yang membantu saat ini tas laptop dan dompet saya tertinggal di lobi sementara saya sudah dibandara dan jadwal pesawat sangat mepet alhamdulillah tas diantar lewat biru burung tepat waktu salam sehat dan sukses selalu pak,BUMN,Bintang 4,GrandInnaTunjungan,positive,0.9988641738891602,Facilities & Amenities,Facilities & Amenities (1.00); Service Efficiency & Responsiveness (1.00); Service Quality (1.00)
Erna Kartika,2024,5,kamarnya luas banget bersih juga staf ramah2 pelayanan oke mantep deh ada selamat minum juga belum pernah coba sebelumnya minuman jawa2 gitu sih gatau namanya,BUMN,Bintang 4,GrandInnaTunjungan,positive,0.9960219264030457,Facilities & Amenities,"Facilities & Amenities (0.99); Staff Conduct & Hospitality (0.98); Cleanliness, Hygiene & Maintenance (0.97)"
Topik Setiabowo,2023,3,lokasi strategis kamar luas bersih kecuali di belakang tirai kaca agak kotor sayang kolam renang tidak terawat kebersihannya tinggal bersama anak pengen renang tapi ko disi udara sangat kotor akhirnya tidak jadi anak menangis kecewa,BUMN,Bintang 4,GrandInnaTunjungan,negative,0.9920036196708679,Facilities & Amenities,"Facilities & Amenities (0.98); Cleanliness, Hygiene & Maintenance (0.88); Service Quality (0.83)"
Prince Lez,2022,4,kamarnya luas dan bersih kamar mandi juga bersih air panasnya lancar ada wifi tapi sering macet kolam renang bagus tapi waktu ke sana udara agak keruh tapi masih oke menu makan pagi enak dan banyak pilihan cuma perlu diperhatikan banyak lalat kecil di bagian buah dan sayuran pelayanan sangat ramah daerah parkir cukup luas tapi jika hotel ramai maka cukup sulit mendapatkan parkirnya aksesnya dekat dengan mall tinggal lewat jembatan penyebrangan saja untuk menuju mall,BUMN,Bintang 4,GrandInnaTunjungan,positive,0.9991201758384705,"Location, Accessibility & Parking","Location, Accessibility & Parking (0.97); Facilities & Amenities (0.95); Service Quality (0.90)"
Dea Ayesha Widyaswari,2022,3,hotel tua dengan posisi strategis dekat gedung negara grahadi mudah dijangkau oleh mode transportasi apapun dekat jg dengan stasiun pasar turi ukuran kamar standar layanan oke makanan standar tapi kendala cukup banyak bagi saya 1 ac kamar bermasalah tidak bisa dingin bahkan setelah diperbaiki masih tetap panas 2 sandal kamar harus minta dulu ke resepsionis 3 perlengkapan mandi minimal 4 tidak ada mug besar untuk minum teh hanya ada cangkir kecil 5 tempat tidur terasa kurang bersih 6 saluran hiburan tv terbatas 7 tidak ada setrika di lemari 8 tidak ada sajadah 9 tidak ada rak ambalan untuk meletakkan alat mandi bentuk dokter mandi 10 toilet bid,BUMN,Bintang 4,GrandInnaTunjungan,negative,0.7322338223457336,Facilities & Amenities,Facilities & Amenities (0.99); Service Quality (0.94); Food & Beverage (0.87)
Alifia Azzah,2023,3,Barusan banget cek keluar menurut saya kurang oke dari segi pelayanan restoran ketika sarapan contoh 1 saya harus membersihkan piring alat makan sendiri 2 makanan yang kosong tidak segera di isi ulang 3 pelayan tidak ada inisiatif untuk membersihkan ke setiap meja saya lihat berlaku untuk semua tamu,BUMN,Bintang 4,GrandInnaTunjungan,negative,0.9982584118843079,Service Quality,"Service Quality (0.95); Check in/out Experience (0.93); Cleanliness, Hygiene & Maintenance (0.89)"
lizz charlotte,2023,4,lobby oke kamarny untuk yang deluxe oke ada sofa kecilny bersih untuk yang superior biasa az kursi juga tersedia hny sj buka sofa yang kurang sukak cuman menu buffet sarapanny sama skali kurang menarik bhkn saya minum jamu yang sudah berubah rasa bila sudah berganti hari tlg perhatikan agar minuman yang kmrn tidak di tampilan lg,BUMN,Bintang 4,GrandInnaTunjungan,positive,0.6151426434516907,Facilities & Amenities,"Facilities & Amenities (0.92); Food & Beverage (0.77); Cleanliness, Hygiene & Maintenance (0.75)"
yanles 11,2022,5,tugas lagi ke Surabaya saya pilih grand inna tunjungan plaza dekat dengan mall tunjungan walaupun hotel cukup tua dan legenda di surabaya tapi membuat saya cukup nyaman bersih kamar saya di 205 di hari pertama karena bsk saya cek saya akan keluar ke kota madiun jika tidak berisik rabu saya akan memilih lg menginap di sini setelah dari madiun kamar cukup luas bersih fasilitas buat saya oke pegawai resepsionis ramah jika bsk mungkin saya bisa meninjau makanan pagi ini cukup oke dengan situasi hotel sedang turun buah ada jus ada saya suka suasana restoran dengan hotel oke ramah itu yang membuat saya terkesan fasilitas mungkin kalah,BUMN,Bintang 4,GrandInnaTunjungan,positive,0.9984228610992432,Facilities & Amenities,Facilities & Amenities (0.99); Staff Conduct & Hospitality (0.98); Service Quality (0.97)
dian handayani,2024,2,soal buku tgl 28 maret sangat tidak menyenangkan pelayanannya kurang banget tidak sesuai dengan taraf hotel bintang 4 buat mengisi ulang makanannya lambat minum saja juga rasanya terbatas,BUMN,Bintang 4,GrandInnaTunjungan,negative,0.9992936849594116,Guest Experience,Guest Experience (0.86); Food & Beverage (0.79); Facilities & Amenities (0.64)
Albeth,2023,5,Salah satu hotel yang cocok banget untuk pecinta hotel klasik dengan harga yang murah bisa dapat kamar yang luas sofa mini bar ac juga pakai ac central window luas banget untuk lobiya saya suka sekali dengan pengharum yang digunakan dan jika mau jalan tapi belum jam cek masuk bisa sekali untuk menitipkan barang di sini jadi bisa jalan dulu sambil menunggu jam cek masuk,BUMN,Bintang 4,GrandInnaTunjungan,positive,0.9993901252746582,Facilities & Amenities,Facilities & Amenities (0.98); Pricing & Value for Money (0.96); Family & Group Friendly (0.92)
Johanudin SH,2023,5,pertama kali ke surabaya menginap di hotel ini karyawan ramah dan waktu cek masuk cepat interior kamar sudah cukup modern meskipun handuk yang tersedia sepertinya perlu diganti karena terlihat sudah menggunakan bagian loby dan restoran sangat bagus menu sarapan banyak dan juga enak dekat dengan tunjungan plaza secara keseluruhan sangat memuaskan,BUMN,Bintang 4,GrandInnaTunjungan,positive,0.9992972612380981,Service Efficiency & Responsiveness,Service Efficiency & Responsiveness (1.00); Staff Conduct & Hospitality (1.00); Service Quality (1.00)
ian suhendra,2021,4,hotel ini lokasinya strategis dekat sama tunjungan plaza bangunan hotel ini sebenernya cukup tua desain kamar dan furnitur agak tua tapi ukuran kamarnya termasuk lebih luas dari sekelasnya sayangnya sempat udara yang keluar berwarna coklatan mungkin bisa lebih diperhatikan oleh pihak staf hotelnya sendiri cukup ramah di sini sarapannya standar sih bisa lebih diperbaiki lg menuunya untuk ukuran kolam renangnya juga menengah di sini tapi cukup seru jika menginap di sini waktu akhir pekan karena dekat mau jalan2 juga ada angkringannya jg setiap akhir pekan,BUMN,Bintang 4,GrandInnaTunjungan,positive,0.9973846077919006,Staff Conduct & Hospitality,Staff Conduct & Hospitality (0.99); Facilities & Amenities (0.98); Service Quality (0.96)
Kang Danny Creator,2023,5,secara keseluruhan kamar dan fasilitas sudah direnovasi perlu ditingkatkan saja kinerja tim hk di minta kirim tidur lama banget ganternya sampai tamu harus sopan 2 x masuk istilah waktu sarapan suasana oke namun menuunya kurang variatif harga idr 462 809 setidaknya maincourse dan stallnya ditambah,BUMN,Bintang 4,GrandInnaTunjungan,negative,0.9173024296760559,Facilities & Amenities,Facilities & Amenities (0.99); Guest Experience (0.89); Food & Beverage (0.80)
Lidwina Arin,2021,4,Hotel lama tapi masih baik dipertahankan cinta kamar itu cukup besar semua fasilitas di sini masih masuk kondisi yang baik saya mendapatkan kamar dengan pemandangan yang bagus gubernur suryo jalan lokasi yang sangat baik di pusat kota Surabaya dekat tunjungan plaza dan pusat bisnis satu hal yang saya tidak suka tentang hotel ini karena ac itu tidak benar-benar keren itu cukup panas tapi secara keseluruhan saya menikmati tinggal di sini dan melihat situasi jalan dari kamar saya,BUMN,Bintang 4,GrandInnaTunjungan,positive,0.9985804557800293,Facilities & Amenities,"Facilities & Amenities (0.98); Guest Experience (0.79); Location, Accessibility & Parking (0.39)"
Aldila Lareina,2024,5,lokasi hotel ini sangat strategis dekat dengan makanan alun alun dan juga juga juga juga sangat baik terutama pada bagian restorasi dan juga satpam,BUMN,Bintang 4,GrandInnaTunjungan,positive,0.9992448091506958,Service Quality,Service Quality (0.99); Facilities & Amenities (0.99); Safety & Security (0.97)
Liliek Marhaendro,2023,3,hotel lama tapi masih terawat baik tempatnya sangat strategis dekat pusat keramaian di surabaya tunjungan yang kalau malam hari banyak toko bermunculan di sepanjang jalannya pejalan kaki jalanan disekitarnya juga bagus sekali sehingga nyaman untuk jalan kaki diarea tsb,BUMN,Bintang 4,GrandInnaTunjungan,positive,0.9992178678512573,"Cleanliness, Hygiene & Maintenance","Cleanliness, Hygiene & Maintenance (0.94); Facilities & Amenities (0.92); Service Quality (0.84)"
Billy B,2022,5,Hotel masuk yang baik pusat kota Surabaya personel baik dan sopan terutama mas eko yang sangat membantu membantu kami dengan bagasi dan menjelaskan tempat wisata di sekitar hotel masuk kamar berjalan kaki bersih dan segar kamar mandi juga sarapan juga baik menikmati satu malam kami tinggal di sini sangat baik ps wifi koneksi tidak sangat stabil,BUMN,Bintang 4,GrandInnaTunjungan,positive,0.9980148077011108,Staff Conduct & Hospitality,"Staff Conduct & Hospitality (1.00); Cleanliness, Hygiene & Maintenance (1.00); Facilities & Amenities (1.00)"
Rina Sakhazavier,2024,5,hotel bersih wangi rapi luas saat d tngah kota mau kmn dekat mba2 rspsionis ny ramah,BUMN,Bintang 4,GrandInnaTunjungan,positive,0.9993314743041992,"Cleanliness, Hygiene & Maintenance","Cleanliness, Hygiene & Maintenance (0.99); Service Quality (0.98); Facilities & Amenities (0.97)"
AHNSH,2023,5,pertama tama kami ucapkan banyak terimakasih atas pelayanan yang sangat ramah saat baru datang kami langsung di sambut dan barang kami langsung di bawakan proses cek masuk juga sangat cepat dan di layani oleh resepsionis dengan baik sebelumnya kami sudah memesan hotel melalui aplikasi traveloka dengan harga Rp 391 0 tidak termasuk sarapan hotel bersih nyaman ac dingin air mandi panas dingin lancar saluran televisi beragam tersedia telepon untuk menghubungi pihak hotel jika perlu bantuan ada pengering rambut tersedia tangan keset kaki peralatan mandi lengkap ada sendal hotel 1 pasang ada kulkas mini ada petunjuk kiblat di kamar dan ada kolam renang petugas hotel sangat baik,BUMN,Bintang 4,GrandInnaTunjungan,positive,0.9986438155174255,Service Quality,Service Quality (0.99); Service Efficiency & Responsiveness (0.98); Facilities & Amenities (0.95)
Muhammad Habibi,2024,5,hotel yang sangat bagus saya menginap 4 hari di kamar 323 suasana tenang kamar mandi sangat bagus petugas resepsionis yang sangat ramah dan bisa diajak bercanda dengan sopan sangat bersih dan sungguh sungguh sangat luar biasa di menu sarapan pagi paginya sambelnya muuantepz buuanggetz khususnya olahan ayam tempe ikan filet dan sayurnya luar biasa,BUMN,Bintang 4,GrandInnaTunjungan,positive,0.9993693232536316,"Cleanliness, Hygiene & Maintenance","Cleanliness, Hygiene & Maintenance (0.99); Staff Conduct & Hospitality (0.99); Service Quality (0.98)"
Christian Jaya,2021,3,Salah satu hotel jadul yang ada di tengah kota surabaya ukuran parkir cukup luas untuk hotel bintang 3 kamarnya juga cukup luas layak cuman sayang ac nya panas wifi juga lambat sering terputus sendiri sehingga memperlambat pekerjaan pengering rambut tidak berfungsi,BUMN,Bintang 4,GrandInnaTunjungan,positive,0.7847273945808411,"Location, Accessibility & Parking","Location, Accessibility & Parking (0.93); Facilities & Amenities (0.85); Digital Connectivity & Technology (0.67)"
Imanuel Drianda Prasetya,2021,5,puas banget menginap di grand inna tunjungan ex inna simpang tgl 3 4 april 2021 salah satu hotel tua di surabaya sejak tahun 80an dateng siang jam 12an lewat sudah bisa masuk kamar dan pegawainya ramah2 tidak nyangka ternyata mereka masih menyediakan kamar superior yang model vintage jadul dan ada mandibenya lohh foto di perjalanan hanya menunjukkan kamar yang sudah dibutuhkan tapi khusus di lantai 5 saja saja ya dan malah ini yang saya cari2 karena suka nuansa vintage tua yang suka kesan vintage bisa meminta kamar lantai 5 yang tidak suka kesan lama bisa minta di lantai lain hotelnya cukup dan cukup,BUMN,Bintang 4,GrandInnaTunjungan,positive,0.9957025647163391,Staff Conduct & Hospitality,Staff Conduct & Hospitality (0.98); Service Quality (0.89); Service Efficiency & Responsiveness (0.79)
dharma 2534,2024,3,Saat ini lagi ada bukuber sama keluarga secara makanan haruse enak ya ini termasuk hotel legenda di surabaya cuma kurang e banyak misal kemarin saat makan nasi kebuli lauknya habis duluan ayam terus ada gula kacang ijo dan roti maryam benar benar gula kacang ijo tidak ada suiran daging kambingnya pyur kacang ijo beraroma gula penambahan yang terbanyak dari unsur nasi nya lauknya tidak nongol karena adanya yang banyak tahu bacem ya jadi e makan kemarin kebuli dan tahu bacem serta nasi nasgor ikan asin dan tahu bacem,BUMN,Bintang 4,GrandInnaTunjungan,positive,0.9972203969955444,Cultural & Heritage Experience,Cultural & Heritage Experience (0.68); Food & Beverage (0.63); Service Quality (0.60)
Ma'ruf Zakaria,2022,5,mantap banget lokasi strategis tinggal jalan ke tunjungan plaza semua orang super ramah kamar luas bersih dan nyaman ac dingin saluran tv banyak kamar mandi bersih udara hangat lancar sarapan enak tinggal pilih sesuai selera kalau akhir pekan ada kafe angkringan dengan musik live saat buat nongkrong santai menikmati suasana malam surabaya aku suka,BUMN,Bintang 4,GrandInnaTunjungan,positive,0.9995561242103577,Facilities & Amenities,Facilities & Amenities (1.00); Family & Group Friendly (0.98); Room Quality & Comfort (0.98)
Handojo Koestoro,2021,3,hotel bintang empat yang ternyata hotel sejak jaman dahulu waktu masuk lobi kami disambut aroma bangunan jaman dahulu angkat kapasitas 5 orang berdesakan untuk kami yang memang sekeluarga jika orang tidak sekeluarga muat 2 orang pada masa pandemi seperti sekarang ac dalam kamar tidak terlalu dingin tapi cukup agar tidak berkeringat pagi setelah bangun tidur kami buka korden dan beberapa teknisi berlalu lalang depan jendela kami foto terlampir sepertinya hotel ini 6 atau 7 tingkat jadi waktu pesan kamar di lantai yang tinggi kami diberi lantai 3 tentu 3 adalah cukup tinggi untuk 6 lantai tidak salah juga tv di kamar saya tidak bermasalah tapi anak di kamar saya,BUMN,Bintang 4,GrandInnaTunjungan,positive,0.6099910736083984,Booking & Reservation Experience,Booking & Reservation Experience (0.89); Ambience & Design (0.87); Facilities & Amenities (0.84)
Pipit Suripit,2022,4,review bagus staf concierge membantu agen layanan tamu baik saya sangat sangat dibantu waktu ada hilang dan menemukan staf ibu ibu di coffeeshop sangat baik review buruk jangan berharap lebih pada sajian makan pagi apa saya harus mengeluh dulu baru makanan direfill pdhal baru jam 8pagi lgs di f u sama exc chef room service menuunya lumayan enak tapi menu sarapannya tidak direkomendasikan banget banyak debu dikamar,BUMN,Bintang 4,GrandInnaTunjungan,negative,0.9858952164649963,Guest Experience,Guest Experience (0.90); Staff Conduct & Hospitality (0.89); Service Quality (0.82)
Mama Shandim,2022,5,review lengkap bisa ditonton di kanal youtube mama shandim hotel grand inna tunjungan surabaya punya layanan yang bagus kamar yang nyaman dan bersih fasilitasnya lengkap ada kolam renangnya parkirannya luas banget letaknya strategis dekat dengan mall tunjungan plaza bisa dijangkau dengan jalan kaki saja dekat jembatan penyebrangan jadi nyaman kalau mau ke mall tunjungan plaza sangat rekomen untuk yang mau menginap dekat dengan view mall yang didapat juga bagus kalau pagi hari mantap,BUMN,Bintang 4,GrandInnaTunjungan,positive,0.9994575381278992,Facilities & Amenities,"Facilities & Amenities (0.99); Location, Accessibility & Parking (0.99); Service Quality (0.98)"
Akram Wahyu,2025,1,Kamarnya kotor stafnya tidak ramah dan tidak bisa berbahasa Inggris,BUMN,Bintang 4,GrandInnaTunjungan,negative,0.9992341995239258,Guest Experience,Guest Experience (0.94); Facilities & Amenities (0.89); Service Quality (0.82)
ade ardila safitrie,2023,4,lokasi sangat strategis di kota kamar bagus dan nyaman tapi banyak nyamuk anak2 saya digigit nyamuk dan kolam renang jg kurang anak-anak ramah karna yang paling rendah 1 m saja dan lantainya licin banget mau ke tunjungan plaza jg deket tinggal jalan kaki pesan dua kamar minta koneksi kamar tidak tersedia,BUMN,Bintang 4,GrandInnaTunjungan,positive,0.7521028518676758,Facilities & Amenities,Facilities & Amenities (0.98); Service Quality (0.88); Booking & Reservation Experience (0.78)
Asti Pinarti,2022,4,hotel jadul tapi kayaknya sudah di renovasi jadi kamarnya lumayan kekinian kamarnya sebenarnya bersih cuma saat saya dateng kebetulan tempat tidur menutupi kamar saya agak2 gimanaa gtu semacam apek atau apa kayak lama tidak digunakan untung saat saya minta ganti stafnya gercep dan baik hati langsung dateng ke kamar dan digantiin untuk sarapan dari sisi rasa bener2 teramat sangat perlu ditingkatkan lagi soalnya ya deh gitu oya disini tidak boleh pinjem setrikaan karena dari hotel sudah menyediakan jasa seterika jadi tidak boleh nyetrika sendiri,BUMN,Bintang 4,GrandInnaTunjungan,negative,0.5417079925537109,Facilities & Amenities,Facilities & Amenities (0.51); Service Quality (0.49); Staff Conduct & Hospitality (0.48)
rendra shop,2023,5,1 dapat kamar di lantai 6 menghadap ke barat tapi tidak bisa melihat matahari terbenam karena terhalang sama tunjungan plaza 2 penutup loteng di kamar mandi kekecilan jadi ada lobang diantaranya tidak nyaman jika mandi 3 kulkasnya mati tapi sama teknisi bisa diganti dengan cepat 4 kamar di lt 3 toiletnya tidak jalan jadi ada bau 5 kamar di lt 6 ada yang berguna garuk2 bantal dan coba buka selimut,BUMN,Bintang 4,GrandInnaTunjungan,negative,0.9879897236824036,Facilities & Amenities,Facilities & Amenities (0.94); Service Quality (0.73); Service Efficiency & Responsiveness (0.68)
Gogor Bangsa,2018,4,hotel lama namun tetap bagus dan pelayanan prima kamar yang luas dan bersih lokasi sangat strategis dekat dengan tunjungan plaza dan stasiun gubeng namun makanan yang ada tidak terlalu enak dan seperti standar biasanya hotel yang lain menu terbatas dan kualitas rasa yang di bawah rata rata tapi dengan harga di atas rata kamar mandi bersih lengkap dengan fasilitas handuk dan toilet sehingga tamu tidak perlu repot repot membawa dari rumah jika tidak salah seluruh ruangan adalah non-merokok hotel ini juga dilengkapi dengan beberapa ruang pertemuan restoran dan warung kopi,BUMN,Bintang 4,GrandInnaTunjungan,positive,0.9441003203392029,Facilities & Amenities,"Facilities & Amenities (0.99); Service Quality (0.97); Cleanliness, Hygiene & Maintenance (0.96)"
achmad zulqifli,2023,5,Hotel di tengah kota dekat dengan perbelanjaan tinggal di jalan kaki datang sebelum waktu check in nunggu santai di loby saat bisa check in juga gercep cepat pelayanan ramah kamar lumayan luas bersih mungkin karna dekat dengan jalan makanya agak sedikit suara busik kendaraan,BUMN,Bintang 4,GrandInnaTunjungan,positive,0.9991722106933594,Service Quality,Service Quality (0.99); Service Efficiency & Responsiveness (0.99); Staff Conduct & Hospitality (0.99)
Wayan Sutejo,2024,4,Pelayananya ramah harga standar kopi istirahat enak cuman ada yang kurang nih didalam kamar tidak ada penunjuk arah kiblat 2023 wifi lancar jaya 2024 wifo lemot poll,BUMN,Bintang 4,GrandInnaTunjungan,positive,0.922028124332428,Service Quality,Service Quality (0.98); Facilities & Amenities (0.92); Pricing & Value for Money (0.91)
Mutiara Adhani,2025,5,nginep disini untuk wisuda pelayanannya top notch minta makan paginya di bawakan boleh,BUMN,Bintang 4,GrandInnaTunjungan,positive,0.9720646739006042,Service Quality,Service Quality (1.00); Guest Experience (0.98); Staff Conduct & Hospitality (0.93)
Izayees,2020,4,Salah satu hotel di dekat Tunjungan yang cukup strategis tempatnya dekat dengan kantor gubernur dan taman apsari dekat dengan Tunjungan plaza juga view kamar berupa jalanan kota kamar cukup nyaman sarapannya juga enak ada kolam renangnya namun saat saya pergi kesana masi proses renovasi hanya saja kolam renangnya cukup sempit hotel ini sangat strategis bila bosan bisa jalan karena trotoarnya di jalan tunjungan ramah untuk berjalan kaki,BUMN,Bintang 4,GrandInnaTunjungan,positive,0.9994930028915405,Facilities & Amenities,Facilities & Amenities (0.97); Room Quality & Comfort (0.88); Family & Group Friendly (0.76)
Putri Ayoe,2023,3,Berkunjung kesini untuk acara buku berjamaah dengan teman2 kantor rasa makanan cukup enak walau pun pun tidak terlalu banyak pilihan menuunya tapi untuk pengisian makan minuman yang habis agak lama jadi harus sabar lobi musholah luas cukup nyaman tapi untuk restonya agak sempit,BUMN,Bintang 4,GrandInnaTunjungan,positive,0.9964953064918518,Facilities & Amenities,Facilities & Amenities (0.95); Service Quality (0.92); Guest Experience (0.87)
denny yuen,2020,3,tempat parkir di luar dan dikenakan biaya Rp 30 kebetulan saya menggunakan motor cek masuk cukup cepat kurang dari 5 menit dan tanpa deposit staf nya sangat ramah sampai mengantarkan saya ke kamar kamarnya luas dan wangi kolam renangnya lumayan dengan kedalaman 1 3 meter sarapannya cukup banyak variasi makanan dan minuman,BUMN,Bintang 4,GrandInnaTunjungan,positive,0.999434769153595,Facilities & Amenities,Facilities & Amenities (0.99); Service Efficiency & Responsiveness (0.98); Staff Conduct & Hospitality (0.98)
Rachma Sahlan,2024,5,Lokasinya strategis dekat kemana mana mana mana bisa jalan kaki tapi untuk hotel bintang 4 kamar dan layanan kurang,BUMN,Bintang 4,GrandInnaTunjungan,negative,0.8340913653373718,Pricing & Value for Money,"Pricing & Value for Money (0.77); Location, Accessibility & Parking (0.62); Guest Experience (0.52)"
steve saldy,2023,5,hotel lama dengan arsitektur yang bagus nyaman tinggal di sini apalagi tempatnya di pusat kota yang strategis fasilitasnya lumayan lengkap dan ada kafe yang punya harga lumayan terjangkau pemandangan dari kamar depan menghadap langsung ke pusat kota bisa menikmati matahari terbit dari kamar dengan suasana yang menyenangkan,BUMN,Bintang 4,GrandInnaTunjungan,positive,0.999479353427887,Facilities & Amenities,Facilities & Amenities (0.99); Pricing & Value for Money (0.97); Food & Beverage (0.95)
IGNASPUT JOURNEY,2025,5,bersih besar harga oke sarapan oke cuman tidak kedap suara kamarnya,BUMN,Bintang 4,GrandInnaTunjungan,positive,0.9436020255088806,"Cleanliness, Hygiene & Maintenance","Cleanliness, Hygiene & Maintenance (0.97); Facilities & Amenities (0.97); Pricing & Value for Money (0.97)"
Berliani Saputri,2022,4,lokasi strategis di pusat kota dengan tarif dan fasilitas yang bagus ukuran kamar cukup luas dan ada sofa hanya saja ac tidak dingin dan tidak bersih karena saya menemukan sisa makanan jatuh saat baru checkin untuk sarapan masakannya enak tapi kurang beragam pilihannya terima kasih nenek semoga bisa ditingkatkan,BUMN,Bintang 4,GrandInnaTunjungan,positive,0.9969627261161804,Facilities & Amenities,Facilities & Amenities (1.00); Service Quality (0.91); Pricing & Value for Money (0.90)
Rony Saputra,2019,5,kalau tidak salah dulu namanya hotel simpang hotel ini dengan tampilan klasik diluarnya namun didalam bernuansa mewah dan berlokasi modern ditengah tengah kota sehingga tidak jauh jika mau berkunjung ke tempat ikonik kota surabaya cukup berjalan kaki saja sudah sampai ke tunjungan plaza pusat perbelanjaan terbesar kamarnya lumayan luas bantalnya banyak dan kasurnya empuk wifi cukup kencang diseluruh area hotel ada kolam renang juga walaupun tidak terlalu besar didepan ada pojok inspirasi buat santai ada juga duduk duduk duduk teras kopi buat mendengarkan musik live sambil makan dan minum untuk menu sarapan sepertinya perlu diperbanyak menu lainnya,BUMN,Bintang 4,GrandInnaTunjungan,positive,0.999553382396698,Facilities & Amenities,Facilities & Amenities (0.99); Room Quality & Comfort (0.87); Service Efficiency & Responsiveness (0.84)
ardi bahru,2021,3,sabtu minggu 3 4 april 2021 lokasi strategis di tengah kota parkir lumayan luas tapi untuk parkir motor kurang diperhatikan soal tempat parkir baru yang khusus motor tidak luas dan kurang rapi atau memang mungkin masih dalam proses pembangunan hotel lumayan luas dan bersih harga bisa dikatakan murah dan ada minuman dan lemari es di kamar tapi sayang kamar yang saya bisa eksausfan ny tidak jalan ac kurang dingin 11 12 april 2021 kesini untuk kali kedua dengan mencoba kamar superior fasilitas sama dengan yang biasa hanya saja kamar dengan model ada bak buat berendam tapi menurut saya rekomendasi besar yang kamar yang biasa dari pada yang ini,BUMN,Bintang 4,GrandInnaTunjungan,negative,0.9447683691978455,Pricing & Value for Money,"Pricing & Value for Money (0.96); Location, Accessibility & Parking (0.88); Facilities & Amenities (0.85)"
Nena Zakiah,2017,4,sempat kesini sekali dan suka dengan pelayanannya yang ramah kamar hotelnya bersih rapi dan luas viewnya bagus ada jendela besar di kamar buat kita lihat pemandangan di luar sana kamar mandinya bagus banget aku suka oh ya ada kolam renang juga ukurannya kecil sih tapi bersih tapi aku tidak sempat menjajal kolam renang untuk harga makanan restorannya standar lah seperti hotel lain mulai puluhan ribu sampai seratus ribu rupiah,BUMN,Bintang 4,GrandInnaTunjungan,positive,0.9993809461593628,Service Quality,"Service Quality (0.97); Cleanliness, Hygiene & Maintenance (0.94); Facilities & Amenities (0.91)"
Joe Prihanto,2018,4,hotel dengan lokasi yang sangat premium kamarnya luas diatas rata rata luas kamar hotel pada kelasnya saat ini kamar mandinya bersih dan rapi tempat tidur dan bantal nya empuk sarapannya cukup lengkap untuk bintang 4 walaupun tidak banyak menu barat saya cocok dengan menu dan rasanya pegawainya ramah dan sangat membantu secara arsitektur hotel ini menarik karena dibangun pada tahun 80an dan bersebelahan dengan balaikota menurut saya hotel ini perlu dipertahankan karena memiliki aset yang luar biasa perlu pembenahan agar hotel ini pada bagian interior dan halaman parkir agar lebih menarik sehingga tampilan yang klasik tetap terasa modern dan berkelas karena lokasi yang baru premium terima,BUMN,Bintang 4,GrandInnaTunjungan,positive,0.9993394017219543,Staff Conduct & Hospitality,"Staff Conduct & Hospitality (0.99); Facilities & Amenities (0.99); Cleanliness, Hygiene & Maintenance (0.99)"
Wida Wati,2024,5,tempat yang saat ini untuk menginap karena saat depan alun-alun dan akses mudah untuk mencari makanan di sekitarnya dan menu sarapan pagi yang banyak varian,BUMN,Bintang 4,GrandInnaTunjungan,positive,0.9993682503700256,Facilities & Amenities,Facilities & Amenities (0.99); Service Efficiency & Responsiveness (0.80); Guest Experience (0.78)
Dwi Rika,2022,5,2020 kesini karna di undang acara ultah teman yang ke 20 alhamdulillah berjalan lancar dan meriah eo nya menjaga ketat prokes dan diperingatkan juga oleh pegawai hotel untuk tetap jaga prokes saat acara duduk ngga bisa dempet2an harus berjarak dll lokasi hotel strategis parkir luas bayar motor 3k suasana lumayan mevvah kata temanku sih harganya cukup terjangkau saat itu,BUMN,Bintang 4,GrandInnaTunjungan,positive,0.998980700969696,"Location, Accessibility & Parking","Location, Accessibility & Parking (0.98); Facilities & Amenities (0.96); Service Efficiency & Responsiveness (0.95)"
Ijal,2019,5,hotel jaman dahulu yang letaknya nya sangat strategis di pusat kota surabaya meskipun kuni interior didalam di perbaharui sehingga terlihat modern lift nya yang masih jadul staf kredit nya sangat ramah kamar nya sangat senyap tenang nyaman untuk sarapannya enak ada beberapa makanan dan minuman tradisional croissant nya enak lumayan niat daripada di hotel lain suka sama sama wedang ronde nya ada rawon dengan rasa yang otentik khas surabaya,BUMN,Bintang 4,GrandInnaTunjungan,positive,0.9994645714759827,Facilities & Amenities,Facilities & Amenities (0.95); Staff Conduct & Hospitality (0.95); Food & Beverage (0.94)
Hemas Beckz,2023,5,pertama kali menginap di sini tgl 14 oktober 2023 hotelnya mega dan strategis tempat parkir cukup luas ruang lobi nyaman staf ramah kamar juga bersih dan nyaman untuk menu sarapan mungkin bisa lebih bervariasi lagi,BUMN,Bintang 4,GrandInnaTunjungan,positive,0.9993878602981567,Facilities & Amenities,"Facilities & Amenities (1.00); Location, Accessibility & Parking (1.00); Staff Conduct & Hospitality (0.98)"
Ike Yanes,2023,2,nilai plusnya staf responsif dan posisi hotel yang strategis nilai minususnya makanan tidak ada variasi sama skl dikamar 405 dan 407 pembuangan udara tidak mengalir lancar dan kehabisannya juga tidak berfungsi tidak disediakan daftar menu dikamar ada staf wanita tidak memberikan informasi yang saat ini,BUMN,Bintang 4,GrandInnaTunjungan,negative,0.9880799651145935,Service Efficiency & Responsiveness,Service Efficiency & Responsiveness (0.99); Facilities & Amenities (0.97); Service Quality (0.96)
Dikky yanuar Megawan,2020,4,teringat waktu demo masak pt sarimas permai di tempat ini hotel yang berlokasi di surabaya pusat ini terkesan berkelas banget mulai dari pelayanannya sangat ramah menu masakan yang disajikan pun tidak tidak tidak tidak tidak tidak tidak tidak tidak akan ada yang akan menjaga kualitas yang sangat baik rok recommended buat yang ingin tidur di hotel berbintang,BUMN,Bintang 4,GrandInnaTunjungan,positive,0.9993571639060974,Service Quality,Service Quality (0.97); Staff Conduct & Hospitality (0.95); Service Efficiency & Responsiveness (0.95)
Nanang Supriadi,2019,5,hotel yang lokasinya cukup strategis dekat plaza tunjungan cukup jalan kaki saja untuk menuju ke sana kamar cukup luas enak nyaman di kamar sudah tersedia teh yang bisa dibuat sendiri pelayanannya juga ramah pagi tersedia sarapan dengan menu yang bervariasi tinggal pilih mau bubur ayam atau nasi dengan lauk sayur yang bisa dipilih sesuai selera jika tidak berkencan dengan nasi dkk bisa memilih roti dengan aneka olesan tidak ketinggalan disediakan panggangan roti bagi yang membutuhkan,BUMN,Bintang 4,GrandInnaTunjungan,positive,0.9993909597396851,Service Quality,Service Quality (0.94); Service Efficiency & Responsiveness (0.93); Facilities & Amenities (0.92)
Hendra tsai,2025,5,sarapan nya enak lokasi dekat dengan tunjungan plaza surabaya cukup akses jalan kaki,BUMN,Bintang 4,GrandInnaTunjungan,positive,0.9994118213653564,Food & Beverage,Food & Beverage (0.98); Facilities & Amenities (0.97); Service Quality (0.96)
A_028_Delya Anggi Ratnaningtyas,2024,5,pengalaman menginap di hotel yang sangat nyaman lingkungan yang bersih staf yang ramah serta makanan yang sangat enak dengan varian yang sangat beragam,BUMN,Bintang 4,GrandInnaTunjungan,positive,0.9991779923439026,Facilities & Amenities,"Facilities & Amenities (0.99); Cleanliness, Hygiene & Maintenance (0.99); Staff Conduct & Hospitality (0.99)"
Fatim Timah,2024,5,Aku senang menginap di Grand Inna sarapan dengan menu yang lengkap dan banyak pilihan dan sangat sesui dengan selera aku ruang loby yang luas sayangnya pintu tidak memakai akses,BUMN,Bintang 4,GrandInnaTunjungan,positive,0.9993869066238403,Food & Beverage,Food & Beverage (0.99); Facilities & Amenities (0.97); Service Quality (0.86)
Lydia Sari,2022,3,Proses cek masuk dan cek keluar cepat tidak ada deposit area parkir cukup dengan banyaknya tamu yang menginap saat itu parkir hanya ada di luar saja kondisi lift sepertinya membutuhkan perbaikan atau peremajaan karena saat ini digunakan ada suara yang ditimbulkan dari komponen di dalamnya area lobi dan resto cukup nyaman area kolam renang cukup tetapi tidak ada kolam untuk anak karena paling pendek kedalaman 1 meter menyusul 2 dan 3 meter disediakan beberapa papan luncur jaket pelampung yang kondisi sudah jadul tapi cukup membantu jika melihat bawa anak ya masuk kamar 415 cukup luas di kelasnya ac cukup dingin meskipun agak lama televisi kurang jernih teko udara berfungsi normal,BUMN,Bintang 4,GrandInnaTunjungan,positive,0.993415117263794,Facilities & Amenities,"Facilities & Amenities (0.91); Check in/out Experience (0.85); Location, Accessibility & Parking (0.84)"
Hanifahan,2024,4,Hotel bagus dekat ke Tunjungan tinggal di Newbrang pakai Jpo saja jika mau ke alun alun dan tempat wisata lain jg lumayan dekat hotel baru bagus dan nyaman pelayanannya bagus staf ramah ramah ramah senang tinggal di sini,BUMN,Bintang 4,GrandInnaTunjungan,positive,0.999472439289093,Service Quality,Service Quality (0.99); Facilities & Amenities (0.99); Staff Conduct & Hospitality (0.97)
Ardian Rahcman Prasetiyo,2019,4,Hotel yang harganya saat ini dika tong terletak di tengah kota deket banget sama tunjungan plaza tinggal jalan sktar 300 meter saja nyampek dari kamar nyaman banget ada kulkas water heater sabun sikat gigi ac nya joss banget bikin adem untuk sarapan nya jma 6 sampek jam 10 asli makanannya enak walaupin tidak begitu banyak tapi kualitasnya joss deh istriya juga kenceng biasanya kalau di hotel yang lain istriya itu biasa saja tapi disini kenceng menurtku o ya saja untuk udara hangat buat mandi tolong dong diperbaiki kemarin tidak ada anget angetnya saat saya sudah saran itu saja sih,BUMN,Bintang 4,GrandInnaTunjungan,positive,0.9990265369415283,Facilities & Amenities,Facilities & Amenities (0.96); Service Quality (0.88); Pricing & Value for Money (0.79)
Yanuhita Anggraini,2024,4,lokasi strategis dekat dengan mall dan mudah ditemukan kamarnya luas menu makanan bervariasi pelayanan baik,BUMN,Bintang 4,GrandInnaTunjungan,positive,0.9994083642959595,Service Quality,Service Quality (1.00); Facilities & Amenities (0.99); Guest Experience (0.97)
Sidya Yatra Subhiksa,2022,5,lokasi strategis di jantung kota surabaya dekat mall tunjungan plaza parkir luas interior klasik dengan furnitur kayu dan kamar mandi marmer vibes hotel dengan kejayaan masa 80an 90an,BUMN,Bintang 4,GrandInnaTunjungan,positive,0.9993810653686523,Facilities & Amenities,"Facilities & Amenities (0.98); Location, Accessibility & Parking (0.97); Ambience & Design (0.84)"
Barkatt A-K,2023,5,Hotel yang bagus dengan staf yang peduli dan akomodasi yang terjangkau Kamarnya bersih dan tidak memiliki masalah dengan itu sama sekali manajer di hotel sangat baik dan membantu berbagai makanan untuk sarapan dan kafe yang bagus di situs jika Anda ingin mendapatkan beberapa pekerjaan dilakukan,BUMN,Bintang 4,GrandInnaTunjungan,positive,0.998863697052002,Facilities & Amenities,"Facilities & Amenities (1.00); Food & Beverage (1.00); Cleanliness, Hygiene & Maintenance (1.00)"
Antono Pangestu Hadi,2019,5,Tergolong hotel yang sudah cukup lama berdiri di surabaya letaknya di tengah kota surabaya jadi kalau mau jalan jalan semuanya dekat tapi muacet banget apalagi malam minggu kamar hotelnya nyaman dan luas menu sarapannya banyak jenis rasanya lumayan enak harga menginap disini tergolong murah untuk ukuran hotel yang berada di pusat kota,BUMN,Bintang 4,GrandInnaTunjungan,positive,0.9994971752166748,Pricing & Value for Money,Pricing & Value for Money (0.97); Facilities & Amenities (0.97); Room Quality & Comfort (0.92)
marcel paskalis,2024,5,pelayanan nya terbaik semuanya ramah murah senyum dan siap membantu pokoknya grand inna benar2 memberi pengalaman dan pelayanan yang maksimal bagi pengunjung sukses terus bapak ibu mas mba yang bekerja,BUMN,Bintang 4,GrandInnaTunjungan,positive,0.9988948702812195,Guest Experience,Guest Experience (1.00); Service Quality (1.00); Staff Conduct & Hospitality (1.00)
Fauzah Hikmawati,2018,5,hotelnya nyaman menurutku sudah sesuai standar tingkat kemewahan hotel dan yang paling aku suka disini adalah menu sarapan pagi paginya lengkap banget hehe maklum anak kuliahan yang ngekost ketemu makanan yang berbeda2 rasanya udah kayak di surga mumpung gratis karena saat itu disana emang sedang acara seminar,BUMN,Bintang 4,GrandInnaTunjungan,positive,0.9993106126785278,Room Quality & Comfort,Room Quality & Comfort (0.89); Service Quality (0.86); Guest Experience (0.79)
maya RF,2023,4,Anda hampir tidak bisa mengalahkan Grand Inna Tunjungan lokasi adalah 3 menit berjalan kaki ke Tunjungan Plaza dan alun alun surabaya kota alun surabaya alun masuk depan hotel adalah simpang dukuh bus berhenti sangat nyaman untuk pengunjung yang ingin naik bus suroboyo kamar ini luas ac dan air panas bekerja sangat baik kamar kami dilengkapi dengan kulkas mini dan pengering rambut juga beberapa fasilitas mungkin perlu ditingkatkan tetapi secara keseluruhan mereka bekerja baik-baik saja apa yang paling mengejutkan kami adalah keramahan staf hotel mereka pergi di atas dan di luar untuk memastikan tamu memiliki menginap yang menyenangkan,BUMN,Bintang 4,GrandInnaTunjungan,positive,0.9994279742240906,Facilities & Amenities,Facilities & Amenities (0.99); Service Quality (0.93); Room Quality & Comfort (0.86)
Agus Faisal,2019,5,dulu bernama hotel inna simpang sekarang berganti menjadi hotel grand inna tunjungan fasilitasnya oke bangett berikut review saya pros 1 lokasi amat sangat strategis di pusat kota dekat mana mana mana mana ke tunjungan plaza cuma tinggal nyeberang saja via jembatan penyeberangan 2 ac dingin sangat cukup untuk melindungi dari panasnya kota surabaya 3 mandi mandi mandi mandi mandi mandi mandi berfungsi baik fasilitas juga lengkap nilai tambahnya hanger tersedia cukup banyak tangan sudah memudar peringatan kami 4 agak tersedia kulkas 5 saluran kabel tvnya cukup banyak 6 staf cukup ramah cek masuk cek keluar dilayani dengan cepat 1 wifi sering putus nyambung,BUMN,Bintang 4,GrandInnaTunjungan,positive,0.999510645866394,Facilities & Amenities,Facilities & Amenities (0.99); Service Quality (0.93); Service Efficiency & Responsiveness (0.91)
Pradanaanoragatinto Tinto,2024,5,Semua kru sangat ramah pagi-pagi cek masuk tidak ada biaya sama sekali hotel lama sehingga sangat berpengalaman akan datang lagi,BUMN,Bintang 4,GrandInnaTunjungan,positive,0.9981332421302795,Staff Conduct & Hospitality,Staff Conduct & Hospitality (1.00); Service Efficiency & Responsiveness (1.00); Guest Experience (0.99)
dini andhari,2021,4,menginap di masa pendemi memang harus selektif memilih penginapan kebersihan menjadi yang utama dalam memilih hotel saat cek masuk kami diminta surat antigen gnose pegawai hotel selalu memakai masker kamar hotel dengan tipe kamar delux cukup luas dan bersih hanya saja untuk pemanas mandi saat pagi hanya hangat suam2 kuku tapi saat malam cukup panas untuk makanan cukup bervariasi saat pendemi seperti ini dan rasanya enak setiap sabtu dan minggu restoran malam menyediakan nasi kucing beserta pelengkapnya rasanya pun enak dan harganya terjangkau 8rb satu porsi nasi dan pelengkapnya 7rb sangat dekat dengan tunjungan plaza kami bisa berjalan kaki,BUMN,Bintang 4,GrandInnaTunjungan,positive,0.9987830519676208,"Cleanliness, Hygiene & Maintenance","Cleanliness, Hygiene & Maintenance (1.00); Service Quality (0.99); Facilities & Amenities (0.99)"
Sasya Idah,2024,1,makanannya tidak di isi lagi kosong masih lapar padahal hotel di tengah kota tapi sangat tidak dianjurkan untuk bukber alioucaneat sangat tidak bagus menyesal saya,BUMN,Bintang 4,GrandInnaTunjungan,negative,0.9988229870796204,Food & Beverage,Food & Beverage (0.90); Guest Experience (0.71); Religious & Halal Features (0.67)
Shalsabilla amelia putri,2023,3,Gabisa pagi cek masuk walaupun kurang sejam saja pdhl hotel lain tanya kamarnya luas sih tapi kasurnya aga kotor 2 hari ini dari hari pertama nanyain wifi katanya lg perbaikan sampai hari ke2 pun ttp gabisa dipakai,BUMN,Bintang 4,GrandInnaTunjungan,negative,0.9989399313926697,Service Quality,Service Quality (0.81); Digital Connectivity & Technology (0.71); Check in/out Experience (0.65)
Nanang Hasan,2022,4,termasuk hotel lama yang tetap bertahan tampilan luar masih oke interior sudah ada sedikit pembenahan meskipun tampilan tua masih terasa tapi bisa jadi daya tarik jika perawatannya tetap di kedepankan sambutan ramah kebersihan juga masih tetap terjaga dan lokasi tetap bisa menjadi pilihan alternatif selain dekat dengan pusat perbelanjaan dan dekat dengan alun2 surabaya semangat ya,BUMN,Bintang 4,GrandInnaTunjungan,positive,0.9986709356307983,"Cleanliness, Hygiene & Maintenance","Cleanliness, Hygiene & Maintenance (0.99); Facilities & Amenities (0.98); Service Quality (0.97)"
Andi_AM 80,2019,5,hotelnya sudah agak tua tapi masih sangat terawat dan bersih kamarnya luas tempat tidurnya besar dan ada sofanya kamar mandinya luas dan bersih serta ac nya dingin ada kolam renang dan tempat gym serta parkirannya lumayan luas dengan staf yang ramah dan cepat lokasi hotelnya dekat kemana mana serta sangat dekat dengan tunjungan plaza 1 sampai 6 tinggal jalan kaki saja cocok untuk keluarga yang liburan di surabaya,BUMN,Bintang 4,GrandInnaTunjungan,positive,0.9995139837265015,Facilities & Amenities,"Facilities & Amenities (0.99); Location, Accessibility & Parking (0.99); Cleanliness, Hygiene & Maintenance (0.99)"
fitri dewi,2023,5,hotel dekat mall tunjungan plaza dengan pemandangan kota view kamarnya nyaman bersih makanannya rasanya juga enak banyak pilihan menu dan camilan bisa untuk referensi jika berkunjung ke surabaya lagi,BUMN,Bintang 4,GrandInnaTunjungan,positive,0.9994968175888062,Facilities & Amenities,"Facilities & Amenities (0.97); Cleanliness, Hygiene & Maintenance (0.97); Room Quality & Comfort (0.97)"
zakky ahmadi,2023,5,hanya 7 lt tapi parkir luas view dpn hotel adem karena banyak vegetasi dan ada kopi serta mini resto yang bisa membuat pengunjung non hotel dekat pusat kota wis muanteb pokoke,BUMN,Bintang 4,GrandInnaTunjungan,positive,0.9992765784263611,Facilities & Amenities,"Facilities & Amenities (0.97); Location, Accessibility & Parking (0.95); Food & Beverage (0.95)"
rahmi sapariyanti,2025,5,hotelnya mewah cantik pelayanannya mantap dekat banget dengan alun-alun tunjungan,BUMN,Bintang 4,GrandInnaTunjungan,positive,0.9994682669639587,Service Quality,Service Quality (0.99); Facilities & Amenities (0.98); Guest Experience (0.97)
Agung Lepo,2023,4,ngopi di teras kopi cappucinonya enak pisang gorengnya juga enak saya duduk di area merokok hanya saja asbak menunggu saya minta baru di cinta tisu tidak tersedia di meja,BUMN,Bintang 4,GrandInnaTunjungan,positive,0.9464731812477112,Food & Beverage,Food & Beverage (0.99); Facilities & Amenities (0.90); Service Quality (0.81)
Glenn Noya,2024,4,Hotel lama yang cukup bersih dan layanan nya baik lokasi sangat strategis dekat kemana2 untuk kamar baiknya di upgrade dan dijaga lagi kebersihannya,BUMN,Bintang 4,GrandInnaTunjungan,positive,0.9986212253570557,"Cleanliness, Hygiene & Maintenance","Cleanliness, Hygiene & Maintenance (1.00); Facilities & Amenities (0.99); Service Quality (0.98)"
Your Highness,2023,4,untuk lokasi sangatlah strategis dan dekat dengan tunjungan plaza kamar nyaman sarapan juga enak enak yang bikin kurang itu handuknya bersih tapi warnanya sudah seperti abu abu jadi tidak enak rasanya,BUMN,Bintang 4,GrandInnaTunjungan,positive,0.9982446432113647,Facilities & Amenities,Facilities & Amenities (0.98); Room Quality & Comfort (0.80); Service Quality (0.71)
Anna Edita,2022,4,Ada acara di aula tapi toilet sangat2 terbatas jadi terpaksa antri panjang saat istirahat saat maksi tidak tempat buat duduk makan untung pihak resto hotel baik banget dan ngebolehin duduk makan konsumsi acara d restonya,BUMN,Bintang 4,GrandInnaTunjungan,positive,0.9914838671684265,Service Quality,Service Quality (0.90); Facilities & Amenities (0.74); Service Efficiency & Responsiveness (0.74)
Adistya Faradisa,2022,5,sangat nyaman kamarnya luas dan bersih memesan kamar deuxe dengan menghubungkan kamar di lantai 6 yang unik adalah ac nya masih membuat model jadul tapi tetap dingin kemarin sempat bingung nyari remote ac ternyata masih membuat model setelan tempel dinding jadi anak2 tau model ac jaman dulu itu seperti apa dekat tunjungan plaza ke alun2 tinggal jalan kaki seru heheheh selanjutnya kalau ke sby pasti memesan di sini lagi terima kasih grand inna atas pelayanannya,BUMN,Bintang 4,GrandInnaTunjungan,positive,0.9992644190788269,Service Quality,Service Quality (0.99); Room Quality & Comfort (0.98); Facilities & Amenities (0.97)
Renata renata,2021,5,harga sangat murah hotelnya sangat terawat staf semua sangat ramah kamarnya luas dan bersih dekat dengan tmpt2 makan dan paling pnting deket ke tunjungan plaza hanya jalan kaki puas bngt menginap di sini klw ke surabaya pasti akan menginap di sini lagi,BUMN,Bintang 4,GrandInnaTunjungan,positive,0.9995018243789673,"Cleanliness, Hygiene & Maintenance","Cleanliness, Hygiene & Maintenance (1.00); Facilities & Amenities (0.99); Staff Conduct & Hospitality (0.99)"
Mitra,2019,3,lokasi strategis sangat kemana mana dekat dengan tempat makan dan mall tunjungan plaza nuansa interior lobby cukup bagus dan bersih mulai bangun kamarnya walaupun bergaya zaman dulu ac central dengan tombol tombol zaman belanda dari kamar saya bisa membuka jendela dan melihat langsung ke jalan raya sarapan banyak pilihan makanan dan rasanya menurut saya juara tapi sangat malang resepsionis wanita yang sudah agak tua sekitar usia 27an kurang ramah menyambut saya saat tiba di meja cek masuk tolong itu resepsionisnya ditegur jangan merasa cantik kalau jadi perempuan di mall tunjungan plaza jauh yang lebih cantik,BUMN,Bintang 4,GrandInnaTunjungan,positive,0.9750381112098694,Service Quality,Service Quality (0.83); Check in/out Experience (0.81); Guest Experience (0.79)
Yulindi Fauriza,2018,5,di hotel inna simpang ini bintang 3 lho awal nama nya inna simpang sekarang berganti dengan grand inna simpang ada 3 kelas kamar superior deluxe dan suite ada kolam renang nya kalau mau hanya berenang saja membayar Rp 25 0 sedangkan berenang termasuk dengan makan nya membayar Rp 50 0 ada tempat kopi istirahat nya juga total lantai hotel nya ada 7 lantai dan bisa menggunakan ruang aula hotel untuk pernikahan ulang tahun meja cara dan lain sebagai ruang baru ruang nya ada 2 dan ada juga ruang pertemuan ruangan bertemu ada 2 saya kemaren meja cara di hotel inna simpang rp 150 0 per orang dapat sertifikat juga nya adalah,BUMN,Bintang 4,GrandInnaTunjungan,positive,0.994729220867157,Facilities & Amenities,Facilities & Amenities (0.85); Pricing & Value for Money (0.83); Family & Group Friendly (0.59)
Armand La Abu,2023,5,hotel yang nyaman bersih dan ramah pusat perkotaan surabaya untuk liburan anak2 juga oke pilih kamar yang bisa menghubungkan kalau bawa anak2 yang banyak juga bisa,BUMN,Bintang 4,GrandInnaTunjungan,positive,0.9993176460266113,Family & Group Friendly,Family & Group Friendly (0.99); Service Quality (0.98); Facilities & Amenities (0.98)
H Hengki,2017,4,terletak sangat dekat dengan Tunjungan Plaza sebagian besar kamar baru-baru ini direnovasi meskipun kasur tempat tidur agak tua dari perasaan itu itu tenggelam ketika Anda berbaring di atasnya kamar itu tenang meskipun dekat di sebelah untuk mengangkat sarapan buffet cukup masuk akal secara keseluruhan itu adalah nilai yang baik untuk uang,BUMN,Bintang 4,GrandInnaTunjungan,positive,0.998965859413147,Pricing & Value for Money,Pricing & Value for Money (1.00); Facilities & Amenities (0.98); Food & Beverage (0.98)
naufal faiz,2022,5,hotel yang cukup murah di daerah tunjungan hotelnya terutama kamar masih desain lama tapi fasilitas cukup baik stafnya sangat ramah melayani pelanggan variasi makanan standar sesuai harga hotek,BUMN,Bintang 4,GrandInnaTunjungan,positive,0.9987181425094604,Facilities & Amenities,Facilities & Amenities (0.98); Staff Conduct & Hospitality (0.95); Service Quality (0.94)
syarifa hajar,2017,5,tempatnya strategis di pusat kota surabaya dan berbeda dengan hotel pada umumnya karena hotel ini memiliki masjid dan halaman parkir yang luas dekorasi kamarnya juga elegan sekali banyak tipe aula yang tersedia jadi makin mudah jika mau reservasi untuk bertemu dengan berbagai kapasitas peserta,BUMN,Bintang 4,GrandInnaTunjungan,positive,0.9989442229270935,Facilities & Amenities,"Facilities & Amenities (0.99); Location, Accessibility & Parking (0.99); Booking & Reservation Experience (0.90)"
Kristiawan B Rahmat,2021,5,Salah hotel lama yang masih bagus kamar luas dan bersih staf ramah dan membantu lokasi strategis dan dekat dengan pusat perbelanjaan sarapan cukup baik masih bisa ditingkatkan pilihan makanan dan tata letaknya,BUMN,Bintang 4,GrandInnaTunjungan,positive,0.999114453792572,Facilities & Amenities,"Facilities & Amenities (1.00); Cleanliness, Hygiene & Maintenance (0.99); Staff Conduct & Hospitality (0.98)"
Wras Ridwan,2022,5,lokasi strategis dekat dengan hotel Tunjungan Plaza ini sudah lama namun masih sangat nyaman untuk menginap di sini kamar luas sarapan enak harga terjangkau dibandingkan dengan hotel lain di sekitar Tunjungan Plaza,BUMN,Bintang 4,GrandInnaTunjungan,positive,0.999363124370575,Pricing & Value for Money,Pricing & Value for Money (0.98); Facilities & Amenities (0.93); Room Quality & Comfort (0.91)
Tishlahatul Ulya,2024,3,kebetulan dapat kamar yang view nya lumayan bagus lokasi sangat strategis,BUMN,Bintang 4,GrandInnaTunjungan,positive,0.9993376135826111,Room Quality & Comfort,Room Quality & Comfort (0.94); Facilities & Amenities (0.90); Guest Experience (0.88)
Febrianti Qisti,2021,5,fasilitasnya lengkap dan cukup memuaskan staf ramah tanggap dan sangat membantu lokasinya juga strategis tapi ada sedikit detail yang perlu diperhatikan mungkin bisa jadi masukan buat pengelola ada lampu meja rias yang tidak nyala lapisan lantai terkelupas menimbulkan bunyi saat diinjak restonya mungkin perlu diberi sekat kaca pintu tersendiri karena saat saya datang ke sana ada acara dengan musik live yang cukup mengganggu untuk tamu di lobi untuk tempat parkir ada baiknya jika diberi atap terutama parkir motor,BUMN,Bintang 4,GrandInnaTunjungan,positive,0.9627245664596558,Facilities & Amenities,"Facilities & Amenities (1.00); Location, Accessibility & Parking (0.98); Staff Conduct & Hospitality (0.95)"
Ajeng Ibunya Naurah,2020,5,hotel klasik tapi nyaman kamar tidur dan kamar mandi bersih titik tambahan ada kran bawah sangat nyaman untuk wudhu sesuatu yang sangat jarang disediakan di hotel2 saat ini staf ramah dan selamat datang kekurangannya hanya suara bising jalan raya terdengar jelas di dalam kamar secara keseluruhan puas menginap di sini,BUMN,Bintang 4,GrandInnaTunjungan,positive,0.9992280006408691,Facilities & Amenities,"Facilities & Amenities (0.99); Guest Experience (0.85); Cleanliness, Hygiene & Maintenance (0.79)"
Alaik Murtadlo,2017,4,letak hotel yang terletak di pusat kota menjadikan hotel ini sangat strategis dekat dwngan mall tunngan plaza grahadi rumah dinas gubernur layaknya hotel bintang 4 lainnya fasilitas yang ada di sini lumayan lengkap saat saya ke sini dulu saya mengikuti pertemuan ruangan yang dipakai berkumpul cukup nyaman dan acnya juga dingin playanan dan fasilitas yang diberikan maksimal menuoannannya juga enak nyaman dan terletak di pusat kota dan dekat dengan grahadi kantor gubernur jawa timur,BUMN,Bintang 4,GrandInnaTunjungan,positive,0.9994193315505981,Facilities & Amenities,Facilities & Amenities (1.00); Room Quality & Comfort (0.99); Service Quality (0.99)
Muhammad Nashrul Haqqi,2023,5,Aku mengemudi lebih dari 200 mil untuk menghadiri pernikahan sepupuku di hotel ini pertama-tama sulit untuk menemukan tempat parkir kedua makanan tidak disediakan tepat waktu tapi aku masih bahagia karena itu adalah saat bahagia,BUMN,Bintang 4,GrandInnaTunjungan,positive,0.9977394342422485,Guest Experience,"Guest Experience (0.95); Location, Accessibility & Parking (0.93); Pricing & Value for Money (0.91)"
Sport Live,2018,4,letaknya saat ditengah kota selama nginap di sana pelayanan tanggap dan ramah kamar bersih kamar mandi bersih tapi mungkin lebih ditingkatkan kolam renangnya tidak sebesar yang Anda pikirkan tapi sarapannya endeus banget cheffnya lihai ngolah maemnya dengan perpaduan rasa citarasa jatim secara saya orang sby asli mengabaikan hotel diarea yang sama ada kafe kopi yang tidak kalah enak cuma minusnya saya tergangguu banget sama atraksi motor trekan cewe cabean yang suara teriak2 mulai bout malam tengah dan baru reda sekitar pukul 3 pagi mungkin krna akhir pekan jadi rame tapi overall rame,BUMN,Bintang 4,GrandInnaTunjungan,positive,0.959439754486084,Service Efficiency & Responsiveness,"Service Efficiency & Responsiveness (0.99); Facilities & Amenities (0.99); Cleanliness, Hygiene & Maintenance (0.99)"
Bayu Yuniar,2019,5,hotel grand inna tunjungan merupakan grup dari hotel indonesia letaknya cukup strategis ditengah kota surabaya dekat dengan tunjungan plaza kcu tk provinsi bank mandiri dan tempat bersejarah lainnya dari luar gedung grand inna tunjungan terlihat seperti bangunan bersejarah dan ketika masuk kedalam ternyata begitu mewah modern keren tamu ruang kamar ukuran 30 m2 begitu luas dengan ranjang sedang dua buah di lengkapi kulkas kecil wifi air panas kamar mandi kering kopi dan teh lobi utama sangatlah nyaman halaman parkir cukup luas,BUMN,Bintang 4,GrandInnaTunjungan,positive,0.9993929862976074,Facilities & Amenities,Facilities & Amenities (0.98); Guest Experience (0.87); Ambience & Design (0.84)
GAPURA JALAN JALAN,2024,5,Salah satu alternatif penginapan yang terdekat dengan pusat perbelanjaan tunjungan plaza kamar bersih karyawan ramah,BUMN,Bintang 4,GrandInnaTunjungan,positive,0.9994788765907288,Service Quality,"Service Quality (1.00); Staff Conduct & Hospitality (0.98); Cleanliness, Hygiene & Maintenance (0.98)"
Jimmy Mandagi,2022,3,kamar tampak model baru namun terasa tua hidangan sarapan komplit dan enak kecuali potongan buah tidak rapi bellboy lambat bertindak untuk mengambil trolli,BUMN,Bintang 4,GrandInnaTunjungan,positive,0.5323987007141113,Facilities & Amenities,Facilities & Amenities (0.99); Food & Beverage (0.99); Ambience & Design (0.97)
tantri mira,2019,5,kamarnya luas bersih nyaman karyawannya membantu dan ramah bernuansa perpaduan tradisional dan modern lokasinya benar2 strategis karena dekat dengan kompleks perbelanjaan tunjungan plaza balai pemuda taman dekat jalan tunjungan yang banyak bangunan lama mau jalan2 ke taman kantor walikota juga lumayan dekat,BUMN,Bintang 4,GrandInnaTunjungan,positive,0.9994375109672546,Staff Conduct & Hospitality,Staff Conduct & Hospitality (1.00); Room Quality & Comfort (1.00); Facilities & Amenities (1.00)
rahmi nazulia,2024,5,Pelayanannya profesional makanannya enak kamarnya bagus pokoknya nyaman banget menginap disana bikin acara disana,BUMN,Bintang 4,GrandInnaTunjungan,positive,0.999346911907196,Room Quality & Comfort,Room Quality & Comfort (0.99); Service Quality (0.99); Facilities & Amenities (0.99)
Razka The Blue Shark,2024,5,Untuk hotelmu lumayan bagus sih semuanya oke kecuali usia bangunan ya tentu ada sedikit kekurangan tapi selebihnya nyaman,BUMN,Bintang 4,GrandInnaTunjungan,positive,0.9952242374420166,Facilities & Amenities,Facilities & Amenities (0.91); Service Quality (0.77); Room Quality & Comfort (0.72)
satriyo dwi,2019,5,hotel yang sangat nyaman dn berkelas sekali walaupun dari luar nampak hotel dengan bangunan kuno tapi dijamin pelayanan yang diberikan bukan jaman kuno fasilitas kamar yang sangat nyaman dan modern dan lengkap sekali ada kolam renang juga dilantai dasar hanya saja lahan parkir yang masih ditempat terbuka membuat kurang nyaman jika hujan mobilnya bisa basah,BUMN,Bintang 4,GrandInnaTunjungan,positive,0.9975155591964722,Facilities & Amenities,"Facilities & Amenities (0.99); Service Quality (0.94); Location, Accessibility & Parking (0.91)"
Christy Maharani,2024,5,bukbernya keren banget varian makanan banyak bnget posisinya berada di ditengah kota surabaya ap lgi pelayanannya cucok deh terima kasih ya semuanya,BUMN,Bintang 4,GrandInnaTunjungan,positive,0.9995551705360413,Service Quality,Service Quality (0.86); Food & Beverage (0.80); Booking & Reservation Experience (0.66)
isTi _PoetRi,2021,4,lokasi dekat tunjungan harga murah pelayanan baik hanya perlu diberikan keterangan jika kolam renang di bawah pemeliharaan di setiap ota agar lebih jelas buat pembeli sebelum memilih grand inna menu sarapan kurang lengkap namun rasa masakannya enak angkatnya resepsionis unik sangat membantu,BUMN,Bintang 4,GrandInnaTunjungan,positive,0.9991057515144348,Guest Experience,Guest Experience (1.00); Facilities & Amenities (0.99); Service Quality (0.99)
Riza Fahlefie,2024,5,tempat istirahat yang nyaman ditengah kota surabaya ac air panas tv dan wifi juga ruang pertemuan yang perwakilan restoran kolom renang 1 3 meter,BUMN,Bintang 4,GrandInnaTunjungan,positive,0.9974491000175476,Facilities & Amenities,Facilities & Amenities (0.99); Family & Group Friendly (0.94); Room Quality & Comfort (0.92)
imron fauzi,2018,5,alamat 1 3 jalan gubernur suryo surabaya deskripsi hotel inna simpang dianggap unggul untuk hotel sekelas wisatawan memiliki 4 ruang pertemuan yang dapat digunakan untuk 15 hingga 350 orang fasilitas lainnya antara lain layanan ruangan 24 jam layanan laundry dan dry cleaning agen perjalanan toko obat toko hadiah butik salon kecantikan dan kolam renang outdoor terdapat kafe yang menawarkan hidangan yang lezat baik citarasa lokal maupun asia bangungannya bergaya modern kamar hotel inna simpang memiliki 124 kamar dengan tata ruang yang sederhana dan tiap dindingnya dilapisi dengan dinding karpet swasta ac mini bar telepon tv kamar mandi pribadi yang dilengkapi,BUMN,Bintang 4,GrandInnaTunjungan,positive,0.9972802400588989,Facilities & Amenities,Facilities & Amenities (1.00); Guest Experience (0.74); Service Quality (0.73)
Inge Chand,2020,4,masuk lobi merasa bau apek msuk angkat juga masuk kamar pertama apek juga saya minta ganti karena tidak mau hadap jalan kamar ke 2 wangi an tidak berisik pula bantal perlu diganti soalnya dah kempes lain tidak ada masalah sarapan rasa oke macamnya jg lumayan lah,BUMN,Bintang 4,GrandInnaTunjungan,positive,0.9911830425262451,Service Quality,Service Quality (0.63); Check in/out Experience (0.55); Facilities & Amenities (0.54)
Wisa dwitiara,2022,5,pertama kali saya menginap di hgi ini dengan mendatangi lgsg ke resepsionis ramah bged dan lebih murah daftar lgsv dtpd pke aplikasi kamar di luar ekspektasi nyyaammann n luuass kamar mandinya oke ada byak gantungan kulkas peralatan mandi sarapannya pun byak ragam sampai saya nyicipin semua di sore hari jdwal berbersih kamar gesit mengerjakannya intinya ttoopp bbgedd dianjurkan,BUMN,Bintang 4,GrandInnaTunjungan,positive,0.9989200830459595,Facilities & Amenities,Facilities & Amenities (0.99); Check in/out Experience (0.98); Booking & Reservation Experience (0.97)
Asri Pertiwi,2021,5,Tempat yang bagus dekat mall dadakan cek masuk 1 hari sebelum syukur yah bisa kebetulan malamnya ada makanan angkringan enak serius apalagi usus bakar dan nasi kucing satu masukan sih kolam renangnya tidak ada untuk anak kecil jadi bawa pelampung yah tapi secara keseluruhan okelah,BUMN,Bintang 4,GrandInnaTunjungan,positive,0.9988747239112854,Facilities & Amenities,Facilities & Amenities (0.99); Check in/out Experience (0.90); Guest Experience (0.81)
Bondan Winar,2022,5,hotel lama harga murah bersih dan dekat kemana mana mana di pusat kota surabaya alternatif kalau tidak bisa kamar di hotel lain sekelas atau budget tipis karena hotel lama spring bed nya juga tua sudah kurang bagus sebaiknya perlu diganti,BUMN,Bintang 4,GrandInnaTunjungan,negative,0.8300054669380188,Pricing & Value for Money,"Pricing & Value for Money (0.91); Cleanliness, Hygiene & Maintenance (0.69); Location, Accessibility & Parking (0.63)"
Soni Sulistomo,2024,1,kamarnya panas tidak enak banget sudah memanggil orang buat dinginin masih saja panas nyesel banget,BUMN,Bintang 4,GrandInnaTunjungan,negative,0.9990905523300171,Guest Experience,Guest Experience (0.77); Booking & Reservation Experience (0.61); Facilities & Amenities (0.59)
Izza Murtafi,2019,4,menginap disini karena fasilitas kantor sih saat pelatihan di surabaya hotel lama tapi nyaman kok dekat banget sama tunjungan plaza tinggal jalan sudah sampai sarapan enak dan banyak pilihan yang kurang ya karena di depan hotel ada penyebrangan jadi klo malam agak terganggu dengan suaranya tapi lama2 jadi hafal lagunya semanggi suroboyo lontong balap wonokromo,BUMN,Bintang 4,GrandInnaTunjungan,positive,0.9990329742431641,Facilities & Amenities,Facilities & Amenities (0.99); Service Quality (0.81); Cultural & Heritage Experience (0.75)
Sandy Sukma Electone Murah Surabaya,2019,5,Hotel yang merekomendasikan pelayanannya memuaskan setiap hari Senin pe Jum di Ada live music di kafe terrace mulai pukul 20.00 sampai pukul 23.00 wib bisa banget buat nongki sambil ngopi2 bersama rekan teman dan keluarga dengan harga yang standar dan bisa di bilang murah banget yang mo nongky2 n ngopi2 guys bisa datang rame2 ya,BUMN,Bintang 4,GrandInnaTunjungan,positive,0.9990540146827698,Family & Group Friendly,Family & Group Friendly (0.99); Service Quality (0.98); Pricing & Value for Money (0.97)
Rista Purnamasari,2021,4,hotelnya nyaman saat datang ada bagian kamar yang kotor tapi para staf mau segera membersihkan setelah saya hubungi para stafnya membantu bagian gym sepertinya kurang terawat mungkin karena masa covid jarang juga yang pakai,BUMN,Bintang 4,GrandInnaTunjungan,negative,0.5437106490135193,Facilities & Amenities,Facilities & Amenities (0.75); Service Quality (0.73); Guest Experience (0.73)
Aretha Neelam,2022,4,hotelnya lama tapi lumayan ya staf ramah banget hanya sj kolam renangnya kurang sip kecil tidak ada kolam renang anak untuk sarapan rasa sop anyep tidak d cipin ap ya panggagan roti jadul banget sampek menunggu lama gk gosong2 rotinya tapi variasi banyak,BUMN,Bintang 4,GrandInnaTunjungan,positive,0.9532882571220398,Staff Conduct & Hospitality,Staff Conduct & Hospitality (0.80); Service Quality (0.72); Guest Experience (0.42)
Rahmad Kusadhani,2019,5,sarapannya lebih ke menu makanan indonesia rawonnya dianjurkan kafe di hotel termasuk berharga murah saya memesan kopi dan pisang goreng di sajikan dengan taburan keju parkir mudah dan cukup luas,BUMN,Bintang 4,GrandInnaTunjungan,positive,0.997902512550354,"Location, Accessibility & Parking","Location, Accessibility & Parking (0.97); Food & Beverage (0.97); Pricing & Value for Money (0.96)"
Elvira Rosalia,2024,1,bukbernya tidak merekomendasikan ditaruh dihalaman tidak jelas makanan tidak sesuai di daftar pegawai lemot pelayanannya makan hbs g di refil air langka,BUMN,Bintang 4,GrandInnaTunjungan,negative,0.9991711378097534,Guest Experience,Guest Experience (0.68); Booking & Reservation Experience (0.61); Management & Policy Issues (0.54)
Sasha Prayogo,2017,4,ibu saya sering menyebut hotel ini hotel jadul karena memang eksistensiinya yang sudah sangat lama hotel ini sudah menjadi langganan keluarga saya karena dekat dengan segala tempat yang saya ingin kunjungi seperti tunjungan plaza contohnya hotel yang cocok untuk keperluan wisata keluarga kekurangan dari tempat ini mungkin dari segi makanannya yang kurang bervariasi tidak seperti beberapa tahun yang lalu,BUMN,Bintang 4,GrandInnaTunjungan,positive,0.9131477475166321,"Loyalty, Recommendation & Appreciation","Loyalty, Recommendation & Appreciation (0.74); Family & Group Friendly (0.66); Facilities & Amenities (0.64)"
Matthew Jonathan,2021,5,hotel nya bagus dengan pelayanan yang super baik apa pun yang kt minta selalu disediakan walau sempat ada masalah karena ac kamar panas walau sudah dibenarkan dan ditawarkan untuk ganti kamar oleh manajemen,BUMN,Bintang 4,GrandInnaTunjungan,positive,0.997442364692688,Service Quality,Service Quality (1.00); Service Efficiency & Responsiveness (0.99); Facilities & Amenities (0.99)
F S,2022,5,order lewat aplikasi pertama coba menginap di inna ini sejauh ini semua oke kamar cukup luas dpt fasilitas kulkas ac dingin toilet check masuk masuk n check keluar cepat tidak ada masalah aku tidak bisa menghubungkan kamar karena keluarga jadi berguna banget dpt kamar ini,BUMN,Bintang 4,GrandInnaTunjungan,positive,0.9986112117767334,Facilities & Amenities,Facilities & Amenities (0.98); Service Efficiency & Responsiveness (0.91); Service Quality (0.87)
Hilda T,2024,3,Hotel tua yang baru saja direnovasi tidak ada satu pun staf di sekitar ketika kami berada di sana tidak menghabiskan malam,BUMN,Bintang 4,GrandInnaTunjungan,negative,0.9944562911987305,Service Quality,Service Quality (0.65); Facilities & Amenities (0.62); Sustainability & Environmental Quality (0.49)
Nurul Aja,2022,5,lokasi hotel sangat strategis berada di kawasan utama surabaya kamar bagus pelayanan pegawai hotelnya juga bagus saran layanan wifi nya perlu ditingkatkan kecepatannya,BUMN,Bintang 4,GrandInnaTunjungan,positive,0.999405026435852,Facilities & Amenities,Facilities & Amenities (0.98); Service Quality (0.98); Service Efficiency & Responsiveness (0.97)
Aulia Iskandar,2024,4,selalu suka kesini bukan hotel kekinian tapi lokasi strategis kamar oke pelayanan oke,BUMN,Bintang 4,GrandInnaTunjungan,positive,0.9992875456809998,Service Quality,Service Quality (1.00); Guest Experience (0.98); Room Quality & Comfort (0.97)
Harry Ramadhani,2022,3,Saya di angkringan cafe tidak masuk hotelnya d agak susah bisa meja klo malam minggu saat pula dengan rangkaian acara hut sub jalan yaa ini angkringan harga cafe d agak overpay nasi gorengnya juga asin banged ke gigit garam tadi,BUMN,Bintang 4,GrandInnaTunjungan,positive,0.9987603425979614,Food & Beverage,Food & Beverage (0.90); Pricing & Value for Money (0.76); Facilities & Amenities (0.67)
Azim Malik,2019,4,hotel dengan gaya klasik dibagian luar namun bernuansa modern di dalamnya sangat strategis karena letaknya di tengah kota suasana hotel nyaman dan fasilitas hotel lumayan lengkap hanya untuk kamar agar disediakan tempat sampah lagi dan lebih ditingkatkan kebersihan pelayanan jg sudah bagus,BUMN,Bintang 4,GrandInnaTunjungan,positive,0.9990395903587341,Facilities & Amenities,"Facilities & Amenities (0.99); Service Quality (0.98); Cleanliness, Hygiene & Maintenance (0.94)"
Suci Wahyuning Jati,2022,5,pelayanan memuaskan banget sumpah tidak bohong dari serukity resepsionis room service sampai ke staf resto makanan nya enak banyak pilihan resto nya luas kamar nya lega banget sampai bisa salt toilet nya mantul tapi dari keluar lift sampai ke kamar agak beda hawa nya keq serem gitu apa lagi kalau siang ada lagu gitu yang di puter nya tidak slsai tapi itu lagi lagu nya kurang stopkontak ac nya nya tidak merasa merokok area nya diluar harus panas panasan dlu,BUMN,Bintang 4,GrandInnaTunjungan,positive,0.9684263467788696,Service Quality,Service Quality (0.99); Service Efficiency & Responsiveness (0.90); Facilities & Amenities (0.88)
Reva,2022,4,bisa lebih baik lagi untuk pemeliharaan ruangannya karena lantainya sudah mulai terkelupas tembok beberapa ada yang kotor tangganya juga kotor berdebu tapi selain itu cukup nyaman,BUMN,Bintang 4,GrandInnaTunjungan,negative,0.9806818962097168,"Cleanliness, Hygiene & Maintenance","Cleanliness, Hygiene & Maintenance (0.86); Facilities & Amenities (0.80); Room Quality & Comfort (0.73)"
Rohma Handayani,2021,3,Saya memesan Tgl 1 2 April knp pintu msk loby g ada yang jaga ya jadi saya hrs buka pintu sdri belum lg bw bawaan byk jadi ribet hrs nurunin tetengan dulu g ada ucapan slmt datang ato gitu kamar bagus dengan pemandangan luar cuma kamar kykx jam diganti deh karna dah kerasa springx trus sprei jg jam diganti karna warnax dah g putih lg tempatx bersih toilet bersih tangan jg g layak pakai sama kyk kesetx untuk sandal knp cuma 1 pdhl saya pesan untuk 2 org shampoo jg cuma 1 org tisu ruangan emang,BUMN,Bintang 4,GrandInnaTunjungan,negative,0.9865471124649048,Facilities & Amenities,"Facilities & Amenities (0.89); Booking & Reservation Experience (0.86); Cleanliness, Hygiene & Maintenance (0.85)"
Winny Zhang,2021,3,Saya ulas dari awal masuk ya menginap 31 mei 01 juni 21 oleh agoda bayar di hotel 282k tanpa bf kamar 214 lobi luas pelayanan kamar ramah luas pengering rambut kulkas mini teko listrik gelas total ada 4 cermin full body meja rias kursi rias dan sofa tunggal masing2 ada 2 angkat sempit 2 toilet orang lumayan sempit gelas sikat gigi cm 1 komplimen tidak ada mandi cap l dan alat anak lain sikat gigi 2 dan sabun 2 bj yang batang yang cair 1 botol sandal cm 1 pasang tisu cm roll yang di toilet kayu lantai berdenyit dan anjlok2 suara orang,BUMN,Bintang 4,GrandInnaTunjungan,positive,0.9828330874443054,Facilities & Amenities,Facilities & Amenities (0.99); Pricing & Value for Money (0.85); Service Quality (0.83)
Marta Ulia,2022,5,Salah satu hotel lama yang berada di jantung kota surabaya berada di seberang tunjungan plaza 1 tidak jauh dari kantor gubernur jawa timur lokasi strategis ingin bepergian kemanapun mudah dan terjangkau,BUMN,Bintang 4,GrandInnaTunjungan,positive,0.99912029504776,Service Efficiency & Responsiveness,"Service Efficiency & Responsiveness (0.85); Facilities & Amenities (0.83); Location, Accessibility & Parking (0.79)"
Evelyn Gunardi,2019,4,lobby nya bersih terasa lapang beda dengan beberapa tahun lalu sebelum direnovasi area toilet umum juga bersih tapi hati2 ada undakan kecil jadi hati2 melangkahnya lapangan parkir luas hanya saja sekali masuk walaupun hanya untuk menurunkan penumpang harus membayar r2 4rb r4 6rb,BUMN,Bintang 4,GrandInnaTunjungan,positive,0.9917171597480774,"Location, Accessibility & Parking","Location, Accessibility & Parking (0.94); Cleanliness, Hygiene & Maintenance (0.92); Service Quality (0.91)"
Tietha Birgitta,2019,5,Hotel tua tapi tidak mengurangi kemewahan kamarnya staf luas makanan ramah enak itu terletak dalam jarak berjalan kaki ke Tunjungan Plaza dan Plaza Surabaya satu hal yang sedikit mengganggu adalah suara dari luar acara pikir kamar sudah memiliki 2 lapisan jendela,BUMN,Bintang 4,GrandInnaTunjungan,positive,0.9937155842781067,Facilities & Amenities,Facilities & Amenities (0.99); Room Quality & Comfort (0.97); Service Quality (0.97)
afrizilla yulika hanifah,2022,1,Baru jam 9 sarapan uda pada abis refil 2 botol air putih ditegor pdhl nasi saja g makan orang sisa2 dan dingin pelit kebangetan tidak akan ngulang ke 2x terima kasih memperbaiki cari hotel lain bestiee,BUMN,Bintang 4,GrandInnaTunjungan,negative,0.7975950837135315,Food & Beverage,Food & Beverage (0.88); Pricing & Value for Money (0.69); Service Quality (0.66)
Adlin Maulidia,2021,4,datang kesini karena diundang nikahan dulu sering lewat tapi tidak pernah sadar kalau ini bangunan hotel karena terlihat bangunannya setelah masuk ternyata cukup interiornya ada beberapa ruang untuk acara semi formal acara nikahan yang formal jadi santai karena ruangannya seperti kafe ada kolam renang,BUMN,Bintang 4,GrandInnaTunjungan,positive,0.9873212575912476,Facilities & Amenities,Facilities & Amenities (0.89); Guest Experience (0.62); Service Efficiency & Responsiveness (0.62)
edhy wiyonoo,2021,3,Hotelnya bagus bersih tapi di kamar kalau malem kok banyak nyamuknya ya hehehhe pilihan makan lumayan banyak rasa 8 10 pelayanan pegawai bagus dan ramah,BUMN,Bintang 4,GrandInnaTunjungan,positive,0.9978984594345093,"Cleanliness, Hygiene & Maintenance","Cleanliness, Hygiene & Maintenance (0.98); Staff Conduct & Hospitality (0.98); Service Quality (0.98)"
Andini Dhiney,2018,4,Di rekomendasikan agar mengambil kamar di lantai 7 krena klo tidak salah mulai lantai 5 atau 6 yang belum di renovasi sarapan nya biasa saja tidak ada spesial warung kopi nya kadang ada live musik keyboard hanya yp suasananya nyaman pegawainya sangat ramah sekali,BUMN,Bintang 4,GrandInnaTunjungan,positive,0.9944183826446533,Staff Conduct & Hospitality,Staff Conduct & Hospitality (0.93); Service Quality (0.93); Facilities & Amenities (0.90)
Soelistyo Noegroho,2023,5,bagus bersih dekat alun-alun tunjungan letak sangat strategis hanya kurang kedap saja kamarnya shg suara bising kendaraan masih keras terdengar,BUMN,Bintang 4,GrandInnaTunjungan,positive,0.9864491820335388,Service Quality,"Service Quality (0.95); Facilities & Amenities (0.92); Cleanliness, Hygiene & Maintenance (0.88)"
Asti Eka W,2019,5,Hotel nyaman kamar luas bersih berkelas staf ramah waktu kesini kolam renang masih dalam perbaikan tapi masih bisa digunakan semoga waktu berkunjung kesini lagi sudah selesai cocok jika kita bawa anak kecil tinggal jalan saja jika mau ke tunjungan plaza dekat jika mau kmana mana,BUMN,Bintang 4,GrandInnaTunjungan,positive,0.9986011385917664,Service Quality,Service Quality (0.99); Facilities & Amenities (0.98); Staff Conduct & Hospitality (0.98)
dwi_santyo 04,2019,5,Staff nya ramah kamarnya juga bersih dan bagus apalagi kalau kamarnya menghadap ke jalan jadi pemandangan nya lumayan baguslah melihat lalu lalang kendaraan dan bus yang berhenti di depan hotel dan juga hotel ini lokasinya sangat strategis,BUMN,Bintang 4,GrandInnaTunjungan,positive,0.9994099140167236,Staff Conduct & Hospitality,"Staff Conduct & Hospitality (0.99); Facilities & Amenities (0.99); Cleanliness, Hygiene & Maintenance (0.99)"
Hurriah,2018,5,kamar luas dan bersih lokasi hotel strategis berada di pusat kota dan dekat dengan pusat perbelanjaan staf ramah dan bersedia membantu kapan saja diperlukan direkomendasikan untuk keluarga dan bisnis,BUMN,Bintang 4,GrandInnaTunjungan,positive,0.99922776222229,Family & Group Friendly,"Family & Group Friendly (1.00); Facilities & Amenities (1.00); Cleanliness, Hygiene & Maintenance (0.99)"
Papakilo,2024,5,Pelayanan prima staf ramah penuh senyum sopan kamar resik strategis terjangkau,BUMN,Bintang 4,GrandInnaTunjungan,positive,0.9992772936820984,Service Quality,Service Quality (1.00); Guest Experience (1.00); Room Quality & Comfort (0.99)
Deisi Lomban,2019,3,Hotel dekat mal tunjungan plaza delta plaza es krim zangrandi jalan kaki hanya 5 10 menit sarapan enak tapi pelayanan petugas resto perlu ditingkatkan kurang cepat membersihkan padahal banyak tamu antri sarapan jumlah meja resto kurang memadai,BUMN,Bintang 4,GrandInnaTunjungan,negative,0.7542073726654053,Facilities & Amenities,Facilities & Amenities (0.97); Service Quality (0.97); Guest Experience (0.96)
Tri Saptana Wahyudi,2019,5,Saya kira Anda bisa mendapatkan akomodasi hemat di pusat kota surabaya salah satunya di hotel ini lokasi sangat strategis dekat alun-alun dekat stsiun kereta api gubeng fasilitas dan layanan cukup baik dan hotel ini kelihatannya sudah cukup lama berdiri,BUMN,Bintang 4,GrandInnaTunjungan,positive,0.9994611144065857,Facilities & Amenities,Facilities & Amenities (1.00); Service Quality (1.00); Service Efficiency & Responsiveness (0.96)
Adi Pradana,2024,5,lokasi berada dipusat kota surabaya sangat super strategis dekat pusat perbelanjaan ternama dekat pusat pemerintahan provinsi,BUMN,Bintang 4,GrandInnaTunjungan,positive,0.9995427131652832,"Loyalty, Recommendation & Appreciation","Loyalty, Recommendation & Appreciation (0.80); Pricing & Value for Money (0.78); Service Efficiency & Responsiveness (0.74)"
Budi Tjahjo Purnomo,2021,5,hotel yang cukup mewah di tahun 70an yang mana waktu itu nama hotel baru simpang yang kebetulan cukup dekat dengan tinggal saya pada waktu masih kecil pada hari sabtu 18 desember 2021 teman teman teman smp negeri 3 angkatan 71 adakan reunian yang ke 50 atau boleh dikata reuni emas kawan kawan bilang alhamdulillah acara baru sukses dengan dukungan manajemen hotel tsb,BUMN,Bintang 4,GrandInnaTunjungan,positive,0.9949081540107727,"Loyalty, Recommendation & Appreciation","Loyalty, Recommendation & Appreciation (0.62); Cultural & Heritage Experience (0.31); Religious & Halal Features (0.31)"
Budi Christanto,2018,1,harga relatif sangat mahal untuk hotel sekelasnya ukuran kamar termasuk sempit dan plafon rendah yang paling parah adalah pelayan hotel yang rata rata tidak menyenangkan sok ramah buatan palsu ngomong sekenanya tampilan tidak bersih tidak rapi seragam pelayan hotel norak berupa t shirt lift sangat sangat sangat sesak,BUMN,Bintang 4,GrandInnaTunjungan,negative,0.9992619156837463,Facilities & Amenities,Facilities & Amenities (0.88); Pricing & Value for Money (0.87); Ambience & Design (0.80)
nofilawati anisa,2018,4,paling seneng ke hotel inna simpang karena lokasinya yang sangat strategis dengan angkutan umum kita bisa naik bis kota dari terminal purabaya bungurasih dengan ongkos hanya enam ribu bisa turun di hotel tunjungan lalu nyebrang pakai jembatan penyeberangan orang jpo skarang juga bisa dijangkau naik bus suroboyo cukup dengan membayar pakai sampah botol air minum kemasan,BUMN,Bintang 4,GrandInnaTunjungan,positive,0.9989664554595947,Facilities & Amenities,Facilities & Amenities (0.91); Service Efficiency & Responsiveness (0.88); Pricing & Value for Money (0.88)
rizki dewantara,2022,5,hotel klasik kebersihan sangat memuaskan pelayanan baik hotelnya wangi ada kolam renang tidak besar tapi cukup lah untuk anak2 dan dewasa dekat sekali ke tapi tinggal nyeberang saja buat belanja atau beli makanan,BUMN,Bintang 4,GrandInnaTunjungan,positive,0.9986469149589539,Facilities & Amenities,"Facilities & Amenities (1.00); Cleanliness, Hygiene & Maintenance (0.99); Service Quality (0.99)"
Hends Ten's,2022,1,hotel lama tapi dipusat kota kamarnya kurang bersih dan kurang lengkap masa keset kamar mandi harus minta tisu juga tidak ada temlat sampah juga tidak ada sarapan pagi juga tidak ada enak2 nya,BUMN,Bintang 4,GrandInnaTunjungan,negative,0.9977287650108337,Facilities & Amenities,"Facilities & Amenities (0.95); Service Quality (0.74); Cleanliness, Hygiene & Maintenance (0.70)"
Kudrat Ayu,2022,4,beli jauh hari dapet harga 400rb satu per malam lewat tiket com ternyata harga dihari h saat cek lagi hanya 250rb satu kamar bersih pelayanan oke minta sandal hotel keset dan isian jaringan ditangani cepat petugas ramah cuman gatau ini horor atau apa 3x ada yang ketuk pintu keras tapi saat diliat tidak ada orang menjelang maghrib sekali sama sebelum subuh 2x,BUMN,Bintang 4,GrandInnaTunjungan,negative,0.6264718174934387,Facilities & Amenities,Facilities & Amenities (0.95); Staff Conduct & Hospitality (0.94); Service Quality (0.94)
sisilia deka,2018,3,hotel lumayan nyaman hanya ruang rapatnya sudah kuno ac nya berisik dan mengganggu saat rapat berlangsung sarapan variatif dengan rasa yang tidak terlalu istimewa staf ramah,BUMN,Bintang 4,GrandInnaTunjungan,positive,0.9919425249099731,Facilities & Amenities,Facilities & Amenities (0.98); Staff Conduct & Hospitality (0.78); Guest Experience (0.72)
Abdul Aziz,2024,1,Sepertinya aku tidak mendapatkan maklum aku masih punya orang banyak normal kok ada 1 orang temanku masih punya,BUMN,Bintang 4,GrandInnaTunjungan,negative,0.9615001678466797,Guest Experience,Guest Experience (0.44); Family & Group Friendly (0.39); Religious & Halal Features (0.39)
Ervan Aryanto,2018,5,tempat singgah yang nyaman ini dekat dengan mall tunjungan plaza jika ingin ngopi bareng ada di pojok hotel ini tentunya makanan sarapan pagi sangat enak hotel ini cocok untuk pertemuan kantor maka dari itu bagi pengunjung luar kota yang singgah di kota surabaya tidak ada salahnya jika menginap di hotel inna ini hotel ini sangat dianjurkan silahkan bila belum mencoba silahkan coba saya pastikan Anda nyaman akses jalan2 dari hotel ini sangat mudah baik dengan mobil maupun jalan kaki kebersihan hotel ini juga tidak diragukan lagi monggo poro tamu singgah di hotel ini silahkan menikmati kenyamanan Anda jika Anda dari taksi Anda bisa memesan menuju hotel ini bisa juga,BUMN,Bintang 4,GrandInnaTunjungan,positive,0.9995856881141663,Facilities & Amenities,"Facilities & Amenities (0.95); Cleanliness, Hygiene & Maintenance (0.92); Location, Accessibility & Parking (0.92)"
Wahid Chenx,2019,5,pelayanan ramah kamar luas bersih dengan harga segitu cukup memuaskan karena dekat dengan pusat kota surabaya di belakang hotel ada masjid ada jg kran udara untuk mencuci mobil di parkir belakang dianjurkan,BUMN,Bintang 4,GrandInnaTunjungan,positive,0.9994376301765442,Service Quality,Service Quality (1.00); Facilities & Amenities (0.99); Room Quality & Comfort (0.98)
Don SR Muakkat,2022,2,kemarin bukber dsni bnran kecewa jumlah mknan dan tamu tidak seimbang pdhal ktax 88rb allucaneat makanan sudah habis bukan hnya mkanan tapi cari piring kirim gelas pun hbis msih nggu mau mnum teh panas pke gelas teh g adnya cm gelas biasa mgkin lain kali jumlh tamu sama mkanan bisa lbih dprhatikan,BUMN,Bintang 4,GrandInnaTunjungan,negative,0.9974397420883179,Booking & Reservation Experience,Booking & Reservation Experience (0.84); Food & Beverage (0.84); Guest Experience (0.79)
Agus Wiwanto,2019,5,lebih baik dari yang diharapkan untuk harganya tempat ini strategis Anda hanya berjalan kurang dari 300m ke Tunjungan plaza itu bahkan lebih pendek jika Anda mengambil jalan pintas dari kantor agen perjalanan masuk sudut itu adalah hotel yang baik dipelihara dan bersih sarapan buffet lebih ke tradisional jawa masakan tapi mereka lezat harga yang wajar saya cenderung mengatakan itu murah dibandingkan dengan sekitarnya dan memiliki koneksi wifi gratis cukup cepat kolam renang adalah kecil dan memiliki posisi aneh masuk depan musholla muslims ruang doa meskipun itu adalah sebuah hotel milik pemerintah bumn,BUMN,Bintang 4,GrandInnaTunjungan,positive,0.9984121322631836,"Cleanliness, Hygiene & Maintenance","Cleanliness, Hygiene & Maintenance (0.99); Facilities & Amenities (0.99); Pricing & Value for Money (0.99)"
Windya Darmawan,2024,5,Hotel lama kebersihan serta fasilitasnya perlu menjadi perhatian untuk harga dengan kondisi seperti ini perlu menjadi pertimbangan,BUMN,Bintang 4,GrandInnaTunjungan,negative,0.7045636177062988,"Cleanliness, Hygiene & Maintenance","Cleanliness, Hygiene & Maintenance (1.00); Facilities & Amenities (1.00); Pricing & Value for Money (1.00)"
Rinus Maximus,2021,2,Saya menginap seminggu lalu 3hari saya sabar ac tidak dingin lalu saya meminta di carikan kamar yang ac nya dingin tapi resepsionis nya yang laki laki dengan entengnya jawab besok saja yah pak langsung cek keluar saya pindah ke hotel midtown,BUMN,Bintang 4,GrandInnaTunjungan,negative,0.9953382015228271,Service Quality,Service Quality (0.89); Service Efficiency & Responsiveness (0.89); Check in/out Experience (0.86)
Tabita Mardiantari,2019,5,fasilitas kamarnya bagus kebetulan dapat melihat yang bagus dan lokasi yang tidak dekat jalan jadi bisa beristirahat tenang harganya juga standar untuk resto makanannya juga enak betah meskipun cuma diam di kamar,BUMN,Bintang 4,GrandInnaTunjungan,positive,0.9993763566017151,Facilities & Amenities,Facilities & Amenities (1.00); Pricing & Value for Money (0.99); Room Quality & Comfort (0.97)
Nadia Adnadila,2023,5,baru saja ngadain diklat di sini luar biasa sih pelayanannya oke banget harga juga oke pusat kota tempat nyaman karyawan2nya ramah2 dan membantu terkhusu pak dibuat dan tim yang sangat membantu dan sabar menghadapi permintaan2 ku yang mendadak,BUMN,Bintang 4,GrandInnaTunjungan,positive,0.9991779923439026,Facilities & Amenities,Facilities & Amenities (1.00); Service Quality (0.99); Service Efficiency & Responsiveness (0.98)
Dony Sanjaya,2021,4,Suasananya tenang nyaman apalagi ada kafe lesehan d depan hotel menampilkan musik live nya mantap pokok nya cuman ada kekurangan sedikit terkait kolam renangnya kurang bersih,BUMN,Bintang 4,GrandInnaTunjungan,positive,0.9978450536727905,Facilities & Amenities,Facilities & Amenities (0.97); Food & Beverage (0.97); Service Quality (0.93)
Budi Heriyanto,2023,3,secara keseluruhan oke proses cek masuk makanan layanan lokasi hanya wifi dalam kamar koneksi tidak stabil putus nyambung sehingga menghambat dalam pekerjaan yang membutuhkan koneksi stabil,BUMN,Bintang 4,GrandInnaTunjungan,negative,0.5274970531463623,Food & Beverage,Food & Beverage (0.91); Facilities & Amenities (0.91); Service Quality (0.90)
keluarga masbaim,2018,5,bintang 3 bersih ada kolam renang makan pagi cukup lengkap ada masjid di bawah luar sekitar grahadi deket tunjungan kekurangan jauh dari warung kaki lima disekitarnya untuk makan malam,BUMN,Bintang 4,GrandInnaTunjungan,positive,0.9991334080696106,Facilities & Amenities,Facilities & Amenities (0.98); Service Quality (0.93); Room Quality & Comfort (0.81)
Yenny Supriani,2024,5,hotelnya bersih stafnya ramah2 cm satu yang ngga layak kolam renangnya kurang okw,BUMN,Bintang 4,GrandInnaTunjungan,positive,0.9365270733833313,Service Quality,Service Quality (0.96); Facilities & Amenities (0.95); Staff Conduct & Hospitality (0.86)
Bodhicitta Acupuncture & Holistic Healing - Bali,2019,5,Anda akan dihibur oleh musik jam yang memungkinkan diri untuk menyanyikan lagu makanan itu bagus dan untungnya saya dapat menemukan bir di sini satu hal yang dapat ditingkatkan oleh manajemen adalah staf kafe tampaknya mereka dikelola kafe dan hotel yang membuat cukup dismanaged tapi secara keseluruhan saya sangat merekomendasikan tempat ini,BUMN,Bintang 4,GrandInnaTunjungan,positive,0.9991017580032349,Food & Beverage,Food & Beverage (1.00); Staff Conduct & Hospitality (0.97); Service Quality (0.94)
Dino Prambudi,2018,4,parkir luas loby bagus kamar luar ukuran 28m segi terdapat mini kulkas makanan sarapan banyak pilihan dan rasa lumayan enak,BUMN,Bintang 4,GrandInnaTunjungan,positive,0.9994404911994934,Facilities & Amenities,"Facilities & Amenities (0.99); Location, Accessibility & Parking (0.98); Family & Group Friendly (0.80)"
Muhammad Junaidi,2021,4,Hotel di tengah kota surabaya dekat sama tunjungan plaza karena covid 19 variasi makanan sarapan pagi nya tidak begitu banyak bawa anak 7 tahun sarapan nya kena tunai 50,BUMN,Bintang 4,GrandInnaTunjungan,positive,0.997105062007904,Pricing & Value for Money,Pricing & Value for Money (0.76); Facilities & Amenities (0.48); Service Quality (0.40)
BUDI TOUR PLANER GUIDE,2018,3,hotel lama yang msh ada tapi lokasinya strategis di pusat kota surabaya seberang nya ada tunjungan plaza dekat ke balai kota surabaya ke jl tunjungan deket ke pusat kuliner kedungdoro dan rawom setan jl embong malang tinggal jalan kaki smpi di pusat tujuan di atas,BUMN,Bintang 4,GrandInnaTunjungan,positive,0.9992639422416687,Facilities & Amenities,"Facilities & Amenities (0.92); Cultural & Heritage Experience (0.83); Location, Accessibility & Parking (0.72)"
Maharini Chintya,2022,5,Hotel bumn yang bernilai uang mewah hotel pada masanya dapet tarif per malam 317rb kamar bagus dan nyaman staf sangat membantu lokasi di tengah kota mudah ke mana2 dengan berjalan kaki,BUMN,Bintang 4,GrandInnaTunjungan,positive,0.9987826943397522,Room Quality & Comfort,Room Quality & Comfort (1.00); Facilities & Amenities (1.00); Pricing & Value for Money (0.97)
Meitharisha Fakhdiyar,2018,5,hotel lama yang sedang direnovasi dan diperbaharui kamarnya nyaman dan bersih makanan yang disajikan kebanyakan masakan khas nusantara sayang pegawainya kurang terasa sekali saat sarapan,BUMN,Bintang 4,GrandInnaTunjungan,positive,0.9904656410217285,"Cleanliness, Hygiene & Maintenance","Cleanliness, Hygiene & Maintenance (0.99); Room Quality & Comfort (0.98); Facilities & Amenities (0.95)"
Mrz Purba07,2022,5,Hotel ini bagus bagus sangat cocok buat keluarga berkumpul acara acara lain juga walau kolamnya g besaar tapi bersih itu saja dulu ya terima kasih grand inna sukses,BUMN,Bintang 4,GrandInnaTunjungan,positive,0.9978702068328857,Family & Group Friendly,"Family & Group Friendly (0.99); Facilities & Amenities (0.94); Cleanliness, Hygiene & Maintenance (0.92)"
Grace Kristiani Salim Suryoputro,2021,5,hotelnya cukup tenang meskipun letaknya di tengah kota surabaya pelayanannya bagus dan cekatan ranjangnya juga empuk banget dan enak ac jg cukup dingin walau hotel lama tapi pelayanan bagus dan hotel jg bagus rekomen banget,BUMN,Bintang 4,GrandInnaTunjungan,positive,0.9995298385620117,Service Quality,"Service Quality (0.97); Facilities & Amenities (0.96); Loyalty, Recommendation & Appreciation (0.94)"
Cahyo Purwanto,2019,4,hotel yang nyaman elegan dan suasana kontemporer di pusat kota surabaya dekat dengan pusat perbelanjaan gedung negara grahadi dengan menu selera nusantara membuat cocok di lidah para tamu hotel cocok buat pertemuan kantor dengan aula pertemuan yang memadai pokoknya saat buat kantor dan liburan,BUMN,Bintang 4,GrandInnaTunjungan,positive,0.9994562268257141,Facilities & Amenities,Facilities & Amenities (0.98); Guest Experience (0.96); Ambience & Design (0.95)
Freddy Tobing,2024,5,Mantab dekat dengan pusat belanja dan bisnis lain sgt rekomendasi untuk kolam menyediakan tangga untuk anak2 atau kolam anak,BUMN,Bintang 4,GrandInnaTunjungan,positive,0.9989030361175537,Facilities & Amenities,Facilities & Amenities (0.96); Family & Group Friendly (0.76); Sustainability & Environmental Quality (0.66)
Ladi,2018,5,hotel dijantung kota surabaya yang memungkinkan untuk segala akses dengan tarif yang masih terjangkau kantong buat kita2 pelayanan yang ramah dan tata ruang yang elegan membuat betah dan kerasan juga dengan memanjakan diri di spa baru dengan terapis yang cantik2 dan profesional hm buktikan,BUMN,Bintang 4,GrandInnaTunjungan,positive,0.9993107318878174,Service Efficiency & Responsiveness,Service Efficiency & Responsiveness (1.00); Facilities & Amenities (1.00); Pricing & Value for Money (0.99)
Zaiful Nizar,2021,5,hotel dan pelayanan resepsionisnya bagus kamarnya nya juga bersih hotel ini juga menerapkan sistem tamu yang mau menginap harus sudah di vaksin dengan harga di bawah 300 sudah menikmati ruangan bintang 4 tpi sayang udara panasnya tidak berfungsi,BUMN,Bintang 4,GrandInnaTunjungan,positive,0.9981533885002136,Facilities & Amenities,"Facilities & Amenities (0.99); Cleanliness, Hygiene & Maintenance (0.99); Service Quality (0.99)"
Nurhayati Rimosan,2018,5,hotelnya bagus pelayanannya ramah dan memuaskan kami menginap semalam di sini besok terus ke malang ternyata setelah sampai di malang ada tas yang tertinggal kami menelpon ke pihak hotel dan mereka mengantarkan tas tersebut ke malang,BUMN,Bintang 4,GrandInnaTunjungan,positive,0.9956808090209961,Service Quality,Service Quality (0.98); Staff Conduct & Hospitality (0.96); Service Efficiency & Responsiveness (0.93)
Koko Dwipo,2018,5,hotel saat ditengah kota surabaya dengan fasilitas dan pelayanan yang prima ramah kamar luas kolam renang sangat bersih dilingkungan hotel ada masjidnya area halaman untuk parkir pengunjung sangat luas serta terjamin keamanannya,BUMN,Bintang 4,GrandInnaTunjungan,positive,0.9995307922363281,Facilities & Amenities,Facilities & Amenities (1.00); Service Quality (0.99); Room Quality & Comfort (0.99)
Nabil Rayyan,2022,4,pemesanan melalui agoda ternyata sangat lambat koneksinya ke hotel tapi untung karyawan hotel memberikan alternatif yang cepat agar saya klg segera masuk kamar untuk beristirahat hotel lama tapi masih terawat tengkyu,BUMN,Bintang 4,GrandInnaTunjungan,positive,0.9905746579170227,Service Quality,Service Quality (0.80); Booking & Reservation Experience (0.76); Service Efficiency & Responsiveness (0.64)
Aseani Ariesta,2017,5,Hotel yang bagus banget kamarnya luas bersih desain minimalis kamar mandi bersih fasilitas oke pelayanannya memuaskan ramah dan cepat teruskan pekerjaan baik,BUMN,Bintang 4,GrandInnaTunjungan,positive,0.9993383288383484,Service Efficiency & Responsiveness,"Service Efficiency & Responsiveness (0.99); Facilities & Amenities (0.99); Cleanliness, Hygiene & Maintenance (0.99)"
Fitriapangestuti Se,2019,5,Tmpt yang nyaman untuk menginap brsma kelga menu sarapan sgt berfariatif terlebih untuk anak2 ac dkmr sgt dingin beberapa gedung bagus2 di kota sby sukses trs untuk nenek inna lain kali qta seklga nginap lg dsna yaa,BUMN,Bintang 4,GrandInnaTunjungan,positive,0.9989866614341736,Facilities & Amenities,Facilities & Amenities (0.92); Family & Group Friendly (0.76); Room Quality & Comfort (0.72)
Moestiboel Achir,2019,5,ini salah satu hotel legendaris di Sby selain tunjungan jg mojopahit servis dll standar lah buat hotel berbintang nyanyi mesti di pusat kota tunjungan plaza diblkgnya grahadi didpnya balaikota siola pokoke arep nang ndiwae mlaku2 nang suroboyo jan pueenak tenan cak ning,BUMN,Bintang 4,GrandInnaTunjungan,positive,0.9994008541107178,Service Quality,Service Quality (0.99); Facilities & Amenities (0.98); Cultural & Heritage Experience (0.88)
Warto Mertadinala,2018,3,akhir Desember 2017 saya dan klga untuk prtamaxnya menginap di Grand Inna Hotel Sby 2 km 205 dan 207 kesan yang kami rasakan lokasi pertama sngat strategis karena brda di tengah2 kota terlebih deket ke mall tunjungan plaza tnggal jl kki lobinya sangat luas staf hotel ramah kebersihan oke menu mknan cukup yang ke 2 ini kekurangannya ranjangnya 205 single bed sudah reyot bl ditidurin sangat berbunyi mungkin sudah lama hrsnya sudah di ganti dengan yang baru jadi tidak nyaman bak sampah cm ada 1 di km sj dan sndal h,BUMN,Bintang 4,GrandInnaTunjungan,positive,0.9340513944625854,Facilities & Amenities,Facilities & Amenities (0.98); Staff Conduct & Hospitality (0.97); Service Quality (0.96)
Ekaskd,2021,5,Salah satu hotel di Surabaya yang terletak di tengah kota hanya bersebrangan dengan tunjungan plaza kamarnya nyaman makanan di restonya enak tempat pertemuannya juga nyaman,BUMN,Bintang 4,GrandInnaTunjungan,positive,0.9995610117912292,Facilities & Amenities,Facilities & Amenities (0.97); Room Quality & Comfort (0.93); Food & Beverage (0.93)
Amelia Henisyahputri,2023,5,Terimaksih atas layanan nya buat grand inna hotel tunjungan cocok banget untuk berlibur dan bertugas dalam rangka perjalanan dinas serba dekat kemana2 dan sangat tidak nyangka ternyata serba strategis mau kemana2 serba dekat cari makan pun dekat banget ternyata tinggal nyebrang saja,BUMN,Bintang 4,GrandInnaTunjungan,positive,0.9993888139724731,Service Quality,Service Quality (0.99); Facilities & Amenities (0.97); Guest Experience (0.96)
Budi Setiawan,2022,5,Salah satu hotel tertua di surabaya yang letaknya sangat strategis di tengah kota hotel ini sudah mulai banyak direnovasi mengikuti perkembangan zaman,BUMN,Bintang 4,GrandInnaTunjungan,positive,0.9973383545875549,"Location, Accessibility & Parking","Location, Accessibility & Parking (0.64); Sustainability & Environmental Quality (0.63); Facilities & Amenities (0.60)"
Chandra Tjahjadi,2021,4,Hotel yang baik kamarnya bersih dan nyaman ada sedikit bau lembap meskipun dan sarapan makanan pilihan terbatas dan rasa hanya oke tidak besar secara keseluruhan itu menawarkan nilai yang baik,BUMN,Bintang 4,GrandInnaTunjungan,positive,0.9971538782119751,Facilities & Amenities,"Facilities & Amenities (1.00); Room Quality & Comfort (0.99); Cleanliness, Hygiene & Maintenance (0.98)"
Afis Herman Reza Devara,2024,3,Aku bahkan tidak bisa menangani 240w laptop adaptor daya tetap mati juga handuknya begitu tua perlu diganti untuk jujur,BUMN,Bintang 4,GrandInnaTunjungan,negative,0.9982390403747559,Facilities & Amenities,Facilities & Amenities (0.97); Digital Connectivity & Technology (0.82); Management & Policy Issues (0.73)
Niky Purbawisesa,2023,5,hotel strategis di tengah kota dengan fasilitas lengkap serta nyaman cocok untuk liburan bersama keluarga,BUMN,Bintang 4,GrandInnaTunjungan,positive,0.9993614554405212,Facilities & Amenities,Facilities & Amenities (0.99); Family & Group Friendly (0.98); Room Quality & Comfort (0.92)
Atika 2511,2020,4,hotel yang bersih stap ramah lokasi sangat strategis dng pusat pembelanjaan besar disby hanya klw malam suara kendaraan terdengar hingga kekamar,BUMN,Bintang 4,GrandInnaTunjungan,positive,0.9983691573143005,Service Quality,"Service Quality (0.97); Cleanliness, Hygiene & Maintenance (0.96); Staff Conduct & Hospitality (0.96)"
Fin S Z,2019,4,ditengah2 pusat kota terjangkau n makanan hebat nyaman n nyaman kongkow2 di kafeenya jg enak buka 24 jam drpd ke mall belum lg ribet cari parkir sama terbatas buka sampai jam 9 mlm saja,BUMN,Bintang 4,GrandInnaTunjungan,positive,0.9994544386863708,"Location, Accessibility & Parking","Location, Accessibility & Parking (0.93); Facilities & Amenities (0.91); Service Efficiency & Responsiveness (0.89)"
Mahriza Rifaldi,2021,4,Tempatnya bagus fasilitasnya cukup mumpuni untuk hotel dengan bintang sekian akses ke pusat kota dan mall sangatlah dekat seperti alun alun gedung gedung taman apsari dan delta plaza,BUMN,Bintang 4,GrandInnaTunjungan,positive,0.9994192123413086,Facilities & Amenities,"Facilities & Amenities (1.00); Service Quality (0.90); Location, Accessibility & Parking (0.89)"
Bappeda Provinsi Sumatera Barat,2016,5,kesan luar tampak di sini tapi kamarnya keren habis furnitur baru n masih bersih cuma kurangnya menu sarapsn standar banget tapi lumayan dengan hrganya yang murah dengan lokasi hotel yang sangat strategis,BUMN,Bintang 4,GrandInnaTunjungan,positive,0.9982892870903015,"Cleanliness, Hygiene & Maintenance","Cleanliness, Hygiene & Maintenance (0.97); Facilities & Amenities (0.95); Pricing & Value for Money (0.91)"
Dina,2021,3,Saya memesan 3 3 kamar dengan pintu koneksi saat tiba mereka mengatakan kepada kami bahwa mereka sepenuhnya dipesan juga mereka memberi kami divided bed tapi ini adalah masalah kecil oh baik itu cukup penawaran mengingat mereka menawarkan Anda harga yang cukup terjangkau,BUMN,Bintang 4,GrandInnaTunjungan,negative,0.8283187747001648,Pricing & Value for Money,Pricing & Value for Money (0.99); Booking & Reservation Experience (0.96); Facilities & Amenities (0.95)
Henry Eko,2019,4,kamar bersih dan kamar mandi yang baik dipertahankan ruang bola tidak begitu besar langit-langit tidak cukup tinggi ruang cukup untuk memegang pertemuan kecil banyak pilar yang cukup mengganggu proyektor tidak dipertahankan dengan baik,BUMN,Bintang 4,GrandInnaTunjungan,positive,0.9655166864395142,"Cleanliness, Hygiene & Maintenance","Cleanliness, Hygiene & Maintenance (1.00); Facilities & Amenities (1.00); Room Quality & Comfort (0.99)"
Adi Suryawan,2019,4,penginapannya baru pertama kali dengan tanggal 21 September 2019 satu malam lokasinya strategis dekat alun-alun dan monumen gubernur suryo taman apsari surabaya kamarnya cukup luas namun ada bagian kotor makanan ringan di lantainya belum bersih dapat pemandangan jalan raya kamar mandinya cukup bersih dan sempit siaran televisiinya cukup banyak dan istri cukup kencang namun sayangnya suka putus putus putus menu sarapan cukup banyak dan enak ruang makannya cukup luas dan bersih pelayanannya cukup ramah dan tempat parkirnya cukup luas,BUMN,Bintang 4,GrandInnaTunjungan,positive,0.993644118309021,Service Quality,Service Quality (0.93); Service Efficiency & Responsiveness (0.83); Guest Experience (0.83)
Pungky Purnamasari,2019,3,tempatnya sih nyaman berakfastnyapun lumayan ada khas masakan jawa yang mantap dessertnya jenang enak tapi sayangnya waktu aku cek masuk bisa kamar yang bekas orang bersih sih bersih tapi seperti sprei sama air mineral dan tehnya bekas orang lain belum di bersihkan diganti baru kamar mandi sudah bersih sabun dll cs baru juga ruamah banget cuman perlu di teliti lagi sebelum ada pelanggan cek masuk apakah kamar sudah sesuai standar hotel mungkin terburu2 menata nya dan memang saat itu kita resvasi lagi penuh untuk acara kami,BUMN,Bintang 4,GrandInnaTunjungan,positive,0.6992269158363342,Facilities & Amenities,"Facilities & Amenities (0.87); Cleanliness, Hygiene & Maintenance (0.85); Service Quality (0.74)"
ChandraSwaN By Maleitha,2021,5,Sejauh ini tidak meninggalkan pelayanan yang berkualitas meskipun masa ppkm meskipun pengunjung tidak begitu banyak mungkin saya akan berkunjung lg kesini tapi mohon maaf dari sekian fasilitas yang ada di kamar minus tisu meja mungkin lupa,BUMN,Bintang 4,GrandInnaTunjungan,positive,0.8902139663696289,Service Quality,Service Quality (0.99); Guest Experience (0.98); Facilities & Amenities (0.98)
Ariwidi Astuti,2020,4,tempatnya nyaman pelayanannya ramah sarapannya enak bersih lobi hotel cantik buat selfi g bosen2 tapi sayang kolam renang masih dalam renovasi,BUMN,Bintang 4,GrandInnaTunjungan,positive,0.9995092153549194,Facilities & Amenities,"Facilities & Amenities (0.98); Cleanliness, Hygiene & Maintenance (0.97); Service Quality (0.97)"
Ade Puspita Sari,2019,4,buka puasa kemarin di grand inna kau agak kecewa soalnya menu nya itu saja tidak ada yang istimewa masalah rasa juga standar saja si cuma dia punya lobi dengan desain yang kece dan kayaknya setiap tahun mereka ngrubah desain lobi mereka biar tidak monoton kali ya soalnya 2 tahun yang lalu aku ke sini kau sudah berbeda sama ramadhan tahun ini desain interior lobbyya,BUMN,Bintang 4,GrandInnaTunjungan,negative,0.927317202091217,Ambience & Design,Ambience & Design (0.78); Food & Beverage (0.77); Service Quality (0.43)
vincent djuliant,2021,5,hotel yang nyaman kamar luas parkir memadai lokasi strategis tengah kota pelayanan yang ramah fasilitas oke harga ekonomi,BUMN,Bintang 4,GrandInnaTunjungan,positive,0.9994403719902039,"Location, Accessibility & Parking","Location, Accessibility & Parking (0.98); Pricing & Value for Money (0.98); Service Quality (0.96)"
devee aziza,2021,5,nyaman banget bersih deket ama tapi tinggal jln kaki saja disekitarx juga byk resto2 dan fast food cuma jalan kaki saja langganan nginep disini strategis murah pastix,BUMN,Bintang 4,GrandInnaTunjungan,positive,0.9994064569473267,Facilities & Amenities,"Facilities & Amenities (0.97); Cleanliness, Hygiene & Maintenance (0.94); Service Quality (0.84)"
Efi Anggriani,2018,5,Pernah nginap di sini saat piknik hotel bintang tiga hotel yang dibangun cukup lama tapi lumayan masih bagus kamarnya model kamar yang luas dan nyaman dan bersih makan malam dan pagi lengkap dan enak saat dekat dengan jalan tunjungan mau kemana dekat jika saat minggu ada mobil gratis hari tinggal ke sebelahnya mau ke tunjungan plaza ada jembatan penyeberangan tidak begitu jauh mau ke pasar genteng cari oleh2 atau lapis surabaya jalan kaki tidak jauh ke taman di pinggir sungai sungai taman prestasi juga tidak jauh ke monumen kapal selam tinggal keluar belok kiri lurus pokoknya lokasi strategis,BUMN,Bintang 4,GrandInnaTunjungan,positive,0.999408483505249,Facilities & Amenities,"Facilities & Amenities (1.00); Room Quality & Comfort (0.99); Cleanliness, Hygiene & Maintenance (0.99)"
rrnungq rrnungq,2018,5,tempatnya sangat strategis stafnya sangat ramah dan saya punya pengalaman barang saya ada yang tertinggal d kamar hotel saya konfirmasi pada pihak resepsi mbak anita lebih tepatnya barang saya d simpan dan d kirim ke alamat saya terima kasih neneknya tunjungan saya akan merekomendasikan ke temen yang lain,BUMN,Bintang 4,GrandInnaTunjungan,positive,0.9969930648803711,Staff Conduct & Hospitality,Staff Conduct & Hospitality (0.97); Service Quality (0.96); Check in/out Experience (0.91)
Muhyi S,2022,5,kamar bersih fasilitas oke sesuai harga dekat dengan tunjungan plaza surabaya menu sarapannya banyak pilihan dan mantap,BUMN,Bintang 4,GrandInnaTunjungan,positive,0.9995263814926147,Facilities & Amenities,Facilities & Amenities (0.99); Service Quality (0.95); Room Quality & Comfort (0.95)
ardiantiani pursitawati,2018,3,di lantai 5 tanganku sudah melepas keluar benang2nya furnitur kurang terawat mandi sdg berkarat karpet sudah banyak lebih panjang2 kalau di lantai 6 sudah bagus,BUMN,Bintang 4,GrandInnaTunjungan,negative,0.890876293182373,Service Quality,Service Quality (0.55); Facilities & Amenities (0.54); Sustainability & Environmental Quality (0.44)
Widiyas Ulfia,2021,4,buka angkringan jam 18 00 s d 22 00 dengan lesehan dan full musik harga sate mulai 10k tusuk sego kucing 8k nasgor 25k,BUMN,Bintang 4,GrandInnaTunjungan,positive,0.9954261183738708,Facilities & Amenities,Facilities & Amenities (0.98); Guest Experience (0.91); Pricing & Value for Money (0.91)
Sambal Bu Rudy,2022,5,hotel yang sangat nyaman lokasinya sangat strategis di tengah kota surabaya terimakasih memberikan pengalaman yang berkesan,BUMN,Bintang 4,GrandInnaTunjungan,positive,0.9988806843757629,Guest Experience,Guest Experience (0.96); Facilities & Amenities (0.90); Service Quality (0.89)
Nur'aini Fatmawati,2022,2,kamar bau baru pengap tidak kedap suara jadi terdengar berisik tidak disediakan keset di kamar mndi,BUMN,Bintang 4,GrandInnaTunjungan,negative,0.9979493021965027,Service Quality,Service Quality (0.79); Guest Experience (0.76); Facilities & Amenities (0.72)
Widia Soenarja,2019,5,hotel yang lumayan megah bangunannya terletak di lokasi yang sangat luas dekat dengan pusat perbelanjaan yang besar dengan konsep super blok tunjungan plaza 1 sd 6 dekat dengan pusat informasi wisata surabaya pusat wisata yaitu balai pemuda yang juga merupakan bangunan yang memiliki nilai sejarah tinggi dilengkapi dengan halaman yang luas bisa untuk lahan parkir untuk tamu hotel direkomendasikan untuk yang ingin menginap di pusat kota surabaya,BUMN,Bintang 4,GrandInnaTunjungan,positive,0.9993959665298462,"Location, Accessibility & Parking","Location, Accessibility & Parking (0.98); Facilities & Amenities (0.94); Cultural & Heritage Experience (0.82)"
widyasari prastya,2019,4,bintang 4 dulu saja sesuai dengan predikatnya angkatnya masih tipe lama yang masih berisik pelayanannya ramah waktu sarapan nasi putihnya kering,BUMN,Bintang 4,GrandInnaTunjungan,positive,0.965849757194519,Service Quality,Service Quality (0.97); Staff Conduct & Hospitality (0.91); Guest Experience (0.83)
Windy Putri,2019,5,hotel yang nyaman dan pelayanan yang sngat baik pegawai yang ramah dan sangat membantu lokasinya juga ditengah kota dekat kemana2 dengan menu variatif dengan rasa yang lezat kamar nyaman dan dipastikan kebersihanny pemandangan dari kamar hotel juga terlihat pemandangan kota surabaya secara keseluruhan hotel ini cukup memuaskan sesuai dengan harga,BUMN,Bintang 4,GrandInnaTunjungan,positive,0.9993984699249268,Facilities & Amenities,"Facilities & Amenities (1.00); Staff Conduct & Hospitality (1.00); Cleanliness, Hygiene & Maintenance (1.00)"
unromanticromeo,2021,4,Salah satu hotel bersejarah dan merupakan salah satu bangunan cagar budaya di surabaya peremanjaan gedung terus dilakukan dengan sedikit merubah eksterior lebih modern tapi bangunan asli masih perlu dipertahankan,BUMN,Bintang 4,GrandInnaTunjungan,positive,0.9861491918563843,Cultural & Heritage Experience,"Cultural & Heritage Experience (0.83); Religious & Halal Features (0.40); Loyalty, Recommendation & Appreciation (0.37)"
Sari Byanti,2023,5,Hotel terbaik dikota surabaya rekomen hotel terbaik di surabaya bagi kalian diluar kota surabaya jika ingin kesini grand inna tunjungan adalah tempat untuk bermalam yang terbaik,BUMN,Bintang 4,GrandInnaTunjungan,positive,0.9989812970161438,"Loyalty, Recommendation & Appreciation","Loyalty, Recommendation & Appreciation (0.60); Guest Experience (0.52); Cultural & Heritage Experience (0.49)"
Rita Poetiray,2023,5,sarapan sangat nikmat banyak pilihan menu lokasi sangat strategis dekat dengan pusat perbelanjaan transportasi umum,BUMN,Bintang 4,GrandInnaTunjungan,positive,0.9995105266571045,Food & Beverage,Food & Beverage (0.94); Facilities & Amenities (0.91); Family & Group Friendly (0.64)
an dara,2016,3,Kasur nya enak sih empuk tapi makanan nya tidak enak mulai dari pesan spaghetti ke room service rasanya asininnya kelebihan saat sarapan juga bubur ayam kaldunya parah asin banget terus bubur sumsum nya abis tidak di isi banyak banget yang abis padahal saat saya makan baru jam 7an,BUMN,Bintang 4,GrandInnaTunjungan,negative,0.9640352725982666,Facilities & Amenities,Facilities & Amenities (0.73); Booking & Reservation Experience (0.71); Food & Beverage (0.67)
Poenjabee Channel,2019,5,bagus bersih cm bbrpa kamar yang dkt dengan jalan raya agak bising sdkit tpi untuk semuanya siip mengenai makanan lumayan lah,BUMN,Bintang 4,GrandInnaTunjungan,positive,0.9967113733291626,"Cleanliness, Hygiene & Maintenance","Cleanliness, Hygiene & Maintenance (0.94); Facilities & Amenities (0.91); Service Quality (0.87)"
Angga Saputra,2022,5,mantap dari tahun 19 saya kalau di surabaya sudah nginp disin bersama orang tua saya sekarang alhamdulillah saya sudah nginp bersama istri saya disini sukses terus membuat natour simpang grand inn tunjungan,BUMN,Bintang 4,GrandInnaTunjungan,positive,0.9971936345100403,Guest Experience,Guest Experience (0.76); Cultural & Heritage Experience (0.76); Service Quality (0.73)
Endraw Denny (Endha),2022,4,oke cuma kalau kamu mau cariinya tempat yang tenang gaberisik sarapannya yang banyak menuunya kolam renangnya yang bersih memperbaiki cari tempat lain,BUMN,Bintang 4,GrandInnaTunjungan,positive,0.9908102750778198,Facilities & Amenities,"Facilities & Amenities (0.97); Cleanliness, Hygiene & Maintenance (0.87); Religious & Halal Features (0.82)"
Dyah Tantri,2024,5,disini kental sekali nuansa lokalnya kesan ramah dan sopan dari kru hotel bikin nyaman banget,BUMN,Bintang 4,GrandInnaTunjungan,positive,0.9991623163223267,Staff Conduct & Hospitality,"Staff Conduct & Hospitality (1.00); Cleanliness, Hygiene & Maintenance (0.99); Service Quality (0.99)"
dwi sulistiawati,2019,4,kamar nyaman ada tempat ngegym juga kolam renang warnanya ijo karena baru selesai dibersihkan pdhl kita dtgnya saat akhir pekan makanan lumayan petugas ramaah,BUMN,Bintang 4,GrandInnaTunjungan,positive,0.9990035891532898,Facilities & Amenities,Facilities & Amenities (0.99); Service Quality (0.96); Room Quality & Comfort (0.94)
panda item,2023,1,Hati hati klu nginap di hotel ini dan jalan2 di malam hari karena semalam pelanggan saya menginap di sini dan di jambret di depan hotel dan uangnya di ambil berarti keamanan di hotel dpn pun juga tidak ada,BUMN,Bintang 4,GrandInnaTunjungan,negative,0.9970554113388062,Guest Experience,Guest Experience (0.75); Pricing & Value for Money (0.62); Booking & Reservation Experience (0.50)
Dwi Alghazali,2019,4,tempat penginapan yang sangat nyaman dan bersih pelayanan yang sangat ekselent parkir luas lokasi tengah kota surabaya berdekatan dengan gedung grahadi dan mall mall besar di surabaya akses jalan sangat mudah menuju kemanapun,BUMN,Bintang 4,GrandInnaTunjungan,positive,0.9995642304420471,Service Quality,Service Quality (1.00); Facilities & Amenities (0.99); Room Quality & Comfort (0.99)
elok fitriani,2021,5,kamarnya lumayan luas meskipun hotel lama tetapi toiletnya sudah modern cepat cek masuk dan siap trima kasih nenek inna tunjungan,BUMN,Bintang 4,GrandInnaTunjungan,positive,0.9991540908813477,Service Efficiency & Responsiveness,Service Efficiency & Responsiveness (0.98); Facilities & Amenities (0.94); Check in/out Experience (0.93)
Rano Agiansyah,2022,5,hotelnya cukup nyaman dan bersih letaknya juga strategis deket tapi ck dan kuliner malam harganya juga terjangkau,BUMN,Bintang 4,GrandInnaTunjungan,positive,0.9992614388465881,Facilities & Amenities,"Facilities & Amenities (0.99); Cleanliness, Hygiene & Maintenance (0.99); Service Quality (0.97)"
yanda widagdo,2022,2,sinyal wifi lemah banget tidak bisa dipakai keset kaki sendal baru disediakan setelah dminta seprai kotor di ganti setelah di minta,BUMN,Bintang 4,GrandInnaTunjungan,negative,0.9989997744560242,Service Quality,Service Quality (0.91); Facilities & Amenities (0.90); Digital Connectivity & Technology (0.88)
Ade Prianata,2023,5,Nginap semalam untuk transit ke Juanda meskipun bangunanmu tampak bagus ini adalah hotel mewah pelayan bagus kamr juga nyaman,BUMN,Bintang 4,GrandInnaTunjungan,positive,0.9992473125457764,Service Quality,Service Quality (1.00); Staff Conduct & Hospitality (1.00); Facilities & Amenities (1.00)
ahmad faisal,2022,5,kamarnya bagus bersih nyaman pelayanan bagus menu sarapan enak cuma parkir yang agak kurang enak karena kurang luas,BUMN,Bintang 4,GrandInnaTunjungan,positive,0.9983708262443542,Facilities & Amenities,"Facilities & Amenities (0.98); Location, Accessibility & Parking (0.98); Cleanliness, Hygiene & Maintenance (0.97)"
CKBKR,2021,3,dulu pernah menjadi hotel unggulan di jermananya sekarang tidak merasa bintang 4 nya semoga nenek inna tunjungan segera melakukan peremajaan terkait fasilitasnya,BUMN,Bintang 4,GrandInnaTunjungan,positive,0.988614559173584,Facilities & Amenities,Facilities & Amenities (0.86); Service Quality (0.72); Sustainability & Environmental Quality (0.67)
rw21,2023,4,Hotel legendaris yang masih sangat terawat lokasi strategis saya dpt kamar dengan view yang bagus,BUMN,Bintang 4,GrandInnaTunjungan,positive,0.9991856217384338,"Cleanliness, Hygiene & Maintenance","Cleanliness, Hygiene & Maintenance (0.97); Facilities & Amenities (0.90); Service Quality (0.89)"
Ima Susilowati,2025,4,layanan oke dalam menghandle grup,BUMN,Bintang 4,GrandInnaTunjungan,positive,0.9889364838600159,Service Quality,Service Quality (1.00); Family & Group Friendly (0.93); Service Efficiency & Responsiveness (0.89)
permana agung,2017,4,hotel kau tapi tetap nyaman dan tak tampak jadul sekali sekali bisa kamar sesuai permintaan topp untuk makan oke lah di lidah sayur acar ya bikin nostalgia cuma beda waktu kecil kesini kamr ya ada bak mandi ya sekarang pakai mandi cuma kamr diatas delux yang pakai bak mandi kata ya,BUMN,Bintang 4,GrandInnaTunjungan,positive,0.9948992133140564,Facilities & Amenities,Facilities & Amenities (0.91); Room Quality & Comfort (0.88); Service Quality (0.83)
zainul arifianto,2020,5,hotel klasik yang letaknya strategis dengan kamar lumayan luas dan layanan cepat serta ramah rasa dan variasi makanan enak dam bervariasi,BUMN,Bintang 4,GrandInnaTunjungan,positive,0.9994671940803528,Service Efficiency & Responsiveness,Service Efficiency & Responsiveness (1.00); Food & Beverage (0.98); Facilities & Amenities (0.98)
Dewi Indah P,2021,5,Setiap menginap yang terpenting adalah kebersihan pelayanan dan keramahan nilai 1 100 buat saya 100 buat hotel ini terbaik banget view nya,BUMN,Bintang 4,GrandInnaTunjungan,positive,0.9989628791809082,"Cleanliness, Hygiene & Maintenance","Cleanliness, Hygiene & Maintenance (1.00); Service Quality (1.00); Staff Conduct & Hospitality (1.00)"
Angga Purbo,2019,3,Saya minta maaf untuk mengatakan tapi saya harus mengatakan akses ke hotel ini sangat buruk terutama datang ke tempat ini pada malam hari tidak ada cukup lampu di depan dan tidak ada arah untuk masuk dan keluar dari jalan seperti membuang-buang waktu untuk datang ke sini ini adalah satu jalan jadi Anda harus berbalik jika Anda melewati enterance kecil tanpa tanda hanya orang-orang yang telah datang ke tempat ini di mana pintu masuk saya percaya jika Anda pertama kali mencari hotel ini Anda akan melewati pintu masuk terima kasih,BUMN,Bintang 4,GrandInnaTunjungan,negative,0.988040030002594,"Location, Accessibility & Parking","Location, Accessibility & Parking (0.96); Guest Experience (0.69); Check in/out Experience (0.57)"
Andi Refa Batarigau,2018,4,ukuran kamar yang luas bisa menjadi rekomendasi untuk menginap saat liburan keluarga ditambah lokasinya yang berada dekat dengan pusat perbelanjaan,BUMN,Bintang 4,GrandInnaTunjungan,positive,0.9989149570465088,Facilities & Amenities,Facilities & Amenities (0.97); Family & Group Friendly (0.92); Room Quality & Comfort (0.73)
Kop Chanel,2023,1,Tidak merekomendasikan buat buku berbayarnya mahal tapi ngisi makanannya lama dan sedikit dari pada nyesel memperbaiki tidak usah bukber sini csri tempat lain saja mengecewakan,BUMN,Bintang 4,GrandInnaTunjungan,negative,0.9941825270652771,Pricing & Value for Money,Pricing & Value for Money (0.87); Food & Beverage (0.79); Service Quality (0.72)
Jerry Mapaliey,2021,5,lokasi dekat kemana saja cukup jalan kaki ke mall coffeeshop balai kota alun dllnya staf ramah fasilitas cukup lengkap cuma mmg ada bbrp yang jam diperbaiki atau dipelihara maklum hotel sudah cukup tua,BUMN,Bintang 4,GrandInnaTunjungan,positive,0.9956690073013306,Facilities & Amenities,Facilities & Amenities (0.86); Staff Conduct & Hospitality (0.64); Service Quality (0.64)
Pipit Meme,2021,3,Pelayanan kurang makanan baik sih enak tapi porsi yang disediakan tidak cukup dengan orang yang makan disana sehingga ingin menambah selalu habis bahkan tamu yang akan makan disana lihat menu sudah habis tidak jadi makan disana ini bisa sayang,BUMN,Bintang 4,GrandInnaTunjungan,negative,0.968257486820221,Guest Experience,Guest Experience (0.95); Facilities & Amenities (0.90); Service Quality (0.86)
Eka tri oktavia,2019,4,hotel yang dulunya bernama inna simpang ini sekarang sudah banyak perubahan seiring dengan perubahan nama kamar lebih bersih dan ada beberapa yang baru makanan lebih variatif pelayanan ramah dan g jauh jika kita mau jjs ke mall dan tempat makan,BUMN,Bintang 4,GrandInnaTunjungan,positive,0.9961112141609192,Service Efficiency & Responsiveness,Service Efficiency & Responsiveness (0.98); Facilities & Amenities (0.98); Staff Conduct & Hospitality (0.97)
Harris Rachteja,2016,5,hotel berbintang yang cocok untuk menginap dan keperluan bisnis di tengah kota surabaya yang di kengkapi dengan resto ballroom dan meeting room yang cukup nyaman dan cocok untuk kebutuhan bisnis Anda,BUMN,Bintang 4,GrandInnaTunjungan,positive,0.9989332556724548,Facilities & Amenities,Facilities & Amenities (0.97); Food & Beverage (0.93); Room Quality & Comfort (0.90)
joni kristanto,2020,4,Telanjang kembar superior 550 K jika datang langsung jika telepon dulu 500 K tapi lucunya parkir tamu masih membayar 5 ribu per mobil,BUMN,Bintang 4,GrandInnaTunjungan,negative,0.47669002413749695,Pricing & Value for Money,"Pricing & Value for Money (0.90); Guest Experience (0.88); Location, Accessibility & Parking (0.86)"
Rudy papanya ARDI,2017,3,kamarnya luas bersih tapi bangunanya tua udara agak lembab parkir luas pagi dan malam banyak rombong jual makanan mumer di jalan kecil disekitar hotel,BUMN,Bintang 4,GrandInnaTunjungan,positive,0.9913622736930847,"Location, Accessibility & Parking","Location, Accessibility & Parking (0.97); Cleanliness, Hygiene & Maintenance (0.95); Facilities & Amenities (0.94)"
Novi O,2021,4,Pemandangan dari kamar kami koneksi wifi miskin TV terlalu kecil jika dibandingkan dengan ukuran kamar bfast jadi lezat staf fb angkringan staf membantu angkringan rasa rata-rata terutama mendoan rasa tidak asli mendoan tapi mahal musik orkestra oldist sepeda motor taman dibayar 3k tidak peduli Anda tamu masuk rumah staf keamanan orang besar saya tidak tahu siapa nama tidak membantu dia hanya duduk dan berbicara dengan staf lain,BUMN,Bintang 4,GrandInnaTunjungan,negative,0.6927579641342163,Guest Experience,Guest Experience (0.97); Food & Beverage (0.94); Facilities & Amenities (0.93)
Yulia Oktiva,2024,5,kesini untuk nanya tempat pernikahan sayang belum cocok karena ukuran ruangan belum cocok dengan kebutuhan kami,BUMN,Bintang 4,GrandInnaTunjungan,negative,0.9694953560829163,Facilities & Amenities,Facilities & Amenities (0.77); Guest Experience (0.71); Booking & Reservation Experience (0.55)
Imma Bintarti8899,2021,5,staf ramah hotel bersih air panas lancar ac dingin dekat dengan mall tunjungan plaza tinggal jalan kaki 100 meter dianjurkan terima kasih grand inna,BUMN,Bintang 4,GrandInnaTunjungan,positive,0.9994888305664062,Service Quality,"Service Quality (0.98); Cleanliness, Hygiene & Maintenance (0.98); Facilities & Amenities (0.98)"
Jabbar A,2017,2,sarapannya standar handuknya tidak layak pakai untuk hotel bintang 4 wifi jelek nilai plusnya pelayanan ramah dan dekat dengan alun-alun tunjungan,BUMN,Bintang 4,GrandInnaTunjungan,negative,0.990222692489624,Facilities & Amenities,Facilities & Amenities (0.99); Service Quality (0.98); Staff Conduct & Hospitality (0.96)
happiest gurl,2023,5,tempatnya enak makanan enak pelayanan ramah lahan parkir besar bisa untuk SPD motor juga pak satpam juga ramah sip pokoknya,BUMN,Bintang 4,GrandInnaTunjungan,positive,0.9992316961288452,"Location, Accessibility & Parking","Location, Accessibility & Parking (1.00); Facilities & Amenities (0.99); Staff Conduct & Hospitality (0.98)"
valya ika,2024,3,Semua baik-baik saja tapi ruangan kurang kedap suara masih terdengar suara motor dari jalan raya,BUMN,Bintang 4,GrandInnaTunjungan,negative,0.9578732848167419,"Cleanliness, Hygiene & Maintenance","Cleanliness, Hygiene & Maintenance (0.84); Service Quality (0.84); Facilities & Amenities (0.77)"
Denjuta,2022,5,hotelnya bagus dan bersih karyawan yang ramah lagi ada renovasi untuk memperluas lagi menyediakan ruang pertemuan,BUMN,Bintang 4,GrandInnaTunjungan,positive,0.9986982345581055,"Cleanliness, Hygiene & Maintenance","Cleanliness, Hygiene & Maintenance (1.00); Facilities & Amenities (1.00); Staff Conduct & Hospitality (0.98)"
Tumidi Tri santoso,2022,5,lokasi strategis dipusat kota surabaya dkt gd negara grahadi balaikota surabaya dan tentu pusat mall terbesar tunjungan plaza hanya tinggal melangkahkan kaki,BUMN,Bintang 4,GrandInnaTunjungan,positive,0.9986786246299744,Facilities & Amenities,"Facilities & Amenities (0.79); Location, Accessibility & Parking (0.77); Sustainability & Environmental Quality (0.76)"
Atiyah Ariviyana,2020,4,layanan nya sangat ramah dan telaten ini karena saya ikut penataran ya untuk kondisi hotel sangat indah apalagi di lobi hotel sangat cantik dan membuat kita betah,BUMN,Bintang 4,GrandInnaTunjungan,positive,0.9994418025016785,Staff Conduct & Hospitality,Staff Conduct & Hospitality (1.00); Service Quality (1.00); Facilities & Amenities (1.00)
Apep Rudi Priatna,2025,4,kamarnya nyaman,BUMN,Bintang 4,GrandInnaTunjungan,positive,0.9989790916442871,Room Quality & Comfort,"Room Quality & Comfort (1.00); Guest Experience (0.97); Cleanliness, Hygiene & Maintenance (0.97)"
Adjie Avibra,2017,4,hotel lama yang keren pusat kota dekat jalan utama jadi bisa jadi pilihan saat menginap atau liburan apa lagi saat malam hari bisa melihat suasana kota yang indah dari jendela di temani orang yang paling di sayang mantap,BUMN,Bintang 4,GrandInnaTunjungan,positive,0.9993752837181091,Facilities & Amenities,Facilities & Amenities (0.89); Guest Experience (0.84); Cultural & Heritage Experience (0.83)
Agam Trans,2022,1,order 1 bad d kasih ganda panas panas air tidak dingin pingin pindah kamar tidak d perkenankan kapok dan kecewa dah,BUMN,Bintang 4,GrandInnaTunjungan,negative,0.999254047870636,Facilities & Amenities,Facilities & Amenities (0.97); Personalized & Special Services (0.95); Service Quality (0.95)
heri prihandoko,2024,5,Lokasinya strategis banget kamar bagus bersih hotelnya klasik keren,BUMN,Bintang 4,GrandInnaTunjungan,positive,0.9992170333862305,"Cleanliness, Hygiene & Maintenance","Cleanliness, Hygiene & Maintenance (0.97); Room Quality & Comfort (0.96); Service Quality (0.96)"
Rheino Indrayasmana,2017,3,Hotel adalah besar masuk era kemudian banyak detail hilang dari ini 4 bintang hotel deposit adalah uang tunai hanya uang tunai biasa hanya tidak ada kotak deposit masuk sisi kamar tetapi senang untuk onow kamar itu luas dan cukup bersih kolam renang sangat kosong tidak ada handuk staf tidak ada yang peduli untuk menjaga kolam renang area dan tolong menjaga toilet umum Anda baik seperti kesenjangan miskin dan kaya dibandingkan dengan lobby area dengan harga dari sebagian besar ota i lebih suka menambahkan nilai lain untuk mendapatkan hotel 4 bintang yang lebih baik vaya con dios,BUMN,Bintang 4,GrandInnaTunjungan,negative,0.7722002863883972,Facilities & Amenities,"Facilities & Amenities (0.98); Cleanliness, Hygiene & Maintenance (0.98); Pricing & Value for Money (0.98)"
Zainal Arifin,2018,5,hotelnya strategis enak dan nyaman pelayanan ramah dan sangat menghormati kpd tamu cocok untuk perjalan bisnis dan santai bersama keluarga,BUMN,Bintang 4,GrandInnaTunjungan,positive,0.9991718530654907,Facilities & Amenities,Facilities & Amenities (1.00); Family & Group Friendly (1.00); Guest Experience (1.00)
Susanti N.S,2018,4,sering kesini karena teman yang dinas ke sby nginep disini kamar luas kasurnya nyaman cuman kalau saat dpt kamar depan bagian jalan depan berisik sama bel penyeberangan,BUMN,Bintang 4,GrandInnaTunjungan,positive,0.9864659905433655,Facilities & Amenities,Facilities & Amenities (0.83); Guest Experience (0.78); Service Quality (0.65)
Kemas Mendi,2025,5,sarapan saat dan enak,BUMN,Bintang 4,GrandInnaTunjungan,positive,0.9967893362045288,Food & Beverage,"Food & Beverage (0.93); Cleanliness, Hygiene & Maintenance (0.87); Facilities & Amenities (0.86)"
Uwais Al Qarni,2019,4,kamar luas wifi lancar dan kuat makanan nya enak dan fariatif pelayannya ramah suasana nyaman dan tenang ada kolam renangnya juga,BUMN,Bintang 4,GrandInnaTunjungan,positive,0.9994022846221924,Facilities & Amenities,Facilities & Amenities (1.00); Family & Group Friendly (0.99); Service Quality (0.99)
Herlin Setianingsih,2019,5,Tempat nyaman untuk istirahat deket dengan mall tinggal jalan sudah sampai ke tapi da cafe teras yang suasananya nyaman banget buat tempat nongkrong dianjurkan banget pokokx,BUMN,Bintang 4,GrandInnaTunjungan,positive,0.9993964433670044,Facilities & Amenities,Facilities & Amenities (0.92); Room Quality & Comfort (0.70); Service Efficiency & Responsiveness (0.67)
Berliana Mustika Rani,2018,4,makanannya sich enak cuma masa iya aku pernah booking buat acara buber kuliah eh kita sudah ngomong panjang lebar permintaan kita ternyata saat hari h gk sesuai sama apa yang kita minta,BUMN,Bintang 4,GrandInnaTunjungan,negative,0.9909570217132568,Food & Beverage,Food & Beverage (0.76); Booking & Reservation Experience (0.62); Guest Experience (0.43)
abdul malik hasan S HI,2019,5,nyaman tenang n lebih lngkungan bersahabat pegawainy jg ramah pa lg yang ngelola akrab banget grand inna disini n di tretes semua bagus bagus pekerjaan,BUMN,Bintang 4,GrandInnaTunjungan,positive,0.9989783763885498,Family & Group Friendly,Family & Group Friendly (0.99); Sustainability & Environmental Quality (0.99); Staff Conduct & Hospitality (0.99)
Nur Laily,2018,5,dateng ksni kmrn saat ada acara kampus shopee tempatnya strategis ballroom nya luas bagus lagi ada musholla di belakang hotel deket parkir motor dan mobil,BUMN,Bintang 4,GrandInnaTunjungan,positive,0.9994969367980957,Facilities & Amenities,"Facilities & Amenities (0.98); Location, Accessibility & Parking (0.97); Service Efficiency & Responsiveness (0.76)"
Divany Salsabila - Manajemen,2023,5,suasana nyaman sempat berenang 30 menit dipagi hari lanjut sarapan menu enak,BUMN,Bintang 4,GrandInnaTunjungan,positive,0.9986476302146912,Room Quality & Comfort,Room Quality & Comfort (0.82); Service Quality (0.74); Facilities & Amenities (0.73)
Sanita Fahma,2021,4,tempatnya strategis hotel lama tapi tetap nyaman staf juga ramah koneksi wifi dalam kamar buruk,BUMN,Bintang 4,GrandInnaTunjungan,positive,0.9988604784011841,Facilities & Amenities,Facilities & Amenities (0.97); Service Quality (0.78); Service Efficiency & Responsiveness (0.74)
ainur sdrj,2022,5,parkir luas bersih top banget yng aku suka angkringan jika perlu lesehannya di tambah tutupnya jangan terlalu sakit dan otot diperhatikan lainnya top banget,BUMN,Bintang 4,GrandInnaTunjungan,positive,0.9994615912437439,Facilities & Amenities,"Facilities & Amenities (0.99); Cleanliness, Hygiene & Maintenance (0.99); Service Quality (0.99)"
Firman Syuhada,2020,5,agenda diklat di grand inna alhamdulillah lancar tempat luas seluruh karyawan ramah mbaknya juga cantik masa pandemi tetap mengutamakan protokol kesehatan,BUMN,Bintang 4,GrandInnaTunjungan,positive,0.9980347752571106,Staff Conduct & Hospitality,Staff Conduct & Hospitality (0.92); Facilities & Amenities (0.90); Family & Group Friendly (0.88)
masrul nazaruddin,2019,5,hotel baru direhap bersih rapi makanan enak letak strategis dekat mana mana mana cocok untuk tempat pertemuan atau rapat kantor suasana nyaman,BUMN,Bintang 4,GrandInnaTunjungan,positive,0.9993815422058105,"Cleanliness, Hygiene & Maintenance","Cleanliness, Hygiene & Maintenance (1.00); Service Quality (0.99); Facilities & Amenities (0.99)"
antonius wijaya,2021,5,penerapan jarak sosial lumayan ketat hadir saat acara nikahan konsepnya datang salaman pulang makanan diberi kotakan dengan menu prasmanan,BUMN,Bintang 4,GrandInnaTunjungan,positive,0.9483181238174438,Food & Beverage,Food & Beverage (0.99); Guest Experience (0.98); Check in/out Experience (0.92)
Reni Sartina,2019,5,Tempat yang nyaman untuk tinggal dekat dengan tempat mana pun aku menikmati sarapan banyak makanan dan minuman dari masakan tradisional ke modern ingin kembali ke sini lagi suatu hari terima kasih grand inna,BUMN,Bintang 4,GrandInnaTunjungan,positive,0.9990085959434509,Food & Beverage,Food & Beverage (0.99); Facilities & Amenities (0.99); Room Quality & Comfort (0.97)
Uqi,2022,5,Tempat masuk di tengah kota Surabaya ada banyak area komersial di sekitar sini seperti Tunjungan Plaza Tunjungan St sekali Anda dapat menikmati warisan Surabaya kota pasar peternakan dan banyak lagi,BUMN,Bintang 4,GrandInnaTunjungan,positive,0.9993158578872681,Cultural & Heritage Experience,Cultural & Heritage Experience (0.98); Facilities & Amenities (0.97); Family & Group Friendly (0.66)
Giscard Deddy Raymond,2021,5,Trimakasih grand inna atas pelayanannya keren bisa dapat harga 250rb tuk superior koneksi kamar untk 2 kamar 2 malam di 22 24 Mei 2021,BUMN,Bintang 4,GrandInnaTunjungan,positive,0.9972794651985168,Service Quality,Service Quality (0.99); Guest Experience (0.97); Facilities & Amenities (0.91)
Fikri Nyzar,2017,5,hotel berbintang dengan layanan yang berbintang juga staf ramah dan tanggap parkir luas ada kafe baru yang nyaman bisa buat kongkow arisan hingga rapat kantor,BUMN,Bintang 4,GrandInnaTunjungan,positive,0.9992986917495728,Facilities & Amenities,"Facilities & Amenities (0.99); Staff Conduct & Hospitality (0.99); Location, Accessibility & Parking (0.99)"
Tom B,2019,2,Sebagian besar hotel bau busuk jika kamar Anda berlawanan dengan jalan Anda dibombardir setiap beberapa menit ketika pejalan kaki menyeberangi ditekan staf sangat ramah meskipun,BUMN,Bintang 4,GrandInnaTunjungan,negative,0.98420250415802,Staff Conduct & Hospitality,Staff Conduct & Hospitality (0.75); Service Quality (0.71); Guest Experience (0.67)
Lilik Gaharu81,2025,5,bagus hotelnya,BUMN,Bintang 4,GrandInnaTunjungan,positive,0.9990455508232117,Service Quality,Service Quality (0.99); Facilities & Amenities (0.97); Room Quality & Comfort (0.91)
andar irwansyah,2024,5,Kamar tidurnya bersih dengan keramahan yang sangat baik dari staf itu memiliki lokasi strategis di pusat kota Surabaya,BUMN,Bintang 4,GrandInnaTunjungan,positive,0.9988069534301758,Room Quality & Comfort,Room Quality & Comfort (1.00); Service Quality (1.00); Guest Experience (0.99)
A' igum,2019,4,Sip strategis sayang kita mo cek keluar jam 12 makan siang masih kosong kita tunggu sampai satu jam baru bisa makan siang jadi kurang napsu,BUMN,Bintang 4,GrandInnaTunjungan,negative,0.6105658411979675,Service Quality,Service Quality (0.66); Sustainability & Environmental Quality (0.57); Service Efficiency & Responsiveness (0.56)
Wenda Prastyowati,2019,5,nyaman dengan suasana tempo doeloe mempertahankan interior khas inna group tapi tak lekang waktu karyawan yang ramah sangat membantu strategis tengah kota,BUMN,Bintang 4,GrandInnaTunjungan,positive,0.9988759160041809,Staff Conduct & Hospitality,Staff Conduct & Hospitality (0.99); Room Quality & Comfort (0.98); Ambience & Design (0.98)
Voni,2016,5,Dari luar memang terkesan kuno tapi siapa yang mengira bahwa kamar mereka telah direnovasi dan staf yang bagus mereka sangat ramah dalam memberikan pelayanan kepada tamu pekerjaan yang baik layanan yang baik,BUMN,Bintang 4,GrandInnaTunjungan,positive,0.9961349964141846,Service Quality,Service Quality (0.99); Guest Experience (0.98); Staff Conduct & Hospitality (0.98)
Tom,2015,5,hotel bintang tiga serasa hotel bintang 4 kamar sangat bersih dan pelayanannya baik dan ramah ramah dianjurkan sekali untuk menginap di hotel ini jika datang ke surabaya,BUMN,Bintang 4,GrandInnaTunjungan,positive,0.9992750287055969,Service Quality,"Service Quality (1.00); Staff Conduct & Hospitality (0.99); Cleanliness, Hygiene & Maintenance (0.99)"
Ak 2000,2025,4,lokasi oke pelayanan oke bangunan lama perlu peremajaan,BUMN,Bintang 4,GrandInnaTunjungan,positive,0.9692499041557312,Service Quality,"Service Quality (0.99); Facilities & Amenities (0.96); Cleanliness, Hygiene & Maintenance (0.84)"
Kirigaya Kazuto,2025,5,sangat bagus dan nyaman,BUMN,Bintang 4,GrandInnaTunjungan,positive,0.9992559552192688,Room Quality & Comfort,Room Quality & Comfort (0.98); Facilities & Amenities (0.98); Family & Group Friendly (0.87)
Tubagus Bagus,2024,5,Pelayanan super keren mantaps sarapan bervariasi layanan kamar bodoh,BUMN,Bintang 4,GrandInnaTunjungan,positive,0.9983987212181091,Service Quality,Service Quality (0.90); Staff Conduct & Hospitality (0.62); Food & Beverage (0.48)
Barbar Gamer,2021,3,baru kali ini ketemu hotel ditarik parkir bukan karena uangnya sih cuma enggak nyaman saja bukan malah melayani tamu ditanya kenapa alasannya ada saja begitu aneh,BUMN,Bintang 4,GrandInnaTunjungan,negative,0.9990708827972412,Pricing & Value for Money,"Pricing & Value for Money (0.67); Location, Accessibility & Parking (0.54); Guest Experience (0.45)"
Widayanti Ishak (wied),2024,5,hotel paling strategis dekat Grahadi Balai Kota dan pusat belanja Tunjungan Plaza,BUMN,Bintang 4,GrandInnaTunjungan,positive,0.9978177547454834,Sustainability & Environmental Quality,"Sustainability & Environmental Quality (0.87); Loyalty, Recommendation & Appreciation (0.81); Service Efficiency & Responsiveness (0.78)"
Said Ahmad,2024,1,tidak ramah terhadap ojek online masak masuk halaman hotel disuruh copot jaket,BUMN,Bintang 4,GrandInnaTunjungan,negative,0.99765944480896,Guest Experience,Guest Experience (0.87); Facilities & Amenities (0.79); Food & Beverage (0.70)
Rizky Travel,2020,5,Hotel cukup nyaman dan letaknya nya sangat strategis dekat sama tunjungan plaza dan makanan banyak pilihan nya,BUMN,Bintang 4,GrandInnaTunjungan,positive,0.9994025230407715,Facilities & Amenities,Facilities & Amenities (0.99); Food & Beverage (0.89); Room Quality & Comfort (0.89)
Azuya Setiawan,2022,5,tinggal di sini untuk satu malam kamar terlihat seperti hotel lama direnovasi nyaman tapi aliran air untuk mandi lambat,BUMN,Bintang 4,GrandInnaTunjungan,negative,0.49739426374435425,Facilities & Amenities,Facilities & Amenities (0.99); Ambience & Design (0.97); Guest Experience (0.89)
mohamad fadeli,2019,4,termasuk hotel lama yang sudah berubah wajah dan penampilannya mengikuti mengikuti persaingan yang semakin keras dan jumlah yang semakin banyak di kota surabaya,BUMN,Bintang 4,GrandInnaTunjungan,negative,0.5454495549201965,Ambience & Design,Ambience & Design (0.61); Facilities & Amenities (0.56); Pricing & Value for Money (0.56)
Rizaldo Umsida,2025,5,Hotel yang mewah dan lumayan bersejarah di kota tengah,BUMN,Bintang 4,GrandInnaTunjungan,positive,0.9973074197769165,Cultural & Heritage Experience,"Cultural & Heritage Experience (0.93); Facilities & Amenities (0.88); Loyalty, Recommendation & Appreciation (0.79)"
Rudy Kurnianto,2022,2,Saya cuma buku di tempat tsb menu lengkap cm tempat kurang luas mungkin banyak tamu tamu jg kebetulan buku jadi kurang leluasa,BUMN,Bintang 4,GrandInnaTunjungan,positive,0.8812690377235413,Food & Beverage,Food & Beverage (0.69); Guest Experience (0.60); Facilities & Amenities (0.54)
Rahman Putra,2017,5,Hoho hotel besar yang terletak di pusat Surabaya juga dekat dengan pusat perbelanjaan Tunjungan Plaza yang bisa dicapai dengan berjalan kaki kamar dan toilet bersih staf dan resepsionis ramah dianjurkan hotel d,BUMN,Bintang 4,GrandInnaTunjungan,positive,0.9994331002235413,"Cleanliness, Hygiene & Maintenance","Cleanliness, Hygiene & Maintenance (0.99); Service Quality (0.99); Staff Conduct & Hospitality (0.99)"
Muhamad Rois,2020,5,sering menginap di grand inna staffnya ramah bf nya enak mandi air panasnya stabil kolam renang nya model lama,BUMN,Bintang 4,GrandInnaTunjungan,positive,0.9993695616722107,Service Quality,Service Quality (0.97); Facilities & Amenities (0.97); Staff Conduct & Hospitality (0.97)
Oshi Rini,2016,1,hotel bintang 4 tapi ko ko reservasi nya kacau gt ud telpon buat reservasi 2 malem eh saat datang bilang nya kamar penuh belum iklan reservasi kalau rumah saya deket sini mah y mudah pulang nya lah ini kan jauh bu tidak sesuai ma bintang nya,BUMN,Bintang 4,GrandInnaTunjungan,negative,0.9977191090583801,Booking & Reservation Experience,Booking & Reservation Experience (0.74); Guest Experience (0.55); Management & Policy Issues (0.45)
Imam Santosa,2022,4,dekat dengan plaza tunjangan dan dikelilingi oleh pasar makanan malam jalanan restoran luar ruangan cukup bagus dengan kehidupan pertunjukan musik untuk menghibur tamu,BUMN,Bintang 4,GrandInnaTunjungan,positive,0.9992539286613464,Guest Experience,Guest Experience (0.98); Facilities & Amenities (0.96); Cultural & Heritage Experience (0.86)
Tito Langit Biru,2018,4,hotel nyaman di pusat perkotaan surabaya dekat pertokoan dan petkantoran sangat tepat untuk beristirahat dalam menjalankan bisnis dan tugas tugas anda,BUMN,Bintang 4,GrandInnaTunjungan,positive,0.9990660548210144,Facilities & Amenities,Facilities & Amenities (0.95); Room Quality & Comfort (0.88); Guest Experience (0.73)
nurdiansyah syarif,2024,4,beberapa kamar bau asap asap asap asap asap asap asap asap asap asap asap asap asap asap asap asap asap asap asap asap asap asap asap asap asap asap asap asap asap asap asap asap asap asap asap asap asap asap asap asap asap asap asap asap asap asap asap asap asap asap asap asap asap asap asap asap asap asap asap asap asap asap asap asap asap asap asap asap asap asap asap asap asap asap asap asap asap asap asap asap asap asap asap asap asap asap asap asap asap asap asap asap asap asap asap asap asap asap asap asap asap asap asap asap asap asap asap asap asap asap asap asap asap asap asap asap asap asap asap asap asap asap asap asap,BUMN,Bintang 4,GrandInnaTunjungan,negative,0.9967882633209229,Facilities & Amenities,Facilities & Amenities (0.89); Booking & Reservation Experience (0.66); Pricing & Value for Money (0.62)
aufa yuvela,2021,3,kurang mengenakkan dari yang terjadi dapat kamar lt 2 bekas rokok dan lumayan terganggu dengan suara dari speaker lampu merah,BUMN,Bintang 4,GrandInnaTunjungan,negative,0.9959670305252075,Facilities & Amenities,Facilities & Amenities (0.80); Guest Experience (0.65); Religious & Halal Features (0.59)
Eddie Poernama,2018,4,lokasi strategis dekat tunjungan plaza pusat kota surabaya akses mudah tempat nyaman menu makan juga enak cucok untuk disinggahi klg,BUMN,Bintang 4,GrandInnaTunjungan,positive,0.9994120597839355,Facilities & Amenities,"Facilities & Amenities (0.99); Food & Beverage (0.94); Location, Accessibility & Parking (0.90)"
hasan ndien,2023,4,untuk sarapan agak kurang variasinya kamarnya nyaman namun sayangnya tidur d temani nyamuk,BUMN,Bintang 4,GrandInnaTunjungan,positive,0.5848180055618286,Facilities & Amenities,Facilities & Amenities (0.90); Guest Experience (0.70); Room Quality & Comfort (0.61)
Geck Hesty,2017,5,hotelnya nyaman dan bersih resepsionis nya ramah kalau ada acara semonar nikahan dll diaini dah tempatnya rekomendasikan dah,BUMN,Bintang 4,GrandInnaTunjungan,positive,0.9993718266487122,Facilities & Amenities,"Facilities & Amenities (0.98); Service Quality (0.98); Cleanliness, Hygiene & Maintenance (0.97)"
Chandra Nur Triwiyanto,2021,5,nyaman bervariasi sarapan kamar luas 4 hari di sini ndak bosen di tengah kota dan dekat plaza tunjungan,BUMN,Bintang 4,GrandInnaTunjungan,positive,0.9994100332260132,Facilities & Amenities,Facilities & Amenities (0.99); Family & Group Friendly (0.97); Food & Beverage (0.97)
Gak bek (Gakbek),2024,5,Hotel legend lokasi strategis sekarang sudah direnovasi,BUMN,Bintang 4,GrandInnaTunjungan,positive,0.9990171194076538,Facilities & Amenities,"Facilities & Amenities (0.90); Sustainability & Environmental Quality (0.86); Loyalty, Recommendation & Appreciation (0.81)"
Agustin Pramujianti,2020,5,Saya berkunjung untuk pertemuan komunitas toko penjual tempat lumayan luas dan fasilitas lengkap makanan juga lumayan enak sudah beberapa kali kami menggunakan tempat ini,BUMN,Bintang 4,GrandInnaTunjungan,positive,0.998815655708313,Facilities & Amenities,Facilities & Amenities (0.99); Check in/out Experience (0.84); Service Efficiency & Responsiveness (0.84)
Gilang Kharisma,2024,1,pelayanan buruk kamat kasur buruk tidak nyaman hanya lokasi nya yang bagus,BUMN,Bintang 4,GrandInnaTunjungan,negative,0.9945144653320312,Facilities & Amenities,Facilities & Amenities (0.98); Guest Experience (0.98); Service Quality (0.95)
Jeremiah Sampesule,2023,4,kamar luas harga murah lokasi strategis kolam renang kecil sarapan enak,BUMN,Bintang 4,GrandInnaTunjungan,positive,0.9993799924850464,Facilities & Amenities,Facilities & Amenities (0.99); Pricing & Value for Money (0.97); Guest Experience (0.90)
VEntertaint Official,2019,5,Ada tempat nongkrong asyiik suasana di teras kafe teras tunjungan promo pizza harga terjangkau nasgor bisa buat berempat dianjurkan deh,BUMN,Bintang 4,GrandInnaTunjungan,positive,0.9992766976356506,Family & Group Friendly,Family & Group Friendly (0.99); Food & Beverage (0.97); Facilities & Amenities (0.95)
EDT JATMIKO_ CHANNEL,2019,4,hotel yang sudah cukup memiliki nama di surabaya yang dulu namanya hotel simpang tempatnya perwakilan di pusat kota dan relatif dekat dengan mal,BUMN,Bintang 4,GrandInnaTunjungan,positive,0.996160626411438,Religious & Halal Features,Religious & Halal Features (0.56); Pricing & Value for Money (0.37); Booking & Reservation Experience (0.33)
Novita Susanti,2021,4,bagus cara klo mau setrika ada jasa laundry jadi tidak bisa pinjam setrika klo mau setrika ada jasa laundry di kenakan biaya,BUMN,Bintang 4,GrandInnaTunjungan,neutral,0.8463588356971741,Pricing & Value for Money,Pricing & Value for Money (0.90); Facilities & Amenities (0.78); Service Quality (0.74)
Hendry Eka,2021,5,Dengan harga promo sekitar 300k hotel ini adalah pilihan yang bagus untuk menghabiskan akhir pekan dengan keluarga datang dan menikmati perjalanan sederhana di sekitar distrik pusat Surabaya,BUMN,Bintang 4,GrandInnaTunjungan,positive,0.9986434578895569,Family & Group Friendly,Family & Group Friendly (0.96); Pricing & Value for Money (0.92); Cultural & Heritage Experience (0.74)
Bledexz,2021,5,bersih nyaman makanannya cocok bagus pegawai ya ramah semoga harganya bisa bersahabat lagi,BUMN,Bintang 4,GrandInnaTunjungan,positive,0.9990465044975281,Staff Conduct & Hospitality,"Staff Conduct & Hospitality (0.98); Cleanliness, Hygiene & Maintenance (0.98); Service Quality (0.95)"
Wahyu Bareo,2023,5,hotelnya bersih karyawan ramah hidangan nusantara ada barat ada dekat dengan alun2 surabaya,BUMN,Bintang 4,GrandInnaTunjungan,positive,0.9994860887527466,Service Quality,Service Quality (0.99); Food & Beverage (0.99); Staff Conduct & Hospitality (0.98)
Erza 0805,2022,3,Breakfestnya kurang enak ikan dori ditepung tapi g ada ikannya semua disajikan dingin mohon diperhatikan,BUMN,Bintang 4,GrandInnaTunjungan,negative,0.5614129304885864,Guest Experience,Guest Experience (0.93); Food & Beverage (0.90); Service Quality (0.87)
Ully Nur Eka Putri,2019,4,Kondisi hotel cukuo nyamab dengan pelayanan yang ramah kurang suka dengan lokasinya sih agak ribet akses jalannya,BUMN,Bintang 4,GrandInnaTunjungan,negative,0.825414776802063,Staff Conduct & Hospitality,Staff Conduct & Hospitality (0.96); Service Quality (0.94); Facilities & Amenities (0.88)
Justin Cowan,2020,2,nyamuk masuk kamar bau buruk tidak memiliki tempat tidur ganda meskipun tempat tidur reservasi memberi saya pekerjaan konstruksi yang bising yang cepat di sebelah hotel staf baik meskipun,BUMN,Bintang 4,GrandInnaTunjungan,negative,0.9963231086730957,Booking & Reservation Experience,Booking & Reservation Experience (0.99); Service Quality (0.96); Facilities & Amenities (0.94)
Joana Putra,2022,4,Lokasinya strategis ke mall tunjungan atau alun alun bisa ditempuh dengan jalan kaki pelayanan juga bagus bersih kamar juga nyaman,BUMN,Bintang 4,GrandInnaTunjungan,positive,0.999518632888794,Room Quality & Comfort,Room Quality & Comfort (0.99); Service Quality (0.99); Facilities & Amenities (0.99)
Adi,2020,5,cukup baik liburan Smbil kerja jg tidak masalah cuma untuk udara panasnya hrs agak lama nunggunya untuk pelayanan dan keramahan bagus,BUMN,Bintang 4,GrandInnaTunjungan,positive,0.9988433122634888,Service Efficiency & Responsiveness,Service Efficiency & Responsiveness (0.99); Staff Conduct & Hospitality (0.99); Service Quality (0.99)
Frisdian Asmar,2023,4,hotel tua khas milik pemerintah stafnya berusaha keras memberikan pelayanan terbaik,BUMN,Bintang 4,GrandInnaTunjungan,positive,0.9956983327865601,Service Quality,Service Quality (1.00); Guest Experience (0.97); Service Efficiency & Responsiveness (0.94)
Lara Gunawan,2023,5,Baru sekali di sini hotel terlihat mewah bagus tapi wifi baru jelek sekali tidak tahu kenapa,BUMN,Bintang 4,GrandInnaTunjungan,negative,0.9965463280677795,Facilities & Amenities,Facilities & Amenities (0.65); Guest Experience (0.65); Digital Connectivity & Technology (0.56)
zew Go,2023,5,ac nya saja kurang bergurau bos jdi masih kipas2 d dalam tpi makan nya ud oke kentangmu kasinen bilang,BUMN,Bintang 4,GrandInnaTunjungan,positive,0.9128882884979248,Facilities & Amenities,Facilities & Amenities (0.80); Food & Beverage (0.75); Service Quality (0.67)
Alifah dian Rahmania,2021,5,Banyak spot instagramable pelayanan ramah dan rapi bersih menerapkan prokes jk mengadakan pelatihan acara menerapkan setengah kapasitas dari jumlah sharusnya,BUMN,Bintang 4,GrandInnaTunjungan,positive,0.9981533885002136,"Cleanliness, Hygiene & Maintenance","Cleanliness, Hygiene & Maintenance (0.99); Service Efficiency & Responsiveness (0.99); Service Quality (0.99)"
Aim Mustakim,2025,5,strategis dan nyaman tempatnya,BUMN,Bintang 4,GrandInnaTunjungan,positive,0.9994174242019653,Room Quality & Comfort,Room Quality & Comfort (0.99); Facilities & Amenities (0.98); Family & Group Friendly (0.86)
otoy sasono,2018,5,tempat istirahat yang nyaman strategis karena di pusat kota dan harga yang terjangkau bagi teman2 yang sedang berdinas tugas di surabaya,BUMN,Bintang 4,GrandInnaTunjungan,positive,0.999285876750946,Pricing & Value for Money,Pricing & Value for Money (0.98); Room Quality & Comfort (0.92); Facilities & Amenities (0.90)
Arif Hasan,2018,4,Aku tidak menemukan sinyal Wi-Fi masuk ke kamarku tapi orang lain keramahan baik-baik saja kecuali fasilitas kolam renang sarapan buffet adalah luar biasa,BUMN,Bintang 4,GrandInnaTunjungan,positive,0.9950087070465088,Facilities & Amenities,Facilities & Amenities (1.00); Guest Experience (1.00); Service Quality (1.00)
siska nourma,2019,4,staf ramah ruangan luas kamar nyaman hanya perlu di update untuk lemari es lokasi strategis di pusat kota,BUMN,Bintang 4,GrandInnaTunjungan,positive,0.9990829229354858,Facilities & Amenities,Facilities & Amenities (1.00); Service Quality (0.98); Staff Conduct & Hospitality (0.97)
Rhiyan Setiawan,2017,3,Hotel ini bagus rapi dan bersih sarapan baik dengan beberapa menu yang baik sayangnya untuk hotel bintang hotel ini tidak menyediakan wifi sama sekali terlalu buruk,BUMN,Bintang 4,GrandInnaTunjungan,negative,0.9643019437789917,"Cleanliness, Hygiene & Maintenance","Cleanliness, Hygiene & Maintenance (1.00); Facilities & Amenities (0.99); Service Quality (0.98)"
ahmad waskitho aji,2022,5,Posisinya sangat strategis harganya snagat bersaiang hotelnya lega dan sangat nyaman,BUMN,Bintang 4,GrandInnaTunjungan,positive,0.9995793700218201,Pricing & Value for Money,Pricing & Value for Money (0.98); Facilities & Amenities (0.97); Room Quality & Comfort (0.92)
siti muaisah,2018,5,Menyenunya desa tapi tidak mendesain modern dan enak banget masakannya sederhana tapi modern dengan rasa desa banget karena saya orang desa jadi cocok,BUMN,Bintang 4,GrandInnaTunjungan,positive,0.9985994696617126,Food & Beverage,Food & Beverage (0.74); Facilities & Amenities (0.50); Room Quality & Comfort (0.48)
Faried Rasyidy Ilyas,2016,3,lokasi strategis ada d tengah kota tapi sayang untuk kebersihan km nya msh kurang untuk sekelas hotel inna simpang,BUMN,Bintang 4,GrandInnaTunjungan,positive,0.9840077757835388,Sustainability & Environmental Quality,"Sustainability & Environmental Quality (0.65); Location, Accessibility & Parking (0.51); Religious & Halal Features (0.50)"
Fanny Rumengan,2017,4,hotelnya bagus kamarnya luas dekat dengan mall2 besar dan cocok buat tempat beristirahat bersama keluarga,BUMN,Bintang 4,GrandInnaTunjungan,positive,0.9994183778762817,Family & Group Friendly,Family & Group Friendly (0.99); Facilities & Amenities (0.99); Room Quality & Comfort (0.94)
Firda Lutfiana,2021,5,Hotel yang merekomendasikan bersih dan harum stafnya ramah2 aku suka grand inna tunjangan,BUMN,Bintang 4,GrandInnaTunjungan,positive,0.9993126392364502,Service Quality,"Service Quality (1.00); Cleanliness, Hygiene & Maintenance (1.00); Service Efficiency & Responsiveness (0.99)"
miftahur rozak,2022,5,Secara keseluruhan bagus sih cuma saat check masuk minta di lantai atas 5 atau 6 malah di kasih lantai 3,BUMN,Bintang 4,GrandInnaTunjungan,positive,0.5978825688362122,Service Quality,Service Quality (0.57); Check in/out Experience (0.55); Sustainability & Environmental Quality (0.39)
Vikqry M.S Kim,2019,5,konsep tradisional dan modern yang berpadu dengan sangat elegan dan indah lobi nya keren ada bar nya juga dan cocok buat yang suka foto,BUMN,Bintang 4,GrandInnaTunjungan,positive,0.9991408586502075,Ambience & Design,Ambience & Design (0.98); Facilities & Amenities (0.97); Cultural & Heritage Experience (0.95)
Hana Mufidatuz Z,2024,5,kamarnya bersih dan nyaman dengan lokasi strategis mantap,BUMN,Bintang 4,GrandInnaTunjungan,positive,0.9995760321617126,Room Quality & Comfort,"Room Quality & Comfort (1.00); Facilities & Amenities (0.99); Cleanliness, Hygiene & Maintenance (0.98)"
nindi himawan,2018,4,asyik menggang di kafe barunya sambil mengerjakan tugas ditemenin ma pizza seafood jus wortel tomat bikin tidak bosen n semangat ngerjainnya top deh,BUMN,Bintang 4,GrandInnaTunjungan,positive,0.9994180202484131,Food & Beverage,Food & Beverage (0.99); Guest Experience (0.90); Service Efficiency & Responsiveness (0.88)
Muzaffak muzaffak,2022,5,hotel yang saat buat istrhat di pusat kota surabaya parkir luas kamar bersih dan nyaman,BUMN,Bintang 4,GrandInnaTunjungan,positive,0.9994158744812012,Room Quality & Comfort,"Room Quality & Comfort (1.00); Cleanliness, Hygiene & Maintenance (0.99); Service Quality (0.98)"
cholid huda almahdi,2021,4,hotel yang nyaman jalan menuju ke situ agak ribet ku tidak jeli lihat google map pasti sudah nyasar,BUMN,Bintang 4,GrandInnaTunjungan,positive,0.9836441874504089,Facilities & Amenities,Facilities & Amenities (0.79); Service Quality (0.61); Room Quality & Comfort (0.47)
Bidan Mustika Timika Chanel,2021,5,hanya bila pesan harus sekalian makan pagi semoga kedepan nenek ina tidak membatasi makan pagi nya kasian kan kalau tidak tahu,BUMN,Bintang 4,GrandInnaTunjungan,negative,0.4671362340450287,Service Quality,Service Quality (0.68); Booking & Reservation Experience (0.63); Religious & Halal Features (0.45)
Achmad Efendi,2021,4,Proses ini cepat amnesti standar fasum sepi seperti punya sendiri tapinperlu ada perbaikan sedikit2 bf baru perlu ditingkatkan,BUMN,Bintang 4,GrandInnaTunjungan,neutral,0.6955075263977051,Facilities & Amenities,Facilities & Amenities (0.95); Service Quality (0.88); Food & Beverage (0.81)
Yayuk Hariani,2019,4,hotel yang bagus strategis dengan kolam renang dn makanan yang bervariasi berhadapan dengan mall tapi surabaya,BUMN,Bintang 4,GrandInnaTunjungan,positive,0.9994295239448547,Facilities & Amenities,Facilities & Amenities (0.99); Food & Beverage (0.89); Sustainability & Environmental Quality (0.77)
WACHIDHABIBI,2020,5,Salah satu hotel bintang 4 yang strategis dipusat kota kamar luas bersih pelayanan prima,BUMN,Bintang 4,GrandInnaTunjungan,positive,0.999445378780365,Service Quality,"Service Quality (1.00); Room Quality & Comfort (0.98); Cleanliness, Hygiene & Maintenance (0.98)"
Yhan alfis,2019,5,tempatnya sangat bagus dianjurkan hotel saat anda berada di surabaya kamar hotel sangat bersih pelayanan sangat baik,BUMN,Bintang 4,GrandInnaTunjungan,positive,0.9991447925567627,Service Quality,"Service Quality (0.99); Facilities & Amenities (0.98); Cleanliness, Hygiene & Maintenance (0.97)"
Juniores Pasaribu,2020,5,mantap hotelnya dianjurkan untuk menginap di sini kemana mana mana dekat pelayanan ramah hotelnya bersih dan makanannya mantapp,BUMN,Bintang 4,GrandInnaTunjungan,positive,0.999422550201416,Service Quality,"Service Quality (1.00); Facilities & Amenities (0.98); Cleanliness, Hygiene & Maintenance (0.98)"
Bagus D Anugrah,2019,4,bangunannya agak lama saluran tv tidak terlalu banyak tapi lokasi hotel sangat strategis staf nya ramah dan kooperatif,BUMN,Bintang 4,GrandInnaTunjungan,positive,0.9988610744476318,Staff Conduct & Hospitality,Staff Conduct & Hospitality (0.99); Service Efficiency & Responsiveness (0.99); Facilities & Amenities (0.97)
Ahmad Nawawi,2016,5,lokasi tenang meski tengah kota dekat tunjungan plaza kamar cukup luas dan fasilitas komplit sarapan nya enak layanan nya juga bagus,BUMN,Bintang 4,GrandInnaTunjungan,positive,0.9995214939117432,Facilities & Amenities,Facilities & Amenities (1.00); Service Quality (0.99); Service Efficiency & Responsiveness (0.96)
M Subhan Fauzi,2024,3,Parkir penuh orang 03 Agustus 2024 Jaminan malam tidak begitu profesional mereka hanya meminta untuk pergi keluar dengan mobil saya,BUMN,Bintang 4,GrandInnaTunjungan,negative,0.9973668456077576,Facilities & Amenities,"Facilities & Amenities (0.90); Location, Accessibility & Parking (0.88); Safety & Security (0.71)"
laila shasha,2018,4,dekat banget kalau mau ke tunjungan plaza tinggal di hotel nyebrang di tengah kota surabaya mudah aksesnya kamar bersih dan udara panas oke,BUMN,Bintang 4,GrandInnaTunjungan,positive,0.9995468258857727,Room Quality & Comfort,"Room Quality & Comfort (0.98); Cleanliness, Hygiene & Maintenance (0.97); Facilities & Amenities (0.97)"
Padmo Susastro,2018,5,hotel di pusat kota surabaya yang sangat nyaman manajer pelayanannya bagus dan ramah dari sdm muda yang cekatan,BUMN,Bintang 4,GrandInnaTunjungan,positive,0.9993599057197571,Staff Conduct & Hospitality,Staff Conduct & Hospitality (0.99); Service Quality (0.99); Service Efficiency & Responsiveness (0.97)
ferdiariyans,2018,5,tempat yang nyaman untuk menginap dengan lokasi strategis pelayanan yang cepat ramah,BUMN,Bintang 4,GrandInnaTunjungan,positive,0.9993591904640198,Service Efficiency & Responsiveness,Service Efficiency & Responsiveness (0.99); Service Quality (0.99); Guest Experience (0.96)
Rahadatul 'Aisy,2019,5,Kami 1 rombongan nyampeke hotel jam 1 malm tapi tetap dilayani dengan makan walaupun baru tiba mantap benar,BUMN,Bintang 4,GrandInnaTunjungan,positive,0.9975929856300354,Food & Beverage,Food & Beverage (0.94); Service Quality (0.94); Guest Experience (0.93)
Budi Setiawan,2018,4,Tempatnya asyik dekey banget dengan tunjungam plaza walaupun sudah berusia 30 tahun tapi masih sangat nyaman buat menginap,BUMN,Bintang 4,GrandInnaTunjungan,positive,0.9993813037872314,Facilities & Amenities,Facilities & Amenities (0.98); Ambience & Design (0.91); Guest Experience (0.90)
virman persada,2018,5,hotel yang nyaman dan pelayan ramah ada masjid di bagian belakang tuk tetap menjaga sholat berjamaah,BUMN,Bintang 4,GrandInnaTunjungan,positive,0.9988775849342346,Facilities & Amenities,Facilities & Amenities (0.99); Staff Conduct & Hospitality (0.99); Room Quality & Comfort (0.98)
Mori,2022,5,fasilitasnya cukup lengkap cuman tempat untuk basuh badan di kolam renangnya yang terbengkalai,BUMN,Bintang 4,GrandInnaTunjungan,positive,0.7711219787597656,Facilities & Amenities,Facilities & Amenities (0.90); Service Quality (0.50); Guest Experience (0.40)
Hengky k. Linggadjaja,2022,5,bagus hotel lama tapi banyak tempat sekitar yang dapat dikunjungin,BUMN,Bintang 4,GrandInnaTunjungan,positive,0.8279719948768616,Facilities & Amenities,"Facilities & Amenities (0.89); Cultural & Heritage Experience (0.79); Loyalty, Recommendation & Appreciation (0.73)"
LED Tour Travel,2020,5,Salah satu hotel yang berada di tengah kota surabaya tapi sayangnya fasilitas kurang dirawat dan pelayanannya kurang,BUMN,Bintang 4,GrandInnaTunjungan,positive,0.7565404176712036,Facilities & Amenities,Facilities & Amenities (0.62); Sustainability & Environmental Quality (0.59); Management & Policy Issues (0.57)
bimais mojokerto,2024,5,lokasi sangat strategis di tengah kota dekat dengan pusat perbelanjaan,BUMN,Bintang 4,GrandInnaTunjungan,positive,0.9991723299026489,Facilities & Amenities,Facilities & Amenities (0.94); Sustainability & Environmental Quality (0.81); Pricing & Value for Money (0.80)
Arrifah Itdaprov,2019,5,lokasi strategis pelayanan mantul ramah dan care banget menu sarapan enak dan bervariatif,BUMN,Bintang 4,GrandInnaTunjungan,positive,0.9995039701461792,Facilities & Amenities,Facilities & Amenities (0.99); Service Quality (0.98); Staff Conduct & Hospitality (0.98)
Argya P. Budihandojo,2017,3,Hotel ikonik yang terletak masuk pusat kota dekat dengan banyak lokasi ikonik seperti Grahadi dan monumen kapal selam juga dekat dengan pusat perbelanjaan seperti Tunjungan Plaza atau Surabaya Plaza terlihat sedikit usang dari luar,BUMN,Bintang 4,GrandInnaTunjungan,positive,0.5632458329200745,Cultural & Heritage Experience,Cultural & Heritage Experience (0.73); Facilities & Amenities (0.72); Sustainability & Environmental Quality (0.71)
Ima Aga,2019,5,lokasi strategis kamar bersih hampir setiap liburan bersama keluarga kami selalu bermlm di grand inna tunjungan,BUMN,Bintang 4,GrandInnaTunjungan,positive,0.999188244342804,Service Quality,"Service Quality (1.00); Cleanliness, Hygiene & Maintenance (0.99); Room Quality & Comfort (0.98)"
Panca Adi,2023,5,lokasi strategis dekat tapi tapi kalau untuk jalan jalan ke sekitaran balai kota sangat dekat dan oke,BUMN,Bintang 4,GrandInnaTunjungan,positive,0.995753288269043,Facilities & Amenities,"Facilities & Amenities (0.95); Service Quality (0.82); Location, Accessibility & Parking (0.76)"
Heldhi Yonathan,2018,5,Hotel legendaris di Surabaya sejak zaman 80an yang msh terawat baik dengan mudah dan lokasi yang top d pusat bisnis dan kesenangan surabaya,BUMN,Bintang 4,GrandInnaTunjungan,positive,0.9991076588630676,"Cleanliness, Hygiene & Maintenance","Cleanliness, Hygiene & Maintenance (0.97); Service Quality (0.91); Facilities & Amenities (0.91)"
Zeref闇,2022,2,Air keruh kolam renang kotor ada kecebong wifi lemot setiap menit suruh login ulang gajelas,BUMN,Bintang 4,GrandInnaTunjungan,negative,0.9994032382965088,Service Quality,Service Quality (0.83); Digital Connectivity & Technology (0.78); Facilities & Amenities (0.77)
ria ria,2021,3,Tidak ada skrining peduli lindungi atau antigen tidak ada sandal kamar makanan prasmanan ambil sendiri,BUMN,Bintang 4,GrandInnaTunjungan,positive,0.5188916921615601,Food & Beverage,Food & Beverage (0.96); Facilities & Amenities (0.93); Service Efficiency & Responsiveness (0.93)
--,2018,3,bak mandi tidak ada sumatnya jadi tidak bisa di pakai wastafel tidak bisa dibuka sumatnya tapi lokasi di tengah kota jadi dekat ke mana2,BUMN,Bintang 4,GrandInnaTunjungan,positive,0.9654762744903564,Facilities & Amenities,"Facilities & Amenities (0.94); Location, Accessibility & Parking (0.83); Sustainability & Environmental Quality (0.63)"
Habibi Junior,2019,5,hotel bersejarah bintang 4 terletak di tengah kota surabaya yang sungguh nyaman bersih dan karyawan sangat ramah sekali,BUMN,Bintang 4,GrandInnaTunjungan,positive,0.999163031578064,Service Quality,"Service Quality (0.99); Staff Conduct & Hospitality (0.99); Cleanliness, Hygiene & Maintenance (0.98)"
Andy Andy,2020,4,hotel tua kamar nyaman kolam renang waktunya renovasi karyawan ramah lokasi bagus di seberang tunjungan plaza,BUMN,Bintang 4,GrandInnaTunjungan,positive,0.9985120892524719,Facilities & Amenities,Facilities & Amenities (0.99); Staff Conduct & Hospitality (0.99); Room Quality & Comfort (0.98)
Mataul Harsani,2022,5,bagus untuk sekelas hotel berumur cocok bagi yang mau jalan2 ke tapi,BUMN,Bintang 4,GrandInnaTunjungan,positive,0.9949820637702942,Family & Group Friendly,Family & Group Friendly (0.81); Facilities & Amenities (0.80); Service Quality (0.79)
Tjahjo Nugroho,2023,5,sudah semakin baik untuk menarik konsumen parkir sampai di luar area hotel,BUMN,Bintang 4,GrandInnaTunjungan,positive,0.9949073195457458,"Location, Accessibility & Parking","Location, Accessibility & Parking (0.87); Service Quality (0.81); Facilities & Amenities (0.75)"
Nisga Lopulalan,2024,5,hotel lama tapi pelayanan bagus dan tempatnya nyaman,BUMN,Bintang 4,GrandInnaTunjungan,positive,0.9993274211883545,Service Quality,Service Quality (1.00); Facilities & Amenities (0.99); Room Quality & Comfort (0.99)
ani mudi,2017,4,hotel dkat plaza tunjungan yang strategis untuk bisnis ataupun berlibur bersama keluarga bagus tpi ac dingin banget,BUMN,Bintang 4,GrandInnaTunjungan,positive,0.9992871880531311,Facilities & Amenities,Facilities & Amenities (0.89); Sustainability & Environmental Quality (0.83); Family & Group Friendly (0.79)
Ichad Hukom,2021,5,Hotel yang nyaman di sudut jalan kenyamanan dengan harga yang wajar kamar bersih dan tempat besar masuk tengah kota dan dekat Tunjungan Plaza Mall dianjurkan,BUMN,Bintang 4,GrandInnaTunjungan,positive,0.999401330947876,Pricing & Value for Money,Pricing & Value for Money (0.99); Facilities & Amenities (0.98); Room Quality & Comfort (0.98)
Bocah petualang,2020,5,tempat strategis ditengah kota parkir lumayan luas ada cafe gengan live music didepan tempat nyaman,BUMN,Bintang 4,GrandInnaTunjungan,positive,0.9993964433670044,"Location, Accessibility & Parking","Location, Accessibility & Parking (0.97); Facilities & Amenities (0.92); Food & Beverage (0.89)"
Nuniek kusuma,2018,3,lumayan bersih dan rapi tapi banyak nyamuk berisik karena suara bising dari jalan raya jadi tidak bisa tidur,BUMN,Bintang 4,GrandInnaTunjungan,negative,0.9892634749412537,"Cleanliness, Hygiene & Maintenance","Cleanliness, Hygiene & Maintenance (0.95); Service Quality (0.90); Facilities & Amenities (0.84)"
Julia Arsita,2018,5,hotelnya bagus meskipun bangunanya tidak baru pelayannya super ramah banget sarapannya lengkap juga,BUMN,Bintang 4,GrandInnaTunjungan,positive,0.9991201758384705,Food & Beverage,Food & Beverage (0.97); Facilities & Amenities (0.97); Staff Conduct & Hospitality (0.97)
Mustakim temah,2019,3,hotel yang bagus jg disby parkir luas jg ada masjidnya dekat mall tunjungan dekat rmh dinas gubernur jatim,BUMN,Bintang 4,GrandInnaTunjungan,positive,0.999301552772522,Facilities & Amenities,"Facilities & Amenities (0.99); Location, Accessibility & Parking (0.97); Service Efficiency & Responsiveness (0.80)"
Teguh Prakoso,2018,5,sudah lebih segar rasa makanan enak letak strategis kolam renang oke kamar bersih,BUMN,Bintang 4,GrandInnaTunjungan,positive,0.9994215965270996,"Cleanliness, Hygiene & Maintenance","Cleanliness, Hygiene & Maintenance (0.98); Facilities & Amenities (0.97); Room Quality & Comfort (0.95)"
Melissa Septania,2018,4,kamar fasilitas memuaskan namun membutuhkan banyak kru untuk kolam renang agar dapat melayani pelanggan lebih maksimal,BUMN,Bintang 4,GrandInnaTunjungan,positive,0.9701381325721741,Facilities & Amenities,Facilities & Amenities (0.97); Guest Experience (0.92); Service Quality (0.80)
Koesnanto Entoeng,2024,4,Hotel lama yang masih bertahan dengan layanan yang lumayan,BUMN,Bintang 4,GrandInnaTunjungan,positive,0.9710742235183716,Service Quality,Service Quality (1.00); Facilities & Amenities (0.96); Service Efficiency & Responsiveness (0.90)
Anwar sila Bima,2020,5,Layanan mu memuaskan SMG terus mengikuti Irama tidak tertinggal dan tergilas oleh kemajuan teknologi kita akan bertemu lagi dilain waktu terima kasih,BUMN,Bintang 4,GrandInnaTunjungan,positive,0.9963098168373108,Service Quality,Service Quality (1.00); Guest Experience (0.99); Service Efficiency & Responsiveness (0.95)
adnans,2019,3,Hotel lama yang direnovasi terletak di tengah kota dekat kemana2 tapi antara harga dan fasilitas kurang berharga,BUMN,Bintang 4,GrandInnaTunjungan,positive,0.7011756896972656,Pricing & Value for Money,"Pricing & Value for Money (0.98); Facilities & Amenities (0.96); Location, Accessibility & Parking (0.91)"
Norma Santi,2022,5,tempat bagus kamarnya luas dan besar pelayanannya juga bagus makanannya juga enak2,BUMN,Bintang 4,GrandInnaTunjungan,positive,0.999200165271759,Facilities & Amenities,Facilities & Amenities (1.00); Guest Experience (0.98); Service Quality (0.98)
Denias Susanto,2019,5,Hotel lama yang memberikan layanan yang sangat baik staf sangat ramah untuk saya makanan adalah sarapan terbaik dengan banyak pilihan,BUMN,Bintang 4,GrandInnaTunjungan,positive,0.9939216375350952,Service Quality,Service Quality (1.00); Food & Beverage (1.00); Guest Experience (0.99)
Savana go,2022,4,nyaman deket mall tunjungan juga cuman tv sering hilang sinyal tapi semuanya sip deh,BUMN,Bintang 4,GrandInnaTunjungan,positive,0.9791993498802185,Facilities & Amenities,Facilities & Amenities (0.96); Service Quality (0.90); Family & Group Friendly (0.79)
Ria Saktia,2017,5,Kamar yang bagus cukup luas buat anak2 lari sana sini karpet di kamar utama juga anak aman,BUMN,Bintang 4,GrandInnaTunjungan,positive,0.9986791014671326,Facilities & Amenities,Facilities & Amenities (0.97); Safety & Security (0.95); Room Quality & Comfort (0.94)
ARISMAYA PARAHITA,2024,5,favorit klg di pusat kota dekat mall tunjungan plaza kamar luas pemandangan kota,BUMN,Bintang 4,GrandInnaTunjungan,positive,0.9994315505027771,Ambience & Design,Ambience & Design (0.81); Cultural & Heritage Experience (0.70); Facilities & Amenities (0.69)
Redy Wibisono,2024,4,Bukber Ramadhan April 2024 lokasi strategis paket bukbernya kinerja harga,BUMN,Bintang 4,GrandInnaTunjungan,positive,0.989104151725769,Booking & Reservation Experience,Booking & Reservation Experience (0.87); Pricing & Value for Money (0.86); Religious & Halal Features (0.73)
Yoseph Saputra,2019,5,kamarnya luas letaknya tengah kota jadi sgt strategis unt kemana2 jadi oke banget,BUMN,Bintang 4,GrandInnaTunjungan,positive,0.9993282556533813,Room Quality & Comfort,Room Quality & Comfort (0.96); Facilities & Amenities (0.88); Service Quality (0.87)
Johana Widyati,2018,5,hotel yang nyaman ditengah kota sarapan enak anak2 seneng nginep disini kalau ke surabaya,BUMN,Bintang 4,GrandInnaTunjungan,positive,0.9994361996650696,Facilities & Amenities,Facilities & Amenities (0.93); Service Quality (0.92); Family & Group Friendly (0.83)
Dorin Dorin,2024,4,Aku mampir ke sini untuk mengunjungi teman-temanku hotelnya bersih dan stafnya ramah,BUMN,Bintang 4,GrandInnaTunjungan,positive,0.9985342025756836,Service Quality,"Service Quality (1.00); Cleanliness, Hygiene & Maintenance (0.99); Staff Conduct & Hospitality (0.99)"
agung wijaya THR,2019,5,Hotel nya besar bagus tengah kota dekat mall mall terbesar di sby tinggal jalan saja klao mau kemana saya,BUMN,Bintang 4,GrandInnaTunjungan,positive,0.9992613196372986,Facilities & Amenities,Facilities & Amenities (0.92); Service Quality (0.82); Sustainability & Environmental Quality (0.81)
Watimbo TV,2019,4,Hotel ya dekat dengan mall kamarnya memang agak lama sih tapi malam cocok buat santai ngopi dan sarapan ya lumayan,BUMN,Bintang 4,GrandInnaTunjungan,positive,0.9988114833831787,Food & Beverage,Food & Beverage (0.90); Facilities & Amenities (0.81); Guest Experience (0.70)
Nety Hidayati,2021,5,karyawan ramah tempat bersih pemandangan dari kamar keluar bagus ada jendela kaca dan kolam renang terima kasih,BUMN,Bintang 4,GrandInnaTunjungan,positive,0.9992160797119141,Facilities & Amenities,"Facilities & Amenities (1.00); Cleanliness, Hygiene & Maintenance (0.99); Guest Experience (0.99)"
Nur Setyanto,2019,5,Harga saat dekat mall tunjungan ada masjid di belakang hotel jadi kalau kita mau sholat jamaah ada orang,BUMN,Bintang 4,GrandInnaTunjungan,positive,0.9870486855506897,Facilities & Amenities,Facilities & Amenities (0.94); Pricing & Value for Money (0.93); Sustainability & Environmental Quality (0.77)
Mardiansyah Hidayat,2023,5,cukup bagus dan nyaman walaupun di tengah kota surabaya dekat dengan mall dan kuliner,BUMN,Bintang 4,GrandInnaTunjungan,positive,0.9992971420288086,Facilities & Amenities,Facilities & Amenities (0.99); Room Quality & Comfort (0.97); Service Quality (0.89)
Tabitha Sulistya,2022,4,menginap semalam saja karena transit kamar layanan sarapan pagi semuanya oke,BUMN,Bintang 4,GrandInnaTunjungan,positive,0.9921038150787354,Service Quality,Service Quality (0.99); Facilities & Amenities (0.98); Service Efficiency & Responsiveness (0.95)
It's Devi,2022,5,untuk cari hotel anggaran di sekitar jalan tunjungan ini salah satu yang saat ini bisa jalan kaki ke alun-alun tunjungan atau menjelajahi kuliner di sekitar,BUMN,Bintang 4,GrandInnaTunjungan,positive,0.9981310963630676,Pricing & Value for Money,Pricing & Value for Money (0.95); Facilities & Amenities (0.84); Booking & Reservation Experience (0.81)
Steffi “Steffi Phang” Pangkawira,2018,4,lobi bagus layanan bagus juga tapi kita punya masalah masuk kamar kita seperti ac leaking dan tidak sehat bukti dengan pintu sebelah,BUMN,Bintang 4,GrandInnaTunjungan,negative,0.9984205961227417,Facilities & Amenities,Facilities & Amenities (0.99); Service Quality (0.98); Guest Experience (0.96)
"Ir. Kadek Amerta Yasa, ST.,MT",2020,5,tempat menginap di jantung kota surabaya yang nyaman dengan harga terjangkau cocok untuk liburan bersama keluarga,BUMN,Bintang 4,GrandInnaTunjungan,positive,0.9994778037071228,Family & Group Friendly,Family & Group Friendly (0.98); Pricing & Value for Money (0.91); Facilities & Amenities (0.85)
Septian Asigit,2021,5,klo hr minggu hotel grand inna tunjungan buka angkringan bubur ayam yang joss pokoknya,BUMN,Bintang 4,GrandInnaTunjungan,positive,0.9986817240715027,Food & Beverage,Food & Beverage (0.91); Facilities & Amenities (0.88); Guest Experience (0.87)
lintang novela,2022,4,buffetnya diambilkan sering tidak di isi ulang isi ulang lama baik makanan minumannya,BUMN,Bintang 4,GrandInnaTunjungan,negative,0.9961715340614319,Food & Beverage,Food & Beverage (0.99); Service Quality (0.87); Guest Experience (0.75)
Totok Sugianto,2024,5,Hotelnya bersih dan nyaman buat acara pertemuan,BUMN,Bintang 4,GrandInnaTunjungan,positive,0.9993933439254761,Room Quality & Comfort,"Room Quality & Comfort (1.00); Facilities & Amenities (0.99); Cleanliness, Hygiene & Maintenance (0.98)"
Laksmi Susilowati,2021,5,hotelnya di dekat pusat perbelanjaan tempat parkirnya luas pelayannya ramah,BUMN,Bintang 4,GrandInnaTunjungan,positive,0.9993696808815002,Staff Conduct & Hospitality,"Staff Conduct & Hospitality (0.99); Location, Accessibility & Parking (0.98); Facilities & Amenities (0.97)"
Djuniartha Aswinabawa,2019,5,walaupun hotel lama tapi tetap tertata dengan baik lobi bersih pelayanan hotel baik semoga tetap dijaga pelayanan nya,BUMN,Bintang 4,GrandInnaTunjungan,positive,0.9982631802558899,"Cleanliness, Hygiene & Maintenance","Cleanliness, Hygiene & Maintenance (0.99); Service Quality (0.98); Facilities & Amenities (0.86)"
Outboundjakarta .com,2015,4,Rekomendasi letaknya strategis untuk kantornya luas nyaman kolam renang dan interior kamarnya juga bagus,BUMN,Bintang 4,GrandInnaTunjungan,positive,0.9995480179786682,Facilities & Amenities,Facilities & Amenities (1.00); Room Quality & Comfort (0.97); Family & Group Friendly (0.91)
Erik Susanti,2019,5,hotel nya bersih nyaman pelayanan bagus sekali dan ramah tamah semuanya,BUMN,Bintang 4,GrandInnaTunjungan,positive,0.9993496537208557,Service Quality,Service Quality (0.99); Facilities & Amenities (0.99); Service Efficiency & Responsiveness (0.99)
Reyza,2021,3,udara hangatnya tidak terlalu hangat lantainya sering mencicit ac nya tidak terlalu dingin,BUMN,Bintang 4,GrandInnaTunjungan,negative,0.994731068611145,Sustainability & Environmental Quality,"Sustainability & Environmental Quality (0.68); Facilities & Amenities (0.68); Loyalty, Recommendation & Appreciation (0.65)"
Jason Che,2024,1,Sangat sangat bising masuk kamar bahkan setelah tengah malam karena jalan utama tidak mungkin untuk tidur,BUMN,Bintang 4,GrandInnaTunjungan,negative,0.9964619278907776,Facilities & Amenities,Facilities & Amenities (0.75); Guest Experience (0.67); Sustainability & Environmental Quality (0.65)
Muib Kasipenkumntt,2018,4,pintu masuknya susah dicari bagi yang belum pernah ke grand inna sampai muter 2 kali ternyata persis dipojokan seharusnya ada rambu penanda masuk ke situ mksh,BUMN,Bintang 4,GrandInnaTunjungan,positive,0.933782160282135,Safety & Security,"Safety & Security (0.28); Location, Accessibility & Parking (0.28); Religious & Halal Features (0.23)"
Ervien Dyah Soebekti,2018,4,ruang pertemuan yang oke audio baik makanan dan minuman variatif lokasi strategis tempat menginap dianjurkan,BUMN,Bintang 4,GrandInnaTunjungan,positive,0.9993402361869812,Food & Beverage,Food & Beverage (1.00); Facilities & Amenities (1.00); Room Quality & Comfort (0.97)
agung yudhanto,2022,4,pesan makan lama teras saat hujan untuk makan malam tidak tertutup jadi kita kehujanan tidak nyaman,BUMN,Bintang 4,GrandInnaTunjungan,negative,0.9982910752296448,Food & Beverage,Food & Beverage (0.86); Facilities & Amenities (0.84); Booking & Reservation Experience (0.79)
Wina Farafinsah,2019,4,3 kali kesini 2 kali acara disini buffet makanan kopi istirahatnya enak ramah ramah juga mba mba mas masnya hehe,BUMN,Bintang 4,GrandInnaTunjungan,positive,0.9989460110664368,Food & Beverage,Food & Beverage (0.96); Family & Group Friendly (0.96); Guest Experience (0.91)
benny hatiuron,2017,5,Inna Simpang adalah hotel warisan dekat Tunjungan Plaza Surabaya hotel murah tapi non-budget hotel tempat masuk pusat kota Surabaya kota Anda harus mencoba ketika Anda pergi ke Surabaya terima kasih,BUMN,Bintang 4,GrandInnaTunjungan,positive,0.9978225231170654,Cultural & Heritage Experience,Cultural & Heritage Experience (0.95); Pricing & Value for Money (0.77); Guest Experience (0.69)
Ode Ladamay (Oudhey),2023,5,Tempat yang bagus pendingin udara kamar mandi kecil sarapan lezat dekat pusat perbelanjaan Tunjungan Plaza,BUMN,Bintang 4,GrandInnaTunjungan,positive,0.9984931945800781,Facilities & Amenities,Facilities & Amenities (1.00); Food & Beverage (0.97); Room Quality & Comfort (0.96)
ivar burlage,2023,4,Hotel bagus tapi staf tidak berbicara bahasa Inggris juga airco tua masih bekerja tho,BUMN,Bintang 4,GrandInnaTunjungan,negative,0.9982226490974426,Service Quality,Service Quality (0.82); Facilities & Amenities (0.81); Guest Experience (0.71)
Arijo Damar,2023,5,bersih ditengah kota sederhana cek masuk keluar ramah staf parkir oke,BUMN,Bintang 4,GrandInnaTunjungan,positive,0.9978000521659851,Check in/out Experience,"Check in/out Experience (1.00); Location, Accessibility & Parking (0.99); Service Quality (0.99)"
Septiana Nuritasari,2022,5,pelayanan ramah makanan lumayan enak cuma kurang beragam jenisnya,BUMN,Bintang 4,GrandInnaTunjungan,positive,0.9393448829650879,Service Quality,Service Quality (0.94); Guest Experience (0.92); Staff Conduct & Hospitality (0.79)
Garry Martien,2017,4,masuk tengah kota dekat Surabaya Tunjungan Plaza ikonik harga terjangkau sedikit kuno tapi itu oke bersih dan rapi kamar ramah staf,BUMN,Bintang 4,GrandInnaTunjungan,positive,0.9993809461593628,"Cleanliness, Hygiene & Maintenance","Cleanliness, Hygiene & Maintenance (1.00); Facilities & Amenities (0.99); Service Quality (0.99)"
Sultan Maulana,2022,5,lokasi sesuai dengan peta konfirmasi pesanan cepat pelayanan ramah suasananya nyaman dan aman,BUMN,Bintang 4,GrandInnaTunjungan,positive,0.9991276860237122,Service Efficiency & Responsiveness,Service Efficiency & Responsiveness (1.00); Safety & Security (0.99); Service Quality (0.99)
Didik Sampurno,2020,5,hotel inna yang halaman depannya disulap jadi angkringan untuk bertahan dikala pandemi karna industri hotel sangat terdampak,BUMN,Bintang 4,GrandInnaTunjungan,positive,0.5875815749168396,Ambience & Design,Ambience & Design (0.71); Safety & Security (0.58); Facilities & Amenities (0.51)
Egha Larasati,2021,5,Suka banget sama hotelnya kamarnya saat buat yang mau staycation,BUMN,Bintang 4,GrandInnaTunjungan,positive,0.9985321760177612,Facilities & Amenities,Facilities & Amenities (0.92); Service Quality (0.91); Room Quality & Comfort (0.90)
alfin daely,2023,5,dianjurkan kamar luas parkir luas bersih nyaman sarapan enak variatif,BUMN,Bintang 4,GrandInnaTunjungan,positive,0.9994446635246277,Facilities & Amenities,"Facilities & Amenities (0.99); Cleanliness, Hygiene & Maintenance (0.99); Location, Accessibility & Parking (0.99)"
arinto wibowo,2019,4,Hotel lama milik bumn jadi ingat jaman pak harto nyaman oke lah,BUMN,Bintang 4,GrandInnaTunjungan,positive,0.9990407824516296,Room Quality & Comfort,Room Quality & Comfort (0.88); Service Quality (0.86); Facilities & Amenities (0.85)
Jhe Setiyadi,2022,5,Lokasi strategis dekat dengan banyak tempat wisata Surabaya makanan juga lezat,BUMN,Bintang 4,GrandInnaTunjungan,positive,0.9994117021560669,Facilities & Amenities,Facilities & Amenities (0.95); Food & Beverage (0.92); Service Efficiency & Responsiveness (0.82)
Rendy Zesario,2024,5,lokasi strategis bagusbjuga dekat tapi bisa jalan kaki,BUMN,Bintang 4,GrandInnaTunjungan,positive,0.9989205598831177,Facilities & Amenities,Facilities & Amenities (0.89); Sustainability & Environmental Quality (0.75); Service Efficiency & Responsiveness (0.67)
Aarun Shah,2021,5,hotelnya bersih parkir luas standar protokol kesehatan diberlakukan,BUMN,Bintang 4,GrandInnaTunjungan,positive,0.9981350898742676,Service Quality,"Service Quality (0.98); Cleanliness, Hygiene & Maintenance (0.96); Sustainability & Environmental Quality (0.93)"
ocal Sophan,2022,5,staf ramah kamar luas bersih enak untuk istirahat dan merenung,BUMN,Bintang 4,GrandInnaTunjungan,positive,0.9991092085838318,Facilities & Amenities,"Facilities & Amenities (0.99); Guest Experience (0.99); Cleanliness, Hygiene & Maintenance (0.98)"
obenz “Parabellum” CTU,2023,4,kamar sisi jalan raya masih bisa mendengar kendaraan lewat hehehe,BUMN,Bintang 4,GrandInnaTunjungan,positive,0.9581869840621948,Guest Experience,Guest Experience (0.83); Sustainability & Environmental Quality (0.74); Facilities & Amenities (0.70)
Chrishnawati,2023,3,Lebih detail untuk cleanlines mungkin hotel tidak siap untuk musim tinggi waktu beberapa bagian hotel perlu untuk mempertahankan,BUMN,Bintang 4,GrandInnaTunjungan,negative,0.8658804297447205,"Cleanliness, Hygiene & Maintenance","Cleanliness, Hygiene & Maintenance (0.87); Booking & Reservation Experience (0.39); Facilities & Amenities (0.30)"
Rachmad Hidayat,2020,4,Ada tempat bercinta modern niee cocok lhaa buat tempat bersantai breng keluarga teman2 ato sama sii doi,BUMN,Bintang 4,GrandInnaTunjungan,positive,0.9988278746604919,Family & Group Friendly,Family & Group Friendly (0.99); Facilities & Amenities (0.95); Guest Experience (0.83)
brianika irawati,2018,3,hotel yang nyaman pelayanan ramah dekat dengan pusat perbelanjaan tempat parkir juga oke,BUMN,Bintang 4,GrandInnaTunjungan,positive,0.9993960857391357,Service Quality,"Service Quality (0.99); Location, Accessibility & Parking (0.99); Facilities & Amenities (0.99)"
Stefanus Wihardja,2019,4,Baru direnovasi membuat tempat ini tempat yang nyaman untuk bertemu kopi yang baik tidak terlalu mahal belum sempat mencoba makanan belum,BUMN,Bintang 4,GrandInnaTunjungan,positive,0.9816479682922363,Facilities & Amenities,Facilities & Amenities (0.97); Food & Beverage (0.96); Room Quality & Comfort (0.86)
Eko Hendra Wijaya (EHW),2016,3,lumayan untuk hotel yang dkt pusat kota hotel gaya klasik atau emg sudah hotel lawas ya,BUMN,Bintang 4,GrandInnaTunjungan,positive,0.9888989329338074,Facilities & Amenities,Facilities & Amenities (0.73); Ambience & Design (0.66); Cultural & Heritage Experience (0.63)
yudistiro gandhi,2021,5,nyaman untuk kamarnya dan lobi juga luas dengan penataan kursi tunggu yang baik,BUMN,Bintang 4,GrandInnaTunjungan,positive,0.9983970522880554,Facilities & Amenities,Facilities & Amenities (1.00); Room Quality & Comfort (0.98); Service Quality (0.98)
bang tito,2022,4,Hotel enak dan luas sayang masih bising sama bunyi kendaraan,BUMN,Bintang 4,GrandInnaTunjungan,positive,0.9964470267295837,Facilities & Amenities,Facilities & Amenities (0.97); Room Quality & Comfort (0.85); Ambience & Design (0.81)
Asnan Wijaya,2020,4,Lokasinya sangat strategis berada di tengah kota parkir luas layanan ramah,BUMN,Bintang 4,GrandInnaTunjungan,positive,0.9993663430213928,Guest Experience,"Guest Experience (0.98); Location, Accessibility & Parking (0.98); Service Quality (0.98)"
Roesdi Ghani,2024,5,staycation yang nyaman di grand inna hotel nyaris tidak ada kekurangannya,BUMN,Bintang 4,GrandInnaTunjungan,positive,0.9971850514411926,Service Quality,Service Quality (0.96); Room Quality & Comfort (0.95); Facilities & Amenities (0.88)
Rj Sadmoko,2018,4,letak di tengah kota sangat strategis pelayanan ramah kamar cukup rapi,BUMN,Bintang 4,GrandInnaTunjungan,positive,0.9993977546691895,Guest Experience,"Guest Experience (0.99); Service Quality (0.99); Cleanliness, Hygiene & Maintenance (0.99)"
Siti Hajar Aisyah,2021,3,kurang puas karena di kamar tidak ada disediakan tisu hanya di toilet saja yang ada tisunya,BUMN,Bintang 4,GrandInnaTunjungan,negative,0.9960857629776001,Guest Experience,Guest Experience (0.68); Facilities & Amenities (0.63); Service Quality (0.55)
Nabila Hasna Putri,2023,5,makanan untuk sarapannya enak kamarnya juga luas dan bersih trims,BUMN,Bintang 4,GrandInnaTunjungan,positive,0.9994876384735107,"Cleanliness, Hygiene & Maintenance","Cleanliness, Hygiene & Maintenance (1.00); Facilities & Amenities (1.00); Room Quality & Comfort (0.99)"
Alif Ghazali,2020,5,sedang dalam proses pembangunan grand ballroom di sisi belakang hotel ini nyaman untuk ditempati terletak di lokasi strategis dekat plaza tunjungan,BUMN,Bintang 4,GrandInnaTunjungan,positive,0.9991191029548645,Room Quality & Comfort,Room Quality & Comfort (0.86); Facilities & Amenities (0.84); Sustainability & Environmental Quality (0.82)
Eva Kencanawati,2019,4,lokasi strategis dekat alun-alun Tunjungan sarapan cukup bervariasi kamar luas dan bersih secara keseluruhan oke,BUMN,Bintang 4,GrandInnaTunjungan,positive,0.9994507431983948,Facilities & Amenities,"Facilities & Amenities (1.00); Cleanliness, Hygiene & Maintenance (0.99); Room Quality & Comfort (0.99)"
Irma hayati,2020,5,kamar bersih kamar mandinya juga bersih stafnya juga ramah banget aduuh top banget lah,BUMN,Bintang 4,GrandInnaTunjungan,positive,0.9988834261894226,Service Quality,"Service Quality (0.98); Cleanliness, Hygiene & Maintenance (0.96); Room Quality & Comfort (0.95)"
Margaretta Wongkar,2018,5,Grand inna tunjungan atau inna simpang adalah salah satu hotel yang sangat strategis terletak di pusat kota surabaya dan sangat dekat dengan plaza tunjungan,BUMN,Bintang 4,GrandInnaTunjungan,positive,0.9991214871406555,"Loyalty, Recommendation & Appreciation","Loyalty, Recommendation & Appreciation (0.75); Location, Accessibility & Parking (0.73); Facilities & Amenities (0.73)"
Wahyudi,2018,4,bagus hanya saja untuk toilet yang samping kolam renang kecil dan kurang memadai,BUMN,Bintang 4,GrandInnaTunjungan,negative,0.6771352887153625,Facilities & Amenities,Facilities & Amenities (0.81); Guest Experience (0.44); Check in/out Experience (0.41)
ICUK SASMITA TV,2019,5,Hotel ini strategis ya terletak di lokasi tengah kota dan Alhamdulillah ternyata ada masjidnya,BUMN,Bintang 4,GrandInnaTunjungan,positive,0.9988405108451843,Facilities & Amenities,Facilities & Amenities (0.94); Religious & Halal Features (0.88); Sustainability & Environmental Quality (0.86)
Sahruddin Sahar,2019,4,bersih tempat parkir luas dan letaknya strategis berada di kota surabaya,BUMN,Bintang 4,GrandInnaTunjungan,positive,0.9993927478790283,Service Quality,"Service Quality (0.99); Cleanliness, Hygiene & Maintenance (0.99); Location, Accessibility & Parking (0.98)"
MUMTAZ GAMING,2022,4,Saat ini kamar mandi utama sedang diperbaiki dan harus antri untuk sisa 1 kamar mandi,BUMN,Bintang 4,GrandInnaTunjungan,neutral,0.7333617210388184,Facilities & Amenities,Facilities & Amenities (0.82); Service Quality (0.72); Sustainability & Environmental Quality (0.63)
HARIYANTO JOYO LELONO,2023,5,resepsionis sangat ramah bersahabat menu sarapan kumplit,BUMN,Bintang 4,GrandInnaTunjungan,positive,0.9990079998970032,Guest Experience,Guest Experience (0.98); Service Quality (0.97); Staff Conduct & Hospitality (0.97)
Widya Lesmanawati,2021,5,Dari cek masuk sampai cek keluar aman nyaman senang berikutnya kesini lagi janji terima kasih,BUMN,Bintang 4,GrandInnaTunjungan,positive,0.9968001842498779,Check in/out Experience,"Check in/out Experience (0.99); Loyalty, Recommendation & Appreciation (0.99); Guest Experience (0.97)"
Virgo Virdiansyah,2023,5,lokasi hotel berada di tengah kota surabaya dekat dengan jalan tunjungan,BUMN,Bintang 4,GrandInnaTunjungan,positive,0.9990434050559998,Sustainability & Environmental Quality,"Sustainability & Environmental Quality (0.89); Loyalty, Recommendation & Appreciation (0.82); Service Efficiency & Responsiveness (0.81)"
mutiara indah,2019,4,kamar bersih stafny ramah ada kendala pada air kran kamar mandi yang keruh,BUMN,Bintang 4,GrandInnaTunjungan,positive,0.9507705569267273,Service Quality,Service Quality (0.99); Service Efficiency & Responsiveness (0.99); Facilities & Amenities (0.98)
Gagas Satrio Wibowo,2022,5,mantap hotel nyaman dekat dengan kantor gubernur dan taman apsari,BUMN,Bintang 4,GrandInnaTunjungan,positive,0.9994342923164368,Facilities & Amenities,Facilities & Amenities (0.97); Service Quality (0.96); Room Quality & Comfort (0.94)
muhammad redo,2024,5,lokasi hotel nya sangat strategis,BUMN,Bintang 4,GrandInnaTunjungan,positive,0.999327540397644,Sustainability & Environmental Quality,Sustainability & Environmental Quality (0.93); Facilities & Amenities (0.93); Religious & Halal Features (0.86)
Fairuzul Mumtaz,2022,5,terima kasih sudah melayani para tamu dengan baik dalam pernikahan saudara kami sukses selu,BUMN,Bintang 4,GrandInnaTunjungan,positive,0.9936909675598145,Guest Experience,Guest Experience (0.99); Service Quality (0.99); Check in/out Experience (0.97)
Febri Putra,2020,5,resepsionisnya kuep ramah yaiyalah toiletnya bersih makanannya enak,BUMN,Bintang 4,GrandInnaTunjungan,positive,0.9990755319595337,"Cleanliness, Hygiene & Maintenance","Cleanliness, Hygiene & Maintenance (0.99); Service Quality (0.98); Staff Conduct & Hospitality (0.97)"
siti chandra widjanantie,2019,5,Inna Simpang adalah hotel pertama masuk surabaya yang selalu meletakkan bendera merah putih Indonesia masuk halaman depan mereka,BUMN,Bintang 4,GrandInnaTunjungan,positive,0.6994168162345886,Service Quality,Service Quality (0.65); Cultural & Heritage Experience (0.63); Religious & Halal Features (0.56)
Phillip Phillip,2021,5,hotel dengan furnitur klasik tapi tetap menjaga kebersihan dan pelayanannya bagus,BUMN,Bintang 4,GrandInnaTunjungan,positive,0.9991675615310669,"Cleanliness, Hygiene & Maintenance","Cleanliness, Hygiene & Maintenance (1.00); Service Quality (0.99); Facilities & Amenities (0.97)"
Atiek Rachmawati,2017,5,suka nginep disini pelayannya ramah sarapan pagi bervariasi,BUMN,Bintang 4,GrandInnaTunjungan,positive,0.9990930557250977,Guest Experience,Guest Experience (0.93); Staff Conduct & Hospitality (0.92); Service Quality (0.92)
Nanang Yulianto,2021,4,tempatnya nyaman halaman parkir cukup luas juga ada tempat untuk mengopii musik semoga sukses,BUMN,Bintang 4,GrandInnaTunjungan,positive,0.9989905953407288,Facilities & Amenities,"Facilities & Amenities (0.99); Location, Accessibility & Parking (0.99); Room Quality & Comfort (0.95)"
Mega Puspitasari,2018,5,Tempatnya tua tapi baik dipertahankan tapi saya perhatikan di bagian bahwa orang tidak benar-benar memperhatikan sedikit kotor jendela minum tempat tidur di bawah tempat tidur dll,BUMN,Bintang 4,GrandInnaTunjungan,negative,0.8716996312141418,Facilities & Amenities,Facilities & Amenities (0.96); Food & Beverage (0.79); Service Quality (0.77)
Iskandar “Iskandar” Z,2023,5,keren sekarang ada tempat nongkrong ngopi klo malam ada elektronik juga,BUMN,Bintang 4,GrandInnaTunjungan,positive,0.9963536262512207,Facilities & Amenities,Facilities & Amenities (0.96); Sustainability & Environmental Quality (0.75); Digital Connectivity & Technology (0.73)
Farez,2021,5,kamarnya luas pelayanannya memuaaskan recomended banget,BUMN,Bintang 4,GrandInnaTunjungan,positive,0.9993321299552917,Service Quality,Service Quality (0.99); Guest Experience (0.97); Facilities & Amenities (0.95)
Yudi Purnomo,2022,4,Hotel yang masih bertahan dengan situasi dan kondisi yang serba sulit seperti sekarang ini,BUMN,Bintang 4,GrandInnaTunjungan,positive,0.6861909031867981,Facilities & Amenities,"Facilities & Amenities (0.69); Management & Policy Issues (0.59); Loyalty, Recommendation & Appreciation (0.55)"
eka silvia,2021,5,Siap obat kuat siap tegak sampai pagi admin 082338899695,BUMN,Bintang 4,GrandInnaTunjungan,positive,0.8427902460098267,Service Quality,"Service Quality (0.84); Service Efficiency & Responsiveness (0.79); Loyalty, Recommendation & Appreciation (0.72)"
Wiwik Wahyuningsih,2024,5,tempat bersih adem parkir mobil didepan gratis,BUMN,Bintang 4,GrandInnaTunjungan,positive,0.9993855953216553,Service Quality,"Service Quality (0.97); Location, Accessibility & Parking (0.95); Cleanliness, Hygiene & Maintenance (0.95)"
Paulus Budiyanto,2019,4,kamarnya bersih dan nyaman tempat parkir luas petugas hotel ramah,BUMN,Bintang 4,GrandInnaTunjungan,positive,0.9992578625679016,Room Quality & Comfort,"Room Quality & Comfort (0.99); Facilities & Amenities (0.99); Location, Accessibility & Parking (0.98)"
Hadi Utomo,2024,5,lokasi sangat strategis berada di tengah kota surabaya,BUMN,Bintang 4,GrandInnaTunjungan,positive,0.9990614056587219,Sustainability & Environmental Quality,Sustainability & Environmental Quality (0.83); Facilities & Amenities (0.82); Safety & Security (0.79)
Asep Abdul Rahman,2018,4,meskipun gedung bagian luar terlihat tidak terawat tetapi didalamnya cantik terawat dan fasilitasnya lumayan lengkap,BUMN,Bintang 4,GrandInnaTunjungan,positive,0.9980858564376831,Facilities & Amenities,"Facilities & Amenities (0.91); Service Quality (0.68); Cleanliness, Hygiene & Maintenance (0.63)"
satria yudha,2021,5,fasilitas oke kamar oke ac dingin pemanas air 24jam serta kasur empuk,BUMN,Bintang 4,GrandInnaTunjungan,positive,0.9989567995071411,Facilities & Amenities,Facilities & Amenities (1.00); Room Quality & Comfort (0.99); Service Quality (0.99)
Darius Alexander Go Reinnamah,2019,3,Hotel lama tapi barang-barang bagus tapi aku pikir lift terlalu kecil tentang kamar itu xoxo,BUMN,Bintang 4,GrandInnaTunjungan,negative,0.9866624474525452,Facilities & Amenities,Facilities & Amenities (0.99); Guest Experience (0.86); Service Quality (0.83)
Akhsan (inside),2022,2,bayar parkir 5rb parkir terburuk yang pernah saya kunjungi di hotel manapun,BUMN,Bintang 4,GrandInnaTunjungan,negative,0.9973824620246887,Pricing & Value for Money,"Pricing & Value for Money (0.78); Location, Accessibility & Parking (0.63); Guest Experience (0.53)"
abdul halim,2018,5,hotel yang memiliki pusat dekat dengan mall dekat dengan pusat oleh bertempat di kota tengah dan karyawan yang sangat ramah,BUMN,Bintang 4,GrandInnaTunjungan,positive,0.999401330947876,Staff Conduct & Hospitality,Staff Conduct & Hospitality (0.99); Service Quality (0.99); Service Efficiency & Responsiveness (0.98)
K Gati,2019,4,Hotel lama yang terletak masuk jantung kota surabaya tapi masih cukup bagus dan bersih dengan harga yang menarik,BUMN,Bintang 4,GrandInnaTunjungan,positive,0.9950137734413147,"Cleanliness, Hygiene & Maintenance","Cleanliness, Hygiene & Maintenance (0.96); Pricing & Value for Money (0.94); Service Quality (0.92)"
Johanes Budi,2024,5,Sejak rebranding jadi grand ina suasana makin nyamañ dan keramahan karyawan makin brasa,BUMN,Bintang 4,GrandInnaTunjungan,positive,0.9987188577651978,Room Quality & Comfort,Room Quality & Comfort (0.99); Staff Conduct & Hospitality (0.99); Service Quality (0.94)
M Albilaluddin,2018,5,menyenangkan dan semoga semua hotel inna semakin keren ke depan nya amin,BUMN,Bintang 4,GrandInnaTunjungan,positive,0.9955536723136902,Facilities & Amenities,Facilities & Amenities (0.87); Guest Experience (0.77); Service Quality (0.75)
dadang hanafi,2019,5,sangat baik dan tmp nya strategis mhn tetap ditingkatkan layanan pelayanan nya ide bagus terima kasih,BUMN,Bintang 4,GrandInnaTunjungan,positive,0.9991360306739807,Service Quality,Service Quality (0.99); Service Efficiency & Responsiveness (0.97); Facilities & Amenities (0.96)
Wonder woman,2024,5,Lebih fleksibel hotelnya tengah kota lebih bagus,BUMN,Bintang 4,GrandInnaTunjungan,positive,0.9990668892860413,Facilities & Amenities,Facilities & Amenities (0.89); Sustainability & Environmental Quality (0.84); Service Efficiency & Responsiveness (0.73)
andy herawan,2017,4,"Bangunan terlihat tua, usang dan sedikit menakutkan dari luar tapi interiornya sebenarnya bagus.",BUMN,Bintang 4,GrandInnaTunjungan,positive,0.8371187448501587,Facilities & Amenities,Facilities & Amenities (0.90); Room Quality & Comfort (0.84); Sustainability & Environmental Quality (0.63)
Aryantiko Aje,2023,5,Hotel nyaman dengan harga terbaik lokasi terbaik juga masuk panas Surabaya,BUMN,Bintang 4,GrandInnaTunjungan,positive,0.9994277358055115,Pricing & Value for Money,Pricing & Value for Money (0.97); Facilities & Amenities (0.95); Room Quality & Comfort (0.87)
Bilel BBR,2019,5,Hotel luar biasa semua adalah kamar tidur sempurna meja kerja mandi lokasi sarapan sangat direkomendasikan,BUMN,Bintang 4,GrandInnaTunjungan,positive,0.9967653751373291,Facilities & Amenities,Facilities & Amenities (1.00); Room Quality & Comfort (1.00); Service Quality (0.98)
Pipip Doank,2019,4,Parkiran oke sip satu2 hotel ada masjid oke banget tokcer ke inna tunjungan,BUMN,Bintang 4,GrandInnaTunjungan,positive,0.9992081522941589,"Location, Accessibility & Parking","Location, Accessibility & Parking (0.98); Facilities & Amenities (0.97); Service Quality (0.84)"
Ria Meka,2019,4,nyaman makan nya enak dan pilihan menu sarapan pagi nya banyak,BUMN,Bintang 4,GrandInnaTunjungan,positive,0.9993854761123657,Facilities & Amenities,Facilities & Amenities (0.99); Service Quality (0.95); Room Quality & Comfort (0.94)
tri jatmiko,2022,5,Tempatnya enak bersih cocok untuk santai bersama keluarga,BUMN,Bintang 4,GrandInnaTunjungan,positive,0.9986470341682434,Family & Group Friendly,"Family & Group Friendly (1.00); Facilities & Amenities (0.99); Cleanliness, Hygiene & Maintenance (0.99)"
Dona Evlin,2022,5,walau hotel lama tapi bersih kamarnya oke lah,BUMN,Bintang 4,GrandInnaTunjungan,positive,0.9916173815727234,"Cleanliness, Hygiene & Maintenance","Cleanliness, Hygiene & Maintenance (0.98); Service Quality (0.98); Room Quality & Comfort (0.97)"
hery Aza,2018,4,Saya suka hotelnya bersih dan saat berada di jantung kota surabaya,BUMN,Bintang 4,GrandInnaTunjungan,positive,0.9994848966598511,Service Quality,"Service Quality (1.00); Cleanliness, Hygiene & Maintenance (1.00); Room Quality & Comfort (0.98)"
Yudhi Ardiyanto,2018,4,pelayanan baik tempat nyaman dan letaknya di pusat kota surabaya dekat dengan mall pusat bisnis bank dan perkantoran,BUMN,Bintang 4,GrandInnaTunjungan,positive,0.999474823474884,Room Quality & Comfort,Room Quality & Comfort (1.00); Facilities & Amenities (1.00); Service Quality (0.95)
DEDY SETYO OETOMO,2018,4,hotel nya bersih nyaman cuma air mandi nya kecil,BUMN,Bintang 4,GrandInnaTunjungan,positive,0.9907920360565186,Service Quality,"Service Quality (0.97); Facilities & Amenities (0.97); Cleanliness, Hygiene & Maintenance (0.93)"
Rahmawati Hamdani,2019,5,nyaman bersih menuunya banyak pilihan deket dengan tapi tidak macet disekitarnya,BUMN,Bintang 4,GrandInnaTunjungan,positive,0.9993890523910522,Facilities & Amenities,"Facilities & Amenities (0.97); Service Quality (0.96); Cleanliness, Hygiene & Maintenance (0.89)"
Ozie (ZAI),2022,4,Hotel lama tepat di seberang jalan dari Tunjungan Plaza 1 Vibe bagus meskipun fasilitas menunjukkan usianya,BUMN,Bintang 4,GrandInnaTunjungan,positive,0.9985215067863464,Facilities & Amenities,Facilities & Amenities (0.98); Ambience & Design (0.95); Service Quality (0.91)
Siswatieka Rahayu,2019,5,kamarnya keren bersih nyaman lengkap luarnya saat menu makanan enak,BUMN,Bintang 4,GrandInnaTunjungan,positive,0.9992971420288086,Facilities & Amenities,"Facilities & Amenities (1.00); Cleanliness, Hygiene & Maintenance (0.99); Room Quality & Comfort (0.99)"
abdul muis,2024,4,tempat ditengah kota dekat dengan mall tunjungan plaza tapi,BUMN,Bintang 4,GrandInnaTunjungan,positive,0.9992827773094177,Sustainability & Environmental Quality,Sustainability & Environmental Quality (0.79); Facilities & Amenities (0.72); Service Efficiency & Responsiveness (0.71)
Chandra Yusab,2017,3,sarapan bervariasi pagi dan enak stafnya ramah pelayanan baik tapi hotel sudah kuno,BUMN,Bintang 4,GrandInnaTunjungan,positive,0.9460296034812927,Food & Beverage,Food & Beverage (0.98); Service Quality (0.96); Staff Conduct & Hospitality (0.95)
amilu ira,2022,5,makanan enak cuma kmren daging lada hitamnya keasinan,BUMN,Bintang 4,GrandInnaTunjungan,positive,0.9895574450492859,Sustainability & Environmental Quality,Sustainability & Environmental Quality (0.73); Food & Beverage (0.70); Cultural & Heritage Experience (0.63)
Irfan F,2018,4,Hotel lama di surabaya tapi sekarang sudah di upgrade lobi besar enak buat ngobrol dan bertemu dengan teman lama,BUMN,Bintang 4,GrandInnaTunjungan,positive,0.9581016302108765,Facilities & Amenities,Facilities & Amenities (0.94); Service Efficiency & Responsiveness (0.78); Family & Group Friendly (0.76)
Moch Luthfie,2020,4,Angkringan yang buka malam saptu dan malam minggu sangat cocok buat cangrukan sama temen atau keluarga,BUMN,Bintang 4,GrandInnaTunjungan,positive,0.9968609809875488,Family & Group Friendly,Family & Group Friendly (1.00); Staff Conduct & Hospitality (0.93); Facilities & Amenities (0.93)
Ristomo AR,2023,5,legend hotel yang penuh kenangan meskipun ganti nama belakang dari grand inna simpang menjadi grand inna tunjungan,BUMN,Bintang 4,GrandInnaTunjungan,positive,0.9831947684288025,Cultural & Heritage Experience,"Cultural & Heritage Experience (0.55); Loyalty, Recommendation & Appreciation (0.38); Religious & Halal Features (0.25)"
Mitha Blora,2019,4,letaknya strategis pelayanannya memuaskan kamar bersih dan sesuai harapan,BUMN,Bintang 4,GrandInnaTunjungan,positive,0.9993100166320801,Service Quality,Service Quality (0.99); Guest Experience (0.99); Room Quality & Comfort (0.99)
Elia Yohan Yosefa,2025,5,salah satu hotel terbaik masuk surabaya,BUMN,Bintang 4,GrandInnaTunjungan,positive,0.9993650317192078,Service Quality,Service Quality (0.88); Sustainability & Environmental Quality (0.79); Facilities & Amenities (0.72)
Naon sih,2024,5,Bermalam disini karyawannya ramah ramah nyaman,BUMN,Bintang 4,GrandInnaTunjungan,positive,0.9988762736320496,Room Quality & Comfort,Room Quality & Comfort (0.99); Staff Conduct & Hospitality (0.98); Guest Experience (0.97)
Kansha billa,2022,4,bagus sih cm sekedar tissue slip sama keset saja gaada,BUMN,Bintang 4,GrandInnaTunjungan,positive,0.6308544874191284,Service Quality,"Service Quality (0.64); Cleanliness, Hygiene & Maintenance (0.56); Sustainability & Environmental Quality (0.55)"
yusrizal yafie,2023,4,sangat puas dengan layanan lokasi strategis dekat mall tapi dan alun2 surabaya,BUMN,Bintang 4,GrandInnaTunjungan,positive,0.9993420243263245,Service Quality,Service Quality (1.00); Facilities & Amenities (0.99); Guest Experience (0.97)
Hadziq RM Hadi,2019,4,Hotel ini cukup bagus dekat tapi bisa menggunakannya sebagai tempat alternatif untuk menginap dengan harga lebih murah,BUMN,Bintang 4,GrandInnaTunjungan,positive,0.9800042510032654,Pricing & Value for Money,Pricing & Value for Money (0.89); Facilities & Amenities (0.82); Sustainability & Environmental Quality (0.69)
Ivandervaliant,2021,4,Staff sangat ramah dan membantu kamar cukup nyaman dan harga sangat terjangkau,BUMN,Bintang 4,GrandInnaTunjungan,positive,0.999351441860199,Pricing & Value for Money,Pricing & Value for Money (1.00); Staff Conduct & Hospitality (0.99); Room Quality & Comfort (0.99)
A Abdurahman Somadinata,2022,5,hotel lama tapi sudah direnovasi lokasi pusat kota,BUMN,Bintang 4,GrandInnaTunjungan,positive,0.7145887613296509,Facilities & Amenities,Facilities & Amenities (0.82); Sustainability & Environmental Quality (0.81); Service Efficiency & Responsiveness (0.76)
Dewi Iwiks,2021,5,dekat tunjungan plaza hotel nyaman luas bersih staf ramah,BUMN,Bintang 4,GrandInnaTunjungan,positive,0.9993515610694885,Service Quality,Service Quality (0.99); Facilities & Amenities (0.98); Staff Conduct & Hospitality (0.98)
Rock Star_2,2018,5,kamar bersih luas deket pusat perbelanjaan tapi sarapan enak harga terjangkau,BUMN,Bintang 4,GrandInnaTunjungan,positive,0.9994238615036011,"Cleanliness, Hygiene & Maintenance","Cleanliness, Hygiene & Maintenance (0.99); Facilities & Amenities (0.99); Service Quality (0.98)"
Taufik Hudaya,2023,4,Hotel lama bersih dan staf sangat membantu hanya berjalan ke alun-alun Tunjungan,BUMN,Bintang 4,GrandInnaTunjungan,positive,0.9989983439445496,"Cleanliness, Hygiene & Maintenance","Cleanliness, Hygiene & Maintenance (1.00); Service Quality (1.00); Facilities & Amenities (0.99)"
fatchur rahman,2025,5,mantap pegawainya ramah dan amanah,BUMN,Bintang 4,GrandInnaTunjungan,positive,0.9993366599082947,Staff Conduct & Hospitality,"Staff Conduct & Hospitality (0.99); Loyalty, Recommendation & Appreciation (0.98); Service Quality (0.97)"
agus sugito,2024,5,rekomendasi hotel terbaik surabaya,BUMN,Bintang 4,GrandInnaTunjungan,positive,0.9992658495903015,Sustainability & Environmental Quality,"Sustainability & Environmental Quality (0.79); Loyalty, Recommendation & Appreciation (0.77); Service Quality (0.70)"
JOCKO '90,2019,5,hotel yang nyaman dengan fasilitas yang lengkap dan tarif yang terjangkau di pusat kota surabaya,BUMN,Bintang 4,GrandInnaTunjungan,positive,0.999127209186554,Facilities & Amenities,Facilities & Amenities (0.98); Pricing & Value for Money (0.96); Service Quality (0.91)
yudi firmansyah,2023,5,Hotel yang nyaman sangat bersih dan semua staf ramah baik,BUMN,Bintang 4,GrandInnaTunjungan,positive,0.9988064765930176,Service Quality,"Service Quality (0.99); Facilities & Amenities (0.98); Cleanliness, Hygiene & Maintenance (0.98)"
Andikbagus Fauzi,2018,5,hotel bagus lokasi tengah kota dengan bangunan penuh sejarah dari kota surabaya,BUMN,Bintang 4,GrandInnaTunjungan,positive,0.9992256164550781,Cultural & Heritage Experience,Cultural & Heritage Experience (0.91); Sustainability & Environmental Quality (0.77); Facilities & Amenities (0.74)
Tsurayya Maknun,2017,4,Suasananya bali banget tapi tetap ada masjid di sana nyaman dan terjangkau dekat dengan pusat kota,BUMN,Bintang 4,GrandInnaTunjungan,positive,0.9994105100631714,Facilities & Amenities,Facilities & Amenities (0.97); Ambience & Design (0.94); Room Quality & Comfort (0.90)
Jon M,2025,5,ingin balik lagi ke sini,BUMN,Bintang 4,GrandInnaTunjungan,positive,0.6815150380134583,"Cleanliness, Hygiene & Maintenance","Cleanliness, Hygiene & Maintenance (0.69); Cultural & Heritage Experience (0.68); Facilities & Amenities (0.65)"
Arif,2024,5,lokasi strategis dan pelayanan nya nyaman,BUMN,Bintang 4,GrandInnaTunjungan,positive,0.9994799494743347,Facilities & Amenities,Facilities & Amenities (0.99); Guest Experience (0.95); Service Efficiency & Responsiveness (0.93)
Ilya Mufidah,2023,5,Massage di hotel Grand Inna hotel di tengah kota Sby hotelnya bersih indah,BUMN,Bintang 4,GrandInnaTunjungan,positive,0.9991996884346008,"Cleanliness, Hygiene & Maintenance","Cleanliness, Hygiene & Maintenance (0.98); Service Quality (0.98); Facilities & Amenities (0.96)"
sunarto lanang,2019,5,makanannya enak namun penyajian makanan fan minumanannya lama sekali,BUMN,Bintang 4,GrandInnaTunjungan,negative,0.9279853701591492,Service Quality,Service Quality (0.88); Food & Beverage (0.88); Sustainability & Environmental Quality (0.68)
Rachmat Sutandar,2021,4,Lokasinya strategis tepat di jantung kota surabaya memudahkan untuk berkelana kota,BUMN,Bintang 4,GrandInnaTunjungan,positive,0.9992501139640808,Facilities & Amenities,"Facilities & Amenities (0.91); Service Efficiency & Responsiveness (0.73); Loyalty, Recommendation & Appreciation (0.67)"
Abdul Halim,2023,5,sangat strategis ke mall sgt dekat saat di kota tengah,BUMN,Bintang 4,GrandInnaTunjungan,positive,0.9993388056755066,Facilities & Amenities,"Facilities & Amenities (0.91); Sustainability & Environmental Quality (0.81); Loyalty, Recommendation & Appreciation (0.79)"
Annas abdillah,2022,5,hotel yang sudah tua beberapa hal perlu pembaruan salah satunya linen,BUMN,Bintang 4,GrandInnaTunjungan,neutral,0.9828692078590393,Facilities & Amenities,"Facilities & Amenities (0.87); Cleanliness, Hygiene & Maintenance (0.67); Sustainability & Environmental Quality (0.57)"
Suhariyadi Adi,2021,5,tempat bersih nyaman pelayanannya bagus dan dekat dengan tempat perbelanjaan,BUMN,Bintang 4,GrandInnaTunjungan,positive,0.9994680285453796,Facilities & Amenities,Facilities & Amenities (0.99); Room Quality & Comfort (0.99); Service Quality (0.99)
Wahidah Ita,2024,5,kami sangat puas dengan pelayanan yang di berikan,BUMN,Bintang 4,GrandInnaTunjungan,positive,0.9987762570381165,Service Quality,Service Quality (0.98); Guest Experience (0.97); Service Efficiency & Responsiveness (0.80)
Amalia Handayani,2023,5,lokasi strategis layanan juara kamar luas dan bersih,BUMN,Bintang 4,GrandInnaTunjungan,positive,0.9994408488273621,Service Quality,Service Quality (1.00); Room Quality & Comfort (1.00); Facilities & Amenities (0.99)
singgih andi,2022,4,hotel bagus kamar bersih pelayanan ramah,BUMN,Bintang 4,GrandInnaTunjungan,positive,0.9978863596916199,Room Quality & Comfort,"Room Quality & Comfort (0.99); Service Quality (0.99); Cleanliness, Hygiene & Maintenance (0.99)"
Alzidan Ambadar,2025,5,nyaman,BUMN,Bintang 4,GrandInnaTunjungan,positive,0.9836118817329407,"Cleanliness, Hygiene & Maintenance","Cleanliness, Hygiene & Maintenance (0.72); Sustainability & Environmental Quality (0.65); Guest Experience (0.60)"
Moch Hafifi Hafifi,2025,5,pelayanan baik,BUMN,Bintang 4,GrandInnaTunjungan,positive,0.9988773465156555,Service Quality,"Service Quality (1.00); Guest Experience (0.98); Cleanliness, Hygiene & Maintenance (0.94)"
Ucik Eunchie,2020,4,makanan dan minuman di restoran non buffet enak sering beli di restoran,BUMN,Bintang 4,GrandInnaTunjungan,positive,0.9988306164741516,Food & Beverage,Food & Beverage (0.99); Pricing & Value for Money (0.56); Service Quality (0.52)
Rendy D Sugiharto,2020,3,Tidak buruk tapi masih masuk perbaikan sarapan kurang variasi air panas kurang panas,BUMN,Bintang 4,GrandInnaTunjungan,positive,0.8397769331932068,Facilities & Amenities,Facilities & Amenities (0.92); Sustainability & Environmental Quality (0.87); Food & Beverage (0.83)
Syahrul Junaedi,2023,5,Salah satu hotel lama di Surabaya yang tetap bagus,BUMN,Bintang 4,GrandInnaTunjungan,positive,0.9975041747093201,Service Quality,"Service Quality (0.90); Sustainability & Environmental Quality (0.81); Cleanliness, Hygiene & Maintenance (0.80)"
iwan beckar,2019,5,Tempat strategis dekat mal pelayanan bagus menuunya juga oke,BUMN,Bintang 4,GrandInnaTunjungan,positive,0.9991567134857178,Service Quality,Service Quality (0.99); Facilities & Amenities (0.98); Food & Beverage (0.96)
Kamu Souvernir,2022,4,pulang ban mobil bocor 2 roda entah kenapa,BUMN,Bintang 4,GrandInnaTunjungan,negative,0.9975438714027405,Guest Experience,Guest Experience (0.60); Management & Policy Issues (0.53); Religious & Halal Features (0.52)
Handoyo Soehandaja,2022,5,Saya ada pertemuan 9j smpn 4 surabaya jadi lewati saja,BUMN,Bintang 4,GrandInnaTunjungan,neutral,0.9977880716323853,Check in/out Experience,Check in/out Experience (0.87); Guest Experience (0.74); Cultural & Heritage Experience (0.53)
qienzu cilegon,2021,5,berada di pusat kota surabaya kamar luas pelayanannya raman2,BUMN,Bintang 4,GrandInnaTunjungan,positive,0.9992592930793762,Service Quality,Service Quality (0.98); Guest Experience (0.96); Facilities & Amenities (0.89)
firvifly sa,2018,4,tempatnya strategis makanan enak kamar mandinya sayang kurang bersih,BUMN,Bintang 4,GrandInnaTunjungan,positive,0.9989405274391174,Facilities & Amenities,Facilities & Amenities (0.98); Service Quality (0.92); Food & Beverage (0.85)
Nyoman Suliana,2019,4,lokasi strategis deket tunjungan plaza harga bersahabat sarapan enak,BUMN,Bintang 4,GrandInnaTunjungan,positive,0.9994775652885437,Facilities & Amenities,Facilities & Amenities (0.97); Pricing & Value for Money (0.95); Service Efficiency & Responsiveness (0.87)
David Akbar,2020,5,tempatnya strategis banget bagus bersih tengah kota pula,BUMN,Bintang 4,GrandInnaTunjungan,positive,0.9991248250007629,"Cleanliness, Hygiene & Maintenance","Cleanliness, Hygiene & Maintenance (0.97); Sustainability & Environmental Quality (0.94); Facilities & Amenities (0.93)"
stefani soraya,2019,5,Ruang luas kamar nyaman dan bersih staf hotel yang baik sarapan lezat,BUMN,Bintang 4,GrandInnaTunjungan,positive,0.9993175268173218,Facilities & Amenities,Facilities & Amenities (1.00); Room Quality & Comfort (0.99); Service Quality (0.99)
Roro Wulandari,2022,4,walaupun hotel lama tapi masih terawat dan masih lumayan banyak tamunya,BUMN,Bintang 4,GrandInnaTunjungan,positive,0.8736849427223206,"Cleanliness, Hygiene & Maintenance","Cleanliness, Hygiene & Maintenance (0.95); Service Quality (0.90); Facilities & Amenities (0.83)"
Wisnu Wardana,2024,5,Pelayanannya bagus tempatnya bersih dan rapi dan pelayanannya ramah ramah,BUMN,Bintang 4,GrandInnaTunjungan,positive,0.9992272853851318,"Cleanliness, Hygiene & Maintenance","Cleanliness, Hygiene & Maintenance (1.00); Service Quality (1.00); Facilities & Amenities (0.99)"
Mariya Nov,2019,5,Waktu kesini saat ada acara workshop tempat pertemuannya luas bersih nyaman,BUMN,Bintang 4,GrandInnaTunjungan,positive,0.9991040825843811,Room Quality & Comfort,"Room Quality & Comfort (0.99); Facilities & Amenities (0.95); Cleanliness, Hygiene & Maintenance (0.95)"
Hadi Pangestu,2022,4,rasanya agak aneh soalnya ditarik ongkos parkir padahal antar tamu,BUMN,Bintang 4,GrandInnaTunjungan,negative,0.9961750507354736,Pricing & Value for Money,"Pricing & Value for Money (0.68); Location, Accessibility & Parking (0.61); Guest Experience (0.60)"
FAIZ FARIKI,2024,5,100 layanan penuh tempat terbaik nyaman bersih,BUMN,Bintang 4,GrandInnaTunjungan,positive,0.9990801811218262,Service Quality,Service Quality (0.99); Facilities & Amenities (0.99); Room Quality & Comfort (0.95)
Dave H,2023,5,staf ramah kamar bersih kamar besar lega cepat cek masuk dekat plaza tunjungan,BUMN,Bintang 4,GrandInnaTunjungan,positive,0.9993520379066467,Facilities & Amenities,Facilities & Amenities (0.99); Room Quality & Comfort (0.99); Guest Experience (0.98)
Achmad Farid Fanani,2023,5,enak tidak terlalu mahal nyaman tengah kota ramah,BUMN,Bintang 4,GrandInnaTunjungan,positive,0.9987776875495911,Facilities & Amenities,Facilities & Amenities (0.95); Pricing & Value for Money (0.94); Guest Experience (0.88)
Elsa Nurul,2017,4,kamar ckp baik ac dingin sekali hotel agk kecil disini tapi oke,BUMN,Bintang 4,GrandInnaTunjungan,positive,0.99397212266922,Room Quality & Comfort,Room Quality & Comfort (0.98); Service Quality (0.91); Guest Experience (0.84)
renggo wigati,2019,3,tempat bagus bersih nyaman syang petugas kurang ramah mecucu ae kurang senyum,BUMN,Bintang 4,GrandInnaTunjungan,negative,0.9880593419075012,Facilities & Amenities,"Facilities & Amenities (0.98); Room Quality & Comfort (0.97); Cleanliness, Hygiene & Maintenance (0.94)"
Eva Soentoro,2022,3,bangunan lama ruang makan sesak rame pelayanan jadi tidak maksimal,BUMN,Bintang 4,GrandInnaTunjungan,negative,0.9987899661064148,Food & Beverage,Food & Beverage (0.95); Guest Experience (0.91); Facilities & Amenities (0.90)
Billy vj,2021,2,Hotel bagus tapi AC sangat buruk tidak dingin sama sekali bahkan setelah mekanik melakukan layanan tidak akan tinggal masuk hotel ini lagi,BUMN,Bintang 4,GrandInnaTunjungan,negative,0.9990160465240479,Facilities & Amenities,Facilities & Amenities (0.88); Guest Experience (0.76); Service Quality (0.75)
Leonardo Dimas Cikarang,2025,5,Oke semua,BUMN,Bintang 4,GrandInnaTunjungan,positive,0.5768100023269653,"Cleanliness, Hygiene & Maintenance","Cleanliness, Hygiene & Maintenance (0.91); Facilities & Amenities (0.90); Sustainability & Environmental Quality (0.77)"
Ibnu Alam,2021,4,Hotel yang cukup indah namun dengan fasilitas lengkap dan harga yang wajar 5 10 menit berjalan kaki ke alun-alun Tunjungan,BUMN,Bintang 4,GrandInnaTunjungan,positive,0.9983025789260864,Facilities & Amenities,Facilities & Amenities (0.99); Pricing & Value for Money (0.99); Service Quality (0.96)
N. Eko Satriawan,2021,5,pelayanan memuaskan kamar nyaman dianjurkan,BUMN,Bintang 4,GrandInnaTunjungan,positive,0.998906135559082,Service Quality,Service Quality (0.99); Room Quality & Comfort (0.99); Guest Experience (0.99)
Agus Hartoyo,2024,5,tempat sangat strategis ditengah kota pahlawan,BUMN,Bintang 4,GrandInnaTunjungan,positive,0.9992545247077942,Facilities & Amenities,Facilities & Amenities (0.93); Cultural & Heritage Experience (0.81); Pricing & Value for Money (0.80)
Nikma Rosyidi,2020,5,Suka ada tempat untk berfoto mengabadikan saat terutama nuansa alami,BUMN,Bintang 4,GrandInnaTunjungan,positive,0.9978360533714294,Sustainability & Environmental Quality,Sustainability & Environmental Quality (0.84); Cultural & Heritage Experience (0.81); Facilities & Amenities (0.74)
Sunarto Miharjo,2023,5,nyaman dekat dengan mall perkantoran pemerintah,BUMN,Bintang 4,GrandInnaTunjungan,positive,0.9993122816085815,Facilities & Amenities,Facilities & Amenities (0.92); Room Quality & Comfort (0.88); Service Quality (0.86)
rangga adrian,2014,5,pengalaman yang menyenangkan di hotel pusat kota surabaya kopinya super,BUMN,Bintang 4,GrandInnaTunjungan,positive,0.9993436932563782,Guest Experience,Guest Experience (0.95); Service Quality (0.92); Food & Beverage (0.90)
Bisyamsi Moediarso,2017,4,Hotel yang nyediain spot sholat jumat nih soalnya punya mushola sendiri,BUMN,Bintang 4,GrandInnaTunjungan,positive,0.945786714553833,Religious & Halal Features,Religious & Halal Features (0.83); Facilities & Amenities (0.82); Service Quality (0.76)
Rafqi Nandi,2016,5,Sangat nyaman pelayanan bagus dan istri super cepat,BUMN,Bintang 4,GrandInnaTunjungan,positive,0.9993560910224915,Service Quality,Service Quality (1.00); Service Efficiency & Responsiveness (0.99); Facilities & Amenities (0.99)
The Jaifoo,2018,3,Lokasi bagus hotelnya tidak mahal hanya karena agak tua,BUMN,Bintang 4,GrandInnaTunjungan,positive,0.9973509311676025,Pricing & Value for Money,Pricing & Value for Money (0.88); Sustainability & Environmental Quality (0.78); Facilities & Amenities (0.65)
Pandu Kusumah,2019,4,Layanan yang bagus bersih kamar dan kamar mandi nya tolong disediakan sajadah di kamar,BUMN,Bintang 4,GrandInnaTunjungan,positive,0.9922240972518921,Service Quality,"Service Quality (1.00); Facilities & Amenities (1.00); Cleanliness, Hygiene & Maintenance (1.00)"
Renegade Laredo,2021,4,Hotel lawas ac di lantai 4 kurang dingin tapi pelayanan untuk stafnya no 1,BUMN,Bintang 4,GrandInnaTunjungan,negative,0.6811046600341797,Service Quality,Service Quality (0.98); Guest Experience (0.93); Staff Conduct & Hospitality (0.88)
Harun Dzulqar,2019,5,pengalaman yang sangat mantap dengan berenang di hotel ina dan menginap di kamar,BUMN,Bintang 4,GrandInnaTunjungan,positive,0.9983344674110413,Guest Experience,Guest Experience (0.98); Service Quality (0.89); Facilities & Amenities (0.88)
emi kurniati,2021,5,hotel ditengah pusat kota surabaya yang banyak menyimpan nilai sejarah,BUMN,Bintang 4,GrandInnaTunjungan,positive,0.9947260022163391,Cultural & Heritage Experience,"Cultural & Heritage Experience (0.91); Booking & Reservation Experience (0.61); Loyalty, Recommendation & Appreciation (0.61)"
Jemielka RoSa Channel,2019,4,cukup nyaman saat yang cari2 masakan nuansa lokal,BUMN,Bintang 4,GrandInnaTunjungan,positive,0.9965349435806274,Cultural & Heritage Experience,Cultural & Heritage Experience (0.89); Facilities & Amenities (0.87); Food & Beverage (0.79)
Ryo Af,2019,5,tempat yang sangat nyaman untuk beristirahat saat bepergian di surabaya lokasi di pusat kota,BUMN,Bintang 4,GrandInnaTunjungan,positive,0.9993960857391357,Room Quality & Comfort,Room Quality & Comfort (0.93); Facilities & Amenities (0.91); Family & Group Friendly (0.79)
Teguh pak'e VaBy,2023,5,hotelnya nyaman dekat pusat pertokoan,BUMN,Bintang 4,GrandInnaTunjungan,positive,0.9994452595710754,Facilities & Amenities,Facilities & Amenities (0.96); Room Quality & Comfort (0.94); Service Quality (0.94)
Fajar Rasyid Wisudawan,2022,5,tempatnya bagus dan tak terhitung ketepatan bukber paket 80rb an,BUMN,Bintang 4,GrandInnaTunjungan,positive,0.9978221654891968,Room Quality & Comfort,Room Quality & Comfort (0.98); Facilities & Amenities (0.98); Pricing & Value for Money (0.94)
novita wasisa,2019,5,bersih nyaman pelayanannya ramah seperti di grand inna jogjakarta memuaskan,BUMN,Bintang 4,GrandInnaTunjungan,positive,0.9993810653686523,Service Quality,Service Quality (1.00); Guest Experience (1.00); Facilities & Amenities (0.99)
lien nuri,2020,4,hotel lama berdandan cantik di antara pesaing dengan hotel2 baru di kota surabaya,BUMN,Bintang 4,GrandInnaTunjungan,positive,0.9573646187782288,Ambience & Design,"Ambience & Design (0.64); Cleanliness, Hygiene & Maintenance (0.59); Service Quality (0.54)"
Faiz Keyko,2021,5,rekomend buat acara seminar apalagi ada jajanan dari 5rb an lho,BUMN,Bintang 4,GrandInnaTunjungan,positive,0.999029278755188,Food & Beverage,"Food & Beverage (0.92); Pricing & Value for Money (0.74); Loyalty, Recommendation & Appreciation (0.56)"
kelik y Wibisono,2019,4,Hotel yang bagus bersih nyaman layanan yang baik dan keramahan perhatian daripada ramah,BUMN,Bintang 4,GrandInnaTunjungan,positive,0.9989233613014221,Facilities & Amenities,Facilities & Amenities (0.99); Service Efficiency & Responsiveness (0.99); Service Quality (0.99)
MUHSIN MOH,2021,4,pelayanan d kondisi hotel sngat memuaskan,BUMN,Bintang 4,GrandInnaTunjungan,positive,0.9989174604415894,Service Quality,Service Quality (0.99); Guest Experience (0.98); Facilities & Amenities (0.96)
Supri Bobo,2018,5,pegawai ramah kondisi hotel nyaman dan menu srpn nya manteb,BUMN,Bintang 4,GrandInnaTunjungan,positive,0.9993489384651184,Facilities & Amenities,Facilities & Amenities (1.00); Staff Conduct & Hospitality (0.99); Service Quality (0.99)
Syarif Farm Hidroponik,2018,5,Hotel bagus baru ustadz deddi noerdiawan pernah seperti paytren disini,BUMN,Bintang 4,GrandInnaTunjungan,positive,0.9970583915710449,Service Quality,Service Quality (0.93); Pricing & Value for Money (0.64); Room Quality & Comfort (0.61)
Audida Winner,2019,5,kesini saat buka bersama bulan puasa makanan cukup baik,BUMN,Bintang 4,GrandInnaTunjungan,positive,0.997639536857605,Food & Beverage,Food & Beverage (0.93); Family & Group Friendly (0.91); Guest Experience (0.86)
Imam Syahyudi,2022,4,Restoran nya kurang orang secara keseluruhan oke laah,BUMN,Bintang 4,GrandInnaTunjungan,positive,0.6822666525840759,Food & Beverage,Food & Beverage (0.89); Service Quality (0.80); Sustainability & Environmental Quality (0.80)
Jojo Ananda,2022,5,Hotel yang ramah staf pemandangan yang bagus dengan kolam renang,BUMN,Bintang 4,GrandInnaTunjungan,positive,0.9992840886116028,Facilities & Amenities,Facilities & Amenities (0.99); Service Quality (0.99); Guest Experience (0.96)
Minto Ppic,2022,5,layanan dan layanan mantab letak di pusat kota lingkungan baik dan fantastis,BUMN,Bintang 4,GrandInnaTunjungan,positive,0.9993258714675903,Facilities & Amenities,Facilities & Amenities (1.00); Sustainability & Environmental Quality (0.99); Service Quality (0.99)
Srisukestri Endangharganingsih,2018,4,memuaskan tempatnya strategis dan keamanan kenyamanan kebersihan boleh dibanggakan,BUMN,Bintang 4,GrandInnaTunjungan,positive,0.9992982149124146,Room Quality & Comfort,Room Quality & Comfort (1.00); Safety & Security (1.00); Facilities & Amenities (0.99)
Indra Wati,2016,5,Tarif makanan murah enak mskipun tidak murah pelayanan cepat akses kemana2 mudah,BUMN,Bintang 4,GrandInnaTunjungan,positive,0.9989722967147827,Service Efficiency & Responsiveness,Service Efficiency & Responsiveness (0.98); Facilities & Amenities (0.96); Service Quality (0.95)
Adzka galery,2018,4,hotel bagus bersih masjid atau lokasi sholatnya saja agak jauh,BUMN,Bintang 4,GrandInnaTunjungan,positive,0.9984855055809021,Service Quality,"Service Quality (0.96); Cleanliness, Hygiene & Maintenance (0.94); Facilities & Amenities (0.88)"
Maulina Mangunsong,2018,5,sarapan paginya enak hotel bersih dan nyaman karyawannya ramah,BUMN,Bintang 4,GrandInnaTunjungan,positive,0.9992830157279968,Service Quality,"Service Quality (0.99); Cleanliness, Hygiene & Maintenance (0.99); Room Quality & Comfort (0.98)"
R Anha Zulpadli,2019,5,Layanan yang disarankan semua staf sangat ramah kualitan layanan bagus makanan enak,BUMN,Bintang 4,GrandInnaTunjungan,positive,0.996547520160675,Service Quality,Service Quality (1.00); Guest Experience (0.99); Staff Conduct & Hospitality (0.99)
Agus Budi Santoso,2019,5,Pelayanan sangat bagus cepat ramah kamar bersih rapi kamar mandi bersih lumayan bagus,BUMN,Bintang 4,GrandInnaTunjungan,positive,0.9991266131401062,Guest Experience,Guest Experience (1.00); Service Quality (1.00); Service Efficiency & Responsiveness (0.99)
Yoo Nii,2022,1,Saya tidak tahu harus komen apa bangunan yang bagus dengan pelayanan yang sangat harus ditingkatkan,BUMN,Bintang 4,GrandInnaTunjungan,negative,0.9881228804588318,Guest Experience,Guest Experience (0.41); Facilities & Amenities (0.33); Management & Policy Issues (0.32)
Candra Adi Putra,2019,5,Hotel yang cukup mewah dan nyaman untuk perjalanan bisnis Anda,BUMN,Bintang 4,GrandInnaTunjungan,positive,0.9978487491607666,Facilities & Amenities,Facilities & Amenities (0.97); Room Quality & Comfort (0.97); Service Quality (0.88)
Dhinda Cendera Tresna,2021,4,Buku ini membuat menu baru dikitt heheh rasa lumayan,BUMN,Bintang 4,GrandInnaTunjungan,positive,0.8318708539009094,Food & Beverage,Food & Beverage (0.68); Service Quality (0.48); Sustainability & Environmental Quality (0.47)
Sjahrul Botutihe,2018,5,Cobalah menginap di hotel ini dan kau akan menemukan tempat yang nyaman,BUMN,Bintang 4,GrandInnaTunjungan,positive,0.9976199269294739,Facilities & Amenities,Facilities & Amenities (0.96); Guest Experience (0.95); Room Quality & Comfort (0.86)
Samsi Dimastita,2019,5,Tempat yang nyaman seperti kredit bintang 5 kesan mewah di dalam baru,BUMN,Bintang 4,GrandInnaTunjungan,positive,0.9985674619674683,Room Quality & Comfort,Room Quality & Comfort (0.99); Facilities & Amenities (0.98); Guest Experience (0.97)
Hendra Setya,2019,4,Mall Tunjungan di depan mata tapi nyeberang jalannya ngeri mobil motor pada kencang lajunya,BUMN,Bintang 4,GrandInnaTunjungan,negative,0.9436870813369751,Facilities & Amenities,Facilities & Amenities (0.96); Guest Experience (0.80); Pricing & Value for Money (0.73)
Katanya Manajer,2020,5,strategis pusat kota kamarnya gede ada kolam renang nya,BUMN,Bintang 4,GrandInnaTunjungan,positive,0.9993612170219421,Facilities & Amenities,Facilities & Amenities (0.99); Sustainability & Environmental Quality (0.75); Room Quality & Comfort (0.74)
Ayu Halim,2021,5,lokasi hotel yang mudah di jangkau oleh angkutan umum seperti bus suroboyo,BUMN,Bintang 4,GrandInnaTunjungan,positive,0.9957558512687683,Service Efficiency & Responsiveness,"Service Efficiency & Responsiveness (0.85); Location, Accessibility & Parking (0.80); Family & Group Friendly (0.71)"
Rofe Saida,2022,4,kesini cuma saat sarapan di hari minggu di area parkir hotel,BUMN,Bintang 4,GrandInnaTunjungan,neutral,0.8529321551322937,Sustainability & Environmental Quality,Sustainability & Environmental Quality (0.79); Food & Beverage (0.65); Service Quality (0.59)
Izhar Azhar,2019,4,mayan lah kamar mulai 550rb karyawan sangat ramah dan membantu,BUMN,Bintang 4,GrandInnaTunjungan,positive,0.9958707690238953,Staff Conduct & Hospitality,Staff Conduct & Hospitality (0.96); Room Quality & Comfort (0.91); Service Efficiency & Responsiveness (0.91)
Bram Azm,2019,4,Ya begitulah sayangnya kamar mandinya bukan yang mandi tapi begitu,BUMN,Bintang 4,GrandInnaTunjungan,negative,0.9906118512153625,Sustainability & Environmental Quality,Sustainability & Environmental Quality (0.51); Religious & Halal Features (0.48); Service Quality (0.48)
Rusmiati Rustamar,2022,5,hotel nya baguss kualitas nya nyamaan,BUMN,Bintang 4,GrandInnaTunjungan,positive,0.9990795850753784,Service Quality,"Service Quality (0.96); Sustainability & Environmental Quality (0.92); Cleanliness, Hygiene & Maintenance (0.83)"
Sibro Mulis Muhammad,2018,5,hotel lama tapi nyaman deket pusat perbelanjaan tapi,BUMN,Bintang 4,GrandInnaTunjungan,positive,0.9990429282188416,Facilities & Amenities,"Facilities & Amenities (0.96); Room Quality & Comfort (0.92); Cleanliness, Hygiene & Maintenance (0.86)"
Achmad Hendra Suryadi,2021,5,hotel sangat nyaman bersih dan pelayanan bagus,BUMN,Bintang 4,GrandInnaTunjungan,positive,0.9993032217025757,Service Quality,"Service Quality (1.00); Facilities & Amenities (0.99); Cleanliness, Hygiene & Maintenance (0.98)"
ilham wahyudi,2022,4,tempat strategis di kota tengah dan dekat pusat perbelanjaan,BUMN,Bintang 4,GrandInnaTunjungan,positive,0.9991428852081299,Facilities & Amenities,Facilities & Amenities (0.91); Pricing & Value for Money (0.82); Sustainability & Environmental Quality (0.79)
Pro Creative,2019,5,Ada fasilitas cetak kolam renang sarapan bervariasi alhamdulillah puas,BUMN,Bintang 4,GrandInnaTunjungan,positive,0.9983274340629578,Facilities & Amenities,Facilities & Amenities (0.96); Service Quality (0.85); Food & Beverage (0.80)
Rini Danarati,2021,5,Layanan yang menyenangkan baik staf yang sangat sopan berharap suatu hari akan kembali lagi terima kasih,BUMN,Bintang 4,GrandInnaTunjungan,positive,0.9932548999786377,Staff Conduct & Hospitality,Staff Conduct & Hospitality (1.00); Guest Experience (1.00); Service Quality (1.00)
Ms Mardiana,2019,4,hotel standar bintang 4 pelayanan ramah dan mengesankan,BUMN,Bintang 4,GrandInnaTunjungan,positive,0.998881995677948,Service Quality,Service Quality (0.99); Guest Experience (0.99); Staff Conduct & Hospitality (0.98)
harisss,2025,1,Pengalaman terburuk pernah wifi upload speed nya sangat lelet kamar tidak kedap suara dari luar lalu lintas berisik dan masuk ke dalam kamar tidak ada peredam sama sekali membuat tidur tidak nyaman mana jalan nya berisik juga tapi kamar masij menembus suaranya dri luar,BUMN,Bintang 4,GrandInnaTunjungan,negative,0.9975670576095581,Guest Experience,Guest Experience (0.61); Digital Connectivity & Technology (0.45); Service Quality (0.43)
Arie Wibowo,2025,1,untuk hotel bintang 4 saya rasa kualitas kamar tertingginya sangat sangat sederhana sekali pelayannanya lemot butuh dua tiga kali telepon buat pinjem 1 piring kosong doang cuman menang lokasi karena di pusat kota saja,BUMN,Bintang 4,GrandInnaTunjungan,positive,0.6644245386123657,Service Quality,Service Quality (0.98); Facilities & Amenities (0.84); Guest Experience (0.82)
Ady Setyawan (Ady Xavier),2025,1,pertanyaan buat manajemen hotel kenapa ojol jaketx harus dilepas apa kita sopir begitu menjijikankah membuat pelanggan risih dengan kita untuk ojol sekalian saja ojol dilarang masuk biar g usah memesan makanan online jika memang g menghargai kerja seorang sopir ojol,BUMN,Bintang 4,GrandInnaTunjungan,negative,0.9989099502563477,Management & Policy Issues,Management & Policy Issues (0.85); Food & Beverage (0.44); Guest Experience (0.44)
Sand Vich,2025,1,Saya menginap pada tanggal 21 Februari di kamar 314 tidak diizinkan mengisi ulang udara putih saat malam hari mandi nya kurang panas dan AC nya sulit untuk mengatur,BUMN,Bintang 4,GrandInnaTunjungan,negative,0.9978681802749634,Facilities & Amenities,Facilities & Amenities (0.91); Guest Experience (0.77); Sustainability & Environmental Quality (0.74)
Hardiftio Deomaga,2025,1,Hari ini saya bersama dari nenek ibu tunjungan dan setelah saya makan diluar lalu saya teringat jaket saya masih tertinggal di kamar dan saya kembali lagi ke ibu untuk memastikan dan ternyata jaket saya tidak ada namun pihak housekeeping juga tidak memberi tahu siapa yang membersihkan semoga kali lain bisa memberi kepercayaan dan kenyamanan terhadap tamu karena saya memang sudah beberapa kali menginap di ibu dan baru kali ini kecewa karena kehilangan jaket di hotel padahal jaket itu pemberian kakak saya,BUMN,Bintang 4,GrandInnaTunjungan,negative,0.9913921356201172,Staff Conduct & Hospitality,Staff Conduct & Hospitality (0.85); Guest Experience (0.79); Complaint Handling & Service Recovery (0.66)
Anisa Holi,2025,1,buka puasa bersama di hotel yang katanya bintang 4 tapi kek kondangan di rumah org diinfo tempat bukbernya di latar hotel saat hari h jadi tidak punya pilihan alasannya karena membludaknya permintaan ternyata di dalam dipakai untuk pernikahan setau saya biasanya hukber di hotel itu disambut diarahkan mejanya di mana ini tidak malah g ada arahan sekali makanannya pada habis saat di jam tidak lgsg direfill semua org makan pada kebingungan parahnya menunggu refill minum pun lama banget kasian banget lo orang2 mau buka puasa minum saja kurang2 sangat tidak dianjurkan jika mau buka buku bukber memperbaiki tidak disini deh bener2 nyesel,BUMN,Bintang 4,GrandInnaTunjungan,negative,0.994051992893219,Guest Experience,Guest Experience (0.79); Booking & Reservation Experience (0.66); Food & Beverage (0.61)
Enik Idawati,2025,1,sangat tidak direkomendasikan untuk buku seperti pasar malam harga per pax 125 tapi kayak angkringan makanan telat diresmikan buku di halaman hotel ternyata sudah banyak yang ulas tidak ada perbaikan,BUMN,Bintang 4,GrandInnaTunjungan,negative,0.9977896213531494,Food & Beverage,Food & Beverage (0.34); Pricing & Value for Money (0.32); Religious & Halal Features (0.31)
finding mrone,2025,1,hari ini mencoba paket buka bersama semua yang bisa dimakan seharga 125rb pack tapi cuma kebagian makan nasi sama tahu saja ini mah bukan semua yang bisa dimakan doang udah kaya pembagian sembako rebutan siapa cepat bisa makanan kosong lama banget di refill keburu kenyang makan angin dikasih tempat di luar dekat tangga sama pintu apa itu orang2 lalu lalang saat lagi makan tidak nyaman saat membaca ulasan ternyata sudah dari tahun lalu kaya gitu dan tidak ada perbaikan memperbaiki makan tempat lain saja tidak rekomen,BUMN,Bintang 4,GrandInnaTunjungan,negative,0.9978076815605164,Guest Experience,Guest Experience (0.87); Check in/out Experience (0.85); Facilities & Amenities (0.82)
Akram Wahyu,2025,1,Kamarnya kotor stafnya tidak ramah dan tidak bisa berbahasa Inggris,BUMN,Bintang 4,GrandInnaTunjungan,negative,0.9992341995239258,Guest Experience,Guest Experience (0.94); Facilities & Amenities (0.89); Service Quality (0.82)
Sasya Idah,2025,1,makanannya tidak di isi lagi kosong masih lapar padahal hotel di tengah kota tapi sangat tidak dianjurkan untuk bukber alioucaneat sangat tidak bagus menyesal saya,BUMN,Bintang 4,GrandInnaTunjungan,negative,0.9988229870796204,Food & Beverage,Food & Beverage (0.89); Guest Experience (0.71); Religious & Halal Features (0.67)
Soni Sulistomo,2025,1,kamarnya panas tidak enak banget sudah memanggil orang buat dinginin masih saja panas nyesel banget,BUMN,Bintang 4,GrandInnaTunjungan,negative,0.9990905523300171,Guest Experience,Guest Experience (0.77); Booking & Reservation Experience (0.61); Facilities & Amenities (0.59)
Elvira Rosalia,2025,1,bukbernya tidak merekomendasikan ditaruh dihalaman tidak jelas makanan tidak sesuai di daftar pegawai lemot pelayanannya makan hbs g di refil air langka,BUMN,Bintang 4,GrandInnaTunjungan,negative,0.9991711378097534,Guest Experience,Guest Experience (0.68); Booking & Reservation Experience (0.60); Management & Policy Issues (0.53)
afrizilla yulika hanifah,2023,1,Baru jam 9 sarapan uda pada abis refil 2 botol air putih ditegor pdhl nasi saja g makan orang sisa2 dan dingin pelit kebangetan tidak akan ngulang ke 2x terima kasih memperbaiki cari hotel lain bestiee,BUMN,Bintang 4,GrandInnaTunjungan,negative,0.7975950837135315,Food & Beverage,Food & Beverage (0.88); Pricing & Value for Money (0.69); Service Quality (0.66)
Budi Christanto,2019,1,harga relatif sangat mahal untuk hotel sekelasnya ukuran kamar termasuk sempit dan plafon rendah yang paling parah adalah pelayan hotel yang rata rata tidak menyenangkan sok ramah buatan palsu ngomong sekenanya tampilan tidak bersih tidak rapi seragam pelayan hotel norak berupa t shirt lift sangat sangat sangat sesak,BUMN,Bintang 4,GrandInnaTunjungan,negative,0.9992619156837463,Facilities & Amenities,Facilities & Amenities (0.88); Pricing & Value for Money (0.87); Ambience & Design (0.81)
Hends Ten's,2023,1,hotel lama tapi dipusat kota kamarnya kurang bersih dan kurang lengkap masa keset kamar mandi harus minta tisu juga tidak ada temlat sampah juga tidak ada sarapan pagi juga tidak ada enak2 nya,BUMN,Bintang 4,GrandInnaTunjungan,negative,0.9977269768714905,Facilities & Amenities,"Facilities & Amenities (0.95); Service Quality (0.74); Cleanliness, Hygiene & Maintenance (0.70)"
Abdul Aziz,2025,1,Sepertinya aku tidak mendapatkan maklum aku masih punya orang banyak normal kok ada 1 orang temanku masih punya,BUMN,Bintang 4,GrandInnaTunjungan,negative,0.9615210890769958,Guest Experience,Guest Experience (0.44); Family & Group Friendly (0.40); Religious & Halal Features (0.39)
panda item,2024,1,Hati hati klu nginap di hotel ini dan jalan2 di malam hari karena semalam pelanggan saya menginap di sini dan di jambret di depan hotel dan uangnya di ambil berarti keamanan di hotel dpn pun juga tidak ada,BUMN,Bintang 4,GrandInnaTunjungan,negative,0.9970439076423645,Guest Experience,Guest Experience (0.75); Pricing & Value for Money (0.62); Booking & Reservation Experience (0.50)
Kop Chanel,2024,1,Tidak merekomendasikan buat buku berbayarnya mahal tapi ngisi makanannya lama dan sedikit dari pada nyesel memperbaiki tidak usah bukber sini csri tempat lain saja mengecewakan,BUMN,Bintang 4,GrandInnaTunjungan,negative,0.9941773414611816,Pricing & Value for Money,Pricing & Value for Money (0.87); Food & Beverage (0.79); Service Quality (0.72)
Agam Trans,2023,1,order 1 bad d kasih ganda panas panas air tidak dingin pingin pindah kamar tidak d perkenankan kapok dan kecewa dah,BUMN,Bintang 4,GrandInnaTunjungan,negative,0.999254047870636,Facilities & Amenities,Facilities & Amenities (0.98); Personalized & Special Services (0.95); Service Quality (0.95)
Said Ahmad,2025,1,tidak ramah terhadap ojek online masak masuk halaman hotel disuruh copot jaket,BUMN,Bintang 4,GrandInnaTunjungan,negative,0.99765944480896,Guest Experience,Guest Experience (0.87); Facilities & Amenities (0.79); Food & Beverage (0.70)
Oshi Rini,2017,1,hotel bintang 4 tapi ko ko reservasi nya kacau gt ud telpon buat reservasi 2 malem eh saat datang bilang nya kamar penuh belum iklan reservasi kalau rumah saya deket sini mah y mudah pulang nya lah ini kan jauh bu tidak sesuai ma bintang nya,BUMN,Bintang 4,GrandInnaTunjungan,negative,0.9977191090583801,Booking & Reservation Experience,Booking & Reservation Experience (0.73); Guest Experience (0.55); Management & Policy Issues (0.45)
Gilang Kharisma,2025,1,pelayanan buruk kamat kasur buruk tidak nyaman hanya lokasi nya yang bagus,BUMN,Bintang 4,GrandInnaTunjungan,negative,0.9945144653320312,Guest Experience,Guest Experience (0.98); Facilities & Amenities (0.98); Service Quality (0.95)
Jason Che,2025,1,Sangat sangat bising masuk kamar bahkan setelah tengah malam karena jalan utama tidak mungkin untuk tidur,BUMN,Bintang 4,GrandInnaTunjungan,negative,0.9964806437492371,Facilities & Amenities,Facilities & Amenities (0.74); Guest Experience (0.67); Sustainability & Environmental Quality (0.65)
Yoo Nii,2022,1,Saya tidak tahu harus komen apa bangunan yang bagus dengan pelayanan yang sangat harus ditingkatkan,BUMN,Bintang 4,GrandInnaTunjungan,negative,0.9881187081336975,Guest Experience,Guest Experience (0.40); Facilities & Amenities (0.33); Management & Policy Issues (0.32)
mancing mancing,2020,1,memesan makanan gojek tidak boleh ke lobi hotel tidak kelas,BUMN,Bintang 4,GrandInnaTunjungan,negative,0.9923840165138245,Food & Beverage,Food & Beverage (0.76); Safety & Security (0.69); Management & Policy Issues (0.68)
gus ali,2019,1,perugasnya kurang koordinasi antara bagin boking dang resfsionisnya,BUMN,Bintang 4,GrandInnaTunjungan,negative,0.9260683059692383,Booking & Reservation Experience,Booking & Reservation Experience (0.91); Facilities & Amenities (0.87); Pricing & Value for Money (0.85)
Slamet Suprapto,2024,1,lokasi strategis nyaman,BUMN,Bintang 4,GrandInnaTunjungan,positive,0.9992225170135498,Family & Group Friendly,Family & Group Friendly (0.84); Facilities & Amenities (0.82); Sustainability & Environmental Quality (0.82)
Ubaidillah Assalabi,2024,1,Tuanku musik live adalah sampah,BUMN,Bintang 4,GrandInnaTunjungan,negative,0.9878807067871094,Pricing & Value for Money,Pricing & Value for Money (0.29); Guest Experience (0.17); Management & Policy Issues (0.16)
Ephin,2022,1,Hotel lama sarapan buruk dan kotor,BUMN,Bintang 4,GrandInnaTunjungan,negative,0.9994012117385864,Food & Beverage,Food & Beverage (0.97); Guest Experience (0.92); Booking & Reservation Experience (0.73)
Dear Firnanda,2023,1,pelayanan sangat tidak ramah,BUMN,Bintang 4,GrandInnaTunjungan,negative,0.9993745684623718,Guest Experience,Guest Experience (0.95); Facilities & Amenities (0.75); Check in/out Experience (0.63)
aries jhoon,2017,1,pelayanan nya payah,BUMN,Bintang 4,GrandInnaTunjungan,negative,0.9992677569389343,Guest Experience,Guest Experience (0.70); Management & Policy Issues (0.67); Facilities & Amenities (0.56)
Aria Pandu,2019,1,jelek,BUMN,Bintang 4,GrandInnaTunjungan,negative,0.998528242111206,Facilities & Amenities,Facilities & Amenities (0.67); Pricing & Value for Money (0.53); Religious & Halal Features (0.44)
GANGSETAN MOVEMENT,2021,1,buruk,BUMN,Bintang 4,GrandInnaTunjungan,negative,0.997519314289093,Facilities & Amenities,Facilities & Amenities (0.60); Food & Beverage (0.54); Pricing & Value for Money (0.53)
Nafisah Rahman,2022,1,layanan buruk,BUMN,Bintang 4,GrandInnaTunjungan,negative,0.998957633972168,Guest Experience,Guest Experience (0.86); Management & Policy Issues (0.62); Facilities & Amenities (0.51)
nazrul effendy abdullah,2023,1,Semua harus bayar tidak disediakan setrika ac kamar panas dan tidak kencang makanannya tidak enak minta semangkuk pun harus kena muatan 10 0 rupiah ini terakhir kali kesini,BUMN,Bintang 4,GrandInnaTunjungan,negative,0.9721254706382751,Facilities & Amenities,Facilities & Amenities (0.95); Pricing & Value for Money (0.92); Guest Experience (0.80)
yash tamrakar,2025,2,Ada nyamuk masuk ke kamar yang tidak memungkinkan kita tidur sama sekali pada malam pertama meskipun kemudian mereka merawatnya menggunakan semprotan tapi tampaknya 1 malam terbuang benar-benar sangat serius perhatian adalah bahwa ada kelelawar bergerak di sekitar masuk kolam renang menyentuh air setiap saat dan kemudian saya meminta untuk kamar yang tenang yang mereka berikan di sisi belakang hotel tetapi tampaknya ada klub disko di dekatnya dan musik meledak sampai 4 am tidak baik jika Anda tidur ringan seperti saya tidak akan merekomendasikan lokasi yang baik banyak tempat untuk menjelajahi toko-toko di dekatnya,BUMN,Bintang 4,GrandInnaTunjungan,negative,0.9933497309684753,Facilities & Amenities,Facilities & Amenities (0.98); Check in/out Experience (0.81); Guest Experience (0.80)
Annisa Dian,2025,2,menginap dari 2 april sampai 6 april selalu langganan setiap tahun kesini saat lebaran atau kesempatan tertentu tapi tahun ini penuh kekecewaan kamar dapet kamar 502 itu ac bolak balik tidak dingin dan saluran wastafel mampet sarapan bolak balik abis terus makananya juga tidak enak stasiun live telur mbak nya lama banget masaknya kenapa tidak masak yang banyak terus orang yang tidak minta variasi bisa lgsg ambil tahun lalu makananya perasaan enak sekarang semakin tidak karu2an untuk karyawan nya ramah2 bell boy resepsi room service semua ramah manajemen dan baik2 lebih ke restorannya apa sih kepala chef atau kirchen nya ganti,BUMN,Bintang 4,GrandInnaTunjungan,negative,0.9985606074333191,Guest Experience,Guest Experience (0.59); Facilities & Amenities (0.57); Staff Conduct & Hospitality (0.49)
Oliver Nordin,2025,2,buruk sangat buruk suara isolasi suara keras dari Stet 24 7 saya tidak diizinkan di sarapan buffet karena mereka hanya memungkinkan pasangan dan keluarga ketika saya memesan sarapan ke kamar saya pada 9 mereka datang mengetuk pintu saya 06 15 hari yang lain ketika saya tidak menentukan waktu mereka datang mengetuk 05 45 saya tidak tahu mengapa mereka membangunkan saya begitu dini mahal laundry 385 0 untuk kantong plastik kecil tempat kamar yang baik bersih lain kali saya akan memesan hotel lain,BUMN,Bintang 4,GrandInnaTunjungan,negative,0.9987072944641113,Facilities & Amenities,Facilities & Amenities (0.91); Service Quality (0.89); Family & Group Friendly (0.87)
Heru Djatmika,2025,2,pesan lewat online superior ganda saat cek masuk diberi superior kembar dan tidak ada tangannya teh hanya 1 kopi tidak ada harus nelpon dulu dan minta haduh semoga kedepan menjadi lebih baik dan lebih pasti,BUMN,Bintang 4,GrandInnaTunjungan,neutral,0.9050633907318115,Service Efficiency & Responsiveness,Service Efficiency & Responsiveness (0.92); Personalized & Special Services (0.92); Service Quality (0.92)
Rani Purwati,2024,2,Lokasinya strategis bangunan tua tapi masih lumayan terawat sayangnya saya dapat kamar no 525 yang view nya ketutupan sama pagar2 bagunan jadi menghalangi pemandangan kota pdahal sudah request sebelumnya karena lokasinya dipusat kota jadi lumayan bising suaranya sinyal wifi kurang bagus tv banyak semutnya,BUMN,Bintang 4,GrandInnaTunjungan,negative,0.9093937277793884,Facilities & Amenities,Facilities & Amenities (0.65); Digital Connectivity & Technology (0.50); Service Quality (0.48)
Jasmine,2024,2,pengalaman tidak terlupakan bagaimana tidak kami mengalami kendala kamar mandi lebih parah lagi WC tidak dapat digunakan saat liburan lebaran tanggal 30 april 2023 pagi saat saat saat akan menggunakan kamar mandi ternyata udara mati tidak lama kemudian air toilet blebek2 naik anehnya tidak ada solusi dan permintaan maaf dari manajemen hanya teknisi saja yang mengabarkan adanya kendala kebocoran dan sedang diperbaiki oh ayo ini kendala yang sangat serius mereka bersikap seolah tidak ada apa2 resepsiis sibuk sendiri tidak ada yang membantu kami memberikan toilet padahal saat ini kami mengambil 3 kamar dan itu akan memeriksa sampai saya harus lari ke lobi,BUMN,Bintang 4,GrandInnaTunjungan,negative,0.998996913433075,Complaint Handling & Service Recovery,Complaint Handling & Service Recovery (0.94); Guest Experience (0.78); Booking & Reservation Experience (0.66)
dian handayani,2025,2,soal buku tgl 28 maret sangat tidak menyenangkan pelayanannya kurang banget tidak sesuai dengan taraf hotel bintang 4 buat mengisi ulang makanannya lambat minum saja juga rasanya terbatas,BUMN,Bintang 4,GrandInnaTunjungan,negative,0.9992936849594116,Guest Experience,Guest Experience (0.86); Food & Beverage (0.79); Facilities & Amenities (0.63)
Ike Yanes,2024,2,nilai plusnya staf responsif dan posisi hotel yang strategis nilai minususnya makanan tidak ada variasi sama skl dikamar 405 dan 407 pembuangan udara tidak mengalir lancar dan kehabisannya juga tidak berfungsi tidak disediakan daftar menu dikamar ada staf wanita tidak memberikan informasi yang saat ini,BUMN,Bintang 4,GrandInnaTunjungan,negative,0.9880799651145935,Service Efficiency & Responsiveness,Service Efficiency & Responsiveness (0.99); Facilities & Amenities (0.97); Service Quality (0.96)
Don SR Muakkat,2023,2,kemarin bukber dsni bnran kecewa jumlah mknan dan tamu tidak seimbang pdhal ktax 88rb allucaneat makanan sudah habis bukan hnya mkanan tapi cari piring kirim gelas pun hbis msih nggu mau mnum teh panas pke gelas teh g adnya cm gelas biasa mgkin lain kali jumlh tamu sama mkanan bisa lbih dprhatikan,BUMN,Bintang 4,GrandInnaTunjungan,negative,0.9974397420883179,Booking & Reservation Experience,Booking & Reservation Experience (0.84); Food & Beverage (0.84); Guest Experience (0.79)
Rinus Maximus,2022,2,Saya menginap seminggu lalu 3hari saya sabar ac tidak dingin lalu saya meminta di carikan kamar yang ac nya dingin tapi resepsionis nya yang laki laki dengan entengnya jawab besok saja yah pak langsung cek keluar saya pindah ke hotel midtown,BUMN,Bintang 4,GrandInnaTunjungan,negative,0.9953382015228271,Service Quality,Service Quality (0.89); Service Efficiency & Responsiveness (0.89); Check in/out Experience (0.86)
Nur'aini Fatmawati,2023,2,kamar bau baru pengap tidak kedap suara jadi terdengar berisik tidak disediakan keset di kamar mndi,BUMN,Bintang 4,GrandInnaTunjungan,negative,0.9979516863822937,Service Quality,Service Quality (0.80); Guest Experience (0.76); Facilities & Amenities (0.72)
yanda widagdo,2023,2,sinyal wifi lemah banget tidak bisa dipakai keset kaki sendal baru disediakan setelah dminta seprai kotor di ganti setelah di minta,BUMN,Bintang 4,GrandInnaTunjungan,negative,0.9989997744560242,Service Quality,Service Quality (0.91); Facilities & Amenities (0.90); Digital Connectivity & Technology (0.88)
Jabbar A,2018,2,sarapannya standar handuknya tidak layak pakai untuk hotel bintang 4 wifi jelek nilai plusnya pelayanan ramah dan dekat dengan alun-alun tunjungan,BUMN,Bintang 4,GrandInnaTunjungan,negative,0.990222692489624,Facilities & Amenities,Facilities & Amenities (0.99); Service Quality (0.98); Staff Conduct & Hospitality (0.96)
Tom B,2020,2,Sebagian besar hotel bau busuk jika kamar Anda berlawanan dengan jalan Anda dibombardir setiap beberapa menit ketika pejalan kaki menyeberangi ditekan staf sangat ramah meskipun,BUMN,Bintang 4,GrandInnaTunjungan,negative,0.98420250415802,Staff Conduct & Hospitality,Staff Conduct & Hospitality (0.75); Service Quality (0.71); Guest Experience (0.67)
Rudy Kurnianto,2023,2,Saya cuma buku di tempat tsb menu lengkap cm tempat kurang luas mungkin banyak tamu tamu jg kebetulan buku jadi kurang leluasa,BUMN,Bintang 4,GrandInnaTunjungan,positive,0.8809217214584351,Food & Beverage,Food & Beverage (0.69); Guest Experience (0.60); Facilities & Amenities (0.53)
Justin Cowan,2021,2,nyamuk masuk kamar bau buruk tidak memiliki tempat tidur ganda meskipun tempat tidur reservasi memberi saya pekerjaan konstruksi yang bising yang cepat di sebelah hotel staf baik meskipun,BUMN,Bintang 4,GrandInnaTunjungan,negative,0.9963231086730957,Booking & Reservation Experience,Booking & Reservation Experience (0.99); Service Quality (0.96); Facilities & Amenities (0.94)
Zeref闇,2023,2,Air keruh kolam renang kotor ada kecebong wifi lemot setiap menit suruh login ulang gajelas,BUMN,Bintang 4,GrandInnaTunjungan,negative,0.9994032382965088,Service Quality,Service Quality (0.83); Digital Connectivity & Technology (0.78); Facilities & Amenities (0.77)
Akhsan (inside),2023,2,bayar parkir 5rb parkir terburuk yang pernah saya kunjungi di hotel manapun,BUMN,Bintang 4,GrandInnaTunjungan,negative,0.9973824620246887,Pricing & Value for Money,"Pricing & Value for Money (0.79); Location, Accessibility & Parking (0.63); Guest Experience (0.54)"
Billy vj,2022,2,Hotel bagus tapi AC sangat buruk tidak dingin sama sekali bahkan setelah mekanik melakukan layanan tidak akan tinggal masuk hotel ini lagi,BUMN,Bintang 4,GrandInnaTunjungan,negative,0.9990160465240479,Facilities & Amenities,Facilities & Amenities (0.88); Guest Experience (0.76); Service Quality (0.75)
Bams,2025,2,parkir hotelnya bayar aneh banget,BUMN,Bintang 4,GrandInnaTunjungan,negative,0.9992583394050598,Pricing & Value for Money,"Pricing & Value for Money (0.82); Location, Accessibility & Parking (0.81); Facilities & Amenities (0.53)"
Shark Hunter,2024,2,Setelah yang terbaik membutuhkan makeover,BUMN,Bintang 4,GrandInnaTunjungan,positive,0.7645474076271057,Sustainability & Environmental Quality,Sustainability & Environmental Quality (0.65); Facilities & Amenities (0.49); Digital Connectivity & Technology (0.48)
Munadi Munadi,2025,2,layanan yang tidak baik,BUMN,Bintang 4,GrandInnaTunjungan,negative,0.9993756413459778,Guest Experience,Guest Experience (0.75); Management & Policy Issues (0.61); Pricing & Value for Money (0.57)
hariawan bro 70,2023,2,makanannya kurang enak,BUMN,Bintang 4,GrandInnaTunjungan,negative,0.9990416169166565,Food & Beverage,Food & Beverage (0.71); Sustainability & Environmental Quality (0.69); Pricing & Value for Money (0.63)
Fabio Degani,2020,2,tidak terkesan dengan kebersihan restoran,BUMN,Bintang 4,GrandInnaTunjungan,negative,0.9981679916381836,Food & Beverage,"Food & Beverage (0.68); Guest Experience (0.28); Loyalty, Recommendation & Appreciation (0.28)"
Grace Dyah,2022,2,kebersihan perlu ditingkatkan,BUMN,Bintang 4,GrandInnaTunjungan,positive,0.985541045665741,"Cleanliness, Hygiene & Maintenance","Cleanliness, Hygiene & Maintenance (0.99); Sustainability & Environmental Quality (0.95); Service Quality (0.54)"
yani wulan,2019,2,pelayanannya jelek,BUMN,Bintang 4,GrandInnaTunjungan,negative,0.9991807341575623,Guest Experience,Guest Experience (0.83); Facilities & Amenities (0.64); Management & Policy Issues (0.60)
salwa rohmat,2019,2,kurang ramah pelayanan,BUMN,Bintang 4,GrandInnaTunjungan,negative,0.9983881711959839,Guest Experience,Guest Experience (0.75); Management & Policy Issues (0.53); Digital Connectivity & Technology (0.51)
Saiful Mahmud,2023,2,mantap,BUMN,Bintang 4,GrandInnaTunjungan,positive,0.9991816878318787,"Cleanliness, Hygiene & Maintenance","Cleanliness, Hygiene & Maintenance (0.93); Facilities & Amenities (0.89); Sustainability & Environmental Quality (0.74)"
Sofian Hadi,2018,2,bangunan lama,BUMN,Bintang 4,GrandInnaTunjungan,negative,0.7944857478141785,Facilities & Amenities,"Facilities & Amenities (0.92); Cleanliness, Hygiene & Maintenance (0.90); Sustainability & Environmental Quality (0.86)"
hanbo,2024,2,Banyak nyamuk di meja depan lantai satu jadi beberapa kali saya tersengat kualitas gambar tv buruk dan sinyal wi fi lemah,BUMN,Bintang 4,GrandInnaTunjungan,negative,0.9990863800048828,Facilities & Amenities,Facilities & Amenities (0.99); Service Quality (0.87); Check in/out Experience (0.82)
Okky Nov,2025,3,pelayanan sangat baik mulai dari satpam pelayan rumah tangga sama resepsionisnya lokasi terbaik sangat strategis mau makan tinggal jalan keluar ada tunjungan plaza terus banyak kafe2 sarapan oke banyak variasi dan lumayan enak cek masuk cepat duduk set atas untuk resepsionisnya remote ac rusak terlampir di video jdi tidak bsa di atur suhunya kamar jadi dingin mau matiin atau nurunin suhu tidak bsa otomatis harus memakai jaket terus dikamar kamar terasa kurang terawat bisa dilihat dari pintunya tidak serasa melihat di hotel bintang 4 wifi busuk saat saya lgi zoom wifi sering mati,BUMN,Bintang 4,GrandInnaTunjungan,negative,0.9786085486412048,Service Quality,Service Quality (0.98); Facilities & Amenities (0.95); Check in/out Experience (0.90)
Mas Basri,2025,3,parah hotel sekelas ini wifi kamar lemot wifi rumah rapat kuota terbatas hadew perbaiki layanan kak,BUMN,Bintang 4,GrandInnaTunjungan,negative,0.9981911778450012,Service Quality,Service Quality (0.96); Facilities & Amenities (0.94); Guest Experience (0.79)
Jeff Hendrika Wagey,2025,3,hotelnya bagus cuma suasana di luar hotel berisik beberapa anak muda tunjungan sdm rendah geber geber motor jadi berisik banget mana polisi tidak ada yang tidak kota tunjungan payahh,BUMN,Bintang 4,GrandInnaTunjungan,negative,0.9960651993751526,Facilities & Amenities,Facilities & Amenities (0.86); Guest Experience (0.74); Ambience & Design (0.67)
Dikki Pramulya,2025,3,Overalls rating 3 bintang kamar 610 positif saya tinggal untuk 4 malam kamar itu besar bersih cukup negatif mandi tidak cukup kuat lihat video saya tidak ada air panas untuk mandi hanya sedikit hangat tetapi tidak dingin layanan oke hanya biasa tidak ada lokasi khusus baik dekat tunjungan plaza dan hanya jarak berjalan kaki ke kuliner legendaris jadi Anda akan memiliki banyak pilihan untuk menjelajahi masuk pendapat saya ini bukan hotel bintang empat mungkin 3 bintang tambah hotel saya memberikan tambah hanya karena dekat dengan tunjungan plaza,BUMN,Bintang 4,GrandInnaTunjungan,negative,0.8662529587745667,Facilities & Amenities,Facilities & Amenities (0.94); Service Quality (0.87); Guest Experience (0.80)
Kurnia Darmawan,2024,3,periode menginap tgl 21 26 desember 2023 lokasi oke staf ramah sarapan biasa saja hampir setiap hari harus antri karena kekurangan tempat staf restoran kurang gesit sepertinya banyak trainee nya yang paling penting koneksi internet wifi di kamar benar benar ambyar antara ada dan tiada,BUMN,Bintang 4,GrandInnaTunjungan,positive,0.9837379455566406,Facilities & Amenities,Facilities & Amenities (0.99); Service Quality (0.98); Staff Conduct & Hospitality (0.97)
Lie Yen Budyanto,2025,3,kamar bersih kolam kotor tempat gym sama sekali tidak layak untuk hotel bintang 4 makanan juga biasa saja dari segi rasa dan macamnya,BUMN,Bintang 4,GrandInnaTunjungan,negative,0.99569171667099,Facilities & Amenities,"Facilities & Amenities (0.97); Food & Beverage (0.90); Cleanliness, Hygiene & Maintenance (0.89)"
Topik Setiabowo,2024,3,lokasi strategis kamar luas bersih kecuali di belakang tirai kaca agak kotor sayang kolam renang tidak terawat kebersihannya tinggal bersama anak pengen renang tapi ko disi udara sangat kotor akhirnya tidak jadi anak menangis kecewa,BUMN,Bintang 4,GrandInnaTunjungan,negative,0.9920408129692078,Facilities & Amenities,"Facilities & Amenities (0.98); Cleanliness, Hygiene & Maintenance (0.88); Service Quality (0.83)"
Dea Ayesha Widyaswari,2023,3,hotel tua dengan posisi strategis dekat gedung negara grahadi mudah dijangkau oleh mode transportasi apapun dekat jg dengan stasiun pasar turi ukuran kamar standar layanan oke makanan standar tapi kendala cukup banyak bagi saya 1 ac kamar bermasalah tidak bisa dingin bahkan setelah diperbaiki masih tetap panas 2 sandal kamar harus minta dulu ke resepsionis 3 perlengkapan mandi minimal 4 tidak ada mug besar untuk minum teh hanya ada cangkir kecil 5 tempat tidur terasa kurang bersih 6 saluran hiburan tv terbatas 7 tidak ada setrika di lemari 8 tidak ada sajadah 9 tidak ada rak ambalan untuk meletakkan alat mandi bentuk dokter mandi 10 toilet bid,BUMN,Bintang 4,GrandInnaTunjungan,negative,0.7328956723213196,Facilities & Amenities,Facilities & Amenities (0.99); Service Quality (0.94); Food & Beverage (0.87)
Alifia Azzah,2024,3,Barusan banget cek keluar menurut saya kurang oke dari segi pelayanan restoran ketika sarapan contoh 1 saya harus membersihkan piring alat makan sendiri 2 makanan yang kosong tidak segera di isi ulang 3 pelayan tidak ada inisiatif untuk membersihkan ke setiap meja saya lihat berlaku untuk semua tamu,BUMN,Bintang 4,GrandInnaTunjungan,negative,0.9982584118843079,Service Quality,"Service Quality (0.95); Check in/out Experience (0.93); Cleanliness, Hygiene & Maintenance (0.89)"
Liliek Marhaendro,2024,3,hotel lama tapi masih terawat baik tempatnya sangat strategis dekat pusat keramaian di surabaya tunjungan yang kalau malam hari banyak toko bermunculan di sepanjang jalannya pejalan kaki jalanan disekitarnya juga bagus sekali sehingga nyaman untuk jalan kaki diarea tsb,BUMN,Bintang 4,GrandInnaTunjungan,positive,0.9992172718048096,"Cleanliness, Hygiene & Maintenance","Cleanliness, Hygiene & Maintenance (0.94); Facilities & Amenities (0.92); Service Quality (0.84)"
Christian Jaya,2022,3,Salah satu hotel jadul yang ada di tengah kota surabaya ukuran parkir cukup luas untuk hotel bintang 3 kamarnya juga cukup luas layak cuman sayang ac nya panas wifi juga lambat sering terputus sendiri sehingga memperlambat pekerjaan pengering rambut tidak berfungsi,BUMN,Bintang 4,GrandInnaTunjungan,positive,0.7845651507377625,"Location, Accessibility & Parking","Location, Accessibility & Parking (0.93); Facilities & Amenities (0.85); Digital Connectivity & Technology (0.68)"
dharma 2534,2025,3,Saat ini lagi ada bukuber sama keluarga secara makanan haruse enak ya ini termasuk hotel legenda di surabaya cuma kurang e banyak misal kemarin saat makan nasi kebuli lauknya habis duluan ayam terus ada gula kacang ijo dan roti maryam benar benar gula kacang ijo tidak ada suiran daging kambingnya pyur kacang ijo beraroma gula penambahan yang terbanyak dari unsur nasi nya lauknya tidak nongol karena adanya yang banyak tahu bacem ya jadi e makan kemarin kebuli dan tahu bacem serta nasi nasgor ikan asin dan tahu bacem,BUMN,Bintang 4,GrandInnaTunjungan,positive,0.9972203969955444,Cultural & Heritage Experience,Cultural & Heritage Experience (0.68); Food & Beverage (0.63); Service Quality (0.60)
Handojo Koestoro,2022,3,hotel bintang empat yang ternyata hotel sejak jaman dahulu waktu masuk lobi kami disambut aroma bangunan jaman dahulu angkat kapasitas 5 orang berdesakan untuk kami yang memang sekeluarga jika orang tidak sekeluarga muat 2 orang pada masa pandemi seperti sekarang ac dalam kamar tidak terlalu dingin tapi cukup agar tidak berkeringat pagi setelah bangun tidur kami buka korden dan beberapa teknisi berlalu lalang depan jendela kami foto terlampir sepertinya hotel ini 6 atau 7 tingkat jadi waktu pesan kamar di lantai yang tinggi kami diberi lantai 3 tentu 3 adalah cukup tinggi untuk 6 lantai tidak salah juga tv di kamar saya tidak bermasalah tapi anak di kamar saya,BUMN,Bintang 4,GrandInnaTunjungan,positive,0.6099910736083984,Booking & Reservation Experience,Booking & Reservation Experience (0.89); Ambience & Design (0.87); Facilities & Amenities (0.84)
Putri Ayoe,2024,3,Berkunjung kesini untuk acara buku berjamaah dengan teman2 kantor rasa makanan cukup enak walau pun pun tidak terlalu banyak pilihan menuunya tapi untuk pengisian makan minuman yang habis agak lama jadi harus sabar lobi musholah luas cukup nyaman tapi untuk restonya agak sempit,BUMN,Bintang 4,GrandInnaTunjungan,positive,0.9964953064918518,Facilities & Amenities,Facilities & Amenities (0.94); Service Quality (0.92); Guest Experience (0.87)
denny yuen,2021,3,tempat parkir di luar dan dikenakan biaya Rp 30 kebetulan saya menggunakan motor cek masuk cukup cepat kurang dari 5 menit dan tanpa deposit staf nya sangat ramah sampai mengantarkan saya ke kamar kamarnya luas dan wangi kolam renangnya lumayan dengan kedalaman 1 3 meter sarapannya cukup banyak variasi makanan dan minuman,BUMN,Bintang 4,GrandInnaTunjungan,positive,0.999434769153595,Facilities & Amenities,Facilities & Amenities (0.99); Service Efficiency & Responsiveness (0.98); Staff Conduct & Hospitality (0.98)
ardi bahru,2022,3,sabtu minggu 3 4 april 2021 lokasi strategis di tengah kota parkir lumayan luas tapi untuk parkir motor kurang diperhatikan soal tempat parkir baru yang khusus motor tidak luas dan kurang rapi atau memang mungkin masih dalam proses pembangunan hotel lumayan luas dan bersih harga bisa dikatakan murah dan ada minuman dan lemari es di kamar tapi sayang kamar yang saya bisa eksausfan ny tidak jalan ac kurang dingin 11 12 april 2021 kesini untuk kali kedua dengan mencoba kamar superior fasilitas sama dengan yang biasa hanya saja kamar dengan model ada bak buat berendam tapi menurut saya rekomendasi besar yang kamar yang biasa dari pada yang ini,BUMN,Bintang 4,GrandInnaTunjungan,negative,0.9447683691978455,Pricing & Value for Money,"Pricing & Value for Money (0.96); Location, Accessibility & Parking (0.88); Facilities & Amenities (0.85)"
Lydia Sari,2023,3,Proses cek masuk dan cek keluar cepat tidak ada deposit area parkir cukup dengan banyaknya tamu yang menginap saat itu parkir hanya ada di luar saja kondisi lift sepertinya membutuhkan perbaikan atau peremajaan karena saat ini digunakan ada suara yang ditimbulkan dari komponen di dalamnya area lobi dan resto cukup nyaman area kolam renang cukup tetapi tidak ada kolam untuk anak karena paling pendek kedalaman 1 meter menyusul 2 dan 3 meter disediakan beberapa papan luncur jaket pelampung yang kondisi sudah jadul tapi cukup membantu jika melihat bawa anak ya masuk kamar 415 cukup luas di kelasnya ac cukup dingin meskipun agak lama televisi kurang jernih teko udara berfungsi normal,BUMN,Bintang 4,GrandInnaTunjungan,positive,0.993415117263794,Facilities & Amenities,"Facilities & Amenities (0.91); Check in/out Experience (0.85); Location, Accessibility & Parking (0.84)"
Shalsabilla amelia putri,2024,3,Gabisa pagi cek masuk walaupun kurang sejam saja pdhl hotel lain tanya kamarnya luas sih tapi kasurnya aga kotor 2 hari ini dari hari pertama nanyain wifi katanya lg perbaikan sampai hari ke2 pun ttp gabisa dipakai,BUMN,Bintang 4,GrandInnaTunjungan,negative,0.9989399313926697,Service Quality,Service Quality (0.81); Digital Connectivity & Technology (0.71); Check in/out Experience (0.65)
Mitra,2020,3,lokasi strategis sangat kemana mana dekat dengan tempat makan dan mall tunjungan plaza nuansa interior lobby cukup bagus dan bersih mulai bangun kamarnya walaupun bergaya zaman dulu ac central dengan tombol tombol zaman belanda dari kamar saya bisa membuka jendela dan melihat langsung ke jalan raya sarapan banyak pilihan makanan dan rasanya menurut saya juara tapi sangat malang resepsionis wanita yang sudah agak tua sekitar usia 27an kurang ramah menyambut saya saat tiba di meja cek masuk tolong itu resepsionisnya ditegur jangan merasa cantik kalau jadi perempuan di mall tunjungan plaza jauh yang lebih cantik,BUMN,Bintang 4,GrandInnaTunjungan,positive,0.9750381112098694,Service Quality,Service Quality (0.83); Check in/out Experience (0.82); Guest Experience (0.80)
Tishlahatul Ulya,2025,3,kebetulan dapat kamar yang view nya lumayan bagus lokasi sangat strategis,BUMN,Bintang 4,GrandInnaTunjungan,positive,0.9993376135826111,Room Quality & Comfort,Room Quality & Comfort (0.94); Facilities & Amenities (0.90); Guest Experience (0.88)
Jimmy Mandagi,2023,3,kamar tampak model baru namun terasa tua hidangan sarapan komplit dan enak kecuali potongan buah tidak rapi bellboy lambat bertindak untuk mengambil trolli,BUMN,Bintang 4,GrandInnaTunjungan,positive,0.5323987007141113,Facilities & Amenities,Facilities & Amenities (0.99); Food & Beverage (0.99); Ambience & Design (0.97)
Hilda T,2025,3,Hotel tua yang baru saja direnovasi tidak ada satu pun staf di sekitar ketika kami berada di sana tidak menghabiskan malam,BUMN,Bintang 4,GrandInnaTunjungan,negative,0.9944562911987305,Service Quality,Service Quality (0.65); Facilities & Amenities (0.62); Sustainability & Environmental Quality (0.48)
Harry Ramadhani,2023,3,Saya di angkringan cafe tidak masuk hotelnya d agak susah bisa meja klo malam minggu saat pula dengan rangkaian acara hut sub jalan yaa ini angkringan harga cafe d agak overpay nasi gorengnya juga asin banged ke gigit garam tadi,BUMN,Bintang 4,GrandInnaTunjungan,positive,0.9987603425979614,Food & Beverage,Food & Beverage (0.90); Pricing & Value for Money (0.76); Facilities & Amenities (0.67)
Rohma Handayani,2022,3,Saya memesan Tgl 1 2 April knp pintu msk loby g ada yang jaga ya jadi saya hrs buka pintu sdri belum lg bw bawaan byk jadi ribet hrs nurunin tetengan dulu g ada ucapan slmt datang ato gitu kamar bagus dengan pemandangan luar cuma kamar kykx jam diganti deh karna dah kerasa springx trus sprei jg jam diganti karna warnax dah g putih lg tempatx bersih toilet bersih tangan jg g layak pakai sama kyk kesetx untuk sandal knp cuma 1 pdhl saya pesan untuk 2 org shampoo jg cuma 1 org tisu ruangan emang,BUMN,Bintang 4,GrandInnaTunjungan,negative,0.9865471124649048,Facilities & Amenities,"Facilities & Amenities (0.89); Booking & Reservation Experience (0.86); Cleanliness, Hygiene & Maintenance (0.85)"
Winny Zhang,2022,3,Saya ulas dari awal masuk ya menginap 31 mei 01 juni 21 oleh agoda bayar di hotel 282k tanpa bf kamar 214 lobi luas pelayanan kamar ramah luas pengering rambut kulkas mini teko listrik gelas total ada 4 cermin full body meja rias kursi rias dan sofa tunggal masing2 ada 2 angkat sempit 2 toilet orang lumayan sempit gelas sikat gigi cm 1 komplimen tidak ada mandi cap l dan alat anak lain sikat gigi 2 dan sabun 2 bj yang batang yang cair 1 botol sandal cm 1 pasang tisu cm roll yang di toilet kayu lantai berdenyit dan anjlok2 suara orang,BUMN,Bintang 4,GrandInnaTunjungan,positive,0.9828330874443054,Facilities & Amenities,Facilities & Amenities (0.99); Pricing & Value for Money (0.85); Service Quality (0.83)
edhy wiyonoo,2022,3,Hotelnya bagus bersih tapi di kamar kalau malem kok banyak nyamuknya ya hehehhe pilihan makan lumayan banyak rasa 8 10 pelayanan pegawai bagus dan ramah,BUMN,Bintang 4,GrandInnaTunjungan,positive,0.9978984594345093,"Cleanliness, Hygiene & Maintenance","Cleanliness, Hygiene & Maintenance (0.98); Staff Conduct & Hospitality (0.98); Service Quality (0.98)"
Deisi Lomban,2020,3,Hotel dekat mal tunjungan plaza delta plaza es krim zangrandi jalan kaki hanya 5 10 menit sarapan enak tapi pelayanan petugas resto perlu ditingkatkan kurang cepat membersihkan padahal banyak tamu antri sarapan jumlah meja resto kurang memadai,BUMN,Bintang 4,GrandInnaTunjungan,negative,0.7542073726654053,Facilities & Amenities,Facilities & Amenities (0.97); Service Quality (0.97); Guest Experience (0.96)
sisilia deka,2019,3,hotel lumayan nyaman hanya ruang rapatnya sudah kuno ac nya berisik dan mengganggu saat rapat berlangsung sarapan variatif dengan rasa yang tidak terlalu istimewa staf ramah,BUMN,Bintang 4,GrandInnaTunjungan,positive,0.9919718503952026,Facilities & Amenities,Facilities & Amenities (0.98); Staff Conduct & Hospitality (0.78); Guest Experience (0.72)
Budi Heriyanto,2024,3,secara keseluruhan oke proses cek masuk makanan layanan lokasi hanya wifi dalam kamar koneksi tidak stabil putus nyambung sehingga menghambat dalam pekerjaan yang membutuhkan koneksi stabil,BUMN,Bintang 4,GrandInnaTunjungan,negative,0.528217613697052,Food & Beverage,Food & Beverage (0.91); Facilities & Amenities (0.91); Service Quality (0.90)
BUDI TOUR PLANER GUIDE,2019,3,hotel lama yang msh ada tapi lokasinya strategis di pusat kota surabaya seberang nya ada tunjungan plaza dekat ke balai kota surabaya ke jl tunjungan deket ke pusat kuliner kedungdoro dan rawom setan jl embong malang tinggal jalan kaki smpi di pusat tujuan di atas,BUMN,Bintang 4,GrandInnaTunjungan,positive,0.9992639422416687,Facilities & Amenities,"Facilities & Amenities (0.92); Cultural & Heritage Experience (0.83); Location, Accessibility & Parking (0.72)"
Warto Mertadinala,2018,3,akhir Desember 2017 saya dan klga untuk prtamaxnya menginap di Grand Inna Hotel Sby 2 km 205 dan 207 kesan yang kami rasakan lokasi pertama sngat strategis karena brda di tengah2 kota terlebih deket ke mall tunjungan plaza tnggal jl kki lobinya sangat luas staf hotel ramah kebersihan oke menu mknan cukup yang ke 2 ini kekurangannya ranjangnya 205 single bed sudah reyot bl ditidurin sangat berbunyi mungkin sudah lama hrsnya sudah di ganti dengan yang baru jadi tidak nyaman bak sampah cm ada 1 di km sj dan sndal h,BUMN,Bintang 4,GrandInnaTunjungan,positive,0.9340513944625854,Facilities & Amenities,Facilities & Amenities (0.98); Staff Conduct & Hospitality (0.97); Service Quality (0.96)
Dina,2022,3,Saya memesan 3 3 kamar dengan pintu koneksi saat tiba mereka mengatakan kepada kami bahwa mereka sepenuhnya dipesan juga mereka memberi kami divided bed tapi ini adalah masalah kecil oh baik itu cukup penawaran mengingat mereka menawarkan Anda harga yang cukup terjangkau,BUMN,Bintang 4,GrandInnaTunjungan,negative,0.8283187747001648,Pricing & Value for Money,Pricing & Value for Money (0.99); Booking & Reservation Experience (0.96); Facilities & Amenities (0.95)
Pungky Purnamasari,2020,3,tempatnya sih nyaman berakfastnyapun lumayan ada khas masakan jawa yang mantap dessertnya jenang enak tapi sayangnya waktu aku cek masuk bisa kamar yang bekas orang bersih sih bersih tapi seperti sprei sama air mineral dan tehnya bekas orang lain belum di bersihkan diganti baru kamar mandi sudah bersih sabun dll cs baru juga ruamah banget cuman perlu di teliti lagi sebelum ada pelanggan cek masuk apakah kamar sudah sesuai standar hotel mungkin terburu2 menata nya dan memang saat itu kita resvasi lagi penuh untuk acara kami,BUMN,Bintang 4,GrandInnaTunjungan,positive,0.6992269158363342,Facilities & Amenities,"Facilities & Amenities (0.87); Cleanliness, Hygiene & Maintenance (0.85); Service Quality (0.74)"
ardiantiani pursitawati,2019,3,di lantai 5 tanganku sudah melepas keluar benang2nya furnitur kurang terawat mandi sdg berkarat karpet sudah banyak lebih panjang2 kalau di lantai 6 sudah bagus,BUMN,Bintang 4,GrandInnaTunjungan,negative,0.890876293182373,Service Quality,Service Quality (0.56); Facilities & Amenities (0.54); Sustainability & Environmental Quality (0.44)
Afis Herman Reza Devara,2025,3,Aku bahkan tidak bisa menangani 240w laptop adaptor daya tetap mati juga handuknya begitu tua perlu diganti untuk jujur,BUMN,Bintang 4,GrandInnaTunjungan,negative,0.9982390403747559,Facilities & Amenities,Facilities & Amenities (0.96); Digital Connectivity & Technology (0.82); Management & Policy Issues (0.73)
an dara,2017,3,Kasur nya enak sih empuk tapi makanan nya tidak enak mulai dari pesan spaghetti ke room service rasanya asininnya kelebihan saat sarapan juga bubur ayam kaldunya parah asin banget terus bubur sumsum nya abis tidak di isi banyak banget yang abis padahal saat saya makan baru jam 7an,BUMN,Bintang 4,GrandInnaTunjungan,negative,0.9640858173370361,Facilities & Amenities,Facilities & Amenities (0.73); Booking & Reservation Experience (0.71); Food & Beverage (0.67)
CKBKR,2022,3,dulu pernah menjadi hotel unggulan di jermananya sekarang tidak merasa bintang 4 nya semoga nenek inna tunjungan segera melakukan peremajaan terkait fasilitasnya,BUMN,Bintang 4,GrandInnaTunjungan,positive,0.9886198043823242,Facilities & Amenities,Facilities & Amenities (0.86); Service Quality (0.71); Sustainability & Environmental Quality (0.68)
Angga Purbo,2020,3,Saya minta maaf untuk mengatakan tapi saya harus mengatakan akses ke hotel ini sangat buruk terutama datang ke tempat ini pada malam hari tidak ada cukup lampu di depan dan tidak ada arah untuk masuk dan keluar dari jalan seperti membuang-buang waktu untuk datang ke sini ini adalah satu jalan jadi Anda harus berbalik jika Anda melewati enterance kecil tanpa tanda hanya orang-orang yang telah datang ke tempat ini di mana pintu masuk saya percaya jika Anda pertama kali mencari hotel ini Anda akan melewati pintu masuk terima kasih,BUMN,Bintang 4,GrandInnaTunjungan,negative,0.988050639629364,"Location, Accessibility & Parking","Location, Accessibility & Parking (0.96); Guest Experience (0.69); Check in/out Experience (0.57)"
Pipit Meme,2022,3,Pelayanan kurang makanan baik sih enak tapi porsi yang disediakan tidak cukup dengan orang yang makan disana sehingga ingin menambah selalu habis bahkan tamu yang akan makan disana lihat menu sudah habis tidak jadi makan disana ini bisa sayang,BUMN,Bintang 4,GrandInnaTunjungan,negative,0.9682894349098206,Guest Experience,Guest Experience (0.95); Facilities & Amenities (0.90); Service Quality (0.86)
Rudy papanya ARDI,2017,3,kamarnya luas bersih tapi bangunanya tua udara agak lembab parkir luas pagi dan malam banyak rombong jual makanan mumer di jalan kecil disekitar hotel,BUMN,Bintang 4,GrandInnaTunjungan,positive,0.991300642490387,"Location, Accessibility & Parking","Location, Accessibility & Parking (0.97); Cleanliness, Hygiene & Maintenance (0.95); Facilities & Amenities (0.94)"
Rheino Indrayasmana,2018,3,Hotel adalah besar masuk era kemudian banyak detail hilang dari ini 4 bintang hotel deposit adalah uang tunai hanya uang tunai biasa hanya tidak ada kotak deposit masuk sisi kamar tetapi senang untuk onow kamar itu luas dan cukup bersih kolam renang sangat kosong tidak ada handuk staf tidak ada yang peduli untuk menjaga kolam renang area dan tolong menjaga toilet umum Anda baik seperti kesenjangan miskin dan kaya dibandingkan dengan lobby area dengan harga dari sebagian besar ota i lebih suka menambahkan nilai lain untuk mendapatkan hotel 4 bintang yang lebih baik vaya con dios,BUMN,Bintang 4,GrandInnaTunjungan,negative,0.770575761795044,Facilities & Amenities,"Facilities & Amenities (0.98); Cleanliness, Hygiene & Maintenance (0.98); Pricing & Value for Money (0.98)"
valya ika,2025,3,Semua baik-baik saja tapi ruangan kurang kedap suara masih terdengar suara motor dari jalan raya,BUMN,Bintang 4,GrandInnaTunjungan,negative,0.9578475952148438,"Cleanliness, Hygiene & Maintenance","Cleanliness, Hygiene & Maintenance (0.84); Service Quality (0.84); Facilities & Amenities (0.77)"
Barbar Gamer,2022,3,baru kali ini ketemu hotel ditarik parkir bukan karena uangnya sih cuma enggak nyaman saja bukan malah melayani tamu ditanya kenapa alasannya ada saja begitu aneh,BUMN,Bintang 4,GrandInnaTunjungan,negative,0.9990708827972412,Pricing & Value for Money,"Pricing & Value for Money (0.67); Location, Accessibility & Parking (0.54); Guest Experience (0.45)"
aufa yuvela,2022,3,kurang mengenakkan dari yang terjadi dapat kamar lt 2 bekas rokok dan lumayan terganggu dengan suara dari speaker lampu merah,BUMN,Bintang 4,GrandInnaTunjungan,negative,0.9959670305252075,Facilities & Amenities,Facilities & Amenities (0.80); Guest Experience (0.66); Religious & Halal Features (0.59)
Erza 0805,2022,3,Breakfestnya kurang enak ikan dori ditepung tapi g ada ikannya semua disajikan dingin mohon diperhatikan,BUMN,Bintang 4,GrandInnaTunjungan,negative,0.5609361529350281,Guest Experience,Guest Experience (0.94); Food & Beverage (0.89); Service Quality (0.87)
Rhiyan Setiawan,2018,3,Hotel ini bagus rapi dan bersih sarapan baik dengan beberapa menu yang baik sayangnya untuk hotel bintang hotel ini tidak menyediakan wifi sama sekali terlalu buruk,BUMN,Bintang 4,GrandInnaTunjungan,negative,0.9644248485565186,"Cleanliness, Hygiene & Maintenance","Cleanliness, Hygiene & Maintenance (1.00); Facilities & Amenities (0.99); Service Quality (0.98)"
Faried Rasyidy Ilyas,2017,3,lokasi strategis ada d tengah kota tapi sayang untuk kebersihan km nya msh kurang untuk sekelas hotel inna simpang,BUMN,Bintang 4,GrandInnaTunjungan,positive,0.9840077757835388,Sustainability & Environmental Quality,"Sustainability & Environmental Quality (0.65); Location, Accessibility & Parking (0.51); Religious & Halal Features (0.50)"
M Subhan Fauzi,2025,3,Parkir penuh orang 03 Agustus 2024 Jaminan malam tidak begitu profesional mereka hanya meminta untuk pergi keluar dengan mobil saya,BUMN,Bintang 4,GrandInnaTunjungan,negative,0.9973662495613098,Facilities & Amenities,"Facilities & Amenities (0.90); Location, Accessibility & Parking (0.89); Safety & Security (0.71)"
Argya P. Budihandojo,2018,3,Hotel ikonik yang terletak masuk pusat kota dekat dengan banyak lokasi ikonik seperti Grahadi dan monumen kapal selam juga dekat dengan pusat perbelanjaan seperti Tunjungan Plaza atau Surabaya Plaza terlihat sedikit usang dari luar,BUMN,Bintang 4,GrandInnaTunjungan,positive,0.5632458329200745,Cultural & Heritage Experience,Cultural & Heritage Experience (0.73); Sustainability & Environmental Quality (0.71); Facilities & Amenities (0.71)
ria ria,2022,3,Tidak ada skrining peduli lindungi atau antigen tidak ada sandal kamar makanan prasmanan ambil sendiri,BUMN,Bintang 4,GrandInnaTunjungan,positive,0.5186241269111633,Food & Beverage,Food & Beverage (0.97); Facilities & Amenities (0.93); Service Efficiency & Responsiveness (0.93)
--,2019,3,bak mandi tidak ada sumatnya jadi tidak bisa di pakai wastafel tidak bisa dibuka sumatnya tapi lokasi di tengah kota jadi dekat ke mana2,BUMN,Bintang 4,GrandInnaTunjungan,positive,0.9655697345733643,Facilities & Amenities,"Facilities & Amenities (0.94); Location, Accessibility & Parking (0.83); Sustainability & Environmental Quality (0.63)"
Nuniek kusuma,2019,3,lumayan bersih dan rapi tapi banyak nyamuk berisik karena suara bising dari jalan raya jadi tidak bisa tidur,BUMN,Bintang 4,GrandInnaTunjungan,negative,0.9893088340759277,"Cleanliness, Hygiene & Maintenance","Cleanliness, Hygiene & Maintenance (0.95); Service Quality (0.90); Facilities & Amenities (0.85)"
Mustakim temah,2020,3,hotel yang bagus jg disby parkir luas jg ada masjidnya dekat mall tunjungan dekat rmh dinas gubernur jatim,BUMN,Bintang 4,GrandInnaTunjungan,positive,0.9993009567260742,Facilities & Amenities,"Facilities & Amenities (0.99); Location, Accessibility & Parking (0.97); Service Efficiency & Responsiveness (0.80)"
Reyza,2022,3,udara hangatnya tidak terlalu hangat lantainya sering mencicit ac nya tidak terlalu dingin,BUMN,Bintang 4,GrandInnaTunjungan,negative,0.9947353005409241,Sustainability & Environmental Quality,"Sustainability & Environmental Quality (0.68); Facilities & Amenities (0.68); Loyalty, Recommendation & Appreciation (0.65)"
Chrishnawati,2023,3,Lebih detail untuk cleanlines mungkin hotel tidak siap untuk musim tinggi waktu beberapa bagian hotel perlu untuk mempertahankan,BUMN,Bintang 4,GrandInnaTunjungan,negative,0.8661706447601318,"Cleanliness, Hygiene & Maintenance","Cleanliness, Hygiene & Maintenance (0.87); Booking & Reservation Experience (0.39); Facilities & Amenities (0.30)"
brianika irawati,2019,3,hotel yang nyaman pelayanan ramah dekat dengan pusat perbelanjaan tempat parkir juga oke,BUMN,Bintang 4,GrandInnaTunjungan,positive,0.9993966817855835,Service Quality,"Service Quality (0.99); Location, Accessibility & Parking (0.99); Facilities & Amenities (0.99)"
Eko Hendra Wijaya (EHW),2017,3,lumayan untuk hotel yang dkt pusat kota hotel gaya klasik atau emg sudah hotel lawas ya,BUMN,Bintang 4,GrandInnaTunjungan,positive,0.9888920187950134,Facilities & Amenities,Facilities & Amenities (0.73); Ambience & Design (0.66); Cultural & Heritage Experience (0.63)
Siti Hajar Aisyah,2022,3,kurang puas karena di kamar tidak ada disediakan tisu hanya di toilet saja yang ada tisunya,BUMN,Bintang 4,GrandInnaTunjungan,negative,0.9960857629776001,Guest Experience,Guest Experience (0.68); Facilities & Amenities (0.63); Service Quality (0.55)
Darius Alexander Go Reinnamah,2020,3,Hotel lama tapi barang-barang bagus tapi aku pikir lift terlalu kecil tentang kamar itu xoxo,BUMN,Bintang 4,GrandInnaTunjungan,negative,0.9866992235183716,Facilities & Amenities,Facilities & Amenities (0.99); Guest Experience (0.86); Service Quality (0.82)
Chandra Yusab,2018,3,sarapan bervariasi pagi dan enak stafnya ramah pelayanan baik tapi hotel sudah kuno,BUMN,Bintang 4,GrandInnaTunjungan,positive,0.9459042549133301,Food & Beverage,Food & Beverage (0.98); Service Quality (0.96); Staff Conduct & Hospitality (0.95)
Rendy D Sugiharto,2020,3,Tidak buruk tapi masih masuk perbaikan sarapan kurang variasi air panas kurang panas,BUMN,Bintang 4,GrandInnaTunjungan,positive,0.8395571112632751,Facilities & Amenities,Facilities & Amenities (0.92); Sustainability & Environmental Quality (0.87); Food & Beverage (0.82)
renggo wigati,2020,3,tempat bagus bersih nyaman syang petugas kurang ramah mecucu ae kurang senyum,BUMN,Bintang 4,GrandInnaTunjungan,negative,0.9879619479179382,Facilities & Amenities,"Facilities & Amenities (0.98); Room Quality & Comfort (0.97); Cleanliness, Hygiene & Maintenance (0.94)"
Eva Soentoro,2023,3,bangunan lama ruang makan sesak rame pelayanan jadi tidak maksimal,BUMN,Bintang 4,GrandInnaTunjungan,negative,0.9987899661064148,Food & Beverage,Food & Beverage (0.95); Guest Experience (0.91); Facilities & Amenities (0.90)
The Jaifoo,2019,3,Lokasi bagus hotelnya tidak mahal hanya karena agak tua,BUMN,Bintang 4,GrandInnaTunjungan,positive,0.9973464012145996,Pricing & Value for Money,Pricing & Value for Money (0.88); Sustainability & Environmental Quality (0.78); Facilities & Amenities (0.65)
Deddy Enjam,2017,3,hotel lama cukup besar harga terjangkau menu yang berbeda untuk sarapan,BUMN,Bintang 4,GrandInnaTunjungan,positive,0.998108983039856,Pricing & Value for Money,Pricing & Value for Money (0.93); Facilities & Amenities (0.84); Food & Beverage (0.80)
wily satria,2019,3,nuansanya jowo akses masuk menuju lokasi nya yang kurang cepat akrab,BUMN,Bintang 4,GrandInnaTunjungan,positive,0.9154013395309448,Facilities & Amenities,"Facilities & Amenities (0.84); Location, Accessibility & Parking (0.70); Religious & Halal Features (0.63)"
Ir. Ridwan,2020,3,petunjuk rambu dari arah simpang yang agak kacau sehingga masuknya jam muter,BUMN,Bintang 4,GrandInnaTunjungan,negative,0.9522777199745178,Safety & Security,"Safety & Security (0.46); Location, Accessibility & Parking (0.27); Loyalty, Recommendation & Appreciation (0.24)"
Isna Aru,2023,3,Hotel lama yang berusaha untuk bertahan hidup,BUMN,Bintang 4,GrandInnaTunjungan,negative,0.8995839953422546,Facilities & Amenities,"Facilities & Amenities (0.89); Sustainability & Environmental Quality (0.84); Cleanliness, Hygiene & Maintenance (0.83)"
Yudi Suroso,2018,3,tempat nyaman posisi tengah kota akses lalin mudah,BUMN,Bintang 4,GrandInnaTunjungan,positive,0.999346911907196,Facilities & Amenities,Facilities & Amenities (0.98); Room Quality & Comfort (0.96); Service Efficiency & Responsiveness (0.81)
Trisnaulan Arisanti,2017,3,kamar luas lokasi strategis ke tapi tinggal jalan kaki,BUMN,Bintang 4,GrandInnaTunjungan,positive,0.9878355860710144,Facilities & Amenities,"Facilities & Amenities (0.93); Guest Experience (0.89); Location, Accessibility & Parking (0.78)"
Ade Ahadiat,2017,3,lokasi bagus suasana kamar lumayan nyaman,BUMN,Bintang 4,GrandInnaTunjungan,positive,0.9993836879730225,Room Quality & Comfort,Room Quality & Comfort (0.98); Facilities & Amenities (0.96); Guest Experience (0.90)
Fun Play,2025,3,strategis sayang agak kurang terawat,BUMN,Bintang 4,GrandInnaTunjungan,negative,0.8600040078163147,Sustainability & Environmental Quality,Sustainability & Environmental Quality (0.56); Management & Policy Issues (0.46); Facilities & Amenities (0.34)
Dudianto,2018,3,suara masuk kamar tidur datang dari luar bangunan miskin jendela kaca segel untuk mengurangi suara,BUMN,Bintang 4,GrandInnaTunjungan,negative,0.6956388354301453,Facilities & Amenities,Facilities & Amenities (0.70); Sustainability & Environmental Quality (0.55); Safety & Security (0.52)
Ery Toyib Marjuki,2020,3,Angkatnya berisik baru mau kwik kwik jadi ilfil huuf,BUMN,Bintang 4,GrandInnaTunjungan,negative,0.9993571639060974,Guest Experience,Guest Experience (0.68); Pricing & Value for Money (0.65); Check in/out Experience (0.51)
